item;Label;GATModel;GENModel;GINEModel
Data(x=[23, 7], edge_index=[2, 23], y=49.0, edge_attr=[23, 6], custom_label=1.0, min_label=0, max_label=49, instance_name='p01.txt');1.0;0.730883002281189;0.7163882255554199;0.22874903678894043
Data(x=[23, 7], edge_index=[2, 23], y=48.0, edge_attr=[23, 6], custom_label=0.97959185, min_label=0, max_label=49, instance_name='p01.txt');0.9795918464660645;0.730883002281189;0.7163882255554199;0.22874903678894043
Data(x=[23, 7], edge_index=[2, 23], y=47.0, edge_attr=[23, 6], custom_label=0.9591837, min_label=0, max_label=49, instance_name='p01.txt');0.9591836929321289;0.730883002281189;0.7163882255554199;0.22874903678894043
Data(x=[23, 7], edge_index=[2, 23], y=46.0, edge_attr=[23, 6], custom_label=0.93877554, min_label=0, max_label=49, instance_name='p01.txt');0.9387755393981934;0.730883002281189;0.7163882255554199;0.22874903678894043
Data(x=[23, 7], edge_index=[2, 23], y=45.0, edge_attr=[23, 6], custom_label=0.9183673, min_label=0, max_label=49, instance_name='p01.txt');0.918367326259613;0.730883002281189;0.7163882255554199;0.22874903678894043
Data(x=[23, 7], edge_index=[2, 23], y=44.0, edge_attr=[23, 6], custom_label=0.8979592, min_label=0, max_label=49, instance_name='p01.txt');0.8979591727256775;0.730883002281189;0.7163882255554199;0.22874903678894043
Data(x=[23, 7], edge_index=[2, 23], y=43.0, edge_attr=[23, 6], custom_label=0.877551, min_label=0, max_label=49, instance_name='p01.txt');0.8775510191917419;0.730883002281189;0.7163882255554199;0.22874903678894043
Data(x=[23, 7], edge_index=[2, 23], y=42.0, edge_attr=[23, 6], custom_label=0.85714287, min_label=0, max_label=49, instance_name='p01.txt');0.8571428656578064;0.730883002281189;0.7163882255554199;0.22874903678894043
Data(x=[23, 7], edge_index=[2, 23], y=41.0, edge_attr=[23, 6], custom_label=0.8367347, min_label=0, max_label=49, instance_name='p01.txt');0.8367347121238708;0.730883002281189;0.7163882255554199;0.22874903678894043
Data(x=[23, 7], edge_index=[2, 23], y=40.0, edge_attr=[23, 6], custom_label=0.81632656, min_label=0, max_label=49, instance_name='p01.txt');0.8163265585899353;0.730883002281189;0.7163882255554199;0.22874903678894043
Data(x=[23, 7], edge_index=[2, 23], y=39.0, edge_attr=[23, 6], custom_label=0.79591835, min_label=0, max_label=49, instance_name='p01.txt');0.795918345451355;0.730883002281189;0.7163882255554199;0.22874903678894043
Data(x=[23, 7], edge_index=[2, 23], y=38.0, edge_attr=[23, 6], custom_label=0.7755102, min_label=0, max_label=49, instance_name='p01.txt');0.7755101919174194;0.730883002281189;0.7163882255554199;0.22874903678894043
Data(x=[23, 7], edge_index=[2, 23], y=37.0, edge_attr=[23, 6], custom_label=0.75510204, min_label=0, max_label=49, instance_name='p01.txt');0.7551020383834839;0.730883002281189;0.7163882255554199;0.22874903678894043
Data(x=[23, 7], edge_index=[2, 23], y=36.0, edge_attr=[23, 6], custom_label=0.7346939, min_label=0, max_label=49, instance_name='p01.txt');0.7346938848495483;0.730883002281189;0.7163882255554199;0.22874903678894043
Data(x=[23, 7], edge_index=[2, 23], y=35.0, edge_attr=[23, 6], custom_label=0.71428573, min_label=0, max_label=49, instance_name='p01.txt');0.7142857313156128;0.730883002281189;0.7163882255554199;0.22874903678894043
Data(x=[23, 7], edge_index=[2, 23], y=34.0, edge_attr=[23, 6], custom_label=0.6938776, min_label=0, max_label=49, instance_name='p01.txt');0.6938775777816772;0.730883002281189;0.7163882255554199;0.22874903678894043
Data(x=[23, 7], edge_index=[2, 23], y=33.0, edge_attr=[23, 6], custom_label=0.67346936, min_label=0, max_label=49, instance_name='p01.txt');0.6734693646430969;0.730883002281189;0.7163882255554199;0.22874903678894043
Data(x=[23, 7], edge_index=[2, 23], y=32.0, edge_attr=[23, 6], custom_label=0.6530612, min_label=0, max_label=49, instance_name='p01.txt');0.6530612111091614;0.730883002281189;0.7163882255554199;0.22874903678894043
Data(x=[23, 7], edge_index=[2, 23], y=31.0, edge_attr=[23, 6], custom_label=0.63265306, min_label=0, max_label=49, instance_name='p01.txt');0.6326530575752258;0.730883002281189;0.7163882255554199;0.22874903678894043
Data(x=[23, 7], edge_index=[2, 23], y=30.0, edge_attr=[23, 6], custom_label=0.6122449, min_label=0, max_label=49, instance_name='p01.txt');0.6122449040412903;0.730883002281189;0.7163882255554199;0.22874903678894043
Data(x=[23, 7], edge_index=[2, 23], y=29.0, edge_attr=[23, 6], custom_label=0.59183675, min_label=0, max_label=49, instance_name='p01.txt');0.5918367505073547;0.730883002281189;0.7163882255554199;0.22874903678894043
Data(x=[23, 7], edge_index=[2, 23], y=28.0, edge_attr=[23, 6], custom_label=0.5714286, min_label=0, max_label=49, instance_name='p01.txt');0.5714285969734192;0.730883002281189;0.7163882255554199;0.22874903678894043
Data(x=[23, 7], edge_index=[2, 23], y=27.0, edge_attr=[23, 6], custom_label=0.5510204, min_label=0, max_label=49, instance_name='p01.txt');0.5510203838348389;0.730883002281189;0.7163882255554199;0.22874903678894043
Data(x=[23, 7], edge_index=[2, 23], y=26.0, edge_attr=[23, 6], custom_label=0.53061223, min_label=0, max_label=49, instance_name='p01.txt');0.5306122303009033;0.730883002281189;0.7163882255554199;0.22874903678894043
Data(x=[23, 7], edge_index=[2, 23], y=25.0, edge_attr=[23, 6], custom_label=0.5102041, min_label=0, max_label=49, instance_name='p01.txt');0.5102040767669678;0.730883002281189;0.7163882255554199;0.22874903678894043
Data(x=[24, 7], edge_index=[2, 2], edge_attr=[2, 6], y=24.0, custom_label=0.48979592, min_label=0, max_label=49, instance_name='p01.txt');0.4897959232330322;0.3114354908466339;0.26715704798698425;0.14261645078659058
Data(x=[24, 7], edge_index=[2, 2], edge_attr=[2, 6], y=23.0, custom_label=0.46938777, min_label=0, max_label=49, instance_name='p01.txt');0.4693877696990967;0.3114354908466339;0.26715704798698425;0.14261645078659058
Data(x=[24, 7], edge_index=[2, 2], edge_attr=[2, 6], y=22.0, custom_label=0.4489796, min_label=0, max_label=49, instance_name='p01.txt');0.44897958636283875;0.3114354908466339;0.26715704798698425;0.14261645078659058
Data(x=[24, 7], edge_index=[2, 2], edge_attr=[2, 6], y=21.0, custom_label=0.42857143, min_label=0, max_label=49, instance_name='p01.txt');0.4285714328289032;0.3114354908466339;0.26715704798698425;0.14261645078659058
Data(x=[24, 7], edge_index=[2, 2], edge_attr=[2, 6], y=20.0, custom_label=0.40816328, min_label=0, max_label=49, instance_name='p01.txt');0.40816327929496765;0.3114354908466339;0.26715704798698425;0.14261645078659058
Data(x=[24, 7], edge_index=[2, 2], edge_attr=[2, 6], y=19.0, custom_label=0.3877551, min_label=0, max_label=49, instance_name='p01.txt');0.3877550959587097;0.3114354908466339;0.26715704798698425;0.14261645078659058
Data(x=[24, 7], edge_index=[2, 2], edge_attr=[2, 6], y=18.0, custom_label=0.36734694, min_label=0, max_label=49, instance_name='p01.txt');0.36734694242477417;0.3114354908466339;0.26715704798698425;0.14261645078659058
Data(x=[24, 7], edge_index=[2, 2], edge_attr=[2, 6], y=17.0, custom_label=0.3469388, min_label=0, max_label=49, instance_name='p01.txt');0.3469387888908386;0.3114354908466339;0.26715704798698425;0.14261645078659058
Data(x=[24, 7], edge_index=[2, 2], edge_attr=[2, 6], y=16.0, custom_label=0.3265306, min_label=0, max_label=49, instance_name='p01.txt');0.3265306055545807;0.3114354908466339;0.26715704798698425;0.14261645078659058
Data(x=[24, 7], edge_index=[2, 2], edge_attr=[2, 6], y=15.0, custom_label=0.30612245, min_label=0, max_label=49, instance_name='p01.txt');0.30612245202064514;0.3114354908466339;0.26715704798698425;0.14261645078659058
Data(x=[24, 7], edge_index=[2, 2], edge_attr=[2, 6], y=14.0, custom_label=0.2857143, min_label=0, max_label=49, instance_name='p01.txt');0.2857142984867096;0.3114354908466339;0.26715704798698425;0.14261645078659058
Data(x=[24, 7], edge_index=[2, 2], edge_attr=[2, 6], y=13.0, custom_label=0.26530612, min_label=0, max_label=49, instance_name='p01.txt');0.26530611515045166;0.3114354908466339;0.26715704798698425;0.14261645078659058
Data(x=[24, 7], edge_index=[2, 2], edge_attr=[2, 6], y=12.0, custom_label=0.24489796, min_label=0, max_label=49, instance_name='p01.txt');0.2448979616165161;0.3114354908466339;0.26715704798698425;0.14261645078659058
Data(x=[24, 7], edge_index=[2, 2], edge_attr=[2, 6], y=11.0, custom_label=0.2244898, min_label=0, max_label=49, instance_name='p01.txt');0.22448979318141937;0.3114354908466339;0.26715704798698425;0.14261645078659058
Data(x=[24, 7], edge_index=[2, 2], edge_attr=[2, 6], y=10.0, custom_label=0.20408164, min_label=0, max_label=49, instance_name='p01.txt');0.20408163964748383;0.3114354908466339;0.26715704798698425;0.14261645078659058
Data(x=[24, 7], edge_index=[2, 2], edge_attr=[2, 6], y=9.0, custom_label=0.18367347, min_label=0, max_label=49, instance_name='p01.txt');0.18367347121238708;0.3114354908466339;0.26715704798698425;0.14261645078659058
Data(x=[24, 7], edge_index=[2, 2], edge_attr=[2, 6], y=8.0, custom_label=0.1632653, min_label=0, max_label=49, instance_name='p01.txt');0.16326530277729034;0.3114354908466339;0.26715704798698425;0.14261645078659058
Data(x=[24, 7], edge_index=[2, 2], edge_attr=[2, 6], y=7.0, custom_label=0.14285715, min_label=0, max_label=49, instance_name='p01.txt');0.1428571492433548;0.3114354908466339;0.26715704798698425;0.14261645078659058
Data(x=[24, 7], edge_index=[2, 2], edge_attr=[2, 6], y=6.0, custom_label=0.12244898, min_label=0, max_label=49, instance_name='p01.txt');0.12244898080825806;0.3114354908466339;0.26715704798698425;0.14261645078659058
Data(x=[24, 7], edge_index=[2, 2], edge_attr=[2, 6], y=5.0, custom_label=0.10204082, min_label=0, max_label=49, instance_name='p01.txt');0.10204081982374191;0.3114354908466339;0.26715704798698425;0.14261645078659058
Data(x=[24, 7], edge_index=[2, 2], edge_attr=[2, 6], y=4.0, custom_label=0.08163265, min_label=0, max_label=49, instance_name='p01.txt');0.08163265138864517;0.3114354908466339;0.26715704798698425;0.14261645078659058
Data(x=[24, 7], edge_index=[2, 2], edge_attr=[2, 6], y=3.0, custom_label=0.06122449, min_label=0, max_label=49, instance_name='p01.txt');0.06122449040412903;0.3114354908466339;0.26715704798698425;0.14261645078659058
Data(x=[24, 7], edge_index=[2, 2], edge_attr=[2, 6], y=2.0, custom_label=0.040816326, min_label=0, max_label=49, instance_name='p01.txt');0.040816325694322586;0.3114354908466339;0.26715704798698425;0.14261645078659058
Data(x=[24, 7], edge_index=[2, 2], edge_attr=[2, 6], y=1.0, custom_label=0.020408163, min_label=0, max_label=49, instance_name='p01.txt');0.020408162847161293;0.3114354908466339;0.26715704798698425;0.14261645078659058
Data(x=[25, 7], edge_index=[2, 4], edge_attr=[4, 6], y=0.0, custom_label=0.0, min_label=0, max_label=49, instance_name='p01.txt');0.0;0.10024165362119675;0.023905150592327118;0.14261645078659058
Data(x=[16, 7], edge_index=[2, 8], edge_attr=[8, 6], y=0.0, custom_label=0.0, min_label=0, max_label=49, instance_name='p01.txt');0.0;0.02471214346587658;0.009242797270417213;0.14261645078659058
Data(x=[16, 7], edge_index=[2, 8], edge_attr=[8, 6], y=0.0, custom_label=0.0, min_label=0, max_label=49, instance_name='p01.txt');0.0;0.1652706414461136;0.03852830082178116;0.14261645078659058
Data(x=[14, 7], edge_index=[2, 6], edge_attr=[6, 6], y=0.0, custom_label=0.0, min_label=0, max_label=49, instance_name='p01.txt');0.0;0.15233658254146576;0.07506456971168518;0.14261645078659058
Data(x=[15, 7], edge_index=[2, 8], edge_attr=[8, 6], y=0.0, custom_label=0.0, min_label=0, max_label=49, instance_name='p01.txt');0.0;0.16390137374401093;0.04223012179136276;0.006243646144866943
Data(x=[12, 7], edge_index=[2, 6], edge_attr=[6, 6], y=0.0, custom_label=0.0, min_label=0, max_label=49, instance_name='p01.txt');0.0;0.156666561961174;0.08488929271697998;0.14261645078659058
Data(x=[14, 7], edge_index=[2, 4], edge_attr=[4, 6], y=0.0, custom_label=0.0, min_label=0, max_label=49, instance_name='p01.txt');0.0;0.09462055563926697;0.06986632198095322;0.14261645078659058
Data(x=[21, 7], edge_index=[2, 10], edge_attr=[10, 6], y=0.0, custom_label=0.0, min_label=0, max_label=49, instance_name='p01.txt');0.0;0.03549869358539581;0.0018358371453359723;0.004510927479714155
Data(x=[16, 7], edge_index=[2, 6], edge_attr=[6, 6], y=0.0, custom_label=0.0, min_label=0, max_label=49, instance_name='p01.txt');0.0;0.01988203264772892;0.020928986370563507;0.00011573643860174343
Data(x=[20, 7], edge_index=[2, 6], edge_attr=[6, 6], y=0.0, custom_label=0.0, min_label=0, max_label=49, instance_name='p01.txt');0.0;0.13705015182495117;0.03685830160975456;0.14261645078659058
Data(x=[14, 7], edge_index=[2, 6], edge_attr=[6, 6], y=0.0, custom_label=0.0, min_label=0, max_label=49, instance_name='p01.txt');0.0;0.15233658254146576;0.07506456971168518;0.14261645078659058
Data(x=[16, 7], edge_index=[2, 8], edge_attr=[8, 6], y=0.0, custom_label=0.0, min_label=0, max_label=49, instance_name='p01.txt');0.0;0.024712136015295982;0.009242797270417213;3.481609019218013e-05
Data(x=[15, 7], edge_index=[2, 6], edge_attr=[6, 6], y=0.0, custom_label=0.0, min_label=0, max_label=49, instance_name='p01.txt');0.0;0.01838870719075203;0.02521275356411934;0.004510927479714155
Data(x=[14, 7], edge_index=[2, 8], edge_attr=[8, 6], y=0.0, custom_label=0.0, min_label=0, max_label=49, instance_name='p01.txt');0.0;0.020778313279151917;0.012333033606410027;0.00016489962581545115
Data(x=[14, 7], edge_index=[2, 8], edge_attr=[8, 6], y=0.0, custom_label=0.0, min_label=0, max_label=49, instance_name='p01.txt');0.0;0.1598927229642868;0.04577631503343582;0.00023004146351013333
Data(x=[14, 7], edge_index=[2, 6], edge_attr=[6, 6], y=0.0, custom_label=0.0, min_label=0, max_label=49, instance_name='p01.txt');0.0;0.016771763563156128;0.030596669763326645;3.481609019218013e-05
Data(x=[15, 7], edge_index=[2, 8], edge_attr=[8, 6], y=0.0, custom_label=0.0, min_label=0, max_label=49, instance_name='p01.txt');0.0;0.022921327501535416;0.010780833661556244;0.14261645078659058
Data(x=[16, 7], edge_index=[2, 6], edge_attr=[6, 6], y=0.0, custom_label=0.0, min_label=0, max_label=49, instance_name='p01.txt');0.0;0.14565066993236542;0.06286629289388657;0.14261645078659058
Data(x=[12, 7], edge_index=[2, 4], edge_attr=[4, 6], y=0.0, custom_label=0.0, min_label=0, max_label=49, instance_name='p01.txt');0.0;0.09769027680158615;0.08081839978694916;0.14261645078659058
Data(x=[19, 7], edge_index=[2, 10], edge_attr=[10, 6], y=0.0, custom_label=0.0, min_label=0, max_label=49, instance_name='p01.txt');0.0;0.029970556497573853;0.0022145682014524937;0.004510927479714155
Data(x=[17, 7], edge_index=[2, 4], edge_attr=[4, 6], y=0.0, custom_label=0.0, min_label=0, max_label=49, instance_name='p01.txt');0.0;0.09211113303899765;0.051617421209812164;0.14261645078659058
Data(x=[20, 7], edge_index=[2, 10], edge_attr=[10, 6], y=0.0, custom_label=0.0, min_label=0, max_label=49, instance_name='p01.txt');0.0;0.032984714955091476;0.002012593438848853;0.14261645078659058
Data(x=[20, 7], edge_index=[2, 8], edge_attr=[8, 6], y=0.0, custom_label=0.0, min_label=0, max_label=49, instance_name='p01.txt');0.0;0.032874222844839096;0.004762191791087389;0.14261645078659058
Data(x=[17, 7], edge_index=[2, 6], edge_attr=[6, 6], y=0.0, custom_label=0.0, min_label=0, max_label=49, instance_name='p01.txt');0.0;0.20329782366752625;0.10230065882205963;0.14261645078659058
Data(x=[21, 7], edge_index=[2, 10], edge_attr=[10, 6], y=0.0, custom_label=0.0, min_label=0, max_label=49, instance_name='p01.txt');0.0;0.035498686134815216;0.0018358371453359723;0.006243646144866943
Data(x=[14, 7], edge_index=[2, 6], edge_attr=[6, 6], y=0.0, custom_label=0.0, min_label=0, max_label=49, instance_name='p01.txt');0.0;0.016771763563156128;0.030596675351262093;0.14261645078659058
Data(x=[18, 7], edge_index=[2, 4], edge_attr=[4, 6], y=12.0, custom_label=0.24489796, min_label=0, max_label=49, instance_name='p01.txt');0.2448979616165161;0.3301471173763275;0.3463194966316223;0.14261645078659058
Data(x=[18, 7], edge_index=[2, 4], edge_attr=[4, 6], y=11.0, custom_label=0.2244898, min_label=0, max_label=49, instance_name='p01.txt');0.22448979318141937;0.3301471173763275;0.3463194966316223;0.14261645078659058
Data(x=[18, 7], edge_index=[2, 4], edge_attr=[4, 6], y=10.0, custom_label=0.20408164, min_label=0, max_label=49, instance_name='p01.txt');0.20408163964748383;0.3301471173763275;0.3463194966316223;0.14261645078659058
Data(x=[18, 7], edge_index=[2, 4], edge_attr=[4, 6], y=9.0, custom_label=0.18367347, min_label=0, max_label=49, instance_name='p01.txt');0.18367347121238708;0.3619439899921417;0.40248581767082214;0.14261645078659058
Data(x=[18, 7], edge_index=[2, 4], edge_attr=[4, 6], y=8.0, custom_label=0.1632653, min_label=0, max_label=49, instance_name='p01.txt');0.16326530277729034;0.3301471173763275;0.3463194966316223;0.14261645078659058
Data(x=[18, 7], edge_index=[2, 4], edge_attr=[4, 6], y=7.0, custom_label=0.14285715, min_label=0, max_label=49, instance_name='p01.txt');0.1428571492433548;0.3301471173763275;0.3463194966316223;0.14261645078659058
Data(x=[17, 7], edge_index=[2, 2], edge_attr=[2, 6], y=6.0, custom_label=0.12244898, min_label=0, max_label=49, instance_name='p01.txt');0.12244898080825806;0.3779849410057068;0.3530794680118561;0.14261645078659058
Data(x=[17, 7], edge_index=[2, 2], edge_attr=[2, 6], y=5.0, custom_label=0.10204082, min_label=0, max_label=49, instance_name='p01.txt');0.10204081982374191;0.3779849410057068;0.3530794680118561;0.14261645078659058
Data(x=[17, 7], edge_index=[2, 2], edge_attr=[2, 6], y=4.0, custom_label=0.08163265, min_label=0, max_label=49, instance_name='p01.txt');0.08163265138864517;0.3779849410057068;0.3530794680118561;0.14261645078659058
Data(x=[17, 7], edge_index=[2, 2], edge_attr=[2, 6], y=3.0, custom_label=0.06122449, min_label=0, max_label=49, instance_name='p01.txt');0.06122449040412903;0.3779849410057068;0.3530794680118561;0.14261645078659058
Data(x=[17, 7], edge_index=[2, 2], edge_attr=[2, 6], y=2.0, custom_label=0.040816326, min_label=0, max_label=49, instance_name='p01.txt');0.040816325694322586;0.3779849410057068;0.3530794680118561;0.14261645078659058
Data(x=[17, 7], edge_index=[2, 2], edge_attr=[2, 6], y=1.0, custom_label=0.020408163, min_label=0, max_label=49, instance_name='p01.txt');0.020408162847161293;0.3779849410057068;0.3530794680118561;0.14261645078659058
Data(x=[18, 7], edge_index=[2, 4], edge_attr=[4, 6], y=0.0, custom_label=0.0, min_label=0, max_label=49, instance_name='p01.txt');0.0;0.09190353751182556;0.047375451773405075;0.14261645078659058
Data(x=[22, 7], edge_index=[2, 10], edge_attr=[10, 6], y=0.0, custom_label=0.0, min_label=0, max_label=49, instance_name='p01.txt');0.0;0.03792542591691017;0.0016823626356199384;0.14261645078659058
Data(x=[20, 7], edge_index=[2, 8], edge_attr=[8, 6], y=0.0, custom_label=0.0, min_label=0, max_label=49, instance_name='p01.txt');0.0;0.17429214715957642;0.021129313856363297;0.14261645078659058
Data(x=[14, 7], edge_index=[2, 4], edge_attr=[4, 6], y=0.0, custom_label=0.0, min_label=0, max_label=49, instance_name='p01.txt');0.0;0.09462055563926697;0.06986632198095322;0.14261645078659058
Data(x=[20, 7], edge_index=[2, 10], edge_attr=[10, 6], y=0.0, custom_label=0.0, min_label=0, max_label=49, instance_name='p01.txt');0.0;0.032984714955091476;0.002012593438848853;0.14261645078659058
Data(x=[15, 7], edge_index=[2, 10], edge_attr=[10, 6], y=0.0, custom_label=0.0, min_label=0, max_label=49, instance_name='p01.txt');0.0;0.018347663804888725;0.0032865877728909254;3.5711045711650513e-06
Data(x=[15, 7], edge_index=[2, 6], edge_attr=[6, 6], y=0.0, custom_label=0.0, min_label=0, max_label=49, instance_name='p01.txt');0.0;0.14944249391555786;0.06974386423826218;0.00023004146351013333
Data(x=[16, 7], edge_index=[2, 4], edge_attr=[4, 6], y=0.0, custom_label=0.0, min_label=0, max_label=49, instance_name='p01.txt');0.0;0.09239312261343002;0.05653878673911095;0.14261645078659058
Data(x=[15, 7], edge_index=[2, 8], edge_attr=[8, 6], y=0.0, custom_label=0.0, min_label=0, max_label=49, instance_name='p01.txt');0.0;0.022921327501535416;0.010780839249491692;0.00011573643860174343
Data(x=[17, 7], edge_index=[2, 8], edge_attr=[8, 6], y=0.0, custom_label=0.0, min_label=0, max_label=49, instance_name='p01.txt');0.0;0.10391014069318771;0.016281362622976303;3.481605745037086e-05
Data(x=[17, 7], edge_index=[2, 10], edge_attr=[10, 6], y=0.0, custom_label=0.0, min_label=0, max_label=49, instance_name='p01.txt');0.0;0.023926233872771263;0.002725280588492751;0.006243646144866943
Data(x=[13, 7], edge_index=[2, 8], edge_attr=[8, 6], y=0.0, custom_label=0.0, min_label=0, max_label=49, instance_name='p01.txt');0.0;0.15320540964603424;0.049727775156497955;3.5711045711650513e-06
Data(x=[14, 7], edge_index=[2, 6], edge_attr=[6, 6], y=0.0, custom_label=0.0, min_label=0, max_label=49, instance_name='p01.txt');0.0;0.15233658254146576;0.07506456226110458;0.14261645078659058
Data(x=[19, 7], edge_index=[2, 19], y=35.0, edge_attr=[19, 6], custom_label=1.0, min_label=0, max_label=35, instance_name='p02.txt');1.0;0.7623931765556335;0.7569059729576111;0.22874903678894043
Data(x=[19, 7], edge_index=[2, 19], y=34.0, edge_attr=[19, 6], custom_label=0.9714286, min_label=0, max_label=35, instance_name='p02.txt');0.9714285731315613;0.7623931765556335;0.7569059729576111;0.22874903678894043
Data(x=[19, 7], edge_index=[2, 19], y=33.0, edge_attr=[19, 6], custom_label=0.94285715, min_label=0, max_label=35, instance_name='p02.txt');0.9428571462631226;0.7623931765556335;0.7569059729576111;0.22874903678894043
Data(x=[19, 7], edge_index=[2, 19], y=32.0, edge_attr=[19, 6], custom_label=0.9142857, min_label=0, max_label=35, instance_name='p02.txt');0.9142857193946838;0.7623931765556335;0.7569059729576111;0.22874903678894043
Data(x=[19, 7], edge_index=[2, 19], y=31.0, edge_attr=[19, 6], custom_label=0.8857143, min_label=0, max_label=35, instance_name='p02.txt');0.8857142925262451;0.7623931765556335;0.7569059729576111;0.22874903678894043
Data(x=[19, 7], edge_index=[2, 19], y=30.0, edge_attr=[19, 6], custom_label=0.85714287, min_label=0, max_label=35, instance_name='p02.txt');0.8571428656578064;0.7623931765556335;0.7569059729576111;0.22874903678894043
Data(x=[19, 7], edge_index=[2, 19], y=29.0, edge_attr=[19, 6], custom_label=0.82857144, min_label=0, max_label=35, instance_name='p02.txt');0.8285714387893677;0.7623931765556335;0.7569059729576111;0.22874903678894043
Data(x=[19, 7], edge_index=[2, 19], y=28.0, edge_attr=[19, 6], custom_label=0.8, min_label=0, max_label=35, instance_name='p02.txt');0.800000011920929;0.7623931765556335;0.7569059729576111;0.22874903678894043
Data(x=[19, 7], edge_index=[2, 19], y=27.0, edge_attr=[19, 6], custom_label=0.7714286, min_label=0, max_label=35, instance_name='p02.txt');0.7714285850524902;0.7623931765556335;0.7569059729576111;0.22874903678894043
Data(x=[19, 7], edge_index=[2, 19], y=26.0, edge_attr=[19, 6], custom_label=0.74285716, min_label=0, max_label=35, instance_name='p02.txt');0.7428571581840515;0.7623931765556335;0.7569059729576111;0.22874903678894043
Data(x=[19, 7], edge_index=[2, 19], y=25.0, edge_attr=[19, 6], custom_label=0.71428573, min_label=0, max_label=35, instance_name='p02.txt');0.7142857313156128;0.7623931765556335;0.7569059729576111;0.22874903678894043
Data(x=[19, 7], edge_index=[2, 19], y=24.0, edge_attr=[19, 6], custom_label=0.6857143, min_label=0, max_label=35, instance_name='p02.txt');0.6857143044471741;0.7623931765556335;0.7569059729576111;0.22874903678894043
Data(x=[19, 7], edge_index=[2, 19], y=23.0, edge_attr=[19, 6], custom_label=0.6571429, min_label=0, max_label=35, instance_name='p02.txt');0.6571428775787354;0.7623931765556335;0.7569059729576111;0.22874903678894043
Data(x=[19, 7], edge_index=[2, 19], y=22.0, edge_attr=[19, 6], custom_label=0.62857145, min_label=0, max_label=35, instance_name='p02.txt');0.6285714507102966;0.7623931765556335;0.7569059729576111;0.22874903678894043
Data(x=[19, 7], edge_index=[2, 19], y=21.0, edge_attr=[19, 6], custom_label=0.6, min_label=0, max_label=35, instance_name='p02.txt');0.6000000238418579;0.7623931765556335;0.7569059729576111;0.22874903678894043
Data(x=[19, 7], edge_index=[2, 19], y=20.0, edge_attr=[19, 6], custom_label=0.5714286, min_label=0, max_label=35, instance_name='p02.txt');0.5714285969734192;0.7623931765556335;0.7569059729576111;0.22874903678894043
Data(x=[19, 7], edge_index=[2, 19], y=19.0, edge_attr=[19, 6], custom_label=0.54285717, min_label=0, max_label=35, instance_name='p02.txt');0.5428571701049805;0.7623931765556335;0.7569059729576111;0.22874903678894043
Data(x=[19, 7], edge_index=[2, 19], y=18.0, edge_attr=[19, 6], custom_label=0.51428574, min_label=0, max_label=35, instance_name='p02.txt');0.5142857432365417;0.7623931765556335;0.7569059729576111;0.22874903678894043
Data(x=[19, 7], edge_index=[2, 19], y=17.0, edge_attr=[19, 6], custom_label=0.4857143, min_label=0, max_label=35, instance_name='p02.txt');0.48571428656578064;0.7623931765556335;0.7569059729576111;0.22874903678894043
Data(x=[19, 7], edge_index=[2, 19], y=16.0, edge_attr=[19, 6], custom_label=0.45714286, min_label=0, max_label=35, instance_name='p02.txt');0.4571428596973419;0.7623931765556335;0.7569059729576111;0.22874903678894043
Data(x=[19, 7], edge_index=[2, 19], y=15.0, edge_attr=[19, 6], custom_label=0.42857143, min_label=0, max_label=35, instance_name='p02.txt');0.4285714328289032;0.7623931765556335;0.7569059729576111;0.22874903678894043
Data(x=[19, 7], edge_index=[2, 19], y=14.0, edge_attr=[19, 6], custom_label=0.4, min_label=0, max_label=35, instance_name='p02.txt');0.4000000059604645;0.7623931765556335;0.7569059729576111;0.22874903678894043
Data(x=[19, 7], edge_index=[2, 19], y=13.0, edge_attr=[19, 6], custom_label=0.37142858, min_label=0, max_label=35, instance_name='p02.txt');0.37142857909202576;0.7623931765556335;0.7569059729576111;0.22874903678894043
Data(x=[19, 7], edge_index=[2, 19], y=12.0, edge_attr=[19, 6], custom_label=0.34285715, min_label=0, max_label=35, instance_name='p02.txt');0.34285715222358704;0.7623931765556335;0.7569059729576111;0.22874903678894043
Data(x=[19, 7], edge_index=[2, 19], y=11.0, edge_attr=[19, 6], custom_label=0.31428573, min_label=0, max_label=35, instance_name='p02.txt');0.3142857253551483;0.7623931765556335;0.7569059729576111;0.22874903678894043
Data(x=[19, 7], edge_index=[2, 19], y=10.0, edge_attr=[19, 6], custom_label=0.2857143, min_label=0, max_label=35, instance_name='p02.txt');0.2857142984867096;0.7623931765556335;0.7569059729576111;0.22874903678894043
Data(x=[19, 7], edge_index=[2, 19], y=9.0, edge_attr=[19, 6], custom_label=0.25714287, min_label=0, max_label=35, instance_name='p02.txt');0.2571428716182709;0.7623931765556335;0.7569059729576111;0.22874903678894043
Data(x=[19, 7], edge_index=[2, 19], y=8.0, edge_attr=[19, 6], custom_label=0.22857143, min_label=0, max_label=35, instance_name='p02.txt');0.22857142984867096;0.7623931765556335;0.7569059729576111;0.22874903678894043
Data(x=[19, 7], edge_index=[2, 19], y=7.0, edge_attr=[19, 6], custom_label=0.2, min_label=0, max_label=35, instance_name='p02.txt');0.20000000298023224;0.7623931765556335;0.7569059729576111;0.22874903678894043
Data(x=[19, 7], edge_index=[2, 19], y=6.0, edge_attr=[19, 6], custom_label=0.17142858, min_label=0, max_label=35, instance_name='p02.txt');0.17142857611179352;0.7623931765556335;0.7569059729576111;0.22874903678894043
Data(x=[19, 7], edge_index=[2, 19], y=5.0, edge_attr=[19, 6], custom_label=0.14285715, min_label=0, max_label=35, instance_name='p02.txt');0.1428571492433548;0.7623931765556335;0.7569059729576111;0.22874903678894043
Data(x=[20, 7], edge_index=[2, 2], edge_attr=[2, 6], y=4.0, custom_label=0.114285715, min_label=0, max_label=35, instance_name='p02.txt');0.11428571492433548;0.3396981954574585;0.31440186500549316;0.14261645078659058
Data(x=[20, 7], edge_index=[2, 2], edge_attr=[2, 6], y=3.0, custom_label=0.08571429, min_label=0, max_label=35, instance_name='p02.txt');0.08571428805589676;0.3396981954574585;0.31440186500549316;0.14261645078659058
Data(x=[20, 7], edge_index=[2, 2], edge_attr=[2, 6], y=2.0, custom_label=0.057142857, min_label=0, max_label=35, instance_name='p02.txt');0.05714285746216774;0.3396981954574585;0.31440186500549316;0.14261645078659058
Data(x=[20, 7], edge_index=[2, 2], edge_attr=[2, 6], y=1.0, custom_label=0.028571429, min_label=0, max_label=35, instance_name='p02.txt');0.02857142873108387;0.3396981954574585;0.31440186500549316;0.14261645078659058
Data(x=[21, 7], edge_index=[2, 4], edge_attr=[4, 6], y=0.0, custom_label=0.0, min_label=0, max_label=35, instance_name='p02.txt');0.0;0.09236229956150055;0.03633784130215645;0.14261645078659058
Data(x=[13, 7], edge_index=[2, 4], edge_attr=[4, 6], y=0.0, custom_label=0.0, min_label=0, max_label=35, instance_name='p02.txt');0.0;0.09602650254964828;0.07633841037750244;0.14261645078659058
Data(x=[14, 7], edge_index=[2, 6], edge_attr=[6, 6], y=0.0, custom_label=0.0, min_label=0, max_label=35, instance_name='p02.txt');0.0;0.15233658254146576;0.07506456971168518;0.14261645078659058
Data(x=[15, 7], edge_index=[2, 4], edge_attr=[4, 6], y=5.0, custom_label=0.14285715, min_label=0, max_label=35, instance_name='p02.txt');0.1428571492433548;0.37473824620246887;0.3819868862628937;0.14261645078659058
Data(x=[15, 7], edge_index=[2, 4], edge_attr=[4, 6], y=4.0, custom_label=0.114285715, min_label=0, max_label=35, instance_name='p02.txt');0.11428571492433548;0.37473824620246887;0.3819868862628937;0.14261645078659058
Data(x=[15, 7], edge_index=[2, 4], edge_attr=[4, 6], y=3.0, custom_label=0.08571429, min_label=0, max_label=35, instance_name='p02.txt');0.08571428805589676;0.42721882462501526;0.45455101132392883;0.14261645078659058
Data(x=[15, 7], edge_index=[2, 4], edge_attr=[4, 6], y=2.0, custom_label=0.057142857, min_label=0, max_label=35, instance_name='p02.txt');0.05714285746216774;0.37473824620246887;0.3819868862628937;0.14261645078659058
Data(x=[15, 7], edge_index=[2, 4], edge_attr=[4, 6], y=1.0, custom_label=0.028571429, min_label=0, max_label=35, instance_name='p02.txt');0.02857142873108387;0.37473824620246887;0.3819868862628937;0.14261645078659058
Data(x=[15, 7], edge_index=[2, 4], edge_attr=[4, 6], y=0.0, custom_label=0.0, min_label=0, max_label=35, instance_name='p02.txt');0.0;0.09341704845428467;0.06252831220626831;0.14261645078659058
Data(x=[10, 7], edge_index=[2, 6], edge_attr=[6, 6], y=0.0, custom_label=0.0, min_label=0, max_label=35, instance_name='p02.txt');0.0;0.009934190660715103;0.04794410243630409;0.0019332937663421035
Data(x=[12, 7], edge_index=[2, 6], edge_attr=[6, 6], y=0.0, custom_label=0.0, min_label=0, max_label=35, instance_name='p02.txt');0.0;0.20043118298053741;0.12650692462921143;0.14261645078659058
Data(x=[13, 7], edge_index=[2, 6], edge_attr=[6, 6], y=0.0, custom_label=0.0, min_label=0, max_label=35, instance_name='p02.txt');0.0;0.15521933138370514;0.08049695938825607;0.00020854837202932686
Data(x=[15, 7], edge_index=[2, 6], edge_attr=[6, 6], y=0.0, custom_label=0.0, min_label=0, max_label=35, instance_name='p02.txt');0.0;0.01838870719075203;0.02521274797618389;3.481609019218013e-05
Data(x=[10, 7], edge_index=[2, 6], edge_attr=[6, 6], y=0.0, custom_label=0.0, min_label=0, max_label=35, instance_name='p02.txt');0.0;0.16048066318035126;0.09175282716751099;6.465290789492428e-05
Data(x=[13, 7], edge_index=[2, 6], edge_attr=[6, 6], y=2.0, custom_label=0.057142857, min_label=0, max_label=35, instance_name='p02.txt');0.05714285746216774;0.45189371705055237;0.42621302604675293;2.6771745709197603e-08
Data(x=[12, 7], edge_index=[2, 4], edge_attr=[4, 6], y=1.0, custom_label=0.028571429, min_label=0, max_label=35, instance_name='p02.txt');0.02857142873108387;0.5141294598579407;0.4613887071609497;0.00020854837202932686
Data(x=[13, 7], edge_index=[2, 6], edge_attr=[6, 6], y=0.0, custom_label=0.0, min_label=0, max_label=35, instance_name='p02.txt');0.0;0.15521934628486633;0.08049695938825607;0.00020854837202932686
Data(x=[13, 7], edge_index=[2, 6], edge_attr=[6, 6], y=0.0, custom_label=0.0, min_label=0, max_label=35, instance_name='p02.txt');0.0;0.15521933138370514;0.08049695938825607;0.00023004146351013333
Data(x=[14, 7], edge_index=[2, 4], edge_attr=[4, 6], y=0.0, custom_label=0.0, min_label=0, max_label=35, instance_name='p02.txt');0.0;0.09462055563926697;0.06986632198095322;0.14261645078659058
Data(x=[14, 7], edge_index=[2, 10], edge_attr=[10, 6], y=0.0, custom_label=0.0, min_label=0, max_label=35, instance_name='p02.txt');0.0;0.015635890886187553;0.0035128332674503326;1.4557028610415364e-14
Data(x=[20, 7], edge_index=[2, 8], edge_attr=[8, 6], y=0.0, custom_label=0.0, min_label=0, max_label=35, instance_name='p02.txt');0.0;0.032874222844839096;0.004762191791087389;0.14261645078659058
Data(x=[12, 7], edge_index=[2, 6], edge_attr=[6, 6], y=0.0, custom_label=0.0, min_label=0, max_label=35, instance_name='p02.txt');0.0;0.15666653215885162;0.08488929271697998;0.00023004146351013333
Data(x=[19, 7], edge_index=[2, 10], edge_attr=[10, 6], y=0.0, custom_label=0.0, min_label=0, max_label=35, instance_name='p02.txt');0.0;0.029970556497573853;0.002214567270129919;1.0707369435536407e-09
Data(x=[19, 7], edge_index=[2, 8], edge_attr=[8, 6], y=0.0, custom_label=0.0, min_label=0, max_label=35, instance_name='p02.txt');0.0;0.17013366520404816;0.024451574310660362;0.14261645078659058
Data(x=[10, 7], edge_index=[2, 8], edge_attr=[8, 6], y=0.0, custom_label=0.0, min_label=0, max_label=35, instance_name='p02.txt');0.0;0.01208087895065546;0.01605149917304516;1.1281616707492503e-07
Data(x=[12, 7], edge_index=[2, 6], edge_attr=[6, 6], y=0.0, custom_label=0.0, min_label=0, max_label=35, instance_name='p02.txt');0.0;0.013471055775880814;0.042176924645900726;3.481609019218013e-05
Data(x=[15, 7], edge_index=[2, 10], edge_attr=[10, 6], y=0.0, custom_label=0.0, min_label=0, max_label=35, instance_name='p02.txt');0.0;0.018347660079598427;0.0032865891698747873;0.00011573643860174343
Data(x=[16, 7], edge_index=[2, 10], edge_attr=[10, 6], y=0.0, custom_label=0.0, min_label=0, max_label=35, instance_name='p02.txt');0.0;0.021174727007746696;0.003040399868041277;0.00023004146351013333
Data(x=[15, 7], edge_index=[2, 6], edge_attr=[6, 6], y=0.0, custom_label=0.0, min_label=0, max_label=35, instance_name='p02.txt');0.0;0.14944249391555786;0.06974386423826218;0.006243646144866943
Data(x=[13, 7], edge_index=[2, 6], edge_attr=[6, 6], y=3.0, custom_label=0.08571429, min_label=0, max_label=35, instance_name='p02.txt');0.08571428805589676;0.45189371705055237;0.42621302604675293;1.8349747961110552e-06
Data(x=[12, 7], edge_index=[2, 4], edge_attr=[4, 6], y=2.0, custom_label=0.057142857, min_label=0, max_label=35, instance_name='p02.txt');0.05714285746216774;0.5141294598579407;0.4613887071609497;0.006243646144866943
Data(x=[12, 7], edge_index=[2, 4], edge_attr=[4, 6], y=1.0, custom_label=0.028571429, min_label=0, max_label=35, instance_name='p02.txt');0.02857142873108387;0.5141294598579407;0.4613887071609497;0.006243646144866943
Data(x=[13, 7], edge_index=[2, 6], edge_attr=[6, 6], y=0.0, custom_label=0.0, min_label=0, max_label=35, instance_name='p02.txt');0.0;0.15521933138370514;0.08049695938825607;0.006243646144866943
Data(x=[14, 7], edge_index=[2, 6], edge_attr=[6, 6], y=0.0, custom_label=0.0, min_label=0, max_label=35, instance_name='p02.txt');0.0;0.15233658254146576;0.07506456226110458;0.14261645078659058
Data(x=[16, 7], edge_index=[2, 12], edge_attr=[12, 6], y=0.0, custom_label=0.0, min_label=0, max_label=35, instance_name='p02.txt');0.0;0.23308344185352325;0.010312004014849663;1.6932796831348185e-10
Data(x=[14, 7], edge_index=[2, 8], edge_attr=[8, 6], y=0.0, custom_label=0.0, min_label=0, max_label=35, instance_name='p02.txt');0.0;0.0949706882238388;0.028321217745542526;0.004510927479714155
Data(x=[13, 7], edge_index=[2, 6], edge_attr=[6, 6], y=0.0, custom_label=0.0, min_label=0, max_label=35, instance_name='p02.txt');0.0;0.15521933138370514;0.08049695938825607;0.006243646144866943
Data(x=[18, 7], edge_index=[2, 6], edge_attr=[6, 6], y=0.0, custom_label=0.0, min_label=0, max_label=35, instance_name='p02.txt');0.0;0.022650497034192085;0.01450115256011486;0.14261645078659058
Data(x=[11, 7], edge_index=[2, 6], edge_attr=[6, 6], y=0.0, custom_label=0.0, min_label=0, max_label=35, instance_name='p02.txt');0.0;0.15839099884033203;0.08813606947660446;1.9924088690004282e-07
Data(x=[14, 7], edge_index=[2, 12], edge_attr=[12, 6], y=0.0, custom_label=0.0, min_label=0, max_label=35, instance_name='p02.txt');0.0;0.15255095064640045;0.0877750888466835;0.14261645078659058
Data(x=[19, 7], edge_index=[2, 8], edge_attr=[8, 6], y=0.0, custom_label=0.0, min_label=0, max_label=35, instance_name='p02.txt');0.0;0.030497243627905846;0.005578824784606695;0.14261645078659058
Data(x=[13, 7], edge_index=[2, 8], edge_attr=[8, 6], y=0.0, custom_label=0.0, min_label=0, max_label=35, instance_name='p02.txt');0.0;0.018762769177556038;0.013480565510690212;6.465290789492428e-05
Data(x=[13, 7], edge_index=[2, 6], edge_attr=[6, 6], y=0.0, custom_label=0.0, min_label=0, max_label=35, instance_name='p02.txt');0.0;0.2030242383480072;0.12291955947875977;0.14261645078659058
Data(x=[16, 7], edge_index=[2, 10], edge_attr=[10, 6], y=0.0, custom_label=0.0, min_label=0, max_label=35, instance_name='p02.txt');0.0;0.021174723282456398;0.003040399868041277;0.14261645078659058
Data(x=[14, 7], edge_index=[2, 6], edge_attr=[6, 6], y=0.0, custom_label=0.0, min_label=0, max_label=35, instance_name='p02.txt');0.0;0.15233658254146576;0.07506456971168518;0.14261645078659058
Data(x=[15, 7], edge_index=[2, 6], edge_attr=[6, 6], y=0.0, custom_label=0.0, min_label=0, max_label=35, instance_name='p02.txt');0.0;0.01838870719075203;0.02521275356411934;0.14261645078659058
Data(x=[15, 7], edge_index=[2, 6], edge_attr=[6, 6], y=0.0, custom_label=0.0, min_label=0, max_label=35, instance_name='p02.txt');0.0;0.01838870719075203;0.02521274797618389;0.14261645078659058
Data(x=[13, 7], edge_index=[2, 6], edge_attr=[6, 6], y=3.0, custom_label=0.08571429, min_label=0, max_label=35, instance_name='p02.txt');0.08571428805589676;0.45189371705055237;0.42621302604675293;0.14261645078659058
Data(x=[13, 7], edge_index=[2, 6], edge_attr=[6, 6], y=2.0, custom_label=0.057142857, min_label=0, max_label=35, instance_name='p02.txt');0.05714285746216774;0.45189371705055237;0.42621302604675293;0.14261645078659058
Data(x=[13, 7], edge_index=[2, 6], edge_attr=[6, 6], y=1.0, custom_label=0.028571429, min_label=0, max_label=35, instance_name='p02.txt');0.02857142873108387;0.45189371705055237;0.42621302604675293;0.14261645078659058
Data(x=[14, 7], edge_index=[2, 8], edge_attr=[8, 6], y=0.0, custom_label=0.0, min_label=0, max_label=35, instance_name='p02.txt');0.0;0.020778313279151917;0.012333033606410027;0.14261645078659058
Data(x=[19, 7], edge_index=[2, 10], edge_attr=[10, 6], y=0.0, custom_label=0.0, min_label=0, max_label=35, instance_name='p02.txt');0.0;0.029970558360219002;0.0022145691327750683;0.14261645078659058
Data(x=[14, 7], edge_index=[2, 4], edge_attr=[4, 6], y=0.0, custom_label=0.0, min_label=0, max_label=35, instance_name='p02.txt');0.0;0.09462055563926697;0.06986632198095322;0.14261645078659058
Data(x=[13, 7], edge_index=[2, 6], edge_attr=[6, 6], y=0.0, custom_label=0.0, min_label=0, max_label=35, instance_name='p02.txt');0.0;0.015097743831574917;0.036714017391204834;0.14261645078659058
Data(x=[13, 7], edge_index=[2, 6], edge_attr=[6, 6], y=0.0, custom_label=0.0, min_label=0, max_label=35, instance_name='p02.txt');0.0;0.15521933138370514;0.08049695938825607;0.14261645078659058
Data(x=[16, 7], edge_index=[2, 8], edge_attr=[8, 6], y=0.0, custom_label=0.0, min_label=0, max_label=35, instance_name='p02.txt');0.0;0.02471214346587658;0.009242797270417213;0.00011573643860174343
Data(x=[12, 7], edge_index=[2, 12], edge_attr=[12, 6], y=0.0, custom_label=0.0, min_label=0, max_label=35, instance_name='p02.txt');0.0;0.12474451959133148;0.09571719169616699;9.514184145381632e-13
Data(x=[12, 7], edge_index=[2, 6], edge_attr=[6, 6], y=0.0, custom_label=0.0, min_label=0, max_label=35, instance_name='p02.txt');0.0;0.013471055775880814;0.042176924645900726;3.481609019218013e-05
Data(x=[11, 7], edge_index=[2, 6], edge_attr=[6, 6], y=0.0, custom_label=0.0, min_label=0, max_label=35, instance_name='p02.txt');0.0;0.15839102864265442;0.08813606947660446;0.00023004146351013333
Data(x=[12, 7], edge_index=[2, 8], edge_attr=[8, 6], y=0.0, custom_label=0.0, min_label=0, max_label=35, instance_name='p02.txt');0.0;0.016673380509018898;0.014654424041509628;1.7557040337123908e-05
Data(x=[19, 7], edge_index=[2, 8], edge_attr=[8, 6], y=0.0, custom_label=0.0, min_label=0, max_label=35, instance_name='p02.txt');0.0;0.030497251078486443;0.005578824784606695;0.14261645078659058
Data(x=[12, 7], edge_index=[2, 6], edge_attr=[6, 6], y=0.0, custom_label=0.0, min_label=0, max_label=35, instance_name='p02.txt');0.0;0.20043118298053741;0.12650692462921143;0.14261645078659058
Data(x=[16, 7], edge_index=[2, 6], edge_attr=[6, 6], y=0.0, custom_label=0.0, min_label=0, max_label=35, instance_name='p02.txt');0.0;0.14565066993236542;0.06286629289388657;0.14261645078659058
Data(x=[12, 7], edge_index=[2, 6], edge_attr=[6, 6], y=0.0, custom_label=0.0, min_label=0, max_label=35, instance_name='p02.txt');0.0;0.17430098354816437;0.07919227331876755;0.14261645078659058
Data(x=[15, 7], edge_index=[2, 6], edge_attr=[6, 6], y=0.0, custom_label=0.0, min_label=0, max_label=35, instance_name='p02.txt');0.0;0.14944249391555786;0.06974386423826218;6.465290789492428e-05
Data(x=[17, 7], edge_index=[2, 2], edge_attr=[2, 6], y=51.0, custom_label=1.0, min_label=0, max_label=51, instance_name='p03.txt');1.0;0.3779849410057068;0.3530794680118561;0.14261645078659058
Data(x=[17, 7], edge_index=[2, 2], edge_attr=[2, 6], y=50.0, custom_label=0.98039216, min_label=0, max_label=51, instance_name='p03.txt');0.9803921580314636;0.3779849410057068;0.3530794680118561;0.14261645078659058
Data(x=[17, 7], edge_index=[2, 2], edge_attr=[2, 6], y=49.0, custom_label=0.9607843, min_label=0, max_label=51, instance_name='p03.txt');0.9607843160629272;0.3779849410057068;0.3530794680118561;0.14261645078659058
Data(x=[17, 7], edge_index=[2, 2], edge_attr=[2, 6], y=48.0, custom_label=0.9411765, min_label=0, max_label=51, instance_name='p03.txt');0.9411764740943909;0.3779849410057068;0.3530794680118561;0.14261645078659058
Data(x=[17, 7], edge_index=[2, 2], edge_attr=[2, 6], y=47.0, custom_label=0.92156863, min_label=0, max_label=51, instance_name='p03.txt');0.9215686321258545;0.3779849410057068;0.3530794680118561;0.14261645078659058
Data(x=[17, 7], edge_index=[2, 2], edge_attr=[2, 6], y=46.0, custom_label=0.9019608, min_label=0, max_label=51, instance_name='p03.txt');0.9019607901573181;0.3779849410057068;0.3530794680118561;0.14261645078659058
Data(x=[17, 7], edge_index=[2, 2], edge_attr=[2, 6], y=45.0, custom_label=0.88235295, min_label=0, max_label=51, instance_name='p03.txt');0.8823529481887817;0.3779849410057068;0.3530794680118561;0.14261645078659058
Data(x=[17, 7], edge_index=[2, 2], edge_attr=[2, 6], y=44.0, custom_label=0.8627451, min_label=0, max_label=51, instance_name='p03.txt');0.8627451062202454;0.3779849410057068;0.3530794680118561;0.14261645078659058
Data(x=[17, 7], edge_index=[2, 2], edge_attr=[2, 6], y=43.0, custom_label=0.84313726, min_label=0, max_label=51, instance_name='p03.txt');0.843137264251709;0.3779849410057068;0.3530794680118561;0.14261645078659058
Data(x=[17, 7], edge_index=[2, 2], edge_attr=[2, 6], y=42.0, custom_label=0.8235294, min_label=0, max_label=51, instance_name='p03.txt');0.8235294222831726;0.3779849410057068;0.3530794680118561;0.14261645078659058
Data(x=[17, 7], edge_index=[2, 2], edge_attr=[2, 6], y=41.0, custom_label=0.8039216, min_label=0, max_label=51, instance_name='p03.txt');0.8039215803146362;0.3779849410057068;0.3530794680118561;0.14261645078659058
Data(x=[17, 7], edge_index=[2, 2], edge_attr=[2, 6], y=40.0, custom_label=0.78431374, min_label=0, max_label=51, instance_name='p03.txt');0.7843137383460999;0.3779849410057068;0.3530794680118561;0.14261645078659058
Data(x=[17, 7], edge_index=[2, 2], edge_attr=[2, 6], y=39.0, custom_label=0.7647059, min_label=0, max_label=51, instance_name='p03.txt');0.7647058963775635;0.3779849410057068;0.3530794680118561;0.14261645078659058
Data(x=[17, 7], edge_index=[2, 2], edge_attr=[2, 6], y=38.0, custom_label=0.74509805, min_label=0, max_label=51, instance_name='p03.txt');0.7450980544090271;0.3779849410057068;0.3530794680118561;0.14261645078659058
Data(x=[17, 7], edge_index=[2, 2], edge_attr=[2, 6], y=37.0, custom_label=0.7254902, min_label=0, max_label=51, instance_name='p03.txt');0.7254902124404907;0.3779849410057068;0.3530794680118561;0.14261645078659058
Data(x=[17, 7], edge_index=[2, 2], edge_attr=[2, 6], y=36.0, custom_label=0.7058824, min_label=0, max_label=51, instance_name='p03.txt');0.7058823704719543;0.3779849410057068;0.3530794680118561;0.14261645078659058
Data(x=[17, 7], edge_index=[2, 2], edge_attr=[2, 6], y=35.0, custom_label=0.6862745, min_label=0, max_label=51, instance_name='p03.txt');0.686274528503418;0.3779849410057068;0.3530794680118561;0.14261645078659058
Data(x=[17, 7], edge_index=[2, 2], edge_attr=[2, 6], y=34.0, custom_label=0.6666667, min_label=0, max_label=51, instance_name='p03.txt');0.6666666865348816;0.3779849410057068;0.3530794680118561;0.14261645078659058
Data(x=[17, 7], edge_index=[2, 2], edge_attr=[2, 6], y=33.0, custom_label=0.64705884, min_label=0, max_label=51, instance_name='p03.txt');0.6470588445663452;0.3779849410057068;0.3530794680118561;0.14261645078659058
Data(x=[17, 7], edge_index=[2, 2], edge_attr=[2, 6], y=32.0, custom_label=0.627451, min_label=0, max_label=51, instance_name='p03.txt');0.6274510025978088;0.3779849410057068;0.3530794680118561;0.14261645078659058
Data(x=[17, 7], edge_index=[2, 2], edge_attr=[2, 6], y=31.0, custom_label=0.60784316, min_label=0, max_label=51, instance_name='p03.txt');0.6078431606292725;0.3779849410057068;0.3530794680118561;0.14261645078659058
Data(x=[17, 7], edge_index=[2, 2], edge_attr=[2, 6], y=30.0, custom_label=0.5882353, min_label=0, max_label=51, instance_name='p03.txt');0.5882353186607361;0.3779849410057068;0.3530794680118561;0.14261645078659058
Data(x=[17, 7], edge_index=[2, 2], edge_attr=[2, 6], y=29.0, custom_label=0.5686275, min_label=0, max_label=51, instance_name='p03.txt');0.5686274766921997;0.3779849410057068;0.3530794680118561;0.14261645078659058
Data(x=[16, 7], edge_index=[2, 16], y=28.0, edge_attr=[16, 6], custom_label=0.54901963, min_label=0, max_label=51, instance_name='p03.txt');0.5490196347236633;0.7915310263633728;0.7959734797477722;0.22874903678894043
Data(x=[16, 7], edge_index=[2, 16], y=27.0, edge_attr=[16, 6], custom_label=0.5294118, min_label=0, max_label=51, instance_name='p03.txt');0.529411792755127;0.7915310263633728;0.7959734797477722;0.22874903678894043
Data(x=[17, 7], edge_index=[2, 2], edge_attr=[2, 6], y=26.0, custom_label=0.50980395, min_label=0, max_label=51, instance_name='p03.txt');0.5098039507865906;0.3779849410057068;0.3530794680118561;0.14261645078659058
Data(x=[17, 7], edge_index=[2, 2], edge_attr=[2, 6], y=25.0, custom_label=0.49019608, min_label=0, max_label=51, instance_name='p03.txt');0.4901960790157318;0.3779849410057068;0.3530794680118561;0.14261645078659058
Data(x=[17, 7], edge_index=[2, 2], edge_attr=[2, 6], y=24.0, custom_label=0.47058824, min_label=0, max_label=51, instance_name='p03.txt');0.47058823704719543;0.3779849410057068;0.3530794680118561;0.14261645078659058
Data(x=[17, 7], edge_index=[2, 2], edge_attr=[2, 6], y=23.0, custom_label=0.4509804, min_label=0, max_label=51, instance_name='p03.txt');0.45098039507865906;0.3779849410057068;0.3530794680118561;0.14261645078659058
Data(x=[17, 7], edge_index=[2, 2], edge_attr=[2, 6], y=22.0, custom_label=0.43137255, min_label=0, max_label=51, instance_name='p03.txt');0.4313725531101227;0.3779849410057068;0.3530794680118561;0.14261645078659058
Data(x=[17, 7], edge_index=[2, 2], edge_attr=[2, 6], y=21.0, custom_label=0.4117647, min_label=0, max_label=51, instance_name='p03.txt');0.4117647111415863;0.3779849410057068;0.3530794680118561;0.14261645078659058
Data(x=[17, 7], edge_index=[2, 2], edge_attr=[2, 6], y=20.0, custom_label=0.39215687, min_label=0, max_label=51, instance_name='p03.txt');0.3921568691730499;0.3779849410057068;0.3530794680118561;0.14261645078659058
Data(x=[17, 7], edge_index=[2, 2], edge_attr=[2, 6], y=19.0, custom_label=0.37254903, min_label=0, max_label=51, instance_name='p03.txt');0.37254902720451355;0.3779849410057068;0.3530794680118561;0.14261645078659058
Data(x=[17, 7], edge_index=[2, 2], edge_attr=[2, 6], y=18.0, custom_label=0.3529412, min_label=0, max_label=51, instance_name='p03.txt');0.3529411852359772;0.3779849410057068;0.3530794680118561;0.14261645078659058
Data(x=[17, 7], edge_index=[2, 2], edge_attr=[2, 6], y=17.0, custom_label=0.33333334, min_label=0, max_label=51, instance_name='p03.txt');0.3333333432674408;0.3779849410057068;0.3530794680118561;0.14261645078659058
Data(x=[17, 7], edge_index=[2, 2], edge_attr=[2, 6], y=16.0, custom_label=0.3137255, min_label=0, max_label=51, instance_name='p03.txt');0.3137255012989044;0.3779849410057068;0.3530794680118561;0.14261645078659058
Data(x=[17, 7], edge_index=[2, 2], edge_attr=[2, 6], y=15.0, custom_label=0.29411766, min_label=0, max_label=51, instance_name='p03.txt');0.29411765933036804;0.3779849410057068;0.3530794680118561;0.14261645078659058
Data(x=[17, 7], edge_index=[2, 2], edge_attr=[2, 6], y=14.0, custom_label=0.27450982, min_label=0, max_label=51, instance_name='p03.txt');0.27450981736183167;0.3779849410057068;0.3530794680118561;0.14261645078659058
Data(x=[17, 7], edge_index=[2, 2], edge_attr=[2, 6], y=13.0, custom_label=0.25490198, min_label=0, max_label=51, instance_name='p03.txt');0.2549019753932953;0.3779849410057068;0.3530794680118561;0.14261645078659058
Data(x=[17, 7], edge_index=[2, 2], edge_attr=[2, 6], y=12.0, custom_label=0.23529412, min_label=0, max_label=51, instance_name='p03.txt');0.23529411852359772;0.3779849410057068;0.3530794680118561;0.14261645078659058
Data(x=[17, 7], edge_index=[2, 2], edge_attr=[2, 6], y=11.0, custom_label=0.21568628, min_label=0, max_label=51, instance_name='p03.txt');0.21568627655506134;0.3779849410057068;0.3530794680118561;0.14261645078659058
Data(x=[17, 7], edge_index=[2, 2], edge_attr=[2, 6], y=10.0, custom_label=0.19607843, min_label=0, max_label=51, instance_name='p03.txt');0.19607843458652496;0.3779849410057068;0.3530794680118561;0.14261645078659058
Data(x=[17, 7], edge_index=[2, 2], edge_attr=[2, 6], y=9.0, custom_label=0.1764706, min_label=0, max_label=51, instance_name='p03.txt');0.1764705926179886;0.3779849410057068;0.3530794680118561;0.14261645078659058
Data(x=[17, 7], edge_index=[2, 2], edge_attr=[2, 6], y=8.0, custom_label=0.15686275, min_label=0, max_label=51, instance_name='p03.txt');0.1568627506494522;0.3779849410057068;0.3530794680118561;0.14261645078659058
Data(x=[16, 7], edge_index=[2, 16], y=7.0, edge_attr=[16, 6], custom_label=0.13725491, min_label=0, max_label=51, instance_name='p03.txt');0.13725490868091583;0.7915310263633728;0.7959734797477722;0.22874903678894043
Data(x=[16, 7], edge_index=[2, 16], y=6.0, edge_attr=[16, 6], custom_label=0.11764706, min_label=0, max_label=51, instance_name='p03.txt');0.11764705926179886;0.7915310263633728;0.7959734797477722;0.22874903678894043
Data(x=[17, 7], edge_index=[2, 2], edge_attr=[2, 6], y=5.0, custom_label=0.09803922, min_label=0, max_label=51, instance_name='p03.txt');0.09803921729326248;0.3779849410057068;0.3530794680118561;0.14261645078659058
Data(x=[17, 7], edge_index=[2, 2], edge_attr=[2, 6], y=4.0, custom_label=0.078431375, min_label=0, max_label=51, instance_name='p03.txt');0.0784313753247261;0.3779849410057068;0.3530794680118561;0.14261645078659058
Data(x=[17, 7], edge_index=[2, 2], edge_attr=[2, 6], y=3.0, custom_label=0.05882353, min_label=0, max_label=51, instance_name='p03.txt');0.05882352963089943;0.3779849410057068;0.3530794680118561;0.14261645078659058
Data(x=[17, 7], edge_index=[2, 2], edge_attr=[2, 6], y=2.0, custom_label=0.039215688, min_label=0, max_label=51, instance_name='p03.txt');0.03921568766236305;0.3779849410057068;0.3530794680118561;0.14261645078659058
Data(x=[17, 7], edge_index=[2, 2], edge_attr=[2, 6], y=1.0, custom_label=0.019607844, min_label=0, max_label=51, instance_name='p03.txt');0.019607843831181526;0.3779849410057068;0.3530794680118561;0.14261645078659058
Data(x=[18, 7], edge_index=[2, 4], edge_attr=[4, 6], y=0.0, custom_label=0.0, min_label=0, max_label=51, instance_name='p03.txt');0.0;0.09190353751182556;0.047375451773405075;0.14261645078659058
Data(x=[18, 7], edge_index=[2, 10], edge_attr=[10, 6], y=0.0, custom_label=0.0, min_label=0, max_label=51, instance_name='p03.txt');0.0;0.02693445421755314;0.002448447747156024;0.14261645078659058
Data(x=[14, 7], edge_index=[2, 10], edge_attr=[10, 6], y=0.0, custom_label=0.0, min_label=0, max_label=51, instance_name='p03.txt');0.0;0.2358340620994568;0.10485021024942398;1.1591850396230896e-10
Data(x=[15, 7], edge_index=[2, 6], edge_attr=[6, 6], y=0.0, custom_label=0.0, min_label=0, max_label=51, instance_name='p03.txt');0.0;0.018388710916042328;0.02521274797618389;1.0964547072944697e-05
Data(x=[13, 7], edge_index=[2, 4], edge_attr=[4, 6], y=0.0, custom_label=0.0, min_label=0, max_label=51, instance_name='p03.txt');0.0;0.0960264801979065;0.07633839547634125;0.14261645078659058
Data(x=[13, 7], edge_index=[2, 4], edge_attr=[4, 6], y=0.0, custom_label=0.0, min_label=0, max_label=51, instance_name='p03.txt');0.0;0.0960264801979065;0.07633839547634125;0.14261645078659058
Data(x=[10, 7], edge_index=[2, 6], edge_attr=[6, 6], y=0.0, custom_label=0.0, min_label=0, max_label=51, instance_name='p03.txt');0.0;0.1903689056634903;0.13319642841815948;0.08785133063793182
Data(x=[18, 7], edge_index=[2, 8], edge_attr=[8, 6], y=4.0, custom_label=0.078431375, min_label=0, max_label=51, instance_name='p03.txt');0.0784313753247261;0.3857361972332001;0.36261147260665894;0.00016489948029629886
Data(x=[17, 7], edge_index=[2, 6], edge_attr=[6, 6], y=3.0, custom_label=0.05882353, min_label=0, max_label=51, instance_name='p03.txt');0.05882352963089943;0.41370806097984314;0.3735690712928772;0.00016489948029629886
Data(x=[17, 7], edge_index=[2, 6], edge_attr=[6, 6], y=2.0, custom_label=0.039215688, min_label=0, max_label=51, instance_name='p03.txt');0.03921568766236305;0.43463578820228577;0.42838069796562195;0.14261645078659058
Data(x=[17, 7], edge_index=[2, 6], edge_attr=[6, 6], y=1.0, custom_label=0.019607844, min_label=0, max_label=51, instance_name='p03.txt');0.019607843831181526;0.41370806097984314;0.3735690712928772;0.00016489948029629886
Data(x=[18, 7], edge_index=[2, 8], edge_attr=[8, 6], y=0.0, custom_label=0.0, min_label=0, max_label=51, instance_name='p03.txt');0.0;0.028394946828484535;0.006514356005936861;0.00016489948029629886
Data(x=[13, 7], edge_index=[2, 8], edge_attr=[8, 6], y=0.0, custom_label=0.0, min_label=0, max_label=51, instance_name='p03.txt');0.0;0.15320540964603424;0.049727775156497955;0.00020854837202932686
Data(x=[13, 7], edge_index=[2, 12], edge_attr=[12, 6], y=0.0, custom_label=0.0, min_label=0, max_label=51, instance_name='p03.txt');0.0;0.13884979486465454;0.0915730744600296;2.1990274490235606e-08
Data(x=[13, 7], edge_index=[2, 6], edge_attr=[6, 6], y=0.0, custom_label=0.0, min_label=0, max_label=51, instance_name='p03.txt');0.0;0.015097743831574917;0.03671402856707573;3.481609019218013e-05
Data(x=[12, 7], edge_index=[2, 8], edge_attr=[8, 6], y=0.0, custom_label=0.0, min_label=0, max_label=51, instance_name='p03.txt');0.0;0.0852794200181961;0.039496805518865585;0.00011573643860174343
Data(x=[13, 7], edge_index=[2, 12], edge_attr=[12, 6], y=0.0, custom_label=0.0, min_label=0, max_label=51, instance_name='p03.txt');0.0;0.13884982466697693;0.0915730744600296;2.267615461198333e-16
Data(x=[12, 7], edge_index=[2, 4], edge_attr=[4, 6], y=0.0, custom_label=0.0, min_label=0, max_label=51, instance_name='p03.txt');0.0;0.09769027680158615;0.08081839978694916;0.14261645078659058
Data(x=[12, 7], edge_index=[2, 6], edge_attr=[6, 6], y=0.0, custom_label=0.0, min_label=0, max_label=51, instance_name='p03.txt');0.0;0.013471055775880814;0.042176924645900726;0.14261645078659058
Data(x=[15, 7], edge_index=[2, 6], edge_attr=[6, 6], y=0.0, custom_label=0.0, min_label=0, max_label=51, instance_name='p03.txt');0.0;0.018388710916042328;0.02521274797618389;0.14261645078659058
Data(x=[12, 7], edge_index=[2, 8], edge_attr=[8, 6], y=0.0, custom_label=0.0, min_label=0, max_label=51, instance_name='p03.txt');0.0;0.016673371195793152;0.014654424041509628;1.9696278741321294e-06
Data(x=[16, 7], edge_index=[2, 6], edge_attr=[6, 6], y=0.0, custom_label=0.0, min_label=0, max_label=51, instance_name='p03.txt');0.0;0.01988203264772892;0.020928986370563507;0.14261645078659058
Data(x=[10, 7], edge_index=[2, 8], edge_attr=[8, 6], y=0.0, custom_label=0.0, min_label=0, max_label=51, instance_name='p03.txt');0.0;0.012080871500074863;0.016051506623625755;2.647841057523692e-09
Data(x=[13, 7], edge_index=[2, 6], edge_attr=[6, 6], y=0.0, custom_label=0.0, min_label=0, max_label=51, instance_name='p03.txt');0.0;0.15521934628486633;0.08049695938825607;6.465290789492428e-05
Data(x=[14, 7], edge_index=[2, 10], edge_attr=[10, 6], y=0.0, custom_label=0.0, min_label=0, max_label=51, instance_name='p03.txt');0.0;0.015635896474123;0.0035128332674503326;1.0964547072944697e-05
Data(x=[13, 7], edge_index=[2, 8], edge_attr=[8, 6], y=0.0, custom_label=0.0, min_label=0, max_label=51, instance_name='p03.txt');0.0;0.15320540964603424;0.049727775156497955;1.8420461174173397e-06
Data(x=[14, 7], edge_index=[2, 8], edge_attr=[8, 6], y=4.0, custom_label=0.078431375, min_label=0, max_label=51, instance_name='p03.txt');0.0784313753247261;0.48782867193222046;0.4318649172782898;1.1591850396230896e-10
Data(x=[14, 7], edge_index=[2, 8], edge_attr=[8, 6], y=3.0, custom_label=0.05882353, min_label=0, max_label=51, instance_name='p03.txt');0.05882352963089943;0.48782867193222046;0.4318649172782898;1.1591850396230896e-10
Data(x=[14, 7], edge_index=[2, 8], edge_attr=[8, 6], y=2.0, custom_label=0.039215688, min_label=0, max_label=51, instance_name='p03.txt');0.03921568766236305;0.48782867193222046;0.4318649172782898;1.1591850396230896e-10
Data(x=[14, 7], edge_index=[2, 8], edge_attr=[8, 6], y=1.0, custom_label=0.019607844, min_label=0, max_label=51, instance_name='p03.txt');0.019607843831181526;0.48782867193222046;0.4318649172782898;1.1591850396230896e-10
Data(x=[15, 7], edge_index=[2, 10], edge_attr=[10, 6], y=0.0, custom_label=0.0, min_label=0, max_label=51, instance_name='p03.txt');0.0;0.23828783631324768;0.09951940923929214;1.1591850396230896e-10
Data(x=[14, 7], edge_index=[2, 6], edge_attr=[6, 6], y=0.0, custom_label=0.0, min_label=0, max_label=51, instance_name='p03.txt');0.0;0.15233658254146576;0.07506456226110458;0.00020854837202932686
Data(x=[15, 7], edge_index=[2, 6], edge_attr=[6, 6], y=0.0, custom_label=0.0, min_label=0, max_label=51, instance_name='p03.txt');0.0;0.01838870719075203;0.02521274797618389;0.14261645078659058
Data(x=[12, 7], edge_index=[2, 10], edge_attr=[10, 6], y=0.0, custom_label=0.0, min_label=0, max_label=51, instance_name='p03.txt');0.0;0.22342850267887115;0.11444787681102753;1.1849295333377086e-05
Data(x=[12, 7], edge_index=[2, 4], edge_attr=[4, 6], y=2.0, custom_label=0.039215688, min_label=0, max_label=51, instance_name='p03.txt');0.03921568766236305;0.4622211754322052;0.43639934062957764;0.004510927479714155
Data(x=[11, 7], edge_index=[2, 2], edge_attr=[2, 6], y=1.0, custom_label=0.019607844, min_label=0, max_label=51, instance_name='p03.txt');0.019607843831181526;0.5556319355964661;0.4738384187221527;0.14261645078659058
Data(x=[12, 7], edge_index=[2, 4], edge_attr=[4, 6], y=0.0, custom_label=0.0, min_label=0, max_label=51, instance_name='p03.txt');0.0;0.09769027680158615;0.08081839978694916;0.14261645078659058
Data(x=[11, 7], edge_index=[2, 4], edge_attr=[4, 6], y=0.0, custom_label=0.0, min_label=0, max_label=51, instance_name='p03.txt');0.0;0.09968969970941544;0.08547518402338028;0.14261645078659058
Data(x=[13, 7], edge_index=[2, 6], edge_attr=[6, 6], y=0.0, custom_label=0.0, min_label=0, max_label=51, instance_name='p03.txt');0.0;0.15521934628486633;0.08049695938825607;6.465290789492428e-05
Data(x=[13, 7], edge_index=[2, 10], edge_attr=[10, 6], y=0.0, custom_label=0.0, min_label=0, max_label=51, instance_name='p03.txt');0.0;0.012969293631613255;0.00367823988199234;3.5711045711650513e-06
Data(x=[13, 7], edge_index=[2, 8], edge_attr=[8, 6], y=0.0, custom_label=0.0, min_label=0, max_label=51, instance_name='p03.txt');0.0;0.018762769177556038;0.013480565510690212;6.035666966219821e-10
Data(x=[10, 7], edge_index=[2, 4], edge_attr=[4, 6], y=0.0, custom_label=0.0, min_label=0, max_label=51, instance_name='p03.txt');0.0;0.10038270056247711;0.09018362313508987;0.14261645078659058
Data(x=[14, 7], edge_index=[2, 8], edge_attr=[8, 6], y=0.0, custom_label=0.0, min_label=0, max_label=51, instance_name='p03.txt');0.0;0.02077830769121647;0.012333033606410027;0.14261645078659058
Data(x=[14, 7], edge_index=[2, 10], edge_attr=[10, 6], y=0.0, custom_label=0.0, min_label=0, max_label=51, instance_name='p03.txt');0.0;0.23166625201702118;0.07943249493837357;1.5602157873217948e-05
Data(x=[17, 7], edge_index=[2, 10], edge_attr=[10, 6], y=0.0, custom_label=0.0, min_label=0, max_label=51, instance_name='p03.txt');0.0;0.24305841326713562;0.0852653980255127;0.14261645078659058
Data(x=[11, 7], edge_index=[2, 4], edge_attr=[4, 6], y=0.0, custom_label=0.0, min_label=0, max_label=51, instance_name='p03.txt');0.0;0.09968969970941544;0.08547518402338028;0.14261645078659058
Data(x=[12, 7], edge_index=[2, 8], edge_attr=[8, 6], y=0.0, custom_label=0.0, min_label=0, max_label=51, instance_name='p03.txt');0.0;0.016673380509018898;0.014654424041509628;3.481609019218013e-05
Data(x=[15, 7], edge_index=[2, 8], edge_attr=[8, 6], y=0.0, custom_label=0.0, min_label=0, max_label=51, instance_name='p03.txt');0.0;0.16390137374401093;0.04223012179136276;0.14261645078659058
Data(x=[15, 7], edge_index=[2, 6], edge_attr=[6, 6], y=0.0, custom_label=0.0, min_label=0, max_label=51, instance_name='p03.txt');0.0;0.14944249391555786;0.06974386423826218;0.14261645078659058
Data(x=[28, 7], edge_index=[2, 28], y=107.0, edge_attr=[28, 6], custom_label=1.0, min_label=0, max_label=107, instance_name='p04.txt');1.0;0.745825469493866;0.7352145314216614;0.22874903678894043
Data(x=[28, 7], edge_index=[2, 28], y=106.0, edge_attr=[28, 6], custom_label=0.99065423, min_label=0, max_label=107, instance_name='p04.txt');0.9906542301177979;0.745825469493866;0.7352145314216614;0.22874903678894043
Data(x=[28, 7], edge_index=[2, 28], y=105.0, edge_attr=[28, 6], custom_label=0.9813084, min_label=0, max_label=107, instance_name='p04.txt');0.9813084006309509;0.745825469493866;0.7352145314216614;0.22874903678894043
Data(x=[28, 7], edge_index=[2, 28], y=104.0, edge_attr=[28, 6], custom_label=0.97196263, min_label=0, max_label=107, instance_name='p04.txt');0.9719626307487488;0.745825469493866;0.7352145314216614;0.22874903678894043
Data(x=[28, 7], edge_index=[2, 28], y=103.0, edge_attr=[28, 6], custom_label=0.9626168, min_label=0, max_label=107, instance_name='p04.txt');0.9626168012619019;0.745825469493866;0.7352145314216614;0.22874903678894043
Data(x=[28, 7], edge_index=[2, 28], y=102.0, edge_attr=[28, 6], custom_label=0.95327103, min_label=0, max_label=107, instance_name='p04.txt');0.9532710313796997;0.745825469493866;0.7352145314216614;0.22874903678894043
Data(x=[28, 7], edge_index=[2, 28], y=101.0, edge_attr=[28, 6], custom_label=0.94392526, min_label=0, max_label=107, instance_name='p04.txt');0.9439252614974976;0.745825469493866;0.7352145314216614;0.22874903678894043
Data(x=[28, 7], edge_index=[2, 28], y=100.0, edge_attr=[28, 6], custom_label=0.93457943, min_label=0, max_label=107, instance_name='p04.txt');0.9345794320106506;0.745825469493866;0.7352145314216614;0.22874903678894043
Data(x=[28, 7], edge_index=[2, 28], y=99.0, edge_attr=[28, 6], custom_label=0.92523366, min_label=0, max_label=107, instance_name='p04.txt');0.9252336621284485;0.745825469493866;0.7352145314216614;0.22874903678894043
Data(x=[28, 7], edge_index=[2, 28], y=98.0, edge_attr=[28, 6], custom_label=0.91588783, min_label=0, max_label=107, instance_name='p04.txt');0.9158878326416016;0.745825469493866;0.7352145314216614;0.22874903678894043
Data(x=[28, 7], edge_index=[2, 28], y=97.0, edge_attr=[28, 6], custom_label=0.90654206, min_label=0, max_label=107, instance_name='p04.txt');0.9065420627593994;0.745825469493866;0.7352145314216614;0.22874903678894043
Data(x=[28, 7], edge_index=[2, 28], y=96.0, edge_attr=[28, 6], custom_label=0.89719623, min_label=0, max_label=107, instance_name='p04.txt');0.8971962332725525;0.745825469493866;0.7352145314216614;0.22874903678894043
Data(x=[28, 7], edge_index=[2, 28], y=95.0, edge_attr=[28, 6], custom_label=0.88785046, min_label=0, max_label=107, instance_name='p04.txt');0.8878504633903503;0.745825469493866;0.7352145314216614;0.22874903678894043
Data(x=[28, 7], edge_index=[2, 28], y=94.0, edge_attr=[28, 6], custom_label=0.8785047, min_label=0, max_label=107, instance_name='p04.txt');0.8785046935081482;0.745825469493866;0.7352145314216614;0.22874903678894043
Data(x=[28, 7], edge_index=[2, 28], y=93.0, edge_attr=[28, 6], custom_label=0.86915886, min_label=0, max_label=107, instance_name='p04.txt');0.8691588640213013;0.745825469493866;0.7352145314216614;0.22874903678894043
Data(x=[28, 7], edge_index=[2, 28], y=92.0, edge_attr=[28, 6], custom_label=0.8598131, min_label=0, max_label=107, instance_name='p04.txt');0.8598130941390991;0.745825469493866;0.7352145314216614;0.22874903678894043
Data(x=[28, 7], edge_index=[2, 28], y=91.0, edge_attr=[28, 6], custom_label=0.85046726, min_label=0, max_label=107, instance_name='p04.txt');0.8504672646522522;0.745825469493866;0.7352145314216614;0.22874903678894043
Data(x=[28, 7], edge_index=[2, 28], y=90.0, edge_attr=[28, 6], custom_label=0.8411215, min_label=0, max_label=107, instance_name='p04.txt');0.84112149477005;0.745825469493866;0.7352145314216614;0.22874903678894043
Data(x=[28, 7], edge_index=[2, 28], y=89.0, edge_attr=[28, 6], custom_label=0.8317757, min_label=0, max_label=107, instance_name='p04.txt');0.8317757248878479;0.745825469493866;0.7352145314216614;0.22874903678894043
Data(x=[28, 7], edge_index=[2, 28], y=88.0, edge_attr=[28, 6], custom_label=0.8224299, min_label=0, max_label=107, instance_name='p04.txt');0.822429895401001;0.745825469493866;0.7352145314216614;0.22874903678894043
Data(x=[28, 7], edge_index=[2, 28], y=87.0, edge_attr=[28, 6], custom_label=0.8130841, min_label=0, max_label=107, instance_name='p04.txt');0.8130841255187988;0.745825469493866;0.7352145314216614;0.22874903678894043
Data(x=[28, 7], edge_index=[2, 28], y=86.0, edge_attr=[28, 6], custom_label=0.8037383, min_label=0, max_label=107, instance_name='p04.txt');0.8037382960319519;0.745825469493866;0.7352145314216614;0.22874903678894043
Data(x=[28, 7], edge_index=[2, 28], y=85.0, edge_attr=[28, 6], custom_label=0.7943925, min_label=0, max_label=107, instance_name='p04.txt');0.7943925261497498;0.745825469493866;0.7352145314216614;0.22874903678894043
Data(x=[28, 7], edge_index=[2, 28], y=84.0, edge_attr=[28, 6], custom_label=0.78504676, min_label=0, max_label=107, instance_name='p04.txt');0.7850467562675476;0.745825469493866;0.7352145314216614;0.22874903678894043
Data(x=[28, 7], edge_index=[2, 28], y=83.0, edge_attr=[28, 6], custom_label=0.7757009, min_label=0, max_label=107, instance_name='p04.txt');0.7757009267807007;0.745825469493866;0.7352145314216614;0.22874903678894043
Data(x=[28, 7], edge_index=[2, 28], y=82.0, edge_attr=[28, 6], custom_label=0.76635516, min_label=0, max_label=107, instance_name='p04.txt');0.7663551568984985;0.745825469493866;0.7352145314216614;0.22874903678894043
Data(x=[28, 7], edge_index=[2, 28], y=81.0, edge_attr=[28, 6], custom_label=0.7570093, min_label=0, max_label=107, instance_name='p04.txt');0.7570093274116516;0.745825469493866;0.7352145314216614;0.22874903678894043
Data(x=[28, 7], edge_index=[2, 28], y=80.0, edge_attr=[28, 6], custom_label=0.74766356, min_label=0, max_label=107, instance_name='p04.txt');0.7476635575294495;0.745825469493866;0.7352145314216614;0.22874903678894043
Data(x=[28, 7], edge_index=[2, 28], y=79.0, edge_attr=[28, 6], custom_label=0.7383177, min_label=0, max_label=107, instance_name='p04.txt');0.7383177280426025;0.745825469493866;0.7352145314216614;0.22874903678894043
Data(x=[28, 7], edge_index=[2, 28], y=78.0, edge_attr=[28, 6], custom_label=0.72897196, min_label=0, max_label=107, instance_name='p04.txt');0.7289719581604004;0.745825469493866;0.7352145314216614;0.22874903678894043
Data(x=[28, 7], edge_index=[2, 28], y=77.0, edge_attr=[28, 6], custom_label=0.7196262, min_label=0, max_label=107, instance_name='p04.txt');0.7196261882781982;0.745825469493866;0.7352145314216614;0.22874903678894043
Data(x=[28, 7], edge_index=[2, 28], y=76.0, edge_attr=[28, 6], custom_label=0.71028036, min_label=0, max_label=107, instance_name='p04.txt');0.7102803587913513;0.745825469493866;0.7352145314216614;0.22874903678894043
Data(x=[28, 7], edge_index=[2, 28], y=75.0, edge_attr=[28, 6], custom_label=0.7009346, min_label=0, max_label=107, instance_name='p04.txt');0.7009345889091492;0.745825469493866;0.7352145314216614;0.22874903678894043
Data(x=[28, 7], edge_index=[2, 28], y=74.0, edge_attr=[28, 6], custom_label=0.69158876, min_label=0, max_label=107, instance_name='p04.txt');0.6915887594223022;0.745825469493866;0.7352145314216614;0.22874903678894043
Data(x=[28, 7], edge_index=[2, 28], y=73.0, edge_attr=[28, 6], custom_label=0.682243, min_label=0, max_label=107, instance_name='p04.txt');0.6822429895401001;0.745825469493866;0.7352145314216614;0.22874903678894043
Data(x=[28, 7], edge_index=[2, 28], y=72.0, edge_attr=[28, 6], custom_label=0.6728972, min_label=0, max_label=107, instance_name='p04.txt');0.672897219657898;0.745825469493866;0.7352145314216614;0.22874903678894043
Data(x=[28, 7], edge_index=[2, 28], y=71.0, edge_attr=[28, 6], custom_label=0.6635514, min_label=0, max_label=107, instance_name='p04.txt');0.663551390171051;0.745825469493866;0.7352145314216614;0.22874903678894043
Data(x=[29, 7], edge_index=[2, 2], edge_attr=[2, 6], y=70.0, custom_label=0.6542056, min_label=0, max_label=107, instance_name='p04.txt');0.6542056202888489;0.3962308466434479;0.3557753264904022;0.14261645078659058
Data(x=[29, 7], edge_index=[2, 2], edge_attr=[2, 6], y=69.0, custom_label=0.6448598, min_label=0, max_label=107, instance_name='p04.txt');0.644859790802002;0.3962308466434479;0.3557753264904022;0.14261645078659058
Data(x=[29, 7], edge_index=[2, 2], edge_attr=[2, 6], y=68.0, custom_label=0.635514, min_label=0, max_label=107, instance_name='p04.txt');0.6355140209197998;0.3962308466434479;0.3557753264904022;0.14261645078659058
Data(x=[29, 7], edge_index=[2, 2], edge_attr=[2, 6], y=67.0, custom_label=0.62616825, min_label=0, max_label=107, instance_name='p04.txt');0.6261682510375977;0.3962308466434479;0.3557753264904022;0.14261645078659058
Data(x=[29, 7], edge_index=[2, 2], edge_attr=[2, 6], y=66.0, custom_label=0.6168224, min_label=0, max_label=107, instance_name='p04.txt');0.6168224215507507;0.3962308466434479;0.3557753264904022;0.14261645078659058
Data(x=[29, 7], edge_index=[2, 2], edge_attr=[2, 6], y=65.0, custom_label=0.60747665, min_label=0, max_label=107, instance_name='p04.txt');0.6074766516685486;0.3962308466434479;0.3557753264904022;0.14261645078659058
Data(x=[29, 7], edge_index=[2, 2], edge_attr=[2, 6], y=64.0, custom_label=0.5981308, min_label=0, max_label=107, instance_name='p04.txt');0.5981308221817017;0.3962308466434479;0.3557753264904022;0.14261645078659058
Data(x=[29, 7], edge_index=[2, 2], edge_attr=[2, 6], y=63.0, custom_label=0.58878505, min_label=0, max_label=107, instance_name='p04.txt');0.5887850522994995;0.3962308466434479;0.3557753264904022;0.14261645078659058
Data(x=[29, 7], edge_index=[2, 2], edge_attr=[2, 6], y=62.0, custom_label=0.5794392, min_label=0, max_label=107, instance_name='p04.txt');0.5794392228126526;0.3962308466434479;0.3557753264904022;0.14261645078659058
Data(x=[29, 7], edge_index=[2, 2], edge_attr=[2, 6], y=61.0, custom_label=0.57009345, min_label=0, max_label=107, instance_name='p04.txt');0.5700934529304504;0.3962308466434479;0.3557753264904022;0.14261645078659058
Data(x=[29, 7], edge_index=[2, 2], edge_attr=[2, 6], y=60.0, custom_label=0.5607477, min_label=0, max_label=107, instance_name='p04.txt');0.5607476830482483;0.3962308466434479;0.3557753264904022;0.14261645078659058
Data(x=[29, 7], edge_index=[2, 2], edge_attr=[2, 6], y=59.0, custom_label=0.55140185, min_label=0, max_label=107, instance_name='p04.txt');0.5514018535614014;0.3962308466434479;0.3557753264904022;0.14261645078659058
Data(x=[29, 7], edge_index=[2, 2], edge_attr=[2, 6], y=58.0, custom_label=0.5420561, min_label=0, max_label=107, instance_name='p04.txt');0.5420560836791992;0.3962308466434479;0.3557753264904022;0.14261645078659058
Data(x=[29, 7], edge_index=[2, 2], edge_attr=[2, 6], y=57.0, custom_label=0.53271025, min_label=0, max_label=107, instance_name='p04.txt');0.5327102541923523;0.3962308466434479;0.3557753264904022;0.14261645078659058
Data(x=[29, 7], edge_index=[2, 2], edge_attr=[2, 6], y=56.0, custom_label=0.5233645, min_label=0, max_label=107, instance_name='p04.txt');0.5233644843101501;0.3962308466434479;0.3557753264904022;0.14261645078659058
Data(x=[29, 7], edge_index=[2, 2], edge_attr=[2, 6], y=55.0, custom_label=0.5140187, min_label=0, max_label=107, instance_name='p04.txt');0.514018714427948;0.3962308466434479;0.3557753264904022;0.14261645078659058
Data(x=[29, 7], edge_index=[2, 2], edge_attr=[2, 6], y=54.0, custom_label=0.5046729, min_label=0, max_label=107, instance_name='p04.txt');0.5046728849411011;0.3962308466434479;0.3557753264904022;0.14261645078659058
Data(x=[29, 7], edge_index=[2, 2], edge_attr=[2, 6], y=53.0, custom_label=0.49532712, min_label=0, max_label=107, instance_name='p04.txt');0.4953271150588989;0.3962308466434479;0.3557753264904022;0.14261645078659058
Data(x=[29, 7], edge_index=[2, 2], edge_attr=[2, 6], y=52.0, custom_label=0.48598132, min_label=0, max_label=107, instance_name='p04.txt');0.4859813153743744;0.3962308466434479;0.3557753264904022;0.14261645078659058
Data(x=[29, 7], edge_index=[2, 2], edge_attr=[2, 6], y=51.0, custom_label=0.47663552, min_label=0, max_label=107, instance_name='p04.txt');0.47663551568984985;0.3962308466434479;0.3557753264904022;0.14261645078659058
Data(x=[29, 7], edge_index=[2, 2], edge_attr=[2, 6], y=50.0, custom_label=0.46728972, min_label=0, max_label=107, instance_name='p04.txt');0.4672897160053253;0.3962308466434479;0.3557753264904022;0.14261645078659058
Data(x=[29, 7], edge_index=[2, 2], edge_attr=[2, 6], y=49.0, custom_label=0.45794392, min_label=0, max_label=107, instance_name='p04.txt');0.4579439163208008;0.3962308466434479;0.3557753264904022;0.14261645078659058
Data(x=[29, 7], edge_index=[2, 2], edge_attr=[2, 6], y=48.0, custom_label=0.44859812, min_label=0, max_label=107, instance_name='p04.txt');0.44859811663627625;0.3962308466434479;0.3557753264904022;0.14261645078659058
Data(x=[29, 7], edge_index=[2, 2], edge_attr=[2, 6], y=47.0, custom_label=0.43925235, min_label=0, max_label=107, instance_name='p04.txt');0.4392523467540741;0.3962308466434479;0.3557753264904022;0.14261645078659058
Data(x=[29, 7], edge_index=[2, 2], edge_attr=[2, 6], y=46.0, custom_label=0.42990655, min_label=0, max_label=107, instance_name='p04.txt');0.42990654706954956;0.3962308466434479;0.3557753264904022;0.14261645078659058
Data(x=[29, 7], edge_index=[2, 2], edge_attr=[2, 6], y=45.0, custom_label=0.42056075, min_label=0, max_label=107, instance_name='p04.txt');0.420560747385025;0.3962308466434479;0.3557753264904022;0.14261645078659058
Data(x=[29, 7], edge_index=[2, 2], edge_attr=[2, 6], y=44.0, custom_label=0.41121495, min_label=0, max_label=107, instance_name='p04.txt');0.4112149477005005;0.3962308466434479;0.3557753264904022;0.14261645078659058
Data(x=[29, 7], edge_index=[2, 2], edge_attr=[2, 6], y=43.0, custom_label=0.40186915, min_label=0, max_label=107, instance_name='p04.txt');0.40186914801597595;0.3962308466434479;0.3557753264904022;0.14261645078659058
Data(x=[29, 7], edge_index=[2, 2], edge_attr=[2, 6], y=42.0, custom_label=0.39252338, min_label=0, max_label=107, instance_name='p04.txt');0.3925233781337738;0.3962308466434479;0.3557753264904022;0.14261645078659058
Data(x=[29, 7], edge_index=[2, 2], edge_attr=[2, 6], y=41.0, custom_label=0.38317758, min_label=0, max_label=107, instance_name='p04.txt');0.38317757844924927;0.3962308466434479;0.3557753264904022;0.14261645078659058
Data(x=[29, 7], edge_index=[2, 2], edge_attr=[2, 6], y=40.0, custom_label=0.37383178, min_label=0, max_label=107, instance_name='p04.txt');0.37383177876472473;0.3962308466434479;0.3557753264904022;0.14261645078659058
Data(x=[29, 7], edge_index=[2, 2], edge_attr=[2, 6], y=39.0, custom_label=0.36448598, min_label=0, max_label=107, instance_name='p04.txt');0.3644859790802002;0.3962308466434479;0.3557753264904022;0.14261645078659058
Data(x=[29, 7], edge_index=[2, 2], edge_attr=[2, 6], y=38.0, custom_label=0.35514018, min_label=0, max_label=107, instance_name='p04.txt');0.35514017939567566;0.3962308466434479;0.3557753264904022;0.14261645078659058
Data(x=[29, 7], edge_index=[2, 2], edge_attr=[2, 6], y=37.0, custom_label=0.34579438, min_label=0, max_label=107, instance_name='p04.txt');0.3457943797111511;0.3962308466434479;0.3557753264904022;0.14261645078659058
Data(x=[29, 7], edge_index=[2, 2], edge_attr=[2, 6], y=36.0, custom_label=0.3364486, min_label=0, max_label=107, instance_name='p04.txt');0.336448609828949;0.3962308466434479;0.3557753264904022;0.14261645078659058
Data(x=[29, 7], edge_index=[2, 2], edge_attr=[2, 6], y=35.0, custom_label=0.3271028, min_label=0, max_label=107, instance_name='p04.txt');0.32710281014442444;0.3962308466434479;0.3557753264904022;0.14261645078659058
Data(x=[30, 7], edge_index=[2, 4], edge_attr=[4, 6], y=34.0, custom_label=0.317757, min_label=0, max_label=107, instance_name='p04.txt');0.3177570104598999;0.1989745944738388;0.15381436049938202;0.14261645078659058
Data(x=[30, 7], edge_index=[2, 4], edge_attr=[4, 6], y=33.0, custom_label=0.3084112, min_label=0, max_label=107, instance_name='p04.txt');0.30841121077537537;0.1989745944738388;0.15381436049938202;0.14261645078659058
Data(x=[30, 7], edge_index=[2, 4], edge_attr=[4, 6], y=32.0, custom_label=0.2990654, min_label=0, max_label=107, instance_name='p04.txt');0.29906541109085083;0.1989745944738388;0.15381436049938202;0.14261645078659058
Data(x=[30, 7], edge_index=[2, 4], edge_attr=[4, 6], y=31.0, custom_label=0.2897196, min_label=0, max_label=107, instance_name='p04.txt');0.2897196114063263;0.1989745944738388;0.15381436049938202;0.14261645078659058
Data(x=[30, 7], edge_index=[2, 4], edge_attr=[4, 6], y=30.0, custom_label=0.28037384, min_label=0, max_label=107, instance_name='p04.txt');0.28037384152412415;0.1989745944738388;0.15381436049938202;0.14261645078659058
Data(x=[30, 7], edge_index=[2, 4], edge_attr=[4, 6], y=29.0, custom_label=0.27102804, min_label=0, max_label=107, instance_name='p04.txt');0.2710280418395996;0.1989745944738388;0.15381436049938202;0.14261645078659058
Data(x=[30, 7], edge_index=[2, 4], edge_attr=[4, 6], y=28.0, custom_label=0.26168224, min_label=0, max_label=107, instance_name='p04.txt');0.2616822421550751;0.1989745944738388;0.15381436049938202;0.14261645078659058
Data(x=[30, 7], edge_index=[2, 4], edge_attr=[4, 6], y=27.0, custom_label=0.25233644, min_label=0, max_label=107, instance_name='p04.txt');0.25233644247055054;0.1989745944738388;0.15381436049938202;0.14261645078659058
Data(x=[30, 7], edge_index=[2, 4], edge_attr=[4, 6], y=26.0, custom_label=0.24299066, min_label=0, max_label=107, instance_name='p04.txt');0.2429906576871872;0.1989745944738388;0.15381436049938202;0.14261645078659058
Data(x=[30, 7], edge_index=[2, 4], edge_attr=[4, 6], y=25.0, custom_label=0.23364486, min_label=0, max_label=107, instance_name='p04.txt');0.23364485800266266;0.1989745944738388;0.15381436049938202;0.14261645078659058
Data(x=[30, 7], edge_index=[2, 4], edge_attr=[4, 6], y=24.0, custom_label=0.22429906, min_label=0, max_label=107, instance_name='p04.txt');0.22429905831813812;0.1989745944738388;0.15381436049938202;0.14261645078659058
Data(x=[30, 7], edge_index=[2, 4], edge_attr=[4, 6], y=23.0, custom_label=0.21495327, min_label=0, max_label=107, instance_name='p04.txt');0.21495327353477478;0.1989745944738388;0.15381436049938202;0.14261645078659058
Data(x=[30, 7], edge_index=[2, 4], edge_attr=[4, 6], y=22.0, custom_label=0.20560747, min_label=0, max_label=107, instance_name='p04.txt');0.20560747385025024;0.1989745944738388;0.15381436049938202;0.14261645078659058
Data(x=[30, 7], edge_index=[2, 4], edge_attr=[4, 6], y=21.0, custom_label=0.19626169, min_label=0, max_label=107, instance_name='p04.txt');0.1962616890668869;0.1989745944738388;0.15381436049938202;0.14261645078659058
Data(x=[30, 7], edge_index=[2, 4], edge_attr=[4, 6], y=20.0, custom_label=0.18691589, min_label=0, max_label=107, instance_name='p04.txt');0.18691588938236237;0.1989745944738388;0.15381436049938202;0.14261645078659058
Data(x=[30, 7], edge_index=[2, 4], edge_attr=[4, 6], y=19.0, custom_label=0.17757009, min_label=0, max_label=107, instance_name='p04.txt');0.17757008969783783;0.1989745944738388;0.15381436049938202;0.14261645078659058
Data(x=[30, 7], edge_index=[2, 4], edge_attr=[4, 6], y=18.0, custom_label=0.1682243, min_label=0, max_label=107, instance_name='p04.txt');0.1682243049144745;0.1989745944738388;0.15381436049938202;0.14261645078659058
Data(x=[30, 7], edge_index=[2, 4], edge_attr=[4, 6], y=17.0, custom_label=0.1588785, min_label=0, max_label=107, instance_name='p04.txt');0.15887850522994995;0.1989745944738388;0.15381436049938202;0.14261645078659058
Data(x=[30, 7], edge_index=[2, 4], edge_attr=[4, 6], y=16.0, custom_label=0.1495327, min_label=0, max_label=107, instance_name='p04.txt');0.14953270554542542;0.1989745944738388;0.15381436049938202;0.14261645078659058
Data(x=[30, 7], edge_index=[2, 4], edge_attr=[4, 6], y=15.0, custom_label=0.14018692, min_label=0, max_label=107, instance_name='p04.txt');0.14018692076206207;0.1989745944738388;0.15381436049938202;0.14261645078659058
Data(x=[30, 7], edge_index=[2, 4], edge_attr=[4, 6], y=14.0, custom_label=0.13084112, min_label=0, max_label=107, instance_name='p04.txt');0.13084112107753754;0.1989745944738388;0.15381436049938202;0.14261645078659058
Data(x=[30, 7], edge_index=[2, 4], edge_attr=[4, 6], y=13.0, custom_label=0.12149533, min_label=0, max_label=107, instance_name='p04.txt');0.1214953288435936;0.1989745944738388;0.15381436049938202;0.14261645078659058
Data(x=[30, 7], edge_index=[2, 4], edge_attr=[4, 6], y=12.0, custom_label=0.11214953, min_label=0, max_label=107, instance_name='p04.txt');0.11214952915906906;0.1989745944738388;0.15381436049938202;0.14261645078659058
Data(x=[30, 7], edge_index=[2, 4], edge_attr=[4, 6], y=11.0, custom_label=0.10280374, min_label=0, max_label=107, instance_name='p04.txt');0.10280373692512512;0.1989745944738388;0.15381436049938202;0.14261645078659058
Data(x=[30, 7], edge_index=[2, 4], edge_attr=[4, 6], y=10.0, custom_label=0.093457945, min_label=0, max_label=107, instance_name='p04.txt');0.09345794469118118;0.1989745944738388;0.15381436049938202;0.14261645078659058
Data(x=[30, 7], edge_index=[2, 4], edge_attr=[4, 6], y=9.0, custom_label=0.08411215, min_label=0, max_label=107, instance_name='p04.txt');0.08411215245723724;0.1989745944738388;0.15381436049938202;0.14261645078659058
Data(x=[30, 7], edge_index=[2, 4], edge_attr=[4, 6], y=8.0, custom_label=0.07476635, min_label=0, max_label=107, instance_name='p04.txt');0.07476635277271271;0.1989745944738388;0.15381436049938202;0.14261645078659058
Data(x=[30, 7], edge_index=[2, 4], edge_attr=[4, 6], y=7.0, custom_label=0.06542056, min_label=0, max_label=107, instance_name='p04.txt');0.06542056053876877;0.1989745944738388;0.15381436049938202;0.14261645078659058
Data(x=[30, 7], edge_index=[2, 4], edge_attr=[4, 6], y=6.0, custom_label=0.056074765, min_label=0, max_label=107, instance_name='p04.txt');0.05607476457953453;0.1989745944738388;0.15381436049938202;0.14261645078659058
Data(x=[30, 7], edge_index=[2, 4], edge_attr=[4, 6], y=5.0, custom_label=0.046728972, min_label=0, max_label=107, instance_name='p04.txt');0.04672897234559059;0.1989745944738388;0.15381436049938202;0.14261645078659058
Data(x=[30, 7], edge_index=[2, 4], edge_attr=[4, 6], y=4.0, custom_label=0.037383176, min_label=0, max_label=107, instance_name='p04.txt');0.037383176386356354;0.1989745944738388;0.15381436049938202;0.14261645078659058
Data(x=[30, 7], edge_index=[2, 4], edge_attr=[4, 6], y=3.0, custom_label=0.028037382, min_label=0, max_label=107, instance_name='p04.txt');0.028037382289767265;0.1989745944738388;0.15381436049938202;0.14261645078659058
Data(x=[30, 7], edge_index=[2, 4], edge_attr=[4, 6], y=2.0, custom_label=0.018691588, min_label=0, max_label=107, instance_name='p04.txt');0.018691588193178177;0.1989745944738388;0.15381436049938202;0.14261645078659058
Data(x=[30, 7], edge_index=[2, 4], edge_attr=[4, 6], y=1.0, custom_label=0.009345794, min_label=0, max_label=107, instance_name='p04.txt');0.009345794096589088;0.1989745944738388;0.15381436049938202;0.14261645078659058
Data(x=[31, 7], edge_index=[2, 6], edge_attr=[6, 6], y=0.0, custom_label=0.0, min_label=0, max_label=107, instance_name='p04.txt');0.0;0.00910135917365551;0.0011154944077134132;0.14261645078659058
Data(x=[36, 7], edge_index=[2, 36], y=25.0, edge_attr=[36, 6], custom_label=1.0, min_label=0, max_label=25, instance_name='p05.txt');1.0;0.8691177368164062;0.862645149230957;0.22874903678894043
Data(x=[36, 7], edge_index=[2, 36], y=24.0, edge_attr=[36, 6], custom_label=0.96, min_label=0, max_label=25, instance_name='p05.txt');0.9599999785423279;0.8691177368164062;0.862645149230957;0.22874903678894043
Data(x=[36, 7], edge_index=[2, 36], y=23.0, edge_attr=[36, 6], custom_label=0.92, min_label=0, max_label=25, instance_name='p05.txt');0.9200000166893005;0.8691177368164062;0.862645149230957;0.22874903678894043
Data(x=[37, 7], edge_index=[2, 2], edge_attr=[2, 6], y=22.0, custom_label=0.88, min_label=0, max_label=25, instance_name='p05.txt');0.8799999952316284;0.7547867894172668;0.6745766997337341;0.14261645078659058
Data(x=[38, 7], edge_index=[2, 4], edge_attr=[4, 6], y=21.0, custom_label=0.84, min_label=0, max_label=25, instance_name='p05.txt');0.8399999737739563;0.6028226017951965;0.54733806848526;0.14261645078659058
Data(x=[38, 7], edge_index=[2, 4], edge_attr=[4, 6], y=20.0, custom_label=0.8, min_label=0, max_label=25, instance_name='p05.txt');0.800000011920929;0.6028226017951965;0.54733806848526;0.14261645078659058
Data(x=[38, 7], edge_index=[2, 4], edge_attr=[4, 6], y=19.0, custom_label=0.76, min_label=0, max_label=25, instance_name='p05.txt');0.7599999904632568;0.6028226017951965;0.54733806848526;0.14261645078659058
Data(x=[38, 7], edge_index=[2, 4], edge_attr=[4, 6], y=18.0, custom_label=0.72, min_label=0, max_label=25, instance_name='p05.txt');0.7200000286102295;0.6028226017951965;0.54733806848526;0.14261645078659058
Data(x=[38, 7], edge_index=[2, 4], edge_attr=[4, 6], y=17.0, custom_label=0.68, min_label=0, max_label=25, instance_name='p05.txt');0.6800000071525574;0.6028226017951965;0.54733806848526;0.14261645078659058
Data(x=[38, 7], edge_index=[2, 4], edge_attr=[4, 6], y=16.0, custom_label=0.64, min_label=0, max_label=25, instance_name='p05.txt');0.6399999856948853;0.6028226017951965;0.54733806848526;0.14261645078659058
Data(x=[39, 7], edge_index=[2, 6], edge_attr=[6, 6], y=15.0, custom_label=0.6, min_label=0, max_label=25, instance_name='p05.txt');0.6000000238418579;0.4852648079395294;0.41863495111465454;0.14261645078659058
Data(x=[40, 7], edge_index=[2, 8], edge_attr=[8, 6], y=14.0, custom_label=0.56, min_label=0, max_label=25, instance_name='p05.txt');0.5600000023841858;0.3276926279067993;0.3025035858154297;0.14261645078659058
Data(x=[40, 7], edge_index=[2, 8], edge_attr=[8, 6], y=13.0, custom_label=0.52, min_label=0, max_label=25, instance_name='p05.txt');0.5199999809265137;0.3276926279067993;0.3025035858154297;0.14261645078659058
Data(x=[40, 7], edge_index=[2, 8], edge_attr=[8, 6], y=12.0, custom_label=0.48, min_label=0, max_label=25, instance_name='p05.txt');0.47999998927116394;0.3276926279067993;0.3025035858154297;0.14261645078659058
Data(x=[40, 7], edge_index=[2, 8], edge_attr=[8, 6], y=11.0, custom_label=0.44, min_label=0, max_label=25, instance_name='p05.txt');0.4399999976158142;0.3276926279067993;0.3025035858154297;0.14261645078659058
Data(x=[40, 7], edge_index=[2, 8], edge_attr=[8, 6], y=10.0, custom_label=0.4, min_label=0, max_label=25, instance_name='p05.txt');0.4000000059604645;0.3276926279067993;0.3025035858154297;0.14261645078659058
Data(x=[40, 7], edge_index=[2, 8], edge_attr=[8, 6], y=9.0, custom_label=0.36, min_label=0, max_label=25, instance_name='p05.txt');0.36000001430511475;0.3276926279067993;0.3025035858154297;0.14261645078659058
Data(x=[41, 7], edge_index=[2, 10], edge_attr=[10, 6], y=8.0, custom_label=0.32, min_label=0, max_label=25, instance_name='p05.txt');0.3199999928474426;0.19459284842014313;0.17901982367038727;0.14261645078659058
Data(x=[42, 7], edge_index=[2, 12], edge_attr=[12, 6], y=7.0, custom_label=0.28, min_label=0, max_label=25, instance_name='p05.txt');0.2800000011920929;0.09462057799100876;0.06986630707979202;0.14261645078659058
Data(x=[42, 7], edge_index=[2, 12], edge_attr=[12, 6], y=6.0, custom_label=0.24, min_label=0, max_label=25, instance_name='p05.txt');0.23999999463558197;0.09462057799100876;0.06986630707979202;0.14261645078659058
Data(x=[42, 7], edge_index=[2, 12], edge_attr=[12, 6], y=5.0, custom_label=0.2, min_label=0, max_label=25, instance_name='p05.txt');0.20000000298023224;0.09462057799100876;0.06986630707979202;0.14261645078659058
Data(x=[42, 7], edge_index=[2, 12], edge_attr=[12, 6], y=4.0, custom_label=0.16, min_label=0, max_label=25, instance_name='p05.txt');0.1599999964237213;0.09462057799100876;0.06986630707979202;0.14261645078659058
Data(x=[42, 7], edge_index=[2, 12], edge_attr=[12, 6], y=3.0, custom_label=0.12, min_label=0, max_label=25, instance_name='p05.txt');0.11999999731779099;0.09462057799100876;0.06986630707979202;0.14261645078659058
Data(x=[42, 7], edge_index=[2, 12], edge_attr=[12, 6], y=2.0, custom_label=0.08, min_label=0, max_label=25, instance_name='p05.txt');0.07999999821186066;0.09462057799100876;0.06986630707979202;0.14261645078659058
Data(x=[43, 7], edge_index=[2, 14], edge_attr=[14, 6], y=1.0, custom_label=0.04, min_label=0, max_label=25, instance_name='p05.txt');0.03999999910593033;0.00033400050597265363;0.0003778865793719888;0.14261645078659058
Data(x=[44, 7], edge_index=[2, 16], edge_attr=[16, 6], y=0.0, custom_label=0.0, min_label=0, max_label=25, instance_name='p05.txt');0.0;1.5413877463288372e-07;8.701186970938579e-08;0.14261645078659058
Data(x=[34, 7], edge_index=[2, 22], edge_attr=[22, 6], y=5.0, custom_label=0.2, min_label=0, max_label=25, instance_name='p05.txt');0.20000000298023224;3.372053106431849e-05;3.472890966804698e-05;0.14261645078659058
Data(x=[33, 7], edge_index=[2, 20], edge_attr=[20, 6], y=4.0, custom_label=0.16, min_label=0, max_label=25, instance_name='p05.txt');0.1599999964237213;0.00015013229858595878;0.00015451034414581954;0.14261645078659058
Data(x=[33, 7], edge_index=[2, 20], edge_attr=[20, 6], y=3.0, custom_label=0.12, min_label=0, max_label=25, instance_name='p05.txt');0.11999999731779099;0.00015013229858595878;0.00015451034414581954;0.14261645078659058
Data(x=[33, 7], edge_index=[2, 20], edge_attr=[20, 6], y=2.0, custom_label=0.08, min_label=0, max_label=25, instance_name='p05.txt');0.07999999821186066;0.00042207332444377244;0.0010136931668967009;0.14261645078659058
Data(x=[33, 7], edge_index=[2, 20], edge_attr=[20, 6], y=1.0, custom_label=0.04, min_label=0, max_label=25, instance_name='p05.txt');0.03999999910593033;0.0004220734990667552;0.0010136931668967009;0.14261645078659058
Data(x=[34, 7], edge_index=[2, 22], edge_attr=[22, 6], y=0.0, custom_label=0.0, min_label=0, max_label=25, instance_name='p05.txt');0.0;6.863589696592953e-09;3.2337557076544954e-09;0.14261645078659058
Data(x=[41, 7], edge_index=[2, 30], edge_attr=[30, 6], y=0.0, custom_label=0.0, min_label=0, max_label=25, instance_name='p05.txt');0.0;1.2448806430143122e-08;1.2367246116085084e-09;3.5711077543965075e-06
Data(x=[32, 7], edge_index=[2, 30], edge_attr=[30, 6], y=11.0, custom_label=0.44, min_label=0, max_label=25, instance_name='p05.txt');0.4399999976158142;0.34285441040992737;0.2560085654258728;6.465290789492428e-05
Data(x=[32, 7], edge_index=[2, 30], edge_attr=[30, 6], y=10.0, custom_label=0.4, min_label=0, max_label=25, instance_name='p05.txt');0.4000000059604645;0.3141973614692688;0.2638768255710602;0.14261645078659058
Data(x=[32, 7], edge_index=[2, 30], edge_attr=[30, 6], y=9.0, custom_label=0.36, min_label=0, max_label=25, instance_name='p05.txt');0.36000001430511475;0.30457302927970886;0.2829381227493286;0.14261645078659058
Data(x=[32, 7], edge_index=[2, 30], edge_attr=[30, 6], y=8.0, custom_label=0.32, min_label=0, max_label=25, instance_name='p05.txt');0.3199999928474426;0.3428543508052826;0.2560085654258728;0.14261645078659058
Data(x=[33, 7], edge_index=[2, 32], edge_attr=[32, 6], y=7.0, custom_label=0.28, min_label=0, max_label=25, instance_name='p05.txt');0.2800000011920929;0.22134040296077728;0.11833594739437103;0.14261645078659058
Data(x=[32, 7], edge_index=[2, 26], edge_attr=[26, 6], y=6.0, custom_label=0.24, min_label=0, max_label=25, instance_name='p05.txt');0.23999999463558197;0.22196580469608307;0.11043409258127213;0.14261645078659058
Data(x=[33, 7], edge_index=[2, 28], edge_attr=[28, 6], y=5.0, custom_label=0.2, min_label=0, max_label=25, instance_name='p05.txt');0.20000000298023224;0.05930398777127266;0.0007479505729861557;0.14261645078659058
Data(x=[32, 7], edge_index=[2, 24], edge_attr=[24, 6], y=4.0, custom_label=0.16, min_label=0, max_label=25, instance_name='p05.txt');0.1599999964237213;0.0035075924824923277;0.0003423314483370632;0.14261645078659058
Data(x=[32, 7], edge_index=[2, 24], edge_attr=[24, 6], y=3.0, custom_label=0.12, min_label=0, max_label=25, instance_name='p05.txt');0.11999999731779099;0.0035075924824923277;0.0003423314483370632;0.14261645078659058
Data(x=[32, 7], edge_index=[2, 24], edge_attr=[24, 6], y=2.0, custom_label=0.08, min_label=0, max_label=25, instance_name='p05.txt');0.07999999821186066;0.00048612651880830526;0.0073950644582509995;0.14261645078659058
Data(x=[32, 7], edge_index=[2, 24], edge_attr=[24, 6], y=1.0, custom_label=0.04, min_label=0, max_label=25, instance_name='p05.txt');0.03999999910593033;0.0035075924824923277;0.0003423314483370632;0.14261645078659058
Data(x=[33, 7], edge_index=[2, 26], edge_attr=[26, 6], y=0.0, custom_label=0.0, min_label=0, max_label=25, instance_name='p05.txt');0.0;1.076845421721373e-07;5.224193522224141e-09;0.14261645078659058
Data(x=[33, 7], edge_index=[2, 26], edge_attr=[26, 6], y=0.0, custom_label=0.0, min_label=0, max_label=25, instance_name='p05.txt');0.0;3.405211757012694e-08;5.339680364535582e-10;0.14261645078659058
Data(x=[35, 7], edge_index=[2, 22], edge_attr=[22, 6], y=9.0, custom_label=0.36, min_label=0, max_label=25, instance_name='p05.txt');0.36000001430511475;0.23287232220172882;0.22381892800331116;1.7557023966219276e-05
Data(x=[35, 7], edge_index=[2, 22], edge_attr=[22, 6], y=8.0, custom_label=0.32, min_label=0, max_label=25, instance_name='p05.txt');0.3199999928474426;0.2502242922782898;0.2534378468990326;1.7557023966219276e-05
Data(x=[35, 7], edge_index=[2, 22], edge_attr=[22, 6], y=7.0, custom_label=0.28, min_label=0, max_label=25, instance_name='p05.txt');0.2800000011920929;0.25797703862190247;0.23237605392932892;1.7557023966219276e-05
Data(x=[36, 7], edge_index=[2, 24], edge_attr=[24, 6], y=6.0, custom_label=0.24, min_label=0, max_label=25, instance_name='p05.txt');0.23999999463558197;0.016673380509018898;0.014654419384896755;1.7557023966219276e-05
Data(x=[36, 7], edge_index=[2, 24], edge_attr=[24, 6], y=5.0, custom_label=0.2, min_label=0, max_label=25, instance_name='p05.txt');0.20000000298023224;0.00012121965119149536;0.00013656713417731225;1.7557023966219276e-05
Data(x=[35, 7], edge_index=[2, 22], edge_attr=[22, 6], y=4.0, custom_label=0.16, min_label=0, max_label=25, instance_name='p05.txt');0.1599999964237213;0.0005134025122970343;0.0005811155424453318;1.7557023966219276e-05
Data(x=[35, 7], edge_index=[2, 22], edge_attr=[22, 6], y=3.0, custom_label=0.12, min_label=0, max_label=25, instance_name='p05.txt');0.11999999731779099;0.0005134025122970343;0.0005811152514070272;1.7557023966219276e-05
Data(x=[35, 7], edge_index=[2, 22], edge_attr=[22, 6], y=2.0, custom_label=0.08, min_label=0, max_label=25, instance_name='p05.txt');0.07999999821186066;0.0005134025122970343;0.0005811152514070272;1.7557023966219276e-05
Data(x=[35, 7], edge_index=[2, 22], edge_attr=[22, 6], y=1.0, custom_label=0.04, min_label=0, max_label=25, instance_name='p05.txt');0.03999999910593033;0.0005134025122970343;0.0005811152514070272;1.7557023966219276e-05
Data(x=[36, 7], edge_index=[2, 24], edge_attr=[24, 6], y=0.0, custom_label=0.0, min_label=0, max_label=25, instance_name='p05.txt');0.0;3.953325489192139e-08;2.2672054456052138e-08;1.7557023966219276e-05
Data(x=[39, 7], edge_index=[2, 24], edge_attr=[24, 6], y=9.0, custom_label=0.36, min_label=0, max_label=25, instance_name='p05.txt');0.36000001430511475;0.25392526388168335;0.21461054682731628;0.006243646144866943
Data(x=[39, 7], edge_index=[2, 24], edge_attr=[24, 6], y=8.0, custom_label=0.32, min_label=0, max_label=25, instance_name='p05.txt');0.3199999928474426;0.1552053540945053;0.056355636566877365;0.006243646144866943
Data(x=[38, 7], edge_index=[2, 20], edge_attr=[20, 6], y=7.0, custom_label=0.28, min_label=0, max_label=25, instance_name='p05.txt');0.2800000011920929;0.05987536907196045;0.044072460383176804;0.006243646144866943
Data(x=[38, 7], edge_index=[2, 20], edge_attr=[20, 6], y=6.0, custom_label=0.24, min_label=0, max_label=25, instance_name='p05.txt');0.23999999463558197;0.05987536907196045;0.044072460383176804;0.006243646144866943
Data(x=[38, 7], edge_index=[2, 20], edge_attr=[20, 6], y=5.0, custom_label=0.2, min_label=0, max_label=25, instance_name='p05.txt');0.20000000298023224;0.059875380247831345;0.044072460383176804;0.006243646144866943
Data(x=[39, 7], edge_index=[2, 22], edge_attr=[22, 6], y=4.0, custom_label=0.16, min_label=0, max_label=25, instance_name='p05.txt');0.1599999964237213;1.2008010344288778e-05;1.2367472663754597e-05;0.006243646144866943
Data(x=[38, 7], edge_index=[2, 20], edge_attr=[20, 6], y=3.0, custom_label=0.12, min_label=0, max_label=25, instance_name='p05.txt');0.11999999731779099;4.129060107516125e-05;4.420807817950845e-05;0.006243646144866943
Data(x=[38, 7], edge_index=[2, 20], edge_attr=[20, 6], y=2.0, custom_label=0.08, min_label=0, max_label=25, instance_name='p05.txt');0.07999999821186066;0.00018099942826665938;0.0040246048010885715;0.006243646144866943
Data(x=[38, 7], edge_index=[2, 20], edge_attr=[20, 6], y=1.0, custom_label=0.04, min_label=0, max_label=25, instance_name='p05.txt');0.03999999910593033;4.129060107516125e-05;4.420807817950845e-05;0.006243646144866943
Data(x=[39, 7], edge_index=[2, 22], edge_attr=[22, 6], y=0.0, custom_label=0.0, min_label=0, max_label=25, instance_name='p05.txt');0.0;7.47228678932288e-09;3.6513208012678433e-09;0.006243646144866943
Data(x=[40, 7], edge_index=[2, 32], edge_attr=[32, 6], y=3.0, custom_label=0.12, min_label=0, max_label=25, instance_name='p05.txt');0.11999999731779099;0.004935820586979389;5.99003178649582e-05;0.14261645078659058
Data(x=[40, 7], edge_index=[2, 32], edge_attr=[32, 6], y=2.0, custom_label=0.08, min_label=0, max_label=25, instance_name='p05.txt');0.07999999821186066;0.005095397122204304;6.396818935172632e-05;0.14261645078659058
Data(x=[40, 7], edge_index=[2, 32], edge_attr=[32, 6], y=1.0, custom_label=0.04, min_label=0, max_label=25, instance_name='p05.txt');0.03999999910593033;0.001487155444920063;8.997712029668037e-06;0.14261645078659058
Data(x=[41, 7], edge_index=[2, 34], edge_attr=[34, 6], y=0.0, custom_label=0.0, min_label=0, max_label=25, instance_name='p05.txt');0.0;3.984077920904383e-07;1.2988008446512822e-09;0.14261645078659058
Data(x=[36, 7], edge_index=[2, 24], edge_attr=[24, 6], y=4.0, custom_label=0.16, min_label=0, max_label=25, instance_name='p05.txt');0.1599999964237213;4.6958299208199605e-05;2.4151757315848954e-05;0.006243646144866943
Data(x=[36, 7], edge_index=[2, 24], edge_attr=[24, 6], y=3.0, custom_label=0.12, min_label=0, max_label=25, instance_name='p05.txt');0.11999999731779099;4.6958299208199605e-05;2.4151757315848954e-05;0.00020854815375059843
Data(x=[36, 7], edge_index=[2, 24], edge_attr=[24, 6], y=2.0, custom_label=0.08, min_label=0, max_label=25, instance_name='p05.txt');0.07999999821186066;0.0002317113830940798;0.0002124142920365557;0.00020854815375059843
Data(x=[36, 7], edge_index=[2, 24], edge_attr=[24, 6], y=1.0, custom_label=0.04, min_label=0, max_label=25, instance_name='p05.txt');0.03999999910593033;4.6958299208199605e-05;2.4151757315848954e-05;0.00020854815375059843
Data(x=[37, 7], edge_index=[2, 26], edge_attr=[26, 6], y=0.0, custom_label=0.0, min_label=0, max_label=25, instance_name='p05.txt');0.0;5.101929545503481e-09;1.2442580299421024e-09;0.00020854815375059843
Data(x=[35, 7], edge_index=[2, 20], edge_attr=[20, 6], y=15.0, custom_label=0.6, min_label=0, max_label=25, instance_name='p05.txt');0.6000000238418579;0.2502242922782898;0.22574329376220703;0.14261645078659058
Data(x=[35, 7], edge_index=[2, 20], edge_attr=[20, 6], y=14.0, custom_label=0.56, min_label=0, max_label=25, instance_name='p05.txt');0.5600000023841858;0.2502242922782898;0.22574329376220703;0.14261645078659058
Data(x=[35, 7], edge_index=[2, 20], edge_attr=[20, 6], y=13.0, custom_label=0.52, min_label=0, max_label=25, instance_name='p05.txt');0.5199999809265137;0.2671932280063629;0.25488045811653137;0.14261645078659058
Data(x=[35, 7], edge_index=[2, 20], edge_attr=[20, 6], y=12.0, custom_label=0.48, min_label=0, max_label=25, instance_name='p05.txt');0.47999998927116394;0.2502242922782898;0.22574329376220703;0.14261645078659058
Data(x=[35, 7], edge_index=[2, 20], edge_attr=[20, 6], y=11.0, custom_label=0.44, min_label=0, max_label=25, instance_name='p05.txt');0.4399999976158142;0.2502242922782898;0.22574329376220703;0.14261645078659058
Data(x=[35, 7], edge_index=[2, 20], edge_attr=[20, 6], y=10.0, custom_label=0.4, min_label=0, max_label=25, instance_name='p05.txt');0.4000000059604645;0.2671932578086853;0.25488045811653137;0.14261645078659058
Data(x=[35, 7], edge_index=[2, 20], edge_attr=[20, 6], y=9.0, custom_label=0.36, min_label=0, max_label=25, instance_name='p05.txt');0.36000001430511475;0.2502242922782898;0.22574323415756226;0.14261645078659058
Data(x=[35, 7], edge_index=[2, 20], edge_attr=[20, 6], y=8.0, custom_label=0.32, min_label=0, max_label=25, instance_name='p05.txt');0.3199999928474426;0.2502242922782898;0.22574323415756226;0.14261645078659058
Data(x=[35, 7], edge_index=[2, 20], edge_attr=[20, 6], y=7.0, custom_label=0.28, min_label=0, max_label=25, instance_name='p05.txt');0.2800000011920929;0.2502242922782898;0.22574323415756226;0.14261645078659058
Data(x=[36, 7], edge_index=[2, 22], edge_attr=[22, 6], y=6.0, custom_label=0.24, min_label=0, max_label=25, instance_name='p05.txt');0.23999999463558197;0.06516224890947342;0.034137558192014694;0.14261645078659058
Data(x=[36, 7], edge_index=[2, 22], edge_attr=[22, 6], y=5.0, custom_label=0.2, min_label=0, max_label=25, instance_name='p05.txt');0.20000000298023224;0.06516226381063461;0.034137558192014694;0.14261645078659058
Data(x=[36, 7], edge_index=[2, 22], edge_attr=[22, 6], y=4.0, custom_label=0.16, min_label=0, max_label=25, instance_name='p05.txt');0.1599999964237213;0.1281784176826477;0.11674918234348297;0.14261645078659058
Data(x=[36, 7], edge_index=[2, 22], edge_attr=[22, 6], y=3.0, custom_label=0.12, min_label=0, max_label=25, instance_name='p05.txt');0.11999999731779099;0.06516226381063461;0.034137558192014694;0.14261645078659058
Data(x=[36, 7], edge_index=[2, 22], edge_attr=[22, 6], y=2.0, custom_label=0.08, min_label=0, max_label=25, instance_name='p05.txt');0.07999999821186066;0.06516226381063461;0.034137558192014694;0.14261645078659058
Data(x=[37, 7], edge_index=[2, 24], edge_attr=[24, 6], y=1.0, custom_label=0.04, min_label=0, max_label=25, instance_name='p05.txt');0.03999999910593033;7.304071914404631e-06;6.684469099127455e-06;0.14261645078659058
Data(x=[37, 7], edge_index=[2, 24], edge_attr=[24, 6], y=0.0, custom_label=0.0, min_label=0, max_label=25, instance_name='p05.txt');0.0;2.9594122707976567e-09;1.2944851857099593e-09;0.14261645078659058
Data(x=[27, 7], edge_index=[2, 20], edge_attr=[20, 6], y=10.0, custom_label=0.4, min_label=0, max_label=25, instance_name='p05.txt');0.4000000059604645;0.4835023880004883;0.3907490372657776;0.14261645078659058
Data(x=[27, 7], edge_index=[2, 20], edge_attr=[20, 6], y=9.0, custom_label=0.36, min_label=0, max_label=25, instance_name='p05.txt');0.36000001430511475;0.4835023880004883;0.3907490372657776;0.14261645078659058
Data(x=[27, 7], edge_index=[2, 20], edge_attr=[20, 6], y=8.0, custom_label=0.32, min_label=0, max_label=25, instance_name='p05.txt');0.3199999928474426;0.5061684250831604;0.43419161438941956;0.14261645078659058
Data(x=[27, 7], edge_index=[2, 20], edge_attr=[20, 6], y=7.0, custom_label=0.28, min_label=0, max_label=25, instance_name='p05.txt');0.2800000011920929;0.4835023880004883;0.3907490372657776;0.14261645078659058
Data(x=[28, 7], edge_index=[2, 22], edge_attr=[22, 6], y=6.0, custom_label=0.24, min_label=0, max_label=25, instance_name='p05.txt');0.23999999463558197;0.2880357801914215;0.24387601017951965;0.14261645078659058
Data(x=[27, 7], edge_index=[2, 20], edge_attr=[20, 6], y=5.0, custom_label=0.2, min_label=0, max_label=25, instance_name='p05.txt');0.20000000298023224;0.31735682487487793;0.24788163602352142;0.14261645078659058
Data(x=[27, 7], edge_index=[2, 20], edge_attr=[20, 6], y=4.0, custom_label=0.16, min_label=0, max_label=25, instance_name='p05.txt');0.1599999964237213;0.31735679507255554;0.24788163602352142;0.14261645078659058
Data(x=[28, 7], edge_index=[2, 22], edge_attr=[22, 6], y=3.0, custom_label=0.12, min_label=0, max_label=25, instance_name='p05.txt');0.11999999731779099;0.1499427855014801;0.10126517713069916;0.14261645078659058
Data(x=[28, 7], edge_index=[2, 22], edge_attr=[22, 6], y=2.0, custom_label=0.08, min_label=0, max_label=25, instance_name='p05.txt');0.07999999821186066;0.0007470922428183258;0.0013358702417463064;0.14261645078659058
Data(x=[27, 7], edge_index=[2, 18], edge_attr=[18, 6], y=1.0, custom_label=0.04, min_label=0, max_label=25, instance_name='p05.txt');0.03999999910593033;4.859595719608478e-06;7.275158714037389e-05;0.14261645078659058
Data(x=[28, 7], edge_index=[2, 20], edge_attr=[20, 6], y=0.0, custom_label=0.0, min_label=0, max_label=25, instance_name='p05.txt');0.0;3.084055927304874e-11;1.5560265576031185e-10;0.14261645078659058
Data(x=[19, 7], edge_index=[2, 4], edge_attr=[4, 6], y=35.0, custom_label=1.0, min_label=0, max_label=35, instance_name='p06.txt');1.0;0.2442573755979538;0.23118381202220917;0.14261645078659058
Data(x=[19, 7], edge_index=[2, 4], edge_attr=[4, 6], y=34.0, custom_label=0.9714286, min_label=0, max_label=35, instance_name='p06.txt');0.9714285731315613;0.2442573755979538;0.23118381202220917;0.14261645078659058
Data(x=[19, 7], edge_index=[2, 4], edge_attr=[4, 6], y=33.0, custom_label=0.94285715, min_label=0, max_label=35, instance_name='p06.txt');0.9428571462631226;0.2442573755979538;0.23118381202220917;0.14261645078659058
Data(x=[19, 7], edge_index=[2, 4], edge_attr=[4, 6], y=32.0, custom_label=0.9142857, min_label=0, max_label=35, instance_name='p06.txt');0.9142857193946838;0.2442573755979538;0.2311837524175644;0.14261645078659058
Data(x=[18, 7], edge_index=[2, 2], edge_attr=[2, 6], y=31.0, custom_label=0.8857143, min_label=0, max_label=35, instance_name='p06.txt');0.8857142925262451;0.5474495887756348;0.49494674801826477;0.14261645078659058
Data(x=[18, 7], edge_index=[2, 2], edge_attr=[2, 6], y=30.0, custom_label=0.85714287, min_label=0, max_label=35, instance_name='p06.txt');0.8571428656578064;0.5474495887756348;0.49494674801826477;0.14261645078659058
Data(x=[18, 7], edge_index=[2, 2], edge_attr=[2, 6], y=29.0, custom_label=0.82857144, min_label=0, max_label=35, instance_name='p06.txt');0.8285714387893677;0.5474495887756348;0.49494674801826477;0.14261645078659058
Data(x=[18, 7], edge_index=[2, 2], edge_attr=[2, 6], y=28.0, custom_label=0.8, min_label=0, max_label=35, instance_name='p06.txt');0.800000011920929;0.5474495887756348;0.49494674801826477;0.14261645078659058
Data(x=[18, 7], edge_index=[2, 2], edge_attr=[2, 6], y=27.0, custom_label=0.7714286, min_label=0, max_label=35, instance_name='p06.txt');0.7714285850524902;0.5474495887756348;0.49494674801826477;0.14261645078659058
Data(x=[18, 7], edge_index=[2, 2], edge_attr=[2, 6], y=26.0, custom_label=0.74285716, min_label=0, max_label=35, instance_name='p06.txt');0.7428571581840515;0.5474495887756348;0.49494674801826477;0.14261645078659058
Data(x=[18, 7], edge_index=[2, 2], edge_attr=[2, 6], y=25.0, custom_label=0.71428573, min_label=0, max_label=35, instance_name='p06.txt');0.7142857313156128;0.5474495887756348;0.49494674801826477;0.14261645078659058
Data(x=[17, 7], edge_index=[2, 17], y=24.0, edge_attr=[17, 6], custom_label=0.6857143, min_label=0, max_label=35, instance_name='p06.txt');0.6857143044471741;0.8497956991195679;0.8488240242004395;0.22874903678894043
Data(x=[17, 7], edge_index=[2, 17], y=23.0, edge_attr=[17, 6], custom_label=0.6571429, min_label=0, max_label=35, instance_name='p06.txt');0.6571428775787354;0.8497956991195679;0.8488240242004395;0.22874903678894043
Data(x=[17, 7], edge_index=[2, 17], y=22.0, edge_attr=[17, 6], custom_label=0.62857145, min_label=0, max_label=35, instance_name='p06.txt');0.6285714507102966;0.8497956991195679;0.8488240242004395;0.22874903678894043
Data(x=[17, 7], edge_index=[2, 17], y=21.0, edge_attr=[17, 6], custom_label=0.6, min_label=0, max_label=35, instance_name='p06.txt');0.6000000238418579;0.8497956991195679;0.8488240242004395;0.22874903678894043
Data(x=[17, 7], edge_index=[2, 17], y=20.0, edge_attr=[17, 6], custom_label=0.5714286, min_label=0, max_label=35, instance_name='p06.txt');0.5714285969734192;0.8497956991195679;0.8488240242004395;0.22874903678894043
Data(x=[17, 7], edge_index=[2, 17], y=19.0, edge_attr=[17, 6], custom_label=0.54285717, min_label=0, max_label=35, instance_name='p06.txt');0.5428571701049805;0.8497956991195679;0.8488240242004395;0.22874903678894043
Data(x=[18, 7], edge_index=[2, 2], edge_attr=[2, 6], y=18.0, custom_label=0.51428574, min_label=0, max_label=35, instance_name='p06.txt');0.5142857432365417;0.5474495887756348;0.49494674801826477;0.14261645078659058
Data(x=[18, 7], edge_index=[2, 2], edge_attr=[2, 6], y=17.0, custom_label=0.4857143, min_label=0, max_label=35, instance_name='p06.txt');0.48571428656578064;0.5474495887756348;0.49494674801826477;0.14261645078659058
Data(x=[18, 7], edge_index=[2, 2], edge_attr=[2, 6], y=16.0, custom_label=0.45714286, min_label=0, max_label=35, instance_name='p06.txt');0.4571428596973419;0.5474495887756348;0.49494674801826477;0.14261645078659058
Data(x=[18, 7], edge_index=[2, 2], edge_attr=[2, 6], y=15.0, custom_label=0.42857143, min_label=0, max_label=35, instance_name='p06.txt');0.4285714328289032;0.5474495887756348;0.49494674801826477;0.14261645078659058
Data(x=[18, 7], edge_index=[2, 2], edge_attr=[2, 6], y=14.0, custom_label=0.4, min_label=0, max_label=35, instance_name='p06.txt');0.4000000059604645;0.5474495887756348;0.49494674801826477;0.14261645078659058
Data(x=[18, 7], edge_index=[2, 2], edge_attr=[2, 6], y=13.0, custom_label=0.37142858, min_label=0, max_label=35, instance_name='p06.txt');0.37142857909202576;0.5474495887756348;0.49494674801826477;0.14261645078659058
Data(x=[19, 7], edge_index=[2, 4], edge_attr=[4, 6], y=12.0, custom_label=0.34285715, min_label=0, max_label=35, instance_name='p06.txt');0.34285715222358704;0.2442573755979538;0.2311837524175644;0.14261645078659058
Data(x=[19, 7], edge_index=[2, 4], edge_attr=[4, 6], y=11.0, custom_label=0.31428573, min_label=0, max_label=35, instance_name='p06.txt');0.3142857253551483;0.2442573755979538;0.2311837524175644;0.14261645078659058
Data(x=[19, 7], edge_index=[2, 4], edge_attr=[4, 6], y=10.0, custom_label=0.2857143, min_label=0, max_label=35, instance_name='p06.txt');0.2857142984867096;0.2442573755979538;0.23118381202220917;0.14261645078659058
Data(x=[18, 7], edge_index=[2, 2], edge_attr=[2, 6], y=9.0, custom_label=0.25714287, min_label=0, max_label=35, instance_name='p06.txt');0.2571428716182709;0.5474495887756348;0.49494674801826477;0.14261645078659058
Data(x=[18, 7], edge_index=[2, 2], edge_attr=[2, 6], y=8.0, custom_label=0.22857143, min_label=0, max_label=35, instance_name='p06.txt');0.22857142984867096;0.5474495887756348;0.49494674801826477;0.14261645078659058
Data(x=[18, 7], edge_index=[2, 2], edge_attr=[2, 6], y=7.0, custom_label=0.2, min_label=0, max_label=35, instance_name='p06.txt');0.20000000298023224;0.5474495887756348;0.49494674801826477;0.14261645078659058
Data(x=[18, 7], edge_index=[2, 2], edge_attr=[2, 6], y=6.0, custom_label=0.17142858, min_label=0, max_label=35, instance_name='p06.txt');0.17142857611179352;0.5474495887756348;0.49494674801826477;0.14261645078659058
Data(x=[19, 7], edge_index=[2, 4], edge_attr=[4, 6], y=5.0, custom_label=0.14285715, min_label=0, max_label=35, instance_name='p06.txt');0.1428571492433548;0.2442573755979538;0.23118381202220917;0.14261645078659058
Data(x=[19, 7], edge_index=[2, 4], edge_attr=[4, 6], y=4.0, custom_label=0.114285715, min_label=0, max_label=35, instance_name='p06.txt');0.11428571492433548;0.2442573755979538;0.2311837524175644;0.14261645078659058
Data(x=[19, 7], edge_index=[2, 4], edge_attr=[4, 6], y=3.0, custom_label=0.08571429, min_label=0, max_label=35, instance_name='p06.txt');0.08571428805589676;0.2442573755979538;0.23118381202220917;0.14261645078659058
Data(x=[19, 7], edge_index=[2, 4], edge_attr=[4, 6], y=2.0, custom_label=0.057142857, min_label=0, max_label=35, instance_name='p06.txt');0.05714285746216774;0.2442573755979538;0.23118381202220917;0.14261645078659058
Data(x=[19, 7], edge_index=[2, 4], edge_attr=[4, 6], y=1.0, custom_label=0.028571429, min_label=0, max_label=35, instance_name='p06.txt');0.02857142873108387;0.2442573755979538;0.23118381202220917;0.14261645078659058
Data(x=[20, 7], edge_index=[2, 6], edge_attr=[6, 6], y=0.0, custom_label=0.0, min_label=0, max_label=35, instance_name='p06.txt');0.0;0.0027580459136515856;0.0026692154351621866;0.14261645078659058
Data(x=[15, 7], edge_index=[2, 12], edge_attr=[12, 6], y=0.0, custom_label=0.0, min_label=0, max_label=35, instance_name='p06.txt');0.0;2.094229421345517e-05;1.9202228941139765e-05;4.681113239257684e-07
Data(x=[13, 7], edge_index=[2, 8], edge_attr=[8, 6], y=1.0, custom_label=0.028571429, min_label=0, max_label=35, instance_name='p06.txt');0.02857142873108387;0.29197055101394653;0.341612845659256;0.00023004146351013333
Data(x=[14, 7], edge_index=[2, 10], edge_attr=[10, 6], y=0.0, custom_label=0.0, min_label=0, max_label=35, instance_name='p06.txt');0.0;0.026043161749839783;0.03234425187110901;6.465290789492428e-05
Data(x=[14, 7], edge_index=[2, 10], edge_attr=[10, 6], y=0.0, custom_label=0.0, min_label=0, max_label=35, instance_name='p06.txt');0.0;1.4255753740144428e-05;5.845163104822859e-05;4.3361665369445745e-09
Data(x=[15, 7], edge_index=[2, 12], edge_attr=[12, 6], y=1.0, custom_label=0.028571429, min_label=0, max_label=35, instance_name='p06.txt');0.02857142873108387;0.2879831790924072;0.3219849467277527;0.14261645078659058
Data(x=[16, 7], edge_index=[2, 14], edge_attr=[14, 6], y=0.0, custom_label=0.0, min_label=0, max_label=35, instance_name='p06.txt');0.0;0.1089375764131546;0.0028153236489742994;0.14261645078659058
Data(x=[14, 7], edge_index=[2, 14], edge_attr=[14, 6], y=0.0, custom_label=0.0, min_label=0, max_label=35, instance_name='p06.txt');0.0;0.09518163651227951;0.0007088370039127767;0.006243646144866943
Data(x=[13, 7], edge_index=[2, 12], edge_attr=[12, 6], y=0.0, custom_label=0.0, min_label=0, max_label=35, instance_name='p06.txt');0.0;2.878332270483952e-05;4.443390207597986e-05;4.493542257039129e-12
Data(x=[19, 7], edge_index=[2, 10], edge_attr=[10, 6], y=0.0, custom_label=0.0, min_label=0, max_label=35, instance_name='p06.txt');0.0;0.00013965711696073413;9.047680214280263e-05;1.294617618441407e-06
Data(x=[12, 7], edge_index=[2, 8], edge_attr=[8, 6], y=1.0, custom_label=0.028571429, min_label=0, max_label=35, instance_name='p06.txt');0.02857142873108387;0.34769225120544434;0.32017573714256287;1.9924088690004282e-07
Data(x=[13, 7], edge_index=[2, 10], edge_attr=[10, 6], y=0.0, custom_label=0.0, min_label=0, max_label=35, instance_name='p06.txt');0.0;7.325110800593393e-06;5.0099275540560484e-05;0.00023004146351013333
Data(x=[19, 7], edge_index=[2, 14], edge_attr=[14, 6], y=0.0, custom_label=0.0, min_label=0, max_label=35, instance_name='p06.txt');0.0;0.12876342236995697;0.0021438386756926775;0.14261645078659058
Data(x=[13, 7], edge_index=[2, 8], edge_attr=[8, 6], y=0.0, custom_label=0.0, min_label=0, max_label=35, instance_name='p06.txt');0.0;7.171398010541452e-06;0.00020576223323587328;0.004510927479714155
Data(x=[15, 7], edge_index=[2, 10], edge_attr=[10, 6], y=0.0, custom_label=0.0, min_label=0, max_label=35, instance_name='p06.txt');0.0;2.5386021661688574e-05;6.677622877759859e-05;2.6771745709197603e-08
Data(x=[17, 7], edge_index=[2, 8], edge_attr=[8, 6], y=0.0, custom_label=0.0, min_label=0, max_label=35, instance_name='p06.txt');0.0;0.0017801590729504824;0.0016231456538662314;0.14261645078659058
Data(x=[15, 7], edge_index=[2, 10], edge_attr=[10, 6], y=0.0, custom_label=0.0, min_label=0, max_label=35, instance_name='p06.txt');0.0;2.5386021661688574e-05;6.677635974483564e-05;0.14261645078659058
Data(x=[16, 7], edge_index=[2, 12], edge_attr=[12, 6], y=0.0, custom_label=0.0, min_label=0, max_label=35, instance_name='p06.txt');0.0;0.0008358425693586469;0.00018636822642292827;1.140186035863966e-11
Data(x=[16, 7], edge_index=[2, 12], edge_attr=[12, 6], y=0.0, custom_label=0.0, min_label=0, max_label=35, instance_name='p06.txt');0.0;3.541777186910622e-05;2.3488557417294942e-05;4.3361665369445745e-09
Data(x=[17, 7], edge_index=[2, 8], edge_attr=[8, 6], y=0.0, custom_label=0.0, min_label=0, max_label=35, instance_name='p06.txt');0.0;0.001780160004273057;0.0016231448389589787;6.465290789492428e-05
Data(x=[17, 7], edge_index=[2, 8], edge_attr=[8, 6], y=0.0, custom_label=0.0, min_label=0, max_label=35, instance_name='p06.txt');0.0;0.0017801605863496661;0.0016231448389589787;6.465290789492428e-05
Data(x=[14, 7], edge_index=[2, 16], edge_attr=[16, 6], y=0.0, custom_label=0.0, min_label=0, max_label=35, instance_name='p06.txt');0.0;0.04995999112725258;1.7127373212133534e-05;5.303998342962024e-15
Data(x=[18, 7], edge_index=[2, 10], edge_attr=[10, 6], y=0.0, custom_label=0.0, min_label=0, max_label=35, instance_name='p06.txt');0.0;0.00756824342533946;0.0013621029211208224;0.00023004146351013333
Data(x=[12, 7], edge_index=[2, 6], edge_attr=[6, 6], y=0.0, custom_label=0.0, min_label=0, max_label=35, instance_name='p06.txt');0.0;0.00033144792541861534;0.006965045351535082;0.14261645078659058
Data(x=[15, 7], edge_index=[2, 10], edge_attr=[10, 6], y=0.0, custom_label=0.0, min_label=0, max_label=35, instance_name='p06.txt');0.0;0.0009511857642792165;0.0006160211632959545;6.465290789492428e-05
Data(x=[16, 7], edge_index=[2, 14], edge_attr=[14, 6], y=0.0, custom_label=0.0, min_label=0, max_label=35, instance_name='p06.txt');0.0;0.11686380207538605;0.0006756065413355827;1.3915937629657704e-12
Data(x=[18, 7], edge_index=[2, 14], edge_attr=[14, 6], y=0.0, custom_label=0.0, min_label=0, max_label=35, instance_name='p06.txt');0.0;6.461647717515007e-05;1.1556611752894241e-05;1.7557023966219276e-05
Data(x=[15, 7], edge_index=[2, 14], edge_attr=[14, 6], y=0.0, custom_label=0.0, min_label=0, max_label=35, instance_name='p06.txt');0.0;1.2975226127309725e-05;5.28049986314727e-06;9.877203410724178e-08
Data(x=[16, 7], edge_index=[2, 10], edge_attr=[10, 6], y=0.0, custom_label=0.0, min_label=0, max_label=35, instance_name='p06.txt');0.0;4.20601645600982e-05;7.39669703762047e-05;7.662602996560963e-08
Data(x=[13, 7], edge_index=[2, 8], edge_attr=[8, 6], y=0.0, custom_label=0.0, min_label=0, max_label=35, instance_name='p06.txt');0.0;0.000550855475012213;0.002321622334420681;5.4421070672106e-06
Data(x=[14, 7], edge_index=[2, 10], edge_attr=[10, 6], y=0.0, custom_label=0.0, min_label=0, max_label=35, instance_name='p06.txt');0.0;0.0006859370623715222;0.0006260930094867945;3.5711045711650513e-06
Data(x=[14, 7], edge_index=[2, 12], edge_attr=[12, 6], y=0.0, custom_label=0.0, min_label=0, max_label=35, instance_name='p06.txt');0.0;0.1449459046125412;0.038729991763830185;0.14261645078659058
Data(x=[16, 7], edge_index=[2, 10], edge_attr=[10, 6], y=0.0, custom_label=0.0, min_label=0, max_label=35, instance_name='p06.txt');0.0;0.005173747893422842;0.0016421666368842125;0.14261645078659058
Data(x=[14, 7], edge_index=[2, 12], edge_attr=[12, 6], y=0.0, custom_label=0.0, min_label=0, max_label=35, instance_name='p06.txt');0.0;0.0003839650598820299;0.0001484454405726865;1.7557040337123908e-05
Data(x=[16, 7], edge_index=[2, 10], edge_attr=[10, 6], y=0.0, custom_label=0.0, min_label=0, max_label=35, instance_name='p06.txt');0.0;0.0012652406003326178;0.0006026622140780091;6.465290789492428e-05
Data(x=[14, 7], edge_index=[2, 6], edge_attr=[6, 6], y=0.0, custom_label=0.0, min_label=0, max_label=35, instance_name='p06.txt');0.0;0.0007215334917418659;0.0058187623508274555;0.14261645078659058
Data(x=[17, 7], edge_index=[2, 8], edge_attr=[8, 6], y=0.0, custom_label=0.0, min_label=0, max_label=35, instance_name='p06.txt');0.0;0.0017801605863496661;0.0016231463523581624;0.14261645078659058
Data(x=[12, 7], edge_index=[2, 10], edge_attr=[10, 6], y=0.0, custom_label=0.0, min_label=0, max_label=35, instance_name='p06.txt');0.0;0.001578680006787181;0.0022141688968986273;1.7557040337123908e-05
Data(x=[16, 7], edge_index=[2, 10], edge_attr=[10, 6], y=0.0, custom_label=0.0, min_label=0, max_label=35, instance_name='p06.txt');0.0;0.0012652406003326178;0.0006026619230397046;0.00023004146351013333
Data(x=[14, 7], edge_index=[2, 8], edge_attr=[8, 6], y=0.0, custom_label=0.0, min_label=0, max_label=35, instance_name='p06.txt');0.0;1.3693795153812971e-05;0.00021139238378964365;0.00011573643860174343
Data(x=[15, 7], edge_index=[2, 10], edge_attr=[10, 6], y=0.0, custom_label=0.0, min_label=0, max_label=35, instance_name='p06.txt');0.0;0.0009511857642792165;0.0006160208722576499;2.0138705980610183e-10
Data(x=[14, 7], edge_index=[2, 8], edge_attr=[8, 6], y=3.0, custom_label=0.08571429, min_label=0, max_label=35, instance_name='p06.txt');0.08571428805589676;0.21729159355163574;0.2758432626724243;0.14261645078659058
Data(x=[13, 7], edge_index=[2, 6], edge_attr=[6, 6], y=2.0, custom_label=0.057142857, min_label=0, max_label=35, instance_name='p06.txt');0.05714285746216774;0.33262044191360474;0.3609561622142792;0.14261645078659058
Data(x=[13, 7], edge_index=[2, 6], edge_attr=[6, 6], y=1.0, custom_label=0.028571429, min_label=0, max_label=35, instance_name='p06.txt');0.02857142873108387;0.27736473083496094;0.28955507278442383;3.481609019218013e-05
Data(x=[14, 7], edge_index=[2, 8], edge_attr=[8, 6], y=0.0, custom_label=0.0, min_label=0, max_label=35, instance_name='p06.txt');0.0;1.3693795153812971e-05;0.00021139218006283045;0.14261645078659058
Data(x=[14, 7], edge_index=[2, 10], edge_attr=[10, 6], y=2.0, custom_label=0.057142857, min_label=0, max_label=35, instance_name='p06.txt');0.05714285746216774;0.276334673166275;0.2911757230758667;5.568387706489375e-08
Data(x=[13, 7], edge_index=[2, 8], edge_attr=[8, 6], y=1.0, custom_label=0.028571429, min_label=0, max_label=35, instance_name='p06.txt');0.02857142873108387;0.33391764760017395;0.307058721780777;0.00011573643860174343
Data(x=[14, 7], edge_index=[2, 10], edge_attr=[10, 6], y=0.0, custom_label=0.0, min_label=0, max_label=35, instance_name='p06.txt');0.0;1.4255753740144428e-05;5.845163104822859e-05;0.00016489962581545115
Data(x=[18, 7], edge_index=[2, 10], edge_attr=[10, 6], y=0.0, custom_label=0.0, min_label=0, max_label=35, instance_name='p06.txt');0.0;0.00756824342533946;0.0013621035031974316;0.14261645078659058
Data(x=[17, 7], edge_index=[2, 10], edge_attr=[10, 6], y=0.0, custom_label=0.0, min_label=0, max_label=35, instance_name='p06.txt');0.0;6.60258810967207e-05;8.037866791710258e-05;3.481605745037086e-05
Data(x=[14, 7], edge_index=[2, 8], edge_attr=[8, 6], y=0.0, custom_label=0.0, min_label=0, max_label=35, instance_name='p06.txt');0.0;0.0007868527318350971;0.0021551463287323713;0.006243646144866943
Data(x=[17, 7], edge_index=[2, 12], edge_attr=[12, 6], y=0.0, custom_label=0.0, min_label=0, max_label=35, instance_name='p06.txt');0.0;0.0011574119562283158;0.00019804139446932822;0.006243646144866943
Data(x=[15, 7], edge_index=[2, 6], edge_attr=[6, 6], y=5.0, custom_label=0.14285715, min_label=0, max_label=35, instance_name='p06.txt');0.1428571492433548;0.5836560130119324;0.5678593516349792;6.465290789492428e-05
Data(x=[15, 7], edge_index=[2, 6], edge_attr=[6, 6], y=4.0, custom_label=0.114285715, min_label=0, max_label=35, instance_name='p06.txt');0.11428571492433548;0.5836560130119324;0.5678593516349792;0.14261645078659058
Data(x=[16, 7], edge_index=[2, 8], edge_attr=[8, 6], y=3.0, custom_label=0.08571429, min_label=0, max_label=35, instance_name='p06.txt');0.08571428805589676;0.29869043827056885;0.2765727937221527;0.14261645078659058
Data(x=[16, 7], edge_index=[2, 8], edge_attr=[8, 6], y=2.0, custom_label=0.057142857, min_label=0, max_label=35, instance_name='p06.txt');0.05714285746216774;0.3402515947818756;0.3403211236000061;0.14261645078659058
Data(x=[16, 7], edge_index=[2, 8], edge_attr=[8, 6], y=1.0, custom_label=0.028571429, min_label=0, max_label=35, instance_name='p06.txt');0.02857142873108387;0.29869040846824646;0.2765727937221527;6.465290789492428e-05
Data(x=[17, 7], edge_index=[2, 10], edge_attr=[10, 6], y=0.0, custom_label=0.0, min_label=0, max_label=35, instance_name='p06.txt');0.0;6.602582288905978e-05;8.037866791710258e-05;0.14261645078659058
Data(x=[15, 7], edge_index=[2, 10], edge_attr=[10, 6], y=0.0, custom_label=0.0, min_label=0, max_label=35, instance_name='p06.txt');0.0;0.030117345973849297;0.03133966401219368;6.465290789492428e-05
Data(x=[17, 7], edge_index=[2, 8], edge_attr=[8, 6], y=0.0, custom_label=0.0, min_label=0, max_label=35, instance_name='p06.txt');0.0;0.00794585794210434;0.0036941550206393003;0.14261645078659058
Data(x=[16, 7], edge_index=[2, 10], edge_attr=[10, 6], y=2.0, custom_label=0.057142857, min_label=0, max_label=35, instance_name='p06.txt');0.05714285746216774;0.31428951025009155;0.2895766794681549;0.14261645078659058
Data(x=[16, 7], edge_index=[2, 10], edge_attr=[10, 6], y=1.0, custom_label=0.028571429, min_label=0, max_label=35, instance_name='p06.txt');0.02857142873108387;0.2672511637210846;0.309905081987381;0.14261645078659058
Data(x=[17, 7], edge_index=[2, 12], edge_attr=[12, 6], y=0.0, custom_label=0.0, min_label=0, max_label=35, instance_name='p06.txt');0.0;0.00022790876391809434;7.357267168117687e-05;0.14261645078659058
Data(x=[17, 7], edge_index=[2, 10], edge_attr=[10, 6], y=0.0, custom_label=0.0, min_label=0, max_label=35, instance_name='p06.txt');0.0;6.602582288905978e-05;8.037866791710258e-05;1.7557023966219276e-05
Data(x=[15, 7], edge_index=[2, 10], edge_attr=[10, 6], y=0.0, custom_label=0.0, min_label=0, max_label=35, instance_name='p06.txt');0.0;0.0009511857642792165;0.0006160211632959545;0.00020854837202932686
Data(x=[46, 7], edge_index=[2, 46], y=69.0, edge_attr=[46, 6], custom_label=1.0, min_label=0, max_label=69, instance_name='p07.txt');1.0;0.65202397108078;0.6446082592010498;0.22874903678894043
Data(x=[47, 7], edge_index=[2, 2], edge_attr=[2, 6], y=68.0, custom_label=0.98550725, min_label=0, max_label=69, instance_name='p07.txt');0.9855072498321533;0.3586672246456146;0.21532957255840302;0.14261645078659058
Data(x=[46, 7], edge_index=[2, 46], y=67.0, edge_attr=[46, 6], custom_label=0.9710145, min_label=0, max_label=69, instance_name='p07.txt');0.9710144996643066;0.65202397108078;0.6446082592010498;0.22874903678894043
Data(x=[46, 7], edge_index=[2, 46], y=66.0, edge_attr=[46, 6], custom_label=0.95652175, min_label=0, max_label=69, instance_name='p07.txt');0.95652174949646;0.65202397108078;0.6446082592010498;0.22874903678894043
Data(x=[46, 7], edge_index=[2, 46], y=65.0, edge_attr=[46, 6], custom_label=0.942029, min_label=0, max_label=69, instance_name='p07.txt');0.9420289993286133;0.65202397108078;0.6446082592010498;0.22874903678894043
Data(x=[46, 7], edge_index=[2, 46], y=64.0, edge_attr=[46, 6], custom_label=0.92753625, min_label=0, max_label=69, instance_name='p07.txt');0.9275362491607666;0.65202397108078;0.6446082592010498;0.22874903678894043
Data(x=[46, 7], edge_index=[2, 46], y=63.0, edge_attr=[46, 6], custom_label=0.9130435, min_label=0, max_label=69, instance_name='p07.txt');0.9130434989929199;0.65202397108078;0.6446082592010498;0.22874903678894043
Data(x=[46, 7], edge_index=[2, 46], y=62.0, edge_attr=[46, 6], custom_label=0.89855075, min_label=0, max_label=69, instance_name='p07.txt');0.8985507488250732;0.65202397108078;0.6446082592010498;0.22874903678894043
Data(x=[46, 7], edge_index=[2, 46], y=61.0, edge_attr=[46, 6], custom_label=0.884058, min_label=0, max_label=69, instance_name='p07.txt');0.8840579986572266;0.65202397108078;0.6446082592010498;0.22874903678894043
Data(x=[46, 7], edge_index=[2, 46], y=60.0, edge_attr=[46, 6], custom_label=0.8695652, min_label=0, max_label=69, instance_name='p07.txt');0.8695651888847351;0.65202397108078;0.6446082592010498;0.22874903678894043
Data(x=[46, 7], edge_index=[2, 46], y=59.0, edge_attr=[46, 6], custom_label=0.85507244, min_label=0, max_label=69, instance_name='p07.txt');0.8550724387168884;0.65202397108078;0.6446082592010498;0.22874903678894043
Data(x=[46, 7], edge_index=[2, 46], y=58.0, edge_attr=[46, 6], custom_label=0.8405797, min_label=0, max_label=69, instance_name='p07.txt');0.8405796885490417;0.65202397108078;0.6446082592010498;0.22874903678894043
Data(x=[46, 7], edge_index=[2, 46], y=57.0, edge_attr=[46, 6], custom_label=0.82608694, min_label=0, max_label=69, instance_name='p07.txt');0.8260869383811951;0.65202397108078;0.6446082592010498;0.22874903678894043
Data(x=[46, 7], edge_index=[2, 46], y=56.0, edge_attr=[46, 6], custom_label=0.8115942, min_label=0, max_label=69, instance_name='p07.txt');0.8115941882133484;0.65202397108078;0.6446082592010498;0.22874903678894043
Data(x=[46, 7], edge_index=[2, 46], y=55.0, edge_attr=[46, 6], custom_label=0.79710144, min_label=0, max_label=69, instance_name='p07.txt');0.7971014380455017;0.65202397108078;0.6446082592010498;0.22874903678894043
Data(x=[46, 7], edge_index=[2, 46], y=54.0, edge_attr=[46, 6], custom_label=0.7826087, min_label=0, max_label=69, instance_name='p07.txt');0.782608687877655;0.65202397108078;0.6446082592010498;0.22874903678894043
Data(x=[46, 7], edge_index=[2, 46], y=53.0, edge_attr=[46, 6], custom_label=0.76811594, min_label=0, max_label=69, instance_name='p07.txt');0.7681159377098083;0.65202397108078;0.6446082592010498;0.22874903678894043
Data(x=[46, 7], edge_index=[2, 46], y=52.0, edge_attr=[46, 6], custom_label=0.7536232, min_label=0, max_label=69, instance_name='p07.txt');0.7536231875419617;0.65202397108078;0.6446082592010498;0.22874903678894043
Data(x=[46, 7], edge_index=[2, 46], y=51.0, edge_attr=[46, 6], custom_label=0.73913044, min_label=0, max_label=69, instance_name='p07.txt');0.739130437374115;0.65202397108078;0.6446082592010498;0.22874903678894043
Data(x=[46, 7], edge_index=[2, 46], y=50.0, edge_attr=[46, 6], custom_label=0.7246377, min_label=0, max_label=69, instance_name='p07.txt');0.7246376872062683;0.65202397108078;0.6446082592010498;0.22874903678894043
Data(x=[46, 7], edge_index=[2, 46], y=49.0, edge_attr=[46, 6], custom_label=0.71014494, min_label=0, max_label=69, instance_name='p07.txt');0.7101449370384216;0.65202397108078;0.6446082592010498;0.22874903678894043
Data(x=[46, 7], edge_index=[2, 46], y=48.0, edge_attr=[46, 6], custom_label=0.6956522, min_label=0, max_label=69, instance_name='p07.txt');0.695652186870575;0.65202397108078;0.6446082592010498;0.22874903678894043
Data(x=[46, 7], edge_index=[2, 46], y=47.0, edge_attr=[46, 6], custom_label=0.68115944, min_label=0, max_label=69, instance_name='p07.txt');0.6811594367027283;0.65202397108078;0.6446082592010498;0.22874903678894043
Data(x=[46, 7], edge_index=[2, 46], y=46.0, edge_attr=[46, 6], custom_label=0.6666667, min_label=0, max_label=69, instance_name='p07.txt');0.6666666865348816;0.65202397108078;0.6446082592010498;0.22874903678894043
Data(x=[46, 7], edge_index=[2, 46], y=45.0, edge_attr=[46, 6], custom_label=0.65217394, min_label=0, max_label=69, instance_name='p07.txt');0.6521739363670349;0.65202397108078;0.6446082592010498;0.22874903678894043
Data(x=[46, 7], edge_index=[2, 46], y=44.0, edge_attr=[46, 6], custom_label=0.6376812, min_label=0, max_label=69, instance_name='p07.txt');0.6376811861991882;0.65202397108078;0.6446082592010498;0.22874903678894043
Data(x=[46, 7], edge_index=[2, 46], y=43.0, edge_attr=[46, 6], custom_label=0.6231884, min_label=0, max_label=69, instance_name='p07.txt');0.6231883764266968;0.65202397108078;0.6446082592010498;0.22874903678894043
Data(x=[47, 7], edge_index=[2, 2], edge_attr=[2, 6], y=42.0, custom_label=0.6086956, min_label=0, max_label=69, instance_name='p07.txt');0.6086956262588501;0.3586672246456146;0.21532957255840302;0.14261645078659058
Data(x=[47, 7], edge_index=[2, 2], edge_attr=[2, 6], y=41.0, custom_label=0.5942029, min_label=0, max_label=69, instance_name='p07.txt');0.5942028760910034;0.3586672246456146;0.21532957255840302;0.14261645078659058
Data(x=[47, 7], edge_index=[2, 2], edge_attr=[2, 6], y=40.0, custom_label=0.5797101, min_label=0, max_label=69, instance_name='p07.txt');0.5797101259231567;0.3586672246456146;0.21532957255840302;0.14261645078659058
Data(x=[47, 7], edge_index=[2, 2], edge_attr=[2, 6], y=39.0, custom_label=0.5652174, min_label=0, max_label=69, instance_name='p07.txt');0.5652173757553101;0.3586672246456146;0.21532957255840302;0.14261645078659058
Data(x=[47, 7], edge_index=[2, 2], edge_attr=[2, 6], y=38.0, custom_label=0.5507246, min_label=0, max_label=69, instance_name='p07.txt');0.5507246255874634;0.3586672246456146;0.21532957255840302;0.14261645078659058
Data(x=[47, 7], edge_index=[2, 2], edge_attr=[2, 6], y=37.0, custom_label=0.5362319, min_label=0, max_label=69, instance_name='p07.txt');0.5362318754196167;0.3586672246456146;0.21532957255840302;0.14261645078659058
Data(x=[47, 7], edge_index=[2, 2], edge_attr=[2, 6], y=36.0, custom_label=0.5217391, min_label=0, max_label=69, instance_name='p07.txt');0.52173912525177;0.3586672246456146;0.21532957255840302;0.14261645078659058
Data(x=[47, 7], edge_index=[2, 2], edge_attr=[2, 6], y=35.0, custom_label=0.5072464, min_label=0, max_label=69, instance_name='p07.txt');0.5072463750839233;0.3586672246456146;0.21532957255840302;0.14261645078659058
Data(x=[47, 7], edge_index=[2, 2], edge_attr=[2, 6], y=34.0, custom_label=0.49275362, min_label=0, max_label=69, instance_name='p07.txt');0.49275362491607666;0.3586672246456146;0.21532957255840302;0.14261645078659058
Data(x=[47, 7], edge_index=[2, 2], edge_attr=[2, 6], y=33.0, custom_label=0.47826087, min_label=0, max_label=69, instance_name='p07.txt');0.47826087474823;0.3586672246456146;0.21532957255840302;0.14261645078659058
Data(x=[47, 7], edge_index=[2, 2], edge_attr=[2, 6], y=32.0, custom_label=0.46376812, min_label=0, max_label=69, instance_name='p07.txt');0.4637681245803833;0.3586672246456146;0.21532957255840302;0.14261645078659058
Data(x=[47, 7], edge_index=[2, 2], edge_attr=[2, 6], y=31.0, custom_label=0.44927537, min_label=0, max_label=69, instance_name='p07.txt');0.4492753744125366;0.3586672246456146;0.21532957255840302;0.14261645078659058
Data(x=[47, 7], edge_index=[2, 2], edge_attr=[2, 6], y=30.0, custom_label=0.4347826, min_label=0, max_label=69, instance_name='p07.txt');0.43478259444236755;0.3586672246456146;0.21532957255840302;0.14261645078659058
Data(x=[47, 7], edge_index=[2, 2], edge_attr=[2, 6], y=29.0, custom_label=0.42028984, min_label=0, max_label=69, instance_name='p07.txt');0.4202898442745209;0.3586672246456146;0.21532957255840302;0.14261645078659058
Data(x=[47, 7], edge_index=[2, 2], edge_attr=[2, 6], y=28.0, custom_label=0.4057971, min_label=0, max_label=69, instance_name='p07.txt');0.4057970941066742;0.3586672246456146;0.21532957255840302;0.14261645078659058
Data(x=[47, 7], edge_index=[2, 2], edge_attr=[2, 6], y=27.0, custom_label=0.39130434, min_label=0, max_label=69, instance_name='p07.txt');0.3913043439388275;0.3586672246456146;0.21532957255840302;0.14261645078659058
Data(x=[47, 7], edge_index=[2, 2], edge_attr=[2, 6], y=26.0, custom_label=0.3768116, min_label=0, max_label=69, instance_name='p07.txt');0.37681159377098083;0.3586672246456146;0.21532957255840302;0.14261645078659058
Data(x=[47, 7], edge_index=[2, 2], edge_attr=[2, 6], y=25.0, custom_label=0.36231884, min_label=0, max_label=69, instance_name='p07.txt');0.36231884360313416;0.3586672246456146;0.21532957255840302;0.14261645078659058
Data(x=[47, 7], edge_index=[2, 2], edge_attr=[2, 6], y=24.0, custom_label=0.3478261, min_label=0, max_label=69, instance_name='p07.txt');0.3478260934352875;0.3586672246456146;0.21532957255840302;0.14261645078659058
Data(x=[47, 7], edge_index=[2, 2], edge_attr=[2, 6], y=23.0, custom_label=0.33333334, min_label=0, max_label=69, instance_name='p07.txt');0.3333333432674408;0.3586672246456146;0.21532957255840302;0.14261645078659058
Data(x=[47, 7], edge_index=[2, 2], edge_attr=[2, 6], y=22.0, custom_label=0.3188406, min_label=0, max_label=69, instance_name='p07.txt');0.3188405930995941;0.3586672246456146;0.21532957255840302;0.14261645078659058
Data(x=[47, 7], edge_index=[2, 2], edge_attr=[2, 6], y=21.0, custom_label=0.3043478, min_label=0, max_label=69, instance_name='p07.txt');0.30434781312942505;0.3586672246456146;0.21532957255840302;0.14261645078659058
Data(x=[47, 7], edge_index=[2, 2], edge_attr=[2, 6], y=20.0, custom_label=0.28985506, min_label=0, max_label=69, instance_name='p07.txt');0.28985506296157837;0.3586672246456146;0.21532957255840302;0.14261645078659058
Data(x=[47, 7], edge_index=[2, 2], edge_attr=[2, 6], y=19.0, custom_label=0.2753623, min_label=0, max_label=69, instance_name='p07.txt');0.2753623127937317;0.3586672246456146;0.21532957255840302;0.14261645078659058
Data(x=[47, 7], edge_index=[2, 2], edge_attr=[2, 6], y=18.0, custom_label=0.26086956, min_label=0, max_label=69, instance_name='p07.txt');0.260869562625885;0.3586672246456146;0.21532957255840302;0.14261645078659058
Data(x=[47, 7], edge_index=[2, 2], edge_attr=[2, 6], y=17.0, custom_label=0.24637681, min_label=0, max_label=69, instance_name='p07.txt');0.24637681245803833;0.3586672246456146;0.21532957255840302;0.14261645078659058
Data(x=[47, 7], edge_index=[2, 2], edge_attr=[2, 6], y=16.0, custom_label=0.23188406, min_label=0, max_label=69, instance_name='p07.txt');0.23188406229019165;0.3586672246456146;0.21532957255840302;0.14261645078659058
Data(x=[47, 7], edge_index=[2, 2], edge_attr=[2, 6], y=15.0, custom_label=0.2173913, min_label=0, max_label=69, instance_name='p07.txt');0.21739129722118378;0.3586672246456146;0.21532957255840302;0.14261645078659058
Data(x=[47, 7], edge_index=[2, 2], edge_attr=[2, 6], y=14.0, custom_label=0.20289855, min_label=0, max_label=69, instance_name='p07.txt');0.2028985470533371;0.3586672246456146;0.21532957255840302;0.14261645078659058
Data(x=[46, 7], edge_index=[2, 46], y=13.0, edge_attr=[46, 6], custom_label=0.1884058, min_label=0, max_label=69, instance_name='p07.txt');0.18840579688549042;0.65202397108078;0.6446082592010498;0.22874903678894043
Data(x=[47, 7], edge_index=[2, 2], edge_attr=[2, 6], y=12.0, custom_label=0.17391305, min_label=0, max_label=69, instance_name='p07.txt');0.17391304671764374;0.3586672246456146;0.21532955765724182;0.14261645078659058
Data(x=[47, 7], edge_index=[2, 2], edge_attr=[2, 6], y=11.0, custom_label=0.1594203, min_label=0, max_label=69, instance_name='p07.txt');0.15942029654979706;0.3586672246456146;0.21532955765724182;0.14261645078659058
Data(x=[47, 7], edge_index=[2, 2], edge_attr=[2, 6], y=10.0, custom_label=0.14492753, min_label=0, max_label=69, instance_name='p07.txt');0.14492753148078918;0.3586672246456146;0.21532955765724182;0.14261645078659058
Data(x=[47, 7], edge_index=[2, 2], edge_attr=[2, 6], y=9.0, custom_label=0.13043478, min_label=0, max_label=69, instance_name='p07.txt');0.1304347813129425;0.3586672246456146;0.21532955765724182;0.14261645078659058
Data(x=[48, 7], edge_index=[2, 4], edge_attr=[4, 6], y=8.0, custom_label=0.11594203, min_label=0, max_label=69, instance_name='p07.txt');0.11594203114509583;0.20246917009353638;0.0738431066274643;0.14261645078659058
Data(x=[48, 7], edge_index=[2, 4], edge_attr=[4, 6], y=7.0, custom_label=0.10144927, min_label=0, max_label=69, instance_name='p07.txt');0.10144927352666855;0.20246917009353638;0.0738431066274643;0.14261645078659058
Data(x=[48, 7], edge_index=[2, 4], edge_attr=[4, 6], y=6.0, custom_label=0.08695652, min_label=0, max_label=69, instance_name='p07.txt');0.08695652335882187;0.20246917009353638;0.0738431066274643;0.14261645078659058
Data(x=[48, 7], edge_index=[2, 4], edge_attr=[4, 6], y=5.0, custom_label=0.072463766, min_label=0, max_label=69, instance_name='p07.txt');0.07246376574039459;0.20246917009353638;0.0738431066274643;0.14261645078659058
Data(x=[48, 7], edge_index=[2, 4], edge_attr=[4, 6], y=4.0, custom_label=0.057971016, min_label=0, max_label=69, instance_name='p07.txt');0.05797101557254791;0.20246917009353638;0.0738431066274643;0.14261645078659058
Data(x=[48, 7], edge_index=[2, 4], edge_attr=[4, 6], y=3.0, custom_label=0.04347826, min_label=0, max_label=69, instance_name='p07.txt');0.043478261679410934;0.20246917009353638;0.0738431066274643;0.14261645078659058
Data(x=[48, 7], edge_index=[2, 4], edge_attr=[4, 6], y=2.0, custom_label=0.028985508, min_label=0, max_label=69, instance_name='p07.txt');0.028985507786273956;0.20246917009353638;0.0738431066274643;0.14261645078659058
Data(x=[48, 7], edge_index=[2, 4], edge_attr=[4, 6], y=1.0, custom_label=0.014492754, min_label=0, max_label=69, instance_name='p07.txt');0.014492753893136978;0.20246917009353638;0.0738431066274643;0.14261645078659058
Data(x=[49, 7], edge_index=[2, 6], edge_attr=[6, 6], y=0.0, custom_label=0.0, min_label=0, max_label=69, instance_name='p07.txt');0.0;0.024725932627916336;0.0006003778544254601;0.14261645078659058
Data(x=[29, 7], edge_index=[2, 10], edge_attr=[10, 6], y=0.0, custom_label=0.0, min_label=0, max_label=69, instance_name='p07.txt');0.0;0.0013116609770804644;0.00012122891348553821;0.14261645078659058
Data(x=[34, 7], edge_index=[2, 10], edge_attr=[10, 6], y=0.0, custom_label=0.0, min_label=0, max_label=69, instance_name='p07.txt');0.0;0.002634557895362377;0.00013110377767588943;0.14261645078659058
Data(x=[34, 7], edge_index=[2, 8], edge_attr=[8, 6], y=0.0, custom_label=0.0, min_label=0, max_label=69, instance_name='p07.txt');0.0;0.01294493768364191;0.0005923075950704515;0.14261645078659058
Data(x=[31, 7], edge_index=[2, 12], edge_attr=[12, 6], y=0.0, custom_label=0.0, min_label=0, max_label=69, instance_name='p07.txt');0.0;0.0019218114903196692;7.374111009994522e-05;0.004510927479714155
Data(x=[33, 7], edge_index=[2, 10], edge_attr=[10, 6], y=0.0, custom_label=0.0, min_label=0, max_label=69, instance_name='p07.txt');0.0;0.013355656526982784;0.0003712523030117154;0.14261645078659058
Data(x=[32, 7], edge_index=[2, 10], edge_attr=[10, 6], y=0.0, custom_label=0.0, min_label=0, max_label=69, instance_name='p07.txt');0.0;0.0020462507382035255;0.00012743455590680242;3.481605745037086e-05
Data(x=[32, 7], edge_index=[2, 10], edge_attr=[10, 6], y=0.0, custom_label=0.0, min_label=0, max_label=69, instance_name='p07.txt');0.0;0.012395436875522137;0.00037812135997228324;0.14261645078659058
Data(x=[35, 7], edge_index=[2, 12], edge_attr=[12, 6], y=0.0, custom_label=0.0, min_label=0, max_label=69, instance_name='p07.txt');0.0;0.0032085352577269077;8.294971485156566e-05;0.14261645078659058
Data(x=[31, 7], edge_index=[2, 8], edge_attr=[8, 6], y=0.0, custom_label=0.0, min_label=0, max_label=69, instance_name='p07.txt');0.0;0.010247325524687767;0.0006558863096870482;0.14261645078659058
Data(x=[30, 7], edge_index=[2, 8], edge_attr=[8, 6], y=0.0, custom_label=0.0, min_label=0, max_label=69, instance_name='p07.txt');0.0;0.0013733668019995093;0.00021370244212448597;0.14261645078659058
Data(x=[33, 7], edge_index=[2, 14], edge_attr=[14, 6], y=0.0, custom_label=0.0, min_label=0, max_label=69, instance_name='p07.txt');0.0;0.0024678255431354046;4.7640427510486916e-05;0.14261645078659058
Data(x=[29, 7], edge_index=[2, 12], edge_attr=[12, 6], y=0.0, custom_label=0.0, min_label=0, max_label=69, instance_name='p07.txt');0.0;0.0014101642882451415;6.868632772238925e-05;0.14261645078659058
Data(x=[23, 7], edge_index=[2, 10], edge_attr=[10, 6], y=0.0, custom_label=0.0, min_label=0, max_label=69, instance_name='p07.txt');0.0;0.004827464465051889;0.00047597201773896813;0.14261645078659058
Data(x=[31, 7], edge_index=[2, 12], edge_attr=[12, 6], y=0.0, custom_label=0.0, min_label=0, max_label=69, instance_name='p07.txt');0.0;0.001921810326166451;7.374117558356375e-05;0.14261645078659058
Data(x=[26, 7], edge_index=[2, 8], edge_attr=[8, 6], y=0.0, custom_label=0.0, min_label=0, max_label=69, instance_name='p07.txt');0.0;0.0064399573020637035;0.0008190824883058667;0.14261645078659058
Data(x=[29, 7], edge_index=[2, 8], edge_attr=[8, 6], y=0.0, custom_label=0.0, min_label=0, max_label=69, instance_name='p07.txt');0.0;0.008574302308261395;0.0007102921954356134;0.14261645078659058
Data(x=[22, 7], edge_index=[2, 8], edge_attr=[8, 6], y=0.0, custom_label=0.0, min_label=0, max_label=69, instance_name='p07.txt');0.0;0.004112842492759228;0.0010521735530346632;0.14261645078659058
Data(x=[30, 7], edge_index=[2, 14], edge_attr=[14, 6], y=0.0, custom_label=0.0, min_label=0, max_label=69, instance_name='p07.txt');0.0;0.0016155020566657186;4.114179319003597e-05;0.14261645078659058
Data(x=[27, 7], edge_index=[2, 10], edge_attr=[10, 6], y=0.0, custom_label=0.0, min_label=0, max_label=69, instance_name='p07.txt');0.0;0.021458491683006287;0.0007364306366071105;6.465290789492428e-05
Data(x=[30, 7], edge_index=[2, 10], edge_attr=[10, 6], y=0.0, custom_label=0.0, min_label=0, max_label=69, instance_name='p07.txt');0.0;0.010463896207511425;0.0003936836728826165;0.14261645078659058
Data(x=[27, 7], edge_index=[2, 10], edge_attr=[10, 6], y=0.0, custom_label=0.0, min_label=0, max_label=69, instance_name='p07.txt');0.0;0.0009304472478106618;0.00011654033733066171;0.00011573643860174343
Data(x=[30, 7], edge_index=[2, 8], edge_attr=[8, 6], y=0.0, custom_label=0.0, min_label=0, max_label=69, instance_name='p07.txt');0.0;0.025853898376226425;0.0011226566275581717;0.14261645078659058
Data(x=[32, 7], edge_index=[2, 10], edge_attr=[10, 6], y=0.0, custom_label=0.0, min_label=0, max_label=69, instance_name='p07.txt');0.0;0.012395436875522137;0.00037812115624547005;0.14261645078659058
Data(x=[27, 7], edge_index=[2, 10], edge_attr=[10, 6], y=0.0, custom_label=0.0, min_label=0, max_label=69, instance_name='p07.txt');0.0;0.0077000875025987625;0.00042294833110645413;0.14261645078659058
Data(x=[27, 7], edge_index=[2, 10], edge_attr=[10, 6], y=0.0, custom_label=0.0, min_label=0, max_label=69, instance_name='p07.txt');0.0;0.0077000875025987625;0.00042294833110645413;0.14261645078659058
Data(x=[36, 7], edge_index=[2, 14], edge_attr=[14, 6], y=0.0, custom_label=0.0, min_label=0, max_label=69, instance_name='p07.txt');0.0;0.15268878638744354;0.0001419354957761243;0.14261645078659058
Data(x=[29, 7], edge_index=[2, 10], edge_attr=[10, 6], y=0.0, custom_label=0.0, min_label=0, max_label=69, instance_name='p07.txt');0.0;0.0013116596965119243;0.00012122891348553821;0.14261645078659058
Data(x=[30, 7], edge_index=[2, 8], edge_attr=[8, 6], y=0.0, custom_label=0.0, min_label=0, max_label=69, instance_name='p07.txt');0.0;0.009379994124174118;0.0006816409295424819;0.14261645078659058
Data(x=[26, 7], edge_index=[2, 8], edge_attr=[8, 6], y=0.0, custom_label=0.0, min_label=0, max_label=69, instance_name='p07.txt');0.0;0.0064399573020637035;0.0008190824883058667;0.14261645078659058
Data(x=[33, 7], edge_index=[2, 12], edge_attr=[12, 6], y=0.0, custom_label=0.0, min_label=0, max_label=69, instance_name='p07.txt');0.0;0.002522260183468461;7.8489443694707e-05;0.14261645078659058
Data(x=[24, 7], edge_index=[2, 12], edge_attr=[12, 6], y=0.0, custom_label=0.0, min_label=0, max_label=10, instance_name='p08.txt');0.0;7.709550845902413e-05;1.7468706573708914e-05;0.14261645078659058
Data(x=[18, 7], edge_index=[2, 14], edge_attr=[14, 6], y=0.0, custom_label=0.0, min_label=0, max_label=10, instance_name='p08.txt');0.0;1.089194483938627e-06;1.0085379926749738e-06;0.00011573643860174343
Data(x=[24, 7], edge_index=[2, 14], edge_attr=[14, 6], y=0.0, custom_label=0.0, min_label=0, max_label=10, instance_name='p08.txt');0.0;0.03716319426894188;3.7644414987880737e-05;0.14261645078659058
Data(x=[25, 7], edge_index=[2, 10], edge_attr=[10, 6], y=0.0, custom_label=0.0, min_label=0, max_label=10, instance_name='p08.txt');0.0;9.945451165549457e-05;3.7273475754773244e-05;0.14261645078659058
Data(x=[23, 7], edge_index=[2, 12], edge_attr=[12, 6], y=10.0, custom_label=1.0, min_label=0, max_label=10, instance_name='p08.txt');1.0;0.3305377960205078;0.3554271459579468;0.14261645078659058
Data(x=[22, 7], edge_index=[2, 10], edge_attr=[10, 6], y=9.0, custom_label=0.9, min_label=0, max_label=10, instance_name='p08.txt');0.8999999761581421;0.407235711812973;0.4013786315917969;0.14261645078659058
Data(x=[22, 7], edge_index=[2, 10], edge_attr=[10, 6], y=8.0, custom_label=0.8, min_label=0, max_label=10, instance_name='p08.txt');0.800000011920929;0.3775467276573181;0.36233633756637573;0.14261645078659058
Data(x=[22, 7], edge_index=[2, 10], edge_attr=[10, 6], y=7.0, custom_label=0.7, min_label=0, max_label=10, instance_name='p08.txt');0.699999988079071;0.4064108729362488;0.3714340627193451;0.14261645078659058
Data(x=[22, 7], edge_index=[2, 10], edge_attr=[10, 6], y=6.0, custom_label=0.6, min_label=0, max_label=10, instance_name='p08.txt');0.6000000238418579;0.407235711812973;0.4013786315917969;0.14261645078659058
Data(x=[22, 7], edge_index=[2, 10], edge_attr=[10, 6], y=5.0, custom_label=0.5, min_label=0, max_label=10, instance_name='p08.txt');0.5;0.3775467276573181;0.36233633756637573;0.14261645078659058
Data(x=[22, 7], edge_index=[2, 10], edge_attr=[10, 6], y=4.0, custom_label=0.4, min_label=0, max_label=10, instance_name='p08.txt');0.4000000059604645;0.4064108729362488;0.3714340627193451;0.14261645078659058
Data(x=[21, 7], edge_index=[2, 8], edge_attr=[8, 6], y=3.0, custom_label=0.3, min_label=0, max_label=10, instance_name='p08.txt');0.30000001192092896;0.43806004524230957;0.37912243604660034;0.14261645078659058
Data(x=[22, 7], edge_index=[2, 10], edge_attr=[10, 6], y=2.0, custom_label=0.2, min_label=0, max_label=10, instance_name='p08.txt');0.20000000298023224;0.2628418207168579;0.1821441352367401;0.14261645078659058
Data(x=[22, 7], edge_index=[2, 10], edge_attr=[10, 6], y=1.0, custom_label=0.1, min_label=0, max_label=10, instance_name='p08.txt');0.10000000149011612;0.2628418207168579;0.1821441352367401;0.14261645078659058
Data(x=[23, 7], edge_index=[2, 12], edge_attr=[12, 6], y=0.0, custom_label=0.0, min_label=0, max_label=10, instance_name='p08.txt');0.0;5.631746171275154e-05;1.567480285302736e-05;0.14261645078659058
Data(x=[23, 7], edge_index=[2, 16], edge_attr=[16, 6], y=0.0, custom_label=0.0, min_label=0, max_label=10, instance_name='p08.txt');0.0;4.058682407048764e-06;8.079902045210474e-07;1.7557023966219276e-05
Data(x=[22, 7], edge_index=[2, 14], edge_attr=[14, 6], y=0.0, custom_label=0.0, min_label=0, max_label=10, instance_name='p08.txt');0.0;3.349441976752132e-05;6.46366561340983e-06;2.2667026033929005e-09
Data(x=[26, 7], edge_index=[2, 14], edge_attr=[14, 6], y=0.0, custom_label=0.0, min_label=0, max_label=10, instance_name='p08.txt');0.0;0.0001174939243355766;1.1196431842108723e-05;6.465290789492428e-05
Data(x=[24, 7], edge_index=[2, 16], edge_attr=[16, 6], y=0.0, custom_label=0.0, min_label=0, max_label=10, instance_name='p08.txt');0.0;0.0036960612051188946;4.442324097908568e-06;7.729090145680573e-10
Data(x=[27, 7], edge_index=[2, 16], edge_attr=[16, 6], y=0.0, custom_label=0.0, min_label=0, max_label=10, instance_name='p08.txt');0.0;1.8723174434853718e-05;1.8682509335121722e-06;1.0707369435536407e-09
Data(x=[27, 7], edge_index=[2, 14], edge_attr=[14, 6], y=0.0, custom_label=0.0, min_label=0, max_label=10, instance_name='p08.txt');0.0;2.1165662474231794e-05;3.4393124224152416e-06;0.14261645078659058
Data(x=[25, 7], edge_index=[2, 18], edge_attr=[18, 6], y=0.0, custom_label=0.0, min_label=0, max_label=10, instance_name='p08.txt');0.0;0.0058404370211064816;2.8466967705753632e-05;6.465290789492428e-05
Data(x=[25, 7], edge_index=[2, 14], edge_attr=[14, 6], y=0.0, custom_label=0.0, min_label=0, max_label=10, instance_name='p08.txt');0.0;1.06540355773177e-05;2.4785340428934433e-06;0.14261645078659058
Data(x=[25, 7], edge_index=[2, 12], edge_attr=[12, 6], y=0.0, custom_label=0.0, min_label=0, max_label=10, instance_name='p08.txt');0.0;0.00010292038496118039;1.928269375639502e-05;0.006243646144866943
Data(x=[30, 7], edge_index=[2, 10], edge_attr=[10, 6], y=2.0, custom_label=0.2, min_label=0, max_label=10, instance_name='p08.txt');0.20000000298023224;0.20018914341926575;0.13141019642353058;0.14261645078659058
Data(x=[30, 7], edge_index=[2, 10], edge_attr=[10, 6], y=1.0, custom_label=0.1, min_label=0, max_label=10, instance_name='p08.txt');0.10000000149011612;0.20018914341926575;0.13141019642353058;0.14261645078659058
Data(x=[31, 7], edge_index=[2, 12], edge_attr=[12, 6], y=0.0, custom_label=0.0, min_label=0, max_label=10, instance_name='p08.txt');0.0;0.00038217019755393267;3.0512210287270136e-05;0.14261645078659058
Data(x=[24, 7], edge_index=[2, 16], edge_attr=[16, 6], y=0.0, custom_label=0.0, min_label=0, max_label=10, instance_name='p08.txt');0.0;6.237229627004126e-06;1.0252527999909944e-06;3.5711077543965075e-06
Data(x=[24, 7], edge_index=[2, 16], edge_attr=[16, 6], y=0.0, custom_label=0.0, min_label=0, max_label=10, instance_name='p08.txt');0.0;0.0036960633005946875;4.442324097908568e-06;0.14261645078659058
Data(x=[24, 7], edge_index=[2, 14], edge_attr=[14, 6], y=0.0, custom_label=0.0, min_label=0, max_label=10, instance_name='p08.txt');0.0;0.0006947783986106515;0.00023017927014734596;6.465290789492428e-05
Data(x=[21, 7], edge_index=[2, 16], edge_attr=[16, 6], y=0.0, custom_label=0.0, min_label=0, max_label=10, instance_name='p08.txt');0.0;1.5187430335572571e-06;4.624119753771083e-07;0.004510927479714155
Data(x=[24, 7], edge_index=[2, 12], edge_attr=[12, 6], y=0.0, custom_label=0.0, min_label=0, max_label=10, instance_name='p08.txt');0.0;2.2338854250847362e-05;7.645946425327566e-06;0.14261645078659058
Data(x=[24, 7], edge_index=[2, 12], edge_attr=[12, 6], y=0.0, custom_label=0.0, min_label=0, max_label=10, instance_name='p08.txt');0.0;0.00020970203331671655;3.261052188463509e-05;0.14261645078659058
Data(x=[20, 7], edge_index=[2, 16], edge_attr=[16, 6], y=0.0, custom_label=0.0, min_label=0, max_label=10, instance_name='p08.txt');0.0;0.001877396716736257;2.056238372460939e-06;0.14261645078659058
Data(x=[27, 7], edge_index=[2, 14], edge_attr=[14, 6], y=0.0, custom_label=0.0, min_label=0, max_label=10, instance_name='p08.txt');0.0;0.00015200678899418563;1.2485681509133428e-05;0.14261645078659058
Data(x=[20, 7], edge_index=[2, 12], edge_attr=[12, 6], y=0.0, custom_label=0.0, min_label=0, max_label=10, instance_name='p08.txt');0.0;1.844183680077549e-05;1.0524452591198497e-05;0.00020854815375059843
Data(x=[25, 7], edge_index=[2, 14], edge_attr=[14, 6], y=0.0, custom_label=0.0, min_label=0, max_label=10, instance_name='p08.txt');0.0;0.0008651462849229574;0.0002298917097505182;0.14261645078659058
Data(x=[23, 7], edge_index=[2, 16], edge_attr=[16, 6], y=0.0, custom_label=0.0, min_label=0, max_label=10, instance_name='p08.txt');0.0;1.133027944888454e-05;1.5782040918566054e-06;6.035654753766551e-10
Data(x=[31, 7], edge_index=[2, 16], edge_attr=[16, 6], y=0.0, custom_label=0.0, min_label=0, max_label=10, instance_name='p08.txt');0.0;0.0011231818934902549;1.5710735169705003e-05;0.14261645078659058
Data(x=[25, 7], edge_index=[2, 12], edge_attr=[12, 6], y=0.0, custom_label=0.0, min_label=0, max_label=10, instance_name='p08.txt');0.0;0.00010292038496118039;1.928269375639502e-05;1.7557023966219276e-05
Data(x=[21, 7], edge_index=[2, 12], edge_attr=[12, 6], y=0.0, custom_label=0.0, min_label=0, max_label=10, instance_name='p08.txt');0.0;2.7677009711624123e-05;1.2171925845905207e-05;4.888861582230675e-08
Data(x=[20, 7], edge_index=[2, 10], edge_attr=[10, 6], y=0.0, custom_label=0.0, min_label=0, max_label=10, instance_name='p08.txt');0.0;1.9013772543985397e-05;2.427506296953652e-05;0.14261645078659058
Data(x=[27, 7], edge_index=[2, 16], edge_attr=[16, 6], y=0.0, custom_label=0.0, min_label=0, max_label=10, instance_name='p08.txt');0.0;0.00013131684681866318;6.735135684721172e-06;4.888861582230675e-08
Data(x=[23, 7], edge_index=[2, 8], edge_attr=[8, 6], y=0.0, custom_label=0.0, min_label=0, max_label=10, instance_name='p08.txt');0.0;5.230890019447543e-05;6.574503640877083e-05;0.14261645078659058
Data(x=[25, 7], edge_index=[2, 12], edge_attr=[12, 6], y=0.0, custom_label=0.0, min_label=0, max_label=10, instance_name='p08.txt');0.0;0.001026056706905365;0.00044854043517261744;0.14261645078659058
Data(x=[25, 7], edge_index=[2, 12], edge_attr=[12, 6], y=8.0, custom_label=0.8, min_label=0, max_label=10, instance_name='p08.txt');0.800000011920929;0.23033663630485535;0.18479615449905396;0.14261645078659058
Data(x=[25, 7], edge_index=[2, 12], edge_attr=[12, 6], y=7.0, custom_label=0.7, min_label=0, max_label=10, instance_name='p08.txt');0.699999988079071;0.22825071215629578;0.1584080010652542;0.14261645078659058
Data(x=[25, 7], edge_index=[2, 12], edge_attr=[12, 6], y=6.0, custom_label=0.6, min_label=0, max_label=10, instance_name='p08.txt');0.6000000238418579;0.22825071215629578;0.1584080010652542;0.14261645078659058
Data(x=[25, 7], edge_index=[2, 12], edge_attr=[12, 6], y=5.0, custom_label=0.5, min_label=0, max_label=10, instance_name='p08.txt');0.5;0.22825071215629578;0.1584080010652542;0.14261645078659058
Data(x=[25, 7], edge_index=[2, 12], edge_attr=[12, 6], y=4.0, custom_label=0.4, min_label=0, max_label=10, instance_name='p08.txt');0.4000000059604645;0.22825071215629578;0.1584080010652542;0.14261645078659058
Data(x=[25, 7], edge_index=[2, 12], edge_attr=[12, 6], y=3.0, custom_label=0.3, min_label=0, max_label=10, instance_name='p08.txt');0.30000001192092896;0.22825071215629578;0.15840798616409302;0.14261645078659058
Data(x=[25, 7], edge_index=[2, 12], edge_attr=[12, 6], y=2.0, custom_label=0.2, min_label=0, max_label=10, instance_name='p08.txt');0.20000000298023224;0.23033663630485535;0.18479610979557037;0.14261645078659058
Data(x=[25, 7], edge_index=[2, 12], edge_attr=[12, 6], y=1.0, custom_label=0.1, min_label=0, max_label=10, instance_name='p08.txt');0.10000000149011612;0.22825071215629578;0.15840798616409302;0.14261645078659058
Data(x=[26, 7], edge_index=[2, 14], edge_attr=[14, 6], y=0.0, custom_label=0.0, min_label=0, max_label=10, instance_name='p08.txt');0.0;0.00011749401892302558;1.1196421837667003e-05;0.14261645078659058
Data(x=[23, 7], edge_index=[2, 20], edge_attr=[20, 6], y=0.0, custom_label=0.0, min_label=0, max_label=10, instance_name='p08.txt');0.0;0.0017775528831407428;8.781395877122122e-07;1.252004413771629e-13
Data(x=[26, 7], edge_index=[2, 14], edge_attr=[14, 6], y=0.0, custom_label=0.0, min_label=0, max_label=10, instance_name='p08.txt');0.0;1.526270352769643e-05;2.9381174044829095e-06;0.14261645078659058
Data(x=[25, 7], edge_index=[2, 12], edge_attr=[12, 6], y=0.0, custom_label=0.0, min_label=0, max_label=10, instance_name='p08.txt');0.0;0.00010292038496118039;1.928269375639502e-05;0.14261645078659058
Data(x=[22, 7], edge_index=[2, 16], edge_attr=[16, 6], y=0.0, custom_label=0.0, min_label=0, max_label=10, instance_name='p08.txt');0.0;0.002694976283237338;3.133538257316104e-06;1.0964547072944697e-05
Data(x=[25, 7], edge_index=[2, 14], edge_attr=[14, 6], y=2.0, custom_label=0.2, min_label=0, max_label=10, instance_name='p08.txt');0.20000000298023224;0.3036207854747772;0.19675394892692566;0.14261645078659058
Data(x=[25, 7], edge_index=[2, 14], edge_attr=[14, 6], y=1.0, custom_label=0.1, min_label=0, max_label=10, instance_name='p08.txt');0.10000000149011612;0.28154122829437256;0.1396196186542511;0.14261645078659058
Data(x=[26, 7], edge_index=[2, 16], edge_attr=[16, 6], y=0.0, custom_label=0.0, min_label=0, max_label=10, instance_name='p08.txt');0.0;0.004846862982958555;5.968517598375911e-06;0.14261645078659058
Data(x=[22, 7], edge_index=[2, 10], edge_attr=[10, 6], y=0.0, custom_label=0.0, min_label=0, max_label=10, instance_name='p08.txt');0.0;4.075084871146828e-05;2.9512957553379238e-05;0.14261645078659058
Data(x=[25, 7], edge_index=[2, 16], edge_attr=[16, 6], y=0.0, custom_label=0.0, min_label=0, max_label=10, instance_name='p08.txt');0.0;9.26124721445376e-06;1.2756725027429638e-06;7.743726314476604e-14
Data(x=[24, 7], edge_index=[2, 12], edge_attr=[12, 6], y=0.0, custom_label=0.0, min_label=0, max_label=10, instance_name='p08.txt');0.0;7.709550845902413e-05;1.7468706573708914e-05;0.00020854815375059843
Data(x=[28, 7], edge_index=[2, 18], edge_attr=[18, 6], y=0.0, custom_label=0.0, min_label=0, max_label=10, instance_name='p08.txt');0.0;0.005590121261775494;4.2680535443651024e-06;0.00011573643860174343
Data(x=[22, 7], edge_index=[2, 10], edge_attr=[10, 6], y=0.0, custom_label=0.0, min_label=0, max_label=10, instance_name='p08.txt');0.0;4.075084871146828e-05;2.9512957553379238e-05;0.14261645078659058
Data(x=[29, 7], edge_index=[2, 16], edge_attr=[16, 6], y=0.0, custom_label=0.0, min_label=0, max_label=10, instance_name='p08.txt');0.0;3.452984310570173e-05;2.584442199804471e-06;0.004510927479714155
Data(x=[25, 7], edge_index=[2, 16], edge_attr=[16, 6], y=0.0, custom_label=0.0, min_label=0, max_label=10, instance_name='p08.txt');0.0;9.26124721445376e-06;1.2756725027429638e-06;0.00023004146351013333
Data(x=[26, 7], edge_index=[2, 16], edge_attr=[16, 6], y=0.0, custom_label=0.0, min_label=0, max_label=10, instance_name='p08.txt');0.0;1.3345073057280388e-05;1.5566477031825343e-06;2.7367972471603608e-11
Data(x=[26, 7], edge_index=[2, 20], edge_attr=[20, 6], y=3.0, custom_label=0.3, min_label=0, max_label=10, instance_name='p08.txt');0.30000001192092896;0.25286635756492615;0.15307240188121796;0.14261645078659058
Data(x=[25, 7], edge_index=[2, 18], edge_attr=[18, 6], y=2.0, custom_label=0.2, min_label=0, max_label=10, instance_name='p08.txt');0.20000000298023224;0.2516680657863617;0.1964723914861679;0.14261645078659058
Data(x=[25, 7], edge_index=[2, 18], edge_attr=[18, 6], y=1.0, custom_label=0.1, min_label=0, max_label=10, instance_name='p08.txt');0.10000000149011612;0.2600913643836975;0.1754215508699417;0.14261645078659058
Data(x=[26, 7], edge_index=[2, 20], edge_attr=[20, 6], y=0.0, custom_label=0.0, min_label=0, max_label=10, instance_name='p08.txt');0.0;0.13891588151454926;6.306841532932594e-05;0.14261645078659058
Data(x=[26, 7], edge_index=[2, 8], edge_attr=[8, 6], y=0.0, custom_label=0.0, min_label=0, max_label=10, instance_name='p08.txt');0.0;0.00011984894081251696;7.502602238673717e-05;0.14261645078659058
Data(x=[26, 7], edge_index=[2, 16], edge_attr=[16, 6], y=0.0, custom_label=0.0, min_label=0, max_label=10, instance_name='p08.txt');0.0;1.3345073057280388e-05;1.5566477031825343e-06;3.3938665637833765e-06
Data(x=[22, 7], edge_index=[2, 10], edge_attr=[10, 6], y=0.0, custom_label=0.0, min_label=0, max_label=10, instance_name='p08.txt');0.0;0.00013485368981491774;5.831078306073323e-05;0.14261645078659058
Data(x=[27, 7], edge_index=[2, 16], edge_attr=[16, 6], y=0.0, custom_label=0.0, min_label=0, max_label=10, instance_name='p08.txt');0.0;0.03532060235738754;2.470614890626166e-05;0.14261645078659058
Data(x=[26, 7], edge_index=[2, 16], edge_attr=[16, 6], y=0.0, custom_label=0.0, min_label=0, max_label=10, instance_name='p08.txt');0.0;1.3345073057280388e-05;1.5566491811114247e-06;6.465290789492428e-05
Data(x=[28, 7], edge_index=[2, 14], edge_attr=[14, 6], y=0.0, custom_label=0.0, min_label=0, max_label=10, instance_name='p08.txt');0.0;7.029836706351489e-05;6.797702098992886e-06;9.877203410724178e-08
Data(x=[25, 7], edge_index=[2, 12], edge_attr=[12, 6], y=3.0, custom_label=0.3, min_label=0, max_label=10, instance_name='p08.txt');0.30000001192092896;0.42633169889450073;0.35773175954818726;0.14261645078659058
Data(x=[26, 7], edge_index=[2, 14], edge_attr=[14, 6], y=2.0, custom_label=0.2, min_label=0, max_label=10, instance_name='p08.txt');0.20000000298023224;0.2806991934776306;0.16905632615089417;0.14261645078659058
Data(x=[25, 7], edge_index=[2, 10], edge_attr=[10, 6], y=1.0, custom_label=0.1, min_label=0, max_label=10, instance_name='p08.txt');0.10000000149011612;0.21539366245269775;0.1581171154975891;0.14261645078659058
Data(x=[26, 7], edge_index=[2, 12], edge_attr=[12, 6], y=0.0, custom_label=0.0, min_label=0, max_label=10, instance_name='p08.txt');0.0;0.00013441797636914998;2.112386209773831e-05;0.14261645078659058
Data(x=[18, 7], edge_index=[2, 8], edge_attr=[8, 6], y=0.0, custom_label=0.0, min_label=0, max_label=10, instance_name='p08.txt');0.0;7.2479301707062405e-06;4.7840971092227846e-05;0.14261645078659058
Data(x=[24, 7], edge_index=[2, 6], edge_attr=[6, 6], y=4.0, custom_label=0.4, min_label=0, max_label=10, instance_name='p08.txt');0.4000000059604645;0.32774797081947327;0.3343943953514099;0.14261645078659058
Data(x=[24, 7], edge_index=[2, 6], edge_attr=[6, 6], y=3.0, custom_label=0.3, min_label=0, max_label=10, instance_name='p08.txt');0.30000001192092896;0.3612683415412903;0.37493833899497986;0.14261645078659058
Data(x=[25, 7], edge_index=[2, 8], edge_attr=[8, 6], y=2.0, custom_label=0.2, min_label=0, max_label=10, instance_name='p08.txt');0.20000000298023224;0.15100187063217163;0.1775873303413391;0.14261645078659058
Data(x=[25, 7], edge_index=[2, 8], edge_attr=[8, 6], y=1.0, custom_label=0.1, min_label=0, max_label=10, instance_name='p08.txt');0.10000000149011612;0.13132411241531372;0.1305631697177887;0.14261645078659058
Data(x=[26, 7], edge_index=[2, 10], edge_attr=[10, 6], y=0.0, custom_label=0.0, min_label=0, max_label=10, instance_name='p08.txt');0.0;1.3894828953198157e-05;1.0435862350277603e-05;0.14261645078659058
Data(x=[23, 7], edge_index=[2, 12], edge_attr=[12, 6], y=0.0, custom_label=0.0, min_label=0, max_label=10, instance_name='p08.txt');0.0;5.631746171275154e-05;1.567480285302736e-05;6.465290789492428e-05
Data(x=[21, 7], edge_index=[2, 12], edge_attr=[12, 6], y=0.0, custom_label=0.0, min_label=0, max_label=10, instance_name='p08.txt');0.0;0.0004229767364449799;0.0005101010901853442;0.14261645078659058
Data(x=[29, 7], edge_index=[2, 18], edge_attr=[18, 6], y=0.0, custom_label=0.0, min_label=0, max_label=10, instance_name='p08.txt');0.0;0.006329377181828022;4.8789083848532755e-06;0.00011573643860174343
Data(x=[23, 7], edge_index=[2, 16], edge_attr=[16, 6], y=0.0, custom_label=0.0, min_label=0, max_label=10, instance_name='p08.txt');0.0;4.058686499774922e-06;8.079902045210474e-07;1.081744358089054e-06
Data(x=[24, 7], edge_index=[2, 10], edge_attr=[10, 6], y=2.0, custom_label=0.2, min_label=0, max_label=10, instance_name='p08.txt');0.20000000298023224;0.16580885648727417;0.14154593646526337;0.14261645078659058
Data(x=[24, 7], edge_index=[2, 10], edge_attr=[10, 6], y=1.0, custom_label=0.1, min_label=0, max_label=10, instance_name='p08.txt');0.10000000149011612;0.16580885648727417;0.14154593646526337;0.14261645078659058
Data(x=[25, 7], edge_index=[2, 12], edge_attr=[12, 6], y=0.0, custom_label=0.0, min_label=0, max_label=10, instance_name='p08.txt');0.0;1.0569069672783371e-05;4.791090304934187e-06;0.14261645078659058
Data(x=[26, 7], edge_index=[2, 16], edge_attr=[16, 6], y=0.0, custom_label=0.0, min_label=0, max_label=10, instance_name='p08.txt');0.0;9.949188824975863e-05;5.869158030691324e-06;6.465290789492428e-05
Data(x=[24, 7], edge_index=[2, 10], edge_attr=[10, 6], y=0.0, custom_label=0.0, min_label=0, max_label=10, instance_name='p08.txt');0.0;7.572351751150563e-05;3.470729279797524e-05;0.14261645078659058
Data(x=[23, 7], edge_index=[2, 10], edge_attr=[10, 6], y=0.0, custom_label=0.0, min_label=0, max_label=10, instance_name='p08.txt');0.0;5.630403393297456e-05;3.211791408830322e-05;0.14261645078659058
Data(x=[27, 7], edge_index=[2, 16], edge_attr=[16, 6], y=0.0, custom_label=0.0, min_label=0, max_label=10, instance_name='p08.txt');0.0;0.035320594906806946;2.4706172553123906e-05;0.14261645078659058
Data(x=[35, 7], edge_index=[2, 4], edge_attr=[4, 6], y=88.0, custom_label=1.0, min_label=0, max_label=88, instance_name='p09.txt');1.0;0.27378425002098083;0.24735863506793976;0.14261645078659058
Data(x=[35, 7], edge_index=[2, 4], edge_attr=[4, 6], y=87.0, custom_label=0.9886364, min_label=0, max_label=88, instance_name='p09.txt');0.9886363744735718;0.27378425002098083;0.24735863506793976;0.14261645078659058
Data(x=[35, 7], edge_index=[2, 4], edge_attr=[4, 6], y=86.0, custom_label=0.97727275, min_label=0, max_label=88, instance_name='p09.txt');0.9772727489471436;0.27378425002098083;0.24735863506793976;0.14261645078659058
Data(x=[35, 7], edge_index=[2, 4], edge_attr=[4, 6], y=85.0, custom_label=0.96590906, min_label=0, max_label=88, instance_name='p09.txt');0.9659090638160706;0.27378425002098083;0.24735863506793976;0.14261645078659058
Data(x=[35, 7], edge_index=[2, 4], edge_attr=[4, 6], y=84.0, custom_label=0.95454544, min_label=0, max_label=88, instance_name='p09.txt');0.9545454382896423;0.27378425002098083;0.24735863506793976;0.14261645078659058
Data(x=[35, 7], edge_index=[2, 4], edge_attr=[4, 6], y=83.0, custom_label=0.9431818, min_label=0, max_label=88, instance_name='p09.txt');0.9431818127632141;0.27378425002098083;0.24735863506793976;0.14261645078659058
Data(x=[35, 7], edge_index=[2, 4], edge_attr=[4, 6], y=82.0, custom_label=0.9318182, min_label=0, max_label=88, instance_name='p09.txt');0.9318181872367859;0.27378425002098083;0.24735863506793976;0.14261645078659058
Data(x=[35, 7], edge_index=[2, 4], edge_attr=[4, 6], y=81.0, custom_label=0.92045456, min_label=0, max_label=88, instance_name='p09.txt');0.9204545617103577;0.27378425002098083;0.24735863506793976;0.14261645078659058
Data(x=[35, 7], edge_index=[2, 4], edge_attr=[4, 6], y=80.0, custom_label=0.90909094, min_label=0, max_label=88, instance_name='p09.txt');0.9090909361839294;0.27378425002098083;0.24735863506793976;0.14261645078659058
Data(x=[35, 7], edge_index=[2, 4], edge_attr=[4, 6], y=79.0, custom_label=0.89772725, min_label=0, max_label=88, instance_name='p09.txt');0.8977272510528564;0.27378425002098083;0.24735863506793976;0.14261645078659058
Data(x=[35, 7], edge_index=[2, 4], edge_attr=[4, 6], y=78.0, custom_label=0.8863636, min_label=0, max_label=88, instance_name='p09.txt');0.8863636255264282;0.27378425002098083;0.24735863506793976;0.14261645078659058
Data(x=[35, 7], edge_index=[2, 4], edge_attr=[4, 6], y=77.0, custom_label=0.875, min_label=0, max_label=88, instance_name='p09.txt');0.875;0.27378425002098083;0.24735863506793976;0.14261645078659058
Data(x=[35, 7], edge_index=[2, 4], edge_attr=[4, 6], y=76.0, custom_label=0.8636364, min_label=0, max_label=88, instance_name='p09.txt');0.8636363744735718;0.27378425002098083;0.24735863506793976;0.14261645078659058
Data(x=[35, 7], edge_index=[2, 4], edge_attr=[4, 6], y=75.0, custom_label=0.85227275, min_label=0, max_label=88, instance_name='p09.txt');0.8522727489471436;0.27378425002098083;0.24735863506793976;0.14261645078659058
Data(x=[35, 7], edge_index=[2, 4], edge_attr=[4, 6], y=74.0, custom_label=0.84090906, min_label=0, max_label=88, instance_name='p09.txt');0.8409090638160706;0.27378425002098083;0.24735863506793976;0.14261645078659058
Data(x=[35, 7], edge_index=[2, 4], edge_attr=[4, 6], y=73.0, custom_label=0.82954544, min_label=0, max_label=88, instance_name='p09.txt');0.8295454382896423;0.27378425002098083;0.24735863506793976;0.14261645078659058
Data(x=[36, 7], edge_index=[2, 6], edge_attr=[6, 6], y=72.0, custom_label=0.8181818, min_label=0, max_label=88, instance_name='p09.txt');0.8181818127632141;0.1383500099182129;0.08193223178386688;0.14261645078659058
Data(x=[36, 7], edge_index=[2, 6], edge_attr=[6, 6], y=71.0, custom_label=0.8068182, min_label=0, max_label=88, instance_name='p09.txt');0.8068181872367859;0.1383500099182129;0.08193223178386688;0.14261645078659058
Data(x=[36, 7], edge_index=[2, 6], edge_attr=[6, 6], y=70.0, custom_label=0.79545456, min_label=0, max_label=88, instance_name='p09.txt');0.7954545617103577;0.1383500099182129;0.08193223178386688;0.14261645078659058
Data(x=[36, 7], edge_index=[2, 6], edge_attr=[6, 6], y=69.0, custom_label=0.78409094, min_label=0, max_label=88, instance_name='p09.txt');0.7840909361839294;0.1383500099182129;0.08193223178386688;0.14261645078659058
Data(x=[36, 7], edge_index=[2, 6], edge_attr=[6, 6], y=68.0, custom_label=0.77272725, min_label=0, max_label=88, instance_name='p09.txt');0.7727272510528564;0.1383500099182129;0.08193223178386688;0.14261645078659058
Data(x=[36, 7], edge_index=[2, 6], edge_attr=[6, 6], y=67.0, custom_label=0.7613636, min_label=0, max_label=88, instance_name='p09.txt');0.7613636255264282;0.1383500099182129;0.08193223178386688;0.14261645078659058
Data(x=[36, 7], edge_index=[2, 6], edge_attr=[6, 6], y=66.0, custom_label=0.75, min_label=0, max_label=88, instance_name='p09.txt');0.75;0.1383500099182129;0.08193223178386688;0.14261645078659058
Data(x=[35, 7], edge_index=[2, 4], edge_attr=[4, 6], y=65.0, custom_label=0.7386364, min_label=0, max_label=88, instance_name='p09.txt');0.7386363744735718;0.27378425002098083;0.24735863506793976;0.14261645078659058
Data(x=[35, 7], edge_index=[2, 4], edge_attr=[4, 6], y=64.0, custom_label=0.72727275, min_label=0, max_label=88, instance_name='p09.txt');0.7272727489471436;0.27378425002098083;0.24735863506793976;0.14261645078659058
Data(x=[35, 7], edge_index=[2, 4], edge_attr=[4, 6], y=63.0, custom_label=0.71590906, min_label=0, max_label=88, instance_name='p09.txt');0.7159090638160706;0.27378425002098083;0.24735863506793976;0.14261645078659058
Data(x=[35, 7], edge_index=[2, 4], edge_attr=[4, 6], y=62.0, custom_label=0.70454544, min_label=0, max_label=88, instance_name='p09.txt');0.7045454382896423;0.27378425002098083;0.24735863506793976;0.14261645078659058
Data(x=[35, 7], edge_index=[2, 4], edge_attr=[4, 6], y=61.0, custom_label=0.6931818, min_label=0, max_label=88, instance_name='p09.txt');0.6931818127632141;0.27378425002098083;0.24735863506793976;0.14261645078659058
Data(x=[35, 7], edge_index=[2, 4], edge_attr=[4, 6], y=60.0, custom_label=0.6818182, min_label=0, max_label=88, instance_name='p09.txt');0.6818181872367859;0.27378425002098083;0.24735863506793976;0.14261645078659058
Data(x=[35, 7], edge_index=[2, 4], edge_attr=[4, 6], y=59.0, custom_label=0.67045456, min_label=0, max_label=88, instance_name='p09.txt');0.6704545617103577;0.27378425002098083;0.24735863506793976;0.14261645078659058
Data(x=[35, 7], edge_index=[2, 4], edge_attr=[4, 6], y=58.0, custom_label=0.65909094, min_label=0, max_label=88, instance_name='p09.txt');0.6590909361839294;0.27378425002098083;0.24735863506793976;0.14261645078659058
Data(x=[34, 7], edge_index=[2, 2], edge_attr=[2, 6], y=57.0, custom_label=0.64772725, min_label=0, max_label=88, instance_name='p09.txt');0.6477272510528564;0.4644293785095215;0.4080671966075897;0.14261645078659058
Data(x=[34, 7], edge_index=[2, 2], edge_attr=[2, 6], y=56.0, custom_label=0.6363636, min_label=0, max_label=88, instance_name='p09.txt');0.6363636255264282;0.4644293785095215;0.4080671966075897;0.14261645078659058
Data(x=[34, 7], edge_index=[2, 2], edge_attr=[2, 6], y=55.0, custom_label=0.625, min_label=0, max_label=88, instance_name='p09.txt');0.625;0.4644293785095215;0.4080671966075897;0.14261645078659058
Data(x=[34, 7], edge_index=[2, 2], edge_attr=[2, 6], y=54.0, custom_label=0.6136364, min_label=0, max_label=88, instance_name='p09.txt');0.6136363744735718;0.4644293785095215;0.4080671966075897;0.14261645078659058
Data(x=[34, 7], edge_index=[2, 2], edge_attr=[2, 6], y=53.0, custom_label=0.60227275, min_label=0, max_label=88, instance_name='p09.txt');0.6022727489471436;0.4644293785095215;0.4080671966075897;0.14261645078659058
Data(x=[34, 7], edge_index=[2, 2], edge_attr=[2, 6], y=52.0, custom_label=0.59090906, min_label=0, max_label=88, instance_name='p09.txt');0.5909090638160706;0.4644293785095215;0.4080671966075897;0.14261645078659058
Data(x=[34, 7], edge_index=[2, 2], edge_attr=[2, 6], y=51.0, custom_label=0.57954544, min_label=0, max_label=88, instance_name='p09.txt');0.5795454382896423;0.4644293785095215;0.4080671966075897;0.14261645078659058
Data(x=[34, 7], edge_index=[2, 2], edge_attr=[2, 6], y=50.0, custom_label=0.5681818, min_label=0, max_label=88, instance_name='p09.txt');0.5681818127632141;0.4644293785095215;0.4080671966075897;0.14261645078659058
Data(x=[34, 7], edge_index=[2, 2], edge_attr=[2, 6], y=49.0, custom_label=0.5568182, min_label=0, max_label=88, instance_name='p09.txt');0.5568181872367859;0.4644293785095215;0.4080671966075897;0.14261645078659058
Data(x=[34, 7], edge_index=[2, 2], edge_attr=[2, 6], y=48.0, custom_label=0.54545456, min_label=0, max_label=88, instance_name='p09.txt');0.5454545617103577;0.4644293785095215;0.4080671966075897;0.14261645078659058
Data(x=[34, 7], edge_index=[2, 2], edge_attr=[2, 6], y=47.0, custom_label=0.53409094, min_label=0, max_label=88, instance_name='p09.txt');0.5340909361839294;0.4644293785095215;0.4080671966075897;0.14261645078659058
Data(x=[34, 7], edge_index=[2, 2], edge_attr=[2, 6], y=46.0, custom_label=0.52272725, min_label=0, max_label=88, instance_name='p09.txt');0.5227272510528564;0.4644293785095215;0.4080671966075897;0.14261645078659058
Data(x=[34, 7], edge_index=[2, 2], edge_attr=[2, 6], y=45.0, custom_label=0.5113636, min_label=0, max_label=88, instance_name='p09.txt');0.5113636255264282;0.4644293785095215;0.4080671966075897;0.14261645078659058
Data(x=[34, 7], edge_index=[2, 2], edge_attr=[2, 6], y=44.0, custom_label=0.5, min_label=0, max_label=88, instance_name='p09.txt');0.5;0.4644293785095215;0.4080671966075897;0.14261645078659058
Data(x=[34, 7], edge_index=[2, 2], edge_attr=[2, 6], y=43.0, custom_label=0.48863637, min_label=0, max_label=88, instance_name='p09.txt');0.4886363744735718;0.4644293785095215;0.4080671966075897;0.14261645078659058
Data(x=[35, 7], edge_index=[2, 4], edge_attr=[4, 6], y=42.0, custom_label=0.47727272, min_label=0, max_label=88, instance_name='p09.txt');0.47727271914482117;0.27378425002098083;0.24735863506793976;0.14261645078659058
Data(x=[35, 7], edge_index=[2, 4], edge_attr=[4, 6], y=41.0, custom_label=0.4659091, min_label=0, max_label=88, instance_name='p09.txt');0.46590909361839294;0.27378425002098083;0.24735863506793976;0.14261645078659058
Data(x=[35, 7], edge_index=[2, 4], edge_attr=[4, 6], y=40.0, custom_label=0.45454547, min_label=0, max_label=88, instance_name='p09.txt');0.4545454680919647;0.27378425002098083;0.24735863506793976;0.14261645078659058
Data(x=[34, 7], edge_index=[2, 2], edge_attr=[2, 6], y=39.0, custom_label=0.4431818, min_label=0, max_label=88, instance_name='p09.txt');0.4431818127632141;0.4644293785095215;0.4080671966075897;0.14261645078659058
Data(x=[35, 7], edge_index=[2, 4], edge_attr=[4, 6], y=38.0, custom_label=0.4318182, min_label=0, max_label=88, instance_name='p09.txt');0.4318181872367859;0.27378425002098083;0.24735863506793976;0.14261645078659058
Data(x=[35, 7], edge_index=[2, 4], edge_attr=[4, 6], y=37.0, custom_label=0.42045453, min_label=0, max_label=88, instance_name='p09.txt');0.4204545319080353;0.27378425002098083;0.24735863506793976;0.14261645078659058
Data(x=[35, 7], edge_index=[2, 4], edge_attr=[4, 6], y=36.0, custom_label=0.4090909, min_label=0, max_label=88, instance_name='p09.txt');0.40909090638160706;0.27378425002098083;0.24735863506793976;0.14261645078659058
Data(x=[35, 7], edge_index=[2, 4], edge_attr=[4, 6], y=35.0, custom_label=0.39772728, min_label=0, max_label=88, instance_name='p09.txt');0.39772728085517883;0.27378425002098083;0.24735863506793976;0.14261645078659058
Data(x=[35, 7], edge_index=[2, 4], edge_attr=[4, 6], y=34.0, custom_label=0.38636363, min_label=0, max_label=88, instance_name='p09.txt');0.3863636255264282;0.27378425002098083;0.24735863506793976;0.14261645078659058
Data(x=[34, 7], edge_index=[2, 2], edge_attr=[2, 6], y=33.0, custom_label=0.375, min_label=0, max_label=88, instance_name='p09.txt');0.375;0.4644293785095215;0.4080671966075897;0.14261645078659058
Data(x=[34, 7], edge_index=[2, 2], edge_attr=[2, 6], y=32.0, custom_label=0.36363637, min_label=0, max_label=88, instance_name='p09.txt');0.3636363744735718;0.4644293785095215;0.4080671966075897;0.14261645078659058
Data(x=[34, 7], edge_index=[2, 2], edge_attr=[2, 6], y=31.0, custom_label=0.35227272, min_label=0, max_label=88, instance_name='p09.txt');0.35227271914482117;0.4644293785095215;0.4080671966075897;0.14261645078659058
Data(x=[34, 7], edge_index=[2, 2], edge_attr=[2, 6], y=30.0, custom_label=0.3409091, min_label=0, max_label=88, instance_name='p09.txt');0.34090909361839294;0.4644293785095215;0.4080671966075897;0.14261645078659058
Data(x=[34, 7], edge_index=[2, 2], edge_attr=[2, 6], y=29.0, custom_label=0.32954547, min_label=0, max_label=88, instance_name='p09.txt');0.3295454680919647;0.4644293785095215;0.4080671966075897;0.14261645078659058
Data(x=[34, 7], edge_index=[2, 2], edge_attr=[2, 6], y=28.0, custom_label=0.3181818, min_label=0, max_label=88, instance_name='p09.txt');0.3181818127632141;0.4644293785095215;0.4080671966075897;0.14261645078659058
Data(x=[34, 7], edge_index=[2, 2], edge_attr=[2, 6], y=27.0, custom_label=0.3068182, min_label=0, max_label=88, instance_name='p09.txt');0.3068181872367859;0.4644293785095215;0.4080671966075897;0.14261645078659058
Data(x=[34, 7], edge_index=[2, 2], edge_attr=[2, 6], y=26.0, custom_label=0.29545453, min_label=0, max_label=88, instance_name='p09.txt');0.2954545319080353;0.4644293785095215;0.4080671966075897;0.14261645078659058
Data(x=[34, 7], edge_index=[2, 2], edge_attr=[2, 6], y=25.0, custom_label=0.2840909, min_label=0, max_label=88, instance_name='p09.txt');0.28409090638160706;0.4644293785095215;0.4080671966075897;0.14261645078659058
Data(x=[34, 7], edge_index=[2, 2], edge_attr=[2, 6], y=24.0, custom_label=0.27272728, min_label=0, max_label=88, instance_name='p09.txt');0.27272728085517883;0.4644293785095215;0.4080671966075897;0.14261645078659058
Data(x=[34, 7], edge_index=[2, 2], edge_attr=[2, 6], y=23.0, custom_label=0.26136363, min_label=0, max_label=88, instance_name='p09.txt');0.2613636255264282;0.4644293785095215;0.4080671966075897;0.14261645078659058
Data(x=[34, 7], edge_index=[2, 2], edge_attr=[2, 6], y=22.0, custom_label=0.25, min_label=0, max_label=88, instance_name='p09.txt');0.25;0.4644293785095215;0.4080671966075897;0.14261645078659058
Data(x=[34, 7], edge_index=[2, 2], edge_attr=[2, 6], y=21.0, custom_label=0.23863636, min_label=0, max_label=88, instance_name='p09.txt');0.23863635957241058;0.4644293785095215;0.4080671966075897;0.14261645078659058
Data(x=[35, 7], edge_index=[2, 4], edge_attr=[4, 6], y=20.0, custom_label=0.22727273, min_label=0, max_label=88, instance_name='p09.txt');0.22727273404598236;0.27378425002098083;0.24735863506793976;0.14261645078659058
Data(x=[35, 7], edge_index=[2, 4], edge_attr=[4, 6], y=19.0, custom_label=0.2159091, min_label=0, max_label=88, instance_name='p09.txt');0.21590909361839294;0.27378425002098083;0.24735863506793976;0.14261645078659058
Data(x=[35, 7], edge_index=[2, 4], edge_attr=[4, 6], y=18.0, custom_label=0.20454545, min_label=0, max_label=88, instance_name='p09.txt');0.20454545319080353;0.27378425002098083;0.24735863506793976;0.14261645078659058
Data(x=[35, 7], edge_index=[2, 4], edge_attr=[4, 6], y=17.0, custom_label=0.19318181, min_label=0, max_label=88, instance_name='p09.txt');0.1931818127632141;0.27378425002098083;0.24735863506793976;0.14261645078659058
Data(x=[35, 7], edge_index=[2, 4], edge_attr=[4, 6], y=16.0, custom_label=0.18181819, min_label=0, max_label=88, instance_name='p09.txt');0.1818181872367859;0.27378425002098083;0.24735863506793976;0.14261645078659058
Data(x=[35, 7], edge_index=[2, 4], edge_attr=[4, 6], y=15.0, custom_label=0.17045455, min_label=0, max_label=88, instance_name='p09.txt');0.17045454680919647;0.27378425002098083;0.24735863506793976;0.14261645078659058
Data(x=[35, 7], edge_index=[2, 4], edge_attr=[4, 6], y=14.0, custom_label=0.1590909, min_label=0, max_label=88, instance_name='p09.txt');0.15909090638160706;0.27378425002098083;0.24735863506793976;0.14261645078659058
Data(x=[35, 7], edge_index=[2, 4], edge_attr=[4, 6], y=13.0, custom_label=0.14772727, min_label=0, max_label=88, instance_name='p09.txt');0.14772726595401764;0.27378425002098083;0.24735863506793976;0.14261645078659058
Data(x=[36, 7], edge_index=[2, 6], edge_attr=[6, 6], y=12.0, custom_label=0.13636364, min_label=0, max_label=88, instance_name='p09.txt');0.13636364042758942;0.1383500099182129;0.08193223178386688;0.14261645078659058
Data(x=[36, 7], edge_index=[2, 6], edge_attr=[6, 6], y=11.0, custom_label=0.125, min_label=0, max_label=88, instance_name='p09.txt');0.125;0.1383500099182129;0.08193223178386688;0.14261645078659058
Data(x=[36, 7], edge_index=[2, 6], edge_attr=[6, 6], y=10.0, custom_label=0.11363637, min_label=0, max_label=88, instance_name='p09.txt');0.11363636702299118;0.1383500099182129;0.08193223178386688;0.14261645078659058
Data(x=[36, 7], edge_index=[2, 6], edge_attr=[6, 6], y=9.0, custom_label=0.10227273, min_label=0, max_label=88, instance_name='p09.txt');0.10227272659540176;0.1383500099182129;0.08193223178386688;0.14261645078659058
Data(x=[36, 7], edge_index=[2, 6], edge_attr=[6, 6], y=8.0, custom_label=0.09090909, min_label=0, max_label=88, instance_name='p09.txt');0.09090909361839294;0.1383500099182129;0.08193223178386688;0.14261645078659058
Data(x=[36, 7], edge_index=[2, 6], edge_attr=[6, 6], y=7.0, custom_label=0.07954545, min_label=0, max_label=88, instance_name='p09.txt');0.07954545319080353;0.1383500099182129;0.08193223178386688;0.14261645078659058
Data(x=[36, 7], edge_index=[2, 6], edge_attr=[6, 6], y=6.0, custom_label=0.06818182, min_label=0, max_label=88, instance_name='p09.txt');0.06818182021379471;0.1383500099182129;0.08193223178386688;0.14261645078659058
Data(x=[36, 7], edge_index=[2, 6], edge_attr=[6, 6], y=5.0, custom_label=0.056818184, min_label=0, max_label=88, instance_name='p09.txt');0.05681818351149559;0.1383500099182129;0.08193223178386688;0.14261645078659058
Data(x=[36, 7], edge_index=[2, 6], edge_attr=[6, 6], y=4.0, custom_label=0.045454547, min_label=0, max_label=88, instance_name='p09.txt');0.04545454680919647;0.1383500099182129;0.08193223178386688;0.14261645078659058
Data(x=[36, 7], edge_index=[2, 6], edge_attr=[6, 6], y=3.0, custom_label=0.03409091, min_label=0, max_label=88, instance_name='p09.txt');0.034090910106897354;0.1383500099182129;0.08193223178386688;0.14261645078659058
Data(x=[36, 7], edge_index=[2, 6], edge_attr=[6, 6], y=2.0, custom_label=0.022727273, min_label=0, max_label=88, instance_name='p09.txt');0.022727273404598236;0.1383500099182129;0.08193223178386688;0.14261645078659058
Data(x=[36, 7], edge_index=[2, 6], edge_attr=[6, 6], y=1.0, custom_label=0.011363637, min_label=0, max_label=88, instance_name='p09.txt');0.011363636702299118;0.1383500099182129;0.08193223178386688;0.14261645078659058
Data(x=[37, 7], edge_index=[2, 8], edge_attr=[8, 6], y=0.0, custom_label=0.0, min_label=0, max_label=88, instance_name='p09.txt');0.0;0.0008112406940199435;0.00010137315257452428;0.14261645078659058
Data(x=[29, 7], edge_index=[2, 12], edge_attr=[12, 6], y=0.0, custom_label=0.0, min_label=0, max_label=88, instance_name='p09.txt');0.0;3.594213194446638e-05;8.051609256654046e-06;0.14261645078659058
Data(x=[31, 7], edge_index=[2, 14], edge_attr=[14, 6], y=0.0, custom_label=0.0, min_label=0, max_label=88, instance_name='p09.txt');0.0;6.27179178991355e-05;5.833806426380761e-06;0.00023004146351013333
Data(x=[23, 7], edge_index=[2, 14], edge_attr=[14, 6], y=0.0, custom_label=0.0, min_label=0, max_label=88, instance_name='p09.txt');0.0;4.748484570882283e-05;7.5660923357645515e-06;3.5711077543965075e-06
Data(x=[25, 7], edge_index=[2, 12], edge_attr=[12, 6], y=0.0, custom_label=0.0, min_label=0, max_label=88, instance_name='p09.txt');0.0;0.00010292038496118039;1.9282677385490388e-05;0.14261645078659058
Data(x=[25, 7], edge_index=[2, 14], edge_attr=[14, 6], y=0.0, custom_label=0.0, min_label=0, max_label=88, instance_name='p09.txt');0.0;2.8479917091317475e-05;4.5128740566724446e-06;0.14261645078659058
Data(x=[30, 7], edge_index=[2, 16], edge_attr=[16, 6], y=7.0, custom_label=0.07954545, min_label=0, max_label=88, instance_name='p09.txt');0.07954545319080353;0.1845669001340866;0.04231760650873184;1.0964547072944697e-05
Data(x=[29, 7], edge_index=[2, 14], edge_attr=[14, 6], y=6.0, custom_label=0.06818182, min_label=0, max_label=88, instance_name='p09.txt');0.06818182021379471;0.20451109111309052;0.10332021862268448;0.14261645078659058
Data(x=[29, 7], edge_index=[2, 14], edge_attr=[14, 6], y=5.0, custom_label=0.056818184, min_label=0, max_label=88, instance_name='p09.txt');0.05681818351149559;0.20451109111309052;0.10332021862268448;0.14261645078659058
Data(x=[29, 7], edge_index=[2, 14], edge_attr=[14, 6], y=4.0, custom_label=0.045454547, min_label=0, max_label=88, instance_name='p09.txt');0.04545454680919647;0.20451109111309052;0.10332021862268448;0.14261645078659058
Data(x=[29, 7], edge_index=[2, 14], edge_attr=[14, 6], y=3.0, custom_label=0.03409091, min_label=0, max_label=88, instance_name='p09.txt');0.034090910106897354;0.20451109111309052;0.10332021862268448;0.14261645078659058
Data(x=[29, 7], edge_index=[2, 14], edge_attr=[14, 6], y=2.0, custom_label=0.022727273, min_label=0, max_label=88, instance_name='p09.txt');0.022727273404598236;0.20451109111309052;0.10332021862268448;0.14261645078659058
Data(x=[29, 7], edge_index=[2, 14], edge_attr=[14, 6], y=1.0, custom_label=0.011363637, min_label=0, max_label=88, instance_name='p09.txt');0.011363636702299118;0.20451106131076813;0.10332021862268448;0.14261645078659058
Data(x=[30, 7], edge_index=[2, 16], edge_attr=[16, 6], y=0.0, custom_label=0.0, min_label=0, max_label=88, instance_name='p09.txt');0.0;4.562464164337143e-05;2.990790562762413e-06;0.14261645078659058
Data(x=[27, 7], edge_index=[2, 27], y=95.0, edge_attr=[27, 6], custom_label=1.0, min_label=0, max_label=95, instance_name='p10.txt');1.0;0.7892447710037231;0.7930948138237;0.22874903678894043
Data(x=[27, 7], edge_index=[2, 27], y=94.0, edge_attr=[27, 6], custom_label=0.9894737, min_label=0, max_label=95, instance_name='p10.txt');0.9894737005233765;0.7892447710037231;0.7930948138237;0.22874903678894043
Data(x=[27, 7], edge_index=[2, 27], y=93.0, edge_attr=[27, 6], custom_label=0.97894734, min_label=0, max_label=95, instance_name='p10.txt');0.9789473414421082;0.7892447710037231;0.7930948138237;0.22874903678894043
Data(x=[27, 7], edge_index=[2, 27], y=92.0, edge_attr=[27, 6], custom_label=0.96842104, min_label=0, max_label=95, instance_name='p10.txt');0.9684210419654846;0.7892447710037231;0.7930948138237;0.22874903678894043
Data(x=[27, 7], edge_index=[2, 27], y=91.0, edge_attr=[27, 6], custom_label=0.95789474, min_label=0, max_label=95, instance_name='p10.txt');0.9578947424888611;0.7892447710037231;0.7930948138237;0.22874903678894043
Data(x=[27, 7], edge_index=[2, 27], y=90.0, edge_attr=[27, 6], custom_label=0.94736844, min_label=0, max_label=95, instance_name='p10.txt');0.9473684430122375;0.7892447710037231;0.7930948138237;0.22874903678894043
Data(x=[27, 7], edge_index=[2, 27], y=89.0, edge_attr=[27, 6], custom_label=0.9368421, min_label=0, max_label=95, instance_name='p10.txt');0.9368420839309692;0.7892447710037231;0.7930948138237;0.22874903678894043
Data(x=[27, 7], edge_index=[2, 27], y=88.0, edge_attr=[27, 6], custom_label=0.9263158, min_label=0, max_label=95, instance_name='p10.txt');0.9263157844543457;0.7892447710037231;0.7930948138237;0.22874903678894043
Data(x=[27, 7], edge_index=[2, 27], y=87.0, edge_attr=[27, 6], custom_label=0.9157895, min_label=0, max_label=95, instance_name='p10.txt');0.9157894849777222;0.7892447710037231;0.7930948138237;0.22874903678894043
Data(x=[27, 7], edge_index=[2, 27], y=86.0, edge_attr=[27, 6], custom_label=0.9052632, min_label=0, max_label=95, instance_name='p10.txt');0.9052631855010986;0.7892447710037231;0.7930948138237;0.22874903678894043
Data(x=[27, 7], edge_index=[2, 27], y=85.0, edge_attr=[27, 6], custom_label=0.8947368, min_label=0, max_label=95, instance_name='p10.txt');0.8947368264198303;0.7892447710037231;0.7930948138237;0.22874903678894043
Data(x=[27, 7], edge_index=[2, 27], y=84.0, edge_attr=[27, 6], custom_label=0.8842105, min_label=0, max_label=95, instance_name='p10.txt');0.8842105269432068;0.7892447710037231;0.7930948138237;0.22874903678894043
Data(x=[27, 7], edge_index=[2, 27], y=83.0, edge_attr=[27, 6], custom_label=0.8736842, min_label=0, max_label=95, instance_name='p10.txt');0.8736842274665833;0.7892447710037231;0.7930948138237;0.22874903678894043
Data(x=[27, 7], edge_index=[2, 27], y=82.0, edge_attr=[27, 6], custom_label=0.86315787, min_label=0, max_label=95, instance_name='p10.txt');0.8631578683853149;0.7892447710037231;0.7930948138237;0.22874903678894043
Data(x=[27, 7], edge_index=[2, 27], y=81.0, edge_attr=[27, 6], custom_label=0.85263157, min_label=0, max_label=95, instance_name='p10.txt');0.8526315689086914;0.7892447710037231;0.7930948138237;0.22874903678894043
Data(x=[27, 7], edge_index=[2, 27], y=80.0, edge_attr=[27, 6], custom_label=0.84210527, min_label=0, max_label=95, instance_name='p10.txt');0.8421052694320679;0.7892447710037231;0.7930948138237;0.22874903678894043
Data(x=[27, 7], edge_index=[2, 27], y=79.0, edge_attr=[27, 6], custom_label=0.83157897, min_label=0, max_label=95, instance_name='p10.txt');0.8315789699554443;0.7892447710037231;0.7930948138237;0.22874903678894043
Data(x=[27, 7], edge_index=[2, 27], y=78.0, edge_attr=[27, 6], custom_label=0.8210526, min_label=0, max_label=95, instance_name='p10.txt');0.821052610874176;0.7892447710037231;0.7930948138237;0.22874903678894043
Data(x=[27, 7], edge_index=[2, 27], y=77.0, edge_attr=[27, 6], custom_label=0.8105263, min_label=0, max_label=95, instance_name='p10.txt');0.8105263113975525;0.7892447710037231;0.7930948138237;0.22874903678894043
Data(x=[27, 7], edge_index=[2, 27], y=76.0, edge_attr=[27, 6], custom_label=0.8, min_label=0, max_label=95, instance_name='p10.txt');0.800000011920929;0.7892447710037231;0.7930948138237;0.22874903678894043
Data(x=[27, 7], edge_index=[2, 27], y=75.0, edge_attr=[27, 6], custom_label=0.7894737, min_label=0, max_label=95, instance_name='p10.txt');0.7894737124443054;0.7892447710037231;0.7930948138237;0.22874903678894043
Data(x=[27, 7], edge_index=[2, 27], y=74.0, edge_attr=[27, 6], custom_label=0.77894735, min_label=0, max_label=95, instance_name='p10.txt');0.7789473533630371;0.7892447710037231;0.7930948138237;0.22874903678894043
Data(x=[27, 7], edge_index=[2, 27], y=73.0, edge_attr=[27, 6], custom_label=0.76842105, min_label=0, max_label=95, instance_name='p10.txt');0.7684210538864136;0.7892447710037231;0.7930948138237;0.22874903678894043
Data(x=[27, 7], edge_index=[2, 27], y=72.0, edge_attr=[27, 6], custom_label=0.75789475, min_label=0, max_label=95, instance_name='p10.txt');0.75789475440979;0.7892447710037231;0.7930948138237;0.22874903678894043
Data(x=[27, 7], edge_index=[2, 27], y=71.0, edge_attr=[27, 6], custom_label=0.7473684, min_label=0, max_label=95, instance_name='p10.txt');0.7473683953285217;0.7892447710037231;0.7930948138237;0.22874903678894043
Data(x=[27, 7], edge_index=[2, 27], y=70.0, edge_attr=[27, 6], custom_label=0.7368421, min_label=0, max_label=95, instance_name='p10.txt');0.7368420958518982;0.7892447710037231;0.7930948138237;0.22874903678894043
Data(x=[27, 7], edge_index=[2, 27], y=69.0, edge_attr=[27, 6], custom_label=0.7263158, min_label=0, max_label=95, instance_name='p10.txt');0.7263157963752747;0.7892447710037231;0.7930948138237;0.22874903678894043
Data(x=[27, 7], edge_index=[2, 27], y=68.0, edge_attr=[27, 6], custom_label=0.7157895, min_label=0, max_label=95, instance_name='p10.txt');0.7157894968986511;0.7892447710037231;0.7930948138237;0.22874903678894043
Data(x=[27, 7], edge_index=[2, 27], y=67.0, edge_attr=[27, 6], custom_label=0.70526314, min_label=0, max_label=95, instance_name='p10.txt');0.7052631378173828;0.7892447710037231;0.7930948138237;0.22874903678894043
Data(x=[27, 7], edge_index=[2, 27], y=66.0, edge_attr=[27, 6], custom_label=0.69473684, min_label=0, max_label=95, instance_name='p10.txt');0.6947368383407593;0.7892447710037231;0.7930948138237;0.22874903678894043
Data(x=[27, 7], edge_index=[2, 27], y=65.0, edge_attr=[27, 6], custom_label=0.68421054, min_label=0, max_label=95, instance_name='p10.txt');0.6842105388641357;0.7892447710037231;0.7930948138237;0.22874903678894043
Data(x=[27, 7], edge_index=[2, 27], y=64.0, edge_attr=[27, 6], custom_label=0.67368424, min_label=0, max_label=95, instance_name='p10.txt');0.6736842393875122;0.7892447710037231;0.7930948138237;0.22874903678894043
Data(x=[27, 7], edge_index=[2, 27], y=63.0, edge_attr=[27, 6], custom_label=0.6631579, min_label=0, max_label=95, instance_name='p10.txt');0.6631578803062439;0.7892447710037231;0.7930948138237;0.22874903678894043
Data(x=[27, 7], edge_index=[2, 27], y=62.0, edge_attr=[27, 6], custom_label=0.6526316, min_label=0, max_label=95, instance_name='p10.txt');0.6526315808296204;0.7892447710037231;0.7930948138237;0.22874903678894043
Data(x=[27, 7], edge_index=[2, 27], y=61.0, edge_attr=[27, 6], custom_label=0.6421053, min_label=0, max_label=95, instance_name='p10.txt');0.6421052813529968;0.7892447710037231;0.7930948138237;0.22874903678894043
Data(x=[27, 7], edge_index=[2, 27], y=60.0, edge_attr=[27, 6], custom_label=0.6315789, min_label=0, max_label=95, instance_name='p10.txt');0.6315789222717285;0.7892447710037231;0.7930948138237;0.22874903678894043
Data(x=[27, 7], edge_index=[2, 27], y=59.0, edge_attr=[27, 6], custom_label=0.6210526, min_label=0, max_label=95, instance_name='p10.txt');0.621052622795105;0.7892447710037231;0.7930948138237;0.22874903678894043
Data(x=[27, 7], edge_index=[2, 27], y=58.0, edge_attr=[27, 6], custom_label=0.6105263, min_label=0, max_label=95, instance_name='p10.txt');0.6105263233184814;0.7892447710037231;0.7930948138237;0.22874903678894043
Data(x=[27, 7], edge_index=[2, 27], y=57.0, edge_attr=[27, 6], custom_label=0.6, min_label=0, max_label=95, instance_name='p10.txt');0.6000000238418579;0.7892447710037231;0.7930948138237;0.22874903678894043
Data(x=[28, 7], edge_index=[2, 2], edge_attr=[2, 6], y=56.0, custom_label=0.58947366, min_label=0, max_label=95, instance_name='p10.txt');0.5894736647605896;0.5184788703918457;0.4634363055229187;0.14261645078659058
Data(x=[28, 7], edge_index=[2, 2], edge_attr=[2, 6], y=55.0, custom_label=0.57894737, min_label=0, max_label=95, instance_name='p10.txt');0.5789473652839661;0.5184788703918457;0.4634363055229187;0.14261645078659058
Data(x=[28, 7], edge_index=[2, 2], edge_attr=[2, 6], y=54.0, custom_label=0.56842107, min_label=0, max_label=95, instance_name='p10.txt');0.5684210658073425;0.5184788703918457;0.4634363055229187;0.14261645078659058
Data(x=[28, 7], edge_index=[2, 2], edge_attr=[2, 6], y=53.0, custom_label=0.55789477, min_label=0, max_label=95, instance_name='p10.txt');0.557894766330719;0.5184788703918457;0.4634363055229187;0.14261645078659058
Data(x=[28, 7], edge_index=[2, 2], edge_attr=[2, 6], y=52.0, custom_label=0.5473684, min_label=0, max_label=95, instance_name='p10.txt');0.5473684072494507;0.5184788703918457;0.4634363055229187;0.14261645078659058
Data(x=[27, 7], edge_index=[2, 27], y=51.0, edge_attr=[27, 6], custom_label=0.5368421, min_label=0, max_label=95, instance_name='p10.txt');0.5368421077728271;0.7892447710037231;0.7930948138237;0.22874903678894043
Data(x=[27, 7], edge_index=[2, 27], y=50.0, edge_attr=[27, 6], custom_label=0.5263158, min_label=0, max_label=95, instance_name='p10.txt');0.5263158082962036;0.7892447710037231;0.7930948138237;0.22874903678894043
Data(x=[27, 7], edge_index=[2, 27], y=49.0, edge_attr=[27, 6], custom_label=0.51578945, min_label=0, max_label=95, instance_name='p10.txt');0.5157894492149353;0.7892447710037231;0.7930948138237;0.22874903678894043
Data(x=[27, 7], edge_index=[2, 27], y=48.0, edge_attr=[27, 6], custom_label=0.50526315, min_label=0, max_label=95, instance_name='p10.txt');0.5052631497383118;0.7892447710037231;0.7930948138237;0.22874903678894043
Data(x=[27, 7], edge_index=[2, 27], y=47.0, edge_attr=[27, 6], custom_label=0.49473685, min_label=0, max_label=95, instance_name='p10.txt');0.49473685026168823;0.7892447710037231;0.7930948138237;0.22874903678894043
Data(x=[27, 7], edge_index=[2, 27], y=46.0, edge_attr=[27, 6], custom_label=0.48421052, min_label=0, max_label=95, instance_name='p10.txt');0.4842105209827423;0.7892447710037231;0.7930948138237;0.22874903678894043
Data(x=[27, 7], edge_index=[2, 27], y=45.0, edge_attr=[27, 6], custom_label=0.47368422, min_label=0, max_label=95, instance_name='p10.txt');0.4736842215061188;0.7892447710037231;0.7930948138237;0.22874903678894043
Data(x=[28, 7], edge_index=[2, 2], edge_attr=[2, 6], y=44.0, custom_label=0.4631579, min_label=0, max_label=95, instance_name='p10.txt');0.46315789222717285;0.5184788703918457;0.4634363055229187;0.14261645078659058
Data(x=[28, 7], edge_index=[2, 2], edge_attr=[2, 6], y=43.0, custom_label=0.4526316, min_label=0, max_label=95, instance_name='p10.txt');0.4526315927505493;0.5184788703918457;0.4634363055229187;0.14261645078659058
Data(x=[28, 7], edge_index=[2, 2], edge_attr=[2, 6], y=42.0, custom_label=0.44210526, min_label=0, max_label=95, instance_name='p10.txt');0.4421052634716034;0.5184788703918457;0.4634363055229187;0.14261645078659058
Data(x=[28, 7], edge_index=[2, 2], edge_attr=[2, 6], y=41.0, custom_label=0.43157893, min_label=0, max_label=95, instance_name='p10.txt');0.43157893419265747;0.5184788703918457;0.4634363055229187;0.14261645078659058
Data(x=[28, 7], edge_index=[2, 2], edge_attr=[2, 6], y=40.0, custom_label=0.42105263, min_label=0, max_label=95, instance_name='p10.txt');0.42105263471603394;0.5184788703918457;0.4634363055229187;0.14261645078659058
Data(x=[28, 7], edge_index=[2, 2], edge_attr=[2, 6], y=39.0, custom_label=0.4105263, min_label=0, max_label=95, instance_name='p10.txt');0.410526305437088;0.5184788703918457;0.4634363055229187;0.14261645078659058
Data(x=[28, 7], edge_index=[2, 2], edge_attr=[2, 6], y=38.0, custom_label=0.4, min_label=0, max_label=95, instance_name='p10.txt');0.4000000059604645;0.5184788703918457;0.4634363055229187;0.14261645078659058
Data(x=[28, 7], edge_index=[2, 2], edge_attr=[2, 6], y=37.0, custom_label=0.38947368, min_label=0, max_label=95, instance_name='p10.txt');0.38947367668151855;0.5184788703918457;0.4634363055229187;0.14261645078659058
Data(x=[28, 7], edge_index=[2, 2], edge_attr=[2, 6], y=36.0, custom_label=0.37894738, min_label=0, max_label=95, instance_name='p10.txt');0.378947377204895;0.5184788703918457;0.4634363055229187;0.14261645078659058
Data(x=[28, 7], edge_index=[2, 2], edge_attr=[2, 6], y=35.0, custom_label=0.36842105, min_label=0, max_label=95, instance_name='p10.txt');0.3684210479259491;0.5184788703918457;0.4634363055229187;0.14261645078659058
Data(x=[28, 7], edge_index=[2, 2], edge_attr=[2, 6], y=34.0, custom_label=0.35789475, min_label=0, max_label=95, instance_name='p10.txt');0.35789474844932556;0.5184788703918457;0.4634363055229187;0.14261645078659058
Data(x=[28, 7], edge_index=[2, 2], edge_attr=[2, 6], y=33.0, custom_label=0.34736842, min_label=0, max_label=95, instance_name='p10.txt');0.34736841917037964;0.5184788703918457;0.4634363055229187;0.14261645078659058
Data(x=[28, 7], edge_index=[2, 2], edge_attr=[2, 6], y=32.0, custom_label=0.33684212, min_label=0, max_label=95, instance_name='p10.txt');0.3368421196937561;0.5184788703918457;0.4634363055229187;0.14261645078659058
Data(x=[28, 7], edge_index=[2, 2], edge_attr=[2, 6], y=31.0, custom_label=0.3263158, min_label=0, max_label=95, instance_name='p10.txt');0.3263157904148102;0.5184788703918457;0.4634363651275635;0.14261645078659058
Data(x=[28, 7], edge_index=[2, 2], edge_attr=[2, 6], y=30.0, custom_label=0.31578946, min_label=0, max_label=95, instance_name='p10.txt');0.31578946113586426;0.5184788703918457;0.4634363651275635;0.14261645078659058
Data(x=[28, 7], edge_index=[2, 2], edge_attr=[2, 6], y=29.0, custom_label=0.30526316, min_label=0, max_label=95, instance_name='p10.txt');0.3052631616592407;0.5184788703918457;0.4634363055229187;0.14261645078659058
Data(x=[29, 7], edge_index=[2, 4], edge_attr=[4, 6], y=28.0, custom_label=0.29473683, min_label=0, max_label=95, instance_name='p10.txt');0.2947368323802948;0.30257830023765564;0.29039984941482544;0.14261645078659058
Data(x=[29, 7], edge_index=[2, 4], edge_attr=[4, 6], y=27.0, custom_label=0.28421053, min_label=0, max_label=95, instance_name='p10.txt');0.28421053290367126;0.30257830023765564;0.29039984941482544;0.14261645078659058
Data(x=[29, 7], edge_index=[2, 4], edge_attr=[4, 6], y=26.0, custom_label=0.2736842, min_label=0, max_label=95, instance_name='p10.txt');0.27368420362472534;0.30257830023765564;0.29039984941482544;0.14261645078659058
Data(x=[29, 7], edge_index=[2, 4], edge_attr=[4, 6], y=25.0, custom_label=0.2631579, min_label=0, max_label=95, instance_name='p10.txt');0.2631579041481018;0.30257830023765564;0.29039984941482544;0.14261645078659058
Data(x=[29, 7], edge_index=[2, 4], edge_attr=[4, 6], y=24.0, custom_label=0.25263157, min_label=0, max_label=95, instance_name='p10.txt');0.2526315748691559;0.30257830023765564;0.29039984941482544;0.14261645078659058
Data(x=[29, 7], edge_index=[2, 4], edge_attr=[4, 6], y=23.0, custom_label=0.24210526, min_label=0, max_label=95, instance_name='p10.txt');0.24210526049137115;0.30257830023765564;0.29039984941482544;0.14261645078659058
Data(x=[29, 7], edge_index=[2, 4], edge_attr=[4, 6], y=22.0, custom_label=0.23157895, min_label=0, max_label=95, instance_name='p10.txt');0.23157894611358643;0.30257830023765564;0.29039984941482544;0.14261645078659058
Data(x=[29, 7], edge_index=[2, 4], edge_attr=[4, 6], y=21.0, custom_label=0.22105263, min_label=0, max_label=95, instance_name='p10.txt');0.2210526317358017;0.30257830023765564;0.29039984941482544;0.14261645078659058
Data(x=[29, 7], edge_index=[2, 4], edge_attr=[4, 6], y=20.0, custom_label=0.21052632, min_label=0, max_label=95, instance_name='p10.txt');0.21052631735801697;0.30257830023765564;0.29039984941482544;0.14261645078659058
Data(x=[29, 7], edge_index=[2, 4], edge_attr=[4, 6], y=19.0, custom_label=0.2, min_label=0, max_label=95, instance_name='p10.txt');0.20000000298023224;0.30257830023765564;0.29039984941482544;0.14261645078659058
Data(x=[29, 7], edge_index=[2, 4], edge_attr=[4, 6], y=18.0, custom_label=0.18947369, min_label=0, max_label=95, instance_name='p10.txt');0.1894736886024475;0.30257830023765564;0.29039984941482544;0.14261645078659058
Data(x=[29, 7], edge_index=[2, 4], edge_attr=[4, 6], y=17.0, custom_label=0.17894737, min_label=0, max_label=95, instance_name='p10.txt');0.17894737422466278;0.30257830023765564;0.29039984941482544;0.14261645078659058
Data(x=[29, 7], edge_index=[2, 4], edge_attr=[4, 6], y=16.0, custom_label=0.16842106, min_label=0, max_label=95, instance_name='p10.txt');0.16842105984687805;0.30257830023765564;0.29039984941482544;0.14261645078659058
Data(x=[29, 7], edge_index=[2, 4], edge_attr=[4, 6], y=15.0, custom_label=0.15789473, min_label=0, max_label=95, instance_name='p10.txt');0.15789473056793213;0.30257830023765564;0.29039984941482544;0.14261645078659058
Data(x=[29, 7], edge_index=[2, 4], edge_attr=[4, 6], y=14.0, custom_label=0.14736842, min_label=0, max_label=95, instance_name='p10.txt');0.1473684161901474;0.30257830023765564;0.29039984941482544;0.14261645078659058
Data(x=[29, 7], edge_index=[2, 4], edge_attr=[4, 6], y=13.0, custom_label=0.1368421, min_label=0, max_label=95, instance_name='p10.txt');0.13684210181236267;0.30257830023765564;0.29039984941482544;0.14261645078659058
Data(x=[30, 7], edge_index=[2, 6], edge_attr=[6, 6], y=12.0, custom_label=0.12631579, min_label=0, max_label=95, instance_name='p10.txt');0.12631578743457794;0.1419864296913147;0.10801336914300919;0.14261645078659058
Data(x=[30, 7], edge_index=[2, 6], edge_attr=[6, 6], y=11.0, custom_label=0.11578947, min_label=0, max_label=95, instance_name='p10.txt');0.11578947305679321;0.1419864296913147;0.10801336914300919;0.14261645078659058
Data(x=[30, 7], edge_index=[2, 6], edge_attr=[6, 6], y=10.0, custom_label=0.10526316, min_label=0, max_label=95, instance_name='p10.txt');0.10526315867900848;0.1419864296913147;0.10801336914300919;0.14261645078659058
Data(x=[30, 7], edge_index=[2, 6], edge_attr=[6, 6], y=9.0, custom_label=0.094736844, min_label=0, max_label=95, instance_name='p10.txt');0.09473684430122375;0.1419864296913147;0.10801336914300919;0.14261645078659058
Data(x=[30, 7], edge_index=[2, 6], edge_attr=[6, 6], y=8.0, custom_label=0.08421053, min_label=0, max_label=95, instance_name='p10.txt');0.08421052992343903;0.1419864296913147;0.10801336914300919;0.14261645078659058
Data(x=[30, 7], edge_index=[2, 6], edge_attr=[6, 6], y=7.0, custom_label=0.07368421, min_label=0, max_label=95, instance_name='p10.txt');0.0736842080950737;0.1419864296913147;0.10801336914300919;0.14261645078659058
Data(x=[30, 7], edge_index=[2, 6], edge_attr=[6, 6], y=6.0, custom_label=0.06315789, min_label=0, max_label=95, instance_name='p10.txt');0.06315789371728897;0.1419864296913147;0.10801336914300919;0.14261645078659058
Data(x=[30, 7], edge_index=[2, 6], edge_attr=[6, 6], y=5.0, custom_label=0.05263158, min_label=0, max_label=95, instance_name='p10.txt');0.05263157933950424;0.1419864296913147;0.10801336914300919;0.14261645078659058
Data(x=[30, 7], edge_index=[2, 6], edge_attr=[6, 6], y=4.0, custom_label=0.042105265, min_label=0, max_label=95, instance_name='p10.txt');0.04210526496171951;0.1419864296913147;0.10801336914300919;0.14261645078659058
Data(x=[30, 7], edge_index=[2, 6], edge_attr=[6, 6], y=3.0, custom_label=0.031578947, min_label=0, max_label=95, instance_name='p10.txt');0.031578946858644485;0.1419864296913147;0.10801336914300919;0.14261645078659058
Data(x=[30, 7], edge_index=[2, 6], edge_attr=[6, 6], y=2.0, custom_label=0.021052632, min_label=0, max_label=95, instance_name='p10.txt');0.021052632480859756;0.1419864296913147;0.10801336914300919;0.14261645078659058
Data(x=[30, 7], edge_index=[2, 6], edge_attr=[6, 6], y=1.0, custom_label=0.010526316, min_label=0, max_label=95, instance_name='p10.txt');0.010526316240429878;0.1419864296913147;0.10801336914300919;0.14261645078659058
Data(x=[31, 7], edge_index=[2, 8], edge_attr=[8, 6], y=0.0, custom_label=0.0, min_label=0, max_label=95, instance_name='p10.txt');0.0;0.00033359506051056087;8.833366155158728e-05;0.14261645078659058
Data(x=[21, 7], edge_index=[2, 14], edge_attr=[14, 6], y=0.0, custom_label=0.0, min_label=0, max_label=95, instance_name='p10.txt');0.0;2.2960983187658712e-05;5.42986708751414e-06;3.5711077543965075e-06
Data(x=[22, 7], edge_index=[2, 12], edge_attr=[12, 6], y=0.0, custom_label=0.0, min_label=0, max_label=95, instance_name='p10.txt');0.0;1.0491162356629502e-05;5.666232937073801e-06;0.004510927479714155
Data(x=[22, 7], edge_index=[2, 16], edge_attr=[16, 6], y=0.0, custom_label=0.0, min_label=0, max_label=95, instance_name='p10.txt');0.0;0.025708619505167007;1.5164740943873767e-05;0.14261645078659058
Data(x=[19, 7], edge_index=[2, 12], edge_attr=[12, 6], y=0.0, custom_label=0.0, min_label=0, max_label=95, instance_name='p10.txt');0.0;0.0002401242236373946;0.0005482280976139009;0.14261645078659058
Data(x=[39, 7], edge_index=[2, 12], edge_attr=[12, 6], y=2.0, custom_label=0.33333334, min_label=0, max_label=6, instance_name='p11.txt');0.3333333432674408;0.23301279544830322;0.0882699117064476;0.006243646144866943
Data(x=[39, 7], edge_index=[2, 12], edge_attr=[12, 6], y=1.0, custom_label=0.16666667, min_label=0, max_label=6, instance_name='p11.txt');0.1666666716337204;0.23301279544830322;0.0882699117064476;0.006243646144866943
Data(x=[40, 7], edge_index=[2, 14], edge_attr=[14, 6], y=0.0, custom_label=0.0, min_label=0, max_label=6, instance_name='p11.txt');0.0;0.0014245903585106134;3.107609154540114e-05;0.006243646144866943
Data(x=[42, 7], edge_index=[2, 14], edge_attr=[14, 6], y=0.0, custom_label=0.0, min_label=0, max_label=6, instance_name='p11.txt');0.0;0.00047526051639579237;1.4846918020339217e-05;0.14261645078659058
Data(x=[40, 7], edge_index=[2, 12], edge_attr=[12, 6], y=1.0, custom_label=0.16666667, min_label=0, max_label=6, instance_name='p11.txt');0.1666666716337204;0.14296197891235352;0.036153148859739304;0.14261645078659058
Data(x=[40, 7], edge_index=[2, 12], edge_attr=[12, 6], y=0.0, custom_label=0.0, min_label=0, max_label=6, instance_name='p11.txt');0.0;0.0007086465484462678;2.8577727789524943e-05;0.14261645078659058
Data(x=[38, 7], edge_index=[2, 12], edge_attr=[12, 6], y=0.0, custom_label=0.0, min_label=0, max_label=6, instance_name='p11.txt');0.0;0.000534331426024437;2.5752706278581172e-05;0.14261645078659058
Data(x=[40, 7], edge_index=[2, 14], edge_attr=[14, 6], y=0.0, custom_label=0.0, min_label=0, max_label=6, instance_name='p11.txt');0.0;0.0014245903585106134;3.107609154540114e-05;0.14261645078659058
Data(x=[40, 7], edge_index=[2, 14], edge_attr=[14, 6], y=0.0, custom_label=0.0, min_label=0, max_label=6, instance_name='p11.txt');0.0;0.0014245896600186825;3.107609154540114e-05;0.14261645078659058
Data(x=[39, 7], edge_index=[2, 14], edge_attr=[14, 6], y=0.0, custom_label=0.0, min_label=0, max_label=6, instance_name='p11.txt');0.0;0.001259955228306353;2.9603103030240163e-05;0.14261645078659058
Data(x=[38, 7], edge_index=[2, 16], edge_attr=[16, 6], y=0.0, custom_label=0.0, min_label=0, max_label=6, instance_name='p11.txt');0.0;0.00025620663654990494;7.294166152860271e-06;0.14261645078659058
Data(x=[44, 7], edge_index=[2, 14], edge_attr=[14, 6], y=0.0, custom_label=0.0, min_label=0, max_label=6, instance_name='p11.txt');0.0;0.0006178321782499552;1.6724054148653522e-05;0.14261645078659058
Data(x=[41, 7], edge_index=[2, 14], edge_attr=[14, 6], y=0.0, custom_label=0.0, min_label=0, max_label=6, instance_name='p11.txt');0.0;0.0008347947150468826;2.006521935982164e-05;0.006243646144866943
Data(x=[37, 7], edge_index=[2, 16], edge_attr=[16, 6], y=0.0, custom_label=0.0, min_label=0, max_label=6, instance_name='p11.txt');0.0;0.00021479370479937643;6.663985914201476e-06;0.14261645078659058
Data(x=[43, 7], edge_index=[2, 14], edge_attr=[14, 6], y=0.0, custom_label=0.0, min_label=0, max_label=6, instance_name='p11.txt');0.0;0.0005435357452370226;1.5784276911290362e-05;0.14261645078659058
Data(x=[40, 7], edge_index=[2, 10], edge_attr=[10, 6], y=0.0, custom_label=0.0, min_label=0, max_label=6, instance_name='p11.txt');0.0;0.0012760807294398546;7.082874071784317e-05;0.14261645078659058
Data(x=[46, 7], edge_index=[2, 8], edge_attr=[8, 6], y=6.0, custom_label=1.0, min_label=0, max_label=6, instance_name='p11.txt');1.0;0.17235469818115234;0.05626790225505829;0.14261645078659058
Data(x=[46, 7], edge_index=[2, 8], edge_attr=[8, 6], y=5.0, custom_label=0.8333333, min_label=0, max_label=6, instance_name='p11.txt');0.8333333134651184;0.17235469818115234;0.05626790225505829;0.14261645078659058
Data(x=[46, 7], edge_index=[2, 8], edge_attr=[8, 6], y=4.0, custom_label=0.6666667, min_label=0, max_label=6, instance_name='p11.txt');0.6666666865348816;0.17235469818115234;0.05626790225505829;0.14261645078659058
Data(x=[46, 7], edge_index=[2, 8], edge_attr=[8, 6], y=3.0, custom_label=0.5, min_label=0, max_label=6, instance_name='p11.txt');0.5;0.17235469818115234;0.05626790225505829;0.14261645078659058
Data(x=[46, 7], edge_index=[2, 8], edge_attr=[8, 6], y=2.0, custom_label=0.33333334, min_label=0, max_label=6, instance_name='p11.txt');0.3333333432674408;0.17235469818115234;0.05626790225505829;0.14261645078659058
Data(x=[46, 7], edge_index=[2, 8], edge_attr=[8, 6], y=1.0, custom_label=0.16666667, min_label=0, max_label=6, instance_name='p11.txt');0.1666666716337204;0.2059796005487442;0.0726180151104927;0.14261645078659058
Data(x=[47, 7], edge_index=[2, 10], edge_attr=[10, 6], y=0.0, custom_label=0.0, min_label=0, max_label=6, instance_name='p11.txt');0.0;0.009744364768266678;0.00044318975415080786;0.14261645078659058
Data(x=[40, 7], edge_index=[2, 12], edge_attr=[12, 6], y=0.0, custom_label=0.0, min_label=0, max_label=6, instance_name='p11.txt');0.0;0.0013912069844081998;4.691586218541488e-05;0.14261645078659058
Data(x=[39, 7], edge_index=[2, 16], edge_attr=[16, 6], y=0.0, custom_label=0.0, min_label=0, max_label=6, instance_name='p11.txt');0.0;0.0006235974724404514;1.1669086234178394e-05;3.481605745037086e-05
Data(x=[40, 7], edge_index=[2, 16], edge_attr=[16, 6], y=0.0, custom_label=0.0, min_label=0, max_label=6, instance_name='p11.txt');0.0;0.05840066447854042;4.9259229854214936e-05;0.14261645078659058
Data(x=[38, 7], edge_index=[2, 12], edge_attr=[12, 6], y=1.0, custom_label=0.16666667, min_label=0, max_label=6, instance_name='p11.txt');0.1666666716337204;0.18721677362918854;0.06919155269861221;0.14261645078659058
Data(x=[39, 7], edge_index=[2, 14], edge_attr=[14, 6], y=0.0, custom_label=0.0, min_label=0, max_label=6, instance_name='p11.txt');0.0;0.00030484626768156886;1.2125259672757238e-05;0.14261645078659058
Data(x=[45, 7], edge_index=[2, 10], edge_attr=[10, 6], y=0.0, custom_label=0.0, min_label=0, max_label=6, instance_name='p11.txt');0.0;0.008640488609671593;0.0004584913549479097;0.14261645078659058
Data(x=[40, 7], edge_index=[2, 12], edge_attr=[12, 6], y=0.0, custom_label=0.0, min_label=0, max_label=6, instance_name='p11.txt');0.0;0.00032659422140568495;1.965031333384104e-05;0.14261645078659058
Data(x=[43, 7], edge_index=[2, 10], edge_attr=[10, 6], y=0.0, custom_label=0.0, min_label=0, max_label=6, instance_name='p11.txt');0.0;0.0017801690846681595;7.631831977050751e-05;0.14261645078659058
Data(x=[37, 7], edge_index=[2, 14], edge_attr=[14, 6], y=0.0, custom_label=0.0, min_label=0, max_label=6, instance_name='p11.txt');0.0;0.055866070091724396;6.845680036349222e-05;0.14261645078659058
Data(x=[43, 7], edge_index=[2, 14], edge_attr=[14, 6], y=0.0, custom_label=0.0, min_label=0, max_label=6, instance_name='p11.txt');0.0;0.0005435357452370226;1.5784276911290362e-05;0.14261645078659058
Data(x=[50, 7], edge_index=[2, 14], edge_attr=[14, 6], y=0.0, custom_label=0.0, min_label=0, max_label=6, instance_name='p11.txt');0.0;0.001195484190247953;2.2518006517202593e-05;0.14261645078659058
Data(x=[42, 7], edge_index=[2, 14], edge_attr=[14, 6], y=0.0, custom_label=0.0, min_label=0, max_label=6, instance_name='p11.txt');0.0;0.00047526051639579237;1.4846918020339217e-05;1.7557023966219276e-05
Data(x=[34, 7], edge_index=[2, 10], edge_attr=[10, 6], y=0.0, custom_label=0.0, min_label=0, max_label=6, instance_name='p11.txt');0.0;0.0005746390670537949;5.864191189175472e-05;0.14261645078659058
Data(x=[42, 7], edge_index=[2, 16], edge_attr=[16, 6], y=0.0, custom_label=0.0, min_label=0, max_label=6, instance_name='p11.txt');0.0;0.0009315329953096807;1.4327539247460663e-05;0.14261645078659058
Data(x=[48, 7], edge_index=[2, 12], edge_attr=[12, 6], y=0.0, custom_label=0.0, min_label=0, max_label=6, instance_name='p11.txt');0.0;0.0030362096149474382;6.0059559473302215e-05;0.14261645078659058
Data(x=[43, 7], edge_index=[2, 14], edge_attr=[14, 6], y=0.0, custom_label=0.0, min_label=0, max_label=6, instance_name='p11.txt');0.0;0.0005435357452370226;1.5784262359375134e-05;0.14261645078659058
Data(x=[46, 7], edge_index=[2, 20], edge_attr=[20, 6], y=0.0, custom_label=0.0, min_label=0, max_label=6, instance_name='p11.txt');0.0;0.02103617787361145;1.3578344805864617e-05;0.14261645078659058
Data(x=[41, 7], edge_index=[2, 12], edge_attr=[12, 6], y=0.0, custom_label=0.0, min_label=0, max_label=6, instance_name='p11.txt');0.0;0.00037943050847388804;2.0810637579415925e-05;0.14261645078659058
Data(x=[34, 7], edge_index=[2, 12], edge_attr=[12, 6], y=0.0, custom_label=0.0, min_label=0, max_label=6, instance_name='p11.txt');0.0;0.00011308675311738625;1.2974632227269467e-05;0.14261645078659058
Data(x=[43, 7], edge_index=[2, 18], edge_attr=[18, 6], y=0.0, custom_label=0.0, min_label=0, max_label=6, instance_name='p11.txt');0.0;0.0005376951885409653;7.311055469472194e-06;0.14261645078659058
Data(x=[42, 7], edge_index=[2, 14], edge_attr=[14, 6], y=1.0, custom_label=0.16666667, min_label=0, max_label=6, instance_name='p11.txt');0.1666666716337204;0.21373607218265533;0.04044077545404434;0.14261645078659058
Data(x=[43, 7], edge_index=[2, 16], edge_attr=[16, 6], y=0.0, custom_label=0.0, min_label=0, max_label=6, instance_name='p11.txt');0.0;0.0005467759910970926;1.074342435458675e-05;0.14261645078659058
Data(x=[36, 7], edge_index=[2, 10], edge_attr=[10, 6], y=0.0, custom_label=0.0, min_label=0, max_label=6, instance_name='p11.txt');0.0;0.0007648252649232745;6.288968143053353e-05;0.14261645078659058
Data(x=[41, 7], edge_index=[2, 12], edge_attr=[12, 6], y=0.0, custom_label=0.0, min_label=0, max_label=6, instance_name='p11.txt');0.0;0.0070617287419736385;0.0003316366346552968;0.14261645078659058
Data(x=[44, 7], edge_index=[2, 16], edge_attr=[16, 6], y=0.0, custom_label=0.0, min_label=0, max_label=6, instance_name='p11.txt');0.0;0.000623229134362191;1.1480969078547787e-05;0.14261645078659058
Data(x=[37, 7], edge_index=[2, 8], edge_attr=[8, 6], y=0.0, custom_label=0.0, min_label=0, max_label=6, instance_name='p11.txt');0.0;0.0008112406940199435;0.00010137315257452428;0.14261645078659058
Data(x=[36, 7], edge_index=[2, 14], edge_attr=[14, 6], y=0.0, custom_label=0.0, min_label=0, max_label=6, instance_name='p11.txt');0.0;0.00018157107115257531;9.573881470714696e-06;0.14261645078659058
Data(x=[38, 7], edge_index=[2, 16], edge_attr=[16, 6], y=0.0, custom_label=0.0, min_label=0, max_label=6, instance_name='p11.txt');0.0;0.0010863349307328463;1.8231645299238153e-05;0.14261645078659058
Data(x=[45, 7], edge_index=[2, 14], edge_attr=[14, 6], y=0.0, custom_label=0.0, min_label=0, max_label=6, instance_name='p11.txt');0.0;0.0006982266786508262;1.7671163732302375e-05;0.14261645078659058
Data(x=[38, 7], edge_index=[2, 12], edge_attr=[12, 6], y=0.0, custom_label=0.0, min_label=0, max_label=6, instance_name='p11.txt');0.0;0.0010870860423892736;4.339577571954578e-05;0.14261645078659058
Data(x=[40, 7], edge_index=[2, 10], edge_attr=[10, 6], y=0.0, custom_label=0.0, min_label=0, max_label=6, instance_name='p11.txt');0.0;0.0012760807294398546;7.082874071784317e-05;0.14261645078659058
Data(x=[39, 7], edge_index=[2, 12], edge_attr=[12, 6], y=0.0, custom_label=0.0, min_label=0, max_label=6, instance_name='p11.txt');0.0;0.00027896001120097935;1.850015905802138e-05;0.14261645078659058
Data(x=[41, 7], edge_index=[2, 16], edge_attr=[16, 6], y=0.0, custom_label=0.0, min_label=0, max_label=6, instance_name='p11.txt');0.0;0.0004128596920054406;9.315733223047573e-06;1.0964547072944697e-05
Data(x=[41, 7], edge_index=[2, 16], edge_attr=[16, 6], y=0.0, custom_label=0.0, min_label=0, max_label=6, instance_name='p11.txt');0.0;0.0004128594882786274;9.315733223047573e-06;0.14261645078659058
Data(x=[34, 7], edge_index=[2, 12], edge_attr=[12, 6], y=0.0, custom_label=0.0, min_label=0, max_label=6, instance_name='p11.txt');0.0;0.0006193618755787611;3.611991269281134e-05;0.14261645078659058
Data(x=[40, 7], edge_index=[2, 12], edge_attr=[12, 6], y=0.0, custom_label=0.0, min_label=0, max_label=6, instance_name='p11.txt');0.0;0.0013912069844081998;4.691586218541488e-05;0.14261645078659058
Data(x=[41, 7], edge_index=[2, 10], edge_attr=[10, 6], y=1.0, custom_label=0.16666667, min_label=0, max_label=6, instance_name='p11.txt');0.1666666716337204;0.15765009820461273;0.05935041233897209;0.14261645078659058
Data(x=[42, 7], edge_index=[2, 12], edge_attr=[12, 6], y=0.0, custom_label=0.0, min_label=0, max_label=6, instance_name='p11.txt');0.0;0.0004376743163447827;2.1979320081300102e-05;0.14261645078659058
Data(x=[36, 7], edge_index=[2, 18], edge_attr=[18, 6], y=0.0, custom_label=0.0, min_label=0, max_label=6, instance_name='p11.txt');0.0;0.012290732935070992;1.0106687113875523e-05;0.14261645078659058
Data(x=[39, 7], edge_index=[2, 12], edge_attr=[12, 6], y=0.0, custom_label=0.0, min_label=0, max_label=6, instance_name='p11.txt');0.0;0.0026372154243290424;6.631956057390198e-05;0.14261645078659058
Data(x=[35, 7], edge_index=[2, 16], edge_attr=[16, 6], y=0.0, custom_label=0.0, min_label=0, max_label=6, instance_name='p11.txt');0.0;0.0036740184295922518;0.00014032040780875832;0.006243646144866943
Data(x=[36, 7], edge_index=[2, 14], edge_attr=[14, 6], y=0.0, custom_label=0.0, min_label=0, max_label=6, instance_name='p11.txt');0.0;0.0008365983376279473;2.5179057047353126e-05;0.14261645078659058
Data(x=[40, 7], edge_index=[2, 16], edge_attr=[16, 6], y=0.0, custom_label=0.0, min_label=0, max_label=6, instance_name='p11.txt');0.0;0.022279102355241776;9.09744412638247e-05;0.14261645078659058
Data(x=[38, 7], edge_index=[2, 10], edge_attr=[10, 6], y=0.0, custom_label=0.0, min_label=0, max_label=6, instance_name='p11.txt');0.0;0.005125331226736307;0.0005310599808581173;0.14261645078659058
Data(x=[40, 7], edge_index=[2, 12], edge_attr=[12, 6], y=0.0, custom_label=0.0, min_label=0, max_label=6, instance_name='p11.txt');0.0;0.0013912069844081998;4.691586218541488e-05;0.14261645078659058
Data(x=[42, 7], edge_index=[2, 18], edge_attr=[18, 6], y=0.0, custom_label=0.0, min_label=0, max_label=6, instance_name='p11.txt');0.0;0.01778796873986721;1.555236303829588e-05;0.14261645078659058
Data(x=[34, 7], edge_index=[2, 12], edge_attr=[12, 6], y=0.0, custom_label=0.0, min_label=0, max_label=6, instance_name='p11.txt');0.0;0.00011308675311738625;1.2974632227269467e-05;0.00011573643860174343
Data(x=[41, 7], edge_index=[2, 16], edge_attr=[16, 6], y=0.0, custom_label=0.0, min_label=0, max_label=6, instance_name='p11.txt');0.0;0.0004128594882786274;9.315733223047573e-06;0.14261645078659058
Data(x=[44, 7], edge_index=[2, 16], edge_attr=[16, 6], y=0.0, custom_label=0.0, min_label=0, max_label=6, instance_name='p11.txt');0.0;0.000623229134362191;1.1480969078547787e-05;0.14261645078659058
Data(x=[42, 7], edge_index=[2, 12], edge_attr=[12, 6], y=0.0, custom_label=0.0, min_label=0, max_label=6, instance_name='p11.txt');0.0;0.0004376743163447827;2.1979320081300102e-05;1.0964547072944697e-05
Data(x=[38, 7], edge_index=[2, 12], edge_attr=[12, 6], y=0.0, custom_label=0.0, min_label=0, max_label=6, instance_name='p11.txt');0.0;0.00023630246869288385;1.7362148355459794e-05;0.14261645078659058
Data(x=[37, 7], edge_index=[2, 14], edge_attr=[14, 6], y=0.0, custom_label=0.0, min_label=0, max_label=6, instance_name='p11.txt');0.0;0.0002178320864913985;1.0402504813100677e-05;0.14261645078659058
Data(x=[45, 7], edge_index=[2, 16], edge_attr=[16, 6], y=0.0, custom_label=0.0, min_label=0, max_label=6, instance_name='p11.txt');0.0;0.027744917199015617;9.964817581931129e-05;0.14261645078659058
Data(x=[46, 7], edge_index=[2, 16], edge_attr=[16, 6], y=0.0, custom_label=0.0, min_label=0, max_label=6, instance_name='p11.txt');0.0;0.06570328027009964;5.938417962170206e-05;0.14261645078659058
Data(x=[41, 7], edge_index=[2, 16], edge_attr=[16, 6], y=0.0, custom_label=0.0, min_label=0, max_label=6, instance_name='p11.txt');0.0;0.0004128594882786274;9.315733223047573e-06;0.14261645078659058
Data(x=[44, 7], edge_index=[2, 18], edge_attr=[18, 6], y=0.0, custom_label=0.0, min_label=0, max_label=6, instance_name='p11.txt');0.0;0.02615896426141262;6.739928358001634e-05;0.14261645078659058
Data(x=[37, 7], edge_index=[2, 12], edge_attr=[12, 6], y=0.0, custom_label=0.0, min_label=0, max_label=6, instance_name='p11.txt');0.0;0.00019876519218087196;1.6238311218330637e-05;0.14261645078659058
Data(x=[50, 7], edge_index=[2, 12], edge_attr=[12, 6], y=0.0, custom_label=0.0, min_label=0, max_label=6, instance_name='p11.txt');0.0;0.003548460081219673;6.310077151283622e-05;0.14261645078659058
Data(x=[30, 7], edge_index=[2, 10], edge_attr=[10, 6], y=0.0, custom_label=0.0, min_label=0, max_label=6, instance_name='p11.txt');0.0;4.324420660850592e-05;1.5537494618911296e-05;0.14261645078659058
Data(x=[42, 7], edge_index=[2, 14], edge_attr=[14, 6], y=0.0, custom_label=0.0, min_label=0, max_label=6, instance_name='p11.txt');0.0;0.00047526051639579237;1.4846918020339217e-05;0.14261645078659058
Data(x=[41, 7], edge_index=[2, 14], edge_attr=[14, 6], y=0.0, custom_label=0.0, min_label=0, max_label=6, instance_name='p11.txt');0.0;0.00041284572216682136;1.3923599908594042e-05;0.14261645078659058
Data(x=[42, 7], edge_index=[2, 14], edge_attr=[14, 6], y=0.0, custom_label=0.0, min_label=0, max_label=6, instance_name='p11.txt');0.0;0.0017894308548420668;3.400885543669574e-05;0.14261645078659058
Data(x=[37, 7], edge_index=[2, 16], edge_attr=[16, 6], y=0.0, custom_label=0.0, min_label=0, max_label=6, instance_name='p11.txt');0.0;0.013443480245769024;1.7116908566094935e-05;0.14261645078659058
Data(x=[35, 7], edge_index=[2, 12], edge_attr=[12, 6], y=0.0, custom_label=0.0, min_label=0, max_label=6, instance_name='p11.txt');0.0;0.0007175372447818518;3.7964735383866355e-05;0.14261645078659058
Data(x=[41, 7], edge_index=[2, 14], edge_attr=[14, 6], y=0.0, custom_label=0.0, min_label=0, max_label=6, instance_name='p11.txt');0.0;0.022148771211504936;0.00013871322153136134;0.14261645078659058
Data(x=[33, 7], edge_index=[2, 12], edge_attr=[12, 6], y=0.0, custom_label=0.0, min_label=0, max_label=6, instance_name='p11.txt');0.0;0.0005316541064530611;3.4261203836649656e-05;0.14261645078659058
Data(x=[41, 7], edge_index=[2, 22], edge_attr=[22, 6], y=0.0, custom_label=0.0, min_label=0, max_label=6, instance_name='p11.txt');0.0;0.22673389315605164;0.00013303534069564193;0.14261645078659058
Data(x=[39, 7], edge_index=[2, 16], edge_attr=[16, 6], y=0.0, custom_label=0.0, min_label=0, max_label=6, instance_name='p11.txt');0.0;0.0003028512583114207;7.947044650791213e-06;0.14261645078659058
Data(x=[37, 7], edge_index=[2, 18], edge_attr=[18, 6], y=0.0, custom_label=0.0, min_label=0, max_label=6, instance_name='p11.txt');0.0;0.01318311132490635;1.0965361980197486e-05;0.14261645078659058
Data(x=[39, 7], edge_index=[2, 10], edge_attr=[10, 6], y=0.0, custom_label=0.0, min_label=0, max_label=6, instance_name='p11.txt');0.0;0.0011295052245259285;6.891201337566599e-05;0.14261645078659058
Data(x=[46, 7], edge_index=[2, 18], edge_attr=[18, 6], y=0.0, custom_label=0.0, min_label=0, max_label=6, instance_name='p11.txt');0.0;0.0007833566633053124;9.070444320968818e-06;0.14261645078659058
Data(x=[48, 7], edge_index=[2, 18], edge_attr=[18, 6], y=0.0, custom_label=0.0, min_label=0, max_label=6, instance_name='p11.txt');0.0;0.14945317804813385;0.00022868801897857338;0.14261645078659058
Data(x=[41, 7], edge_index=[2, 12], edge_attr=[12, 6], y=0.0, custom_label=0.0, min_label=0, max_label=6, instance_name='p11.txt');0.0;0.0003794306830968708;2.0810637579415925e-05;0.14261645078659058
Data(x=[34, 7], edge_index=[2, 14], edge_attr=[14, 6], y=0.0, custom_label=0.0, min_label=0, max_label=6, instance_name='p11.txt');0.0;0.00012196657189633697;7.991466191015206e-06;0.14261645078659058
Data(x=[34, 7], edge_index=[2, 18], edge_attr=[18, 6], y=0.0, custom_label=0.0, min_label=0, max_label=6, instance_name='p11.txt');0.0;0.010549608618021011;8.463122867397033e-06;0.00016489948029629886
Data(x=[42, 7], edge_index=[2, 12], edge_attr=[12, 6], y=0.0, custom_label=0.0, min_label=0, max_label=6, instance_name='p11.txt');0.0;0.0017389421118423343;5.0346116040600464e-05;0.14261645078659058
Data(x=[36, 7], edge_index=[2, 16], edge_attr=[16, 6], y=0.0, custom_label=0.0, min_label=0, max_label=6, instance_name='p11.txt');0.0;0.004155918024480343;0.0001418340252712369;0.14261645078659058
Data(x=[34, 7], edge_index=[2, 34], y=106.0, edge_attr=[34, 6], custom_label=1.0, min_label=0, max_label=106, instance_name='p12.txt');1.0;0.7507539391517639;0.7413982152938843;0.22874903678894043
Data(x=[34, 7], edge_index=[2, 34], y=105.0, edge_attr=[34, 6], custom_label=0.990566, min_label=0, max_label=106, instance_name='p12.txt');0.9905660152435303;0.7507539391517639;0.7413982152938843;0.22874903678894043
Data(x=[34, 7], edge_index=[2, 34], y=104.0, edge_attr=[34, 6], custom_label=0.9811321, min_label=0, max_label=106, instance_name='p12.txt');0.9811320900917053;0.7507539391517639;0.7413982152938843;0.22874903678894043
Data(x=[34, 7], edge_index=[2, 34], y=103.0, edge_attr=[34, 6], custom_label=0.9716981, min_label=0, max_label=106, instance_name='p12.txt');0.9716981053352356;0.7507539391517639;0.7413982152938843;0.22874903678894043
Data(x=[35, 7], edge_index=[2, 2], edge_attr=[2, 6], y=102.0, custom_label=0.9622642, min_label=0, max_label=106, instance_name='p12.txt');0.9622641801834106;0.4563772976398468;0.401069313287735;0.14261645078659058
Data(x=[35, 7], edge_index=[2, 2], edge_attr=[2, 6], y=101.0, custom_label=0.9528302, min_label=0, max_label=106, instance_name='p12.txt');0.9528301954269409;0.4563772976398468;0.401069313287735;0.14261645078659058
Data(x=[35, 7], edge_index=[2, 2], edge_attr=[2, 6], y=100.0, custom_label=0.9433962, min_label=0, max_label=106, instance_name='p12.txt');0.9433962106704712;0.4563772976398468;0.401069313287735;0.14261645078659058
Data(x=[35, 7], edge_index=[2, 2], edge_attr=[2, 6], y=99.0, custom_label=0.9339623, min_label=0, max_label=106, instance_name='p12.txt');0.9339622855186462;0.4563772976398468;0.401069313287735;0.14261645078659058
Data(x=[35, 7], edge_index=[2, 2], edge_attr=[2, 6], y=98.0, custom_label=0.9245283, min_label=0, max_label=106, instance_name='p12.txt');0.9245283007621765;0.4563772976398468;0.401069313287735;0.14261645078659058
Data(x=[34, 7], edge_index=[2, 34], y=97.0, edge_attr=[34, 6], custom_label=0.9150943, min_label=0, max_label=106, instance_name='p12.txt');0.9150943160057068;0.7507539391517639;0.7413982152938843;0.22874903678894043
Data(x=[34, 7], edge_index=[2, 34], y=96.0, edge_attr=[34, 6], custom_label=0.9056604, min_label=0, max_label=106, instance_name='p12.txt');0.9056603908538818;0.7507539391517639;0.7413982152938843;0.22874903678894043
Data(x=[34, 7], edge_index=[2, 34], y=95.0, edge_attr=[34, 6], custom_label=0.8962264, min_label=0, max_label=106, instance_name='p12.txt');0.8962264060974121;0.7507539391517639;0.7413982152938843;0.22874903678894043
Data(x=[34, 7], edge_index=[2, 34], y=94.0, edge_attr=[34, 6], custom_label=0.8867925, min_label=0, max_label=106, instance_name='p12.txt');0.8867924809455872;0.7507539391517639;0.7413982152938843;0.22874903678894043
Data(x=[34, 7], edge_index=[2, 34], y=93.0, edge_attr=[34, 6], custom_label=0.8773585, min_label=0, max_label=106, instance_name='p12.txt');0.8773584961891174;0.7507539391517639;0.7413982152938843;0.22874903678894043
Data(x=[34, 7], edge_index=[2, 34], y=92.0, edge_attr=[34, 6], custom_label=0.8679245, min_label=0, max_label=106, instance_name='p12.txt');0.8679245114326477;0.7507539391517639;0.7413982152938843;0.22874903678894043
Data(x=[34, 7], edge_index=[2, 34], y=91.0, edge_attr=[34, 6], custom_label=0.8584906, min_label=0, max_label=106, instance_name='p12.txt');0.8584905862808228;0.7507539391517639;0.7413982152938843;0.22874903678894043
Data(x=[34, 7], edge_index=[2, 34], y=90.0, edge_attr=[34, 6], custom_label=0.8490566, min_label=0, max_label=106, instance_name='p12.txt');0.849056601524353;0.7507539391517639;0.7413982152938843;0.22874903678894043
Data(x=[34, 7], edge_index=[2, 34], y=89.0, edge_attr=[34, 6], custom_label=0.8396226, min_label=0, max_label=106, instance_name='p12.txt');0.8396226167678833;0.7507539391517639;0.7413982152938843;0.22874903678894043
Data(x=[34, 7], edge_index=[2, 34], y=88.0, edge_attr=[34, 6], custom_label=0.8301887, min_label=0, max_label=106, instance_name='p12.txt');0.8301886916160583;0.7507539391517639;0.7413982152938843;0.22874903678894043
Data(x=[34, 7], edge_index=[2, 34], y=87.0, edge_attr=[34, 6], custom_label=0.8207547, min_label=0, max_label=106, instance_name='p12.txt');0.8207547068595886;0.7507539391517639;0.7413982152938843;0.22874903678894043
Data(x=[34, 7], edge_index=[2, 34], y=86.0, edge_attr=[34, 6], custom_label=0.8113208, min_label=0, max_label=106, instance_name='p12.txt');0.8113207817077637;0.7507539391517639;0.7413982152938843;0.22874903678894043
Data(x=[34, 7], edge_index=[2, 34], y=85.0, edge_attr=[34, 6], custom_label=0.8018868, min_label=0, max_label=106, instance_name='p12.txt');0.801886796951294;0.7507539391517639;0.7413982152938843;0.22874903678894043
Data(x=[34, 7], edge_index=[2, 34], y=84.0, edge_attr=[34, 6], custom_label=0.7924528, min_label=0, max_label=106, instance_name='p12.txt');0.7924528121948242;0.7507539391517639;0.7413982152938843;0.22874903678894043
Data(x=[34, 7], edge_index=[2, 34], y=83.0, edge_attr=[34, 6], custom_label=0.7830189, min_label=0, max_label=106, instance_name='p12.txt');0.7830188870429993;0.7507539391517639;0.7413982152938843;0.22874903678894043
Data(x=[34, 7], edge_index=[2, 34], y=82.0, edge_attr=[34, 6], custom_label=0.7735849, min_label=0, max_label=106, instance_name='p12.txt');0.7735849022865295;0.7507539391517639;0.7413982152938843;0.22874903678894043
Data(x=[34, 7], edge_index=[2, 34], y=81.0, edge_attr=[34, 6], custom_label=0.7641509, min_label=0, max_label=106, instance_name='p12.txt');0.7641509175300598;0.7507539391517639;0.7413982152938843;0.22874903678894043
Data(x=[34, 7], edge_index=[2, 34], y=80.0, edge_attr=[34, 6], custom_label=0.754717, min_label=0, max_label=106, instance_name='p12.txt');0.7547169923782349;0.7507539391517639;0.7413982152938843;0.22874903678894043
Data(x=[34, 7], edge_index=[2, 34], y=79.0, edge_attr=[34, 6], custom_label=0.745283, min_label=0, max_label=106, instance_name='p12.txt');0.7452830076217651;0.7507539391517639;0.7413982152938843;0.22874903678894043
Data(x=[34, 7], edge_index=[2, 34], y=78.0, edge_attr=[34, 6], custom_label=0.7358491, min_label=0, max_label=106, instance_name='p12.txt');0.7358490824699402;0.7507539391517639;0.7413982152938843;0.22874903678894043
Data(x=[34, 7], edge_index=[2, 34], y=77.0, edge_attr=[34, 6], custom_label=0.7264151, min_label=0, max_label=106, instance_name='p12.txt');0.7264150977134705;0.7507539391517639;0.7413982152938843;0.22874903678894043
Data(x=[34, 7], edge_index=[2, 34], y=76.0, edge_attr=[34, 6], custom_label=0.7169811, min_label=0, max_label=106, instance_name='p12.txt');0.7169811129570007;0.7507539391517639;0.7413982152938843;0.22874903678894043
Data(x=[34, 7], edge_index=[2, 34], y=75.0, edge_attr=[34, 6], custom_label=0.7075472, min_label=0, max_label=106, instance_name='p12.txt');0.7075471878051758;0.7507539391517639;0.7413982152938843;0.22874903678894043
Data(x=[35, 7], edge_index=[2, 2], edge_attr=[2, 6], y=74.0, custom_label=0.6981132, min_label=0, max_label=106, instance_name='p12.txt');0.698113203048706;0.4563772976398468;0.4010692834854126;0.14261645078659058
Data(x=[35, 7], edge_index=[2, 2], edge_attr=[2, 6], y=73.0, custom_label=0.6886792, min_label=0, max_label=106, instance_name='p12.txt');0.6886792182922363;0.4563772976398468;0.4010692834854126;0.14261645078659058
Data(x=[35, 7], edge_index=[2, 2], edge_attr=[2, 6], y=72.0, custom_label=0.6792453, min_label=0, max_label=106, instance_name='p12.txt');0.6792452931404114;0.4563772976398468;0.4010692834854126;0.14261645078659058
Data(x=[35, 7], edge_index=[2, 2], edge_attr=[2, 6], y=71.0, custom_label=0.6698113, min_label=0, max_label=106, instance_name='p12.txt');0.6698113083839417;0.4563772976398468;0.4010692834854126;0.14261645078659058
Data(x=[35, 7], edge_index=[2, 2], edge_attr=[2, 6], y=70.0, custom_label=0.6603774, min_label=0, max_label=106, instance_name='p12.txt');0.6603773832321167;0.4563772976398468;0.4010692834854126;0.14261645078659058
Data(x=[35, 7], edge_index=[2, 2], edge_attr=[2, 6], y=69.0, custom_label=0.6509434, min_label=0, max_label=106, instance_name='p12.txt');0.650943398475647;0.4563772976398468;0.4010692834854126;0.14261645078659058
Data(x=[35, 7], edge_index=[2, 2], edge_attr=[2, 6], y=68.0, custom_label=0.6415094, min_label=0, max_label=106, instance_name='p12.txt');0.6415094137191772;0.4563772976398468;0.4010692834854126;0.14261645078659058
Data(x=[35, 7], edge_index=[2, 2], edge_attr=[2, 6], y=67.0, custom_label=0.6320755, min_label=0, max_label=106, instance_name='p12.txt');0.6320754885673523;0.4563772976398468;0.4010692834854126;0.14261645078659058
Data(x=[35, 7], edge_index=[2, 2], edge_attr=[2, 6], y=66.0, custom_label=0.6226415, min_label=0, max_label=106, instance_name='p12.txt');0.6226415038108826;0.4563772976398468;0.4010692834854126;0.14261645078659058
Data(x=[35, 7], edge_index=[2, 2], edge_attr=[2, 6], y=65.0, custom_label=0.6132075, min_label=0, max_label=106, instance_name='p12.txt');0.6132075190544128;0.4563772976398468;0.4010692834854126;0.14261645078659058
Data(x=[35, 7], edge_index=[2, 2], edge_attr=[2, 6], y=64.0, custom_label=0.6037736, min_label=0, max_label=106, instance_name='p12.txt');0.6037735939025879;0.4563772976398468;0.4010692834854126;0.14261645078659058
Data(x=[35, 7], edge_index=[2, 2], edge_attr=[2, 6], y=63.0, custom_label=0.5943396, min_label=0, max_label=106, instance_name='p12.txt');0.5943396091461182;0.4563772976398468;0.4010692834854126;0.14261645078659058
Data(x=[35, 7], edge_index=[2, 2], edge_attr=[2, 6], y=62.0, custom_label=0.5849057, min_label=0, max_label=106, instance_name='p12.txt');0.5849056839942932;0.4563772976398468;0.4010692834854126;0.14261645078659058
Data(x=[35, 7], edge_index=[2, 2], edge_attr=[2, 6], y=61.0, custom_label=0.5754717, min_label=0, max_label=106, instance_name='p12.txt');0.5754716992378235;0.4563772976398468;0.4010692834854126;0.14261645078659058
Data(x=[36, 7], edge_index=[2, 4], edge_attr=[4, 6], y=60.0, custom_label=0.5660377, min_label=0, max_label=106, instance_name='p12.txt');0.5660377144813538;0.2710174322128296;0.24071970582008362;0.14261645078659058
Data(x=[36, 7], edge_index=[2, 4], edge_attr=[4, 6], y=59.0, custom_label=0.5566038, min_label=0, max_label=106, instance_name='p12.txt');0.5566037893295288;0.2710174322128296;0.24071970582008362;0.14261645078659058
Data(x=[36, 7], edge_index=[2, 4], edge_attr=[4, 6], y=58.0, custom_label=0.5471698, min_label=0, max_label=106, instance_name='p12.txt');0.5471698045730591;0.2710174322128296;0.24071970582008362;0.14261645078659058
Data(x=[36, 7], edge_index=[2, 4], edge_attr=[4, 6], y=57.0, custom_label=0.5377358, min_label=0, max_label=106, instance_name='p12.txt');0.5377358198165894;0.2710174322128296;0.24071970582008362;0.14261645078659058
Data(x=[36, 7], edge_index=[2, 4], edge_attr=[4, 6], y=56.0, custom_label=0.5283019, min_label=0, max_label=106, instance_name='p12.txt');0.5283018946647644;0.2710174322128296;0.24071970582008362;0.14261645078659058
Data(x=[36, 7], edge_index=[2, 4], edge_attr=[4, 6], y=55.0, custom_label=0.5188679, min_label=0, max_label=106, instance_name='p12.txt');0.5188679099082947;0.2710174322128296;0.24071970582008362;0.14261645078659058
Data(x=[36, 7], edge_index=[2, 4], edge_attr=[4, 6], y=54.0, custom_label=0.509434, min_label=0, max_label=106, instance_name='p12.txt');0.5094339847564697;0.2710174322128296;0.24071970582008362;0.14261645078659058
Data(x=[36, 7], edge_index=[2, 4], edge_attr=[4, 6], y=53.0, custom_label=0.5, min_label=0, max_label=106, instance_name='p12.txt');0.5;0.2710174322128296;0.24071970582008362;0.14261645078659058
Data(x=[36, 7], edge_index=[2, 4], edge_attr=[4, 6], y=52.0, custom_label=0.49056605, min_label=0, max_label=106, instance_name='p12.txt');0.49056604504585266;0.2710174322128296;0.24071970582008362;0.14261645078659058
Data(x=[36, 7], edge_index=[2, 4], edge_attr=[4, 6], y=51.0, custom_label=0.4811321, min_label=0, max_label=106, instance_name='p12.txt');0.4811320900917053;0.2710174322128296;0.24071970582008362;0.14261645078659058
Data(x=[36, 7], edge_index=[2, 4], edge_attr=[4, 6], y=50.0, custom_label=0.4716981, min_label=0, max_label=106, instance_name='p12.txt');0.4716981053352356;0.2710174322128296;0.24071970582008362;0.14261645078659058
Data(x=[36, 7], edge_index=[2, 4], edge_attr=[4, 6], y=49.0, custom_label=0.46226415, min_label=0, max_label=106, instance_name='p12.txt');0.46226415038108826;0.2710174322128296;0.24071970582008362;0.14261645078659058
Data(x=[36, 7], edge_index=[2, 4], edge_attr=[4, 6], y=48.0, custom_label=0.4528302, min_label=0, max_label=106, instance_name='p12.txt');0.4528301954269409;0.2710174322128296;0.24071970582008362;0.14261645078659058
Data(x=[36, 7], edge_index=[2, 4], edge_attr=[4, 6], y=47.0, custom_label=0.44339624, min_label=0, max_label=106, instance_name='p12.txt');0.4433962404727936;0.2710174322128296;0.24071970582008362;0.14261645078659058
Data(x=[36, 7], edge_index=[2, 4], edge_attr=[4, 6], y=46.0, custom_label=0.43396226, min_label=0, max_label=106, instance_name='p12.txt');0.43396225571632385;0.2710174322128296;0.24071970582008362;0.14261645078659058
Data(x=[36, 7], edge_index=[2, 4], edge_attr=[4, 6], y=45.0, custom_label=0.4245283, min_label=0, max_label=106, instance_name='p12.txt');0.4245283007621765;0.2710174322128296;0.24071970582008362;0.14261645078659058
Data(x=[36, 7], edge_index=[2, 4], edge_attr=[4, 6], y=44.0, custom_label=0.41509435, min_label=0, max_label=106, instance_name='p12.txt');0.4150943458080292;0.2710174322128296;0.24071970582008362;0.14261645078659058
Data(x=[35, 7], edge_index=[2, 2], edge_attr=[2, 6], y=43.0, custom_label=0.4056604, min_label=0, max_label=106, instance_name='p12.txt');0.40566039085388184;0.4563772976398468;0.4010692834854126;0.14261645078659058
Data(x=[35, 7], edge_index=[2, 2], edge_attr=[2, 6], y=42.0, custom_label=0.3962264, min_label=0, max_label=106, instance_name='p12.txt');0.3962264060974121;0.4563772976398468;0.4010692834854126;0.14261645078659058
Data(x=[35, 7], edge_index=[2, 2], edge_attr=[2, 6], y=41.0, custom_label=0.38679245, min_label=0, max_label=106, instance_name='p12.txt');0.38679245114326477;0.4563772976398468;0.4010692834854126;0.14261645078659058
Data(x=[35, 7], edge_index=[2, 2], edge_attr=[2, 6], y=40.0, custom_label=0.3773585, min_label=0, max_label=106, instance_name='p12.txt');0.37735849618911743;0.4563772976398468;0.4010692834854126;0.14261645078659058
Data(x=[35, 7], edge_index=[2, 2], edge_attr=[2, 6], y=39.0, custom_label=0.36792454, min_label=0, max_label=106, instance_name='p12.txt');0.3679245412349701;0.4563772976398468;0.4010692834854126;0.14261645078659058
Data(x=[35, 7], edge_index=[2, 2], edge_attr=[2, 6], y=38.0, custom_label=0.35849056, min_label=0, max_label=106, instance_name='p12.txt');0.35849055647850037;0.4563772976398468;0.4010692834854126;0.14261645078659058
Data(x=[35, 7], edge_index=[2, 2], edge_attr=[2, 6], y=37.0, custom_label=0.3490566, min_label=0, max_label=106, instance_name='p12.txt');0.349056601524353;0.4563772976398468;0.4010692834854126;0.14261645078659058
Data(x=[35, 7], edge_index=[2, 2], edge_attr=[2, 6], y=36.0, custom_label=0.33962265, min_label=0, max_label=106, instance_name='p12.txt');0.3396226465702057;0.4563772976398468;0.4010692834854126;0.14261645078659058
Data(x=[35, 7], edge_index=[2, 2], edge_attr=[2, 6], y=35.0, custom_label=0.3301887, min_label=0, max_label=106, instance_name='p12.txt');0.33018869161605835;0.4563772976398468;0.4010692834854126;0.14261645078659058
Data(x=[35, 7], edge_index=[2, 2], edge_attr=[2, 6], y=34.0, custom_label=0.3207547, min_label=0, max_label=106, instance_name='p12.txt');0.3207547068595886;0.4563772976398468;0.4010692834854126;0.14261645078659058
Data(x=[35, 7], edge_index=[2, 2], edge_attr=[2, 6], y=33.0, custom_label=0.31132075, min_label=0, max_label=106, instance_name='p12.txt');0.3113207519054413;0.4563772976398468;0.4010692834854126;0.14261645078659058
Data(x=[35, 7], edge_index=[2, 2], edge_attr=[2, 6], y=32.0, custom_label=0.3018868, min_label=0, max_label=106, instance_name='p12.txt');0.30188679695129395;0.4563772976398468;0.4010692834854126;0.14261645078659058
Data(x=[35, 7], edge_index=[2, 2], edge_attr=[2, 6], y=31.0, custom_label=0.29245284, min_label=0, max_label=106, instance_name='p12.txt');0.2924528419971466;0.4563772976398468;0.4010692834854126;0.14261645078659058
Data(x=[35, 7], edge_index=[2, 2], edge_attr=[2, 6], y=30.0, custom_label=0.28301886, min_label=0, max_label=106, instance_name='p12.txt');0.2830188572406769;0.4563772976398468;0.4010692834854126;0.14261645078659058
Data(x=[35, 7], edge_index=[2, 2], edge_attr=[2, 6], y=29.0, custom_label=0.2735849, min_label=0, max_label=106, instance_name='p12.txt');0.27358490228652954;0.4563772976398468;0.4010692834854126;0.14261645078659058
Data(x=[36, 7], edge_index=[2, 4], edge_attr=[4, 6], y=28.0, custom_label=0.26415095, min_label=0, max_label=106, instance_name='p12.txt');0.2641509473323822;0.2710174322128296;0.24071970582008362;0.14261645078659058
Data(x=[36, 7], edge_index=[2, 4], edge_attr=[4, 6], y=27.0, custom_label=0.254717, min_label=0, max_label=106, instance_name='p12.txt');0.25471699237823486;0.2710174322128296;0.24071970582008362;0.14261645078659058
Data(x=[36, 7], edge_index=[2, 4], edge_attr=[4, 6], y=26.0, custom_label=0.24528302, min_label=0, max_label=106, instance_name='p12.txt');0.24528302252292633;0.2710174322128296;0.24071970582008362;0.14261645078659058
Data(x=[36, 7], edge_index=[2, 4], edge_attr=[4, 6], y=25.0, custom_label=0.23584905, min_label=0, max_label=106, instance_name='p12.txt');0.2358490526676178;0.2710174322128296;0.24071970582008362;0.14261645078659058
Data(x=[36, 7], edge_index=[2, 4], edge_attr=[4, 6], y=24.0, custom_label=0.2264151, min_label=0, max_label=106, instance_name='p12.txt');0.22641509771347046;0.2710174322128296;0.24071970582008362;0.14261645078659058
Data(x=[36, 7], edge_index=[2, 4], edge_attr=[4, 6], y=23.0, custom_label=0.21698113, min_label=0, max_label=106, instance_name='p12.txt');0.21698112785816193;0.2710174322128296;0.24071970582008362;0.14261645078659058
Data(x=[36, 7], edge_index=[2, 4], edge_attr=[4, 6], y=22.0, custom_label=0.20754717, min_label=0, max_label=106, instance_name='p12.txt');0.2075471729040146;0.2710174322128296;0.24071970582008362;0.14261645078659058
Data(x=[36, 7], edge_index=[2, 4], edge_attr=[4, 6], y=21.0, custom_label=0.1981132, min_label=0, max_label=106, instance_name='p12.txt');0.19811320304870605;0.2710174322128296;0.24071970582008362;0.14261645078659058
Data(x=[36, 7], edge_index=[2, 4], edge_attr=[4, 6], y=20.0, custom_label=0.18867925, min_label=0, max_label=106, instance_name='p12.txt');0.18867924809455872;0.2710174322128296;0.24071970582008362;0.14261645078659058
Data(x=[36, 7], edge_index=[2, 4], edge_attr=[4, 6], y=19.0, custom_label=0.17924528, min_label=0, max_label=106, instance_name='p12.txt');0.17924527823925018;0.2710174322128296;0.24071970582008362;0.14261645078659058
Data(x=[36, 7], edge_index=[2, 4], edge_attr=[4, 6], y=18.0, custom_label=0.16981132, min_label=0, max_label=106, instance_name='p12.txt');0.16981132328510284;0.2710174322128296;0.24071970582008362;0.14261645078659058
Data(x=[36, 7], edge_index=[2, 4], edge_attr=[4, 6], y=17.0, custom_label=0.16037735, min_label=0, max_label=106, instance_name='p12.txt');0.1603773534297943;0.2710174322128296;0.24071970582008362;0.14261645078659058
Data(x=[36, 7], edge_index=[2, 4], edge_attr=[4, 6], y=16.0, custom_label=0.1509434, min_label=0, max_label=106, instance_name='p12.txt');0.15094339847564697;0.2710174322128296;0.24071970582008362;0.14261645078659058
Data(x=[36, 7], edge_index=[2, 4], edge_attr=[4, 6], y=15.0, custom_label=0.14150943, min_label=0, max_label=106, instance_name='p12.txt');0.14150942862033844;0.2710174322128296;0.24071970582008362;0.14261645078659058
Data(x=[36, 7], edge_index=[2, 4], edge_attr=[4, 6], y=14.0, custom_label=0.13207547, min_label=0, max_label=106, instance_name='p12.txt');0.1320754736661911;0.2710174322128296;0.24071970582008362;0.14261645078659058
Data(x=[36, 7], edge_index=[2, 4], edge_attr=[4, 6], y=13.0, custom_label=0.12264151, min_label=0, max_label=106, instance_name='p12.txt');0.12264151126146317;0.2710174322128296;0.24071970582008362;0.14261645078659058
Data(x=[36, 7], edge_index=[2, 4], edge_attr=[4, 6], y=12.0, custom_label=0.11320755, min_label=0, max_label=106, instance_name='p12.txt');0.11320754885673523;0.2710174322128296;0.24071970582008362;0.14261645078659058
Data(x=[36, 7], edge_index=[2, 4], edge_attr=[4, 6], y=11.0, custom_label=0.10377359, min_label=0, max_label=106, instance_name='p12.txt');0.1037735864520073;0.2710174322128296;0.24071970582008362;0.14261645078659058
Data(x=[37, 7], edge_index=[2, 6], edge_attr=[6, 6], y=10.0, custom_label=0.094339624, min_label=0, max_label=106, instance_name='p12.txt');0.09433962404727936;0.13914377987384796;0.07879594713449478;0.14261645078659058
Data(x=[37, 7], edge_index=[2, 6], edge_attr=[6, 6], y=9.0, custom_label=0.08490566, min_label=0, max_label=106, instance_name='p12.txt');0.08490566164255142;0.13914377987384796;0.07879594713449478;0.14261645078659058
Data(x=[37, 7], edge_index=[2, 6], edge_attr=[6, 6], y=8.0, custom_label=0.0754717, min_label=0, max_label=106, instance_name='p12.txt');0.07547169923782349;0.13914377987384796;0.07879594713449478;0.14261645078659058
Data(x=[37, 7], edge_index=[2, 6], edge_attr=[6, 6], y=7.0, custom_label=0.06603774, min_label=0, max_label=106, instance_name='p12.txt');0.06603773683309555;0.13914377987384796;0.07879594713449478;0.14261645078659058
Data(x=[37, 7], edge_index=[2, 6], edge_attr=[6, 6], y=6.0, custom_label=0.056603774, min_label=0, max_label=106, instance_name='p12.txt');0.056603774428367615;0.13914377987384796;0.07879594713449478;0.14261645078659058
Data(x=[37, 7], edge_index=[2, 6], edge_attr=[6, 6], y=5.0, custom_label=0.047169812, min_label=0, max_label=106, instance_name='p12.txt');0.04716981202363968;0.13914377987384796;0.07879594713449478;0.14261645078659058
Data(x=[37, 7], edge_index=[2, 6], edge_attr=[6, 6], y=4.0, custom_label=0.03773585, min_label=0, max_label=106, instance_name='p12.txt');0.03773584961891174;0.13914377987384796;0.07879594713449478;0.14261645078659058
Data(x=[37, 7], edge_index=[2, 6], edge_attr=[6, 6], y=3.0, custom_label=0.028301887, min_label=0, max_label=106, instance_name='p12.txt');0.028301887214183807;0.13914377987384796;0.07879594713449478;0.14261645078659058
Data(x=[37, 7], edge_index=[2, 6], edge_attr=[6, 6], y=2.0, custom_label=0.018867925, min_label=0, max_label=106, instance_name='p12.txt');0.01886792480945587;0.13914377987384796;0.07879594713449478;0.14261645078659058
Data(x=[37, 7], edge_index=[2, 6], edge_attr=[6, 6], y=1.0, custom_label=0.009433962, min_label=0, max_label=106, instance_name='p12.txt');0.009433962404727936;0.13914377987384796;0.07879594713449478;0.14261645078659058
Data(x=[38, 7], edge_index=[2, 8], edge_attr=[8, 6], y=0.0, custom_label=0.0, min_label=0, max_label=106, instance_name='p12.txt');0.0;0.0009229194256477058;0.00010328880307497457;0.14261645078659058
Data(x=[19, 7], edge_index=[2, 20], edge_attr=[20, 6], y=3.0, custom_label=0.1764706, min_label=0, max_label=17, instance_name='p13.txt');0.1764705926179886;0.2667941749095917;0.20839166641235352;0.14261645078659058
Data(x=[18, 7], edge_index=[2, 14], edge_attr=[14, 6], y=2.0, custom_label=0.11764706, min_label=0, max_label=17, instance_name='p13.txt');0.11764705926179886;0.27131861448287964;0.2018667608499527;0.14261645078659058
Data(x=[18, 7], edge_index=[2, 14], edge_attr=[14, 6], y=1.0, custom_label=0.05882353, min_label=0, max_label=17, instance_name='p13.txt');0.05882352963089943;0.23294027149677277;0.21446429193019867;0.14261645078659058
Data(x=[18, 7], edge_index=[2, 12], edge_attr=[12, 6], y=0.0, custom_label=0.0, min_label=0, max_label=17, instance_name='p13.txt');0.0;0.00017250492237508297;0.000569888623431325;0.14261645078659058
Data(x=[26, 7], edge_index=[2, 14], edge_attr=[14, 6], y=0.0, custom_label=0.0, min_label=0, max_label=17, instance_name='p13.txt');0.0;1.5262688975781202e-05;2.9381174044829095e-06;6.465290789492428e-05
Data(x=[23, 7], edge_index=[2, 16], edge_attr=[16, 6], y=0.0, custom_label=0.0, min_label=0, max_label=17, instance_name='p13.txt');0.0;4.058686499774922e-06;8.079902045210474e-07;3.3938665637833765e-06
Data(x=[25, 7], edge_index=[2, 16], edge_attr=[16, 6], y=0.0, custom_label=0.0, min_label=0, max_label=17, instance_name='p13.txt');0.0;9.26124721445376e-06;1.2756725027429638e-06;0.14261645078659058
Data(x=[21, 7], edge_index=[2, 14], edge_attr=[14, 6], y=12.0, custom_label=0.7058824, min_label=0, max_label=17, instance_name='p13.txt');0.7058823704719543;0.39454570412635803;0.3905164897441864;3.481605745037086e-05
Data(x=[21, 7], edge_index=[2, 14], edge_attr=[14, 6], y=11.0, custom_label=0.64705884, min_label=0, max_label=17, instance_name='p13.txt');0.6470588445663452;0.39454570412635803;0.3905164897441864;3.481605745037086e-05
Data(x=[21, 7], edge_index=[2, 14], edge_attr=[14, 6], y=10.0, custom_label=0.5882353, min_label=0, max_label=17, instance_name='p13.txt');0.5882353186607361;0.4261360764503479;0.43779686093330383;0.14261645078659058
Data(x=[21, 7], edge_index=[2, 14], edge_attr=[14, 6], y=9.0, custom_label=0.5294118, min_label=0, max_label=17, instance_name='p13.txt');0.529411792755127;0.39454570412635803;0.3905164897441864;0.00016489948029629886
Data(x=[22, 7], edge_index=[2, 16], edge_attr=[16, 6], y=8.0, custom_label=0.47058824, min_label=0, max_label=17, instance_name='p13.txt');0.47058823704719543;0.24594853818416595;0.17044901847839355;3.481605745037086e-05
Data(x=[20, 7], edge_index=[2, 12], edge_attr=[12, 6], y=7.0, custom_label=0.4117647, min_label=0, max_label=17, instance_name='p13.txt');0.4117647111415863;0.4280947744846344;0.40002021193504333;0.14261645078659058
Data(x=[20, 7], edge_index=[2, 12], edge_attr=[12, 6], y=6.0, custom_label=0.3529412, min_label=0, max_label=17, instance_name='p13.txt');0.3529411852359772;0.4280947744846344;0.40002021193504333;0.14261645078659058
Data(x=[20, 7], edge_index=[2, 12], edge_attr=[12, 6], y=5.0, custom_label=0.29411766, min_label=0, max_label=17, instance_name='p13.txt');0.29411765933036804;0.4280947744846344;0.40002021193504333;0.14261645078659058
Data(x=[21, 7], edge_index=[2, 14], edge_attr=[14, 6], y=4.0, custom_label=0.23529412, min_label=0, max_label=17, instance_name='p13.txt');0.23529411852359772;0.24057812988758087;0.17219772934913635;0.14261645078659058
Data(x=[21, 7], edge_index=[2, 14], edge_attr=[14, 6], y=3.0, custom_label=0.1764706, min_label=0, max_label=17, instance_name='p13.txt');0.1764705926179886;0.22226199507713318;0.19708263874053955;0.14261645078659058
Data(x=[21, 7], edge_index=[2, 14], edge_attr=[14, 6], y=2.0, custom_label=0.11764706, min_label=0, max_label=17, instance_name='p13.txt');0.11764705926179886;0.24057812988758087;0.17219771444797516;0.14261645078659058
Data(x=[21, 7], edge_index=[2, 14], edge_attr=[14, 6], y=1.0, custom_label=0.05882353, min_label=0, max_label=17, instance_name='p13.txt');0.05882352963089943;0.24057812988758087;0.17219772934913635;0.14261645078659058
Data(x=[21, 7], edge_index=[2, 12], edge_attr=[12, 6], y=0.0, custom_label=0.0, min_label=0, max_label=17, instance_name='p13.txt');0.0;8.456803334411234e-05;2.5052451746887527e-05;0.14261645078659058
Data(x=[20, 7], edge_index=[2, 14], edge_attr=[14, 6], y=0.0, custom_label=0.0, min_label=0, max_label=17, instance_name='p13.txt');0.0;4.5229553506942466e-05;9.760528882907238e-06;6.465290789492428e-05
Data(x=[18, 7], edge_index=[2, 12], edge_attr=[12, 6], y=0.0, custom_label=0.0, min_label=0, max_label=17, instance_name='p13.txt');0.0;0.00017250492237508297;0.000569888623431325;0.00020854815375059843
Data(x=[25, 7], edge_index=[2, 12], edge_attr=[12, 6], y=1.0, custom_label=0.05882353, min_label=0, max_label=17, instance_name='p13.txt');0.05882352963089943;0.22515249252319336;0.17274923622608185;0.14261645078659058
Data(x=[25, 7], edge_index=[2, 12], edge_attr=[12, 6], y=0.0, custom_label=0.0, min_label=0, max_label=17, instance_name='p13.txt');0.0;0.002754827030003071;0.0008174481918103993;0.14261645078659058
Data(x=[24, 7], edge_index=[2, 22], edge_attr=[22, 6], y=0.0, custom_label=0.0, min_label=0, max_label=17, instance_name='p13.txt');0.0;0.146803617477417;5.193200922803953e-05;4.166229054984981e-19
Data(x=[24, 7], edge_index=[2, 14], edge_attr=[14, 6], y=4.0, custom_label=0.23529412, min_label=0, max_label=17, instance_name='p13.txt');0.23529411852359772;0.1707899570465088;0.08759241551160812;0.14261645078659058
Data(x=[23, 7], edge_index=[2, 12], edge_attr=[12, 6], y=3.0, custom_label=0.1764706, min_label=0, max_label=17, instance_name='p13.txt');0.1764705926179886;0.19891925156116486;0.14492951333522797;0.14261645078659058
Data(x=[23, 7], edge_index=[2, 12], edge_attr=[12, 6], y=2.0, custom_label=0.11764706, min_label=0, max_label=17, instance_name='p13.txt');0.11764705926179886;0.2234940081834793;0.2196512371301651;0.14261645078659058
Data(x=[23, 7], edge_index=[2, 12], edge_attr=[12, 6], y=1.0, custom_label=0.05882353, min_label=0, max_label=17, instance_name='p13.txt');0.05882352963089943;0.19891925156116486;0.14492951333522797;0.14261645078659058
Data(x=[24, 7], edge_index=[2, 14], edge_attr=[14, 6], y=0.0, custom_label=0.0, min_label=0, max_label=17, instance_name='p13.txt');0.0;7.2174775596067775e-06;2.061402028630255e-06;0.14261645078659058
Data(x=[27, 7], edge_index=[2, 16], edge_attr=[16, 6], y=8.0, custom_label=0.47058824, min_label=0, max_label=17, instance_name='p13.txt');0.47058823704719543;0.27783042192459106;0.13041573762893677;1.5602157873217948e-05
Data(x=[27, 7], edge_index=[2, 16], edge_attr=[16, 6], y=7.0, custom_label=0.4117647, min_label=0, max_label=17, instance_name='p13.txt');0.4117647111415863;0.27783042192459106;0.13041573762893677;1.5602157873217948e-05
Data(x=[27, 7], edge_index=[2, 16], edge_attr=[16, 6], y=6.0, custom_label=0.3529412, min_label=0, max_label=17, instance_name='p13.txt');0.3529411852359772;0.27783042192459106;0.13041573762893677;1.5602157873217948e-05
Data(x=[27, 7], edge_index=[2, 16], edge_attr=[16, 6], y=5.0, custom_label=0.29411766, min_label=0, max_label=17, instance_name='p13.txt');0.29411765933036804;0.27783042192459106;0.13041573762893677;1.5602157873217948e-05
Data(x=[27, 7], edge_index=[2, 16], edge_attr=[16, 6], y=4.0, custom_label=0.23529412, min_label=0, max_label=17, instance_name='p13.txt');0.23529411852359772;0.27783042192459106;0.13041573762893677;1.5602157873217948e-05
Data(x=[27, 7], edge_index=[2, 16], edge_attr=[16, 6], y=3.0, custom_label=0.1764706, min_label=0, max_label=17, instance_name='p13.txt');0.1764705926179886;0.2982345223426819;0.2021341323852539;1.5602157873217948e-05
Data(x=[27, 7], edge_index=[2, 16], edge_attr=[16, 6], y=2.0, custom_label=0.11764706, min_label=0, max_label=17, instance_name='p13.txt');0.11764705926179886;0.27783042192459106;0.13041573762893677;1.5602157873217948e-05
Data(x=[27, 7], edge_index=[2, 16], edge_attr=[16, 6], y=1.0, custom_label=0.05882353, min_label=0, max_label=17, instance_name='p13.txt');0.05882352963089943;0.27783042192459106;0.13041573762893677;1.5602157873217948e-05
Data(x=[27, 7], edge_index=[2, 16], edge_attr=[16, 6], y=0.0, custom_label=0.0, min_label=0, max_label=17, instance_name='p13.txt');0.0;0.03532060235738754;2.470619438099675e-05;1.5602157873217948e-05
Data(x=[21, 7], edge_index=[2, 10], edge_attr=[10, 6], y=0.0, custom_label=0.0, min_label=0, max_label=17, instance_name='p13.txt');0.0;2.8321393983787857e-05;2.6901667297352105e-05;0.14261645078659058
Data(x=[21, 7], edge_index=[2, 10], edge_attr=[10, 6], y=0.0, custom_label=0.0, min_label=0, max_label=17, instance_name='p13.txt');0.0;9.888994827633724e-05;5.4903459385968745e-05;0.14261645078659058
Data(x=[21, 7], edge_index=[2, 12], edge_attr=[12, 6], y=0.0, custom_label=0.0, min_label=0, max_label=17, instance_name='p13.txt');0.0;8.456803334411234e-05;2.5052451746887527e-05;0.006243646144866943
Data(x=[23, 7], edge_index=[2, 16], edge_attr=[16, 6], y=0.0, custom_label=0.0, min_label=0, max_label=17, instance_name='p13.txt');0.0;0.005949514918029308;4.922626249026507e-05;9.052854494685791e-13
Data(x=[24, 7], edge_index=[2, 16], edge_attr=[16, 6], y=0.0, custom_label=0.0, min_label=0, max_label=17, instance_name='p13.txt');0.0;0.0005005886778235435;0.00011276511213509366;0.14261645078659058
Data(x=[16, 7], edge_index=[2, 14], edge_attr=[14, 6], y=0.0, custom_label=0.0, min_label=0, max_label=17, instance_name='p13.txt');0.0;0.0022953147999942303;6.979558384045959e-05;2.3709980645492124e-09
Data(x=[22, 7], edge_index=[2, 12], edge_attr=[12, 6], y=0.0, custom_label=0.0, min_label=0, max_label=17, instance_name='p13.txt');0.0;3.187805305060465e-06;2.867785269700107e-06;1.0964547072944697e-05
Data(x=[22, 7], edge_index=[2, 14], edge_attr=[14, 6], y=2.0, custom_label=0.11764706, min_label=0, max_label=17, instance_name='p13.txt');0.11764705926179886;0.24390140175819397;0.1942625641822815;0.00020854815375059843
Data(x=[21, 7], edge_index=[2, 10], edge_attr=[10, 6], y=1.0, custom_label=0.05882353, min_label=0, max_label=17, instance_name='p13.txt');0.05882352963089943;0.17413201928138733;0.15671491622924805;0.00020854815375059843
Data(x=[22, 7], edge_index=[2, 12], edge_attr=[12, 6], y=0.0, custom_label=0.0, min_label=0, max_label=17, instance_name='p13.txt');0.0;3.187805305060465e-06;2.867785269700107e-06;0.00020854815375059843
Data(x=[21, 7], edge_index=[2, 12], edge_attr=[12, 6], y=0.0, custom_label=0.0, min_label=0, max_label=17, instance_name='p13.txt');0.0;1.972427071450511e-06;2.3393697574647376e-06;3.481605745037086e-05
Data(x=[22, 7], edge_index=[2, 14], edge_attr=[14, 6], y=0.0, custom_label=0.0, min_label=0, max_label=17, instance_name='p13.txt');0.0;3.349441976752132e-05;6.46366561340983e-06;6.465290789492428e-05
Data(x=[21, 7], edge_index=[2, 12], edge_attr=[12, 6], y=0.0, custom_label=0.0, min_label=0, max_label=17, instance_name='p13.txt');0.0;2.7677009711624123e-05;1.217193766933633e-05;6.465290789492428e-05
Data(x=[23, 7], edge_index=[2, 16], edge_attr=[16, 6], y=0.0, custom_label=0.0, min_label=0, max_label=17, instance_name='p13.txt');0.0;4.058682407048764e-06;8.079902045210474e-07;3.481605745037086e-05
Data(x=[22, 7], edge_index=[2, 14], edge_attr=[14, 6], y=0.0, custom_label=0.0, min_label=0, max_label=17, instance_name='p13.txt');0.0;9.02106512512546e-06;2.6793077267939225e-06;0.14261645078659058
Data(x=[21, 7], edge_index=[2, 16], edge_attr=[16, 6], y=0.0, custom_label=0.0, min_label=0, max_label=17, instance_name='p13.txt');0.0;0.023560529574751854;1.3342259990167804e-05;0.14261645078659058
Data(x=[23, 7], edge_index=[2, 14], edge_attr=[14, 6], y=0.0, custom_label=0.0, min_label=0, max_label=17, instance_name='p13.txt');0.0;4.731453373096883e-06;1.6847928918650723e-06;4.681113239257684e-07
Data(x=[18, 7], edge_index=[2, 12], edge_attr=[12, 6], y=0.0, custom_label=0.0, min_label=0, max_label=17, instance_name='p13.txt');0.0;7.151155841711443e-06;7.366218142124126e-06;1.3632333661917073e-07
Data(x=[22, 7], edge_index=[2, 12], edge_attr=[12, 6], y=14.0, custom_label=0.8235294, min_label=0, max_label=17, instance_name='p13.txt');0.8235294222831726;0.5507170557975769;0.535115122795105;0.00016489948029629886
Data(x=[21, 7], edge_index=[2, 10], edge_attr=[10, 6], y=13.0, custom_label=0.7647059, min_label=0, max_label=17, instance_name='p13.txt');0.7647058963775635;0.5774122476577759;0.5615532398223877;0.00016489948029629886
Data(x=[22, 7], edge_index=[2, 12], edge_attr=[12, 6], y=12.0, custom_label=0.7058824, min_label=0, max_label=17, instance_name='p13.txt');0.7058823704719543;0.34337344765663147;0.3628592789173126;0.00016489948029629886
Data(x=[21, 7], edge_index=[2, 10], edge_attr=[10, 6], y=11.0, custom_label=0.64705884, min_label=0, max_label=17, instance_name='p13.txt');0.6470588445663452;0.3879067003726959;0.37135326862335205;0.00016489948029629886
Data(x=[21, 7], edge_index=[2, 10], edge_attr=[10, 6], y=10.0, custom_label=0.5882353, min_label=0, max_label=17, instance_name='p13.txt');0.5882353186607361;0.3879067003726959;0.37135326862335205;0.00016489948029629886
Data(x=[21, 7], edge_index=[2, 10], edge_attr=[10, 6], y=9.0, custom_label=0.5294118, min_label=0, max_label=17, instance_name='p13.txt');0.529411792755127;0.4136245548725128;0.3797050416469574;0.00016489948029629886
Data(x=[21, 7], edge_index=[2, 10], edge_attr=[10, 6], y=8.0, custom_label=0.47058824, min_label=0, max_label=17, instance_name='p13.txt');0.47058823704719543;0.3879067003726959;0.37135326862335205;0.00016489948029629886
Data(x=[21, 7], edge_index=[2, 10], edge_attr=[10, 6], y=7.0, custom_label=0.4117647, min_label=0, max_label=17, instance_name='p13.txt');0.4117647111415863;0.41919606924057007;0.4124367833137512;0.14261645078659058
Data(x=[21, 7], edge_index=[2, 10], edge_attr=[10, 6], y=6.0, custom_label=0.3529412, min_label=0, max_label=17, instance_name='p13.txt');0.3529411852359772;0.3879067003726959;0.37135326862335205;0.00011573643860174343
Data(x=[21, 7], edge_index=[2, 10], edge_attr=[10, 6], y=5.0, custom_label=0.29411766, min_label=0, max_label=17, instance_name='p13.txt');0.29411765933036804;0.3879067003726959;0.37135326862335205;0.00016489948029629886
Data(x=[21, 7], edge_index=[2, 10], edge_attr=[10, 6], y=4.0, custom_label=0.23529412, min_label=0, max_label=17, instance_name='p13.txt');0.23529411852359772;0.17413198947906494;0.15671491622924805;0.14261645078659058
Data(x=[21, 7], edge_index=[2, 10], edge_attr=[10, 6], y=3.0, custom_label=0.1764706, min_label=0, max_label=17, instance_name='p13.txt');0.1764705926179886;0.21498972177505493;0.17257454991340637;0.14261645078659058
Data(x=[21, 7], edge_index=[2, 10], edge_attr=[10, 6], y=2.0, custom_label=0.11764706, min_label=0, max_label=17, instance_name='p13.txt');0.11764705926179886;0.198623925447464;0.2156210094690323;0.14261645078659058
Data(x=[21, 7], edge_index=[2, 10], edge_attr=[10, 6], y=1.0, custom_label=0.05882353, min_label=0, max_label=17, instance_name='p13.txt');0.05882352963089943;0.17413198947906494;0.15671491622924805;0.14261645078659058
Data(x=[22, 7], edge_index=[2, 12], edge_attr=[12, 6], y=0.0, custom_label=0.0, min_label=0, max_label=17, instance_name='p13.txt');0.0;1.0491162356629502e-05;5.666232937073801e-06;0.14261645078659058
Data(x=[22, 7], edge_index=[2, 12], edge_attr=[12, 6], y=6.0, custom_label=0.3529412, min_label=0, max_label=17, instance_name='p13.txt');0.3529411852359772;0.411872535943985;0.4089246392250061;4.888861582230675e-08
Data(x=[22, 7], edge_index=[2, 12], edge_attr=[12, 6], y=5.0, custom_label=0.29411766, min_label=0, max_label=17, instance_name='p13.txt');0.29411765933036804;0.3886021375656128;0.3729163110256195;4.888861582230675e-08
Data(x=[23, 7], edge_index=[2, 14], edge_attr=[14, 6], y=4.0, custom_label=0.23529412, min_label=0, max_label=17, instance_name='p13.txt');0.23529411852359772;0.17195120453834534;0.09108535945415497;4.888861582230675e-08
Data(x=[22, 7], edge_index=[2, 12], edge_attr=[12, 6], y=3.0, custom_label=0.1764706, min_label=0, max_label=17, instance_name='p13.txt');0.1764705926179886;0.20215272903442383;0.14916159212589264;4.888861582230675e-08
Data(x=[22, 7], edge_index=[2, 12], edge_attr=[12, 6], y=2.0, custom_label=0.11764706, min_label=0, max_label=17, instance_name='p13.txt');0.11764705926179886;0.22819358110427856;0.22408464550971985;4.888861582230675e-08
Data(x=[22, 7], edge_index=[2, 12], edge_attr=[12, 6], y=1.0, custom_label=0.05882353, min_label=0, max_label=17, instance_name='p13.txt');0.05882352963089943;0.20215272903442383;0.14916159212589264;4.888861582230675e-08
Data(x=[23, 7], edge_index=[2, 14], edge_attr=[14, 6], y=0.0, custom_label=0.0, min_label=0, max_label=17, instance_name='p13.txt');0.0;4.731453373096883e-06;1.6847928918650723e-06;4.888861582230675e-08
Data(x=[24, 7], edge_index=[2, 12], edge_attr=[12, 6], y=5.0, custom_label=0.29411766, min_label=0, max_label=17, instance_name='p13.txt');0.29411765933036804;0.14151403307914734;0.11298023164272308;0.00020854815375059843
Data(x=[23, 7], edge_index=[2, 10], edge_attr=[10, 6], y=4.0, custom_label=0.23529412, min_label=0, max_label=17, instance_name='p13.txt');0.23529411852359772;0.16892781853675842;0.14608530700206757;0.00020854815375059843
Data(x=[23, 7], edge_index=[2, 10], edge_attr=[10, 6], y=3.0, custom_label=0.1764706, min_label=0, max_label=17, instance_name='p13.txt');0.1764705926179886;0.16892781853675842;0.14608530700206757;0.00020854815375059843
Data(x=[23, 7], edge_index=[2, 10], edge_attr=[10, 6], y=2.0, custom_label=0.11764706, min_label=0, max_label=17, instance_name='p13.txt');0.11764705926179886;0.19182813167572021;0.20434077084064484;0.00020854815375059843
Data(x=[23, 7], edge_index=[2, 10], edge_attr=[10, 6], y=1.0, custom_label=0.05882353, min_label=0, max_label=17, instance_name='p13.txt');0.05882352963089943;0.16892781853675842;0.14608530700206757;0.00020854815375059843
Data(x=[24, 7], edge_index=[2, 12], edge_attr=[12, 6], y=0.0, custom_label=0.0, min_label=0, max_label=17, instance_name='p13.txt');0.0;7.327933417400345e-06;4.095714757568203e-06;0.00020854815375059843
Data(x=[23, 7], edge_index=[2, 12], edge_attr=[12, 6], y=7.0, custom_label=0.4117647, min_label=0, max_label=17, instance_name='p13.txt');0.4117647111415863;0.38257741928100586;0.3649698793888092;3.481605745037086e-05
Data(x=[23, 7], edge_index=[2, 12], edge_attr=[12, 6], y=6.0, custom_label=0.3529412, min_label=0, max_label=17, instance_name='p13.txt');0.3529411852359772;0.38257741928100586;0.3649698793888092;3.481605745037086e-05
Data(x=[23, 7], edge_index=[2, 12], edge_attr=[12, 6], y=5.0, custom_label=0.29411766, min_label=0, max_label=17, instance_name='p13.txt');0.29411765933036804;0.38257741928100586;0.3649698793888092;3.481605745037086e-05
Data(x=[24, 7], edge_index=[2, 14], edge_attr=[14, 6], y=4.0, custom_label=0.23529412, min_label=0, max_label=17, instance_name='p13.txt');0.23529411852359772;0.19104759395122528;0.11138434708118439;3.481605745037086e-05
Data(x=[23, 7], edge_index=[2, 12], edge_attr=[12, 6], y=3.0, custom_label=0.1764706, min_label=0, max_label=17, instance_name='p13.txt');0.1764705926179886;0.21126610040664673;0.14462442696094513;3.481605745037086e-05
Data(x=[23, 7], edge_index=[2, 12], edge_attr=[12, 6], y=2.0, custom_label=0.11764706, min_label=0, max_label=17, instance_name='p13.txt');0.11764705926179886;0.23942478001117706;0.20371149480342865;0.14261645078659058
Data(x=[23, 7], edge_index=[2, 12], edge_attr=[12, 6], y=1.0, custom_label=0.05882353, min_label=0, max_label=17, instance_name='p13.txt');0.05882352963089943;0.21126610040664673;0.14462444186210632;0.00016489948029629886
Data(x=[24, 7], edge_index=[2, 14], edge_attr=[14, 6], y=0.0, custom_label=0.0, min_label=0, max_label=17, instance_name='p13.txt');0.0;2.000554923142772e-05;3.848277174256509e-06;3.481605745037086e-05
Data(x=[22, 7], edge_index=[2, 16], edge_attr=[16, 6], y=0.0, custom_label=0.0, min_label=0, max_label=17, instance_name='p13.txt');0.0;2.5437397198402323e-05;2.906691406678874e-06;0.006243646144866943
Data(x=[21, 7], edge_index=[2, 12], edge_attr=[12, 6], y=0.0, custom_label=0.0, min_label=0, max_label=17, instance_name='p13.txt');0.0;2.7677009711624123e-05;1.217193766933633e-05;0.006243646144866943
Data(x=[26, 7], edge_index=[2, 14], edge_attr=[14, 6], y=17.0, custom_label=1.0, min_label=0, max_label=17, instance_name='p13.txt');1.0;0.36190107464790344;0.3379988372325897;0.14261645078659058
Data(x=[25, 7], edge_index=[2, 12], edge_attr=[12, 6], y=16.0, custom_label=0.9411765, min_label=0, max_label=17, instance_name='p13.txt');0.9411764740943909;0.37408772110939026;0.3490368127822876;0.14261645078659058
Data(x=[25, 7], edge_index=[2, 12], edge_attr=[12, 6], y=15.0, custom_label=0.88235295, min_label=0, max_label=17, instance_name='p13.txt');0.8823529481887817;0.37408772110939026;0.3490368127822876;0.14261645078659058
Data(x=[24, 7], edge_index=[2, 10], edge_attr=[10, 6], y=14.0, custom_label=0.8235294, min_label=0, max_label=17, instance_name='p13.txt');0.8235294222831726;0.3959397077560425;0.35630685091018677;0.14261645078659058
Data(x=[24, 7], edge_index=[2, 10], edge_attr=[10, 6], y=13.0, custom_label=0.7647059, min_label=0, max_label=17, instance_name='p13.txt');0.7647058963775635;0.3959397077560425;0.35630685091018677;0.14261645078659058
Data(x=[24, 7], edge_index=[2, 10], edge_attr=[10, 6], y=12.0, custom_label=0.7058824, min_label=0, max_label=17, instance_name='p13.txt');0.7058823704719543;0.41663220524787903;0.39184659719467163;0.14261645078659058
Data(x=[24, 7], edge_index=[2, 10], edge_attr=[10, 6], y=11.0, custom_label=0.64705884, min_label=0, max_label=17, instance_name='p13.txt');0.6470588445663452;0.3959397077560425;0.35630685091018677;0.14261645078659058
Data(x=[24, 7], edge_index=[2, 10], edge_attr=[10, 6], y=10.0, custom_label=0.5882353, min_label=0, max_label=17, instance_name='p13.txt');0.5882353186607361;0.3959397077560425;0.35630685091018677;0.14261645078659058
Data(x=[24, 7], edge_index=[2, 10], edge_attr=[10, 6], y=9.0, custom_label=0.5294118, min_label=0, max_label=17, instance_name='p13.txt');0.529411792755127;0.41115954518318176;0.3647817075252533;0.14261645078659058
Data(x=[24, 7], edge_index=[2, 10], edge_attr=[10, 6], y=8.0, custom_label=0.47058824, min_label=0, max_label=17, instance_name='p13.txt');0.47058823704719543;0.3959397077560425;0.35630685091018677;0.14261645078659058
Data(x=[24, 7], edge_index=[2, 10], edge_attr=[10, 6], y=7.0, custom_label=0.4117647, min_label=0, max_label=17, instance_name='p13.txt');0.4117647111415863;0.3959397077560425;0.35630685091018677;0.14261645078659058
Data(x=[25, 7], edge_index=[2, 12], edge_attr=[12, 6], y=6.0, custom_label=0.3529412, min_label=0, max_label=17, instance_name='p13.txt');0.3529411852359772;0.19344252347946167;0.13586270809173584;0.14261645078659058
Data(x=[25, 7], edge_index=[2, 12], edge_attr=[12, 6], y=5.0, custom_label=0.29411766, min_label=0, max_label=17, instance_name='p13.txt');0.29411765933036804;0.22515249252319336;0.17274922132492065;0.14261645078659058
Data(x=[25, 7], edge_index=[2, 12], edge_attr=[12, 6], y=4.0, custom_label=0.23529412, min_label=0, max_label=17, instance_name='p13.txt');0.23529411852359772;0.19344252347946167;0.13586270809173584;0.14261645078659058
Data(x=[25, 7], edge_index=[2, 12], edge_attr=[12, 6], y=3.0, custom_label=0.1764706, min_label=0, max_label=17, instance_name='p13.txt');0.1764705926179886;0.19344253838062286;0.13586270809173584;0.14261645078659058
Data(x=[25, 7], edge_index=[2, 12], edge_attr=[12, 6], y=2.0, custom_label=0.11764706, min_label=0, max_label=17, instance_name='p13.txt');0.11764705926179886;0.21539366245269775;0.20891234278678894;0.14261645078659058
Data(x=[25, 7], edge_index=[2, 12], edge_attr=[12, 6], y=1.0, custom_label=0.05882353, min_label=0, max_label=17, instance_name='p13.txt');0.05882352963089943;0.22515249252319336;0.17274923622608185;0.14261645078659058
Data(x=[26, 7], edge_index=[2, 14], edge_attr=[14, 6], y=0.0, custom_label=0.0, min_label=0, max_label=17, instance_name='p13.txt');0.0;1.526270352769643e-05;2.9381174044829095e-06;0.14261645078659058
Data(x=[30, 7], edge_index=[2, 30], y=83.0, edge_attr=[30, 6], custom_label=1.0, min_label=0, max_label=83, instance_name='p14.txt');1.0;0.7344188094139099;0.7208527326583862;0.22874903678894043
Data(x=[30, 7], edge_index=[2, 30], y=82.0, edge_attr=[30, 6], custom_label=0.9879518, min_label=0, max_label=83, instance_name='p14.txt');0.9879518151283264;0.7344188094139099;0.7208527326583862;0.22874903678894043
Data(x=[30, 7], edge_index=[2, 30], y=81.0, edge_attr=[30, 6], custom_label=0.97590363, min_label=0, max_label=83, instance_name='p14.txt');0.9759036302566528;0.7344188094139099;0.7208527326583862;0.22874903678894043
Data(x=[30, 7], edge_index=[2, 30], y=80.0, edge_attr=[30, 6], custom_label=0.96385545, min_label=0, max_label=83, instance_name='p14.txt');0.9638554453849792;0.7344188094139099;0.7208527326583862;0.22874903678894043
Data(x=[30, 7], edge_index=[2, 30], y=79.0, edge_attr=[30, 6], custom_label=0.9518072, min_label=0, max_label=83, instance_name='p14.txt');0.9518072009086609;0.7344188094139099;0.7208527326583862;0.22874903678894043
Data(x=[30, 7], edge_index=[2, 30], y=78.0, edge_attr=[30, 6], custom_label=0.939759, min_label=0, max_label=83, instance_name='p14.txt');0.9397590160369873;0.7344188094139099;0.7208527326583862;0.22874903678894043
Data(x=[30, 7], edge_index=[2, 30], y=77.0, edge_attr=[30, 6], custom_label=0.92771083, min_label=0, max_label=83, instance_name='p14.txt');0.9277108311653137;0.7344188094139099;0.7208527326583862;0.22874903678894043
Data(x=[30, 7], edge_index=[2, 30], y=76.0, edge_attr=[30, 6], custom_label=0.91566265, min_label=0, max_label=83, instance_name='p14.txt');0.9156626462936401;0.7344188094139099;0.7208527326583862;0.22874903678894043
Data(x=[30, 7], edge_index=[2, 30], y=75.0, edge_attr=[30, 6], custom_label=0.90361446, min_label=0, max_label=83, instance_name='p14.txt');0.9036144614219666;0.7344188094139099;0.7208527326583862;0.22874903678894043
Data(x=[30, 7], edge_index=[2, 30], y=74.0, edge_attr=[30, 6], custom_label=0.8915663, min_label=0, max_label=83, instance_name='p14.txt');0.891566276550293;0.7344188094139099;0.7208527326583862;0.22874903678894043
Data(x=[30, 7], edge_index=[2, 30], y=73.0, edge_attr=[30, 6], custom_label=0.8795181, min_label=0, max_label=83, instance_name='p14.txt');0.8795180916786194;0.7344188094139099;0.7208527326583862;0.22874903678894043
Data(x=[30, 7], edge_index=[2, 30], y=72.0, edge_attr=[30, 6], custom_label=0.8674699, min_label=0, max_label=83, instance_name='p14.txt');0.8674699068069458;0.7344188094139099;0.7208527326583862;0.22874903678894043
Data(x=[30, 7], edge_index=[2, 30], y=71.0, edge_attr=[30, 6], custom_label=0.85542166, min_label=0, max_label=83, instance_name='p14.txt');0.8554216623306274;0.7344188094139099;0.7208527326583862;0.22874903678894043
Data(x=[30, 7], edge_index=[2, 30], y=70.0, edge_attr=[30, 6], custom_label=0.8433735, min_label=0, max_label=83, instance_name='p14.txt');0.8433734774589539;0.7344188094139099;0.7208527326583862;0.22874903678894043
Data(x=[30, 7], edge_index=[2, 30], y=69.0, edge_attr=[30, 6], custom_label=0.8313253, min_label=0, max_label=83, instance_name='p14.txt');0.8313252925872803;0.7344188094139099;0.7208527326583862;0.22874903678894043
Data(x=[30, 7], edge_index=[2, 30], y=68.0, edge_attr=[30, 6], custom_label=0.8192771, min_label=0, max_label=83, instance_name='p14.txt');0.8192771077156067;0.7344188094139099;0.7208527326583862;0.22874903678894043
Data(x=[30, 7], edge_index=[2, 30], y=67.0, edge_attr=[30, 6], custom_label=0.8072289, min_label=0, max_label=83, instance_name='p14.txt');0.8072289228439331;0.7344188094139099;0.7208527326583862;0.22874903678894043
Data(x=[30, 7], edge_index=[2, 30], y=66.0, edge_attr=[30, 6], custom_label=0.79518074, min_label=0, max_label=83, instance_name='p14.txt');0.7951807379722595;0.7344188094139099;0.7208527326583862;0.22874903678894043
Data(x=[30, 7], edge_index=[2, 30], y=65.0, edge_attr=[30, 6], custom_label=0.78313255, min_label=0, max_label=83, instance_name='p14.txt');0.7831325531005859;0.7344188094139099;0.7208527326583862;0.22874903678894043
Data(x=[30, 7], edge_index=[2, 30], y=64.0, edge_attr=[30, 6], custom_label=0.7710843, min_label=0, max_label=83, instance_name='p14.txt');0.7710843086242676;0.7344188094139099;0.7208527326583862;0.22874903678894043
Data(x=[30, 7], edge_index=[2, 30], y=63.0, edge_attr=[30, 6], custom_label=0.7590361, min_label=0, max_label=83, instance_name='p14.txt');0.759036123752594;0.7344188094139099;0.7208527326583862;0.22874903678894043
Data(x=[30, 7], edge_index=[2, 30], y=62.0, edge_attr=[30, 6], custom_label=0.74698794, min_label=0, max_label=83, instance_name='p14.txt');0.7469879388809204;0.7344188094139099;0.7208527326583862;0.22874903678894043
Data(x=[30, 7], edge_index=[2, 30], y=61.0, edge_attr=[30, 6], custom_label=0.73493975, min_label=0, max_label=83, instance_name='p14.txt');0.7349397540092468;0.7344188094139099;0.7208527326583862;0.22874903678894043
Data(x=[30, 7], edge_index=[2, 30], y=60.0, edge_attr=[30, 6], custom_label=0.72289157, min_label=0, max_label=83, instance_name='p14.txt');0.7228915691375732;0.7344188094139099;0.7208527326583862;0.22874903678894043
Data(x=[30, 7], edge_index=[2, 30], y=59.0, edge_attr=[30, 6], custom_label=0.7108434, min_label=0, max_label=83, instance_name='p14.txt');0.7108433842658997;0.7344188094139099;0.7208527326583862;0.22874903678894043
Data(x=[30, 7], edge_index=[2, 30], y=58.0, edge_attr=[30, 6], custom_label=0.6987952, min_label=0, max_label=83, instance_name='p14.txt');0.6987951993942261;0.7344188094139099;0.7208527326583862;0.22874903678894043
Data(x=[30, 7], edge_index=[2, 30], y=57.0, edge_attr=[30, 6], custom_label=0.686747, min_label=0, max_label=83, instance_name='p14.txt');0.6867470145225525;0.7344188094139099;0.7208527326583862;0.22874903678894043
Data(x=[30, 7], edge_index=[2, 30], y=56.0, edge_attr=[30, 6], custom_label=0.67469877, min_label=0, max_label=83, instance_name='p14.txt');0.6746987700462341;0.7344188094139099;0.7208527326583862;0.22874903678894043
Data(x=[30, 7], edge_index=[2, 30], y=55.0, edge_attr=[30, 6], custom_label=0.6626506, min_label=0, max_label=83, instance_name='p14.txt');0.6626505851745605;0.7344188094139099;0.7208527326583862;0.22874903678894043
Data(x=[30, 7], edge_index=[2, 30], y=54.0, edge_attr=[30, 6], custom_label=0.6506024, min_label=0, max_label=83, instance_name='p14.txt');0.650602400302887;0.7344188094139099;0.7208527326583862;0.22874903678894043
Data(x=[30, 7], edge_index=[2, 30], y=53.0, edge_attr=[30, 6], custom_label=0.6385542, min_label=0, max_label=83, instance_name='p14.txt');0.6385542154312134;0.7344188094139099;0.7208527326583862;0.22874903678894043
Data(x=[30, 7], edge_index=[2, 30], y=52.0, edge_attr=[30, 6], custom_label=0.62650603, min_label=0, max_label=83, instance_name='p14.txt');0.6265060305595398;0.7344188094139099;0.7208527326583862;0.22874903678894043
Data(x=[30, 7], edge_index=[2, 30], y=51.0, edge_attr=[30, 6], custom_label=0.61445785, min_label=0, max_label=83, instance_name='p14.txt');0.6144578456878662;0.7344188094139099;0.7208527326583862;0.22874903678894043
Data(x=[30, 7], edge_index=[2, 30], y=50.0, edge_attr=[30, 6], custom_label=0.60240966, min_label=0, max_label=83, instance_name='p14.txt');0.6024096608161926;0.7344188094139099;0.7208527326583862;0.22874903678894043
Data(x=[30, 7], edge_index=[2, 30], y=49.0, edge_attr=[30, 6], custom_label=0.5903614, min_label=0, max_label=83, instance_name='p14.txt');0.5903614163398743;0.7344188094139099;0.7208527326583862;0.22874903678894043
Data(x=[31, 7], edge_index=[2, 2], edge_attr=[2, 6], y=48.0, custom_label=0.57831323, min_label=0, max_label=83, instance_name='p14.txt');0.5783132314682007;0.379826158285141;0.33658745884895325;0.14261645078659058
Data(x=[31, 7], edge_index=[2, 2], edge_attr=[2, 6], y=47.0, custom_label=0.56626505, min_label=0, max_label=83, instance_name='p14.txt');0.5662650465965271;0.379826158285141;0.33658745884895325;0.14261645078659058
Data(x=[31, 7], edge_index=[2, 2], edge_attr=[2, 6], y=46.0, custom_label=0.55421686, min_label=0, max_label=83, instance_name='p14.txt');0.5542168617248535;0.379826158285141;0.33658745884895325;0.14261645078659058
Data(x=[31, 7], edge_index=[2, 2], edge_attr=[2, 6], y=45.0, custom_label=0.5421687, min_label=0, max_label=83, instance_name='p14.txt');0.5421686768531799;0.379826158285141;0.33658745884895325;0.14261645078659058
Data(x=[31, 7], edge_index=[2, 2], edge_attr=[2, 6], y=44.0, custom_label=0.5301205, min_label=0, max_label=83, instance_name='p14.txt');0.5301204919815063;0.379826158285141;0.33658745884895325;0.14261645078659058
Data(x=[31, 7], edge_index=[2, 2], edge_attr=[2, 6], y=43.0, custom_label=0.5180723, min_label=0, max_label=83, instance_name='p14.txt');0.5180723071098328;0.379826158285141;0.33658745884895325;0.14261645078659058
Data(x=[31, 7], edge_index=[2, 2], edge_attr=[2, 6], y=42.0, custom_label=0.5060241, min_label=0, max_label=83, instance_name='p14.txt');0.5060241222381592;0.379826158285141;0.33658745884895325;0.14261645078659058
Data(x=[31, 7], edge_index=[2, 2], edge_attr=[2, 6], y=41.0, custom_label=0.4939759, min_label=0, max_label=83, instance_name='p14.txt');0.4939759075641632;0.379826158285141;0.33658745884895325;0.14261645078659058
Data(x=[31, 7], edge_index=[2, 2], edge_attr=[2, 6], y=40.0, custom_label=0.48192772, min_label=0, max_label=83, instance_name='p14.txt');0.4819277226924896;0.379826158285141;0.33658745884895325;0.14261645078659058
Data(x=[31, 7], edge_index=[2, 2], edge_attr=[2, 6], y=39.0, custom_label=0.4698795, min_label=0, max_label=83, instance_name='p14.txt');0.46987950801849365;0.379826158285141;0.33658745884895325;0.14261645078659058
Data(x=[31, 7], edge_index=[2, 2], edge_attr=[2, 6], y=38.0, custom_label=0.45783132, min_label=0, max_label=83, instance_name='p14.txt');0.45783132314682007;0.379826158285141;0.33658745884895325;0.14261645078659058
Data(x=[31, 7], edge_index=[2, 2], edge_attr=[2, 6], y=37.0, custom_label=0.44578314, min_label=0, max_label=83, instance_name='p14.txt');0.4457831382751465;0.379826158285141;0.33658745884895325;0.14261645078659058
Data(x=[31, 7], edge_index=[2, 2], edge_attr=[2, 6], y=36.0, custom_label=0.43373495, min_label=0, max_label=83, instance_name='p14.txt');0.4337349534034729;0.379826158285141;0.33658745884895325;0.14261645078659058
Data(x=[31, 7], edge_index=[2, 2], edge_attr=[2, 6], y=35.0, custom_label=0.42168674, min_label=0, max_label=83, instance_name='p14.txt');0.42168673872947693;0.379826158285141;0.33658745884895325;0.14261645078659058
Data(x=[31, 7], edge_index=[2, 2], edge_attr=[2, 6], y=34.0, custom_label=0.40963855, min_label=0, max_label=83, instance_name='p14.txt');0.40963855385780334;0.379826158285141;0.33658745884895325;0.14261645078659058
Data(x=[31, 7], edge_index=[2, 2], edge_attr=[2, 6], y=33.0, custom_label=0.39759037, min_label=0, max_label=83, instance_name='p14.txt');0.39759036898612976;0.379826158285141;0.33658745884895325;0.14261645078659058
Data(x=[31, 7], edge_index=[2, 2], edge_attr=[2, 6], y=32.0, custom_label=0.38554215, min_label=0, max_label=83, instance_name='p14.txt');0.3855421543121338;0.379826158285141;0.33658745884895325;0.14261645078659058
Data(x=[31, 7], edge_index=[2, 2], edge_attr=[2, 6], y=31.0, custom_label=0.37349397, min_label=0, max_label=83, instance_name='p14.txt');0.3734939694404602;0.379826158285141;0.33658745884895325;0.14261645078659058
Data(x=[31, 7], edge_index=[2, 2], edge_attr=[2, 6], y=30.0, custom_label=0.36144578, min_label=0, max_label=83, instance_name='p14.txt');0.3614457845687866;0.379826158285141;0.33658745884895325;0.14261645078659058
Data(x=[31, 7], edge_index=[2, 2], edge_attr=[2, 6], y=29.0, custom_label=0.3493976, min_label=0, max_label=83, instance_name='p14.txt');0.34939759969711304;0.379826158285141;0.33658745884895325;0.14261645078659058
Data(x=[32, 7], edge_index=[2, 4], edge_attr=[4, 6], y=28.0, custom_label=0.33734939, min_label=0, max_label=83, instance_name='p14.txt');0.33734938502311707;0.20084340870380402;0.14202769100666046;0.14261645078659058
Data(x=[32, 7], edge_index=[2, 4], edge_attr=[4, 6], y=27.0, custom_label=0.3253012, min_label=0, max_label=83, instance_name='p14.txt');0.3253012001514435;0.20084340870380402;0.14202769100666046;0.14261645078659058
Data(x=[32, 7], edge_index=[2, 4], edge_attr=[4, 6], y=26.0, custom_label=0.31325302, min_label=0, max_label=83, instance_name='p14.txt');0.3132530152797699;0.20084340870380402;0.14202769100666046;0.14261645078659058
Data(x=[32, 7], edge_index=[2, 4], edge_attr=[4, 6], y=25.0, custom_label=0.30120483, min_label=0, max_label=83, instance_name='p14.txt');0.3012048304080963;0.20084340870380402;0.14202769100666046;0.14261645078659058
Data(x=[32, 7], edge_index=[2, 4], edge_attr=[4, 6], y=24.0, custom_label=0.28915662, min_label=0, max_label=83, instance_name='p14.txt');0.28915661573410034;0.20084340870380402;0.14202769100666046;0.14261645078659058
Data(x=[32, 7], edge_index=[2, 4], edge_attr=[4, 6], y=23.0, custom_label=0.27710843, min_label=0, max_label=83, instance_name='p14.txt');0.27710843086242676;0.20084340870380402;0.14202769100666046;0.14261645078659058
Data(x=[32, 7], edge_index=[2, 4], edge_attr=[4, 6], y=22.0, custom_label=0.26506025, min_label=0, max_label=83, instance_name='p14.txt');0.2650602459907532;0.20084340870380402;0.14202769100666046;0.14261645078659058
Data(x=[32, 7], edge_index=[2, 4], edge_attr=[4, 6], y=21.0, custom_label=0.25301206, min_label=0, max_label=83, instance_name='p14.txt');0.2530120611190796;0.20084340870380402;0.14202769100666046;0.14261645078659058
Data(x=[32, 7], edge_index=[2, 4], edge_attr=[4, 6], y=20.0, custom_label=0.24096386, min_label=0, max_label=83, instance_name='p14.txt');0.2409638613462448;0.20084340870380402;0.14202769100666046;0.14261645078659058
Data(x=[32, 7], edge_index=[2, 4], edge_attr=[4, 6], y=19.0, custom_label=0.22891566, min_label=0, max_label=83, instance_name='p14.txt');0.22891566157341003;0.20084340870380402;0.14202769100666046;0.14261645078659058
Data(x=[32, 7], edge_index=[2, 4], edge_attr=[4, 6], y=18.0, custom_label=0.21686748, min_label=0, max_label=83, instance_name='p14.txt');0.21686747670173645;0.20084340870380402;0.14202769100666046;0.14261645078659058
Data(x=[32, 7], edge_index=[2, 4], edge_attr=[4, 6], y=17.0, custom_label=0.20481928, min_label=0, max_label=83, instance_name='p14.txt');0.20481927692890167;0.20084340870380402;0.14202769100666046;0.14261645078659058
Data(x=[32, 7], edge_index=[2, 4], edge_attr=[4, 6], y=16.0, custom_label=0.19277108, min_label=0, max_label=83, instance_name='p14.txt');0.1927710771560669;0.20084340870380402;0.14202769100666046;0.14261645078659058
Data(x=[32, 7], edge_index=[2, 4], edge_attr=[4, 6], y=15.0, custom_label=0.18072289, min_label=0, max_label=83, instance_name='p14.txt');0.1807228922843933;0.20084340870380402;0.14202769100666046;0.14261645078659058
Data(x=[32, 7], edge_index=[2, 4], edge_attr=[4, 6], y=14.0, custom_label=0.16867469, min_label=0, max_label=83, instance_name='p14.txt');0.16867469251155853;0.20084340870380402;0.14202769100666046;0.14261645078659058
Data(x=[32, 7], edge_index=[2, 4], edge_attr=[4, 6], y=13.0, custom_label=0.15662651, min_label=0, max_label=83, instance_name='p14.txt');0.15662650763988495;0.20084340870380402;0.14202769100666046;0.14261645078659058
Data(x=[32, 7], edge_index=[2, 4], edge_attr=[4, 6], y=12.0, custom_label=0.14457831, min_label=0, max_label=83, instance_name='p14.txt');0.14457830786705017;0.20084340870380402;0.14202769100666046;0.14261645078659058
Data(x=[32, 7], edge_index=[2, 4], edge_attr=[4, 6], y=11.0, custom_label=0.13253012, min_label=0, max_label=83, instance_name='p14.txt');0.1325301229953766;0.20084340870380402;0.14202769100666046;0.14261645078659058
Data(x=[32, 7], edge_index=[2, 4], edge_attr=[4, 6], y=10.0, custom_label=0.12048193, min_label=0, max_label=83, instance_name='p14.txt');0.1204819306731224;0.20084340870380402;0.14202769100666046;0.14261645078659058
Data(x=[32, 7], edge_index=[2, 4], edge_attr=[4, 6], y=9.0, custom_label=0.10843374, min_label=0, max_label=83, instance_name='p14.txt');0.10843373835086823;0.20084340870380402;0.14202769100666046;0.14261645078659058
Data(x=[32, 7], edge_index=[2, 4], edge_attr=[4, 6], y=8.0, custom_label=0.09638554, min_label=0, max_label=83, instance_name='p14.txt');0.09638553857803345;0.20084340870380402;0.14202769100666046;0.14261645078659058
Data(x=[32, 7], edge_index=[2, 4], edge_attr=[4, 6], y=7.0, custom_label=0.084337346, min_label=0, max_label=83, instance_name='p14.txt');0.08433734625577927;0.20084340870380402;0.14202769100666046;0.14261645078659058
Data(x=[32, 7], edge_index=[2, 4], edge_attr=[4, 6], y=6.0, custom_label=0.072289154, min_label=0, max_label=83, instance_name='p14.txt');0.07228915393352509;0.20084340870380402;0.14202769100666046;0.14261645078659058
Data(x=[32, 7], edge_index=[2, 4], edge_attr=[4, 6], y=5.0, custom_label=0.060240965, min_label=0, max_label=83, instance_name='p14.txt');0.0602409653365612;0.20084340870380402;0.14202769100666046;0.14261645078659058
Data(x=[32, 7], edge_index=[2, 4], edge_attr=[4, 6], y=4.0, custom_label=0.04819277, min_label=0, max_label=83, instance_name='p14.txt');0.048192769289016724;0.20084340870380402;0.14202769100666046;0.14261645078659058
Data(x=[32, 7], edge_index=[2, 4], edge_attr=[4, 6], y=3.0, custom_label=0.036144577, min_label=0, max_label=83, instance_name='p14.txt');0.03614457696676254;0.20084340870380402;0.14202769100666046;0.14261645078659058
Data(x=[32, 7], edge_index=[2, 4], edge_attr=[4, 6], y=2.0, custom_label=0.024096385, min_label=0, max_label=83, instance_name='p14.txt');0.024096384644508362;0.20084340870380402;0.14202769100666046;0.14261645078659058
Data(x=[32, 7], edge_index=[2, 4], edge_attr=[4, 6], y=1.0, custom_label=0.012048192, min_label=0, max_label=83, instance_name='p14.txt');0.012048192322254181;0.20084340870380402;0.14202769100666046;0.14261645078659058
Data(x=[33, 7], edge_index=[2, 6], edge_attr=[6, 6], y=0.0, custom_label=0.0, min_label=0, max_label=83, instance_name='p14.txt');0.0;0.010691669769585133;0.00100714061409235;0.14261645078659058
Data(x=[24, 7], edge_index=[2, 10], edge_attr=[10, 6], y=0.0, custom_label=0.0, min_label=0, max_label=83, instance_name='p14.txt');0.0;0.005522297229617834;0.0004611800832208246;0.006243646144866943
Data(x=[22, 7], edge_index=[2, 10], edge_attr=[10, 6], y=0.0, custom_label=0.0, min_label=0, max_label=83, instance_name='p14.txt');0.0;0.004170620813965797;0.0004926496185362339;0.00020854815375059843
Data(x=[18, 7], edge_index=[2, 10], edge_attr=[10, 6], y=0.0, custom_label=0.0, min_label=0, max_label=83, instance_name='p14.txt');0.0;0.002034928184002638;0.0005688000819645822;6.465290789492428e-05
Data(x=[23, 7], edge_index=[2, 8], edge_attr=[8, 6], y=0.0, custom_label=0.0, min_label=0, max_label=83, instance_name='p14.txt');0.0;0.0046456302516162395;0.0009802879067137837;1.7557023966219276e-05
Data(x=[21, 7], edge_index=[2, 10], edge_attr=[10, 6], y=0.0, custom_label=0.0, min_label=0, max_label=83, instance_name='p14.txt');0.0;0.0035538645461201668;0.0005115867243148386;1.7557023966219276e-05
Data(x=[24, 7], edge_index=[2, 10], edge_attr=[10, 6], y=0.0, custom_label=0.0, min_label=0, max_label=83, instance_name='p14.txt');0.0;0.0005197052378207445;0.00010849920363398269;6.465290789492428e-05
Data(x=[21, 7], edge_index=[2, 12], edge_attr=[12, 6], y=0.0, custom_label=0.0, min_label=0, max_label=83, instance_name='p14.txt');0.0;0.00024313291942235082;4.430730041349307e-05;0.14261645078659058
Data(x=[19, 7], edge_index=[2, 16], edge_attr=[16, 6], y=0.0, custom_label=0.0, min_label=0, max_label=83, instance_name='p14.txt');0.0;0.08615311235189438;0.0008232225081883371;0.14261645078659058
Data(x=[22, 7], edge_index=[2, 10], edge_attr=[10, 6], y=0.0, custom_label=0.0, min_label=0, max_label=83, instance_name='p14.txt');0.0;0.00032836064929142594;0.00010232609929516912;0.00023004146351013333
Data(x=[23, 7], edge_index=[2, 12], edge_attr=[12, 6], y=0.0, custom_label=0.0, min_label=0, max_label=83, instance_name='p14.txt');0.0;0.0013626744039356709;9.886439511319622e-05;0.14261645078659058
Data(x=[23, 7], edge_index=[2, 8], edge_attr=[8, 6], y=0.0, custom_label=0.0, min_label=0, max_label=83, instance_name='p14.txt');0.0;0.004645632579922676;0.0009802879067137837;0.14261645078659058
Data(x=[18, 7], edge_index=[2, 6], edge_attr=[6, 6], y=0.0, custom_label=0.0, min_label=0, max_label=83, instance_name='p14.txt');0.0;0.0019336709519848228;0.0034557953476905823;0.14261645078659058
Data(x=[21, 7], edge_index=[2, 10], edge_attr=[10, 6], y=0.0, custom_label=0.0, min_label=0, max_label=83, instance_name='p14.txt');0.0;0.0002527432225178927;9.859767305897549e-05;0.14261645078659058
Data(x=[27, 7], edge_index=[2, 12], edge_attr=[12, 6], y=0.0, custom_label=0.0, min_label=0, max_label=83, instance_name='p14.txt');0.0;0.000988188199698925;6.33084709988907e-05;2.905951816956076e-07
Data(x=[22, 7], edge_index=[2, 10], edge_attr=[10, 6], y=0.0, custom_label=0.0, min_label=0, max_label=83, instance_name='p14.txt');0.0;0.00032836064929142594;0.00010232599743176252;0.006243646144866943
Data(x=[21, 7], edge_index=[2, 10], edge_attr=[10, 6], y=0.0, custom_label=0.0, min_label=0, max_label=83, instance_name='p14.txt');0.0;0.0035538645461201668;0.0005115867243148386;6.465290789492428e-05
Data(x=[29, 7], edge_index=[2, 12], edge_attr=[12, 6], y=0.0, custom_label=0.0, min_label=0, max_label=8, instance_name='p15.txt');0.0;3.594213194446638e-05;8.051609256654046e-06;0.14261645078659058
Data(x=[27, 7], edge_index=[2, 16], edge_attr=[16, 6], y=0.0, custom_label=0.0, min_label=0, max_label=8, instance_name='p15.txt');0.0;1.8723156244959682e-05;1.868252638814738e-06;0.00023004146351013333
Data(x=[33, 7], edge_index=[2, 14], edge_attr=[14, 6], y=0.0, custom_label=0.0, min_label=0, max_label=8, instance_name='p15.txt');0.0;9.871245129033923e-05;7.241511411848478e-06;0.14261645078659058
Data(x=[34, 7], edge_index=[2, 12], edge_attr=[12, 6], y=1.0, custom_label=0.125, min_label=0, max_label=8, instance_name='p15.txt');0.125;0.23180526494979858;0.1159014031291008;0.14261645078659058
Data(x=[35, 7], edge_index=[2, 14], edge_attr=[14, 6], y=0.0, custom_label=0.0, min_label=0, max_label=8, instance_name='p15.txt');0.0;0.0007185318972915411;2.370985021116212e-05;0.14261645078659058
Data(x=[29, 7], edge_index=[2, 10], edge_attr=[10, 6], y=0.0, custom_label=0.0, min_label=0, max_label=8, instance_name='p15.txt');0.0;3.353139982209541e-05;1.4211448615242261e-05;0.14261645078659058
Data(x=[34, 7], edge_index=[2, 16], edge_attr=[16, 6], y=0.0, custom_label=0.0, min_label=0, max_label=8, instance_name='p15.txt');0.0;0.00011892453767359257;4.922175321553368e-06;0.00011573643860174343
Data(x=[28, 7], edge_index=[2, 16], edge_attr=[16, 6], y=0.0, custom_label=0.0, min_label=0, max_label=8, instance_name='p15.txt');0.0;0.00017000656225718558;7.632017513969913e-06;0.14261645078659058
Data(x=[30, 7], edge_index=[2, 14], edge_attr=[14, 6], y=0.0, custom_label=0.0, min_label=0, max_label=8, instance_name='p15.txt');0.0;4.903314038529061e-05;5.179862455406692e-06;0.14261645078659058
Data(x=[36, 7], edge_index=[2, 16], edge_attr=[16, 6], y=0.0, custom_label=0.0, min_label=0, max_label=8, instance_name='p15.txt');0.0;0.00017831822333391756;6.057750852050958e-06;0.14261645078659058
Data(x=[31, 7], edge_index=[2, 14], edge_attr=[14, 6], y=3.0, custom_label=0.375, min_label=0, max_label=8, instance_name='p15.txt');0.375;0.16922320425510406;0.058466728776693344;0.14261645078659058
Data(x=[30, 7], edge_index=[2, 12], edge_attr=[12, 6], y=2.0, custom_label=0.25, min_label=0, max_label=8, instance_name='p15.txt');0.25;0.20018914341926575;0.18695753812789917;0.14261645078659058
Data(x=[30, 7], edge_index=[2, 12], edge_attr=[12, 6], y=1.0, custom_label=0.125, min_label=0, max_label=8, instance_name='p15.txt');0.125;0.23034366965293884;0.14783529937267303;0.14261645078659058
Data(x=[31, 7], edge_index=[2, 14], edge_attr=[14, 6], y=0.0, custom_label=0.0, min_label=0, max_label=8, instance_name='p15.txt');0.0;6.27179178991355e-05;5.833806426380761e-06;0.14261645078659058
Data(x=[35, 7], edge_index=[2, 14], edge_attr=[14, 6], y=2.0, custom_label=0.25, min_label=0, max_label=8, instance_name='p15.txt');0.25;0.19184736907482147;0.133469820022583;0.14261645078659058
Data(x=[34, 7], edge_index=[2, 10], edge_attr=[10, 6], y=1.0, custom_label=0.125, min_label=0, max_label=8, instance_name='p15.txt');0.125;0.15282699465751648;0.09013723582029343;0.14261645078659058
Data(x=[35, 7], edge_index=[2, 12], edge_attr=[12, 6], y=0.0, custom_label=0.0, min_label=0, max_label=8, instance_name='p15.txt');0.0;0.0001376488507958129;1.4042131624592002e-05;0.14261645078659058
Data(x=[35, 7], edge_index=[2, 10], edge_attr=[10, 6], y=0.0, custom_label=0.0, min_label=0, max_label=8, instance_name='p15.txt');0.0;0.000664363382384181;6.078932710806839e-05;0.14261645078659058
Data(x=[36, 7], edge_index=[2, 14], edge_attr=[14, 6], y=0.0, custom_label=0.0, min_label=0, max_label=8, instance_name='p15.txt');0.0;0.00039829983143135905;1.4515142538584769e-05;0.14261645078659058
Data(x=[28, 7], edge_index=[2, 16], edge_attr=[16, 6], y=0.0, custom_label=0.0, min_label=0, max_label=8, instance_name='p15.txt');0.0;2.5695890144561417e-05;2.2101296508481028e-06;0.004510927479714155
Data(x=[31, 7], edge_index=[2, 8], edge_attr=[8, 6], y=5.0, custom_label=0.625, min_label=0, max_label=8, instance_name='p15.txt');0.625;0.16695131361484528;0.11871315538883209;0.14261645078659058
Data(x=[31, 7], edge_index=[2, 8], edge_attr=[8, 6], y=4.0, custom_label=0.5, min_label=0, max_label=8, instance_name='p15.txt');0.5;0.16695131361484528;0.11871315538883209;0.14261645078659058
Data(x=[31, 7], edge_index=[2, 8], edge_attr=[8, 6], y=3.0, custom_label=0.375, min_label=0, max_label=8, instance_name='p15.txt');0.375;0.16695131361484528;0.11871315538883209;0.14261645078659058
Data(x=[31, 7], edge_index=[2, 8], edge_attr=[8, 6], y=2.0, custom_label=0.25, min_label=0, max_label=8, instance_name='p15.txt');0.25;0.16695131361484528;0.11871315538883209;0.14261645078659058
Data(x=[31, 7], edge_index=[2, 8], edge_attr=[8, 6], y=1.0, custom_label=0.125, min_label=0, max_label=8, instance_name='p15.txt');0.125;0.16695131361484528;0.11871315538883209;0.14261645078659058
Data(x=[32, 7], edge_index=[2, 10], edge_attr=[10, 6], y=0.0, custom_label=0.0, min_label=0, max_label=8, instance_name='p15.txt');0.0;0.0004210030019748956;5.420509114628658e-05;0.14261645078659058
Data(x=[28, 7], edge_index=[2, 12], edge_attr=[12, 6], y=0.0, custom_label=0.0, min_label=0, max_label=8, instance_name='p15.txt');0.0;0.0002152381930500269;2.485979530320037e-05;0.14261645078659058
Data(x=[28, 7], edge_index=[2, 10], edge_attr=[10, 6], y=0.0, custom_label=0.0, min_label=0, max_label=8, instance_name='p15.txt');0.0;0.0002004692069021985;4.477764377952553e-05;0.14261645078659058
Data(x=[34, 7], edge_index=[2, 12], edge_attr=[12, 6], y=0.0, custom_label=0.0, min_label=0, max_label=8, instance_name='p15.txt');0.0;0.0036745683755725622;0.0003656203334685415;0.14261645078659058
Data(x=[33, 7], edge_index=[2, 20], edge_attr=[20, 6], y=0.0, custom_label=0.0, min_label=0, max_label=8, instance_name='p15.txt');0.0;0.011227339506149292;2.816670894389972e-05;0.00023004146351013333
Data(x=[35, 7], edge_index=[2, 12], edge_attr=[12, 6], y=0.0, custom_label=0.0, min_label=0, max_label=8, instance_name='p15.txt');0.0;0.0001376488507958129;1.4042131624592002e-05;0.14261645078659058
Data(x=[37, 7], edge_index=[2, 16], edge_attr=[16, 6], y=0.0, custom_label=0.0, min_label=0, max_label=8, instance_name='p15.txt');0.0;0.00021479370479937643;6.663985914201476e-06;0.14261645078659058
Data(x=[30, 7], edge_index=[2, 16], edge_attr=[16, 6], y=0.0, custom_label=0.0, min_label=0, max_label=8, instance_name='p15.txt');0.0;4.562464164337143e-05;2.990790562762413e-06;0.006243646144866943
Data(x=[28, 7], edge_index=[2, 12], edge_attr=[12, 6], y=0.0, custom_label=0.0, min_label=0, max_label=8, instance_name='p15.txt');0.0;0.0017144065350294113;0.0004132418252993375;0.14261645078659058
Data(x=[28, 7], edge_index=[2, 12], edge_attr=[12, 6], y=0.0, custom_label=0.0, min_label=0, max_label=8, instance_name='p15.txt');0.0;0.0002152381930500269;2.485979530320037e-05;6.465290789492428e-05
Data(x=[27, 7], edge_index=[2, 14], edge_attr=[14, 6], y=0.0, custom_label=0.0, min_label=0, max_label=8, instance_name='p15.txt');0.0;0.00992954894900322;0.00011286129301879555;0.14261645078659058
Data(x=[27, 7], edge_index=[2, 12], edge_attr=[12, 6], y=0.0, custom_label=0.0, min_label=0, max_label=8, instance_name='p15.txt');0.0;2.029732240771409e-05;6.331519671221031e-06;1.0964547072944697e-05
Data(x=[27, 7], edge_index=[2, 10], edge_attr=[10, 6], y=0.0, custom_label=0.0, min_label=0, max_label=8, instance_name='p15.txt');0.0;0.00016147049609571695;4.231305138091557e-05;0.14261645078659058
Data(x=[39, 7], edge_index=[2, 14], edge_attr=[14, 6], y=5.0, custom_label=0.625, min_label=0, max_label=8, instance_name='p15.txt');0.625;0.2136879414319992;0.05099320784211159;0.14261645078659058
Data(x=[39, 7], edge_index=[2, 14], edge_attr=[14, 6], y=4.0, custom_label=0.5, min_label=0, max_label=8, instance_name='p15.txt');0.5;0.2136879414319992;0.05099320784211159;0.14261645078659058
Data(x=[39, 7], edge_index=[2, 14], edge_attr=[14, 6], y=3.0, custom_label=0.375, min_label=0, max_label=8, instance_name='p15.txt');0.375;0.2136879414319992;0.05099320784211159;0.14261645078659058
Data(x=[39, 7], edge_index=[2, 14], edge_attr=[14, 6], y=2.0, custom_label=0.25, min_label=0, max_label=8, instance_name='p15.txt');0.25;0.2506527602672577;0.1049417182803154;0.14261645078659058
Data(x=[39, 7], edge_index=[2, 14], edge_attr=[14, 6], y=1.0, custom_label=0.125, min_label=0, max_label=8, instance_name='p15.txt');0.125;0.25065281987190247;0.1049417182803154;0.14261645078659058
Data(x=[40, 7], edge_index=[2, 16], edge_attr=[16, 6], y=0.0, custom_label=0.0, min_label=0, max_label=8, instance_name='p15.txt');0.0;0.0003549909160938114;8.62132219481282e-06;0.14261645078659058
Data(x=[30, 7], edge_index=[2, 10], edge_attr=[10, 6], y=0.0, custom_label=0.0, min_label=0, max_label=8, instance_name='p15.txt');0.0;4.324420660850592e-05;1.5537494618911296e-05;3.481605745037086e-05
Data(x=[37, 7], edge_index=[2, 14], edge_attr=[14, 6], y=0.0, custom_label=0.0, min_label=0, max_label=8, instance_name='p15.txt');0.0;0.0009660710929892957;2.665254032763187e-05;0.14261645078659058
Data(x=[30, 7], edge_index=[2, 12], edge_attr=[12, 6], y=0.0, custom_label=0.0, min_label=0, max_label=8, instance_name='p15.txt');0.0;0.0003195211465936154;2.8628077416215092e-05;0.14261645078659058
Data(x=[32, 7], edge_index=[2, 16], edge_attr=[16, 6], y=0.0, custom_label=0.0, min_label=0, max_label=8, instance_name='p15.txt');0.0;7.539581565652043e-05;3.89702699976624e-06;0.14261645078659058
Data(x=[26, 7], edge_index=[2, 16], edge_attr=[16, 6], y=0.0, custom_label=0.0, min_label=0, max_label=8, instance_name='p15.txt');0.0;1.3345085790206213e-05;1.5566477031825343e-06;0.00023004146351013333
Data(x=[30, 7], edge_index=[2, 14], edge_attr=[14, 6], y=0.0, custom_label=0.0, min_label=0, max_label=8, instance_name='p15.txt');0.0;0.00029803687357343733;1.6529642380191945e-05;6.465290789492428e-05
Data(x=[27, 7], edge_index=[2, 12], edge_attr=[12, 6], y=0.0, custom_label=0.0, min_label=0, max_label=8, instance_name='p15.txt');0.0;2.029732240771409e-05;6.331519671221031e-06;0.00016489948029629886
Data(x=[27, 7], edge_index=[2, 10], edge_attr=[10, 6], y=1.0, custom_label=0.125, min_label=0, max_label=8, instance_name='p15.txt');0.125;0.15697269141674042;0.12688827514648438;0.14261645078659058
Data(x=[28, 7], edge_index=[2, 12], edge_attr=[12, 6], y=0.0, custom_label=0.0, min_label=0, max_label=8, instance_name='p15.txt');0.0;2.7282227165414952e-05;7.1706595008436125e-06;0.14261645078659058
Data(x=[39, 7], edge_index=[2, 16], edge_attr=[16, 6], y=0.0, custom_label=0.0, min_label=0, max_label=8, instance_name='p15.txt');0.0;0.0012368796160444617;1.940235415531788e-05;0.14261645078659058
Data(x=[36, 7], edge_index=[2, 16], edge_attr=[16, 6], y=0.0, custom_label=0.0, min_label=0, max_label=8, instance_name='p15.txt');0.0;0.00017831822333391756;6.057750852050958e-06;0.14261645078659058
Data(x=[32, 7], edge_index=[2, 10], edge_attr=[10, 6], y=0.0, custom_label=0.0, min_label=0, max_label=8, instance_name='p15.txt');0.0;6.917201972100884e-05;1.826429070206359e-05;0.14261645078659058
Data(x=[30, 7], edge_index=[2, 12], edge_attr=[12, 6], y=0.0, custom_label=0.0, min_label=0, max_label=8, instance_name='p15.txt');0.0;0.0003195211465936154;2.8628051950363442e-05;6.465290789492428e-05
Data(x=[30, 7], edge_index=[2, 16], edge_attr=[16, 6], y=0.0, custom_label=0.0, min_label=0, max_label=8, instance_name='p15.txt');0.0;4.562464164337143e-05;2.990790562762413e-06;0.14261645078659058
Data(x=[30, 7], edge_index=[2, 14], edge_attr=[14, 6], y=2.0, custom_label=0.25, min_label=0, max_label=8, instance_name='p15.txt');0.25;0.20243693888187408;0.16005592048168182;0.00020854815375059843
Data(x=[29, 7], edge_index=[2, 10], edge_attr=[10, 6], y=1.0, custom_label=0.125, min_label=0, max_label=8, instance_name='p15.txt');0.125;0.15235215425491333;0.11760538816452026;0.00020854815375059843
Data(x=[30, 7], edge_index=[2, 12], edge_attr=[12, 6], y=0.0, custom_label=0.0, min_label=0, max_label=8, instance_name='p15.txt');0.0;4.649926631827839e-05;8.971193892648444e-06;0.00020854815375059843
Data(x=[31, 7], edge_index=[2, 10], edge_attr=[10, 6], y=3.0, custom_label=0.375, min_label=0, max_label=8, instance_name='p15.txt');0.375;0.10301221907138824;0.08363869786262512;0.14261645078659058
Data(x=[30, 7], edge_index=[2, 8], edge_attr=[8, 6], y=2.0, custom_label=0.25, min_label=0, max_label=8, instance_name='p15.txt');0.25;0.12441624701023102;0.10338607430458069;0.14261645078659058
Data(x=[30, 7], edge_index=[2, 8], edge_attr=[8, 6], y=1.0, custom_label=0.125, min_label=0, max_label=8, instance_name='p15.txt');0.125;0.12441624701023102;0.10338607430458069;0.14261645078659058
Data(x=[31, 7], edge_index=[2, 10], edge_attr=[10, 6], y=0.0, custom_label=0.0, min_label=0, max_label=8, instance_name='p15.txt');0.0;5.50725162611343e-05;1.688981501501985e-05;0.14261645078659058
Data(x=[28, 7], edge_index=[2, 14], edge_attr=[14, 6], y=0.0, custom_label=0.0, min_label=0, max_label=8, instance_name='p15.txt');0.0;2.855296406778507e-05;3.980966539529618e-06;9.877203410724178e-08
Data(x=[30, 7], edge_index=[2, 14], edge_attr=[14, 6], y=0.0, custom_label=0.0, min_label=0, max_label=8, instance_name='p15.txt');0.0;0.04578876122832298;5.291022898745723e-05;0.14261645078659058
Data(x=[25, 7], edge_index=[2, 12], edge_attr=[12, 6], y=0.0, custom_label=0.0, min_label=0, max_label=8, instance_name='p15.txt');0.0;0.00010292038496118039;1.928269375639502e-05;0.14261645078659058
Data(x=[35, 7], edge_index=[2, 10], edge_attr=[10, 6], y=0.0, custom_label=0.0, min_label=0, max_label=8, instance_name='p15.txt');0.0;0.00012747406435664743;2.2484702640213072e-05;0.14261645078659058
Data(x=[30, 7], edge_index=[2, 16], edge_attr=[16, 6], y=1.0, custom_label=0.125, min_label=0, max_label=8, instance_name='p15.txt');0.125;0.2902837097644806;0.11587250977754593;0.14261645078659058
Data(x=[30, 7], edge_index=[2, 16], edge_attr=[16, 6], y=0.0, custom_label=0.0, min_label=0, max_label=8, instance_name='p15.txt');0.0;0.04116293042898178;3.055034903809428e-05;0.14261645078659058
Data(x=[31, 7], edge_index=[2, 16], edge_attr=[16, 6], y=0.0, custom_label=0.0, min_label=0, max_label=8, instance_name='p15.txt');0.0;5.921622505411506e-05;3.428577883823891e-06;0.00020854815375059843
Data(x=[34, 7], edge_index=[2, 12], edge_attr=[12, 6], y=0.0, custom_label=0.0, min_label=0, max_label=8, instance_name='p15.txt');0.0;0.0006193618755787611;3.611991269281134e-05;0.14261645078659058
Data(x=[39, 7], edge_index=[2, 12], edge_attr=[12, 6], y=0.0, custom_label=0.0, min_label=0, max_label=8, instance_name='p15.txt');0.0;0.0012336875079199672;4.51666273875162e-05;0.14261645078659058
Data(x=[31, 7], edge_index=[2, 14], edge_attr=[14, 6], y=4.0, custom_label=0.5, min_label=0, max_label=8, instance_name='p15.txt');0.5;0.16922320425510406;0.05846675485372543;6.465290789492428e-05
Data(x=[30, 7], edge_index=[2, 12], edge_attr=[12, 6], y=3.0, custom_label=0.375, min_label=0, max_label=8, instance_name='p15.txt');0.375;0.18557599186897278;0.11320360004901886;6.465290789492428e-05
Data(x=[30, 7], edge_index=[2, 12], edge_attr=[12, 6], y=2.0, custom_label=0.25, min_label=0, max_label=8, instance_name='p15.txt');0.25;0.18557599186897278;0.11320360004901886;6.465290789492428e-05
Data(x=[30, 7], edge_index=[2, 12], edge_attr=[12, 6], y=1.0, custom_label=0.125, min_label=0, max_label=8, instance_name='p15.txt');0.125;0.18557599186897278;0.11320360004901886;6.465290789492428e-05
Data(x=[31, 7], edge_index=[2, 14], edge_attr=[14, 6], y=0.0, custom_label=0.0, min_label=0, max_label=8, instance_name='p15.txt');0.0;6.271779420785606e-05;5.833806426380761e-06;6.465290789492428e-05
Data(x=[34, 7], edge_index=[2, 10], edge_attr=[10, 6], y=0.0, custom_label=0.0, min_label=0, max_label=8, instance_name='p15.txt');0.0;0.0005746386013925076;5.864191189175472e-05;0.14261645078659058
Data(x=[38, 7], edge_index=[2, 12], edge_attr=[12, 6], y=0.0, custom_label=0.0, min_label=0, max_label=8, instance_name='p15.txt');0.0;0.00023630246869288385;1.7362164726364426e-05;0.14261645078659058
Data(x=[29, 7], edge_index=[2, 14], edge_attr=[14, 6], y=0.0, custom_label=0.0, min_label=0, max_label=8, instance_name='p15.txt');0.0;3.7731355405412614e-05;4.5616829993377905e-06;0.14261645078659058
Data(x=[31, 7], edge_index=[2, 16], edge_attr=[16, 6], y=0.0, custom_label=0.0, min_label=0, max_label=8, instance_name='p15.txt');0.0;5.921622505411506e-05;3.428577883823891e-06;0.14261645078659058
Data(x=[35, 7], edge_index=[2, 14], edge_attr=[14, 6], y=0.0, custom_label=0.0, min_label=0, max_label=8, instance_name='p15.txt');0.0;0.00014958230894990265;8.769564374233596e-06;0.00011573643860174343
Data(x=[26, 7], edge_index=[2, 12], edge_attr=[12, 6], y=3.0, custom_label=0.375, min_label=0, max_label=8, instance_name='p15.txt');0.375;0.19134284555912018;0.13163436949253082;0.14261645078659058
Data(x=[25, 7], edge_index=[2, 10], edge_attr=[10, 6], y=2.0, custom_label=0.25, min_label=0, max_label=8, instance_name='p15.txt');0.25;0.21539366245269775;0.1581171154975891;0.14261645078659058
Data(x=[25, 7], edge_index=[2, 10], edge_attr=[10, 6], y=1.0, custom_label=0.125, min_label=0, max_label=8, instance_name='p15.txt');0.125;0.21539366245269775;0.1581171154975891;0.14261645078659058
Data(x=[26, 7], edge_index=[2, 12], edge_attr=[12, 6], y=0.0, custom_label=0.0, min_label=0, max_label=8, instance_name='p15.txt');0.0;0.0001344180927844718;2.112386209773831e-05;0.14261645078659058
Data(x=[35, 7], edge_index=[2, 14], edge_attr=[14, 6], y=0.0, custom_label=0.0, min_label=0, max_label=8, instance_name='p15.txt');0.0;0.0007185318972915411;2.370985021116212e-05;0.14261645078659058
Data(x=[37, 7], edge_index=[2, 12], edge_attr=[12, 6], y=0.0, custom_label=0.0, min_label=0, max_label=8, instance_name='p15.txt');0.0;0.00019876497390214354;1.6238311218330637e-05;0.00023004146351013333
Data(x=[29, 7], edge_index=[2, 14], edge_attr=[14, 6], y=0.0, custom_label=0.0, min_label=0, max_label=8, instance_name='p15.txt');0.0;9.198160842061043e-05;7.646895028301515e-06;0.14261645078659058
Data(x=[37, 7], edge_index=[2, 14], edge_attr=[14, 6], y=3.0, custom_label=0.375, min_label=0, max_label=8, instance_name='p15.txt');0.375;0.17094947397708893;0.03500133380293846;0.14261645078659058
Data(x=[36, 7], edge_index=[2, 12], edge_attr=[12, 6], y=2.0, custom_label=0.25, min_label=0, max_label=8, instance_name='p15.txt');0.25;0.18680207431316376;0.08006273210048676;0.14261645078659058
Data(x=[36, 7], edge_index=[2, 12], edge_attr=[12, 6], y=1.0, custom_label=0.125, min_label=0, max_label=8, instance_name='p15.txt');0.125;0.18680207431316376;0.08006273210048676;0.14261645078659058
Data(x=[37, 7], edge_index=[2, 14], edge_attr=[14, 6], y=0.0, custom_label=0.0, min_label=0, max_label=8, instance_name='p15.txt');0.0;0.0002178320864913985;1.0402504813100677e-05;0.14261645078659058
Data(x=[30, 7], edge_index=[2, 16], edge_attr=[16, 6], y=0.0, custom_label=0.0, min_label=0, max_label=8, instance_name='p15.txt');0.0;4.562464164337143e-05;2.990790562762413e-06;0.004510927479714155
Data(x=[38, 7], edge_index=[2, 14], edge_attr=[14, 6], y=0.0, custom_label=0.0, min_label=0, max_label=8, instance_name='p15.txt');0.0;0.00025883549824357033;1.1253564480284695e-05;0.14261645078659058
Data(x=[34, 7], edge_index=[2, 14], edge_attr=[14, 6], y=0.0, custom_label=0.0, min_label=0, max_label=8, instance_name='p15.txt');0.0;0.00012196657189633697;7.991466191015206e-06;3.481605745037086e-05
Data(x=[27, 7], edge_index=[2, 12], edge_attr=[12, 6], y=0.0, custom_label=0.0, min_label=0, max_label=8, instance_name='p15.txt');0.0;0.00017283471242990345;2.2985037503531203e-05;0.14261645078659058
Data(x=[32, 7], edge_index=[2, 10], edge_attr=[10, 6], y=8.0, custom_label=1.0, min_label=0, max_label=8, instance_name='p15.txt');1.0;0.2981905937194824;0.28731536865234375;0.14261645078659058
Data(x=[32, 7], edge_index=[2, 10], edge_attr=[10, 6], y=7.0, custom_label=0.875, min_label=0, max_label=8, instance_name='p15.txt');0.875;0.2981905937194824;0.28731536865234375;0.14261645078659058
Data(x=[32, 7], edge_index=[2, 10], edge_attr=[10, 6], y=6.0, custom_label=0.75, min_label=0, max_label=8, instance_name='p15.txt');0.75;0.2981905937194824;0.28731536865234375;0.14261645078659058
Data(x=[32, 7], edge_index=[2, 10], edge_attr=[10, 6], y=5.0, custom_label=0.625, min_label=0, max_label=8, instance_name='p15.txt');0.625;0.2981905937194824;0.28731539845466614;0.14261645078659058
Data(x=[32, 7], edge_index=[2, 10], edge_attr=[10, 6], y=4.0, custom_label=0.5, min_label=0, max_label=8, instance_name='p15.txt');0.5;0.3126821517944336;0.3271964192390442;0.14261645078659058
Data(x=[32, 7], edge_index=[2, 10], edge_attr=[10, 6], y=3.0, custom_label=0.375, min_label=0, max_label=8, instance_name='p15.txt');0.375;0.3126821517944336;0.3271964490413666;0.14261645078659058
Data(x=[32, 7], edge_index=[2, 10], edge_attr=[10, 6], y=2.0, custom_label=0.25, min_label=0, max_label=8, instance_name='p15.txt');0.25;0.2981905937194824;0.28731539845466614;0.14261645078659058
Data(x=[33, 7], edge_index=[2, 12], edge_attr=[12, 6], y=1.0, custom_label=0.125, min_label=0, max_label=8, instance_name='p15.txt');0.125;0.2324094921350479;0.13133616745471954;0.14261645078659058
Data(x=[33, 7], edge_index=[2, 12], edge_attr=[12, 6], y=0.0, custom_label=0.0, min_label=0, max_label=8, instance_name='p15.txt');0.0;0.0032716356217861176;0.00037200585938990116;0.14261645078659058
Data(x=[42, 7], edge_index=[2, 42], y=146.0, edge_attr=[42, 6], custom_label=1.0, min_label=0, max_label=146, instance_name='p16.txt');1.0;0.6703572273254395;0.6589247584342957;0.22874903678894043
Data(x=[42, 7], edge_index=[2, 42], y=145.0, edge_attr=[42, 6], custom_label=0.9931507, min_label=0, max_label=146, instance_name='p16.txt');0.9931507110595703;0.6703572273254395;0.6589247584342957;0.22874903678894043
Data(x=[42, 7], edge_index=[2, 42], y=144.0, edge_attr=[42, 6], custom_label=0.98630136, min_label=0, max_label=146, instance_name='p16.txt');0.9863013625144958;0.6703572273254395;0.6589247584342957;0.22874903678894043
Data(x=[42, 7], edge_index=[2, 42], y=143.0, edge_attr=[42, 6], custom_label=0.9794521, min_label=0, max_label=146, instance_name='p16.txt');0.9794520735740662;0.6703572273254395;0.6589247584342957;0.22874903678894043
Data(x=[42, 7], edge_index=[2, 42], y=142.0, edge_attr=[42, 6], custom_label=0.9726027, min_label=0, max_label=146, instance_name='p16.txt');0.9726027250289917;0.6703572273254395;0.6589247584342957;0.22874903678894043
Data(x=[42, 7], edge_index=[2, 42], y=141.0, edge_attr=[42, 6], custom_label=0.96575344, min_label=0, max_label=146, instance_name='p16.txt');0.965753436088562;0.6703572273254395;0.6589247584342957;0.22874903678894043
Data(x=[42, 7], edge_index=[2, 42], y=140.0, edge_attr=[42, 6], custom_label=0.9589041, min_label=0, max_label=146, instance_name='p16.txt');0.9589040875434875;0.6703572273254395;0.6589247584342957;0.22874903678894043
Data(x=[42, 7], edge_index=[2, 42], y=139.0, edge_attr=[42, 6], custom_label=0.9520548, min_label=0, max_label=146, instance_name='p16.txt');0.9520547986030579;0.6703572273254395;0.6589247584342957;0.22874903678894043
Data(x=[42, 7], edge_index=[2, 42], y=138.0, edge_attr=[42, 6], custom_label=0.94520545, min_label=0, max_label=146, instance_name='p16.txt');0.9452054500579834;0.6703572273254395;0.6589247584342957;0.22874903678894043
Data(x=[42, 7], edge_index=[2, 42], y=137.0, edge_attr=[42, 6], custom_label=0.93835616, min_label=0, max_label=146, instance_name='p16.txt');0.9383561611175537;0.6703572273254395;0.6589247584342957;0.22874903678894043
Data(x=[42, 7], edge_index=[2, 42], y=136.0, edge_attr=[42, 6], custom_label=0.9315069, min_label=0, max_label=146, instance_name='p16.txt');0.931506872177124;0.6703572273254395;0.6589247584342957;0.22874903678894043
Data(x=[42, 7], edge_index=[2, 42], y=135.0, edge_attr=[42, 6], custom_label=0.9246575, min_label=0, max_label=146, instance_name='p16.txt');0.9246575236320496;0.6703572273254395;0.6589247584342957;0.22874903678894043
Data(x=[42, 7], edge_index=[2, 42], y=134.0, edge_attr=[42, 6], custom_label=0.91780823, min_label=0, max_label=146, instance_name='p16.txt');0.9178082346916199;0.6703572273254395;0.6589247584342957;0.22874903678894043
Data(x=[42, 7], edge_index=[2, 42], y=133.0, edge_attr=[42, 6], custom_label=0.9109589, min_label=0, max_label=146, instance_name='p16.txt');0.9109588861465454;0.6703572273254395;0.6589247584342957;0.22874903678894043
Data(x=[42, 7], edge_index=[2, 42], y=132.0, edge_attr=[42, 6], custom_label=0.9041096, min_label=0, max_label=146, instance_name='p16.txt');0.9041095972061157;0.6703572273254395;0.6589247584342957;0.22874903678894043
Data(x=[42, 7], edge_index=[2, 42], y=131.0, edge_attr=[42, 6], custom_label=0.89726025, min_label=0, max_label=146, instance_name='p16.txt');0.8972602486610413;0.6703572273254395;0.6589247584342957;0.22874903678894043
Data(x=[42, 7], edge_index=[2, 42], y=130.0, edge_attr=[42, 6], custom_label=0.89041096, min_label=0, max_label=146, instance_name='p16.txt');0.8904109597206116;0.6703572273254395;0.6589247584342957;0.22874903678894043
Data(x=[42, 7], edge_index=[2, 42], y=129.0, edge_attr=[42, 6], custom_label=0.8835617, min_label=0, max_label=146, instance_name='p16.txt');0.8835616707801819;0.6703572273254395;0.6589247584342957;0.22874903678894043
Data(x=[42, 7], edge_index=[2, 42], y=128.0, edge_attr=[42, 6], custom_label=0.8767123, min_label=0, max_label=146, instance_name='p16.txt');0.8767123222351074;0.6703572273254395;0.6589247584342957;0.22874903678894043
Data(x=[42, 7], edge_index=[2, 42], y=127.0, edge_attr=[42, 6], custom_label=0.86986303, min_label=0, max_label=146, instance_name='p16.txt');0.8698630332946777;0.6703572273254395;0.6589247584342957;0.22874903678894043
Data(x=[42, 7], edge_index=[2, 42], y=126.0, edge_attr=[42, 6], custom_label=0.8630137, min_label=0, max_label=146, instance_name='p16.txt');0.8630136847496033;0.6703572273254395;0.6589247584342957;0.22874903678894043
Data(x=[42, 7], edge_index=[2, 42], y=125.0, edge_attr=[42, 6], custom_label=0.8561644, min_label=0, max_label=146, instance_name='p16.txt');0.8561643958091736;0.6703572273254395;0.6589247584342957;0.22874903678894043
Data(x=[43, 7], edge_index=[2, 2], edge_attr=[2, 6], y=124.0, custom_label=0.84931505, min_label=0, max_label=146, instance_name='p16.txt');0.8493150472640991;0.3523321747779846;0.24198921024799347;0.14261645078659058
Data(x=[42, 7], edge_index=[2, 42], y=123.0, edge_attr=[42, 6], custom_label=0.84246576, min_label=0, max_label=146, instance_name='p16.txt');0.8424657583236694;0.6703572273254395;0.6589247584342957;0.22874903678894043
Data(x=[42, 7], edge_index=[2, 42], y=122.0, edge_attr=[42, 6], custom_label=0.8356164, min_label=0, max_label=146, instance_name='p16.txt');0.835616409778595;0.6703572273254395;0.6589247584342957;0.22874903678894043
Data(x=[42, 7], edge_index=[2, 42], y=121.0, edge_attr=[42, 6], custom_label=0.8287671, min_label=0, max_label=146, instance_name='p16.txt');0.8287671208381653;0.6703572273254395;0.6589247584342957;0.22874903678894043
Data(x=[42, 7], edge_index=[2, 42], y=120.0, edge_attr=[42, 6], custom_label=0.82191783, min_label=0, max_label=146, instance_name='p16.txt');0.8219178318977356;0.6703572273254395;0.6589247584342957;0.22874903678894043
Data(x=[42, 7], edge_index=[2, 42], y=119.0, edge_attr=[42, 6], custom_label=0.8150685, min_label=0, max_label=146, instance_name='p16.txt');0.8150684833526611;0.6703572273254395;0.6589247584342957;0.22874903678894043
Data(x=[42, 7], edge_index=[2, 42], y=118.0, edge_attr=[42, 6], custom_label=0.8082192, min_label=0, max_label=146, instance_name='p16.txt');0.8082191944122314;0.6703572273254395;0.6589247584342957;0.22874903678894043
Data(x=[42, 7], edge_index=[2, 42], y=117.0, edge_attr=[42, 6], custom_label=0.80136985, min_label=0, max_label=146, instance_name='p16.txt');0.801369845867157;0.6703572273254395;0.6589247584342957;0.22874903678894043
Data(x=[42, 7], edge_index=[2, 42], y=116.0, edge_attr=[42, 6], custom_label=0.79452056, min_label=0, max_label=146, instance_name='p16.txt');0.7945205569267273;0.6703572273254395;0.6589247584342957;0.22874903678894043
Data(x=[42, 7], edge_index=[2, 42], y=115.0, edge_attr=[42, 6], custom_label=0.7876712, min_label=0, max_label=146, instance_name='p16.txt');0.7876712083816528;0.6703572273254395;0.6589247584342957;0.22874903678894043
Data(x=[42, 7], edge_index=[2, 42], y=114.0, edge_attr=[42, 6], custom_label=0.7808219, min_label=0, max_label=146, instance_name='p16.txt');0.7808219194412231;0.6703572273254395;0.6589247584342957;0.22874903678894043
Data(x=[42, 7], edge_index=[2, 42], y=113.0, edge_attr=[42, 6], custom_label=0.77397263, min_label=0, max_label=146, instance_name='p16.txt');0.7739726305007935;0.6703572273254395;0.6589247584342957;0.22874903678894043
Data(x=[42, 7], edge_index=[2, 42], y=112.0, edge_attr=[42, 6], custom_label=0.7671233, min_label=0, max_label=146, instance_name='p16.txt');0.767123281955719;0.6703572273254395;0.6589247584342957;0.22874903678894043
Data(x=[42, 7], edge_index=[2, 42], y=111.0, edge_attr=[42, 6], custom_label=0.760274, min_label=0, max_label=146, instance_name='p16.txt');0.7602739930152893;0.6703572273254395;0.6589247584342957;0.22874903678894043
Data(x=[42, 7], edge_index=[2, 42], y=110.0, edge_attr=[42, 6], custom_label=0.75342464, min_label=0, max_label=146, instance_name='p16.txt');0.7534246444702148;0.6703572273254395;0.6589247584342957;0.22874903678894043
Data(x=[42, 7], edge_index=[2, 42], y=109.0, edge_attr=[42, 6], custom_label=0.74657536, min_label=0, max_label=146, instance_name='p16.txt');0.7465753555297852;0.6703572273254395;0.6589247584342957;0.22874903678894043
Data(x=[42, 7], edge_index=[2, 42], y=108.0, edge_attr=[42, 6], custom_label=0.739726, min_label=0, max_label=146, instance_name='p16.txt');0.7397260069847107;0.6703572273254395;0.6589247584342957;0.22874903678894043
Data(x=[42, 7], edge_index=[2, 42], y=107.0, edge_attr=[42, 6], custom_label=0.7328767, min_label=0, max_label=146, instance_name='p16.txt');0.732876718044281;0.6703572273254395;0.6589247584342957;0.22874903678894043
Data(x=[42, 7], edge_index=[2, 42], y=106.0, edge_attr=[42, 6], custom_label=0.72602737, min_label=0, max_label=146, instance_name='p16.txt');0.7260273694992065;0.6703572273254395;0.6589247584342957;0.22874903678894043
Data(x=[42, 7], edge_index=[2, 42], y=105.0, edge_attr=[42, 6], custom_label=0.7191781, min_label=0, max_label=146, instance_name='p16.txt');0.7191780805587769;0.6703572273254395;0.6589247584342957;0.22874903678894043
Data(x=[42, 7], edge_index=[2, 42], y=104.0, edge_attr=[42, 6], custom_label=0.7123288, min_label=0, max_label=146, instance_name='p16.txt');0.7123287916183472;0.6703572273254395;0.6589247584342957;0.22874903678894043
Data(x=[42, 7], edge_index=[2, 42], y=103.0, edge_attr=[42, 6], custom_label=0.70547944, min_label=0, max_label=146, instance_name='p16.txt');0.7054794430732727;0.6703572273254395;0.6589247584342957;0.22874903678894043
Data(x=[42, 7], edge_index=[2, 42], y=102.0, edge_attr=[42, 6], custom_label=0.69863015, min_label=0, max_label=146, instance_name='p16.txt');0.698630154132843;0.6703572273254395;0.6589247584342957;0.22874903678894043
Data(x=[42, 7], edge_index=[2, 42], y=101.0, edge_attr=[42, 6], custom_label=0.6917808, min_label=0, max_label=146, instance_name='p16.txt');0.6917808055877686;0.6703572273254395;0.6589247584342957;0.22874903678894043
Data(x=[42, 7], edge_index=[2, 42], y=100.0, edge_attr=[42, 6], custom_label=0.6849315, min_label=0, max_label=146, instance_name='p16.txt');0.6849315166473389;0.6703572273254395;0.6589247584342957;0.22874903678894043
Data(x=[42, 7], edge_index=[2, 42], y=99.0, edge_attr=[42, 6], custom_label=0.67808217, min_label=0, max_label=146, instance_name='p16.txt');0.6780821681022644;0.6703572273254395;0.6589247584342957;0.22874903678894043
Data(x=[42, 7], edge_index=[2, 42], y=98.0, edge_attr=[42, 6], custom_label=0.6712329, min_label=0, max_label=146, instance_name='p16.txt');0.6712328791618347;0.6703572273254395;0.6589247584342957;0.22874903678894043
Data(x=[42, 7], edge_index=[2, 42], y=97.0, edge_attr=[42, 6], custom_label=0.6643836, min_label=0, max_label=146, instance_name='p16.txt');0.664383590221405;0.6703572273254395;0.6589247584342957;0.22874903678894043
Data(x=[42, 7], edge_index=[2, 42], y=96.0, edge_attr=[42, 6], custom_label=0.65753424, min_label=0, max_label=146, instance_name='p16.txt');0.6575342416763306;0.6703572273254395;0.6589247584342957;0.22874903678894043
Data(x=[42, 7], edge_index=[2, 42], y=95.0, edge_attr=[42, 6], custom_label=0.65068495, min_label=0, max_label=146, instance_name='p16.txt');0.6506849527359009;0.6703572273254395;0.6589247584342957;0.22874903678894043
Data(x=[42, 7], edge_index=[2, 42], y=94.0, edge_attr=[42, 6], custom_label=0.6438356, min_label=0, max_label=146, instance_name='p16.txt');0.6438356041908264;0.6703572273254395;0.6589247584342957;0.22874903678894043
Data(x=[42, 7], edge_index=[2, 42], y=93.0, edge_attr=[42, 6], custom_label=0.6369863, min_label=0, max_label=146, instance_name='p16.txt');0.6369863152503967;0.6703572273254395;0.6589247584342957;0.22874903678894043
Data(x=[42, 7], edge_index=[2, 42], y=92.0, edge_attr=[42, 6], custom_label=0.63013697, min_label=0, max_label=146, instance_name='p16.txt');0.6301369667053223;0.6703572273254395;0.6589247584342957;0.22874903678894043
Data(x=[42, 7], edge_index=[2, 42], y=91.0, edge_attr=[42, 6], custom_label=0.6232877, min_label=0, max_label=146, instance_name='p16.txt');0.6232876777648926;0.6703572273254395;0.6589247584342957;0.22874903678894043
Data(x=[42, 7], edge_index=[2, 42], y=90.0, edge_attr=[42, 6], custom_label=0.6164383, min_label=0, max_label=146, instance_name='p16.txt');0.6164383292198181;0.6703572273254395;0.6589247584342957;0.22874903678894043
Data(x=[42, 7], edge_index=[2, 42], y=89.0, edge_attr=[42, 6], custom_label=0.60958904, min_label=0, max_label=146, instance_name='p16.txt');0.6095890402793884;0.6703572273254395;0.6589247584342957;0.22874903678894043
Data(x=[42, 7], edge_index=[2, 42], y=88.0, edge_attr=[42, 6], custom_label=0.60273975, min_label=0, max_label=146, instance_name='p16.txt');0.6027397513389587;0.6703572273254395;0.6589247584342957;0.22874903678894043
Data(x=[42, 7], edge_index=[2, 42], y=87.0, edge_attr=[42, 6], custom_label=0.5958904, min_label=0, max_label=146, instance_name='p16.txt');0.5958904027938843;0.6703572273254395;0.6589247584342957;0.22874903678894043
Data(x=[42, 7], edge_index=[2, 42], y=86.0, edge_attr=[42, 6], custom_label=0.5890411, min_label=0, max_label=146, instance_name='p16.txt');0.5890411138534546;0.6703572273254395;0.6589247584342957;0.22874903678894043
Data(x=[42, 7], edge_index=[2, 42], y=85.0, edge_attr=[42, 6], custom_label=0.58219177, min_label=0, max_label=146, instance_name='p16.txt');0.5821917653083801;0.6703572273254395;0.6589247584342957;0.22874903678894043
Data(x=[42, 7], edge_index=[2, 42], y=84.0, edge_attr=[42, 6], custom_label=0.5753425, min_label=0, max_label=146, instance_name='p16.txt');0.5753424763679504;0.6703572273254395;0.6589247584342957;0.22874903678894043
Data(x=[42, 7], edge_index=[2, 42], y=83.0, edge_attr=[42, 6], custom_label=0.5684931, min_label=0, max_label=146, instance_name='p16.txt');0.568493127822876;0.6703572273254395;0.6589247584342957;0.22874903678894043
Data(x=[42, 7], edge_index=[2, 42], y=82.0, edge_attr=[42, 6], custom_label=0.56164384, min_label=0, max_label=146, instance_name='p16.txt');0.5616438388824463;0.6703572273254395;0.6589247584342957;0.22874903678894043
Data(x=[42, 7], edge_index=[2, 42], y=81.0, edge_attr=[42, 6], custom_label=0.55479455, min_label=0, max_label=146, instance_name='p16.txt');0.5547945499420166;0.6703572273254395;0.6589247584342957;0.22874903678894043
Data(x=[42, 7], edge_index=[2, 42], y=80.0, edge_attr=[42, 6], custom_label=0.5479452, min_label=0, max_label=146, instance_name='p16.txt');0.5479452013969421;0.6703572273254395;0.6589247584342957;0.22874903678894043
Data(x=[42, 7], edge_index=[2, 42], y=79.0, edge_attr=[42, 6], custom_label=0.5410959, min_label=0, max_label=146, instance_name='p16.txt');0.5410959124565125;0.6703572273254395;0.6589247584342957;0.22874903678894043
Data(x=[42, 7], edge_index=[2, 42], y=78.0, edge_attr=[42, 6], custom_label=0.53424656, min_label=0, max_label=146, instance_name='p16.txt');0.534246563911438;0.6703572273254395;0.6589247584342957;0.22874903678894043
Data(x=[42, 7], edge_index=[2, 42], y=77.0, edge_attr=[42, 6], custom_label=0.5273973, min_label=0, max_label=146, instance_name='p16.txt');0.5273972749710083;0.6703572273254395;0.6589247584342957;0.22874903678894043
Data(x=[42, 7], edge_index=[2, 42], y=76.0, edge_attr=[42, 6], custom_label=0.5205479, min_label=0, max_label=146, instance_name='p16.txt');0.5205479264259338;0.6703572273254395;0.6589247584342957;0.22874903678894043
Data(x=[42, 7], edge_index=[2, 42], y=75.0, edge_attr=[42, 6], custom_label=0.51369864, min_label=0, max_label=146, instance_name='p16.txt');0.5136986374855042;0.6703572273254395;0.6589247584342957;0.22874903678894043
Data(x=[42, 7], edge_index=[2, 42], y=74.0, edge_attr=[42, 6], custom_label=0.5068493, min_label=0, max_label=146, instance_name='p16.txt');0.5068492889404297;0.6703572273254395;0.6589247584342957;0.22874903678894043
Data(x=[42, 7], edge_index=[2, 42], y=73.0, edge_attr=[42, 6], custom_label=0.5, min_label=0, max_label=146, instance_name='p16.txt');0.5;0.6703572273254395;0.6589247584342957;0.22874903678894043
Data(x=[43, 7], edge_index=[2, 2], edge_attr=[2, 6], y=72.0, custom_label=0.49315068, min_label=0, max_label=146, instance_name='p16.txt');0.4931506812572479;0.3523321747779846;0.24198921024799347;0.14261645078659058
Data(x=[42, 7], edge_index=[2, 42], y=71.0, edge_attr=[42, 6], custom_label=0.48630136, min_label=0, max_label=146, instance_name='p16.txt');0.48630136251449585;0.6703572273254395;0.6589247584342957;0.22874903678894043
Data(x=[42, 7], edge_index=[2, 42], y=70.0, edge_attr=[42, 6], custom_label=0.47945204, min_label=0, max_label=146, instance_name='p16.txt');0.4794520437717438;0.6703572273254395;0.6589247584342957;0.22874903678894043
Data(x=[42, 7], edge_index=[2, 42], y=69.0, edge_attr=[42, 6], custom_label=0.47260273, min_label=0, max_label=146, instance_name='p16.txt');0.4726027250289917;0.6703572273254395;0.6589247584342957;0.22874903678894043
Data(x=[42, 7], edge_index=[2, 42], y=68.0, edge_attr=[42, 6], custom_label=0.46575344, min_label=0, max_label=146, instance_name='p16.txt');0.465753436088562;0.6703572273254395;0.6589247584342957;0.22874903678894043
Data(x=[42, 7], edge_index=[2, 42], y=67.0, edge_attr=[42, 6], custom_label=0.45890412, min_label=0, max_label=146, instance_name='p16.txt');0.45890411734580994;0.6703572273254395;0.6589247584342957;0.22874903678894043
Data(x=[42, 7], edge_index=[2, 42], y=66.0, edge_attr=[42, 6], custom_label=0.4520548, min_label=0, max_label=146, instance_name='p16.txt');0.45205479860305786;0.6703572273254395;0.6589247584342957;0.22874903678894043
Data(x=[42, 7], edge_index=[2, 42], y=65.0, edge_attr=[42, 6], custom_label=0.44520548, min_label=0, max_label=146, instance_name='p16.txt');0.4452054798603058;0.6703572273254395;0.6589247584342957;0.22874903678894043
Data(x=[42, 7], edge_index=[2, 42], y=64.0, edge_attr=[42, 6], custom_label=0.43835616, min_label=0, max_label=146, instance_name='p16.txt');0.4383561611175537;0.6703572273254395;0.6589247584342957;0.22874903678894043
Data(x=[42, 7], edge_index=[2, 42], y=63.0, edge_attr=[42, 6], custom_label=0.43150684, min_label=0, max_label=146, instance_name='p16.txt');0.43150684237480164;0.6703572273254395;0.6589247584342957;0.22874903678894043
Data(x=[42, 7], edge_index=[2, 42], y=62.0, edge_attr=[42, 6], custom_label=0.42465752, min_label=0, max_label=146, instance_name='p16.txt');0.42465752363204956;0.6703572273254395;0.6589247584342957;0.22874903678894043
Data(x=[42, 7], edge_index=[2, 42], y=61.0, edge_attr=[42, 6], custom_label=0.4178082, min_label=0, max_label=146, instance_name='p16.txt');0.4178082048892975;0.6703572273254395;0.6589247584342957;0.22874903678894043
Data(x=[42, 7], edge_index=[2, 42], y=60.0, edge_attr=[42, 6], custom_label=0.41095892, min_label=0, max_label=146, instance_name='p16.txt');0.4109589159488678;0.6703572273254395;0.6589247584342957;0.22874903678894043
Data(x=[42, 7], edge_index=[2, 42], y=59.0, edge_attr=[42, 6], custom_label=0.4041096, min_label=0, max_label=146, instance_name='p16.txt');0.4041095972061157;0.6703572273254395;0.6589247584342957;0.22874903678894043
Data(x=[42, 7], edge_index=[2, 42], y=58.0, edge_attr=[42, 6], custom_label=0.39726028, min_label=0, max_label=146, instance_name='p16.txt');0.39726027846336365;0.6703572273254395;0.6589247584342957;0.22874903678894043
Data(x=[42, 7], edge_index=[2, 42], y=57.0, edge_attr=[42, 6], custom_label=0.39041096, min_label=0, max_label=146, instance_name='p16.txt');0.3904109597206116;0.6703572273254395;0.6589247584342957;0.22874903678894043
Data(x=[42, 7], edge_index=[2, 42], y=56.0, edge_attr=[42, 6], custom_label=0.38356164, min_label=0, max_label=146, instance_name='p16.txt');0.3835616409778595;0.6703572273254395;0.6589247584342957;0.22874903678894043
Data(x=[42, 7], edge_index=[2, 42], y=55.0, edge_attr=[42, 6], custom_label=0.37671232, min_label=0, max_label=146, instance_name='p16.txt');0.3767123222351074;0.6703572273254395;0.6589247584342957;0.22874903678894043
Data(x=[42, 7], edge_index=[2, 42], y=54.0, edge_attr=[42, 6], custom_label=0.369863, min_label=0, max_label=146, instance_name='p16.txt');0.36986300349235535;0.6703572273254395;0.6589247584342957;0.22874903678894043
Data(x=[42, 7], edge_index=[2, 42], y=53.0, edge_attr=[42, 6], custom_label=0.36301368, min_label=0, max_label=146, instance_name='p16.txt');0.36301368474960327;0.6703572273254395;0.6589247584342957;0.22874903678894043
Data(x=[42, 7], edge_index=[2, 42], y=52.0, edge_attr=[42, 6], custom_label=0.3561644, min_label=0, max_label=146, instance_name='p16.txt');0.3561643958091736;0.6703572273254395;0.6589247584342957;0.22874903678894043
Data(x=[42, 7], edge_index=[2, 42], y=51.0, edge_attr=[42, 6], custom_label=0.34931508, min_label=0, max_label=146, instance_name='p16.txt');0.3493150770664215;0.6703572273254395;0.6589247584342957;0.22874903678894043
Data(x=[42, 7], edge_index=[2, 42], y=50.0, edge_attr=[42, 6], custom_label=0.34246576, min_label=0, max_label=146, instance_name='p16.txt');0.34246575832366943;0.6703572273254395;0.6589247584342957;0.22874903678894043
Data(x=[42, 7], edge_index=[2, 42], y=49.0, edge_attr=[42, 6], custom_label=0.33561644, min_label=0, max_label=146, instance_name='p16.txt');0.33561643958091736;0.6703572273254395;0.6589247584342957;0.22874903678894043
Data(x=[43, 7], edge_index=[2, 2], edge_attr=[2, 6], y=48.0, custom_label=0.32876712, min_label=0, max_label=146, instance_name='p16.txt');0.3287671208381653;0.3523321747779846;0.24198921024799347;0.14261645078659058
Data(x=[42, 7], edge_index=[2, 42], y=47.0, edge_attr=[42, 6], custom_label=0.3219178, min_label=0, max_label=146, instance_name='p16.txt');0.3219178020954132;0.6703572273254395;0.6589247584342957;0.22874903678894043
Data(x=[42, 7], edge_index=[2, 42], y=46.0, edge_attr=[42, 6], custom_label=0.31506848, min_label=0, max_label=146, instance_name='p16.txt');0.31506848335266113;0.6703572273254395;0.6589247584342957;0.22874903678894043
Data(x=[42, 7], edge_index=[2, 42], y=45.0, edge_attr=[42, 6], custom_label=0.30821916, min_label=0, max_label=146, instance_name='p16.txt');0.30821916460990906;0.6703572273254395;0.6589247584342957;0.22874903678894043
Data(x=[42, 7], edge_index=[2, 42], y=44.0, edge_attr=[42, 6], custom_label=0.30136988, min_label=0, max_label=146, instance_name='p16.txt');0.30136987566947937;0.6703572273254395;0.6589247584342957;0.22874903678894043
Data(x=[42, 7], edge_index=[2, 42], y=43.0, edge_attr=[42, 6], custom_label=0.29452056, min_label=0, max_label=146, instance_name='p16.txt');0.2945205569267273;0.6703572273254395;0.6589247584342957;0.22874903678894043
Data(x=[42, 7], edge_index=[2, 42], y=42.0, edge_attr=[42, 6], custom_label=0.28767124, min_label=0, max_label=146, instance_name='p16.txt');0.2876712381839752;0.6703572273254395;0.6589247584342957;0.22874903678894043
Data(x=[42, 7], edge_index=[2, 42], y=41.0, edge_attr=[42, 6], custom_label=0.28082192, min_label=0, max_label=146, instance_name='p16.txt');0.28082191944122314;0.6703572273254395;0.6589247584342957;0.22874903678894043
Data(x=[42, 7], edge_index=[2, 42], y=40.0, edge_attr=[42, 6], custom_label=0.2739726, min_label=0, max_label=146, instance_name='p16.txt');0.27397260069847107;0.6703572273254395;0.6589247584342957;0.22874903678894043
Data(x=[42, 7], edge_index=[2, 42], y=39.0, edge_attr=[42, 6], custom_label=0.26712328, min_label=0, max_label=146, instance_name='p16.txt');0.267123281955719;0.6703572273254395;0.6589247584342957;0.22874903678894043
Data(x=[42, 7], edge_index=[2, 42], y=38.0, edge_attr=[42, 6], custom_label=0.26027396, min_label=0, max_label=146, instance_name='p16.txt');0.2602739632129669;0.6703572273254395;0.6589247584342957;0.22874903678894043
Data(x=[42, 7], edge_index=[2, 42], y=37.0, edge_attr=[42, 6], custom_label=0.25342464, min_label=0, max_label=146, instance_name='p16.txt');0.25342464447021484;0.6703572273254395;0.6589247584342957;0.22874903678894043
Data(x=[42, 7], edge_index=[2, 42], y=36.0, edge_attr=[42, 6], custom_label=0.24657534, min_label=0, max_label=146, instance_name='p16.txt');0.24657534062862396;0.6703572273254395;0.6589247584342957;0.22874903678894043
Data(x=[42, 7], edge_index=[2, 42], y=35.0, edge_attr=[42, 6], custom_label=0.23972602, min_label=0, max_label=146, instance_name='p16.txt');0.2397260218858719;0.6703572273254395;0.6589247584342957;0.22874903678894043
Data(x=[42, 7], edge_index=[2, 42], y=34.0, edge_attr=[42, 6], custom_label=0.23287672, min_label=0, max_label=146, instance_name='p16.txt');0.232876718044281;0.6703572273254395;0.6589247584342957;0.22874903678894043
Data(x=[42, 7], edge_index=[2, 42], y=33.0, edge_attr=[42, 6], custom_label=0.2260274, min_label=0, max_label=146, instance_name='p16.txt');0.22602739930152893;0.6703572273254395;0.6589247584342957;0.22874903678894043
Data(x=[42, 7], edge_index=[2, 42], y=32.0, edge_attr=[42, 6], custom_label=0.21917808, min_label=0, max_label=146, instance_name='p16.txt');0.21917808055877686;0.6703572273254395;0.6589247584342957;0.22874903678894043
Data(x=[42, 7], edge_index=[2, 42], y=31.0, edge_attr=[42, 6], custom_label=0.21232876, min_label=0, max_label=146, instance_name='p16.txt');0.21232876181602478;0.6703572273254395;0.6589247584342957;0.22874903678894043
Data(x=[43, 7], edge_index=[2, 2], edge_attr=[2, 6], y=30.0, custom_label=0.20547946, min_label=0, max_label=146, instance_name='p16.txt');0.2054794579744339;0.3523321747779846;0.24198921024799347;0.14261645078659058
Data(x=[42, 7], edge_index=[2, 42], y=29.0, edge_attr=[42, 6], custom_label=0.19863014, min_label=0, max_label=146, instance_name='p16.txt');0.19863013923168182;0.6703572273254395;0.6589247584342957;0.22874903678894043
Data(x=[42, 7], edge_index=[2, 42], y=28.0, edge_attr=[42, 6], custom_label=0.19178082, min_label=0, max_label=146, instance_name='p16.txt');0.19178082048892975;0.6703572273254395;0.6589247584342957;0.22874903678894043
Data(x=[42, 7], edge_index=[2, 42], y=27.0, edge_attr=[42, 6], custom_label=0.1849315, min_label=0, max_label=146, instance_name='p16.txt');0.18493150174617767;0.6703572273254395;0.6589247584342957;0.22874903678894043
Data(x=[43, 7], edge_index=[2, 2], edge_attr=[2, 6], y=26.0, custom_label=0.1780822, min_label=0, max_label=146, instance_name='p16.txt');0.1780821979045868;0.3523321747779846;0.24198921024799347;0.14261645078659058
Data(x=[43, 7], edge_index=[2, 2], edge_attr=[2, 6], y=25.0, custom_label=0.17123288, min_label=0, max_label=146, instance_name='p16.txt');0.17123287916183472;0.3523321747779846;0.24198921024799347;0.14261645078659058
Data(x=[43, 7], edge_index=[2, 2], edge_attr=[2, 6], y=24.0, custom_label=0.16438356, min_label=0, max_label=146, instance_name='p16.txt');0.16438356041908264;0.3523321747779846;0.24198921024799347;0.14261645078659058
Data(x=[43, 7], edge_index=[2, 2], edge_attr=[2, 6], y=23.0, custom_label=0.15753424, min_label=0, max_label=146, instance_name='p16.txt');0.15753424167633057;0.3523321747779846;0.24198921024799347;0.14261645078659058
Data(x=[43, 7], edge_index=[2, 2], edge_attr=[2, 6], y=22.0, custom_label=0.15068494, min_label=0, max_label=146, instance_name='p16.txt');0.15068493783473969;0.3523321747779846;0.24198921024799347;0.14261645078659058
Data(x=[43, 7], edge_index=[2, 2], edge_attr=[2, 6], y=21.0, custom_label=0.14383562, min_label=0, max_label=146, instance_name='p16.txt');0.1438356190919876;0.3523321747779846;0.24198921024799347;0.14261645078659058
Data(x=[43, 7], edge_index=[2, 2], edge_attr=[2, 6], y=20.0, custom_label=0.1369863, min_label=0, max_label=146, instance_name='p16.txt');0.13698630034923553;0.3523321747779846;0.24198921024799347;0.14261645078659058
Data(x=[43, 7], edge_index=[2, 2], edge_attr=[2, 6], y=19.0, custom_label=0.13013698, min_label=0, max_label=146, instance_name='p16.txt');0.13013698160648346;0.3523321747779846;0.24198921024799347;0.14261645078659058
Data(x=[43, 7], edge_index=[2, 2], edge_attr=[2, 6], y=18.0, custom_label=0.12328767, min_label=0, max_label=146, instance_name='p16.txt');0.12328767031431198;0.3523321747779846;0.24198921024799347;0.14261645078659058
Data(x=[43, 7], edge_index=[2, 2], edge_attr=[2, 6], y=17.0, custom_label=0.11643836, min_label=0, max_label=146, instance_name='p16.txt');0.1164383590221405;0.3523321747779846;0.24198921024799347;0.14261645078659058
Data(x=[43, 7], edge_index=[2, 2], edge_attr=[2, 6], y=16.0, custom_label=0.10958904, min_label=0, max_label=146, instance_name='p16.txt');0.10958904027938843;0.3523321747779846;0.24198921024799347;0.14261645078659058
Data(x=[43, 7], edge_index=[2, 2], edge_attr=[2, 6], y=15.0, custom_label=0.10273973, min_label=0, max_label=146, instance_name='p16.txt');0.10273972898721695;0.3523321747779846;0.24198921024799347;0.14261645078659058
Data(x=[43, 7], edge_index=[2, 2], edge_attr=[2, 6], y=14.0, custom_label=0.09589041, min_label=0, max_label=146, instance_name='p16.txt');0.09589041024446487;0.3523321747779846;0.24198921024799347;0.14261645078659058
Data(x=[43, 7], edge_index=[2, 2], edge_attr=[2, 6], y=13.0, custom_label=0.0890411, min_label=0, max_label=146, instance_name='p16.txt');0.0890410989522934;0.3523321747779846;0.24198921024799347;0.14261645078659058
Data(x=[43, 7], edge_index=[2, 2], edge_attr=[2, 6], y=12.0, custom_label=0.08219178, min_label=0, max_label=146, instance_name='p16.txt');0.08219178020954132;0.3523321747779846;0.24198921024799347;0.14261645078659058
Data(x=[43, 7], edge_index=[2, 2], edge_attr=[2, 6], y=11.0, custom_label=0.07534247, min_label=0, max_label=146, instance_name='p16.txt');0.07534246891736984;0.3523321747779846;0.24198921024799347;0.14261645078659058
Data(x=[43, 7], edge_index=[2, 2], edge_attr=[2, 6], y=10.0, custom_label=0.06849315, min_label=0, max_label=146, instance_name='p16.txt');0.06849315017461777;0.3523321747779846;0.24198921024799347;0.14261645078659058
Data(x=[43, 7], edge_index=[2, 2], edge_attr=[2, 6], y=9.0, custom_label=0.061643835, min_label=0, max_label=146, instance_name='p16.txt');0.06164383515715599;0.3523321747779846;0.24198921024799347;0.14261645078659058
Data(x=[43, 7], edge_index=[2, 2], edge_attr=[2, 6], y=8.0, custom_label=0.05479452, min_label=0, max_label=146, instance_name='p16.txt');0.054794520139694214;0.3523321747779846;0.24198921024799347;0.14261645078659058
Data(x=[43, 7], edge_index=[2, 2], edge_attr=[2, 6], y=7.0, custom_label=0.047945205, min_label=0, max_label=146, instance_name='p16.txt');0.04794520512223244;0.3523321747779846;0.24198921024799347;0.14261645078659058
Data(x=[43, 7], edge_index=[2, 2], edge_attr=[2, 6], y=6.0, custom_label=0.04109589, min_label=0, max_label=146, instance_name='p16.txt');0.04109589010477066;0.3523321747779846;0.24198921024799347;0.14261645078659058
Data(x=[44, 7], edge_index=[2, 4], edge_attr=[4, 6], y=5.0, custom_label=0.034246575, min_label=0, max_label=146, instance_name='p16.txt');0.034246575087308884;0.20317719876766205;0.08538951724767685;0.14261645078659058
Data(x=[44, 7], edge_index=[2, 4], edge_attr=[4, 6], y=4.0, custom_label=0.02739726, min_label=0, max_label=146, instance_name='p16.txt');0.027397260069847107;0.20317719876766205;0.08538951724767685;0.14261645078659058
Data(x=[44, 7], edge_index=[2, 4], edge_attr=[4, 6], y=3.0, custom_label=0.020547945, min_label=0, max_label=146, instance_name='p16.txt');0.02054794505238533;0.20317719876766205;0.08538951724767685;0.14261645078659058
Data(x=[44, 7], edge_index=[2, 4], edge_attr=[4, 6], y=2.0, custom_label=0.01369863, min_label=0, max_label=146, instance_name='p16.txt');0.013698630034923553;0.20317719876766205;0.08538951724767685;0.14261645078659058
Data(x=[44, 7], edge_index=[2, 4], edge_attr=[4, 6], y=1.0, custom_label=0.006849315, min_label=0, max_label=146, instance_name='p16.txt');0.006849315017461777;0.20317719876766205;0.08538951724767685;0.14261645078659058
Data(x=[45, 7], edge_index=[2, 6], edge_attr=[6, 6], y=0.0, custom_label=0.0, min_label=0, max_label=146, instance_name='p16.txt');0.0;0.021240292116999626;0.000660114863421768;0.14261645078659058
Data(x=[37, 7], edge_index=[2, 37], y=92.0, edge_attr=[37, 6], custom_label=1.0, min_label=0, max_label=92, instance_name='p17.txt');1.0;0.6932324767112732;0.6806027293205261;0.22874903678894043
Data(x=[37, 7], edge_index=[2, 37], y=91.0, edge_attr=[37, 6], custom_label=0.98913044, min_label=0, max_label=92, instance_name='p17.txt');0.989130437374115;0.6932324767112732;0.6806027293205261;0.22874903678894043
Data(x=[37, 7], edge_index=[2, 37], y=90.0, edge_attr=[37, 6], custom_label=0.9782609, min_label=0, max_label=92, instance_name='p17.txt');0.97826087474823;0.6932324767112732;0.6806027293205261;0.22874903678894043
Data(x=[37, 7], edge_index=[2, 37], y=89.0, edge_attr=[37, 6], custom_label=0.9673913, min_label=0, max_label=92, instance_name='p17.txt');0.967391312122345;0.6932324767112732;0.6806027293205261;0.22874903678894043
Data(x=[37, 7], edge_index=[2, 37], y=88.0, edge_attr=[37, 6], custom_label=0.95652175, min_label=0, max_label=92, instance_name='p17.txt');0.95652174949646;0.6932324767112732;0.6806027293205261;0.22874903678894043
Data(x=[37, 7], edge_index=[2, 37], y=87.0, edge_attr=[37, 6], custom_label=0.9456522, min_label=0, max_label=92, instance_name='p17.txt');0.945652186870575;0.6932324767112732;0.6806027293205261;0.22874903678894043
Data(x=[37, 7], edge_index=[2, 37], y=86.0, edge_attr=[37, 6], custom_label=0.9347826, min_label=0, max_label=92, instance_name='p17.txt');0.9347826242446899;0.6932324767112732;0.6806027293205261;0.22874903678894043
Data(x=[37, 7], edge_index=[2, 37], y=85.0, edge_attr=[37, 6], custom_label=0.92391306, min_label=0, max_label=92, instance_name='p17.txt');0.9239130616188049;0.6932324767112732;0.6806027293205261;0.22874903678894043
Data(x=[37, 7], edge_index=[2, 37], y=84.0, edge_attr=[37, 6], custom_label=0.9130435, min_label=0, max_label=92, instance_name='p17.txt');0.9130434989929199;0.6932324767112732;0.6806027293205261;0.22874903678894043
Data(x=[37, 7], edge_index=[2, 37], y=83.0, edge_attr=[37, 6], custom_label=0.90217394, min_label=0, max_label=92, instance_name='p17.txt');0.9021739363670349;0.6932324767112732;0.6806027293205261;0.22874903678894043
Data(x=[37, 7], edge_index=[2, 37], y=82.0, edge_attr=[37, 6], custom_label=0.8913044, min_label=0, max_label=92, instance_name='p17.txt');0.8913043737411499;0.6932324767112732;0.6806027293205261;0.22874903678894043
Data(x=[37, 7], edge_index=[2, 37], y=81.0, edge_attr=[37, 6], custom_label=0.8804348, min_label=0, max_label=92, instance_name='p17.txt');0.8804348111152649;0.6932324767112732;0.6806027293205261;0.22874903678894043
Data(x=[37, 7], edge_index=[2, 37], y=80.0, edge_attr=[37, 6], custom_label=0.8695652, min_label=0, max_label=92, instance_name='p17.txt');0.8695651888847351;0.6932324767112732;0.6806027293205261;0.22874903678894043
Data(x=[37, 7], edge_index=[2, 37], y=79.0, edge_attr=[37, 6], custom_label=0.8586956, min_label=0, max_label=92, instance_name='p17.txt');0.8586956262588501;0.6932324767112732;0.6806027293205261;0.22874903678894043
Data(x=[37, 7], edge_index=[2, 37], y=78.0, edge_attr=[37, 6], custom_label=0.84782606, min_label=0, max_label=92, instance_name='p17.txt');0.8478260636329651;0.6932324767112732;0.6806027293205261;0.22874903678894043
Data(x=[37, 7], edge_index=[2, 37], y=77.0, edge_attr=[37, 6], custom_label=0.8369565, min_label=0, max_label=92, instance_name='p17.txt');0.8369565010070801;0.6932324767112732;0.6806027293205261;0.22874903678894043
Data(x=[37, 7], edge_index=[2, 37], y=76.0, edge_attr=[37, 6], custom_label=0.82608694, min_label=0, max_label=92, instance_name='p17.txt');0.8260869383811951;0.6932324767112732;0.6806027293205261;0.22874903678894043
Data(x=[37, 7], edge_index=[2, 37], y=75.0, edge_attr=[37, 6], custom_label=0.8152174, min_label=0, max_label=92, instance_name='p17.txt');0.8152173757553101;0.6932324767112732;0.6806027293205261;0.22874903678894043
Data(x=[37, 7], edge_index=[2, 37], y=74.0, edge_attr=[37, 6], custom_label=0.8043478, min_label=0, max_label=92, instance_name='p17.txt');0.804347813129425;0.6932324767112732;0.6806027293205261;0.22874903678894043
Data(x=[37, 7], edge_index=[2, 37], y=73.0, edge_attr=[37, 6], custom_label=0.79347825, min_label=0, max_label=92, instance_name='p17.txt');0.79347825050354;0.6932324767112732;0.6806027293205261;0.22874903678894043
Data(x=[37, 7], edge_index=[2, 37], y=72.0, edge_attr=[37, 6], custom_label=0.7826087, min_label=0, max_label=92, instance_name='p17.txt');0.782608687877655;0.6932324767112732;0.6806027293205261;0.22874903678894043
Data(x=[37, 7], edge_index=[2, 37], y=71.0, edge_attr=[37, 6], custom_label=0.7717391, min_label=0, max_label=92, instance_name='p17.txt');0.77173912525177;0.6932324767112732;0.6806027293205261;0.22874903678894043
Data(x=[37, 7], edge_index=[2, 37], y=70.0, edge_attr=[37, 6], custom_label=0.76086956, min_label=0, max_label=92, instance_name='p17.txt');0.760869562625885;0.6932324767112732;0.6806027293205261;0.22874903678894043
Data(x=[37, 7], edge_index=[2, 37], y=69.0, edge_attr=[37, 6], custom_label=0.75, min_label=0, max_label=92, instance_name='p17.txt');0.75;0.6932324767112732;0.6806027293205261;0.22874903678894043
Data(x=[38, 7], edge_index=[2, 2], edge_attr=[2, 6], y=68.0, custom_label=0.73913044, min_label=0, max_label=92, instance_name='p17.txt');0.739130437374115;0.34887388348579407;0.27864620089530945;0.14261645078659058
Data(x=[37, 7], edge_index=[2, 37], y=67.0, edge_attr=[37, 6], custom_label=0.7282609, min_label=0, max_label=92, instance_name='p17.txt');0.72826087474823;0.6932324767112732;0.6806027293205261;0.22874903678894043
Data(x=[37, 7], edge_index=[2, 37], y=66.0, edge_attr=[37, 6], custom_label=0.7173913, min_label=0, max_label=92, instance_name='p17.txt');0.717391312122345;0.6932324767112732;0.6806027293205261;0.22874903678894043
Data(x=[37, 7], edge_index=[2, 37], y=65.0, edge_attr=[37, 6], custom_label=0.70652175, min_label=0, max_label=92, instance_name='p17.txt');0.70652174949646;0.6932324767112732;0.6806027293205261;0.22874903678894043
Data(x=[37, 7], edge_index=[2, 37], y=64.0, edge_attr=[37, 6], custom_label=0.6956522, min_label=0, max_label=92, instance_name='p17.txt');0.695652186870575;0.6932324767112732;0.6806027293205261;0.22874903678894043
Data(x=[37, 7], edge_index=[2, 37], y=63.0, edge_attr=[37, 6], custom_label=0.6847826, min_label=0, max_label=92, instance_name='p17.txt');0.6847826242446899;0.6932324767112732;0.6806027293205261;0.22874903678894043
Data(x=[37, 7], edge_index=[2, 37], y=62.0, edge_attr=[37, 6], custom_label=0.67391306, min_label=0, max_label=92, instance_name='p17.txt');0.6739130616188049;0.6932324767112732;0.6806027293205261;0.22874903678894043
Data(x=[37, 7], edge_index=[2, 37], y=61.0, edge_attr=[37, 6], custom_label=0.6630435, min_label=0, max_label=92, instance_name='p17.txt');0.6630434989929199;0.6932324767112732;0.6806027293205261;0.22874903678894043
Data(x=[37, 7], edge_index=[2, 37], y=60.0, edge_attr=[37, 6], custom_label=0.65217394, min_label=0, max_label=92, instance_name='p17.txt');0.6521739363670349;0.6932324767112732;0.6806027293205261;0.22874903678894043
Data(x=[37, 7], edge_index=[2, 37], y=59.0, edge_attr=[37, 6], custom_label=0.6413044, min_label=0, max_label=92, instance_name='p17.txt');0.6413043737411499;0.6932324767112732;0.6806027293205261;0.22874903678894043
Data(x=[37, 7], edge_index=[2, 37], y=58.0, edge_attr=[37, 6], custom_label=0.6304348, min_label=0, max_label=92, instance_name='p17.txt');0.6304348111152649;0.6932324767112732;0.6806027293205261;0.22874903678894043
Data(x=[37, 7], edge_index=[2, 37], y=57.0, edge_attr=[37, 6], custom_label=0.6195652, min_label=0, max_label=92, instance_name='p17.txt');0.6195651888847351;0.6932324767112732;0.6806027293205261;0.22874903678894043
Data(x=[37, 7], edge_index=[2, 37], y=56.0, edge_attr=[37, 6], custom_label=0.6086956, min_label=0, max_label=92, instance_name='p17.txt');0.6086956262588501;0.6932324767112732;0.6806027293205261;0.22874903678894043
Data(x=[37, 7], edge_index=[2, 37], y=55.0, edge_attr=[37, 6], custom_label=0.59782606, min_label=0, max_label=92, instance_name='p17.txt');0.5978260636329651;0.6932324767112732;0.6806027293205261;0.22874903678894043
Data(x=[37, 7], edge_index=[2, 37], y=54.0, edge_attr=[37, 6], custom_label=0.5869565, min_label=0, max_label=92, instance_name='p17.txt');0.5869565010070801;0.6932324767112732;0.6806027293205261;0.22874903678894043
Data(x=[37, 7], edge_index=[2, 37], y=53.0, edge_attr=[37, 6], custom_label=0.57608694, min_label=0, max_label=92, instance_name='p17.txt');0.5760869383811951;0.6932324767112732;0.6806027293205261;0.22874903678894043
Data(x=[37, 7], edge_index=[2, 37], y=52.0, edge_attr=[37, 6], custom_label=0.5652174, min_label=0, max_label=92, instance_name='p17.txt');0.5652173757553101;0.6932324767112732;0.6806027293205261;0.22874903678894043
Data(x=[37, 7], edge_index=[2, 37], y=51.0, edge_attr=[37, 6], custom_label=0.5543478, min_label=0, max_label=92, instance_name='p17.txt');0.554347813129425;0.6932324767112732;0.6806027293205261;0.22874903678894043
Data(x=[37, 7], edge_index=[2, 37], y=50.0, edge_attr=[37, 6], custom_label=0.54347825, min_label=0, max_label=92, instance_name='p17.txt');0.54347825050354;0.6932324767112732;0.6806027293205261;0.22874903678894043
Data(x=[37, 7], edge_index=[2, 37], y=49.0, edge_attr=[37, 6], custom_label=0.5326087, min_label=0, max_label=92, instance_name='p17.txt');0.532608687877655;0.6932324767112732;0.6806027293205261;0.22874903678894043
Data(x=[37, 7], edge_index=[2, 37], y=48.0, edge_attr=[37, 6], custom_label=0.5217391, min_label=0, max_label=92, instance_name='p17.txt');0.52173912525177;0.6932324767112732;0.6806027293205261;0.22874903678894043
Data(x=[37, 7], edge_index=[2, 37], y=47.0, edge_attr=[37, 6], custom_label=0.51086956, min_label=0, max_label=92, instance_name='p17.txt');0.510869562625885;0.6932324767112732;0.6806027293205261;0.22874903678894043
Data(x=[37, 7], edge_index=[2, 37], y=46.0, edge_attr=[37, 6], custom_label=0.5, min_label=0, max_label=92, instance_name='p17.txt');0.5;0.6932324767112732;0.6806027293205261;0.22874903678894043
Data(x=[37, 7], edge_index=[2, 37], y=45.0, edge_attr=[37, 6], custom_label=0.48913044, min_label=0, max_label=92, instance_name='p17.txt');0.489130437374115;0.6932324767112732;0.6806027293205261;0.22874903678894043
Data(x=[37, 7], edge_index=[2, 37], y=44.0, edge_attr=[37, 6], custom_label=0.47826087, min_label=0, max_label=92, instance_name='p17.txt');0.47826087474823;0.6932324767112732;0.6806027293205261;0.22874903678894043
Data(x=[37, 7], edge_index=[2, 37], y=43.0, edge_attr=[37, 6], custom_label=0.4673913, min_label=0, max_label=92, instance_name='p17.txt');0.46739131212234497;0.6932324767112732;0.6806027293205261;0.22874903678894043
Data(x=[37, 7], edge_index=[2, 37], y=42.0, edge_attr=[37, 6], custom_label=0.45652175, min_label=0, max_label=92, instance_name='p17.txt');0.45652174949645996;0.6932324767112732;0.6806027293205261;0.22874903678894043
Data(x=[37, 7], edge_index=[2, 37], y=41.0, edge_attr=[37, 6], custom_label=0.4456522, min_label=0, max_label=92, instance_name='p17.txt');0.44565218687057495;0.6932324767112732;0.6806027293205261;0.22874903678894043
Data(x=[37, 7], edge_index=[2, 37], y=40.0, edge_attr=[37, 6], custom_label=0.4347826, min_label=0, max_label=92, instance_name='p17.txt');0.43478259444236755;0.6932324767112732;0.6806027293205261;0.22874903678894043
Data(x=[37, 7], edge_index=[2, 37], y=39.0, edge_attr=[37, 6], custom_label=0.42391303, min_label=0, max_label=92, instance_name='p17.txt');0.42391303181648254;0.6932324767112732;0.6806027293205261;0.22874903678894043
Data(x=[37, 7], edge_index=[2, 37], y=38.0, edge_attr=[37, 6], custom_label=0.41304347, min_label=0, max_label=92, instance_name='p17.txt');0.41304346919059753;0.6932324767112732;0.6806027293205261;0.22874903678894043
Data(x=[37, 7], edge_index=[2, 37], y=37.0, edge_attr=[37, 6], custom_label=0.4021739, min_label=0, max_label=92, instance_name='p17.txt');0.4021739065647125;0.6932324767112732;0.6806027293205261;0.22874903678894043
Data(x=[37, 7], edge_index=[2, 37], y=36.0, edge_attr=[37, 6], custom_label=0.39130434, min_label=0, max_label=92, instance_name='p17.txt');0.3913043439388275;0.6932324767112732;0.6806027293205261;0.22874903678894043
Data(x=[37, 7], edge_index=[2, 37], y=35.0, edge_attr=[37, 6], custom_label=0.38043478, min_label=0, max_label=92, instance_name='p17.txt');0.3804347813129425;0.6932324767112732;0.6806027293205261;0.22874903678894043
Data(x=[37, 7], edge_index=[2, 37], y=34.0, edge_attr=[37, 6], custom_label=0.36956522, min_label=0, max_label=92, instance_name='p17.txt');0.3695652186870575;0.6932324767112732;0.6806027293205261;0.22874903678894043
Data(x=[37, 7], edge_index=[2, 37], y=33.0, edge_attr=[37, 6], custom_label=0.35869566, min_label=0, max_label=92, instance_name='p17.txt');0.3586956560611725;0.6932324767112732;0.6806027293205261;0.22874903678894043
Data(x=[37, 7], edge_index=[2, 37], y=32.0, edge_attr=[37, 6], custom_label=0.3478261, min_label=0, max_label=92, instance_name='p17.txt');0.3478260934352875;0.6932324767112732;0.6806027293205261;0.22874903678894043
Data(x=[37, 7], edge_index=[2, 37], y=31.0, edge_attr=[37, 6], custom_label=0.33695653, min_label=0, max_label=92, instance_name='p17.txt');0.33695653080940247;0.6932324767112732;0.6806027293205261;0.22874903678894043
Data(x=[37, 7], edge_index=[2, 37], y=30.0, edge_attr=[37, 6], custom_label=0.32608697, min_label=0, max_label=92, instance_name='p17.txt');0.32608696818351746;0.6932324767112732;0.6806027293205261;0.22874903678894043
Data(x=[37, 7], edge_index=[2, 37], y=29.0, edge_attr=[37, 6], custom_label=0.3152174, min_label=0, max_label=92, instance_name='p17.txt');0.31521740555763245;0.6932324767112732;0.6806027293205261;0.22874903678894043
Data(x=[37, 7], edge_index=[2, 37], y=28.0, edge_attr=[37, 6], custom_label=0.3043478, min_label=0, max_label=92, instance_name='p17.txt');0.30434781312942505;0.6932324767112732;0.6806027293205261;0.22874903678894043
Data(x=[38, 7], edge_index=[2, 2], edge_attr=[2, 6], y=27.0, custom_label=0.29347825, min_label=0, max_label=92, instance_name='p17.txt');0.29347825050354004;0.34887388348579407;0.27864620089530945;0.14261645078659058
Data(x=[38, 7], edge_index=[2, 2], edge_attr=[2, 6], y=26.0, custom_label=0.2826087, min_label=0, max_label=92, instance_name='p17.txt');0.28260868787765503;0.34887388348579407;0.27864620089530945;0.14261645078659058
Data(x=[38, 7], edge_index=[2, 2], edge_attr=[2, 6], y=25.0, custom_label=0.27173913, min_label=0, max_label=92, instance_name='p17.txt');0.27173912525177;0.34887388348579407;0.27864620089530945;0.14261645078659058
Data(x=[38, 7], edge_index=[2, 2], edge_attr=[2, 6], y=24.0, custom_label=0.26086956, min_label=0, max_label=92, instance_name='p17.txt');0.260869562625885;0.34887388348579407;0.27864620089530945;0.14261645078659058
Data(x=[38, 7], edge_index=[2, 2], edge_attr=[2, 6], y=23.0, custom_label=0.25, min_label=0, max_label=92, instance_name='p17.txt');0.25;0.34887388348579407;0.27864620089530945;0.14261645078659058
Data(x=[39, 7], edge_index=[2, 4], edge_attr=[4, 6], y=22.0, custom_label=0.23913044, min_label=0, max_label=92, instance_name='p17.txt');0.239130437374115;0.20427007973194122;0.10338626801967621;0.14261645078659058
Data(x=[38, 7], edge_index=[2, 2], edge_attr=[2, 6], y=21.0, custom_label=0.22826087, min_label=0, max_label=92, instance_name='p17.txt');0.22826087474822998;0.34887388348579407;0.27864620089530945;0.14261645078659058
Data(x=[38, 7], edge_index=[2, 2], edge_attr=[2, 6], y=20.0, custom_label=0.2173913, min_label=0, max_label=92, instance_name='p17.txt');0.21739129722118378;0.34887388348579407;0.27864620089530945;0.14261645078659058
Data(x=[38, 7], edge_index=[2, 2], edge_attr=[2, 6], y=19.0, custom_label=0.20652173, min_label=0, max_label=92, instance_name='p17.txt');0.20652173459529877;0.34887388348579407;0.27864620089530945;0.14261645078659058
Data(x=[38, 7], edge_index=[2, 2], edge_attr=[2, 6], y=18.0, custom_label=0.19565217, min_label=0, max_label=92, instance_name='p17.txt');0.19565217196941376;0.34887388348579407;0.27864620089530945;0.14261645078659058
Data(x=[38, 7], edge_index=[2, 2], edge_attr=[2, 6], y=17.0, custom_label=0.18478261, min_label=0, max_label=92, instance_name='p17.txt');0.18478260934352875;0.34887388348579407;0.27864620089530945;0.14261645078659058
Data(x=[38, 7], edge_index=[2, 2], edge_attr=[2, 6], y=16.0, custom_label=0.17391305, min_label=0, max_label=92, instance_name='p17.txt');0.17391304671764374;0.34887388348579407;0.27864620089530945;0.14261645078659058
Data(x=[38, 7], edge_index=[2, 2], edge_attr=[2, 6], y=15.0, custom_label=0.16304348, min_label=0, max_label=92, instance_name='p17.txt');0.16304348409175873;0.34887388348579407;0.27864620089530945;0.14261645078659058
Data(x=[39, 7], edge_index=[2, 4], edge_attr=[4, 6], y=14.0, custom_label=0.1521739, min_label=0, max_label=92, instance_name='p17.txt');0.15217390656471252;0.20427007973194122;0.10338626801967621;0.14261645078659058
Data(x=[38, 7], edge_index=[2, 2], edge_attr=[2, 6], y=13.0, custom_label=0.14130434, min_label=0, max_label=92, instance_name='p17.txt');0.14130434393882751;0.34887388348579407;0.27864620089530945;0.14261645078659058
Data(x=[39, 7], edge_index=[2, 4], edge_attr=[4, 6], y=12.0, custom_label=0.13043478, min_label=0, max_label=92, instance_name='p17.txt');0.1304347813129425;0.20427007973194122;0.10338626801967621;0.14261645078659058
Data(x=[39, 7], edge_index=[2, 4], edge_attr=[4, 6], y=11.0, custom_label=0.11956522, min_label=0, max_label=92, instance_name='p17.txt');0.1195652186870575;0.20427007973194122;0.10338626801967621;0.14261645078659058
Data(x=[39, 7], edge_index=[2, 4], edge_attr=[4, 6], y=10.0, custom_label=0.10869565, min_label=0, max_label=92, instance_name='p17.txt');0.10869564861059189;0.20427007973194122;0.10338626801967621;0.14261645078659058
Data(x=[39, 7], edge_index=[2, 4], edge_attr=[4, 6], y=9.0, custom_label=0.097826086, min_label=0, max_label=92, instance_name='p17.txt');0.09782608598470688;0.20427007973194122;0.10338626801967621;0.14261645078659058
Data(x=[39, 7], edge_index=[2, 4], edge_attr=[4, 6], y=8.0, custom_label=0.08695652, min_label=0, max_label=92, instance_name='p17.txt');0.08695652335882187;0.20427007973194122;0.10338626801967621;0.14261645078659058
Data(x=[39, 7], edge_index=[2, 4], edge_attr=[4, 6], y=7.0, custom_label=0.07608695, min_label=0, max_label=92, instance_name='p17.txt');0.07608695328235626;0.20427007973194122;0.10338626801967621;0.14261645078659058
Data(x=[39, 7], edge_index=[2, 4], edge_attr=[4, 6], y=6.0, custom_label=0.06521739, min_label=0, max_label=92, instance_name='p17.txt');0.06521739065647125;0.20427007973194122;0.10338626801967621;0.14261645078659058
Data(x=[39, 7], edge_index=[2, 4], edge_attr=[4, 6], y=5.0, custom_label=0.054347824, min_label=0, max_label=92, instance_name='p17.txt');0.054347824305295944;0.20427007973194122;0.10338626801967621;0.14261645078659058
Data(x=[39, 7], edge_index=[2, 4], edge_attr=[4, 6], y=4.0, custom_label=0.04347826, min_label=0, max_label=92, instance_name='p17.txt');0.043478261679410934;0.20427007973194122;0.10338626801967621;0.14261645078659058
Data(x=[39, 7], edge_index=[2, 4], edge_attr=[4, 6], y=3.0, custom_label=0.032608695, min_label=0, max_label=92, instance_name='p17.txt');0.032608695328235626;0.20427007973194122;0.10338626801967621;0.14261645078659058
Data(x=[39, 7], edge_index=[2, 4], edge_attr=[4, 6], y=2.0, custom_label=0.02173913, min_label=0, max_label=92, instance_name='p17.txt');0.021739130839705467;0.20427007973194122;0.10338626801967621;0.14261645078659058
Data(x=[39, 7], edge_index=[2, 4], edge_attr=[4, 6], y=1.0, custom_label=0.010869565, min_label=0, max_label=92, instance_name='p17.txt');0.010869565419852734;0.20427007973194122;0.10338626801967621;0.14261645078659058
Data(x=[40, 7], edge_index=[2, 6], edge_attr=[6, 6], y=0.0, custom_label=0.0, min_label=0, max_label=92, instance_name='p17.txt');0.0;0.016790110617876053;0.0007632988272234797;0.14261645078659058
Data(x=[21, 7], edge_index=[2, 8], edge_attr=[8, 6], y=0.0, custom_label=0.0, min_label=0, max_label=92, instance_name='p17.txt');0.0;0.003599651623517275;0.0011332667199894786;0.14261645078659058
Data(x=[21, 7], edge_index=[2, 10], edge_attr=[10, 6], y=0.0, custom_label=0.0, min_label=0, max_label=92, instance_name='p17.txt');0.0;0.0035538645461201668;0.0005115867243148386;0.00020854815375059843
Data(x=[26, 7], edge_index=[2, 12], edge_attr=[12, 6], y=0.0, custom_label=0.0, min_label=0, max_label=92, instance_name='p17.txt');0.0;0.0008103818981908262;6.0494287026813254e-05;6.465290789492428e-05
Data(x=[25, 7], edge_index=[2, 14], edge_attr=[14, 6], y=0.0, custom_label=0.0, min_label=0, max_label=92, instance_name='p17.txt');0.0;0.14732185006141663;0.00012035674444632605;0.00016489948029629886
Data(x=[28, 7], edge_index=[2, 12], edge_attr=[12, 6], y=0.0, custom_label=0.0, min_label=0, max_label=92, instance_name='p17.txt');0.0;0.008287627249956131;0.00022889592219144106;6.465290789492428e-05
Data(x=[29, 7], edge_index=[2, 8], edge_attr=[8, 6], y=0.0, custom_label=0.0, min_label=0, max_label=92, instance_name='p17.txt');0.0;0.02440701425075531;0.0011901168618351221;0.14261645078659058
Data(x=[22, 7], edge_index=[2, 10], edge_attr=[10, 6], y=0.0, custom_label=0.0, min_label=0, max_label=92, instance_name='p17.txt');0.0;0.00032836064929142594;0.00010232599743176252;0.14261645078659058
Data(x=[42, 7], edge_index=[2, 42], y=197.0, edge_attr=[42, 6], custom_label=1.0, min_label=0, max_label=197, instance_name='p18.txt');1.0;0.7130641341209412;0.6984387636184692;0.22874903678894043
Data(x=[42, 7], edge_index=[2, 42], y=196.0, edge_attr=[42, 6], custom_label=0.99492383, min_label=0, max_label=197, instance_name='p18.txt');0.9949238300323486;0.7130641341209412;0.6984387636184692;0.22874903678894043
Data(x=[42, 7], edge_index=[2, 42], y=195.0, edge_attr=[42, 6], custom_label=0.9898477, min_label=0, max_label=197, instance_name='p18.txt');0.989847719669342;0.7130641341209412;0.6984387636184692;0.22874903678894043
Data(x=[42, 7], edge_index=[2, 42], y=194.0, edge_attr=[42, 6], custom_label=0.98477155, min_label=0, max_label=197, instance_name='p18.txt');0.9847715497016907;0.7130641341209412;0.6984387636184692;0.22874903678894043
Data(x=[42, 7], edge_index=[2, 42], y=193.0, edge_attr=[42, 6], custom_label=0.97969544, min_label=0, max_label=197, instance_name='p18.txt');0.9796954393386841;0.7130641341209412;0.6984387636184692;0.22874903678894043
Data(x=[42, 7], edge_index=[2, 42], y=192.0, edge_attr=[42, 6], custom_label=0.97461927, min_label=0, max_label=197, instance_name='p18.txt');0.9746192693710327;0.7130641341209412;0.6984387636184692;0.22874903678894043
Data(x=[42, 7], edge_index=[2, 42], y=191.0, edge_attr=[42, 6], custom_label=0.96954316, min_label=0, max_label=197, instance_name='p18.txt');0.9695431590080261;0.7130641341209412;0.6984387636184692;0.22874903678894043
Data(x=[42, 7], edge_index=[2, 42], y=190.0, edge_attr=[42, 6], custom_label=0.964467, min_label=0, max_label=197, instance_name='p18.txt');0.9644669890403748;0.7130641341209412;0.6984387636184692;0.22874903678894043
Data(x=[42, 7], edge_index=[2, 42], y=189.0, edge_attr=[42, 6], custom_label=0.9593909, min_label=0, max_label=197, instance_name='p18.txt');0.9593908786773682;0.7130641341209412;0.6984387636184692;0.22874903678894043
Data(x=[42, 7], edge_index=[2, 42], y=188.0, edge_attr=[42, 6], custom_label=0.9543147, min_label=0, max_label=197, instance_name='p18.txt');0.9543147087097168;0.7130641341209412;0.6984387636184692;0.22874903678894043
Data(x=[42, 7], edge_index=[2, 42], y=187.0, edge_attr=[42, 6], custom_label=0.9492386, min_label=0, max_label=197, instance_name='p18.txt');0.9492385983467102;0.7130641341209412;0.6984387636184692;0.22874903678894043
Data(x=[42, 7], edge_index=[2, 42], y=186.0, edge_attr=[42, 6], custom_label=0.9441624, min_label=0, max_label=197, instance_name='p18.txt');0.9441624283790588;0.7130641341209412;0.6984387636184692;0.22874903678894043
Data(x=[42, 7], edge_index=[2, 42], y=185.0, edge_attr=[42, 6], custom_label=0.9390863, min_label=0, max_label=197, instance_name='p18.txt');0.9390863180160522;0.7130641341209412;0.6984387636184692;0.22874903678894043
Data(x=[42, 7], edge_index=[2, 42], y=184.0, edge_attr=[42, 6], custom_label=0.93401015, min_label=0, max_label=197, instance_name='p18.txt');0.9340101480484009;0.7130641341209412;0.6984387636184692;0.22874903678894043
Data(x=[42, 7], edge_index=[2, 42], y=183.0, edge_attr=[42, 6], custom_label=0.92893404, min_label=0, max_label=197, instance_name='p18.txt');0.9289340376853943;0.7130641341209412;0.6984387636184692;0.22874903678894043
Data(x=[42, 7], edge_index=[2, 42], y=182.0, edge_attr=[42, 6], custom_label=0.92385787, min_label=0, max_label=197, instance_name='p18.txt');0.9238578677177429;0.7130641341209412;0.6984387636184692;0.22874903678894043
Data(x=[42, 7], edge_index=[2, 42], y=181.0, edge_attr=[42, 6], custom_label=0.9187817, min_label=0, max_label=197, instance_name='p18.txt');0.9187816977500916;0.7130641341209412;0.6984387636184692;0.22874903678894043
Data(x=[42, 7], edge_index=[2, 42], y=180.0, edge_attr=[42, 6], custom_label=0.9137056, min_label=0, max_label=197, instance_name='p18.txt');0.913705587387085;0.7130641341209412;0.6984387636184692;0.22874903678894043
Data(x=[42, 7], edge_index=[2, 42], y=179.0, edge_attr=[42, 6], custom_label=0.9086294, min_label=0, max_label=197, instance_name='p18.txt');0.9086294174194336;0.7130641341209412;0.6984387636184692;0.22874903678894043
Data(x=[42, 7], edge_index=[2, 42], y=178.0, edge_attr=[42, 6], custom_label=0.9035533, min_label=0, max_label=197, instance_name='p18.txt');0.903553307056427;0.7130641341209412;0.6984387636184692;0.22874903678894043
Data(x=[42, 7], edge_index=[2, 42], y=177.0, edge_attr=[42, 6], custom_label=0.89847714, min_label=0, max_label=197, instance_name='p18.txt');0.8984771370887756;0.7130641341209412;0.6984387636184692;0.22874903678894043
Data(x=[42, 7], edge_index=[2, 42], y=176.0, edge_attr=[42, 6], custom_label=0.893401, min_label=0, max_label=197, instance_name='p18.txt');0.893401026725769;0.7130641341209412;0.6984387636184692;0.22874903678894043
Data(x=[42, 7], edge_index=[2, 42], y=175.0, edge_attr=[42, 6], custom_label=0.88832486, min_label=0, max_label=197, instance_name='p18.txt');0.8883248567581177;0.7130641341209412;0.6984387636184692;0.22874903678894043
Data(x=[42, 7], edge_index=[2, 42], y=174.0, edge_attr=[42, 6], custom_label=0.88324875, min_label=0, max_label=197, instance_name='p18.txt');0.8832487463951111;0.7130641341209412;0.6984387636184692;0.22874903678894043
Data(x=[42, 7], edge_index=[2, 42], y=173.0, edge_attr=[42, 6], custom_label=0.8781726, min_label=0, max_label=197, instance_name='p18.txt');0.8781725764274597;0.7130641341209412;0.6984387636184692;0.22874903678894043
Data(x=[42, 7], edge_index=[2, 42], y=172.0, edge_attr=[42, 6], custom_label=0.87309647, min_label=0, max_label=197, instance_name='p18.txt');0.8730964660644531;0.7130641341209412;0.6984387636184692;0.22874903678894043
Data(x=[42, 7], edge_index=[2, 42], y=171.0, edge_attr=[42, 6], custom_label=0.8680203, min_label=0, max_label=197, instance_name='p18.txt');0.8680202960968018;0.7130641341209412;0.6984387636184692;0.22874903678894043
Data(x=[42, 7], edge_index=[2, 42], y=170.0, edge_attr=[42, 6], custom_label=0.8629442, min_label=0, max_label=197, instance_name='p18.txt');0.8629441857337952;0.7130641341209412;0.6984387636184692;0.22874903678894043
Data(x=[42, 7], edge_index=[2, 42], y=169.0, edge_attr=[42, 6], custom_label=0.857868, min_label=0, max_label=197, instance_name='p18.txt');0.8578680157661438;0.7130641341209412;0.6984387636184692;0.22874903678894043
Data(x=[42, 7], edge_index=[2, 42], y=168.0, edge_attr=[42, 6], custom_label=0.8527919, min_label=0, max_label=197, instance_name='p18.txt');0.8527919054031372;0.7130641341209412;0.6984387636184692;0.22874903678894043
Data(x=[42, 7], edge_index=[2, 42], y=167.0, edge_attr=[42, 6], custom_label=0.84771574, min_label=0, max_label=197, instance_name='p18.txt');0.8477157354354858;0.7130641341209412;0.6984387636184692;0.22874903678894043
Data(x=[42, 7], edge_index=[2, 42], y=166.0, edge_attr=[42, 6], custom_label=0.84263957, min_label=0, max_label=197, instance_name='p18.txt');0.8426395654678345;0.7130641341209412;0.6984387636184692;0.22874903678894043
Data(x=[42, 7], edge_index=[2, 42], y=165.0, edge_attr=[42, 6], custom_label=0.83756346, min_label=0, max_label=197, instance_name='p18.txt');0.8375634551048279;0.7130641341209412;0.6984387636184692;0.22874903678894043
Data(x=[42, 7], edge_index=[2, 42], y=164.0, edge_attr=[42, 6], custom_label=0.8324873, min_label=0, max_label=197, instance_name='p18.txt');0.8324872851371765;0.7130641341209412;0.6984387636184692;0.22874903678894043
Data(x=[42, 7], edge_index=[2, 42], y=163.0, edge_attr=[42, 6], custom_label=0.8274112, min_label=0, max_label=197, instance_name='p18.txt');0.8274111747741699;0.7130641341209412;0.6984387636184692;0.22874903678894043
Data(x=[42, 7], edge_index=[2, 42], y=162.0, edge_attr=[42, 6], custom_label=0.822335, min_label=0, max_label=197, instance_name='p18.txt');0.8223350048065186;0.7130641341209412;0.6984387636184692;0.22874903678894043
Data(x=[42, 7], edge_index=[2, 42], y=161.0, edge_attr=[42, 6], custom_label=0.8172589, min_label=0, max_label=197, instance_name='p18.txt');0.817258894443512;0.7130641341209412;0.6984387636184692;0.22874903678894043
Data(x=[42, 7], edge_index=[2, 42], y=160.0, edge_attr=[42, 6], custom_label=0.8121827, min_label=0, max_label=197, instance_name='p18.txt');0.8121827244758606;0.7130641341209412;0.6984387636184692;0.22874903678894043
Data(x=[42, 7], edge_index=[2, 42], y=159.0, edge_attr=[42, 6], custom_label=0.8071066, min_label=0, max_label=197, instance_name='p18.txt');0.807106614112854;0.7130641341209412;0.6984387636184692;0.22874903678894043
Data(x=[42, 7], edge_index=[2, 42], y=158.0, edge_attr=[42, 6], custom_label=0.80203044, min_label=0, max_label=197, instance_name='p18.txt');0.8020304441452026;0.7130641341209412;0.6984387636184692;0.22874903678894043
Data(x=[42, 7], edge_index=[2, 42], y=157.0, edge_attr=[42, 6], custom_label=0.79695433, min_label=0, max_label=197, instance_name='p18.txt');0.796954333782196;0.7130641341209412;0.6984387636184692;0.22874903678894043
Data(x=[42, 7], edge_index=[2, 42], y=156.0, edge_attr=[42, 6], custom_label=0.79187816, min_label=0, max_label=197, instance_name='p18.txt');0.7918781638145447;0.7130641341209412;0.6984387636184692;0.22874903678894043
Data(x=[42, 7], edge_index=[2, 42], y=155.0, edge_attr=[42, 6], custom_label=0.78680205, min_label=0, max_label=197, instance_name='p18.txt');0.7868020534515381;0.7130641341209412;0.6984387636184692;0.22874903678894043
Data(x=[42, 7], edge_index=[2, 42], y=154.0, edge_attr=[42, 6], custom_label=0.7817259, min_label=0, max_label=197, instance_name='p18.txt');0.7817258834838867;0.7130641341209412;0.6984387636184692;0.22874903678894043
Data(x=[42, 7], edge_index=[2, 42], y=153.0, edge_attr=[42, 6], custom_label=0.7766498, min_label=0, max_label=197, instance_name='p18.txt');0.7766497731208801;0.7130641341209412;0.6984387636184692;0.22874903678894043
Data(x=[42, 7], edge_index=[2, 42], y=152.0, edge_attr=[42, 6], custom_label=0.7715736, min_label=0, max_label=197, instance_name='p18.txt');0.7715736031532288;0.7130641341209412;0.6984387636184692;0.22874903678894043
Data(x=[42, 7], edge_index=[2, 42], y=151.0, edge_attr=[42, 6], custom_label=0.76649743, min_label=0, max_label=197, instance_name='p18.txt');0.7664974331855774;0.7130641341209412;0.6984387636184692;0.22874903678894043
Data(x=[42, 7], edge_index=[2, 42], y=150.0, edge_attr=[42, 6], custom_label=0.7614213, min_label=0, max_label=197, instance_name='p18.txt');0.7614213228225708;0.7130641341209412;0.6984387636184692;0.22874903678894043
Data(x=[42, 7], edge_index=[2, 42], y=149.0, edge_attr=[42, 6], custom_label=0.75634515, min_label=0, max_label=197, instance_name='p18.txt');0.7563451528549194;0.7130641341209412;0.6984387636184692;0.22874903678894043
Data(x=[42, 7], edge_index=[2, 42], y=148.0, edge_attr=[42, 6], custom_label=0.75126904, min_label=0, max_label=197, instance_name='p18.txt');0.7512690424919128;0.7130641341209412;0.6984387636184692;0.22874903678894043
Data(x=[42, 7], edge_index=[2, 42], y=147.0, edge_attr=[42, 6], custom_label=0.7461929, min_label=0, max_label=197, instance_name='p18.txt');0.7461928725242615;0.7130641341209412;0.6984387636184692;0.22874903678894043
Data(x=[42, 7], edge_index=[2, 42], y=146.0, edge_attr=[42, 6], custom_label=0.74111676, min_label=0, max_label=197, instance_name='p18.txt');0.7411167621612549;0.7130641341209412;0.6984387636184692;0.22874903678894043
Data(x=[42, 7], edge_index=[2, 42], y=145.0, edge_attr=[42, 6], custom_label=0.7360406, min_label=0, max_label=197, instance_name='p18.txt');0.7360405921936035;0.7130641341209412;0.6984387636184692;0.22874903678894043
Data(x=[42, 7], edge_index=[2, 42], y=144.0, edge_attr=[42, 6], custom_label=0.7309645, min_label=0, max_label=197, instance_name='p18.txt');0.7309644818305969;0.7130641341209412;0.6984387636184692;0.22874903678894043
Data(x=[42, 7], edge_index=[2, 42], y=143.0, edge_attr=[42, 6], custom_label=0.7258883, min_label=0, max_label=197, instance_name='p18.txt');0.7258883118629456;0.7130641341209412;0.6984387636184692;0.22874903678894043
Data(x=[42, 7], edge_index=[2, 42], y=142.0, edge_attr=[42, 6], custom_label=0.7208122, min_label=0, max_label=197, instance_name='p18.txt');0.720812201499939;0.7130641341209412;0.6984387636184692;0.22874903678894043
Data(x=[42, 7], edge_index=[2, 42], y=141.0, edge_attr=[42, 6], custom_label=0.71573603, min_label=0, max_label=197, instance_name='p18.txt');0.7157360315322876;0.7130641341209412;0.6984387636184692;0.22874903678894043
Data(x=[42, 7], edge_index=[2, 42], y=140.0, edge_attr=[42, 6], custom_label=0.7106599, min_label=0, max_label=197, instance_name='p18.txt');0.710659921169281;0.7130641341209412;0.6984387636184692;0.22874903678894043
Data(x=[42, 7], edge_index=[2, 42], y=139.0, edge_attr=[42, 6], custom_label=0.70558375, min_label=0, max_label=197, instance_name='p18.txt');0.7055837512016296;0.7130641341209412;0.6984387636184692;0.22874903678894043
Data(x=[42, 7], edge_index=[2, 42], y=138.0, edge_attr=[42, 6], custom_label=0.70050764, min_label=0, max_label=197, instance_name='p18.txt');0.700507640838623;0.7130641341209412;0.6984387636184692;0.22874903678894043
Data(x=[42, 7], edge_index=[2, 42], y=137.0, edge_attr=[42, 6], custom_label=0.6954315, min_label=0, max_label=197, instance_name='p18.txt');0.6954314708709717;0.7130641341209412;0.6984387636184692;0.22874903678894043
Data(x=[42, 7], edge_index=[2, 42], y=136.0, edge_attr=[42, 6], custom_label=0.6903553, min_label=0, max_label=197, instance_name='p18.txt');0.6903553009033203;0.7130641341209412;0.6984387636184692;0.22874903678894043
Data(x=[42, 7], edge_index=[2, 42], y=135.0, edge_attr=[42, 6], custom_label=0.6852792, min_label=0, max_label=197, instance_name='p18.txt');0.6852791905403137;0.7130641341209412;0.6984387636184692;0.22874903678894043
Data(x=[42, 7], edge_index=[2, 42], y=134.0, edge_attr=[42, 6], custom_label=0.680203, min_label=0, max_label=197, instance_name='p18.txt');0.6802030205726624;0.7130641341209412;0.6984387636184692;0.22874903678894043
Data(x=[42, 7], edge_index=[2, 42], y=133.0, edge_attr=[42, 6], custom_label=0.6751269, min_label=0, max_label=197, instance_name='p18.txt');0.6751269102096558;0.7130641341209412;0.6984387636184692;0.22874903678894043
Data(x=[42, 7], edge_index=[2, 42], y=132.0, edge_attr=[42, 6], custom_label=0.67005074, min_label=0, max_label=197, instance_name='p18.txt');0.6700507402420044;0.7130641341209412;0.6984387636184692;0.22874903678894043
Data(x=[42, 7], edge_index=[2, 42], y=131.0, edge_attr=[42, 6], custom_label=0.66497463, min_label=0, max_label=197, instance_name='p18.txt');0.6649746298789978;0.7130641341209412;0.6984387636184692;0.22874903678894043
Data(x=[42, 7], edge_index=[2, 42], y=130.0, edge_attr=[42, 6], custom_label=0.65989846, min_label=0, max_label=197, instance_name='p18.txt');0.6598984599113464;0.7130641341209412;0.6984387636184692;0.22874903678894043
Data(x=[42, 7], edge_index=[2, 42], y=129.0, edge_attr=[42, 6], custom_label=0.65482235, min_label=0, max_label=197, instance_name='p18.txt');0.6548223495483398;0.7130641341209412;0.6984387636184692;0.22874903678894043
Data(x=[42, 7], edge_index=[2, 42], y=128.0, edge_attr=[42, 6], custom_label=0.6497462, min_label=0, max_label=197, instance_name='p18.txt');0.6497461795806885;0.7130641341209412;0.6984387636184692;0.22874903678894043
Data(x=[42, 7], edge_index=[2, 42], y=127.0, edge_attr=[42, 6], custom_label=0.64467007, min_label=0, max_label=197, instance_name='p18.txt');0.6446700692176819;0.7130641341209412;0.6984387636184692;0.22874903678894043
Data(x=[42, 7], edge_index=[2, 42], y=126.0, edge_attr=[42, 6], custom_label=0.6395939, min_label=0, max_label=197, instance_name='p18.txt');0.6395938992500305;0.7130641341209412;0.6984387636184692;0.22874903678894043
Data(x=[42, 7], edge_index=[2, 42], y=125.0, edge_attr=[42, 6], custom_label=0.6345178, min_label=0, max_label=197, instance_name='p18.txt');0.6345177888870239;0.7130641341209412;0.6984387636184692;0.22874903678894043
Data(x=[42, 7], edge_index=[2, 42], y=124.0, edge_attr=[42, 6], custom_label=0.6294416, min_label=0, max_label=197, instance_name='p18.txt');0.6294416189193726;0.7130641341209412;0.6984387636184692;0.22874903678894043
Data(x=[42, 7], edge_index=[2, 42], y=123.0, edge_attr=[42, 6], custom_label=0.6243655, min_label=0, max_label=197, instance_name='p18.txt');0.624365508556366;0.7130641341209412;0.6984387636184692;0.22874903678894043
Data(x=[42, 7], edge_index=[2, 42], y=122.0, edge_attr=[42, 6], custom_label=0.61928934, min_label=0, max_label=197, instance_name='p18.txt');0.6192893385887146;0.7130641341209412;0.6984387636184692;0.22874903678894043
Data(x=[42, 7], edge_index=[2, 42], y=121.0, edge_attr=[42, 6], custom_label=0.61421317, min_label=0, max_label=197, instance_name='p18.txt');0.6142131686210632;0.7130641341209412;0.6984387636184692;0.22874903678894043
Data(x=[42, 7], edge_index=[2, 42], y=120.0, edge_attr=[42, 6], custom_label=0.60913706, min_label=0, max_label=197, instance_name='p18.txt');0.6091370582580566;0.7130641341209412;0.6984387636184692;0.22874903678894043
Data(x=[42, 7], edge_index=[2, 42], y=119.0, edge_attr=[42, 6], custom_label=0.6040609, min_label=0, max_label=197, instance_name='p18.txt');0.6040608882904053;0.7130641341209412;0.6984387636184692;0.22874903678894043
Data(x=[42, 7], edge_index=[2, 42], y=118.0, edge_attr=[42, 6], custom_label=0.5989848, min_label=0, max_label=197, instance_name='p18.txt');0.5989847779273987;0.7130641341209412;0.6984387636184692;0.22874903678894043
Data(x=[42, 7], edge_index=[2, 42], y=117.0, edge_attr=[42, 6], custom_label=0.5939086, min_label=0, max_label=197, instance_name='p18.txt');0.5939086079597473;0.7130641341209412;0.6984387636184692;0.22874903678894043
Data(x=[42, 7], edge_index=[2, 42], y=116.0, edge_attr=[42, 6], custom_label=0.5888325, min_label=0, max_label=197, instance_name='p18.txt');0.5888324975967407;0.7130641341209412;0.6984387636184692;0.22874903678894043
Data(x=[42, 7], edge_index=[2, 42], y=115.0, edge_attr=[42, 6], custom_label=0.5837563, min_label=0, max_label=197, instance_name='p18.txt');0.5837563276290894;0.7130641341209412;0.6984387636184692;0.22874903678894043
Data(x=[42, 7], edge_index=[2, 42], y=114.0, edge_attr=[42, 6], custom_label=0.5786802, min_label=0, max_label=197, instance_name='p18.txt');0.5786802172660828;0.7130641341209412;0.6984387636184692;0.22874903678894043
Data(x=[42, 7], edge_index=[2, 42], y=113.0, edge_attr=[42, 6], custom_label=0.57360405, min_label=0, max_label=197, instance_name='p18.txt');0.5736040472984314;0.7130641341209412;0.6984387636184692;0.22874903678894043
Data(x=[42, 7], edge_index=[2, 42], y=112.0, edge_attr=[42, 6], custom_label=0.56852794, min_label=0, max_label=197, instance_name='p18.txt');0.5685279369354248;0.7130641341209412;0.6984387636184692;0.22874903678894043
Data(x=[42, 7], edge_index=[2, 42], y=111.0, edge_attr=[42, 6], custom_label=0.56345177, min_label=0, max_label=197, instance_name='p18.txt');0.5634517669677734;0.7130641341209412;0.6984387636184692;0.22874903678894043
Data(x=[42, 7], edge_index=[2, 42], y=110.0, edge_attr=[42, 6], custom_label=0.55837566, min_label=0, max_label=197, instance_name='p18.txt');0.5583756566047668;0.7130641341209412;0.6984387636184692;0.22874903678894043
Data(x=[42, 7], edge_index=[2, 42], y=109.0, edge_attr=[42, 6], custom_label=0.5532995, min_label=0, max_label=197, instance_name='p18.txt');0.5532994866371155;0.7130641341209412;0.6984387636184692;0.22874903678894043
Data(x=[42, 7], edge_index=[2, 42], y=108.0, edge_attr=[42, 6], custom_label=0.5482234, min_label=0, max_label=197, instance_name='p18.txt');0.5482233762741089;0.7130641341209412;0.6984387636184692;0.22874903678894043
Data(x=[42, 7], edge_index=[2, 42], y=107.0, edge_attr=[42, 6], custom_label=0.5431472, min_label=0, max_label=197, instance_name='p18.txt');0.5431472063064575;0.7130641341209412;0.6984387636184692;0.22874903678894043
Data(x=[43, 7], edge_index=[2, 2], edge_attr=[2, 6], y=106.0, custom_label=0.53807104, min_label=0, max_label=197, instance_name='p18.txt');0.5380710363388062;0.40587857365608215;0.34029731154441833;0.14261645078659058
Data(x=[42, 7], edge_index=[2, 42], y=105.0, edge_attr=[42, 6], custom_label=0.5329949, min_label=0, max_label=197, instance_name='p18.txt');0.5329949259757996;0.7130641341209412;0.6984387636184692;0.22874903678894043
Data(x=[42, 7], edge_index=[2, 42], y=104.0, edge_attr=[42, 6], custom_label=0.52791876, min_label=0, max_label=197, instance_name='p18.txt');0.5279187560081482;0.7130641341209412;0.6984387636184692;0.22874903678894043
Data(x=[42, 7], edge_index=[2, 42], y=103.0, edge_attr=[42, 6], custom_label=0.52284265, min_label=0, max_label=197, instance_name='p18.txt');0.5228426456451416;0.7130641341209412;0.6984387636184692;0.22874903678894043
Data(x=[42, 7], edge_index=[2, 42], y=102.0, edge_attr=[42, 6], custom_label=0.5177665, min_label=0, max_label=197, instance_name='p18.txt');0.5177664756774902;0.7130641341209412;0.6984387636184692;0.22874903678894043
Data(x=[42, 7], edge_index=[2, 42], y=101.0, edge_attr=[42, 6], custom_label=0.51269037, min_label=0, max_label=197, instance_name='p18.txt');0.5126903653144836;0.7130641341209412;0.6984387636184692;0.22874903678894043
Data(x=[43, 7], edge_index=[2, 2], edge_attr=[2, 6], y=100.0, custom_label=0.5076142, min_label=0, max_label=197, instance_name='p18.txt');0.5076141953468323;0.4058785140514374;0.34029731154441833;0.14261645078659058
Data(x=[43, 7], edge_index=[2, 2], edge_attr=[2, 6], y=99.0, custom_label=0.5025381, min_label=0, max_label=197, instance_name='p18.txt');0.5025380849838257;0.4058785140514374;0.34029731154441833;0.14261645078659058
Data(x=[43, 7], edge_index=[2, 2], edge_attr=[2, 6], y=98.0, custom_label=0.49746192, min_label=0, max_label=197, instance_name='p18.txt');0.4974619150161743;0.4058785140514374;0.34029731154441833;0.14261645078659058
Data(x=[43, 7], edge_index=[2, 2], edge_attr=[2, 6], y=97.0, custom_label=0.49238577, min_label=0, max_label=197, instance_name='p18.txt');0.49238577485084534;0.4058785140514374;0.34029731154441833;0.14261645078659058
Data(x=[43, 7], edge_index=[2, 2], edge_attr=[2, 6], y=96.0, custom_label=0.48730963, min_label=0, max_label=197, instance_name='p18.txt');0.48730963468551636;0.4058785140514374;0.34029731154441833;0.14261645078659058
Data(x=[43, 7], edge_index=[2, 2], edge_attr=[2, 6], y=95.0, custom_label=0.4822335, min_label=0, max_label=197, instance_name='p18.txt');0.4822334945201874;0.4058785140514374;0.34029731154441833;0.14261645078659058
Data(x=[43, 7], edge_index=[2, 2], edge_attr=[2, 6], y=94.0, custom_label=0.47715735, min_label=0, max_label=197, instance_name='p18.txt');0.4771573543548584;0.4058785140514374;0.34029731154441833;0.14261645078659058
Data(x=[43, 7], edge_index=[2, 2], edge_attr=[2, 6], y=93.0, custom_label=0.4720812, min_label=0, max_label=197, instance_name='p18.txt');0.4720812141895294;0.4058785140514374;0.34029731154441833;0.14261645078659058
Data(x=[43, 7], edge_index=[2, 2], edge_attr=[2, 6], y=92.0, custom_label=0.46700507, min_label=0, max_label=197, instance_name='p18.txt');0.46700507402420044;0.4058785140514374;0.34029731154441833;0.14261645078659058
Data(x=[43, 7], edge_index=[2, 2], edge_attr=[2, 6], y=91.0, custom_label=0.46192893, min_label=0, max_label=197, instance_name='p18.txt');0.46192893385887146;0.4058785140514374;0.34029731154441833;0.14261645078659058
Data(x=[43, 7], edge_index=[2, 2], edge_attr=[2, 6], y=90.0, custom_label=0.4568528, min_label=0, max_label=197, instance_name='p18.txt');0.4568527936935425;0.4058785140514374;0.34029731154441833;0.14261645078659058
Data(x=[43, 7], edge_index=[2, 2], edge_attr=[2, 6], y=89.0, custom_label=0.45177665, min_label=0, max_label=197, instance_name='p18.txt');0.4517766535282135;0.4058785140514374;0.34029731154441833;0.14261645078659058
Data(x=[43, 7], edge_index=[2, 2], edge_attr=[2, 6], y=88.0, custom_label=0.4467005, min_label=0, max_label=197, instance_name='p18.txt');0.4467005133628845;0.4058785140514374;0.34029731154441833;0.14261645078659058
Data(x=[43, 7], edge_index=[2, 2], edge_attr=[2, 6], y=87.0, custom_label=0.44162437, min_label=0, max_label=197, instance_name='p18.txt');0.44162437319755554;0.4058785140514374;0.34029731154441833;0.14261645078659058
Data(x=[43, 7], edge_index=[2, 2], edge_attr=[2, 6], y=86.0, custom_label=0.43654823, min_label=0, max_label=197, instance_name='p18.txt');0.43654823303222656;0.4058785140514374;0.34029731154441833;0.14261645078659058
Data(x=[43, 7], edge_index=[2, 2], edge_attr=[2, 6], y=85.0, custom_label=0.4314721, min_label=0, max_label=197, instance_name='p18.txt');0.4314720928668976;0.4058785140514374;0.34029731154441833;0.14261645078659058
Data(x=[43, 7], edge_index=[2, 2], edge_attr=[2, 6], y=84.0, custom_label=0.42639595, min_label=0, max_label=197, instance_name='p18.txt');0.4263959527015686;0.4058785140514374;0.34029731154441833;0.14261645078659058
Data(x=[43, 7], edge_index=[2, 2], edge_attr=[2, 6], y=83.0, custom_label=0.42131978, min_label=0, max_label=197, instance_name='p18.txt');0.42131978273391724;0.4058785140514374;0.34029731154441833;0.14261645078659058
Data(x=[43, 7], edge_index=[2, 2], edge_attr=[2, 6], y=82.0, custom_label=0.41624364, min_label=0, max_label=197, instance_name='p18.txt');0.41624364256858826;0.4058785140514374;0.34029731154441833;0.14261645078659058
Data(x=[43, 7], edge_index=[2, 2], edge_attr=[2, 6], y=81.0, custom_label=0.4111675, min_label=0, max_label=197, instance_name='p18.txt');0.4111675024032593;0.4058785140514374;0.34029731154441833;0.14261645078659058
Data(x=[43, 7], edge_index=[2, 2], edge_attr=[2, 6], y=80.0, custom_label=0.40609136, min_label=0, max_label=197, instance_name='p18.txt');0.4060913622379303;0.4058785140514374;0.34029731154441833;0.14261645078659058
Data(x=[43, 7], edge_index=[2, 2], edge_attr=[2, 6], y=79.0, custom_label=0.40101522, min_label=0, max_label=197, instance_name='p18.txt');0.4010152220726013;0.4058785140514374;0.34029731154441833;0.14261645078659058
Data(x=[43, 7], edge_index=[2, 2], edge_attr=[2, 6], y=78.0, custom_label=0.39593908, min_label=0, max_label=197, instance_name='p18.txt');0.39593908190727234;0.4058785140514374;0.34029731154441833;0.14261645078659058
Data(x=[43, 7], edge_index=[2, 2], edge_attr=[2, 6], y=77.0, custom_label=0.39086294, min_label=0, max_label=197, instance_name='p18.txt');0.39086294174194336;0.4058785140514374;0.34029731154441833;0.14261645078659058
Data(x=[43, 7], edge_index=[2, 2], edge_attr=[2, 6], y=76.0, custom_label=0.3857868, min_label=0, max_label=197, instance_name='p18.txt');0.3857868015766144;0.4058785140514374;0.34029731154441833;0.14261645078659058
Data(x=[43, 7], edge_index=[2, 2], edge_attr=[2, 6], y=75.0, custom_label=0.38071066, min_label=0, max_label=197, instance_name='p18.txt');0.3807106614112854;0.4058785140514374;0.34029731154441833;0.14261645078659058
Data(x=[43, 7], edge_index=[2, 2], edge_attr=[2, 6], y=74.0, custom_label=0.37563452, min_label=0, max_label=197, instance_name='p18.txt');0.3756345212459564;0.4058785140514374;0.34029731154441833;0.14261645078659058
Data(x=[43, 7], edge_index=[2, 2], edge_attr=[2, 6], y=73.0, custom_label=0.37055838, min_label=0, max_label=197, instance_name='p18.txt');0.37055838108062744;0.4058785140514374;0.34029731154441833;0.14261645078659058
Data(x=[43, 7], edge_index=[2, 2], edge_attr=[2, 6], y=72.0, custom_label=0.36548224, min_label=0, max_label=197, instance_name='p18.txt');0.36548224091529846;0.4058785140514374;0.34029731154441833;0.14261645078659058
Data(x=[43, 7], edge_index=[2, 2], edge_attr=[2, 6], y=71.0, custom_label=0.3604061, min_label=0, max_label=197, instance_name='p18.txt');0.3604061007499695;0.4058785140514374;0.34029731154441833;0.14261645078659058
Data(x=[44, 7], edge_index=[2, 4], edge_attr=[4, 6], y=70.0, custom_label=0.35532996, min_label=0, max_label=197, instance_name='p18.txt');0.3553299605846405;0.2605368494987488;0.193744495511055;0.14261645078659058
Data(x=[43, 7], edge_index=[2, 2], edge_attr=[2, 6], y=69.0, custom_label=0.35025382, min_label=0, max_label=197, instance_name='p18.txt');0.3502538204193115;0.4058785140514374;0.34029731154441833;0.14261645078659058
Data(x=[43, 7], edge_index=[2, 2], edge_attr=[2, 6], y=68.0, custom_label=0.34517765, min_label=0, max_label=197, instance_name='p18.txt');0.34517765045166016;0.4058785140514374;0.34029731154441833;0.14261645078659058
Data(x=[43, 7], edge_index=[2, 2], edge_attr=[2, 6], y=67.0, custom_label=0.3401015, min_label=0, max_label=197, instance_name='p18.txt');0.3401015102863312;0.4058785140514374;0.34029731154441833;0.14261645078659058
Data(x=[43, 7], edge_index=[2, 2], edge_attr=[2, 6], y=66.0, custom_label=0.33502537, min_label=0, max_label=197, instance_name='p18.txt');0.3350253701210022;0.4058785140514374;0.34029731154441833;0.14261645078659058
Data(x=[43, 7], edge_index=[2, 2], edge_attr=[2, 6], y=65.0, custom_label=0.32994923, min_label=0, max_label=197, instance_name='p18.txt');0.3299492299556732;0.4058785140514374;0.34029731154441833;0.14261645078659058
Data(x=[43, 7], edge_index=[2, 2], edge_attr=[2, 6], y=64.0, custom_label=0.3248731, min_label=0, max_label=197, instance_name='p18.txt');0.32487308979034424;0.4058785140514374;0.34029731154441833;0.14261645078659058
Data(x=[43, 7], edge_index=[2, 2], edge_attr=[2, 6], y=63.0, custom_label=0.31979695, min_label=0, max_label=197, instance_name='p18.txt');0.31979694962501526;0.4058785140514374;0.34029731154441833;0.14261645078659058
Data(x=[43, 7], edge_index=[2, 2], edge_attr=[2, 6], y=62.0, custom_label=0.3147208, min_label=0, max_label=197, instance_name='p18.txt');0.3147208094596863;0.4058785140514374;0.34029731154441833;0.14261645078659058
Data(x=[43, 7], edge_index=[2, 2], edge_attr=[2, 6], y=61.0, custom_label=0.30964467, min_label=0, max_label=197, instance_name='p18.txt');0.3096446692943573;0.4058785140514374;0.34029731154441833;0.14261645078659058
Data(x=[43, 7], edge_index=[2, 2], edge_attr=[2, 6], y=60.0, custom_label=0.30456853, min_label=0, max_label=197, instance_name='p18.txt');0.3045685291290283;0.4058785140514374;0.34029731154441833;0.14261645078659058
Data(x=[43, 7], edge_index=[2, 2], edge_attr=[2, 6], y=59.0, custom_label=0.2994924, min_label=0, max_label=197, instance_name='p18.txt');0.29949238896369934;0.4058785140514374;0.34029731154441833;0.14261645078659058
Data(x=[43, 7], edge_index=[2, 2], edge_attr=[2, 6], y=58.0, custom_label=0.29441625, min_label=0, max_label=197, instance_name='p18.txt');0.29441624879837036;0.4058785140514374;0.34029731154441833;0.14261645078659058
Data(x=[43, 7], edge_index=[2, 2], edge_attr=[2, 6], y=57.0, custom_label=0.2893401, min_label=0, max_label=197, instance_name='p18.txt');0.2893401086330414;0.4058785140514374;0.34029731154441833;0.14261645078659058
Data(x=[43, 7], edge_index=[2, 2], edge_attr=[2, 6], y=56.0, custom_label=0.28426397, min_label=0, max_label=197, instance_name='p18.txt');0.2842639684677124;0.4058785140514374;0.34029731154441833;0.14261645078659058
Data(x=[43, 7], edge_index=[2, 2], edge_attr=[2, 6], y=55.0, custom_label=0.27918783, min_label=0, max_label=197, instance_name='p18.txt');0.2791878283023834;0.4058785140514374;0.34029731154441833;0.14261645078659058
Data(x=[44, 7], edge_index=[2, 4], edge_attr=[4, 6], y=54.0, custom_label=0.2741117, min_label=0, max_label=197, instance_name='p18.txt');0.27411168813705444;0.2605368494987488;0.193744495511055;0.14261645078659058
Data(x=[45, 7], edge_index=[2, 6], edge_attr=[6, 6], y=53.0, custom_label=0.26903552, min_label=0, max_label=197, instance_name='p18.txt');0.2690355181694031;0.14657050371170044;0.05522585287690163;0.14261645078659058
Data(x=[45, 7], edge_index=[2, 6], edge_attr=[6, 6], y=52.0, custom_label=0.26395938, min_label=0, max_label=197, instance_name='p18.txt');0.2639593780040741;0.14657050371170044;0.05522585287690163;0.14261645078659058
Data(x=[45, 7], edge_index=[2, 6], edge_attr=[6, 6], y=51.0, custom_label=0.25888324, min_label=0, max_label=197, instance_name='p18.txt');0.2588832378387451;0.14657050371170044;0.05522585287690163;0.14261645078659058
Data(x=[45, 7], edge_index=[2, 6], edge_attr=[6, 6], y=50.0, custom_label=0.2538071, min_label=0, max_label=197, instance_name='p18.txt');0.25380709767341614;0.14657050371170044;0.05522585287690163;0.14261645078659058
Data(x=[45, 7], edge_index=[2, 6], edge_attr=[6, 6], y=49.0, custom_label=0.24873096, min_label=0, max_label=197, instance_name='p18.txt');0.24873095750808716;0.14657050371170044;0.05522585287690163;0.14261645078659058
Data(x=[45, 7], edge_index=[2, 6], edge_attr=[6, 6], y=48.0, custom_label=0.24365482, min_label=0, max_label=197, instance_name='p18.txt');0.24365481734275818;0.14657050371170044;0.05522585287690163;0.14261645078659058
Data(x=[45, 7], edge_index=[2, 6], edge_attr=[6, 6], y=47.0, custom_label=0.23857868, min_label=0, max_label=197, instance_name='p18.txt');0.2385786771774292;0.14657050371170044;0.05522585287690163;0.14261645078659058
Data(x=[45, 7], edge_index=[2, 6], edge_attr=[6, 6], y=46.0, custom_label=0.23350254, min_label=0, max_label=197, instance_name='p18.txt');0.23350253701210022;0.14657050371170044;0.05522585287690163;0.14261645078659058
Data(x=[45, 7], edge_index=[2, 6], edge_attr=[6, 6], y=45.0, custom_label=0.2284264, min_label=0, max_label=197, instance_name='p18.txt');0.22842639684677124;0.14657050371170044;0.05522585287690163;0.14261645078659058
Data(x=[45, 7], edge_index=[2, 6], edge_attr=[6, 6], y=44.0, custom_label=0.22335026, min_label=0, max_label=197, instance_name='p18.txt');0.22335025668144226;0.14657050371170044;0.05522585287690163;0.14261645078659058
Data(x=[45, 7], edge_index=[2, 6], edge_attr=[6, 6], y=43.0, custom_label=0.21827412, min_label=0, max_label=197, instance_name='p18.txt');0.21827411651611328;0.14657050371170044;0.05522585287690163;0.14261645078659058
Data(x=[45, 7], edge_index=[2, 6], edge_attr=[6, 6], y=42.0, custom_label=0.21319798, min_label=0, max_label=197, instance_name='p18.txt');0.2131979763507843;0.14657050371170044;0.05522585287690163;0.14261645078659058
Data(x=[45, 7], edge_index=[2, 6], edge_attr=[6, 6], y=41.0, custom_label=0.20812182, min_label=0, max_label=197, instance_name='p18.txt');0.20812182128429413;0.14657050371170044;0.05522585287690163;0.14261645078659058
Data(x=[45, 7], edge_index=[2, 6], edge_attr=[6, 6], y=40.0, custom_label=0.20304568, min_label=0, max_label=197, instance_name='p18.txt');0.20304568111896515;0.14657050371170044;0.05522585287690163;0.14261645078659058
Data(x=[45, 7], edge_index=[2, 6], edge_attr=[6, 6], y=39.0, custom_label=0.19796954, min_label=0, max_label=197, instance_name='p18.txt');0.19796954095363617;0.14657050371170044;0.05522585287690163;0.14261645078659058
Data(x=[45, 7], edge_index=[2, 6], edge_attr=[6, 6], y=38.0, custom_label=0.1928934, min_label=0, max_label=197, instance_name='p18.txt');0.1928934007883072;0.14657050371170044;0.05522585287690163;0.14261645078659058
Data(x=[45, 7], edge_index=[2, 6], edge_attr=[6, 6], y=37.0, custom_label=0.18781726, min_label=0, max_label=197, instance_name='p18.txt');0.1878172606229782;0.14657050371170044;0.05522585287690163;0.14261645078659058
Data(x=[45, 7], edge_index=[2, 6], edge_attr=[6, 6], y=36.0, custom_label=0.18274112, min_label=0, max_label=197, instance_name='p18.txt');0.18274112045764923;0.14657050371170044;0.05522585287690163;0.14261645078659058
Data(x=[45, 7], edge_index=[2, 6], edge_attr=[6, 6], y=35.0, custom_label=0.17766498, min_label=0, max_label=197, instance_name='p18.txt');0.17766498029232025;0.14657050371170044;0.05522585287690163;0.14261645078659058
Data(x=[45, 7], edge_index=[2, 6], edge_attr=[6, 6], y=34.0, custom_label=0.17258883, min_label=0, max_label=197, instance_name='p18.txt');0.17258882522583008;0.14657050371170044;0.05522585287690163;0.14261645078659058
Data(x=[45, 7], edge_index=[2, 6], edge_attr=[6, 6], y=33.0, custom_label=0.16751269, min_label=0, max_label=197, instance_name='p18.txt');0.1675126850605011;0.14657050371170044;0.05522585287690163;0.14261645078659058
Data(x=[45, 7], edge_index=[2, 6], edge_attr=[6, 6], y=32.0, custom_label=0.16243654, min_label=0, max_label=197, instance_name='p18.txt');0.16243654489517212;0.14657050371170044;0.05522585287690163;0.14261645078659058
Data(x=[45, 7], edge_index=[2, 6], edge_attr=[6, 6], y=31.0, custom_label=0.1573604, min_label=0, max_label=197, instance_name='p18.txt');0.15736040472984314;0.14657050371170044;0.05522585287690163;0.14261645078659058
Data(x=[45, 7], edge_index=[2, 6], edge_attr=[6, 6], y=30.0, custom_label=0.15228426, min_label=0, max_label=197, instance_name='p18.txt');0.15228426456451416;0.14657050371170044;0.05522585287690163;0.14261645078659058
Data(x=[45, 7], edge_index=[2, 6], edge_attr=[6, 6], y=29.0, custom_label=0.14720812, min_label=0, max_label=197, instance_name='p18.txt');0.14720812439918518;0.14657050371170044;0.05522585287690163;0.14261645078659058
Data(x=[45, 7], edge_index=[2, 6], edge_attr=[6, 6], y=28.0, custom_label=0.14213198, min_label=0, max_label=197, instance_name='p18.txt');0.1421319842338562;0.14657050371170044;0.05522585287690163;0.14261645078659058
Data(x=[45, 7], edge_index=[2, 6], edge_attr=[6, 6], y=27.0, custom_label=0.13705584, min_label=0, max_label=197, instance_name='p18.txt');0.13705584406852722;0.14657050371170044;0.05522585287690163;0.14261645078659058
Data(x=[45, 7], edge_index=[2, 6], edge_attr=[6, 6], y=26.0, custom_label=0.13197969, min_label=0, max_label=197, instance_name='p18.txt');0.13197968900203705;0.14657050371170044;0.05522585287690163;0.14261645078659058
Data(x=[45, 7], edge_index=[2, 6], edge_attr=[6, 6], y=25.0, custom_label=0.12690355, min_label=0, max_label=197, instance_name='p18.txt');0.12690354883670807;0.14657050371170044;0.05522585287690163;0.14261645078659058
Data(x=[45, 7], edge_index=[2, 6], edge_attr=[6, 6], y=24.0, custom_label=0.12182741, min_label=0, max_label=197, instance_name='p18.txt');0.12182740867137909;0.14657050371170044;0.05522585287690163;0.14261645078659058
Data(x=[45, 7], edge_index=[2, 6], edge_attr=[6, 6], y=23.0, custom_label=0.11675127, min_label=0, max_label=197, instance_name='p18.txt');0.11675126850605011;0.14657050371170044;0.05522585287690163;0.14261645078659058
Data(x=[45, 7], edge_index=[2, 6], edge_attr=[6, 6], y=22.0, custom_label=0.11167513, min_label=0, max_label=197, instance_name='p18.txt');0.11167512834072113;0.14657050371170044;0.05522585287690163;0.14261645078659058
Data(x=[45, 7], edge_index=[2, 6], edge_attr=[6, 6], y=21.0, custom_label=0.10659899, min_label=0, max_label=197, instance_name='p18.txt');0.10659898817539215;0.14657050371170044;0.05522585287690163;0.14261645078659058
Data(x=[45, 7], edge_index=[2, 6], edge_attr=[6, 6], y=20.0, custom_label=0.10152284, min_label=0, max_label=197, instance_name='p18.txt');0.10152284055948257;0.14657050371170044;0.05522585287690163;0.14261645078659058
Data(x=[45, 7], edge_index=[2, 6], edge_attr=[6, 6], y=19.0, custom_label=0.0964467, min_label=0, max_label=197, instance_name='p18.txt');0.0964467003941536;0.14657050371170044;0.05522585287690163;0.14261645078659058
Data(x=[45, 7], edge_index=[2, 6], edge_attr=[6, 6], y=18.0, custom_label=0.09137056, min_label=0, max_label=197, instance_name='p18.txt');0.09137056022882462;0.14657050371170044;0.05522585287690163;0.14261645078659058
Data(x=[44, 7], edge_index=[2, 4], edge_attr=[4, 6], y=17.0, custom_label=0.08629441, min_label=0, max_label=197, instance_name='p18.txt');0.08629441261291504;0.2605368494987488;0.193744495511055;0.14261645078659058
Data(x=[44, 7], edge_index=[2, 4], edge_attr=[4, 6], y=16.0, custom_label=0.08121827, min_label=0, max_label=197, instance_name='p18.txt');0.08121827244758606;0.2605368494987488;0.193744495511055;0.14261645078659058
Data(x=[44, 7], edge_index=[2, 4], edge_attr=[4, 6], y=15.0, custom_label=0.07614213, min_label=0, max_label=197, instance_name='p18.txt');0.07614213228225708;0.2605368494987488;0.193744495511055;0.14261645078659058
Data(x=[44, 7], edge_index=[2, 4], edge_attr=[4, 6], y=14.0, custom_label=0.07106599, min_label=0, max_label=197, instance_name='p18.txt');0.0710659921169281;0.2605368494987488;0.193744495511055;0.14261645078659058
Data(x=[44, 7], edge_index=[2, 4], edge_attr=[4, 6], y=13.0, custom_label=0.065989845, min_label=0, max_label=197, instance_name='p18.txt');0.06598984450101852;0.2605368494987488;0.193744495511055;0.14261645078659058
Data(x=[44, 7], edge_index=[2, 4], edge_attr=[4, 6], y=12.0, custom_label=0.060913704, min_label=0, max_label=197, instance_name='p18.txt');0.060913704335689545;0.2605368494987488;0.193744495511055;0.14261645078659058
Data(x=[44, 7], edge_index=[2, 4], edge_attr=[4, 6], y=11.0, custom_label=0.055837564, min_label=0, max_label=197, instance_name='p18.txt');0.055837564170360565;0.2605368494987488;0.193744495511055;0.14261645078659058
Data(x=[44, 7], edge_index=[2, 4], edge_attr=[4, 6], y=10.0, custom_label=0.05076142, min_label=0, max_label=197, instance_name='p18.txt');0.05076142027974129;0.2605368494987488;0.193744495511055;0.14261645078659058
Data(x=[44, 7], edge_index=[2, 4], edge_attr=[4, 6], y=9.0, custom_label=0.04568528, min_label=0, max_label=197, instance_name='p18.txt');0.04568528011441231;0.2605368494987488;0.193744495511055;0.14261645078659058
Data(x=[44, 7], edge_index=[2, 4], edge_attr=[4, 6], y=8.0, custom_label=0.040609136, min_label=0, max_label=197, instance_name='p18.txt');0.04060913622379303;0.2605368494987488;0.193744495511055;0.14261645078659058
Data(x=[44, 7], edge_index=[2, 4], edge_attr=[4, 6], y=7.0, custom_label=0.035532996, min_label=0, max_label=197, instance_name='p18.txt');0.03553299605846405;0.2605368494987488;0.193744495511055;0.14261645078659058
Data(x=[44, 7], edge_index=[2, 4], edge_attr=[4, 6], y=6.0, custom_label=0.030456852, min_label=0, max_label=197, instance_name='p18.txt');0.030456852167844772;0.2605368494987488;0.193744495511055;0.14261645078659058
Data(x=[44, 7], edge_index=[2, 4], edge_attr=[4, 6], y=5.0, custom_label=0.02538071, min_label=0, max_label=197, instance_name='p18.txt');0.025380710139870644;0.2605368494987488;0.193744495511055;0.14261645078659058
Data(x=[44, 7], edge_index=[2, 4], edge_attr=[4, 6], y=4.0, custom_label=0.020304568, min_label=0, max_label=197, instance_name='p18.txt');0.020304568111896515;0.2605368494987488;0.193744495511055;0.14261645078659058
Data(x=[45, 7], edge_index=[2, 6], edge_attr=[6, 6], y=3.0, custom_label=0.015228426, min_label=0, max_label=197, instance_name='p18.txt');0.015228426083922386;0.14657050371170044;0.05522585287690163;0.14261645078659058
Data(x=[45, 7], edge_index=[2, 6], edge_attr=[6, 6], y=2.0, custom_label=0.010152284, min_label=0, max_label=197, instance_name='p18.txt');0.010152284055948257;0.14657050371170044;0.05522585287690163;0.14261645078659058
Data(x=[45, 7], edge_index=[2, 6], edge_attr=[6, 6], y=1.0, custom_label=0.005076142, min_label=0, max_label=197, instance_name='p18.txt');0.005076142027974129;0.14657050371170044;0.05522585287690163;0.14261645078659058
Data(x=[46, 7], edge_index=[2, 8], edge_attr=[8, 6], y=0.0, custom_label=0.0, min_label=0, max_label=197, instance_name='p18.txt');0.0;0.002198785077780485;0.00011651167005766183;0.14261645078659058
Data(x=[25, 7], edge_index=[2, 18], edge_attr=[18, 6], y=0.0, custom_label=0.0, min_label=0, max_label=8, instance_name='p19.txt');0.0;7.601915058330633e-06;6.390455382643268e-07;8.048505980608189e-13
Data(x=[22, 7], edge_index=[2, 16], edge_attr=[16, 6], y=0.0, custom_label=0.0, min_label=0, max_label=8, instance_name='p19.txt');0.0;2.5437397198402323e-05;2.906691406678874e-06;0.14261645078659058
Data(x=[27, 7], edge_index=[2, 12], edge_attr=[12, 6], y=0.0, custom_label=0.0, min_label=0, max_label=8, instance_name='p19.txt');0.0;2.0297344235586934e-05;6.331519671221031e-06;0.00020854815375059843
Data(x=[25, 7], edge_index=[2, 14], edge_attr=[14, 6], y=0.0, custom_label=0.0, min_label=0, max_label=8, instance_name='p19.txt');0.0;1.06540355773177e-05;2.4785340428934433e-06;3.481605745037086e-05
Data(x=[22, 7], edge_index=[2, 12], edge_attr=[12, 6], y=0.0, custom_label=0.0, min_label=0, max_label=8, instance_name='p19.txt');0.0;0.0001176451551145874;2.757334732450545e-05;1.7557023966219276e-05
Data(x=[24, 7], edge_index=[2, 12], edge_attr=[12, 6], y=0.0, custom_label=0.0, min_label=0, max_label=8, instance_name='p19.txt');0.0;7.709550845902413e-05;1.7468706573708914e-05;1.7557023966219276e-05
Data(x=[27, 7], edge_index=[2, 14], edge_attr=[14, 6], y=0.0, custom_label=0.0, min_label=0, max_label=8, instance_name='p19.txt');0.0;2.1165662474231794e-05;3.4393158330203732e-06;3.481605745037086e-05
Data(x=[22, 7], edge_index=[2, 18], edge_attr=[18, 6], y=0.0, custom_label=0.0, min_label=0, max_label=8, instance_name='p19.txt');0.0;0.002157886978238821;1.4728167343491805e-06;0.00023004146351013333
Data(x=[26, 7], edge_index=[2, 20], edge_attr=[20, 6], y=0.0, custom_label=0.0, min_label=0, max_label=8, instance_name='p19.txt');0.0;0.1783590167760849;0.00010934809688478708;0.14261645078659058
Data(x=[30, 7], edge_index=[2, 14], edge_attr=[14, 6], y=0.0, custom_label=0.0, min_label=0, max_label=8, instance_name='p19.txt');0.0;0.00029803687357343733;1.6529642380191945e-05;0.14261645078659058
Data(x=[24, 7], edge_index=[2, 10], edge_attr=[10, 6], y=6.0, custom_label=0.75, min_label=0, max_label=8, instance_name='p19.txt');0.75;0.38246893882751465;0.38246262073516846;0.14261645078659058
Data(x=[24, 7], edge_index=[2, 10], edge_attr=[10, 6], y=5.0, custom_label=0.625, min_label=0, max_label=8, instance_name='p19.txt');0.625;0.3961087763309479;0.3553221821784973;0.14261645078659058
Data(x=[25, 7], edge_index=[2, 12], edge_attr=[12, 6], y=4.0, custom_label=0.5, min_label=0, max_label=8, instance_name='p19.txt');0.5;0.13877516984939575;0.1088179498910904;3.481605745037086e-05
Data(x=[24, 7], edge_index=[2, 10], edge_attr=[10, 6], y=3.0, custom_label=0.375, min_label=0, max_label=8, instance_name='p19.txt');0.375;0.20399504899978638;0.1611778885126114;3.481605745037086e-05
Data(x=[24, 7], edge_index=[2, 10], edge_attr=[10, 6], y=2.0, custom_label=0.25, min_label=0, max_label=8, instance_name='p19.txt');0.25;0.1873963177204132;0.1989736407995224;6.465290789492428e-05
Data(x=[24, 7], edge_index=[2, 10], edge_attr=[10, 6], y=1.0, custom_label=0.125, min_label=0, max_label=8, instance_name='p19.txt');0.125;0.16580885648727417;0.14154595136642456;3.481605745037086e-05
Data(x=[25, 7], edge_index=[2, 12], edge_attr=[12, 6], y=0.0, custom_label=0.0, min_label=0, max_label=8, instance_name='p19.txt');0.0;3.11186486214865e-05;8.723512110009324e-06;3.481605745037086e-05
Data(x=[29, 7], edge_index=[2, 12], edge_attr=[12, 6], y=0.0, custom_label=0.0, min_label=0, max_label=8, instance_name='p19.txt');0.0;0.00026407037512399256;2.674248935363721e-05;0.14261645078659058
Data(x=[29, 7], edge_index=[2, 10], edge_attr=[10, 6], y=0.0, custom_label=0.0, min_label=0, max_label=8, instance_name='p19.txt');0.0;0.0002451992186252028;4.7201050620060414e-05;0.00020854815375059843
Data(x=[22, 7], edge_index=[2, 16], edge_attr=[16, 6], y=0.0, custom_label=0.0, min_label=0, max_label=8, instance_name='p19.txt');0.0;2.5398894649697468e-06;6.1971388731763e-07;0.14261645078659058
Data(x=[18, 7], edge_index=[2, 10], edge_attr=[10, 6], y=0.0, custom_label=0.0, min_label=0, max_label=8, instance_name='p19.txt');0.0;7.503913366235793e-06;1.8972219550050795e-05;0.00023004146351013333
Data(x=[23, 7], edge_index=[2, 14], edge_attr=[14, 6], y=0.0, custom_label=0.0, min_label=0, max_label=8, instance_name='p19.txt');0.0;0.0068506719544529915;0.0001016067762975581;0.14261645078659058
Data(x=[26, 7], edge_index=[2, 18], edge_attr=[18, 6], y=0.0, custom_label=0.0, min_label=0, max_label=8, instance_name='p19.txt');0.0;0.006619207561016083;3.0812923796474934e-05;3.5711077543965075e-06
Data(x=[27, 7], edge_index=[2, 14], edge_attr=[14, 6], y=0.0, custom_label=0.0, min_label=0, max_label=8, instance_name='p19.txt');0.0;0.00015200678899418563;1.2485681509133428e-05;6.465290789492428e-05
Data(x=[24, 7], edge_index=[2, 10], edge_attr=[10, 6], y=0.0, custom_label=0.0, min_label=0, max_label=8, instance_name='p19.txt');0.0;7.572351751150563e-05;3.470729279797524e-05;1.7557023966219276e-05
Data(x=[26, 7], edge_index=[2, 12], edge_attr=[12, 6], y=0.0, custom_label=0.0, min_label=0, max_label=8, instance_name='p19.txt');0.0;1.4820266187598463e-05;5.5373147915815935e-06;1.0964547072944697e-05
Data(x=[30, 7], edge_index=[2, 12], edge_attr=[12, 6], y=0.0, custom_label=0.0, min_label=0, max_label=8, instance_name='p19.txt');0.0;0.000754227046854794;4.717009505839087e-05;0.14261645078659058
Data(x=[28, 7], edge_index=[2, 10], edge_attr=[10, 6], y=0.0, custom_label=0.0, min_label=0, max_label=8, instance_name='p19.txt');0.0;2.5528726837364957e-05;1.2916003470309079e-05;0.14261645078659058
Data(x=[34, 7], edge_index=[2, 20], edge_attr=[20, 6], y=0.0, custom_label=0.0, min_label=0, max_label=8, instance_name='p19.txt');0.0;0.012385167181491852;2.9866361728636548e-05;0.14261645078659058
Data(x=[30, 7], edge_index=[2, 16], edge_attr=[16, 6], y=0.0, custom_label=0.0, min_label=0, max_label=8, instance_name='p19.txt');0.0;4.562464164337143e-05;2.990790562762413e-06;0.00020854815375059843
Data(x=[22, 7], edge_index=[2, 8], edge_attr=[8, 6], y=0.0, custom_label=0.0, min_label=0, max_label=8, instance_name='p19.txt');0.0;3.773366188397631e-05;6.241243681870401e-05;0.14261645078659058
Data(x=[25, 7], edge_index=[2, 10], edge_attr=[10, 6], y=0.0, custom_label=0.0, min_label=0, max_label=8, instance_name='p19.txt');0.0;9.945451165549457e-05;3.7273475754773244e-05;0.14261645078659058
Data(x=[22, 7], edge_index=[2, 14], edge_attr=[14, 6], y=0.0, custom_label=0.0, min_label=0, max_label=8, instance_name='p19.txt');0.0;3.001219511133968e-06;1.349246872450749e-06;0.14261645078659058
Data(x=[23, 7], edge_index=[2, 16], edge_attr=[16, 6], y=0.0, custom_label=0.0, min_label=0, max_label=8, instance_name='p19.txt');0.0;0.10229320824146271;0.00046130563714541495;0.006243646144866943
Data(x=[22, 7], edge_index=[2, 14], edge_attr=[14, 6], y=0.0, custom_label=0.0, min_label=0, max_label=8, instance_name='p19.txt');0.0;0.006129845045506954;9.824516018852592e-05;0.14261645078659058
Data(x=[22, 7], edge_index=[2, 12], edge_attr=[12, 6], y=2.0, custom_label=0.25, min_label=0, max_label=8, instance_name='p19.txt');0.25;0.2847370505332947;0.1689707338809967;9.514184145381632e-13
Data(x=[21, 7], edge_index=[2, 8], edge_attr=[8, 6], y=1.0, custom_label=0.125, min_label=0, max_label=8, instance_name='p19.txt');0.125;0.198623925447464;0.16059871017932892;1.7557023966219276e-05
Data(x=[22, 7], edge_index=[2, 10], edge_attr=[10, 6], y=0.0, custom_label=0.0, min_label=0, max_label=8, instance_name='p19.txt');0.0;4.075084871146828e-05;2.9512957553379238e-05;1.7557023966219276e-05
Data(x=[27, 7], edge_index=[2, 14], edge_attr=[14, 6], y=0.0, custom_label=0.0, min_label=0, max_label=8, instance_name='p19.txt');0.0;0.0001520069345133379;1.2485681509133428e-05;0.00023004146351013333
Data(x=[29, 7], edge_index=[2, 14], edge_attr=[14, 6], y=0.0, custom_label=0.0, min_label=0, max_label=8, instance_name='p19.txt');0.0;3.7731428164988756e-05;4.5616829993377905e-06;0.14261645078659058
Data(x=[25, 7], edge_index=[2, 12], edge_attr=[12, 6], y=0.0, custom_label=0.0, min_label=0, max_label=8, instance_name='p19.txt');0.0;0.00010292038496118039;1.928269375639502e-05;1.7557023966219276e-05
Data(x=[26, 7], edge_index=[2, 14], edge_attr=[14, 6], y=0.0, custom_label=0.0, min_label=0, max_label=8, instance_name='p19.txt');0.0;1.5262688975781202e-05;2.9381174044829095e-06;6.465290789492428e-05
Data(x=[25, 7], edge_index=[2, 12], edge_attr=[12, 6], y=0.0, custom_label=0.0, min_label=0, max_label=8, instance_name='p19.txt');0.0;0.00010292038496118039;1.9282677385490388e-05;0.14261645078659058
Data(x=[28, 7], edge_index=[2, 12], edge_attr=[12, 6], y=0.0, custom_label=0.0, min_label=0, max_label=8, instance_name='p19.txt');0.0;0.0002152381930500269;2.485979530320037e-05;0.14261645078659058
Data(x=[27, 7], edge_index=[2, 16], edge_attr=[16, 6], y=0.0, custom_label=0.0, min_label=0, max_label=8, instance_name='p19.txt');0.0;1.8723174434853718e-05;1.8682492282096064e-06;1.240414021497216e-10
Data(x=[24, 7], edge_index=[2, 8], edge_attr=[8, 6], y=0.0, custom_label=0.0, min_label=0, max_label=8, instance_name='p19.txt');0.0;7.056662434479222e-05;6.895612750668079e-05;0.14261645078659058
Data(x=[28, 7], edge_index=[2, 14], edge_attr=[14, 6], y=0.0, custom_label=0.0, min_label=0, max_label=8, instance_name='p19.txt');0.0;0.00019312568474560976;1.3801643035549205e-05;0.14261645078659058
Data(x=[30, 7], edge_index=[2, 16], edge_attr=[16, 6], y=0.0, custom_label=0.0, min_label=0, max_label=8, instance_name='p19.txt');0.0;4.562464164337143e-05;2.990790562762413e-06;0.00023004146351013333
Data(x=[25, 7], edge_index=[2, 14], edge_attr=[14, 6], y=0.0, custom_label=0.0, min_label=0, max_label=8, instance_name='p19.txt');0.0;1.06540355773177e-05;2.478531769156689e-06;4.712136171709791e-13
Data(x=[22, 7], edge_index=[2, 10], edge_attr=[10, 6], y=0.0, custom_label=0.0, min_label=0, max_label=8, instance_name='p19.txt');0.0;4.075084871146828e-05;2.9512899345718324e-05;0.00020854815375059843
Data(x=[30, 7], edge_index=[2, 18], edge_attr=[18, 6], y=0.0, custom_label=0.0, min_label=0, max_label=8, instance_name='p19.txt');0.0;0.010329874232411385;3.9970957004697993e-05;0.14261645078659058
Data(x=[19, 7], edge_index=[2, 14], edge_attr=[14, 6], y=0.0, custom_label=0.0, min_label=0, max_label=8, instance_name='p19.txt');0.0;2.008571300393669e-06;1.3412684438662836e-06;0.006243646144866943
Data(x=[28, 7], edge_index=[2, 16], edge_attr=[16, 6], y=0.0, custom_label=0.0, min_label=0, max_label=8, instance_name='p19.txt');0.0;2.5695890144561417e-05;2.2101296508481028e-06;1.8349747961110552e-06
Data(x=[27, 7], edge_index=[2, 14], edge_attr=[14, 6], y=0.0, custom_label=0.0, min_label=0, max_label=8, instance_name='p19.txt');0.0;0.00015200678899418563;1.2485681509133428e-05;1.8420442984279362e-06
Data(x=[27, 7], edge_index=[2, 14], edge_attr=[14, 6], y=0.0, custom_label=0.0, min_label=0, max_label=8, instance_name='p19.txt');0.0;0.00015200678899418563;1.2485681509133428e-05;0.006243646144866943
Data(x=[17, 7], edge_index=[2, 8], edge_attr=[8, 6], y=0.0, custom_label=0.0, min_label=0, max_label=8, instance_name='p19.txt');0.0;4.254167834005784e-06;4.3869251385331154e-05;0.14261645078659058
Data(x=[20, 7], edge_index=[2, 12], edge_attr=[12, 6], y=0.0, custom_label=0.0, min_label=0, max_label=8, instance_name='p19.txt');0.0;0.0009835411328822374;0.001094721257686615;0.14261645078659058
Data(x=[24, 7], edge_index=[2, 12], edge_attr=[12, 6], y=0.0, custom_label=0.0, min_label=0, max_label=8, instance_name='p19.txt');0.0;7.327933417400345e-06;4.095714757568203e-06;0.00016489948029629886
Data(x=[22, 7], edge_index=[2, 10], edge_attr=[10, 6], y=0.0, custom_label=0.0, min_label=0, max_label=8, instance_name='p19.txt');0.0;4.075084871146828e-05;2.9512899345718324e-05;0.00020854815375059843
Data(x=[24, 7], edge_index=[2, 12], edge_attr=[12, 6], y=0.0, custom_label=0.0, min_label=0, max_label=8, instance_name='p19.txt');0.0;7.709543569944799e-05;1.7468706573708914e-05;0.006243646144866943
Data(x=[29, 7], edge_index=[2, 14], edge_attr=[14, 6], y=0.0, custom_label=0.0, min_label=0, max_label=8, instance_name='p19.txt');0.0;3.7731428164988756e-05;4.5616829993377905e-06;2.0138668510583102e-10
Data(x=[27, 7], edge_index=[2, 12], edge_attr=[12, 6], y=0.0, custom_label=0.0, min_label=0, max_label=8, instance_name='p19.txt');0.0;0.00017283452325500548;2.2985037503531203e-05;0.14261645078659058
Data(x=[24, 7], edge_index=[2, 12], edge_attr=[12, 6], y=0.0, custom_label=0.0, min_label=0, max_label=8, instance_name='p19.txt');0.0;7.709550845902413e-05;1.7468706573708914e-05;0.14261645078659058
Data(x=[24, 7], edge_index=[2, 20], edge_attr=[20, 6], y=0.0, custom_label=0.0, min_label=0, max_label=8, instance_name='p19.txt');0.0;0.0032645200844854116;1.266315666725859e-05;3.3938665637833765e-06
Data(x=[23, 7], edge_index=[2, 10], edge_attr=[10, 6], y=0.0, custom_label=0.0, min_label=0, max_label=8, instance_name='p19.txt');0.0;5.630403393297456e-05;3.211791408830322e-05;6.465290789492428e-05
Data(x=[28, 7], edge_index=[2, 12], edge_attr=[12, 6], y=0.0, custom_label=0.0, min_label=0, max_label=8, instance_name='p19.txt');0.0;0.0002152381930500269;2.485979530320037e-05;0.006243646144866943
Data(x=[29, 7], edge_index=[2, 12], edge_attr=[12, 6], y=0.0, custom_label=0.0, min_label=0, max_label=8, instance_name='p19.txt');0.0;3.594213194446638e-05;8.051609256654046e-06;0.14261645078659058
Data(x=[24, 7], edge_index=[2, 12], edge_attr=[12, 6], y=0.0, custom_label=0.0, min_label=0, max_label=8, instance_name='p19.txt');0.0;7.327933417400345e-06;4.095714757568203e-06;0.00020854815375059843
Data(x=[24, 7], edge_index=[2, 16], edge_attr=[16, 6], y=0.0, custom_label=0.0, min_label=0, max_label=8, instance_name='p19.txt');0.0;0.006661758292466402;5.242570841801353e-05;1.7557023966219276e-05
Data(x=[23, 7], edge_index=[2, 12], edge_attr=[12, 6], y=0.0, custom_label=0.0, min_label=0, max_label=8, instance_name='p19.txt');0.0;4.921471372654196e-06;3.4538475119916257e-06;0.00020854815375059843
Data(x=[24, 7], edge_index=[2, 14], edge_attr=[14, 6], y=0.0, custom_label=0.0, min_label=0, max_label=8, instance_name='p19.txt');0.0;7.2174775596067775e-06;2.0614061213564128e-06;1.270500547080394e-14
Data(x=[27, 7], edge_index=[2, 12], edge_attr=[12, 6], y=0.0, custom_label=0.0, min_label=0, max_label=8, instance_name='p19.txt');0.0;0.00017283452325500548;2.2985037503531203e-05;1.7557023966219276e-05
Data(x=[23, 7], edge_index=[2, 12], edge_attr=[12, 6], y=0.0, custom_label=0.0, min_label=0, max_label=8, instance_name='p19.txt');0.0;4.921471372654196e-06;3.4538475119916257e-06;0.00023004146351013333
Data(x=[25, 7], edge_index=[2, 14], edge_attr=[14, 6], y=0.0, custom_label=0.0, min_label=0, max_label=8, instance_name='p19.txt');0.0;1.06540355773177e-05;2.4785340428934433e-06;0.14261645078659058
Data(x=[22, 7], edge_index=[2, 12], edge_attr=[12, 6], y=0.0, custom_label=0.0, min_label=0, max_label=8, instance_name='p19.txt');0.0;4.003111462225206e-05;1.3892402421333827e-05;0.14261645078659058
Data(x=[20, 7], edge_index=[2, 12], edge_attr=[12, 6], y=0.0, custom_label=0.0, min_label=0, max_label=8, instance_name='p19.txt');0.0;1.1516106042108731e-06;1.867280275291705e-06;7.662602996560963e-08
Data(x=[31, 7], edge_index=[2, 10], edge_attr=[10, 6], y=8.0, custom_label=1.0, min_label=0, max_label=8, instance_name='p19.txt');1.0;0.15086045861244202;0.10660134255886078;0.14261645078659058
Data(x=[30, 7], edge_index=[2, 8], edge_attr=[8, 6], y=7.0, custom_label=0.875, min_label=0, max_label=8, instance_name='p19.txt');0.875;0.16843512654304504;0.12362544983625412;0.14261645078659058
Data(x=[30, 7], edge_index=[2, 8], edge_attr=[8, 6], y=6.0, custom_label=0.75, min_label=0, max_label=8, instance_name='p19.txt');0.75;0.16843512654304504;0.12362544983625412;0.14261645078659058
Data(x=[30, 7], edge_index=[2, 8], edge_attr=[8, 6], y=5.0, custom_label=0.625, min_label=0, max_label=8, instance_name='p19.txt');0.625;0.16843512654304504;0.12362544983625412;0.14261645078659058
Data(x=[30, 7], edge_index=[2, 8], edge_attr=[8, 6], y=4.0, custom_label=0.5, min_label=0, max_label=8, instance_name='p19.txt');0.5;0.16843512654304504;0.12362544983625412;0.14261645078659058
Data(x=[30, 7], edge_index=[2, 8], edge_attr=[8, 6], y=3.0, custom_label=0.375, min_label=0, max_label=8, instance_name='p19.txt');0.375;0.16843512654304504;0.12362544983625412;0.14261645078659058
Data(x=[30, 7], edge_index=[2, 8], edge_attr=[8, 6], y=2.0, custom_label=0.25, min_label=0, max_label=8, instance_name='p19.txt');0.25;0.16843512654304504;0.12362544983625412;0.14261645078659058
Data(x=[30, 7], edge_index=[2, 8], edge_attr=[8, 6], y=1.0, custom_label=0.125, min_label=0, max_label=8, instance_name='p19.txt');0.125;0.16843512654304504;0.12362544983625412;0.14261645078659058
Data(x=[31, 7], edge_index=[2, 10], edge_attr=[10, 6], y=0.0, custom_label=0.0, min_label=0, max_label=8, instance_name='p19.txt');0.0;0.00035540456883609295;5.1916256779804826e-05;0.14261645078659058
Data(x=[24, 7], edge_index=[2, 12], edge_attr=[12, 6], y=0.0, custom_label=0.0, min_label=0, max_label=8, instance_name='p19.txt');0.0;7.709550845902413e-05;1.7468706573708914e-05;1.7557023966219276e-05
Data(x=[31, 7], edge_index=[2, 12], edge_attr=[12, 6], y=0.0, custom_label=0.0, min_label=0, max_label=8, instance_name='p19.txt');0.0;0.00038217019755393267;3.0512210287270136e-05;0.14261645078659058
Data(x=[24, 7], edge_index=[2, 10], edge_attr=[10, 6], y=0.0, custom_label=0.0, min_label=0, max_label=8, instance_name='p19.txt');0.0;0.0009217335609719157;0.0009158868924714625;0.14261645078659058
Data(x=[21, 7], edge_index=[2, 12], edge_attr=[12, 6], y=0.0, custom_label=0.0, min_label=0, max_label=8, instance_name='p19.txt');0.0;8.45679605845362e-05;2.5052451746887527e-05;1.7557023966219276e-05
Data(x=[25, 7], edge_index=[2, 14], edge_attr=[14, 6], y=0.0, custom_label=0.0, min_label=0, max_label=8, instance_name='p19.txt');0.0;2.8479917091317475e-05;4.5128740566724446e-06;0.14261645078659058
Data(x=[26, 7], edge_index=[2, 14], edge_attr=[14, 6], y=0.0, custom_label=0.0, min_label=0, max_label=8, instance_name='p19.txt');0.0;0.00011749401892302558;1.1196431842108723e-05;0.14261645078659058
Data(x=[25, 7], edge_index=[2, 10], edge_attr=[10, 6], y=0.0, custom_label=0.0, min_label=0, max_label=8, instance_name='p19.txt');0.0;9.945451165549457e-05;3.7273475754773244e-05;0.14261645078659058
Data(x=[31, 7], edge_index=[2, 16], edge_attr=[16, 6], y=6.0, custom_label=0.75, min_label=0, max_label=8, instance_name='p19.txt');0.75;0.255681574344635;0.12780989706516266;7.662602996560963e-08
Data(x=[30, 7], edge_index=[2, 14], edge_attr=[14, 6], y=5.0, custom_label=0.625, min_label=0, max_label=8, instance_name='p19.txt');0.625;0.2748519480228424;0.14770540595054626;0.00023004146351013333
Data(x=[30, 7], edge_index=[2, 14], edge_attr=[14, 6], y=4.0, custom_label=0.5, min_label=0, max_label=8, instance_name='p19.txt');0.5;0.2748519480228424;0.14770540595054626;0.00023004146351013333
Data(x=[30, 7], edge_index=[2, 14], edge_attr=[14, 6], y=3.0, custom_label=0.375, min_label=0, max_label=8, instance_name='p19.txt');0.375;0.2748519480228424;0.14770540595054626;0.00023004146351013333
Data(x=[30, 7], edge_index=[2, 14], edge_attr=[14, 6], y=2.0, custom_label=0.25, min_label=0, max_label=8, instance_name='p19.txt');0.25;0.25350141525268555;0.1715175062417984;0.00023004146351013333
Data(x=[30, 7], edge_index=[2, 14], edge_attr=[14, 6], y=1.0, custom_label=0.125, min_label=0, max_label=8, instance_name='p19.txt');0.125;0.2748519480228424;0.14770540595054626;0.00023004146351013333
Data(x=[31, 7], edge_index=[2, 16], edge_attr=[16, 6], y=0.0, custom_label=0.0, min_label=0, max_label=8, instance_name='p19.txt');0.0;0.012743490748107433;7.170939352363348e-05;0.00023004146351013333
Data(x=[22, 7], edge_index=[2, 12], edge_attr=[12, 6], y=4.0, custom_label=0.5, min_label=0, max_label=8, instance_name='p19.txt');0.5;0.14774411916732788;0.12122896313667297;0.14261645078659058
Data(x=[21, 7], edge_index=[2, 10], edge_attr=[10, 6], y=3.0, custom_label=0.375, min_label=0, max_label=8, instance_name='p19.txt');0.375;0.17413198947906494;0.15671491622924805;0.14261645078659058
Data(x=[20, 7], edge_index=[2, 8], edge_attr=[8, 6], y=2.0, custom_label=0.25, min_label=0, max_label=8, instance_name='p19.txt');0.25;0.20216402411460876;0.16404540836811066;0.14261645078659058
Data(x=[20, 7], edge_index=[2, 8], edge_attr=[8, 6], y=1.0, custom_label=0.125, min_label=0, max_label=8, instance_name='p19.txt');0.125;0.20216402411460876;0.16404540836811066;0.14261645078659058
Data(x=[21, 7], edge_index=[2, 10], edge_attr=[10, 6], y=0.0, custom_label=0.0, min_label=0, max_label=8, instance_name='p19.txt');0.0;2.8321393983787857e-05;2.6901667297352105e-05;0.14261645078659058
Data(x=[217, 7], edge_index=[2, 217], y=429.0, edge_attr=[217, 6], custom_label=1.0, min_label=0, max_label=429, instance_name='p20.txt');1.0;0.423519492149353;0.4993991255760193;0.22874903678894043
Data(x=[217, 7], edge_index=[2, 217], y=428.0, edge_attr=[217, 6], custom_label=0.997669, min_label=0, max_label=429, instance_name='p20.txt');0.997668981552124;0.423519492149353;0.4993991255760193;0.22874903678894043
Data(x=[217, 7], edge_index=[2, 217], y=427.0, edge_attr=[217, 6], custom_label=0.995338, min_label=0, max_label=429, instance_name='p20.txt');0.9953380227088928;0.423519492149353;0.4993991255760193;0.22874903678894043
Data(x=[217, 7], edge_index=[2, 217], y=426.0, edge_attr=[217, 6], custom_label=0.993007, min_label=0, max_label=429, instance_name='p20.txt');0.9930070042610168;0.423519492149353;0.4993991255760193;0.22874903678894043
Data(x=[217, 7], edge_index=[2, 217], y=425.0, edge_attr=[217, 6], custom_label=0.990676, min_label=0, max_label=429, instance_name='p20.txt');0.9906759858131409;0.423519492149353;0.4993991255760193;0.22874903678894043
Data(x=[217, 7], edge_index=[2, 217], y=424.0, edge_attr=[217, 6], custom_label=0.98834497, min_label=0, max_label=429, instance_name='p20.txt');0.9883449673652649;0.423519492149353;0.4993991255760193;0.22874903678894043
Data(x=[217, 7], edge_index=[2, 217], y=423.0, edge_attr=[217, 6], custom_label=0.986014, min_label=0, max_label=429, instance_name='p20.txt');0.9860140085220337;0.423519492149353;0.4993991255760193;0.22874903678894043
Data(x=[217, 7], edge_index=[2, 217], y=422.0, edge_attr=[217, 6], custom_label=0.983683, min_label=0, max_label=429, instance_name='p20.txt');0.9836829900741577;0.423519492149353;0.4993991255760193;0.22874903678894043
Data(x=[217, 7], edge_index=[2, 217], y=421.0, edge_attr=[217, 6], custom_label=0.981352, min_label=0, max_label=429, instance_name='p20.txt');0.9813519716262817;0.423519492149353;0.4993991255760193;0.22874903678894043
Data(x=[217, 7], edge_index=[2, 217], y=420.0, edge_attr=[217, 6], custom_label=0.97902095, min_label=0, max_label=429, instance_name='p20.txt');0.9790209531784058;0.423519492149353;0.4993991255760193;0.22874903678894043
Data(x=[217, 7], edge_index=[2, 217], y=419.0, edge_attr=[217, 6], custom_label=0.97669, min_label=0, max_label=429, instance_name='p20.txt');0.9766899943351746;0.423519492149353;0.4993991255760193;0.22874903678894043
Data(x=[217, 7], edge_index=[2, 217], y=418.0, edge_attr=[217, 6], custom_label=0.974359, min_label=0, max_label=429, instance_name='p20.txt');0.9743589758872986;0.423519492149353;0.4993991255760193;0.22874903678894043
Data(x=[217, 7], edge_index=[2, 217], y=417.0, edge_attr=[217, 6], custom_label=0.97202796, min_label=0, max_label=429, instance_name='p20.txt');0.9720279574394226;0.423519492149353;0.4993991255760193;0.22874903678894043
Data(x=[217, 7], edge_index=[2, 217], y=416.0, edge_attr=[217, 6], custom_label=0.969697, min_label=0, max_label=429, instance_name='p20.txt');0.9696969985961914;0.423519492149353;0.4993991255760193;0.22874903678894043
Data(x=[217, 7], edge_index=[2, 217], y=415.0, edge_attr=[217, 6], custom_label=0.967366, min_label=0, max_label=429, instance_name='p20.txt');0.9673659801483154;0.423519492149353;0.4993991255760193;0.22874903678894043
Data(x=[217, 7], edge_index=[2, 217], y=414.0, edge_attr=[217, 6], custom_label=0.96503496, min_label=0, max_label=429, instance_name='p20.txt');0.9650349617004395;0.423519492149353;0.4993991255760193;0.22874903678894043
Data(x=[217, 7], edge_index=[2, 217], y=413.0, edge_attr=[217, 6], custom_label=0.96270394, min_label=0, max_label=429, instance_name='p20.txt');0.9627039432525635;0.423519492149353;0.4993991255760193;0.22874903678894043
Data(x=[217, 7], edge_index=[2, 217], y=412.0, edge_attr=[217, 6], custom_label=0.960373, min_label=0, max_label=429, instance_name='p20.txt');0.9603729844093323;0.423519492149353;0.4993991255760193;0.22874903678894043
Data(x=[217, 7], edge_index=[2, 217], y=411.0, edge_attr=[217, 6], custom_label=0.95804197, min_label=0, max_label=429, instance_name='p20.txt');0.9580419659614563;0.423519492149353;0.4993991255760193;0.22874903678894043
Data(x=[217, 7], edge_index=[2, 217], y=410.0, edge_attr=[217, 6], custom_label=0.95571095, min_label=0, max_label=429, instance_name='p20.txt');0.9557109475135803;0.423519492149353;0.4993991255760193;0.22874903678894043
Data(x=[217, 7], edge_index=[2, 217], y=409.0, edge_attr=[217, 6], custom_label=0.9533799, min_label=0, max_label=429, instance_name='p20.txt');0.9533799290657043;0.423519492149353;0.4993991255760193;0.22874903678894043
Data(x=[217, 7], edge_index=[2, 217], y=408.0, edge_attr=[217, 6], custom_label=0.951049, min_label=0, max_label=429, instance_name='p20.txt');0.9510489702224731;0.423519492149353;0.4993991255760193;0.22874903678894043
Data(x=[217, 7], edge_index=[2, 217], y=407.0, edge_attr=[217, 6], custom_label=0.94871795, min_label=0, max_label=429, instance_name='p20.txt');0.9487179517745972;0.423519492149353;0.4993991255760193;0.22874903678894043
Data(x=[217, 7], edge_index=[2, 217], y=406.0, edge_attr=[217, 6], custom_label=0.94638693, min_label=0, max_label=429, instance_name='p20.txt');0.9463869333267212;0.423519492149353;0.4993991255760193;0.22874903678894043
Data(x=[217, 7], edge_index=[2, 217], y=405.0, edge_attr=[217, 6], custom_label=0.9440559, min_label=0, max_label=429, instance_name='p20.txt');0.9440559148788452;0.423519492149353;0.4993991255760193;0.22874903678894043
Data(x=[217, 7], edge_index=[2, 217], y=404.0, edge_attr=[217, 6], custom_label=0.94172496, min_label=0, max_label=429, instance_name='p20.txt');0.941724956035614;0.423519492149353;0.4993991255760193;0.22874903678894043
Data(x=[217, 7], edge_index=[2, 217], y=403.0, edge_attr=[217, 6], custom_label=0.93939394, min_label=0, max_label=429, instance_name='p20.txt');0.939393937587738;0.423519492149353;0.4993991255760193;0.22874903678894043
Data(x=[217, 7], edge_index=[2, 217], y=402.0, edge_attr=[217, 6], custom_label=0.9370629, min_label=0, max_label=429, instance_name='p20.txt');0.9370629191398621;0.423519492149353;0.4993991255760193;0.22874903678894043
Data(x=[217, 7], edge_index=[2, 217], y=401.0, edge_attr=[217, 6], custom_label=0.93473196, min_label=0, max_label=429, instance_name='p20.txt');0.9347319602966309;0.423519492149353;0.4993991255760193;0.22874903678894043
Data(x=[217, 7], edge_index=[2, 217], y=400.0, edge_attr=[217, 6], custom_label=0.93240094, min_label=0, max_label=429, instance_name='p20.txt');0.9324009418487549;0.423519492149353;0.4993991255760193;0.22874903678894043
Data(x=[217, 7], edge_index=[2, 217], y=399.0, edge_attr=[217, 6], custom_label=0.9300699, min_label=0, max_label=429, instance_name='p20.txt');0.9300699234008789;0.423519492149353;0.4993991255760193;0.22874903678894043
Data(x=[217, 7], edge_index=[2, 217], y=398.0, edge_attr=[217, 6], custom_label=0.9277389, min_label=0, max_label=429, instance_name='p20.txt');0.9277389049530029;0.423519492149353;0.4993991255760193;0.22874903678894043
Data(x=[217, 7], edge_index=[2, 217], y=397.0, edge_attr=[217, 6], custom_label=0.92540795, min_label=0, max_label=429, instance_name='p20.txt');0.9254079461097717;0.423519492149353;0.4993991255760193;0.22874903678894043
Data(x=[217, 7], edge_index=[2, 217], y=396.0, edge_attr=[217, 6], custom_label=0.9230769, min_label=0, max_label=429, instance_name='p20.txt');0.9230769276618958;0.423519492149353;0.4993991255760193;0.22874903678894043
Data(x=[217, 7], edge_index=[2, 217], y=395.0, edge_attr=[217, 6], custom_label=0.9207459, min_label=0, max_label=429, instance_name='p20.txt');0.9207459092140198;0.423519492149353;0.4993991255760193;0.22874903678894043
Data(x=[217, 7], edge_index=[2, 217], y=394.0, edge_attr=[217, 6], custom_label=0.9184149, min_label=0, max_label=429, instance_name='p20.txt');0.9184148907661438;0.423519492149353;0.4993991255760193;0.22874903678894043
Data(x=[217, 7], edge_index=[2, 217], y=393.0, edge_attr=[217, 6], custom_label=0.91608393, min_label=0, max_label=429, instance_name='p20.txt');0.9160839319229126;0.423519492149353;0.4993991255760193;0.22874903678894043
Data(x=[217, 7], edge_index=[2, 217], y=392.0, edge_attr=[217, 6], custom_label=0.9137529, min_label=0, max_label=429, instance_name='p20.txt');0.9137529134750366;0.423519492149353;0.4993991255760193;0.22874903678894043
Data(x=[217, 7], edge_index=[2, 217], y=391.0, edge_attr=[217, 6], custom_label=0.9114219, min_label=0, max_label=429, instance_name='p20.txt');0.9114218950271606;0.423519492149353;0.4993991255760193;0.22874903678894043
Data(x=[217, 7], edge_index=[2, 217], y=390.0, edge_attr=[217, 6], custom_label=0.90909094, min_label=0, max_label=429, instance_name='p20.txt');0.9090909361839294;0.423519492149353;0.4993991255760193;0.22874903678894043
Data(x=[217, 7], edge_index=[2, 217], y=389.0, edge_attr=[217, 6], custom_label=0.9067599, min_label=0, max_label=429, instance_name='p20.txt');0.9067599177360535;0.423519492149353;0.4993991255760193;0.22874903678894043
Data(x=[217, 7], edge_index=[2, 217], y=388.0, edge_attr=[217, 6], custom_label=0.9044289, min_label=0, max_label=429, instance_name='p20.txt');0.9044288992881775;0.423519492149353;0.4993991255760193;0.22874903678894043
Data(x=[217, 7], edge_index=[2, 217], y=387.0, edge_attr=[217, 6], custom_label=0.9020979, min_label=0, max_label=429, instance_name='p20.txt');0.9020978808403015;0.423519492149353;0.4993991255760193;0.22874903678894043
Data(x=[217, 7], edge_index=[2, 217], y=386.0, edge_attr=[217, 6], custom_label=0.8997669, min_label=0, max_label=429, instance_name='p20.txt');0.8997669219970703;0.423519492149353;0.4993991255760193;0.22874903678894043
Data(x=[217, 7], edge_index=[2, 217], y=385.0, edge_attr=[217, 6], custom_label=0.8974359, min_label=0, max_label=429, instance_name='p20.txt');0.8974359035491943;0.423519492149353;0.4993991255760193;0.22874903678894043
Data(x=[217, 7], edge_index=[2, 217], y=384.0, edge_attr=[217, 6], custom_label=0.8951049, min_label=0, max_label=429, instance_name='p20.txt');0.8951048851013184;0.423519492149353;0.4993991255760193;0.22874903678894043
Data(x=[217, 7], edge_index=[2, 217], y=383.0, edge_attr=[217, 6], custom_label=0.89277387, min_label=0, max_label=429, instance_name='p20.txt');0.8927738666534424;0.423519492149353;0.4993991255760193;0.22874903678894043
Data(x=[217, 7], edge_index=[2, 217], y=382.0, edge_attr=[217, 6], custom_label=0.8904429, min_label=0, max_label=429, instance_name='p20.txt');0.8904429078102112;0.423519492149353;0.4993991255760193;0.22874903678894043
Data(x=[217, 7], edge_index=[2, 217], y=381.0, edge_attr=[217, 6], custom_label=0.8881119, min_label=0, max_label=429, instance_name='p20.txt');0.8881118893623352;0.423519492149353;0.4993991255760193;0.22874903678894043
Data(x=[217, 7], edge_index=[2, 217], y=380.0, edge_attr=[217, 6], custom_label=0.8857809, min_label=0, max_label=429, instance_name='p20.txt');0.8857808709144592;0.423519492149353;0.4993991255760193;0.22874903678894043
Data(x=[217, 7], edge_index=[2, 217], y=379.0, edge_attr=[217, 6], custom_label=0.8834499, min_label=0, max_label=429, instance_name='p20.txt');0.883449912071228;0.423519492149353;0.4993991255760193;0.22874903678894043
Data(x=[217, 7], edge_index=[2, 217], y=378.0, edge_attr=[217, 6], custom_label=0.8811189, min_label=0, max_label=429, instance_name='p20.txt');0.881118893623352;0.423519492149353;0.4993991255760193;0.22874903678894043
Data(x=[217, 7], edge_index=[2, 217], y=377.0, edge_attr=[217, 6], custom_label=0.8787879, min_label=0, max_label=429, instance_name='p20.txt');0.8787878751754761;0.423519492149353;0.4993991255760193;0.22874903678894043
Data(x=[217, 7], edge_index=[2, 217], y=376.0, edge_attr=[217, 6], custom_label=0.87645686, min_label=0, max_label=429, instance_name='p20.txt');0.8764568567276001;0.423519492149353;0.4993991255760193;0.22874903678894043
Data(x=[217, 7], edge_index=[2, 217], y=375.0, edge_attr=[217, 6], custom_label=0.8741259, min_label=0, max_label=429, instance_name='p20.txt');0.8741258978843689;0.423519492149353;0.4993991255760193;0.22874903678894043
Data(x=[217, 7], edge_index=[2, 217], y=374.0, edge_attr=[217, 6], custom_label=0.8717949, min_label=0, max_label=429, instance_name='p20.txt');0.8717948794364929;0.423519492149353;0.4993991255760193;0.22874903678894043
Data(x=[217, 7], edge_index=[2, 217], y=373.0, edge_attr=[217, 6], custom_label=0.86946386, min_label=0, max_label=429, instance_name='p20.txt');0.8694638609886169;0.423519492149353;0.4993991255760193;0.22874903678894043
Data(x=[217, 7], edge_index=[2, 217], y=372.0, edge_attr=[217, 6], custom_label=0.86713284, min_label=0, max_label=429, instance_name='p20.txt');0.867132842540741;0.423519492149353;0.4993991255760193;0.22874903678894043
Data(x=[217, 7], edge_index=[2, 217], y=371.0, edge_attr=[217, 6], custom_label=0.8648019, min_label=0, max_label=429, instance_name='p20.txt');0.8648018836975098;0.423519492149353;0.4993991255760193;0.22874903678894043
Data(x=[217, 7], edge_index=[2, 217], y=370.0, edge_attr=[217, 6], custom_label=0.86247087, min_label=0, max_label=429, instance_name='p20.txt');0.8624708652496338;0.423519492149353;0.4993991255760193;0.22874903678894043
Data(x=[217, 7], edge_index=[2, 217], y=369.0, edge_attr=[217, 6], custom_label=0.86013985, min_label=0, max_label=429, instance_name='p20.txt');0.8601398468017578;0.423519492149353;0.4993991255760193;0.22874903678894043
Data(x=[217, 7], edge_index=[2, 217], y=368.0, edge_attr=[217, 6], custom_label=0.8578088, min_label=0, max_label=429, instance_name='p20.txt');0.8578088283538818;0.423519492149353;0.4993991255760193;0.22874903678894043
Data(x=[217, 7], edge_index=[2, 217], y=367.0, edge_attr=[217, 6], custom_label=0.85547787, min_label=0, max_label=429, instance_name='p20.txt');0.8554778695106506;0.423519492149353;0.4993991255760193;0.22874903678894043
Data(x=[217, 7], edge_index=[2, 217], y=366.0, edge_attr=[217, 6], custom_label=0.85314685, min_label=0, max_label=429, instance_name='p20.txt');0.8531468510627747;0.423519492149353;0.4993991255760193;0.22874903678894043
Data(x=[217, 7], edge_index=[2, 217], y=365.0, edge_attr=[217, 6], custom_label=0.85081583, min_label=0, max_label=429, instance_name='p20.txt');0.8508158326148987;0.423519492149353;0.4993991255760193;0.22874903678894043
Data(x=[217, 7], edge_index=[2, 217], y=364.0, edge_attr=[217, 6], custom_label=0.8484849, min_label=0, max_label=429, instance_name='p20.txt');0.8484848737716675;0.423519492149353;0.4993991255760193;0.22874903678894043
Data(x=[217, 7], edge_index=[2, 217], y=363.0, edge_attr=[217, 6], custom_label=0.84615386, min_label=0, max_label=429, instance_name='p20.txt');0.8461538553237915;0.423519492149353;0.4993991255760193;0.22874903678894043
Data(x=[217, 7], edge_index=[2, 217], y=362.0, edge_attr=[217, 6], custom_label=0.84382284, min_label=0, max_label=429, instance_name='p20.txt');0.8438228368759155;0.423519492149353;0.4993991255760193;0.22874903678894043
Data(x=[217, 7], edge_index=[2, 217], y=361.0, edge_attr=[217, 6], custom_label=0.8414918, min_label=0, max_label=429, instance_name='p20.txt');0.8414918184280396;0.423519492149353;0.4993991255760193;0.22874903678894043
Data(x=[217, 7], edge_index=[2, 217], y=360.0, edge_attr=[217, 6], custom_label=0.83916086, min_label=0, max_label=429, instance_name='p20.txt');0.8391608595848083;0.423519492149353;0.4993991255760193;0.22874903678894043
Data(x=[217, 7], edge_index=[2, 217], y=359.0, edge_attr=[217, 6], custom_label=0.83682984, min_label=0, max_label=429, instance_name='p20.txt');0.8368298411369324;0.423519492149353;0.4993991255760193;0.22874903678894043
Data(x=[217, 7], edge_index=[2, 217], y=358.0, edge_attr=[217, 6], custom_label=0.8344988, min_label=0, max_label=429, instance_name='p20.txt');0.8344988226890564;0.423519492149353;0.4993991255760193;0.22874903678894043
Data(x=[217, 7], edge_index=[2, 217], y=357.0, edge_attr=[217, 6], custom_label=0.8321678, min_label=0, max_label=429, instance_name='p20.txt');0.8321678042411804;0.423519492149353;0.4993991255760193;0.22874903678894043
Data(x=[217, 7], edge_index=[2, 217], y=356.0, edge_attr=[217, 6], custom_label=0.82983685, min_label=0, max_label=429, instance_name='p20.txt');0.8298368453979492;0.423519492149353;0.4993991255760193;0.22874903678894043
Data(x=[217, 7], edge_index=[2, 217], y=355.0, edge_attr=[217, 6], custom_label=0.8275058, min_label=0, max_label=429, instance_name='p20.txt');0.8275058269500732;0.423519492149353;0.4993991255760193;0.22874903678894043
Data(x=[217, 7], edge_index=[2, 217], y=354.0, edge_attr=[217, 6], custom_label=0.8251748, min_label=0, max_label=429, instance_name='p20.txt');0.8251748085021973;0.423519492149353;0.4993991255760193;0.22874903678894043
Data(x=[217, 7], edge_index=[2, 217], y=353.0, edge_attr=[217, 6], custom_label=0.82284385, min_label=0, max_label=429, instance_name='p20.txt');0.8228438496589661;0.423519492149353;0.4993991255760193;0.22874903678894043
Data(x=[217, 7], edge_index=[2, 217], y=352.0, edge_attr=[217, 6], custom_label=0.82051283, min_label=0, max_label=429, instance_name='p20.txt');0.8205128312110901;0.423519492149353;0.4993991255760193;0.22874903678894043
Data(x=[217, 7], edge_index=[2, 217], y=351.0, edge_attr=[217, 6], custom_label=0.8181818, min_label=0, max_label=429, instance_name='p20.txt');0.8181818127632141;0.423519492149353;0.4993991255760193;0.22874903678894043
Data(x=[217, 7], edge_index=[2, 217], y=350.0, edge_attr=[217, 6], custom_label=0.8158508, min_label=0, max_label=429, instance_name='p20.txt');0.8158507943153381;0.423519492149353;0.4993991255760193;0.22874903678894043
Data(x=[217, 7], edge_index=[2, 217], y=349.0, edge_attr=[217, 6], custom_label=0.81351984, min_label=0, max_label=429, instance_name='p20.txt');0.8135198354721069;0.423519492149353;0.4993991255760193;0.22874903678894043
Data(x=[217, 7], edge_index=[2, 217], y=348.0, edge_attr=[217, 6], custom_label=0.8111888, min_label=0, max_label=429, instance_name='p20.txt');0.811188817024231;0.423519492149353;0.4993991255760193;0.22874903678894043
Data(x=[217, 7], edge_index=[2, 217], y=347.0, edge_attr=[217, 6], custom_label=0.8088578, min_label=0, max_label=429, instance_name='p20.txt');0.808857798576355;0.423519492149353;0.4993991255760193;0.22874903678894043
Data(x=[217, 7], edge_index=[2, 217], y=346.0, edge_attr=[217, 6], custom_label=0.8065268, min_label=0, max_label=429, instance_name='p20.txt');0.806526780128479;0.423519492149353;0.4993991255760193;0.22874903678894043
Data(x=[217, 7], edge_index=[2, 217], y=345.0, edge_attr=[217, 6], custom_label=0.8041958, min_label=0, max_label=429, instance_name='p20.txt');0.8041958212852478;0.423519492149353;0.4993991255760193;0.22874903678894043
Data(x=[217, 7], edge_index=[2, 217], y=344.0, edge_attr=[217, 6], custom_label=0.8018648, min_label=0, max_label=429, instance_name='p20.txt');0.8018648028373718;0.423519492149353;0.4993991255760193;0.22874903678894043
Data(x=[217, 7], edge_index=[2, 217], y=343.0, edge_attr=[217, 6], custom_label=0.7995338, min_label=0, max_label=429, instance_name='p20.txt');0.7995337843894958;0.423519492149353;0.4993991255760193;0.22874903678894043
Data(x=[217, 7], edge_index=[2, 217], y=342.0, edge_attr=[217, 6], custom_label=0.7972028, min_label=0, max_label=429, instance_name='p20.txt');0.7972028255462646;0.423519492149353;0.4993991255760193;0.22874903678894043
Data(x=[217, 7], edge_index=[2, 217], y=341.0, edge_attr=[217, 6], custom_label=0.7948718, min_label=0, max_label=429, instance_name='p20.txt');0.7948718070983887;0.423519492149353;0.4993991255760193;0.22874903678894043
Data(x=[217, 7], edge_index=[2, 217], y=340.0, edge_attr=[217, 6], custom_label=0.7925408, min_label=0, max_label=429, instance_name='p20.txt');0.7925407886505127;0.423519492149353;0.4993991255760193;0.22874903678894043
Data(x=[217, 7], edge_index=[2, 217], y=339.0, edge_attr=[217, 6], custom_label=0.7902098, min_label=0, max_label=429, instance_name='p20.txt');0.7902097702026367;0.423519492149353;0.4993991255760193;0.22874903678894043
Data(x=[217, 7], edge_index=[2, 217], y=338.0, edge_attr=[217, 6], custom_label=0.7878788, min_label=0, max_label=429, instance_name='p20.txt');0.7878788113594055;0.423519492149353;0.4993991255760193;0.22874903678894043
Data(x=[217, 7], edge_index=[2, 217], y=337.0, edge_attr=[217, 6], custom_label=0.7855478, min_label=0, max_label=429, instance_name='p20.txt');0.7855477929115295;0.423519492149353;0.4993991255760193;0.22874903678894043
Data(x=[217, 7], edge_index=[2, 217], y=336.0, edge_attr=[217, 6], custom_label=0.7832168, min_label=0, max_label=429, instance_name='p20.txt');0.7832167744636536;0.423519492149353;0.4993991255760193;0.22874903678894043
Data(x=[217, 7], edge_index=[2, 217], y=335.0, edge_attr=[217, 6], custom_label=0.78088576, min_label=0, max_label=429, instance_name='p20.txt');0.7808857560157776;0.423519492149353;0.4993991255760193;0.22874903678894043
Data(x=[217, 7], edge_index=[2, 217], y=334.0, edge_attr=[217, 6], custom_label=0.7785548, min_label=0, max_label=429, instance_name='p20.txt');0.7785547971725464;0.423519492149353;0.4993991255760193;0.22874903678894043
Data(x=[217, 7], edge_index=[2, 217], y=333.0, edge_attr=[217, 6], custom_label=0.7762238, min_label=0, max_label=429, instance_name='p20.txt');0.7762237787246704;0.423519492149353;0.4993991255760193;0.22874903678894043
Data(x=[217, 7], edge_index=[2, 217], y=332.0, edge_attr=[217, 6], custom_label=0.77389276, min_label=0, max_label=429, instance_name='p20.txt');0.7738927602767944;0.423519492149353;0.4993991255760193;0.22874903678894043
Data(x=[217, 7], edge_index=[2, 217], y=331.0, edge_attr=[217, 6], custom_label=0.77156174, min_label=0, max_label=429, instance_name='p20.txt');0.7715617418289185;0.423519492149353;0.4993991255760193;0.22874903678894043
Data(x=[217, 7], edge_index=[2, 217], y=330.0, edge_attr=[217, 6], custom_label=0.7692308, min_label=0, max_label=429, instance_name='p20.txt');0.7692307829856873;0.423519492149353;0.4993991255760193;0.22874903678894043
Data(x=[217, 7], edge_index=[2, 217], y=329.0, edge_attr=[217, 6], custom_label=0.76689976, min_label=0, max_label=429, instance_name='p20.txt');0.7668997645378113;0.423519492149353;0.4993991255760193;0.22874903678894043
Data(x=[217, 7], edge_index=[2, 217], y=328.0, edge_attr=[217, 6], custom_label=0.76456875, min_label=0, max_label=429, instance_name='p20.txt');0.7645687460899353;0.423519492149353;0.4993991255760193;0.22874903678894043
Data(x=[217, 7], edge_index=[2, 217], y=327.0, edge_attr=[217, 6], custom_label=0.7622378, min_label=0, max_label=429, instance_name='p20.txt');0.7622377872467041;0.423519492149353;0.4993991255760193;0.22874903678894043
Data(x=[217, 7], edge_index=[2, 217], y=326.0, edge_attr=[217, 6], custom_label=0.75990677, min_label=0, max_label=429, instance_name='p20.txt');0.7599067687988281;0.423519492149353;0.4993991255760193;0.22874903678894043
Data(x=[217, 7], edge_index=[2, 217], y=325.0, edge_attr=[217, 6], custom_label=0.75757575, min_label=0, max_label=429, instance_name='p20.txt');0.7575757503509521;0.423519492149353;0.4993991255760193;0.22874903678894043
Data(x=[217, 7], edge_index=[2, 217], y=324.0, edge_attr=[217, 6], custom_label=0.75524473, min_label=0, max_label=429, instance_name='p20.txt');0.7552447319030762;0.423519492149353;0.4993991255760193;0.22874903678894043
Data(x=[217, 7], edge_index=[2, 217], y=323.0, edge_attr=[217, 6], custom_label=0.7529138, min_label=0, max_label=429, instance_name='p20.txt');0.752913773059845;0.423519492149353;0.4993991255760193;0.22874903678894043
Data(x=[217, 7], edge_index=[2, 217], y=322.0, edge_attr=[217, 6], custom_label=0.75058275, min_label=0, max_label=429, instance_name='p20.txt');0.750582754611969;0.423519492149353;0.4993991255760193;0.22874903678894043
Data(x=[217, 7], edge_index=[2, 217], y=321.0, edge_attr=[217, 6], custom_label=0.74825174, min_label=0, max_label=429, instance_name='p20.txt');0.748251736164093;0.423519492149353;0.4993991255760193;0.22874903678894043
Data(x=[217, 7], edge_index=[2, 217], y=320.0, edge_attr=[217, 6], custom_label=0.7459207, min_label=0, max_label=429, instance_name='p20.txt');0.745920717716217;0.423519492149353;0.4993991255760193;0.22874903678894043
Data(x=[217, 7], edge_index=[2, 217], y=319.0, edge_attr=[217, 6], custom_label=0.74358976, min_label=0, max_label=429, instance_name='p20.txt');0.7435897588729858;0.423519492149353;0.4993991255760193;0.22874903678894043
Data(x=[217, 7], edge_index=[2, 217], y=318.0, edge_attr=[217, 6], custom_label=0.74125874, min_label=0, max_label=429, instance_name='p20.txt');0.7412587404251099;0.423519492149353;0.4993991255760193;0.22874903678894043
Data(x=[217, 7], edge_index=[2, 217], y=317.0, edge_attr=[217, 6], custom_label=0.7389277, min_label=0, max_label=429, instance_name='p20.txt');0.7389277219772339;0.423519492149353;0.4993991255760193;0.22874903678894043
Data(x=[217, 7], edge_index=[2, 217], y=316.0, edge_attr=[217, 6], custom_label=0.73659676, min_label=0, max_label=429, instance_name='p20.txt');0.7365967631340027;0.423519492149353;0.4993991255760193;0.22874903678894043
Data(x=[217, 7], edge_index=[2, 217], y=315.0, edge_attr=[217, 6], custom_label=0.73426574, min_label=0, max_label=429, instance_name='p20.txt');0.7342657446861267;0.423519492149353;0.4993991255760193;0.22874903678894043
Data(x=[217, 7], edge_index=[2, 217], y=314.0, edge_attr=[217, 6], custom_label=0.7319347, min_label=0, max_label=429, instance_name='p20.txt');0.7319347262382507;0.423519492149353;0.4993991255760193;0.22874903678894043
Data(x=[217, 7], edge_index=[2, 217], y=313.0, edge_attr=[217, 6], custom_label=0.7296037, min_label=0, max_label=429, instance_name='p20.txt');0.7296037077903748;0.423519492149353;0.4993991255760193;0.22874903678894043
Data(x=[217, 7], edge_index=[2, 217], y=312.0, edge_attr=[217, 6], custom_label=0.72727275, min_label=0, max_label=429, instance_name='p20.txt');0.7272727489471436;0.423519492149353;0.4993991255760193;0.22874903678894043
Data(x=[217, 7], edge_index=[2, 217], y=311.0, edge_attr=[217, 6], custom_label=0.72494173, min_label=0, max_label=429, instance_name='p20.txt');0.7249417304992676;0.423519492149353;0.4993991255760193;0.22874903678894043
Data(x=[217, 7], edge_index=[2, 217], y=310.0, edge_attr=[217, 6], custom_label=0.7226107, min_label=0, max_label=429, instance_name='p20.txt');0.7226107120513916;0.423519492149353;0.4993991255760193;0.22874903678894043
Data(x=[217, 7], edge_index=[2, 217], y=309.0, edge_attr=[217, 6], custom_label=0.7202797, min_label=0, max_label=429, instance_name='p20.txt');0.7202796936035156;0.423519492149353;0.4993991255760193;0.22874903678894043
Data(x=[217, 7], edge_index=[2, 217], y=308.0, edge_attr=[217, 6], custom_label=0.71794873, min_label=0, max_label=429, instance_name='p20.txt');0.7179487347602844;0.423519492149353;0.4993991255760193;0.22874903678894043
Data(x=[217, 7], edge_index=[2, 217], y=307.0, edge_attr=[217, 6], custom_label=0.7156177, min_label=0, max_label=429, instance_name='p20.txt');0.7156177163124084;0.423519492149353;0.4993991255760193;0.22874903678894043
Data(x=[217, 7], edge_index=[2, 217], y=306.0, edge_attr=[217, 6], custom_label=0.7132867, min_label=0, max_label=429, instance_name='p20.txt');0.7132866978645325;0.423519492149353;0.4993991255760193;0.22874903678894043
Data(x=[217, 7], edge_index=[2, 217], y=305.0, edge_attr=[217, 6], custom_label=0.71095574, min_label=0, max_label=429, instance_name='p20.txt');0.7109557390213013;0.423519492149353;0.4993991255760193;0.22874903678894043
Data(x=[217, 7], edge_index=[2, 217], y=304.0, edge_attr=[217, 6], custom_label=0.7086247, min_label=0, max_label=429, instance_name='p20.txt');0.7086247205734253;0.423519492149353;0.4993991255760193;0.22874903678894043
Data(x=[217, 7], edge_index=[2, 217], y=303.0, edge_attr=[217, 6], custom_label=0.7062937, min_label=0, max_label=429, instance_name='p20.txt');0.7062937021255493;0.423519492149353;0.4993991255760193;0.22874903678894043
Data(x=[217, 7], edge_index=[2, 217], y=302.0, edge_attr=[217, 6], custom_label=0.7039627, min_label=0, max_label=429, instance_name='p20.txt');0.7039626836776733;0.423519492149353;0.4993991255760193;0.22874903678894043
Data(x=[217, 7], edge_index=[2, 217], y=301.0, edge_attr=[217, 6], custom_label=0.7016317, min_label=0, max_label=429, instance_name='p20.txt');0.7016317248344421;0.423519492149353;0.4993991255760193;0.22874903678894043
Data(x=[217, 7], edge_index=[2, 217], y=300.0, edge_attr=[217, 6], custom_label=0.6993007, min_label=0, max_label=429, instance_name='p20.txt');0.6993007063865662;0.423519492149353;0.4993991255760193;0.22874903678894043
Data(x=[217, 7], edge_index=[2, 217], y=299.0, edge_attr=[217, 6], custom_label=0.6969697, min_label=0, max_label=429, instance_name='p20.txt');0.6969696879386902;0.423519492149353;0.4993991255760193;0.22874903678894043
Data(x=[217, 7], edge_index=[2, 217], y=298.0, edge_attr=[217, 6], custom_label=0.69463867, min_label=0, max_label=429, instance_name='p20.txt');0.6946386694908142;0.423519492149353;0.4993991255760193;0.22874903678894043
Data(x=[217, 7], edge_index=[2, 217], y=297.0, edge_attr=[217, 6], custom_label=0.6923077, min_label=0, max_label=429, instance_name='p20.txt');0.692307710647583;0.423519492149353;0.4993991255760193;0.22874903678894043
Data(x=[217, 7], edge_index=[2, 217], y=296.0, edge_attr=[217, 6], custom_label=0.6899767, min_label=0, max_label=429, instance_name='p20.txt');0.689976692199707;0.423519492149353;0.4993991255760193;0.22874903678894043
Data(x=[217, 7], edge_index=[2, 217], y=295.0, edge_attr=[217, 6], custom_label=0.6876457, min_label=0, max_label=429, instance_name='p20.txt');0.687645673751831;0.423519492149353;0.4993991255760193;0.22874903678894043
Data(x=[217, 7], edge_index=[2, 217], y=294.0, edge_attr=[217, 6], custom_label=0.6853147, min_label=0, max_label=429, instance_name='p20.txt');0.6853147149085999;0.423519492149353;0.4993991255760193;0.22874903678894043
Data(x=[217, 7], edge_index=[2, 217], y=293.0, edge_attr=[217, 6], custom_label=0.6829837, min_label=0, max_label=429, instance_name='p20.txt');0.6829836964607239;0.423519492149353;0.4993991255760193;0.22874903678894043
Data(x=[217, 7], edge_index=[2, 217], y=292.0, edge_attr=[217, 6], custom_label=0.6806527, min_label=0, max_label=429, instance_name='p20.txt');0.6806526780128479;0.423519492149353;0.4993991255760193;0.22874903678894043
Data(x=[217, 7], edge_index=[2, 217], y=291.0, edge_attr=[217, 6], custom_label=0.67832166, min_label=0, max_label=429, instance_name='p20.txt');0.6783216595649719;0.423519492149353;0.4993991255760193;0.22874903678894043
Data(x=[217, 7], edge_index=[2, 217], y=290.0, edge_attr=[217, 6], custom_label=0.6759907, min_label=0, max_label=429, instance_name='p20.txt');0.6759907007217407;0.423519492149353;0.4993991255760193;0.22874903678894043
Data(x=[217, 7], edge_index=[2, 217], y=289.0, edge_attr=[217, 6], custom_label=0.6736597, min_label=0, max_label=429, instance_name='p20.txt');0.6736596822738647;0.423519492149353;0.4993991255760193;0.22874903678894043
Data(x=[217, 7], edge_index=[2, 217], y=288.0, edge_attr=[217, 6], custom_label=0.67132866, min_label=0, max_label=429, instance_name='p20.txt');0.6713286638259888;0.423519492149353;0.4993991255760193;0.22874903678894043
Data(x=[217, 7], edge_index=[2, 217], y=287.0, edge_attr=[217, 6], custom_label=0.66899765, min_label=0, max_label=429, instance_name='p20.txt');0.6689976453781128;0.423519492149353;0.4993991255760193;0.22874903678894043
Data(x=[217, 7], edge_index=[2, 217], y=286.0, edge_attr=[217, 6], custom_label=0.6666667, min_label=0, max_label=429, instance_name='p20.txt');0.6666666865348816;0.423519492149353;0.4993991255760193;0.22874903678894043
Data(x=[217, 7], edge_index=[2, 217], y=285.0, edge_attr=[217, 6], custom_label=0.66433567, min_label=0, max_label=429, instance_name='p20.txt');0.6643356680870056;0.423519492149353;0.4993991255760193;0.22874903678894043
Data(x=[217, 7], edge_index=[2, 217], y=284.0, edge_attr=[217, 6], custom_label=0.66200465, min_label=0, max_label=429, instance_name='p20.txt');0.6620046496391296;0.423519492149353;0.4993991255760193;0.22874903678894043
Data(x=[217, 7], edge_index=[2, 217], y=283.0, edge_attr=[217, 6], custom_label=0.65967363, min_label=0, max_label=429, instance_name='p20.txt');0.6596736311912537;0.423519492149353;0.4993991255760193;0.22874903678894043
Data(x=[217, 7], edge_index=[2, 217], y=282.0, edge_attr=[217, 6], custom_label=0.6573427, min_label=0, max_label=429, instance_name='p20.txt');0.6573426723480225;0.423519492149353;0.4993991255760193;0.22874903678894043
Data(x=[217, 7], edge_index=[2, 217], y=281.0, edge_attr=[217, 6], custom_label=0.65501165, min_label=0, max_label=429, instance_name='p20.txt');0.6550116539001465;0.423519492149353;0.4993991255760193;0.22874903678894043
Data(x=[217, 7], edge_index=[2, 217], y=280.0, edge_attr=[217, 6], custom_label=0.65268064, min_label=0, max_label=429, instance_name='p20.txt');0.6526806354522705;0.423519492149353;0.4993991255760193;0.22874903678894043
Data(x=[217, 7], edge_index=[2, 217], y=279.0, edge_attr=[217, 6], custom_label=0.6503497, min_label=0, max_label=429, instance_name='p20.txt');0.6503496766090393;0.423519492149353;0.4993991255760193;0.22874903678894043
Data(x=[217, 7], edge_index=[2, 217], y=278.0, edge_attr=[217, 6], custom_label=0.64801866, min_label=0, max_label=429, instance_name='p20.txt');0.6480186581611633;0.423519492149353;0.4993991255760193;0.22874903678894043
Data(x=[217, 7], edge_index=[2, 217], y=277.0, edge_attr=[217, 6], custom_label=0.64568764, min_label=0, max_label=429, instance_name='p20.txt');0.6456876397132874;0.423519492149353;0.4993991255760193;0.22874903678894043
Data(x=[217, 7], edge_index=[2, 217], y=276.0, edge_attr=[217, 6], custom_label=0.6433566, min_label=0, max_label=429, instance_name='p20.txt');0.6433566212654114;0.423519492149353;0.4993991255760193;0.22874903678894043
Data(x=[217, 7], edge_index=[2, 217], y=275.0, edge_attr=[217, 6], custom_label=0.64102566, min_label=0, max_label=429, instance_name='p20.txt');0.6410256624221802;0.423519492149353;0.4993991255760193;0.22874903678894043
Data(x=[217, 7], edge_index=[2, 217], y=274.0, edge_attr=[217, 6], custom_label=0.63869464, min_label=0, max_label=429, instance_name='p20.txt');0.6386946439743042;0.423519492149353;0.4993991255760193;0.22874903678894043
Data(x=[217, 7], edge_index=[2, 217], y=273.0, edge_attr=[217, 6], custom_label=0.6363636, min_label=0, max_label=429, instance_name='p20.txt');0.6363636255264282;0.423519492149353;0.4993991255760193;0.22874903678894043
Data(x=[217, 7], edge_index=[2, 217], y=272.0, edge_attr=[217, 6], custom_label=0.6340326, min_label=0, max_label=429, instance_name='p20.txt');0.6340326070785522;0.423519492149353;0.4993991255760193;0.22874903678894043
Data(x=[217, 7], edge_index=[2, 217], y=271.0, edge_attr=[217, 6], custom_label=0.63170165, min_label=0, max_label=429, instance_name='p20.txt');0.631701648235321;0.423519492149353;0.4993991255760193;0.22874903678894043
Data(x=[217, 7], edge_index=[2, 217], y=270.0, edge_attr=[217, 6], custom_label=0.6293706, min_label=0, max_label=429, instance_name='p20.txt');0.6293706297874451;0.423519492149353;0.4993991255760193;0.22874903678894043
Data(x=[217, 7], edge_index=[2, 217], y=269.0, edge_attr=[217, 6], custom_label=0.6270396, min_label=0, max_label=429, instance_name='p20.txt');0.6270396113395691;0.423519492149353;0.4993991255760193;0.22874903678894043
Data(x=[217, 7], edge_index=[2, 217], y=268.0, edge_attr=[217, 6], custom_label=0.62470865, min_label=0, max_label=429, instance_name='p20.txt');0.6247086524963379;0.423519492149353;0.4993991255760193;0.22874903678894043
Data(x=[217, 7], edge_index=[2, 217], y=267.0, edge_attr=[217, 6], custom_label=0.62237763, min_label=0, max_label=429, instance_name='p20.txt');0.6223776340484619;0.423519492149353;0.4993991255760193;0.22874903678894043
Data(x=[217, 7], edge_index=[2, 217], y=266.0, edge_attr=[217, 6], custom_label=0.6200466, min_label=0, max_label=429, instance_name='p20.txt');0.6200466156005859;0.423519492149353;0.4993991255760193;0.22874903678894043
Data(x=[217, 7], edge_index=[2, 217], y=265.0, edge_attr=[217, 6], custom_label=0.6177156, min_label=0, max_label=429, instance_name='p20.txt');0.61771559715271;0.423519492149353;0.4993991255760193;0.22874903678894043
Data(x=[217, 7], edge_index=[2, 217], y=264.0, edge_attr=[217, 6], custom_label=0.61538464, min_label=0, max_label=429, instance_name='p20.txt');0.6153846383094788;0.423519492149353;0.4993991255760193;0.22874903678894043
Data(x=[217, 7], edge_index=[2, 217], y=263.0, edge_attr=[217, 6], custom_label=0.6130536, min_label=0, max_label=429, instance_name='p20.txt');0.6130536198616028;0.423519492149353;0.4993991255760193;0.22874903678894043
Data(x=[217, 7], edge_index=[2, 217], y=262.0, edge_attr=[217, 6], custom_label=0.6107226, min_label=0, max_label=429, instance_name='p20.txt');0.6107226014137268;0.423519492149353;0.4993991255760193;0.22874903678894043
Data(x=[217, 7], edge_index=[2, 217], y=261.0, edge_attr=[217, 6], custom_label=0.6083916, min_label=0, max_label=429, instance_name='p20.txt');0.6083915829658508;0.423519492149353;0.4993991255760193;0.22874903678894043
Data(x=[217, 7], edge_index=[2, 217], y=260.0, edge_attr=[217, 6], custom_label=0.6060606, min_label=0, max_label=429, instance_name='p20.txt');0.6060606241226196;0.423519492149353;0.4993991255760193;0.22874903678894043
Data(x=[217, 7], edge_index=[2, 217], y=259.0, edge_attr=[217, 6], custom_label=0.6037296, min_label=0, max_label=429, instance_name='p20.txt');0.6037296056747437;0.423519492149353;0.4993991255760193;0.22874903678894043
Data(x=[217, 7], edge_index=[2, 217], y=258.0, edge_attr=[217, 6], custom_label=0.6013986, min_label=0, max_label=429, instance_name='p20.txt');0.6013985872268677;0.423519492149353;0.4993991255760193;0.22874903678894043
Data(x=[217, 7], edge_index=[2, 217], y=257.0, edge_attr=[217, 6], custom_label=0.5990676, min_label=0, max_label=429, instance_name='p20.txt');0.5990676283836365;0.423519492149353;0.4993991255760193;0.22874903678894043
Data(x=[217, 7], edge_index=[2, 217], y=256.0, edge_attr=[217, 6], custom_label=0.5967366, min_label=0, max_label=429, instance_name='p20.txt');0.5967366099357605;0.423519492149353;0.4993991255760193;0.22874903678894043
Data(x=[217, 7], edge_index=[2, 217], y=255.0, edge_attr=[217, 6], custom_label=0.5944056, min_label=0, max_label=429, instance_name='p20.txt');0.5944055914878845;0.423519492149353;0.4993991255760193;0.22874903678894043
Data(x=[217, 7], edge_index=[2, 217], y=254.0, edge_attr=[217, 6], custom_label=0.5920746, min_label=0, max_label=429, instance_name='p20.txt');0.5920745730400085;0.423519492149353;0.4993991255760193;0.22874903678894043
Data(x=[217, 7], edge_index=[2, 217], y=253.0, edge_attr=[217, 6], custom_label=0.5897436, min_label=0, max_label=429, instance_name='p20.txt');0.5897436141967773;0.423519492149353;0.4993991255760193;0.22874903678894043
Data(x=[217, 7], edge_index=[2, 217], y=252.0, edge_attr=[217, 6], custom_label=0.5874126, min_label=0, max_label=429, instance_name='p20.txt');0.5874125957489014;0.423519492149353;0.4993991255760193;0.22874903678894043
Data(x=[217, 7], edge_index=[2, 217], y=251.0, edge_attr=[217, 6], custom_label=0.5850816, min_label=0, max_label=429, instance_name='p20.txt');0.5850815773010254;0.423519492149353;0.4993991255760193;0.22874903678894043
Data(x=[217, 7], edge_index=[2, 217], y=250.0, edge_attr=[217, 6], custom_label=0.58275056, min_label=0, max_label=429, instance_name='p20.txt');0.5827505588531494;0.423519492149353;0.4993991255760193;0.22874903678894043
Data(x=[217, 7], edge_index=[2, 217], y=249.0, edge_attr=[217, 6], custom_label=0.5804196, min_label=0, max_label=429, instance_name='p20.txt');0.5804196000099182;0.423519492149353;0.4993991255760193;0.22874903678894043
Data(x=[217, 7], edge_index=[2, 217], y=248.0, edge_attr=[217, 6], custom_label=0.5780886, min_label=0, max_label=429, instance_name='p20.txt');0.5780885815620422;0.423519492149353;0.4993991255760193;0.22874903678894043
Data(x=[217, 7], edge_index=[2, 217], y=247.0, edge_attr=[217, 6], custom_label=0.57575756, min_label=0, max_label=429, instance_name='p20.txt');0.5757575631141663;0.423519492149353;0.4993991255760193;0.22874903678894043
Data(x=[217, 7], edge_index=[2, 217], y=246.0, edge_attr=[217, 6], custom_label=0.57342654, min_label=0, max_label=429, instance_name='p20.txt');0.5734265446662903;0.423519492149353;0.4993991255760193;0.22874903678894043
Data(x=[217, 7], edge_index=[2, 217], y=245.0, edge_attr=[217, 6], custom_label=0.5710956, min_label=0, max_label=429, instance_name='p20.txt');0.5710955858230591;0.423519492149353;0.4993991255760193;0.22874903678894043
Data(x=[217, 7], edge_index=[2, 217], y=244.0, edge_attr=[217, 6], custom_label=0.56876457, min_label=0, max_label=429, instance_name='p20.txt');0.5687645673751831;0.423519492149353;0.4993991255760193;0.22874903678894043
Data(x=[217, 7], edge_index=[2, 217], y=243.0, edge_attr=[217, 6], custom_label=0.56643355, min_label=0, max_label=429, instance_name='p20.txt');0.5664335489273071;0.423519492149353;0.4993991255760193;0.22874903678894043
Data(x=[217, 7], edge_index=[2, 217], y=242.0, edge_attr=[217, 6], custom_label=0.5641026, min_label=0, max_label=429, instance_name='p20.txt');0.5641025900840759;0.423519492149353;0.4993991255760193;0.22874903678894043
Data(x=[217, 7], edge_index=[2, 217], y=241.0, edge_attr=[217, 6], custom_label=0.5617716, min_label=0, max_label=429, instance_name='p20.txt');0.5617715716362;0.423519492149353;0.4993991255760193;0.22874903678894043
Data(x=[217, 7], edge_index=[2, 217], y=240.0, edge_attr=[217, 6], custom_label=0.55944055, min_label=0, max_label=429, instance_name='p20.txt');0.559440553188324;0.423519492149353;0.4993991255760193;0.22874903678894043
Data(x=[217, 7], edge_index=[2, 217], y=239.0, edge_attr=[217, 6], custom_label=0.55710953, min_label=0, max_label=429, instance_name='p20.txt');0.557109534740448;0.423519492149353;0.4993991255760193;0.22874903678894043
Data(x=[217, 7], edge_index=[2, 217], y=238.0, edge_attr=[217, 6], custom_label=0.5547786, min_label=0, max_label=429, instance_name='p20.txt');0.5547785758972168;0.423519492149353;0.4993991255760193;0.22874903678894043
Data(x=[217, 7], edge_index=[2, 217], y=237.0, edge_attr=[217, 6], custom_label=0.55244756, min_label=0, max_label=429, instance_name='p20.txt');0.5524475574493408;0.423519492149353;0.4993991255760193;0.22874903678894043
Data(x=[217, 7], edge_index=[2, 217], y=236.0, edge_attr=[217, 6], custom_label=0.55011654, min_label=0, max_label=429, instance_name='p20.txt');0.5501165390014648;0.423519492149353;0.4993991255760193;0.22874903678894043
Data(x=[217, 7], edge_index=[2, 217], y=235.0, edge_attr=[217, 6], custom_label=0.5477855, min_label=0, max_label=429, instance_name='p20.txt');0.5477855205535889;0.423519492149353;0.4993991255760193;0.22874903678894043
Data(x=[217, 7], edge_index=[2, 217], y=234.0, edge_attr=[217, 6], custom_label=0.54545456, min_label=0, max_label=429, instance_name='p20.txt');0.5454545617103577;0.423519492149353;0.4993991255760193;0.22874903678894043
Data(x=[217, 7], edge_index=[2, 217], y=233.0, edge_attr=[217, 6], custom_label=0.54312354, min_label=0, max_label=429, instance_name='p20.txt');0.5431235432624817;0.423519492149353;0.4993991255760193;0.22874903678894043
Data(x=[217, 7], edge_index=[2, 217], y=232.0, edge_attr=[217, 6], custom_label=0.5407925, min_label=0, max_label=429, instance_name='p20.txt');0.5407925248146057;0.423519492149353;0.4993991255760193;0.22874903678894043
Data(x=[217, 7], edge_index=[2, 217], y=231.0, edge_attr=[217, 6], custom_label=0.53846157, min_label=0, max_label=429, instance_name='p20.txt');0.5384615659713745;0.423519492149353;0.4993991255760193;0.22874903678894043
Data(x=[217, 7], edge_index=[2, 217], y=230.0, edge_attr=[217, 6], custom_label=0.53613055, min_label=0, max_label=429, instance_name='p20.txt');0.5361305475234985;0.423519492149353;0.4993991255760193;0.22874903678894043
Data(x=[217, 7], edge_index=[2, 217], y=229.0, edge_attr=[217, 6], custom_label=0.5337995, min_label=0, max_label=429, instance_name='p20.txt');0.5337995290756226;0.423519492149353;0.4993991255760193;0.22874903678894043
Data(x=[217, 7], edge_index=[2, 217], y=228.0, edge_attr=[217, 6], custom_label=0.5314685, min_label=0, max_label=429, instance_name='p20.txt');0.5314685106277466;0.423519492149353;0.4993991255760193;0.22874903678894043
Data(x=[217, 7], edge_index=[2, 217], y=227.0, edge_attr=[217, 6], custom_label=0.52913755, min_label=0, max_label=429, instance_name='p20.txt');0.5291375517845154;0.423519492149353;0.4993991255760193;0.22874903678894043
Data(x=[217, 7], edge_index=[2, 217], y=226.0, edge_attr=[217, 6], custom_label=0.52680653, min_label=0, max_label=429, instance_name='p20.txt');0.5268065333366394;0.423519492149353;0.4993991255760193;0.22874903678894043
Data(x=[217, 7], edge_index=[2, 217], y=225.0, edge_attr=[217, 6], custom_label=0.5244755, min_label=0, max_label=429, instance_name='p20.txt');0.5244755148887634;0.423519492149353;0.4993991255760193;0.22874903678894043
Data(x=[217, 7], edge_index=[2, 217], y=224.0, edge_attr=[217, 6], custom_label=0.5221445, min_label=0, max_label=429, instance_name='p20.txt');0.5221444964408875;0.423519492149353;0.4993991255760193;0.22874903678894043
Data(x=[217, 7], edge_index=[2, 217], y=223.0, edge_attr=[217, 6], custom_label=0.51981354, min_label=0, max_label=429, instance_name='p20.txt');0.5198135375976562;0.423519492149353;0.4993991255760193;0.22874903678894043
Data(x=[217, 7], edge_index=[2, 217], y=222.0, edge_attr=[217, 6], custom_label=0.5174825, min_label=0, max_label=429, instance_name='p20.txt');0.5174825191497803;0.423519492149353;0.4993991255760193;0.22874903678894043
Data(x=[217, 7], edge_index=[2, 217], y=221.0, edge_attr=[217, 6], custom_label=0.5151515, min_label=0, max_label=429, instance_name='p20.txt');0.5151515007019043;0.423519492149353;0.4993991255760193;0.22874903678894043
Data(x=[217, 7], edge_index=[2, 217], y=220.0, edge_attr=[217, 6], custom_label=0.51282054, min_label=0, max_label=429, instance_name='p20.txt');0.5128205418586731;0.423519492149353;0.4993991255760193;0.22874903678894043
Data(x=[217, 7], edge_index=[2, 217], y=219.0, edge_attr=[217, 6], custom_label=0.5104895, min_label=0, max_label=429, instance_name='p20.txt');0.5104895234107971;0.423519492149353;0.4993991255760193;0.22874903678894043
Data(x=[217, 7], edge_index=[2, 217], y=218.0, edge_attr=[217, 6], custom_label=0.5081585, min_label=0, max_label=429, instance_name='p20.txt');0.5081585049629211;0.423519492149353;0.4993991255760193;0.22874903678894043
Data(x=[217, 7], edge_index=[2, 217], y=217.0, edge_attr=[217, 6], custom_label=0.5058275, min_label=0, max_label=429, instance_name='p20.txt');0.5058274865150452;0.423519492149353;0.4993991255760193;0.22874903678894043
Data(x=[217, 7], edge_index=[2, 217], y=216.0, edge_attr=[217, 6], custom_label=0.5034965, min_label=0, max_label=429, instance_name='p20.txt');0.503496527671814;0.423519492149353;0.4993991255760193;0.22874903678894043
Data(x=[217, 7], edge_index=[2, 217], y=215.0, edge_attr=[217, 6], custom_label=0.5011655, min_label=0, max_label=429, instance_name='p20.txt');0.501165509223938;0.423519492149353;0.4993991255760193;0.22874903678894043
Data(x=[217, 7], edge_index=[2, 217], y=214.0, edge_attr=[217, 6], custom_label=0.4988345, min_label=0, max_label=429, instance_name='p20.txt');0.498834490776062;0.423519492149353;0.4993991255760193;0.22874903678894043
Data(x=[217, 7], edge_index=[2, 217], y=213.0, edge_attr=[217, 6], custom_label=0.4965035, min_label=0, max_label=429, instance_name='p20.txt');0.4965035021305084;0.423519492149353;0.4993991255760193;0.22874903678894043
Data(x=[217, 7], edge_index=[2, 217], y=212.0, edge_attr=[217, 6], custom_label=0.49417248, min_label=0, max_label=429, instance_name='p20.txt');0.49417248368263245;0.423519492149353;0.4993991255760193;0.22874903678894043
Data(x=[217, 7], edge_index=[2, 217], y=211.0, edge_attr=[217, 6], custom_label=0.4918415, min_label=0, max_label=429, instance_name='p20.txt');0.49184149503707886;0.423519492149353;0.4993991255760193;0.22874903678894043
Data(x=[217, 7], edge_index=[2, 217], y=210.0, edge_attr=[217, 6], custom_label=0.48951048, min_label=0, max_label=429, instance_name='p20.txt');0.4895104765892029;0.423519492149353;0.4993991255760193;0.22874903678894043
Data(x=[217, 7], edge_index=[2, 217], y=209.0, edge_attr=[217, 6], custom_label=0.4871795, min_label=0, max_label=429, instance_name='p20.txt');0.4871794879436493;0.423519492149353;0.4993991255760193;0.22874903678894043
Data(x=[217, 7], edge_index=[2, 217], y=208.0, edge_attr=[217, 6], custom_label=0.4848485, min_label=0, max_label=429, instance_name='p20.txt');0.4848484992980957;0.423519492149353;0.4993991255760193;0.22874903678894043
Data(x=[217, 7], edge_index=[2, 217], y=207.0, edge_attr=[217, 6], custom_label=0.48251748, min_label=0, max_label=429, instance_name='p20.txt');0.4825174808502197;0.423519492149353;0.4993991255760193;0.22874903678894043
Data(x=[217, 7], edge_index=[2, 217], y=206.0, edge_attr=[217, 6], custom_label=0.4801865, min_label=0, max_label=429, instance_name='p20.txt');0.48018649220466614;0.423519492149353;0.4993991255760193;0.22874903678894043
Data(x=[217, 7], edge_index=[2, 217], y=205.0, edge_attr=[217, 6], custom_label=0.47785547, min_label=0, max_label=429, instance_name='p20.txt');0.47785547375679016;0.423519492149353;0.4993991255760193;0.22874903678894043
Data(x=[217, 7], edge_index=[2, 217], y=204.0, edge_attr=[217, 6], custom_label=0.4755245, min_label=0, max_label=429, instance_name='p20.txt');0.4755244851112366;0.423519492149353;0.4993991255760193;0.22874903678894043
Data(x=[217, 7], edge_index=[2, 217], y=203.0, edge_attr=[217, 6], custom_label=0.47319347, min_label=0, max_label=429, instance_name='p20.txt');0.4731934666633606;0.423519492149353;0.4993991255760193;0.22874903678894043
Data(x=[217, 7], edge_index=[2, 217], y=202.0, edge_attr=[217, 6], custom_label=0.47086248, min_label=0, max_label=429, instance_name='p20.txt');0.470862478017807;0.423519492149353;0.4993991255760193;0.22874903678894043
Data(x=[217, 7], edge_index=[2, 217], y=201.0, edge_attr=[217, 6], custom_label=0.46853146, min_label=0, max_label=429, instance_name='p20.txt');0.46853145956993103;0.423519492149353;0.4993991255760193;0.22874903678894043
Data(x=[217, 7], edge_index=[2, 217], y=200.0, edge_attr=[217, 6], custom_label=0.46620047, min_label=0, max_label=429, instance_name='p20.txt');0.46620047092437744;0.423519492149353;0.4993991255760193;0.22874903678894043
Data(x=[217, 7], edge_index=[2, 217], y=199.0, edge_attr=[217, 6], custom_label=0.46386945, min_label=0, max_label=429, instance_name='p20.txt');0.46386945247650146;0.423519492149353;0.4993991255760193;0.22874903678894043
Data(x=[217, 7], edge_index=[2, 217], y=198.0, edge_attr=[217, 6], custom_label=0.46153846, min_label=0, max_label=429, instance_name='p20.txt');0.4615384638309479;0.423519492149353;0.4993991255760193;0.22874903678894043
Data(x=[217, 7], edge_index=[2, 217], y=197.0, edge_attr=[217, 6], custom_label=0.45920745, min_label=0, max_label=429, instance_name='p20.txt');0.4592074453830719;0.423519492149353;0.4993991255760193;0.22874903678894043
Data(x=[217, 7], edge_index=[2, 217], y=196.0, edge_attr=[217, 6], custom_label=0.45687646, min_label=0, max_label=429, instance_name='p20.txt');0.4568764567375183;0.423519492149353;0.4993991255760193;0.22874903678894043
Data(x=[217, 7], edge_index=[2, 217], y=195.0, edge_attr=[217, 6], custom_label=0.45454547, min_label=0, max_label=429, instance_name='p20.txt');0.4545454680919647;0.423519492149353;0.4993991255760193;0.22874903678894043
Data(x=[217, 7], edge_index=[2, 217], y=194.0, edge_attr=[217, 6], custom_label=0.45221445, min_label=0, max_label=429, instance_name='p20.txt');0.45221444964408875;0.423519492149353;0.4993991255760193;0.22874903678894043
Data(x=[217, 7], edge_index=[2, 217], y=193.0, edge_attr=[217, 6], custom_label=0.44988346, min_label=0, max_label=429, instance_name='p20.txt');0.44988346099853516;0.423519492149353;0.4993991255760193;0.22874903678894043
Data(x=[217, 7], edge_index=[2, 217], y=192.0, edge_attr=[217, 6], custom_label=0.44755244, min_label=0, max_label=429, instance_name='p20.txt');0.4475524425506592;0.423519492149353;0.4993991255760193;0.22874903678894043
Data(x=[217, 7], edge_index=[2, 217], y=191.0, edge_attr=[217, 6], custom_label=0.44522145, min_label=0, max_label=429, instance_name='p20.txt');0.4452214539051056;0.423519492149353;0.4993991255760193;0.22874903678894043
Data(x=[217, 7], edge_index=[2, 217], y=190.0, edge_attr=[217, 6], custom_label=0.44289044, min_label=0, max_label=429, instance_name='p20.txt');0.4428904354572296;0.423519492149353;0.4993991255760193;0.22874903678894043
Data(x=[217, 7], edge_index=[2, 217], y=189.0, edge_attr=[217, 6], custom_label=0.44055945, min_label=0, max_label=429, instance_name='p20.txt');0.440559446811676;0.423519492149353;0.4993991255760193;0.22874903678894043
Data(x=[217, 7], edge_index=[2, 217], y=188.0, edge_attr=[217, 6], custom_label=0.43822843, min_label=0, max_label=429, instance_name='p20.txt');0.43822842836380005;0.423519492149353;0.4993991255760193;0.22874903678894043
Data(x=[217, 7], edge_index=[2, 217], y=187.0, edge_attr=[217, 6], custom_label=0.43589744, min_label=0, max_label=429, instance_name='p20.txt');0.43589743971824646;0.423519492149353;0.4993991255760193;0.22874903678894043
Data(x=[217, 7], edge_index=[2, 217], y=186.0, edge_attr=[217, 6], custom_label=0.43356642, min_label=0, max_label=429, instance_name='p20.txt');0.4335664212703705;0.423519492149353;0.4993991255760193;0.22874903678894043
Data(x=[217, 7], edge_index=[2, 217], y=185.0, edge_attr=[217, 6], custom_label=0.43123543, min_label=0, max_label=429, instance_name='p20.txt');0.4312354326248169;0.423519492149353;0.4993991255760193;0.22874903678894043
Data(x=[217, 7], edge_index=[2, 217], y=184.0, edge_attr=[217, 6], custom_label=0.4289044, min_label=0, max_label=429, instance_name='p20.txt');0.4289044141769409;0.423519492149353;0.4993991255760193;0.22874903678894043
Data(x=[217, 7], edge_index=[2, 217], y=183.0, edge_attr=[217, 6], custom_label=0.42657343, min_label=0, max_label=429, instance_name='p20.txt');0.42657342553138733;0.423519492149353;0.4993991255760193;0.22874903678894043
Data(x=[217, 7], edge_index=[2, 217], y=182.0, edge_attr=[217, 6], custom_label=0.42424244, min_label=0, max_label=429, instance_name='p20.txt');0.42424243688583374;0.423519492149353;0.4993991255760193;0.22874903678894043
Data(x=[217, 7], edge_index=[2, 217], y=181.0, edge_attr=[217, 6], custom_label=0.42191142, min_label=0, max_label=429, instance_name='p20.txt');0.42191141843795776;0.423519492149353;0.4993991255760193;0.22874903678894043
Data(x=[217, 7], edge_index=[2, 217], y=180.0, edge_attr=[217, 6], custom_label=0.41958043, min_label=0, max_label=429, instance_name='p20.txt');0.4195804297924042;0.423519492149353;0.4993991255760193;0.22874903678894043
Data(x=[217, 7], edge_index=[2, 217], y=179.0, edge_attr=[217, 6], custom_label=0.4172494, min_label=0, max_label=429, instance_name='p20.txt');0.4172494113445282;0.423519492149353;0.4993991255760193;0.22874903678894043
Data(x=[217, 7], edge_index=[2, 217], y=178.0, edge_attr=[217, 6], custom_label=0.41491842, min_label=0, max_label=429, instance_name='p20.txt');0.4149184226989746;0.423519492149353;0.4993991255760193;0.22874903678894043
Data(x=[217, 7], edge_index=[2, 217], y=177.0, edge_attr=[217, 6], custom_label=0.4125874, min_label=0, max_label=429, instance_name='p20.txt');0.41258740425109863;0.423519492149353;0.4993991255760193;0.22874903678894043
Data(x=[217, 7], edge_index=[2, 217], y=176.0, edge_attr=[217, 6], custom_label=0.41025642, min_label=0, max_label=429, instance_name='p20.txt');0.41025641560554504;0.423519492149353;0.4993991255760193;0.22874903678894043
Data(x=[217, 7], edge_index=[2, 217], y=175.0, edge_attr=[217, 6], custom_label=0.4079254, min_label=0, max_label=429, instance_name='p20.txt');0.40792539715766907;0.423519492149353;0.4993991255760193;0.22874903678894043
Data(x=[217, 7], edge_index=[2, 217], y=174.0, edge_attr=[217, 6], custom_label=0.4055944, min_label=0, max_label=429, instance_name='p20.txt');0.4055944085121155;0.423519492149353;0.4993991255760193;0.22874903678894043
Data(x=[217, 7], edge_index=[2, 217], y=173.0, edge_attr=[217, 6], custom_label=0.4032634, min_label=0, max_label=429, instance_name='p20.txt');0.4032633900642395;0.423519492149353;0.4993991255760193;0.22874903678894043
Data(x=[217, 7], edge_index=[2, 217], y=172.0, edge_attr=[217, 6], custom_label=0.4009324, min_label=0, max_label=429, instance_name='p20.txt');0.4009324014186859;0.423519492149353;0.4993991255760193;0.22874903678894043
Data(x=[217, 7], edge_index=[2, 217], y=171.0, edge_attr=[217, 6], custom_label=0.3986014, min_label=0, max_label=429, instance_name='p20.txt');0.3986014127731323;0.423519492149353;0.4993991255760193;0.22874903678894043
Data(x=[217, 7], edge_index=[2, 217], y=170.0, edge_attr=[217, 6], custom_label=0.3962704, min_label=0, max_label=429, instance_name='p20.txt');0.39627039432525635;0.423519492149353;0.4993991255760193;0.22874903678894043
Data(x=[217, 7], edge_index=[2, 217], y=169.0, edge_attr=[217, 6], custom_label=0.3939394, min_label=0, max_label=429, instance_name='p20.txt');0.39393940567970276;0.423519492149353;0.4993991255760193;0.22874903678894043
Data(x=[217, 7], edge_index=[2, 217], y=168.0, edge_attr=[217, 6], custom_label=0.3916084, min_label=0, max_label=429, instance_name='p20.txt');0.3916083872318268;0.423519492149353;0.4993991255760193;0.22874903678894043
Data(x=[217, 7], edge_index=[2, 217], y=167.0, edge_attr=[217, 6], custom_label=0.3892774, min_label=0, max_label=429, instance_name='p20.txt');0.3892773985862732;0.423519492149353;0.4993991255760193;0.22874903678894043
Data(x=[217, 7], edge_index=[2, 217], y=166.0, edge_attr=[217, 6], custom_label=0.38694638, min_label=0, max_label=429, instance_name='p20.txt');0.3869463801383972;0.423519492149353;0.4993991255760193;0.22874903678894043
Data(x=[217, 7], edge_index=[2, 217], y=165.0, edge_attr=[217, 6], custom_label=0.3846154, min_label=0, max_label=429, instance_name='p20.txt');0.38461539149284363;0.423519492149353;0.4993991255760193;0.22874903678894043
Data(x=[217, 7], edge_index=[2, 217], y=164.0, edge_attr=[217, 6], custom_label=0.38228437, min_label=0, max_label=429, instance_name='p20.txt');0.38228437304496765;0.423519492149353;0.4993991255760193;0.22874903678894043
Data(x=[217, 7], edge_index=[2, 217], y=163.0, edge_attr=[217, 6], custom_label=0.37995338, min_label=0, max_label=429, instance_name='p20.txt');0.37995338439941406;0.423519492149353;0.4993991255760193;0.22874903678894043
Data(x=[217, 7], edge_index=[2, 217], y=162.0, edge_attr=[217, 6], custom_label=0.37762237, min_label=0, max_label=429, instance_name='p20.txt');0.3776223659515381;0.423519492149353;0.4993991255760193;0.22874903678894043
Data(x=[217, 7], edge_index=[2, 217], y=161.0, edge_attr=[217, 6], custom_label=0.37529138, min_label=0, max_label=429, instance_name='p20.txt');0.3752913773059845;0.423519492149353;0.4993991255760193;0.22874903678894043
Data(x=[217, 7], edge_index=[2, 217], y=160.0, edge_attr=[217, 6], custom_label=0.37296036, min_label=0, max_label=429, instance_name='p20.txt');0.3729603588581085;0.423519492149353;0.4993991255760193;0.22874903678894043
Data(x=[217, 7], edge_index=[2, 217], y=159.0, edge_attr=[217, 6], custom_label=0.37062937, min_label=0, max_label=429, instance_name='p20.txt');0.37062937021255493;0.423519492149353;0.4993991255760193;0.22874903678894043
Data(x=[217, 7], edge_index=[2, 217], y=158.0, edge_attr=[217, 6], custom_label=0.36829838, min_label=0, max_label=429, instance_name='p20.txt');0.36829838156700134;0.423519492149353;0.4993991255760193;0.22874903678894043
Data(x=[217, 7], edge_index=[2, 217], y=157.0, edge_attr=[217, 6], custom_label=0.36596736, min_label=0, max_label=429, instance_name='p20.txt');0.36596736311912537;0.423519492149353;0.4993991255760193;0.22874903678894043
Data(x=[217, 7], edge_index=[2, 217], y=156.0, edge_attr=[217, 6], custom_label=0.36363637, min_label=0, max_label=429, instance_name='p20.txt');0.3636363744735718;0.423519492149353;0.4993991255760193;0.22874903678894043
Data(x=[217, 7], edge_index=[2, 217], y=155.0, edge_attr=[217, 6], custom_label=0.36130536, min_label=0, max_label=429, instance_name='p20.txt');0.3613053560256958;0.423519492149353;0.4993991255760193;0.22874903678894043
Data(x=[217, 7], edge_index=[2, 217], y=154.0, edge_attr=[217, 6], custom_label=0.35897437, min_label=0, max_label=429, instance_name='p20.txt');0.3589743673801422;0.423519492149353;0.4993991255760193;0.22874903678894043
Data(x=[217, 7], edge_index=[2, 217], y=153.0, edge_attr=[217, 6], custom_label=0.35664335, min_label=0, max_label=429, instance_name='p20.txt');0.35664334893226624;0.423519492149353;0.4993991255760193;0.22874903678894043
Data(x=[217, 7], edge_index=[2, 217], y=152.0, edge_attr=[217, 6], custom_label=0.35431236, min_label=0, max_label=429, instance_name='p20.txt');0.35431236028671265;0.423519492149353;0.4993991255760193;0.22874903678894043
Data(x=[217, 7], edge_index=[2, 217], y=151.0, edge_attr=[217, 6], custom_label=0.35198134, min_label=0, max_label=429, instance_name='p20.txt');0.35198134183883667;0.423519492149353;0.4993991255760193;0.22874903678894043
Data(x=[217, 7], edge_index=[2, 217], y=150.0, edge_attr=[217, 6], custom_label=0.34965035, min_label=0, max_label=429, instance_name='p20.txt');0.3496503531932831;0.423519492149353;0.4993991255760193;0.22874903678894043
Data(x=[217, 7], edge_index=[2, 217], y=149.0, edge_attr=[217, 6], custom_label=0.34731933, min_label=0, max_label=429, instance_name='p20.txt');0.3473193347454071;0.423519492149353;0.4993991255760193;0.22874903678894043
Data(x=[217, 7], edge_index=[2, 217], y=148.0, edge_attr=[217, 6], custom_label=0.34498835, min_label=0, max_label=429, instance_name='p20.txt');0.3449883460998535;0.423519492149353;0.4993991255760193;0.22874903678894043
Data(x=[217, 7], edge_index=[2, 217], y=147.0, edge_attr=[217, 6], custom_label=0.34265736, min_label=0, max_label=429, instance_name='p20.txt');0.3426573574542999;0.423519492149353;0.4993991255760193;0.22874903678894043
Data(x=[217, 7], edge_index=[2, 217], y=146.0, edge_attr=[217, 6], custom_label=0.34032634, min_label=0, max_label=429, instance_name='p20.txt');0.34032633900642395;0.423519492149353;0.4993991255760193;0.22874903678894043
Data(x=[217, 7], edge_index=[2, 217], y=145.0, edge_attr=[217, 6], custom_label=0.33799535, min_label=0, max_label=429, instance_name='p20.txt');0.33799535036087036;0.423519492149353;0.4993991255760193;0.22874903678894043
Data(x=[217, 7], edge_index=[2, 217], y=144.0, edge_attr=[217, 6], custom_label=0.33566433, min_label=0, max_label=429, instance_name='p20.txt');0.3356643319129944;0.423519492149353;0.4993991255760193;0.22874903678894043
Data(x=[217, 7], edge_index=[2, 217], y=143.0, edge_attr=[217, 6], custom_label=0.33333334, min_label=0, max_label=429, instance_name='p20.txt');0.3333333432674408;0.423519492149353;0.4993991255760193;0.22874903678894043
Data(x=[217, 7], edge_index=[2, 217], y=142.0, edge_attr=[217, 6], custom_label=0.33100232, min_label=0, max_label=429, instance_name='p20.txt');0.3310023248195648;0.423519492149353;0.4993991255760193;0.22874903678894043
Data(x=[217, 7], edge_index=[2, 217], y=141.0, edge_attr=[217, 6], custom_label=0.32867134, min_label=0, max_label=429, instance_name='p20.txt');0.32867133617401123;0.423519492149353;0.4993991255760193;0.22874903678894043
Data(x=[217, 7], edge_index=[2, 217], y=140.0, edge_attr=[217, 6], custom_label=0.32634032, min_label=0, max_label=429, instance_name='p20.txt');0.32634031772613525;0.423519492149353;0.4993991255760193;0.22874903678894043
Data(x=[217, 7], edge_index=[2, 217], y=139.0, edge_attr=[217, 6], custom_label=0.32400933, min_label=0, max_label=429, instance_name='p20.txt');0.32400932908058167;0.423519492149353;0.4993991255760193;0.22874903678894043
Data(x=[217, 7], edge_index=[2, 217], y=138.0, edge_attr=[217, 6], custom_label=0.3216783, min_label=0, max_label=429, instance_name='p20.txt');0.3216783106327057;0.423519492149353;0.4993991255760193;0.22874903678894043
Data(x=[217, 7], edge_index=[2, 217], y=137.0, edge_attr=[217, 6], custom_label=0.31934732, min_label=0, max_label=429, instance_name='p20.txt');0.3193473219871521;0.423519492149353;0.4993991255760193;0.22874903678894043
Data(x=[217, 7], edge_index=[2, 217], y=136.0, edge_attr=[217, 6], custom_label=0.3170163, min_label=0, max_label=429, instance_name='p20.txt');0.3170163035392761;0.423519492149353;0.4993991255760193;0.22874903678894043
Data(x=[217, 7], edge_index=[2, 217], y=135.0, edge_attr=[217, 6], custom_label=0.3146853, min_label=0, max_label=429, instance_name='p20.txt');0.31468531489372253;0.423519492149353;0.4993991255760193;0.22874903678894043
Data(x=[217, 7], edge_index=[2, 217], y=134.0, edge_attr=[217, 6], custom_label=0.31235433, min_label=0, max_label=429, instance_name='p20.txt');0.31235432624816895;0.423519492149353;0.4993991255760193;0.22874903678894043
Data(x=[217, 7], edge_index=[2, 217], y=133.0, edge_attr=[217, 6], custom_label=0.3100233, min_label=0, max_label=429, instance_name='p20.txt');0.31002330780029297;0.423519492149353;0.4993991255760193;0.22874903678894043
Data(x=[217, 7], edge_index=[2, 217], y=132.0, edge_attr=[217, 6], custom_label=0.30769232, min_label=0, max_label=429, instance_name='p20.txt');0.3076923191547394;0.423519492149353;0.4993991255760193;0.22874903678894043
Data(x=[217, 7], edge_index=[2, 217], y=131.0, edge_attr=[217, 6], custom_label=0.3053613, min_label=0, max_label=429, instance_name='p20.txt');0.3053613007068634;0.423519492149353;0.4993991255760193;0.22874903678894043
Data(x=[217, 7], edge_index=[2, 217], y=130.0, edge_attr=[217, 6], custom_label=0.3030303, min_label=0, max_label=429, instance_name='p20.txt');0.3030303120613098;0.423519492149353;0.4993991255760193;0.22874903678894043
Data(x=[217, 7], edge_index=[2, 217], y=129.0, edge_attr=[217, 6], custom_label=0.3006993, min_label=0, max_label=429, instance_name='p20.txt');0.30069929361343384;0.423519492149353;0.4993991255760193;0.22874903678894043
Data(x=[217, 7], edge_index=[2, 217], y=128.0, edge_attr=[217, 6], custom_label=0.2983683, min_label=0, max_label=429, instance_name='p20.txt');0.29836830496788025;0.423519492149353;0.4993991255760193;0.22874903678894043
Data(x=[217, 7], edge_index=[2, 217], y=127.0, edge_attr=[217, 6], custom_label=0.2960373, min_label=0, max_label=429, instance_name='p20.txt');0.2960372865200043;0.423519492149353;0.4993991255760193;0.22874903678894043
Data(x=[217, 7], edge_index=[2, 217], y=126.0, edge_attr=[217, 6], custom_label=0.2937063, min_label=0, max_label=429, instance_name='p20.txt');0.2937062978744507;0.423519492149353;0.4993991255760193;0.22874903678894043
Data(x=[217, 7], edge_index=[2, 217], y=125.0, edge_attr=[217, 6], custom_label=0.29137528, min_label=0, max_label=429, instance_name='p20.txt');0.2913752794265747;0.423519492149353;0.4993991255760193;0.22874903678894043
Data(x=[217, 7], edge_index=[2, 217], y=124.0, edge_attr=[217, 6], custom_label=0.2890443, min_label=0, max_label=429, instance_name='p20.txt');0.2890442907810211;0.423519492149353;0.4993991255760193;0.22874903678894043
Data(x=[217, 7], edge_index=[2, 217], y=123.0, edge_attr=[217, 6], custom_label=0.28671327, min_label=0, max_label=429, instance_name='p20.txt');0.28671327233314514;0.423519492149353;0.4993991255760193;0.22874903678894043
Data(x=[217, 7], edge_index=[2, 217], y=122.0, edge_attr=[217, 6], custom_label=0.28438228, min_label=0, max_label=429, instance_name='p20.txt');0.28438228368759155;0.423519492149353;0.4993991255760193;0.22874903678894043
Data(x=[217, 7], edge_index=[2, 217], y=121.0, edge_attr=[217, 6], custom_label=0.2820513, min_label=0, max_label=429, instance_name='p20.txt');0.28205129504203796;0.423519492149353;0.4993991255760193;0.22874903678894043
Data(x=[217, 7], edge_index=[2, 217], y=120.0, edge_attr=[217, 6], custom_label=0.27972028, min_label=0, max_label=429, instance_name='p20.txt');0.279720276594162;0.423519492149353;0.4993991255760193;0.22874903678894043
Data(x=[217, 7], edge_index=[2, 217], y=119.0, edge_attr=[217, 6], custom_label=0.2773893, min_label=0, max_label=429, instance_name='p20.txt');0.2773892879486084;0.423519492149353;0.4993991255760193;0.22874903678894043
Data(x=[217, 7], edge_index=[2, 217], y=118.0, edge_attr=[217, 6], custom_label=0.27505827, min_label=0, max_label=429, instance_name='p20.txt');0.2750582695007324;0.423519492149353;0.4993991255760193;0.22874903678894043
Data(x=[217, 7], edge_index=[2, 217], y=117.0, edge_attr=[217, 6], custom_label=0.27272728, min_label=0, max_label=429, instance_name='p20.txt');0.27272728085517883;0.423519492149353;0.4993991255760193;0.22874903678894043
Data(x=[217, 7], edge_index=[2, 217], y=116.0, edge_attr=[217, 6], custom_label=0.27039626, min_label=0, max_label=429, instance_name='p20.txt');0.27039626240730286;0.423519492149353;0.4993991255760193;0.22874903678894043
Data(x=[217, 7], edge_index=[2, 217], y=115.0, edge_attr=[217, 6], custom_label=0.26806527, min_label=0, max_label=429, instance_name='p20.txt');0.26806527376174927;0.423519492149353;0.4993991255760193;0.22874903678894043
Data(x=[217, 7], edge_index=[2, 217], y=114.0, edge_attr=[217, 6], custom_label=0.26573426, min_label=0, max_label=429, instance_name='p20.txt');0.2657342553138733;0.423519492149353;0.4993991255760193;0.22874903678894043
Data(x=[217, 7], edge_index=[2, 217], y=113.0, edge_attr=[217, 6], custom_label=0.26340327, min_label=0, max_label=429, instance_name='p20.txt');0.2634032666683197;0.423519492149353;0.4993991255760193;0.22874903678894043
Data(x=[217, 7], edge_index=[2, 217], y=112.0, edge_attr=[217, 6], custom_label=0.26107225, min_label=0, max_label=429, instance_name='p20.txt');0.2610722482204437;0.423519492149353;0.4993991255760193;0.22874903678894043
Data(x=[217, 7], edge_index=[2, 217], y=111.0, edge_attr=[217, 6], custom_label=0.25874126, min_label=0, max_label=429, instance_name='p20.txt');0.25874125957489014;0.423519492149353;0.4993991255760193;0.22874903678894043
Data(x=[217, 7], edge_index=[2, 217], y=110.0, edge_attr=[217, 6], custom_label=0.25641027, min_label=0, max_label=429, instance_name='p20.txt');0.25641027092933655;0.423519492149353;0.4993991255760193;0.22874903678894043
Data(x=[217, 7], edge_index=[2, 217], y=109.0, edge_attr=[217, 6], custom_label=0.25407925, min_label=0, max_label=429, instance_name='p20.txt');0.25407925248146057;0.423519492149353;0.4993991255760193;0.22874903678894043
Data(x=[217, 7], edge_index=[2, 217], y=108.0, edge_attr=[217, 6], custom_label=0.25174826, min_label=0, max_label=429, instance_name='p20.txt');0.251748263835907;0.423519492149353;0.4993991255760193;0.22874903678894043
Data(x=[217, 7], edge_index=[2, 217], y=107.0, edge_attr=[217, 6], custom_label=0.24941725, min_label=0, max_label=429, instance_name='p20.txt');0.249417245388031;0.423519492149353;0.4993991255760193;0.22874903678894043
Data(x=[217, 7], edge_index=[2, 217], y=106.0, edge_attr=[217, 6], custom_label=0.24708624, min_label=0, max_label=429, instance_name='p20.txt');0.24708624184131622;0.423519492149353;0.4993991255760193;0.22874903678894043
Data(x=[217, 7], edge_index=[2, 217], y=105.0, edge_attr=[217, 6], custom_label=0.24475524, min_label=0, max_label=429, instance_name='p20.txt');0.24475523829460144;0.423519492149353;0.4993991255760193;0.22874903678894043
Data(x=[217, 7], edge_index=[2, 217], y=104.0, edge_attr=[217, 6], custom_label=0.24242425, min_label=0, max_label=429, instance_name='p20.txt');0.24242424964904785;0.423519492149353;0.4993991255760193;0.22874903678894043
Data(x=[217, 7], edge_index=[2, 217], y=103.0, edge_attr=[217, 6], custom_label=0.24009325, min_label=0, max_label=429, instance_name='p20.txt');0.24009324610233307;0.423519492149353;0.4993991255760193;0.22874903678894043
Data(x=[217, 7], edge_index=[2, 217], y=102.0, edge_attr=[217, 6], custom_label=0.23776224, min_label=0, max_label=429, instance_name='p20.txt');0.2377622425556183;0.423519492149353;0.4993991255760193;0.22874903678894043
Data(x=[217, 7], edge_index=[2, 217], y=101.0, edge_attr=[217, 6], custom_label=0.23543124, min_label=0, max_label=429, instance_name='p20.txt');0.2354312390089035;0.423519492149353;0.4993991255760193;0.22874903678894043
Data(x=[217, 7], edge_index=[2, 217], y=100.0, edge_attr=[217, 6], custom_label=0.23310024, min_label=0, max_label=429, instance_name='p20.txt');0.23310023546218872;0.423519492149353;0.4993991255760193;0.22874903678894043
Data(x=[217, 7], edge_index=[2, 217], y=99.0, edge_attr=[217, 6], custom_label=0.23076923, min_label=0, max_label=429, instance_name='p20.txt');0.23076923191547394;0.423519492149353;0.4993991255760193;0.22874903678894043
Data(x=[217, 7], edge_index=[2, 217], y=98.0, edge_attr=[217, 6], custom_label=0.22843823, min_label=0, max_label=429, instance_name='p20.txt');0.22843822836875916;0.423519492149353;0.4993991255760193;0.22874903678894043
Data(x=[217, 7], edge_index=[2, 217], y=97.0, edge_attr=[217, 6], custom_label=0.22610722, min_label=0, max_label=429, instance_name='p20.txt');0.22610722482204437;0.423519492149353;0.4993991255760193;0.22874903678894043
Data(x=[217, 7], edge_index=[2, 217], y=96.0, edge_attr=[217, 6], custom_label=0.22377622, min_label=0, max_label=429, instance_name='p20.txt');0.2237762212753296;0.423519492149353;0.4993991255760193;0.22874903678894043
Data(x=[217, 7], edge_index=[2, 217], y=95.0, edge_attr=[217, 6], custom_label=0.22144522, min_label=0, max_label=429, instance_name='p20.txt');0.2214452177286148;0.423519492149353;0.4993991255760193;0.22874903678894043
Data(x=[217, 7], edge_index=[2, 217], y=94.0, edge_attr=[217, 6], custom_label=0.21911421, min_label=0, max_label=429, instance_name='p20.txt');0.21911421418190002;0.423519492149353;0.4993991255760193;0.22874903678894043
Data(x=[217, 7], edge_index=[2, 217], y=93.0, edge_attr=[217, 6], custom_label=0.21678321, min_label=0, max_label=429, instance_name='p20.txt');0.21678321063518524;0.423519492149353;0.4993991255760193;0.22874903678894043
Data(x=[217, 7], edge_index=[2, 217], y=92.0, edge_attr=[217, 6], custom_label=0.2144522, min_label=0, max_label=429, instance_name='p20.txt');0.21445220708847046;0.423519492149353;0.4993991255760193;0.22874903678894043
Data(x=[217, 7], edge_index=[2, 217], y=91.0, edge_attr=[217, 6], custom_label=0.21212122, min_label=0, max_label=429, instance_name='p20.txt');0.21212121844291687;0.423519492149353;0.4993991255760193;0.22874903678894043
Data(x=[217, 7], edge_index=[2, 217], y=90.0, edge_attr=[217, 6], custom_label=0.20979021, min_label=0, max_label=429, instance_name='p20.txt');0.2097902148962021;0.423519492149353;0.4993991255760193;0.22874903678894043
Data(x=[217, 7], edge_index=[2, 217], y=89.0, edge_attr=[217, 6], custom_label=0.20745921, min_label=0, max_label=429, instance_name='p20.txt');0.2074592113494873;0.423519492149353;0.4993991255760193;0.22874903678894043
Data(x=[217, 7], edge_index=[2, 217], y=88.0, edge_attr=[217, 6], custom_label=0.20512821, min_label=0, max_label=429, instance_name='p20.txt');0.20512820780277252;0.423519492149353;0.4993991255760193;0.22874903678894043
Data(x=[217, 7], edge_index=[2, 217], y=87.0, edge_attr=[217, 6], custom_label=0.2027972, min_label=0, max_label=429, instance_name='p20.txt');0.20279720425605774;0.423519492149353;0.4993991255760193;0.22874903678894043
Data(x=[217, 7], edge_index=[2, 217], y=86.0, edge_attr=[217, 6], custom_label=0.2004662, min_label=0, max_label=429, instance_name='p20.txt');0.20046620070934296;0.423519492149353;0.4993991255760193;0.22874903678894043
Data(x=[217, 7], edge_index=[2, 217], y=85.0, edge_attr=[217, 6], custom_label=0.1981352, min_label=0, max_label=429, instance_name='p20.txt');0.19813519716262817;0.423519492149353;0.4993991255760193;0.22874903678894043
Data(x=[217, 7], edge_index=[2, 217], y=84.0, edge_attr=[217, 6], custom_label=0.1958042, min_label=0, max_label=429, instance_name='p20.txt');0.1958041936159134;0.423519492149353;0.4993991255760193;0.22874903678894043
Data(x=[217, 7], edge_index=[2, 217], y=83.0, edge_attr=[217, 6], custom_label=0.19347319, min_label=0, max_label=429, instance_name='p20.txt');0.1934731900691986;0.423519492149353;0.4993991255760193;0.22874903678894043
Data(x=[217, 7], edge_index=[2, 217], y=82.0, edge_attr=[217, 6], custom_label=0.19114219, min_label=0, max_label=429, instance_name='p20.txt');0.19114218652248383;0.423519492149353;0.4993991255760193;0.22874903678894043
Data(x=[217, 7], edge_index=[2, 217], y=81.0, edge_attr=[217, 6], custom_label=0.18881118, min_label=0, max_label=429, instance_name='p20.txt');0.18881118297576904;0.423519492149353;0.4993991255760193;0.22874903678894043
Data(x=[217, 7], edge_index=[2, 217], y=80.0, edge_attr=[217, 6], custom_label=0.18648018, min_label=0, max_label=429, instance_name='p20.txt');0.18648017942905426;0.423519492149353;0.4993991255760193;0.22874903678894043
Data(x=[217, 7], edge_index=[2, 217], y=79.0, edge_attr=[217, 6], custom_label=0.18414919, min_label=0, max_label=429, instance_name='p20.txt');0.18414919078350067;0.423519492149353;0.4993991255760193;0.22874903678894043
Data(x=[217, 7], edge_index=[2, 217], y=78.0, edge_attr=[217, 6], custom_label=0.18181819, min_label=0, max_label=429, instance_name='p20.txt');0.1818181872367859;0.423519492149353;0.4993991255760193;0.22874903678894043
Data(x=[217, 7], edge_index=[2, 217], y=77.0, edge_attr=[217, 6], custom_label=0.17948718, min_label=0, max_label=429, instance_name='p20.txt');0.1794871836900711;0.423519492149353;0.4993991255760193;0.22874903678894043
Data(x=[217, 7], edge_index=[2, 217], y=76.0, edge_attr=[217, 6], custom_label=0.17715618, min_label=0, max_label=429, instance_name='p20.txt');0.17715618014335632;0.423519492149353;0.4993991255760193;0.22874903678894043
Data(x=[217, 7], edge_index=[2, 217], y=75.0, edge_attr=[217, 6], custom_label=0.17482518, min_label=0, max_label=429, instance_name='p20.txt');0.17482517659664154;0.423519492149353;0.4993991255760193;0.22874903678894043
Data(x=[217, 7], edge_index=[2, 217], y=74.0, edge_attr=[217, 6], custom_label=0.17249417, min_label=0, max_label=429, instance_name='p20.txt');0.17249417304992676;0.423519492149353;0.4993991255760193;0.22874903678894043
Data(x=[217, 7], edge_index=[2, 217], y=73.0, edge_attr=[217, 6], custom_label=0.17016317, min_label=0, max_label=429, instance_name='p20.txt');0.17016316950321198;0.423519492149353;0.4993991255760193;0.22874903678894043
Data(x=[217, 7], edge_index=[2, 217], y=72.0, edge_attr=[217, 6], custom_label=0.16783217, min_label=0, max_label=429, instance_name='p20.txt');0.1678321659564972;0.423519492149353;0.4993991255760193;0.22874903678894043
Data(x=[217, 7], edge_index=[2, 217], y=71.0, edge_attr=[217, 6], custom_label=0.16550116, min_label=0, max_label=429, instance_name='p20.txt');0.1655011624097824;0.423519492149353;0.4993991255760193;0.22874903678894043
Data(x=[217, 7], edge_index=[2, 217], y=70.0, edge_attr=[217, 6], custom_label=0.16317016, min_label=0, max_label=429, instance_name='p20.txt');0.16317015886306763;0.423519492149353;0.4993991255760193;0.22874903678894043
Data(x=[217, 7], edge_index=[2, 217], y=69.0, edge_attr=[217, 6], custom_label=0.16083916, min_label=0, max_label=429, instance_name='p20.txt');0.16083915531635284;0.423519492149353;0.4993991255760193;0.22874903678894043
Data(x=[217, 7], edge_index=[2, 217], y=68.0, edge_attr=[217, 6], custom_label=0.15850815, min_label=0, max_label=429, instance_name='p20.txt');0.15850815176963806;0.423519492149353;0.4993991255760193;0.22874903678894043
Data(x=[217, 7], edge_index=[2, 217], y=67.0, edge_attr=[217, 6], custom_label=0.15617716, min_label=0, max_label=429, instance_name='p20.txt');0.15617716312408447;0.423519492149353;0.4993991255760193;0.22874903678894043
Data(x=[217, 7], edge_index=[2, 217], y=66.0, edge_attr=[217, 6], custom_label=0.15384616, min_label=0, max_label=429, instance_name='p20.txt');0.1538461595773697;0.423519492149353;0.4993991255760193;0.22874903678894043
Data(x=[217, 7], edge_index=[2, 217], y=65.0, edge_attr=[217, 6], custom_label=0.15151516, min_label=0, max_label=429, instance_name='p20.txt');0.1515151560306549;0.423519492149353;0.4993991255760193;0.22874903678894043
Data(x=[217, 7], edge_index=[2, 217], y=64.0, edge_attr=[217, 6], custom_label=0.14918415, min_label=0, max_label=429, instance_name='p20.txt');0.14918415248394012;0.423519492149353;0.4993991255760193;0.22874903678894043
Data(x=[217, 7], edge_index=[2, 217], y=63.0, edge_attr=[217, 6], custom_label=0.14685315, min_label=0, max_label=429, instance_name='p20.txt');0.14685314893722534;0.423519492149353;0.4993991255760193;0.22874903678894043
Data(x=[217, 7], edge_index=[2, 217], y=62.0, edge_attr=[217, 6], custom_label=0.14452215, min_label=0, max_label=429, instance_name='p20.txt');0.14452214539051056;0.423519492149353;0.4993991255760193;0.22874903678894043
Data(x=[217, 7], edge_index=[2, 217], y=61.0, edge_attr=[217, 6], custom_label=0.14219114, min_label=0, max_label=429, instance_name='p20.txt');0.14219114184379578;0.423519492149353;0.4993991255760193;0.22874903678894043
Data(x=[217, 7], edge_index=[2, 217], y=60.0, edge_attr=[217, 6], custom_label=0.13986014, min_label=0, max_label=429, instance_name='p20.txt');0.139860138297081;0.423519492149353;0.4993991255760193;0.22874903678894043
Data(x=[217, 7], edge_index=[2, 217], y=59.0, edge_attr=[217, 6], custom_label=0.13752913, min_label=0, max_label=429, instance_name='p20.txt');0.1375291347503662;0.423519492149353;0.4993991255760193;0.22874903678894043
Data(x=[217, 7], edge_index=[2, 217], y=58.0, edge_attr=[217, 6], custom_label=0.13519813, min_label=0, max_label=429, instance_name='p20.txt');0.13519813120365143;0.423519492149353;0.4993991255760193;0.22874903678894043
Data(x=[217, 7], edge_index=[2, 217], y=57.0, edge_attr=[217, 6], custom_label=0.13286713, min_label=0, max_label=429, instance_name='p20.txt');0.13286712765693665;0.423519492149353;0.4993991255760193;0.22874903678894043
Data(x=[217, 7], edge_index=[2, 217], y=56.0, edge_attr=[217, 6], custom_label=0.13053612, min_label=0, max_label=429, instance_name='p20.txt');0.13053612411022186;0.423519492149353;0.4993991255760193;0.22874903678894043
Data(x=[217, 7], edge_index=[2, 217], y=55.0, edge_attr=[217, 6], custom_label=0.12820514, min_label=0, max_label=429, instance_name='p20.txt');0.12820513546466827;0.423519492149353;0.4993991255760193;0.22874903678894043
Data(x=[217, 7], edge_index=[2, 217], y=54.0, edge_attr=[217, 6], custom_label=0.12587413, min_label=0, max_label=429, instance_name='p20.txt');0.1258741319179535;0.423519492149353;0.4993991255760193;0.22874903678894043
Data(x=[217, 7], edge_index=[2, 217], y=53.0, edge_attr=[217, 6], custom_label=0.12354312, min_label=0, max_label=429, instance_name='p20.txt');0.12354312092065811;0.423519492149353;0.4993991255760193;0.22874903678894043
Data(x=[217, 7], edge_index=[2, 217], y=52.0, edge_attr=[217, 6], custom_label=0.121212125, min_label=0, max_label=429, instance_name='p20.txt');0.12121212482452393;0.423519492149353;0.4993991255760193;0.22874903678894043
Data(x=[217, 7], edge_index=[2, 217], y=51.0, edge_attr=[217, 6], custom_label=0.11888112, min_label=0, max_label=429, instance_name='p20.txt');0.11888112127780914;0.423519492149353;0.4993991255760193;0.22874903678894043
Data(x=[217, 7], edge_index=[2, 217], y=50.0, edge_attr=[217, 6], custom_label=0.11655012, min_label=0, max_label=429, instance_name='p20.txt');0.11655011773109436;0.423519492149353;0.4993991255760193;0.22874903678894043
Data(x=[217, 7], edge_index=[2, 217], y=49.0, edge_attr=[217, 6], custom_label=0.114219114, min_label=0, max_label=429, instance_name='p20.txt');0.11421911418437958;0.423519492149353;0.4993991255760193;0.22874903678894043
Data(x=[217, 7], edge_index=[2, 217], y=48.0, edge_attr=[217, 6], custom_label=0.11188811, min_label=0, max_label=429, instance_name='p20.txt');0.1118881106376648;0.423519492149353;0.4993991255760193;0.22874903678894043
Data(x=[217, 7], edge_index=[2, 217], y=47.0, edge_attr=[217, 6], custom_label=0.10955711, min_label=0, max_label=429, instance_name='p20.txt');0.10955710709095001;0.423519492149353;0.4993991255760193;0.22874903678894043
Data(x=[217, 7], edge_index=[2, 217], y=46.0, edge_attr=[217, 6], custom_label=0.1072261, min_label=0, max_label=429, instance_name='p20.txt');0.10722610354423523;0.423519492149353;0.4993991255760193;0.22874903678894043
Data(x=[217, 7], edge_index=[2, 217], y=45.0, edge_attr=[217, 6], custom_label=0.10489511, min_label=0, max_label=429, instance_name='p20.txt');0.10489510744810104;0.423519492149353;0.4993991255760193;0.22874903678894043
Data(x=[217, 7], edge_index=[2, 217], y=44.0, edge_attr=[217, 6], custom_label=0.102564104, min_label=0, max_label=429, instance_name='p20.txt');0.10256410390138626;0.423519492149353;0.4993991255760193;0.22874903678894043
Data(x=[217, 7], edge_index=[2, 217], y=43.0, edge_attr=[217, 6], custom_label=0.1002331, min_label=0, max_label=429, instance_name='p20.txt');0.10023310035467148;0.423519492149353;0.4993991255760193;0.22874903678894043
Data(x=[217, 7], edge_index=[2, 217], y=42.0, edge_attr=[217, 6], custom_label=0.0979021, min_label=0, max_label=429, instance_name='p20.txt');0.0979020968079567;0.423519492149353;0.4993991255760193;0.22874903678894043
Data(x=[217, 7], edge_index=[2, 217], y=41.0, edge_attr=[217, 6], custom_label=0.09557109, min_label=0, max_label=429, instance_name='p20.txt');0.09557109326124191;0.423519492149353;0.4993991255760193;0.22874903678894043
Data(x=[217, 7], edge_index=[2, 217], y=40.0, edge_attr=[217, 6], custom_label=0.09324009, min_label=0, max_label=429, instance_name='p20.txt');0.09324008971452713;0.423519492149353;0.4993991255760193;0.22874903678894043
Data(x=[217, 7], edge_index=[2, 217], y=39.0, edge_attr=[217, 6], custom_label=0.09090909, min_label=0, max_label=429, instance_name='p20.txt');0.09090909361839294;0.423519492149353;0.4993991255760193;0.22874903678894043
Data(x=[217, 7], edge_index=[2, 217], y=38.0, edge_attr=[217, 6], custom_label=0.08857809, min_label=0, max_label=429, instance_name='p20.txt');0.08857809007167816;0.423519492149353;0.4993991255760193;0.22874903678894043
Data(x=[217, 7], edge_index=[2, 217], y=37.0, edge_attr=[217, 6], custom_label=0.08624709, min_label=0, max_label=429, instance_name='p20.txt');0.08624708652496338;0.423519492149353;0.4993991255760193;0.22874903678894043
Data(x=[217, 7], edge_index=[2, 217], y=36.0, edge_attr=[217, 6], custom_label=0.08391608, min_label=0, max_label=429, instance_name='p20.txt');0.0839160829782486;0.423519492149353;0.4993991255760193;0.22874903678894043
Data(x=[217, 7], edge_index=[2, 217], y=35.0, edge_attr=[217, 6], custom_label=0.08158508, min_label=0, max_label=429, instance_name='p20.txt');0.08158507943153381;0.423519492149353;0.4993991255760193;0.22874903678894043
Data(x=[217, 7], edge_index=[2, 217], y=34.0, edge_attr=[217, 6], custom_label=0.079254076, min_label=0, max_label=429, instance_name='p20.txt');0.07925407588481903;0.423519492149353;0.4993991255760193;0.22874903678894043
Data(x=[217, 7], edge_index=[2, 217], y=33.0, edge_attr=[217, 6], custom_label=0.07692308, min_label=0, max_label=429, instance_name='p20.txt');0.07692307978868484;0.423519492149353;0.4993991255760193;0.22874903678894043
Data(x=[217, 7], edge_index=[2, 217], y=32.0, edge_attr=[217, 6], custom_label=0.074592076, min_label=0, max_label=429, instance_name='p20.txt');0.07459207624197006;0.423519492149353;0.4993991255760193;0.22874903678894043
Data(x=[217, 7], edge_index=[2, 217], y=31.0, edge_attr=[217, 6], custom_label=0.07226107, min_label=0, max_label=429, instance_name='p20.txt');0.07226107269525528;0.423519492149353;0.4993991255760193;0.22874903678894043
Data(x=[217, 7], edge_index=[2, 217], y=30.0, edge_attr=[217, 6], custom_label=0.06993007, min_label=0, max_label=429, instance_name='p20.txt');0.0699300691485405;0.423519492149353;0.4993991255760193;0.22874903678894043
Data(x=[217, 7], edge_index=[2, 217], y=29.0, edge_attr=[217, 6], custom_label=0.067599066, min_label=0, max_label=429, instance_name='p20.txt');0.06759906560182571;0.423519492149353;0.4993991255760193;0.22874903678894043
Data(x=[217, 7], edge_index=[2, 217], y=28.0, edge_attr=[217, 6], custom_label=0.06526806, min_label=0, max_label=429, instance_name='p20.txt');0.06526806205511093;0.423519492149353;0.4993991255760193;0.22874903678894043
Data(x=[217, 7], edge_index=[2, 217], y=27.0, edge_attr=[217, 6], custom_label=0.062937066, min_label=0, max_label=429, instance_name='p20.txt');0.06293706595897675;0.423519492149353;0.4993991255760193;0.22874903678894043
Data(x=[217, 7], edge_index=[2, 217], y=26.0, edge_attr=[217, 6], custom_label=0.060606062, min_label=0, max_label=429, instance_name='p20.txt');0.06060606241226196;0.423519492149353;0.4993991255760193;0.22874903678894043
Data(x=[217, 7], edge_index=[2, 217], y=25.0, edge_attr=[217, 6], custom_label=0.05827506, min_label=0, max_label=429, instance_name='p20.txt');0.05827505886554718;0.423519492149353;0.4993991255760193;0.22874903678894043
Data(x=[217, 7], edge_index=[2, 217], y=24.0, edge_attr=[217, 6], custom_label=0.055944055, min_label=0, max_label=429, instance_name='p20.txt');0.0559440553188324;0.423519492149353;0.4993991255760193;0.22874903678894043
Data(x=[217, 7], edge_index=[2, 217], y=23.0, edge_attr=[217, 6], custom_label=0.05361305, min_label=0, max_label=429, instance_name='p20.txt');0.053613051772117615;0.423519492149353;0.4993991255760193;0.22874903678894043
Data(x=[217, 7], edge_index=[2, 217], y=22.0, edge_attr=[217, 6], custom_label=0.051282052, min_label=0, max_label=429, instance_name='p20.txt');0.05128205195069313;0.423519492149353;0.4993991255760193;0.22874903678894043
Data(x=[217, 7], edge_index=[2, 217], y=21.0, edge_attr=[217, 6], custom_label=0.04895105, min_label=0, max_label=429, instance_name='p20.txt');0.04895104840397835;0.423519492149353;0.4993991255760193;0.22874903678894043
Data(x=[217, 7], edge_index=[2, 217], y=20.0, edge_attr=[217, 6], custom_label=0.046620045, min_label=0, max_label=429, instance_name='p20.txt');0.046620044857263565;0.423519492149353;0.4993991255760193;0.22874903678894043
Data(x=[217, 7], edge_index=[2, 217], y=19.0, edge_attr=[217, 6], custom_label=0.044289045, min_label=0, max_label=429, instance_name='p20.txt');0.04428904503583908;0.423519492149353;0.4993991255760193;0.22874903678894043
Data(x=[217, 7], edge_index=[2, 217], y=18.0, edge_attr=[217, 6], custom_label=0.04195804, min_label=0, max_label=429, instance_name='p20.txt');0.0419580414891243;0.423519492149353;0.4993991255760193;0.22874903678894043
Data(x=[217, 7], edge_index=[2, 217], y=17.0, edge_attr=[217, 6], custom_label=0.039627038, min_label=0, max_label=429, instance_name='p20.txt');0.039627037942409515;0.423519492149353;0.4993991255760193;0.22874903678894043
Data(x=[217, 7], edge_index=[2, 217], y=16.0, edge_attr=[217, 6], custom_label=0.037296038, min_label=0, max_label=429, instance_name='p20.txt');0.03729603812098503;0.423519492149353;0.4993991255760193;0.22874903678894043
Data(x=[217, 7], edge_index=[2, 217], y=15.0, edge_attr=[217, 6], custom_label=0.034965035, min_label=0, max_label=429, instance_name='p20.txt');0.03496503457427025;0.423519492149353;0.4993991255760193;0.22874903678894043
Data(x=[217, 7], edge_index=[2, 217], y=14.0, edge_attr=[217, 6], custom_label=0.03263403, min_label=0, max_label=429, instance_name='p20.txt');0.032634031027555466;0.423519492149353;0.4993991255760193;0.22874903678894043
Data(x=[217, 7], edge_index=[2, 217], y=13.0, edge_attr=[217, 6], custom_label=0.030303031, min_label=0, max_label=429, instance_name='p20.txt');0.03030303120613098;0.423519492149353;0.4993991255760193;0.22874903678894043
Data(x=[217, 7], edge_index=[2, 217], y=12.0, edge_attr=[217, 6], custom_label=0.027972028, min_label=0, max_label=429, instance_name='p20.txt');0.0279720276594162;0.423519492149353;0.4993991255760193;0.22874903678894043
Data(x=[217, 7], edge_index=[2, 217], y=11.0, edge_attr=[217, 6], custom_label=0.025641026, min_label=0, max_label=429, instance_name='p20.txt');0.025641025975346565;0.423519492149353;0.4993991255760193;0.22874903678894043
Data(x=[217, 7], edge_index=[2, 217], y=10.0, edge_attr=[217, 6], custom_label=0.023310022, min_label=0, max_label=429, instance_name='p20.txt');0.023310022428631783;0.423519492149353;0.4993991255760193;0.22874903678894043
Data(x=[217, 7], edge_index=[2, 217], y=9.0, edge_attr=[217, 6], custom_label=0.02097902, min_label=0, max_label=429, instance_name='p20.txt');0.02097902074456215;0.423519492149353;0.4993991255760193;0.22874903678894043
Data(x=[217, 7], edge_index=[2, 217], y=8.0, edge_attr=[217, 6], custom_label=0.018648019, min_label=0, max_label=429, instance_name='p20.txt');0.018648019060492516;0.423519492149353;0.4993991255760193;0.22874903678894043
Data(x=[217, 7], edge_index=[2, 217], y=7.0, edge_attr=[217, 6], custom_label=0.016317016, min_label=0, max_label=429, instance_name='p20.txt');0.016317015513777733;0.423519492149353;0.4993991255760193;0.22874903678894043
Data(x=[217, 7], edge_index=[2, 217], y=6.0, edge_attr=[217, 6], custom_label=0.013986014, min_label=0, max_label=429, instance_name='p20.txt');0.0139860138297081;0.423519492149353;0.4993991255760193;0.22874903678894043
Data(x=[217, 7], edge_index=[2, 217], y=5.0, edge_attr=[217, 6], custom_label=0.011655011, min_label=0, max_label=429, instance_name='p20.txt');0.011655011214315891;0.423519492149353;0.4993991255760193;0.22874903678894043
Data(x=[217, 7], edge_index=[2, 217], y=4.0, edge_attr=[217, 6], custom_label=0.0093240095, min_label=0, max_label=429, instance_name='p20.txt');0.009324009530246258;0.423519492149353;0.4993991255760193;0.22874903678894043
Data(x=[217, 7], edge_index=[2, 217], y=3.0, edge_attr=[217, 6], custom_label=0.006993007, min_label=0, max_label=429, instance_name='p20.txt');0.00699300691485405;0.423519492149353;0.4993991255760193;0.22874903678894043
Data(x=[217, 7], edge_index=[2, 217], y=2.0, edge_attr=[217, 6], custom_label=0.0046620048, min_label=0, max_label=429, instance_name='p20.txt');0.004662004765123129;0.423519492149353;0.4993991255760193;0.22874903678894043
Data(x=[217, 7], edge_index=[2, 217], y=1.0, edge_attr=[217, 6], custom_label=0.0023310024, min_label=0, max_label=429, instance_name='p20.txt');0.0023310023825615644;0.423519492149353;0.4993991255760193;0.22874903678894043
Data(x=[218, 7], edge_index=[2, 2], edge_attr=[2, 6], y=0.0, custom_label=0.0, min_label=0, max_label=429, instance_name='p20.txt');0.0;0.3023707866668701;0.0005280458717606962;0.14261645078659058
Data(x=[46, 7], edge_index=[2, 20], edge_attr=[20, 6], y=38.0, custom_label=1.0, min_label=0, max_label=38, instance_name='p21.txt');1.0;6.242962626856752e-07;2.1521507278521312e-06;0.14261645078659058
Data(x=[46, 7], edge_index=[2, 20], edge_attr=[20, 6], y=37.0, custom_label=0.9736842, min_label=0, max_label=38, instance_name='p21.txt');0.9736841917037964;6.242962626856752e-07;2.1521507278521312e-06;0.14261645078659058
Data(x=[46, 7], edge_index=[2, 20], edge_attr=[20, 6], y=36.0, custom_label=0.94736844, min_label=0, max_label=38, instance_name='p21.txt');0.9473684430122375;6.242956942514866e-07;2.1521507278521312e-06;0.14261645078659058
Data(x=[46, 7], edge_index=[2, 20], edge_attr=[20, 6], y=35.0, custom_label=0.92105263, min_label=0, max_label=38, instance_name='p21.txt');0.9210526347160339;6.242956942514866e-07;2.1521507278521312e-06;0.14261645078659058
Data(x=[45, 7], edge_index=[2, 18], edge_attr=[18, 6], y=34.0, custom_label=0.8947368, min_label=0, max_label=38, instance_name='p21.txt');0.8947368264198303;0.0009699385263957083;0.005237971898168325;0.14261645078659058
Data(x=[45, 7], edge_index=[2, 18], edge_attr=[18, 6], y=33.0, custom_label=0.8684211, min_label=0, max_label=38, instance_name='p21.txt');0.8684210777282715;0.0009699385263957083;0.005237971898168325;0.14261645078659058
Data(x=[45, 7], edge_index=[2, 18], edge_attr=[18, 6], y=32.0, custom_label=0.84210527, min_label=0, max_label=38, instance_name='p21.txt');0.8421052694320679;0.0009699389920569956;0.005237971898168325;0.14261645078659058
Data(x=[45, 7], edge_index=[2, 18], edge_attr=[18, 6], y=31.0, custom_label=0.81578946, min_label=0, max_label=38, instance_name='p21.txt');0.8157894611358643;0.0009699389920569956;0.005237971898168325;0.14261645078659058
Data(x=[45, 7], edge_index=[2, 18], edge_attr=[18, 6], y=30.0, custom_label=0.7894737, min_label=0, max_label=38, instance_name='p21.txt');0.7894737124443054;0.0009699389920569956;0.005237971898168325;0.14261645078659058
Data(x=[45, 7], edge_index=[2, 18], edge_attr=[18, 6], y=29.0, custom_label=0.7631579, min_label=0, max_label=38, instance_name='p21.txt');0.7631579041481018;0.0009699389920569956;0.005237971898168325;0.14261645078659058
Data(x=[45, 7], edge_index=[2, 18], edge_attr=[18, 6], y=28.0, custom_label=0.7368421, min_label=0, max_label=38, instance_name='p21.txt');0.7368420958518982;0.0009699389920569956;0.005237971898168325;0.14261645078659058
Data(x=[45, 7], edge_index=[2, 18], edge_attr=[18, 6], y=27.0, custom_label=0.7105263, min_label=0, max_label=38, instance_name='p21.txt');0.7105262875556946;0.0009699389920569956;0.005237971898168325;0.14261645078659058
Data(x=[45, 7], edge_index=[2, 18], edge_attr=[18, 6], y=26.0, custom_label=0.68421054, min_label=0, max_label=38, instance_name='p21.txt');0.6842105388641357;0.0009699389920569956;0.005237971898168325;0.14261645078659058
Data(x=[45, 7], edge_index=[2, 18], edge_attr=[18, 6], y=25.0, custom_label=0.65789473, min_label=0, max_label=38, instance_name='p21.txt');0.6578947305679321;0.0009699389920569956;0.005237971898168325;0.14261645078659058
Data(x=[45, 7], edge_index=[2, 18], edge_attr=[18, 6], y=24.0, custom_label=0.6315789, min_label=0, max_label=38, instance_name='p21.txt');0.6315789222717285;0.0009699389920569956;0.005237971898168325;0.14261645078659058
Data(x=[45, 7], edge_index=[2, 18], edge_attr=[18, 6], y=23.0, custom_label=0.6052632, min_label=0, max_label=38, instance_name='p21.txt');0.6052631735801697;0.0009699389920569956;0.005237971898168325;0.14261645078659058
Data(x=[44, 7], edge_index=[2, 16], edge_attr=[16, 6], y=22.0, custom_label=0.57894737, min_label=0, max_label=38, instance_name='p21.txt');0.5789473652839661;0.09968969970941544;0.08547516912221909;0.14261645078659058
Data(x=[44, 7], edge_index=[2, 16], edge_attr=[16, 6], y=21.0, custom_label=0.55263156, min_label=0, max_label=38, instance_name='p21.txt');0.5526315569877625;0.09968969970941544;0.08547516912221909;0.14261645078659058
Data(x=[45, 7], edge_index=[2, 18], edge_attr=[18, 6], y=20.0, custom_label=0.5263158, min_label=0, max_label=38, instance_name='p21.txt');0.5263158082962036;0.0009699389920569956;0.005237971898168325;0.14261645078659058
Data(x=[45, 7], edge_index=[2, 18], edge_attr=[18, 6], y=19.0, custom_label=0.5, min_label=0, max_label=38, instance_name='p21.txt');0.5;0.0009699389920569956;0.005237971898168325;0.14261645078659058
Data(x=[45, 7], edge_index=[2, 18], edge_attr=[18, 6], y=18.0, custom_label=0.47368422, min_label=0, max_label=38, instance_name='p21.txt');0.4736842215061188;0.0009699385263957083;0.005237971898168325;0.14261645078659058
Data(x=[45, 7], edge_index=[2, 18], edge_attr=[18, 6], y=17.0, custom_label=0.4473684, min_label=0, max_label=38, instance_name='p21.txt');0.44736841320991516;0.0009699385263957083;0.005237971898168325;0.14261645078659058
Data(x=[45, 7], edge_index=[2, 18], edge_attr=[18, 6], y=16.0, custom_label=0.42105263, min_label=0, max_label=38, instance_name='p21.txt');0.42105263471603394;0.0009699385263957083;0.005237971898168325;0.14261645078659058
Data(x=[45, 7], edge_index=[2, 18], edge_attr=[18, 6], y=15.0, custom_label=0.39473686, min_label=0, max_label=38, instance_name='p21.txt');0.3947368562221527;0.0009699385263957083;0.005237971898168325;0.14261645078659058
Data(x=[45, 7], edge_index=[2, 18], edge_attr=[18, 6], y=14.0, custom_label=0.36842105, min_label=0, max_label=38, instance_name='p21.txt');0.3684210479259491;0.0009699385263957083;0.005237971898168325;0.14261645078659058
Data(x=[45, 7], edge_index=[2, 18], edge_attr=[18, 6], y=13.0, custom_label=0.34210527, min_label=0, max_label=38, instance_name='p21.txt');0.34210526943206787;0.0009699385263957083;0.005237971898168325;0.14261645078659058
Data(x=[45, 7], edge_index=[2, 18], edge_attr=[18, 6], y=12.0, custom_label=0.31578946, min_label=0, max_label=38, instance_name='p21.txt');0.31578946113586426;0.0009699385263957083;0.005237971898168325;0.14261645078659058
Data(x=[44, 7], edge_index=[2, 16], edge_attr=[16, 6], y=11.0, custom_label=0.28947368, min_label=0, max_label=38, instance_name='p21.txt');0.28947368264198303;0.09968971461057663;0.08547516912221909;0.14261645078659058
Data(x=[44, 7], edge_index=[2, 16], edge_attr=[16, 6], y=10.0, custom_label=0.2631579, min_label=0, max_label=38, instance_name='p21.txt');0.2631579041481018;0.09968971461057663;0.08547516912221909;0.14261645078659058
Data(x=[45, 7], edge_index=[2, 18], edge_attr=[18, 6], y=9.0, custom_label=0.23684211, min_label=0, max_label=38, instance_name='p21.txt');0.2368421107530594;0.0009699385263957083;0.005237971898168325;0.14261645078659058
Data(x=[45, 7], edge_index=[2, 18], edge_attr=[18, 6], y=8.0, custom_label=0.21052632, min_label=0, max_label=38, instance_name='p21.txt');0.21052631735801697;0.0009699385263957083;0.005237971898168325;0.14261645078659058
Data(x=[46, 7], edge_index=[2, 20], edge_attr=[20, 6], y=7.0, custom_label=0.18421052, min_label=0, max_label=38, instance_name='p21.txt');0.18421052396297455;6.242962626856752e-07;2.152148454115377e-06;0.14261645078659058
Data(x=[46, 7], edge_index=[2, 20], edge_attr=[20, 6], y=6.0, custom_label=0.15789473, min_label=0, max_label=38, instance_name='p21.txt');0.15789473056793213;6.242956942514866e-07;2.152148454115377e-06;0.14261645078659058
Data(x=[46, 7], edge_index=[2, 20], edge_attr=[20, 6], y=5.0, custom_label=0.13157895, min_label=0, max_label=38, instance_name='p21.txt');0.1315789520740509;6.242962626856752e-07;2.1521507278521312e-06;0.14261645078659058
Data(x=[46, 7], edge_index=[2, 20], edge_attr=[20, 6], y=4.0, custom_label=0.10526316, min_label=0, max_label=38, instance_name='p21.txt');0.10526315867900848;6.242956942514866e-07;2.152148454115377e-06;0.14261645078659058
Data(x=[46, 7], edge_index=[2, 20], edge_attr=[20, 6], y=3.0, custom_label=0.078947365, min_label=0, max_label=38, instance_name='p21.txt');0.07894736528396606;6.242956942514866e-07;2.152148454115377e-06;0.14261645078659058
Data(x=[46, 7], edge_index=[2, 20], edge_attr=[20, 6], y=2.0, custom_label=0.05263158, min_label=0, max_label=38, instance_name='p21.txt');0.05263157933950424;6.242956942514866e-07;2.152148454115377e-06;0.14261645078659058
Data(x=[46, 7], edge_index=[2, 20], edge_attr=[20, 6], y=1.0, custom_label=0.02631579, min_label=0, max_label=38, instance_name='p21.txt');0.02631578966975212;6.242956942514866e-07;2.152148454115377e-06;0.14261645078659058
Data(x=[47, 7], edge_index=[2, 22], edge_attr=[22, 6], y=0.0, custom_label=0.0, min_label=0, max_label=38, instance_name='p21.txt');0.0;5.250382906218931e-10;9.154657032439673e-10;0.14261645078659058
Data(x=[40, 7], edge_index=[2, 36], edge_attr=[36, 6], y=6.0, custom_label=0.15789473, min_label=0, max_label=38, instance_name='p21.txt');0.15789473056793213;6.84541987538978e-08;3.595852149373968e-08;4.3525356929752235e-11
Data(x=[40, 7], edge_index=[2, 36], edge_attr=[36, 6], y=5.0, custom_label=0.13157895, min_label=0, max_label=38, instance_name='p21.txt');0.1315789520740509;6.84541987538978e-08;3.595852149373968e-08;4.3525356929752235e-11
Data(x=[40, 7], edge_index=[2, 36], edge_attr=[36, 6], y=4.0, custom_label=0.10526316, min_label=0, max_label=38, instance_name='p21.txt');0.10526315867900848;2.5878850351546134e-07;2.5496376565570245e-07;4.3525356929752235e-11
Data(x=[40, 7], edge_index=[2, 36], edge_attr=[36, 6], y=3.0, custom_label=0.078947365, min_label=0, max_label=38, instance_name='p21.txt');0.07894736528396606;6.84541987538978e-08;3.595852149373968e-08;4.3525356929752235e-11
Data(x=[40, 7], edge_index=[2, 36], edge_attr=[36, 6], y=2.0, custom_label=0.05263158, min_label=0, max_label=38, instance_name='p21.txt');0.05263157933950424;6.84541987538978e-08;3.595852149373968e-08;4.3525356929752235e-11
Data(x=[40, 7], edge_index=[2, 36], edge_attr=[36, 6], y=1.0, custom_label=0.02631579, min_label=0, max_label=38, instance_name='p21.txt');0.02631578966975212;6.84541987538978e-08;3.595852149373968e-08;4.3525356929752235e-11
Data(x=[41, 7], edge_index=[2, 38], edge_attr=[38, 6], y=0.0, custom_label=0.0, min_label=0, max_label=38, instance_name='p21.txt');0.0;3.5654354468839244e-11;8.66339638916358e-12;4.3525356929752235e-11
Data(x=[37, 7], edge_index=[2, 26], edge_attr=[26, 6], y=30.0, custom_label=0.7894737, min_label=0, max_label=38, instance_name='p21.txt');0.7894737124443054;0.5785208344459534;0.606744647026062;0.14261645078659058
Data(x=[37, 7], edge_index=[2, 26], edge_attr=[26, 6], y=29.0, custom_label=0.7631579, min_label=0, max_label=38, instance_name='p21.txt');0.7631579041481018;0.5059434771537781;0.49967387318611145;0.14261645078659058
Data(x=[36, 7], edge_index=[2, 24], edge_attr=[24, 6], y=28.0, custom_label=0.7368421, min_label=0, max_label=38, instance_name='p21.txt');0.7368420958518982;0.5295534133911133;0.5155662298202515;0.14261645078659058
Data(x=[36, 7], edge_index=[2, 24], edge_attr=[24, 6], y=27.0, custom_label=0.7105263, min_label=0, max_label=38, instance_name='p21.txt');0.7105262875556946;0.5295534133911133;0.5155662298202515;0.14261645078659058
Data(x=[36, 7], edge_index=[2, 24], edge_attr=[24, 6], y=26.0, custom_label=0.68421054, min_label=0, max_label=38, instance_name='p21.txt');0.6842105388641357;0.5295534133911133;0.5155662298202515;0.14261645078659058
Data(x=[37, 7], edge_index=[2, 26], edge_attr=[26, 6], y=25.0, custom_label=0.65789473, min_label=0, max_label=38, instance_name='p21.txt');0.6578947305679321;0.43266862630844116;0.3488049805164337;0.14261645078659058
Data(x=[37, 7], edge_index=[2, 26], edge_attr=[26, 6], y=24.0, custom_label=0.6315789, min_label=0, max_label=38, instance_name='p21.txt');0.6315789222717285;0.43266862630844116;0.3488049805164337;0.14261645078659058
Data(x=[38, 7], edge_index=[2, 28], edge_attr=[28, 6], y=23.0, custom_label=0.6052632, min_label=0, max_label=38, instance_name='p21.txt');0.6052631735801697;0.29826247692108154;0.240128755569458;0.14261645078659058
Data(x=[38, 7], edge_index=[2, 28], edge_attr=[28, 6], y=22.0, custom_label=0.57894737, min_label=0, max_label=38, instance_name='p21.txt');0.5789473652839661;0.2819562554359436;0.21408012509346008;0.14261645078659058
Data(x=[38, 7], edge_index=[2, 28], edge_attr=[28, 6], y=21.0, custom_label=0.55263156, min_label=0, max_label=38, instance_name='p21.txt');0.5526315569877625;0.3026326596736908;0.22057145833969116;0.14261645078659058
Data(x=[37, 7], edge_index=[2, 26], edge_attr=[26, 6], y=20.0, custom_label=0.5263158, min_label=0, max_label=38, instance_name='p21.txt');0.5263158082962036;0.4246891438961029;0.3374361991882324;0.14261645078659058
Data(x=[37, 7], edge_index=[2, 26], edge_attr=[26, 6], y=19.0, custom_label=0.5, min_label=0, max_label=38, instance_name='p21.txt');0.5;0.4049389660358429;0.33207467198371887;0.14261645078659058
Data(x=[37, 7], edge_index=[2, 26], edge_attr=[26, 6], y=18.0, custom_label=0.47368422, min_label=0, max_label=38, instance_name='p21.txt');0.4736842215061188;0.4049389660358429;0.33207467198371887;6.465290789492428e-05
Data(x=[37, 7], edge_index=[2, 26], edge_attr=[26, 6], y=17.0, custom_label=0.4473684, min_label=0, max_label=38, instance_name='p21.txt');0.44736841320991516;0.4049389660358429;0.33207467198371887;6.465290789492428e-05
Data(x=[37, 7], edge_index=[2, 26], edge_attr=[26, 6], y=16.0, custom_label=0.42105263, min_label=0, max_label=38, instance_name='p21.txt');0.42105263471603394;0.4049389660358429;0.33207467198371887;6.465290789492428e-05
Data(x=[38, 7], edge_index=[2, 28], edge_attr=[28, 6], y=15.0, custom_label=0.39473686, min_label=0, max_label=38, instance_name='p21.txt');0.3947368562221527;0.2819562554359436;0.21408012509346008;0.14261645078659058
Data(x=[38, 7], edge_index=[2, 28], edge_attr=[28, 6], y=14.0, custom_label=0.36842105, min_label=0, max_label=38, instance_name='p21.txt');0.3684210479259491;0.2819562554359436;0.21408012509346008;6.465290789492428e-05
Data(x=[38, 7], edge_index=[2, 28], edge_attr=[28, 6], y=13.0, custom_label=0.34210527, min_label=0, max_label=38, instance_name='p21.txt');0.34210526943206787;0.2819562554359436;0.21408012509346008;0.14261645078659058
Data(x=[38, 7], edge_index=[2, 28], edge_attr=[28, 6], y=12.0, custom_label=0.31578946, min_label=0, max_label=38, instance_name='p21.txt');0.31578946113586426;0.2819562554359436;0.21408012509346008;0.14261645078659058
Data(x=[38, 7], edge_index=[2, 28], edge_attr=[28, 6], y=11.0, custom_label=0.28947368, min_label=0, max_label=38, instance_name='p21.txt');0.28947368264198303;0.2819562554359436;0.21408012509346008;0.14261645078659058
Data(x=[38, 7], edge_index=[2, 28], edge_attr=[28, 6], y=10.0, custom_label=0.2631579, min_label=0, max_label=38, instance_name='p21.txt');0.2631579041481018;0.2542528510093689;0.23517337441444397;0.14261645078659058
Data(x=[38, 7], edge_index=[2, 28], edge_attr=[28, 6], y=9.0, custom_label=0.23684211, min_label=0, max_label=38, instance_name='p21.txt');0.2368421107530594;0.2819562554359436;0.21408012509346008;0.14261645078659058
Data(x=[38, 7], edge_index=[2, 28], edge_attr=[28, 6], y=8.0, custom_label=0.21052632, min_label=0, max_label=38, instance_name='p21.txt');0.21052631735801697;0.2819562554359436;0.21408012509346008;0.14261645078659058
Data(x=[38, 7], edge_index=[2, 28], edge_attr=[28, 6], y=7.0, custom_label=0.18421052, min_label=0, max_label=38, instance_name='p21.txt');0.18421052396297455;0.2819562554359436;0.21408012509346008;0.14261645078659058
Data(x=[38, 7], edge_index=[2, 28], edge_attr=[28, 6], y=6.0, custom_label=0.15789473, min_label=0, max_label=38, instance_name='p21.txt');0.15789473056793213;0.2819562554359436;0.21408012509346008;0.14261645078659058
Data(x=[37, 7], edge_index=[2, 24], edge_attr=[24, 6], y=5.0, custom_label=0.13157895, min_label=0, max_label=38, instance_name='p21.txt');0.1315789520740509;0.25687992572784424;0.2245316356420517;0.14261645078659058
Data(x=[38, 7], edge_index=[2, 26], edge_attr=[26, 6], y=4.0, custom_label=0.10526316, min_label=0, max_label=38, instance_name='p21.txt');0.10526315867900848;0.14045187830924988;0.07431598752737045;0.14261645078659058
Data(x=[39, 7], edge_index=[2, 28], edge_attr=[28, 6], y=3.0, custom_label=0.078947365, min_label=0, max_label=38, instance_name='p21.txt');0.07894736528396606;0.00011077235103584826;0.0004499729839153588;0.14261645078659058
Data(x=[38, 7], edge_index=[2, 26], edge_attr=[26, 6], y=2.0, custom_label=0.05263158, min_label=0, max_label=38, instance_name='p21.txt');0.05263157933950424;0.00041766578215174377;0.0015735721681267023;0.14261645078659058
Data(x=[39, 7], edge_index=[2, 28], edge_attr=[28, 6], y=1.0, custom_label=0.02631579, min_label=0, max_label=38, instance_name='p21.txt');0.02631578966975212;6.668530971865039e-08;1.545889460885519e-07;0.14261645078659058
Data(x=[40, 7], edge_index=[2, 30], edge_attr=[30, 6], y=0.0, custom_label=0.0, min_label=0, max_label=38, instance_name='p21.txt');0.0;1.647759532985571e-11;1.7893358669751613e-11;0.14261645078659058
Data(x=[40, 7], edge_index=[2, 36], edge_attr=[36, 6], y=7.0, custom_label=0.18421052, min_label=0, max_label=38, instance_name='p21.txt');0.18421052396297455;0.011300815269351006;0.0003860439173877239;3.5711077543965075e-06
Data(x=[40, 7], edge_index=[2, 36], edge_attr=[36, 6], y=6.0, custom_label=0.15789473, min_label=0, max_label=38, instance_name='p21.txt');0.15789473056793213;0.030503680929541588;0.0022478995379060507;3.5711077543965075e-06
Data(x=[40, 7], edge_index=[2, 36], edge_attr=[36, 6], y=5.0, custom_label=0.13157895, min_label=0, max_label=38, instance_name='p21.txt');0.1315789520740509;0.030503680929541588;0.0022478995379060507;3.5711077543965075e-06
Data(x=[41, 7], edge_index=[2, 38], edge_attr=[38, 6], y=4.0, custom_label=0.10526316, min_label=0, max_label=38, instance_name='p21.txt');0.10526315867900848;5.662089733959874e-06;1.0880145850933332e-07;3.5711077543965075e-06
Data(x=[41, 7], edge_index=[2, 38], edge_attr=[38, 6], y=3.0, custom_label=0.078947365, min_label=0, max_label=38, instance_name='p21.txt');0.07894736528396606;1.7543483181725605e-06;4.699958466858334e-08;3.5711077543965075e-06
Data(x=[40, 7], edge_index=[2, 36], edge_attr=[36, 6], y=2.0, custom_label=0.05263158, min_label=0, max_label=38, instance_name='p21.txt');0.05263157933950424;2.071426933980547e-05;9.772774092198233e-07;3.5711077543965075e-06
Data(x=[40, 7], edge_index=[2, 36], edge_attr=[36, 6], y=1.0, custom_label=0.02631579, min_label=0, max_label=38, instance_name='p21.txt');0.02631578966975212;5.544754912989447e-06;1.3735848369833548e-07;3.5711077543965075e-06
Data(x=[41, 7], edge_index=[2, 38], edge_attr=[38, 6], y=0.0, custom_label=0.0, min_label=0, max_label=38, instance_name='p21.txt');0.0;1.6032086769257603e-09;2.039836528855421e-11;3.5711077543965075e-06
Data(x=[40, 7], edge_index=[2, 40], edge_attr=[40, 6], y=15.0, custom_label=0.39473686, min_label=0, max_label=38, instance_name='p21.txt');0.3947368562221527;0.2068592607975006;0.09515373408794403;0.14261645078659058
Data(x=[39, 7], edge_index=[2, 38], edge_attr=[38, 6], y=14.0, custom_label=0.36842105, min_label=0, max_label=38, instance_name='p21.txt');0.3684210479259491;0.22172760963439941;0.10925900191068649;0.14261645078659058
Data(x=[40, 7], edge_index=[2, 40], edge_attr=[40, 6], y=13.0, custom_label=0.34210527, min_label=0, max_label=38, instance_name='p21.txt');0.34210526943206787;0.1415897011756897;0.004377514589577913;0.14261645078659058
Data(x=[39, 7], edge_index=[2, 36], edge_attr=[36, 6], y=12.0, custom_label=0.31578946, min_label=0, max_label=38, instance_name='p21.txt');0.31578946113586426;0.1254688948392868;0.002642598934471607;0.14261645078659058
Data(x=[39, 7], edge_index=[2, 36], edge_attr=[36, 6], y=11.0, custom_label=0.28947368, min_label=0, max_label=38, instance_name='p21.txt');0.28947368264198303;0.1303771287202835;0.010535362176597118;0.14261645078659058
Data(x=[39, 7], edge_index=[2, 36], edge_attr=[36, 6], y=10.0, custom_label=0.2631579, min_label=0, max_label=38, instance_name='p21.txt');0.2631579041481018;0.1254688799381256;0.002642598934471607;0.14261645078659058
Data(x=[39, 7], edge_index=[2, 36], edge_attr=[36, 6], y=9.0, custom_label=0.23684211, min_label=0, max_label=38, instance_name='p21.txt');0.2368421107530594;0.1254688799381256;0.002642597770318389;0.14261645078659058
Data(x=[39, 7], edge_index=[2, 36], edge_attr=[36, 6], y=8.0, custom_label=0.21052632, min_label=0, max_label=38, instance_name='p21.txt');0.21052631735801697;0.08342135697603226;0.01740831695497036;0.14261645078659058
Data(x=[39, 7], edge_index=[2, 36], edge_attr=[36, 6], y=7.0, custom_label=0.18421052, min_label=0, max_label=38, instance_name='p21.txt');0.18421052396297455;0.12546886503696442;0.002642598934471607;0.14261645078659058
Data(x=[40, 7], edge_index=[2, 38], edge_attr=[38, 6], y=6.0, custom_label=0.15789473, min_label=0, max_label=38, instance_name='p21.txt');0.15789473056793213;0.00012832680658902973;3.983067529134132e-07;0.14261645078659058
Data(x=[39, 7], edge_index=[2, 32], edge_attr=[32, 6], y=5.0, custom_label=0.13157895, min_label=0, max_label=38, instance_name='p21.txt');0.1315789520740509;3.372726496309042e-06;1.8227191844744084e-07;0.14261645078659058
Data(x=[39, 7], edge_index=[2, 32], edge_attr=[32, 6], y=4.0, custom_label=0.10526316, min_label=0, max_label=38, instance_name='p21.txt');0.10526315867900848;6.118067176430486e-06;2.6938786845676077e-07;0.14261645078659058
Data(x=[38, 7], edge_index=[2, 30], edge_attr=[30, 6], y=3.0, custom_label=0.078947365, min_label=0, max_label=38, instance_name='p21.txt');0.07894736528396606;0.010375449433922768;0.0011277071898803115;0.14261645078659058
Data(x=[38, 7], edge_index=[2, 30], edge_attr=[30, 6], y=2.0, custom_label=0.05263158, min_label=0, max_label=38, instance_name='p21.txt');0.05263157933950424;9.694691470940597e-06;5.192491698835511e-07;0.14261645078659058
Data(x=[38, 7], edge_index=[2, 30], edge_attr=[30, 6], y=1.0, custom_label=0.02631579, min_label=0, max_label=38, instance_name='p21.txt');0.02631578966975212;9.694700565887615e-06;5.192491698835511e-07;0.14261645078659058
Data(x=[39, 7], edge_index=[2, 32], edge_attr=[32, 6], y=0.0, custom_label=0.0, min_label=0, max_label=38, instance_name='p21.txt');0.0;1.7002775853924845e-09;4.6994675512168627e-11;0.14261645078659058
Data(x=[27, 7], edge_index=[2, 10], edge_attr=[10, 6], y=0.0, custom_label=0.0, min_label=0, max_label=5, instance_name='p22.txt');0.0;0.00016147049609571695;4.231305138091557e-05;0.14261645078659058
Data(x=[27, 7], edge_index=[2, 8], edge_attr=[8, 6], y=0.0, custom_label=0.0, min_label=0, max_label=5, instance_name='p22.txt');0.0;0.00015164443175308406;7.78925750637427e-05;0.14261645078659058
Data(x=[28, 7], edge_index=[2, 14], edge_attr=[14, 6], y=0.0, custom_label=0.0, min_label=0, max_label=5, instance_name='p22.txt');0.0;0.00019312568474560976;1.3801643035549205e-05;7.04021330122373e-09
Data(x=[35, 7], edge_index=[2, 16], edge_attr=[16, 6], y=0.0, custom_label=0.0, min_label=0, max_label=5, instance_name='p22.txt');0.0;0.00014646984345745295;5.476740625454113e-06;1.7557023966219276e-05
Data(x=[28, 7], edge_index=[2, 16], edge_attr=[16, 6], y=0.0, custom_label=0.0, min_label=0, max_label=5, instance_name='p22.txt');0.0;6.585496885236353e-05;3.773909838855616e-06;1.7557023966219276e-05
Data(x=[29, 7], edge_index=[2, 14], edge_attr=[14, 6], y=0.0, custom_label=0.0, min_label=0, max_label=5, instance_name='p22.txt');0.0;0.0002416402567178011;1.5151238585531246e-05;0.14261645078659058
Data(x=[27, 7], edge_index=[2, 12], edge_attr=[12, 6], y=0.0, custom_label=0.0, min_label=0, max_label=5, instance_name='p22.txt');0.0;0.00017283452325500548;2.2985037503531203e-05;0.14261645078659058
Data(x=[28, 7], edge_index=[2, 14], edge_attr=[14, 6], y=0.0, custom_label=0.0, min_label=0, max_label=5, instance_name='p22.txt');0.0;0.0015267746057361364;0.00022915290901437402;6.465290789492428e-05
Data(x=[29, 7], edge_index=[2, 14], edge_attr=[14, 6], y=0.0, custom_label=0.0, min_label=0, max_label=5, instance_name='p22.txt');0.0;3.7731391785200685e-05;4.5616829993377905e-06;1.0957477286632766e-10
Data(x=[32, 7], edge_index=[2, 16], edge_attr=[16, 6], y=0.0, custom_label=0.0, min_label=0, max_label=5, instance_name='p22.txt');0.0;7.539581565652043e-05;3.89702699976624e-06;0.14261645078659058
Data(x=[25, 7], edge_index=[2, 12], edge_attr=[12, 6], y=0.0, custom_label=0.0, min_label=0, max_label=5, instance_name='p22.txt');0.0;0.0010260561248287559;0.00044854043517261744;0.14261645078659058
Data(x=[31, 7], edge_index=[2, 12], edge_attr=[12, 6], y=0.0, custom_label=0.0, min_label=0, max_label=5, instance_name='p22.txt');0.0;0.00038217019755393267;3.051218118343968e-05;0.14261645078659058
Data(x=[29, 7], edge_index=[2, 12], edge_attr=[12, 6], y=0.0, custom_label=0.0, min_label=0, max_label=5, instance_name='p22.txt');0.0;3.594213194446638e-05;8.051609256654046e-06;0.004510927479714155
Data(x=[24, 7], edge_index=[2, 14], edge_attr=[14, 6], y=0.0, custom_label=0.0, min_label=0, max_label=5, instance_name='p22.txt');0.0;2.0005529222544283e-05;3.848277174256509e-06;0.14261645078659058
Data(x=[29, 7], edge_index=[2, 14], edge_attr=[14, 6], y=0.0, custom_label=0.0, min_label=0, max_label=5, instance_name='p22.txt');0.0;3.7731355405412614e-05;4.5616829993377905e-06;0.14261645078659058
Data(x=[25, 7], edge_index=[2, 12], edge_attr=[12, 6], y=0.0, custom_label=0.0, min_label=0, max_label=5, instance_name='p22.txt');0.0;1.0569069672783371e-05;4.791090304934187e-06;1.0964547072944697e-05
Data(x=[36, 7], edge_index=[2, 12], edge_attr=[12, 6], y=0.0, custom_label=0.0, min_label=0, max_label=5, instance_name='p22.txt');0.0;0.00016608818259555846;1.51308495333069e-05;0.14261645078659058
Data(x=[26, 7], edge_index=[2, 14], edge_attr=[14, 6], y=0.0, custom_label=0.0, min_label=0, max_label=5, instance_name='p22.txt');0.0;3.954748171963729e-05;5.227782821748406e-06;0.14261645078659058
Data(x=[25, 7], edge_index=[2, 10], edge_attr=[10, 6], y=0.0, custom_label=0.0, min_label=0, max_label=5, instance_name='p22.txt');0.0;9.945451165549457e-05;3.7273475754773244e-05;0.14261645078659058
Data(x=[24, 7], edge_index=[2, 12], edge_attr=[12, 6], y=0.0, custom_label=0.0, min_label=0, max_label=5, instance_name='p22.txt');0.0;7.709543569944799e-05;1.7468706573708914e-05;0.006243646144866943
Data(x=[29, 7], edge_index=[2, 10], edge_attr=[10, 6], y=0.0, custom_label=0.0, min_label=0, max_label=5, instance_name='p22.txt');0.0;0.0002451989857945591;4.7201050620060414e-05;1.7557023966219276e-05
Data(x=[31, 7], edge_index=[2, 14], edge_attr=[14, 6], y=0.0, custom_label=0.0, min_label=0, max_label=5, instance_name='p22.txt');0.0;6.27179178991355e-05;5.833806426380761e-06;0.004510927479714155
Data(x=[29, 7], edge_index=[2, 14], edge_attr=[14, 6], y=0.0, custom_label=0.0, min_label=0, max_label=5, instance_name='p22.txt');0.0;0.0002416402567178011;1.515122494311072e-05;0.14261645078659058
Data(x=[28, 7], edge_index=[2, 16], edge_attr=[16, 6], y=0.0, custom_label=0.0, min_label=0, max_label=5, instance_name='p22.txt');0.0;2.5695890144561417e-05;2.2101296508481028e-06;0.14261645078659058
Data(x=[31, 7], edge_index=[2, 16], edge_attr=[16, 6], y=0.0, custom_label=0.0, min_label=0, max_label=5, instance_name='p22.txt');0.0;0.0003290798922535032;1.0539116374275181e-05;7.04021330122373e-09
Data(x=[29, 7], edge_index=[2, 16], edge_attr=[16, 6], y=0.0, custom_label=0.0, min_label=0, max_label=5, instance_name='p22.txt');0.0;3.452984310570173e-05;2.584442199804471e-06;4.0661007894016166e-09
Data(x=[30, 7], edge_index=[2, 14], edge_attr=[14, 6], y=2.0, custom_label=0.4, min_label=0, max_label=5, instance_name='p22.txt');0.4000000059604645;0.22554396092891693;0.19991369545459747;0.14261645078659058
Data(x=[30, 7], edge_index=[2, 14], edge_attr=[14, 6], y=1.0, custom_label=0.2, min_label=0, max_label=5, instance_name='p22.txt');0.20000000298023224;0.20763014256954193;0.09923890978097916;0.14261645078659058
Data(x=[31, 7], edge_index=[2, 16], edge_attr=[16, 6], y=0.0, custom_label=0.0, min_label=0, max_label=5, instance_name='p22.txt');0.0;5.921622505411506e-05;3.428577883823891e-06;0.14261645078659058
Data(x=[24, 7], edge_index=[2, 12], edge_attr=[12, 6], y=0.0, custom_label=0.0, min_label=0, max_label=5, instance_name='p22.txt');0.0;0.00020970203331671655;3.261052188463509e-05;0.00023004146351013333
Data(x=[34, 7], edge_index=[2, 14], edge_attr=[14, 6], y=0.0, custom_label=0.0, min_label=0, max_label=5, instance_name='p22.txt');0.0;0.00012196657189633697;7.991466191015206e-06;0.14261645078659058
Data(x=[30, 7], edge_index=[2, 14], edge_attr=[14, 6], y=0.0, custom_label=0.0, min_label=0, max_label=5, instance_name='p22.txt');0.0;0.04578876122832298;5.2910185331711546e-05;0.14261645078659058
Data(x=[30, 7], edge_index=[2, 10], edge_attr=[10, 6], y=0.0, custom_label=0.0, min_label=0, max_label=5, instance_name='p22.txt');0.0;0.00029665458714589477;4.958111821906641e-05;0.14261645078659058
Data(x=[28, 7], edge_index=[2, 12], edge_attr=[12, 6], y=0.0, custom_label=0.0, min_label=0, max_label=5, instance_name='p22.txt');0.0;2.7282201699563302e-05;7.1706595008436125e-06;0.00020854815375059843
Data(x=[28, 7], edge_index=[2, 14], edge_attr=[14, 6], y=0.0, custom_label=0.0, min_label=0, max_label=5, instance_name='p22.txt');0.0;2.855296406778507e-05;3.980966539529618e-06;0.00023004146351013333
Data(x=[27, 7], edge_index=[2, 14], edge_attr=[14, 6], y=0.0, custom_label=0.0, min_label=0, max_label=5, instance_name='p22.txt');0.0;2.1165662474231794e-05;3.4393158330203732e-06;1.7557023966219276e-05
Data(x=[21, 7], edge_index=[2, 10], edge_attr=[10, 6], y=0.0, custom_label=0.0, min_label=0, max_label=5, instance_name='p22.txt');0.0;2.8321393983787857e-05;2.6901667297352105e-05;1.7557023966219276e-05
Data(x=[36, 7], edge_index=[2, 14], edge_attr=[14, 6], y=0.0, custom_label=0.0, min_label=0, max_label=5, instance_name='p22.txt');0.0;0.004456110764294863;0.00022414157865568995;0.14261645078659058
Data(x=[26, 7], edge_index=[2, 14], edge_attr=[14, 6], y=0.0, custom_label=0.0, min_label=0, max_label=5, instance_name='p22.txt');0.0;1.526270352769643e-05;2.9381174044829095e-06;0.14261645078659058
Data(x=[25, 7], edge_index=[2, 12], edge_attr=[12, 6], y=0.0, custom_label=0.0, min_label=0, max_label=5, instance_name='p22.txt');0.0;0.00010292038496118039;1.9282677385490388e-05;0.00023004146351013333
Data(x=[31, 7], edge_index=[2, 10], edge_attr=[10, 6], y=0.0, custom_label=0.0, min_label=0, max_label=5, instance_name='p22.txt');0.0;0.00035540456883609295;5.1916209486080334e-05;1.7557023966219276e-05
Data(x=[27, 7], edge_index=[2, 16], edge_attr=[16, 6], y=0.0, custom_label=0.0, min_label=0, max_label=5, instance_name='p22.txt');0.0;0.009086428210139275;6.130979454610497e-05;0.00023004146351013333
Data(x=[31, 7], edge_index=[2, 10], edge_attr=[10, 6], y=0.0, custom_label=0.0, min_label=0, max_label=5, instance_name='p22.txt');0.0;0.00035540456883609295;5.1916256779804826e-05;0.14261645078659058
Data(x=[31, 7], edge_index=[2, 16], edge_attr=[16, 6], y=0.0, custom_label=0.0, min_label=0, max_label=5, instance_name='p22.txt');0.0;5.921622505411506e-05;3.428577883823891e-06;0.14261645078659058
Data(x=[27, 7], edge_index=[2, 12], edge_attr=[12, 6], y=0.0, custom_label=0.0, min_label=0, max_label=5, instance_name='p22.txt');0.0;2.029732240771409e-05;6.331519671221031e-06;0.14261645078659058
Data(x=[28, 7], edge_index=[2, 12], edge_attr=[12, 6], y=0.0, custom_label=0.0, min_label=0, max_label=5, instance_name='p22.txt');0.0;0.0002152381930500269;2.485979530320037e-05;0.14261645078659058
Data(x=[22, 7], edge_index=[2, 12], edge_attr=[12, 6], y=0.0, custom_label=0.0, min_label=0, max_label=5, instance_name='p22.txt');0.0;0.0005401016678661108;0.0004933532909490168;0.14261645078659058
Data(x=[27, 7], edge_index=[2, 12], edge_attr=[12, 6], y=0.0, custom_label=0.0, min_label=0, max_label=5, instance_name='p22.txt');0.0;0.00017283471242990345;2.2985037503531203e-05;0.14261645078659058
Data(x=[30, 7], edge_index=[2, 14], edge_attr=[14, 6], y=0.0, custom_label=0.0, min_label=0, max_label=5, instance_name='p22.txt');0.0;4.903314038529061e-05;5.179862455406692e-06;1.0964547072944697e-05
Data(x=[28, 7], edge_index=[2, 8], edge_attr=[8, 6], y=1.0, custom_label=0.2, min_label=0, max_label=5, instance_name='p22.txt');0.20000000298023224;0.12661637365818024;0.11494150012731552;0.14261645078659058
Data(x=[28, 7], edge_index=[2, 8], edge_attr=[8, 6], y=0.0, custom_label=0.0, min_label=0, max_label=5, instance_name='p22.txt');0.0;0.00018864325829781592;8.06523094070144e-05;0.14261645078659058
Data(x=[24, 7], edge_index=[2, 16], edge_attr=[16, 6], y=0.0, custom_label=0.0, min_label=0, max_label=5, instance_name='p22.txt');0.0;6.237223260541214e-06;1.0252527999909944e-06;7.04021330122373e-09
Data(x=[25, 7], edge_index=[2, 12], edge_attr=[12, 6], y=0.0, custom_label=0.0, min_label=0, max_label=5, instance_name='p22.txt');0.0;1.0569069672783371e-05;4.791085302713327e-06;0.14261645078659058
Data(x=[29, 7], edge_index=[2, 16], edge_attr=[16, 6], y=0.0, custom_label=0.0, min_label=0, max_label=5, instance_name='p22.txt');0.0;0.0014763646759092808;0.0001286604383494705;0.00020854815375059843
Data(x=[29, 7], edge_index=[2, 12], edge_attr=[12, 6], y=0.0, custom_label=0.0, min_label=0, max_label=5, instance_name='p22.txt');0.0;0.00026407037512399256;2.674248935363721e-05;0.14261645078659058
Data(x=[27, 7], edge_index=[2, 20], edge_attr=[20, 6], y=0.0, custom_label=0.0, min_label=0, max_label=5, instance_name='p22.txt');0.0;0.0038551653269678354;2.0081499769730726e-06;0.006243646144866943
Data(x=[32, 7], edge_index=[2, 10], edge_attr=[10, 6], y=0.0, custom_label=0.0, min_label=0, max_label=5, instance_name='p22.txt');0.0;0.00042100317659787834;5.420509114628658e-05;0.14261645078659058
Data(x=[27, 7], edge_index=[2, 14], edge_attr=[14, 6], y=0.0, custom_label=0.0, min_label=0, max_label=5, instance_name='p22.txt');0.0;2.1165662474231794e-05;3.439319243625505e-06;4.336158099249587e-09
Data(x=[27, 7], edge_index=[2, 16], edge_attr=[16, 6], y=0.0, custom_label=0.0, min_label=0, max_label=5, instance_name='p22.txt');0.0;1.8723174434853718e-05;1.868252638814738e-06;1.7557023966219276e-05
Data(x=[29, 7], edge_index=[2, 16], edge_attr=[16, 6], y=0.0, custom_label=0.0, min_label=0, max_label=5, instance_name='p22.txt');0.0;8.730588888283819e-05;4.332388925831765e-06;0.00023004146351013333
Data(x=[31, 7], edge_index=[2, 16], edge_attr=[16, 6], y=0.0, custom_label=0.0, min_label=0, max_label=5, instance_name='p22.txt');0.0;0.0003290798922535032;1.0539116374275181e-05;1.3632333661917073e-07
Data(x=[27, 7], edge_index=[2, 18], edge_attr=[18, 6], y=2.0, custom_label=0.4, min_label=0, max_label=5, instance_name='p22.txt');0.4000000059604645;0.25700318813323975;0.07827908545732498;0.14261645078659058
Data(x=[26, 7], edge_index=[2, 16], edge_attr=[16, 6], y=1.0, custom_label=0.2, min_label=0, max_label=5, instance_name='p22.txt');0.20000000298023224;0.2719822824001312;0.13449572026729584;0.14261645078659058
Data(x=[27, 7], edge_index=[2, 18], edge_attr=[18, 6], y=0.0, custom_label=0.0, min_label=0, max_label=5, instance_name='p22.txt');0.0;0.004910736344754696;3.696859266710817e-06;0.14261645078659058
Data(x=[28, 7], edge_index=[2, 14], edge_attr=[14, 6], y=0.0, custom_label=0.0, min_label=0, max_label=5, instance_name='p22.txt');0.0;0.00019312568474560976;1.3801643035549205e-05;0.00023004146351013333
Data(x=[29, 7], edge_index=[2, 16], edge_attr=[16, 6], y=0.0, custom_label=0.0, min_label=0, max_label=5, instance_name='p22.txt');0.0;3.452984310570173e-05;2.584442199804471e-06;0.14261645078659058
Data(x=[26, 7], edge_index=[2, 14], edge_attr=[14, 6], y=0.0, custom_label=0.0, min_label=0, max_label=5, instance_name='p22.txt');0.0;1.526270352769643e-05;2.9381174044829095e-06;3.481605745037086e-05
Data(x=[28, 7], edge_index=[2, 14], edge_attr=[14, 6], y=0.0, custom_label=0.0, min_label=0, max_label=5, instance_name='p22.txt');0.0;0.00019312587392050773;1.3801643035549205e-05;0.00020854815375059843
Data(x=[30, 7], edge_index=[2, 14], edge_attr=[14, 6], y=0.0, custom_label=0.0, min_label=0, max_label=5, instance_name='p22.txt');0.0;0.00011827979324152693;8.534926564607304e-06;0.00023004146351013333
Data(x=[32, 7], edge_index=[2, 14], edge_attr=[14, 6], y=0.0, custom_label=0.0, min_label=0, max_label=5, instance_name='p22.txt');0.0;7.919254858279601e-05;6.521646355395205e-06;3.481605745037086e-05
Data(x=[29, 7], edge_index=[2, 10], edge_attr=[10, 6], y=0.0, custom_label=0.0, min_label=0, max_label=5, instance_name='p22.txt');0.0;3.353139982209541e-05;1.4211448615242261e-05;0.14261645078659058
Data(x=[27, 7], edge_index=[2, 10], edge_attr=[10, 6], y=0.0, custom_label=0.0, min_label=0, max_label=5, instance_name='p22.txt');0.0;0.00016147049609571695;4.231305138091557e-05;0.14261645078659058
Data(x=[29, 7], edge_index=[2, 14], edge_attr=[14, 6], y=0.0, custom_label=0.0, min_label=0, max_label=5, instance_name='p22.txt');0.0;3.7731355405412614e-05;4.5616829993377905e-06;4.336158099249587e-09
Data(x=[29, 7], edge_index=[2, 14], edge_attr=[14, 6], y=0.0, custom_label=0.0, min_label=0, max_label=5, instance_name='p22.txt');0.0;3.7731355405412614e-05;4.5616829993377905e-06;3.481605745037086e-05
Data(x=[24, 7], edge_index=[2, 14], edge_attr=[14, 6], y=0.0, custom_label=0.0, min_label=0, max_label=5, instance_name='p22.txt');0.0;7.2174775596067775e-06;2.0614061213564128e-06;0.14261645078659058
Data(x=[27, 7], edge_index=[2, 14], edge_attr=[14, 6], y=0.0, custom_label=0.0, min_label=0, max_label=5, instance_name='p22.txt');0.0;0.00015200678899418563;1.2485681509133428e-05;0.14261645078659058
Data(x=[29, 7], edge_index=[2, 18], edge_attr=[18, 6], y=0.0, custom_label=0.0, min_label=0, max_label=5, instance_name='p22.txt');0.0;0.03103223443031311;1.6204880012082867e-05;1.6932796831348185e-10
Data(x=[26, 7], edge_index=[2, 14], edge_attr=[14, 6], y=0.0, custom_label=0.0, min_label=0, max_label=5, instance_name='p22.txt');0.0;1.5262688975781202e-05;2.9381174044829095e-06;0.14261645078659058
Data(x=[30, 7], edge_index=[2, 18], edge_attr=[18, 6], y=0.0, custom_label=0.0, min_label=0, max_label=5, instance_name='p22.txt');0.0;0.010329868644475937;3.997092062490992e-05;0.14261645078659058
Data(x=[29, 7], edge_index=[2, 14], edge_attr=[14, 6], y=0.0, custom_label=0.0, min_label=0, max_label=5, instance_name='p22.txt');0.0;9.198160842061043e-05;7.646895028301515e-06;0.14261645078659058
Data(x=[33, 7], edge_index=[2, 12], edge_attr=[12, 6], y=0.0, custom_label=0.0, min_label=0, max_label=5, instance_name='p22.txt');0.0;0.0005316545721143484;3.4261203836649656e-05;1.7557023966219276e-05
Data(x=[27, 7], edge_index=[2, 6], edge_attr=[6, 6], y=5.0, custom_label=1.0, min_label=0, max_label=5, instance_name='p22.txt');1.0;0.1472085863351822;0.12153729051351547;0.14261645078659058
Data(x=[27, 7], edge_index=[2, 6], edge_attr=[6, 6], y=4.0, custom_label=0.8, min_label=0, max_label=5, instance_name='p22.txt');0.800000011920929;0.1472085863351822;0.12153729051351547;0.14261645078659058
Data(x=[27, 7], edge_index=[2, 6], edge_attr=[6, 6], y=3.0, custom_label=0.6, min_label=0, max_label=5, instance_name='p22.txt');0.6000000238418579;0.1472085863351822;0.12153729051351547;0.14261645078659058
Data(x=[27, 7], edge_index=[2, 6], edge_attr=[6, 6], y=2.0, custom_label=0.4, min_label=0, max_label=5, instance_name='p22.txt');0.4000000059604645;0.1472085863351822;0.12153729051351547;0.14261645078659058
Data(x=[27, 7], edge_index=[2, 6], edge_attr=[6, 6], y=1.0, custom_label=0.2, min_label=0, max_label=5, instance_name='p22.txt');0.20000000298023224;0.1472085863351822;0.12153729051351547;0.14261645078659058
Data(x=[28, 7], edge_index=[2, 8], edge_attr=[8, 6], y=0.0, custom_label=0.0, min_label=0, max_label=5, instance_name='p22.txt');0.0;0.00018864325829781592;8.06523094070144e-05;0.14261645078659058
Data(x=[28, 7], edge_index=[2, 16], edge_attr=[16, 6], y=0.0, custom_label=0.0, min_label=0, max_label=5, instance_name='p22.txt');0.0;2.5695890144561417e-05;2.2101296508481028e-06;0.00020854815375059843
Data(x=[31, 7], edge_index=[2, 16], edge_attr=[16, 6], y=0.0, custom_label=0.0, min_label=0, max_label=5, instance_name='p22.txt');0.0;5.921622505411506e-05;3.428577883823891e-06;0.00020854815375059843
Data(x=[33, 7], edge_index=[2, 12], edge_attr=[12, 6], y=0.0, custom_label=0.0, min_label=0, max_label=5, instance_name='p22.txt');0.0;0.0005316543392837048;3.4261203836649656e-05;0.14261645078659058
Data(x=[27, 7], edge_index=[2, 14], edge_attr=[14, 6], y=0.0, custom_label=0.0, min_label=0, max_label=5, instance_name='p22.txt');0.0;2.1165662474231794e-05;3.4393158330203732e-06;1.7557023966219276e-05
Data(x=[25, 7], edge_index=[2, 10], edge_attr=[10, 6], y=0.0, custom_label=0.0, min_label=0, max_label=5, instance_name='p22.txt');0.0;9.945451165549457e-05;3.7273475754773244e-05;0.00023004146351013333
Data(x=[29, 7], edge_index=[2, 14], edge_attr=[14, 6], y=0.0, custom_label=0.0, min_label=0, max_label=5, instance_name='p22.txt');0.0;9.198160842061043e-05;7.646895028301515e-06;1.7557023966219276e-05
Data(x=[30, 7], edge_index=[2, 16], edge_attr=[16, 6], y=0.0, custom_label=0.0, min_label=0, max_label=5, instance_name='p22.txt');0.0;4.562464164337143e-05;2.990790562762413e-06;0.14261645078659058
Data(x=[26, 7], edge_index=[2, 14], edge_attr=[14, 6], y=0.0, custom_label=0.0, min_label=0, max_label=5, instance_name='p22.txt');0.0;0.0001174939243355766;1.1196431842108723e-05;6.465290789492428e-05
Data(x=[29, 7], edge_index=[2, 12], edge_attr=[12, 6], y=0.0, custom_label=0.0, min_label=0, max_label=5, instance_name='p22.txt');0.0;0.0002640706370584667;2.674248935363721e-05;0.006243646144866943
Data(x=[32, 7], edge_index=[2, 14], edge_attr=[14, 6], y=0.0, custom_label=0.0, min_label=0, max_label=5, instance_name='p22.txt');0.0;0.006393849849700928;0.00036161759635433555;0.00020854815375059843
Data(x=[25, 7], edge_index=[2, 14], edge_attr=[14, 6], y=0.0, custom_label=0.0, min_label=0, max_label=5, instance_name='p22.txt');0.0;1.06540355773177e-05;2.478531769156689e-06;0.006243646144866943
Data(x=[27, 7], edge_index=[2, 12], edge_attr=[12, 6], y=0.0, custom_label=0.0, min_label=0, max_label=5, instance_name='p22.txt');0.0;0.00017283452325500548;2.2985037503531203e-05;0.14261645078659058
Data(x=[31, 7], edge_index=[2, 12], edge_attr=[12, 6], y=3.0, custom_label=0.6, min_label=0, max_label=5, instance_name='p22.txt');0.6000000238418579;0.13477270305156708;0.07883846759796143;1.7557023966219276e-05
Data(x=[30, 7], edge_index=[2, 10], edge_attr=[10, 6], y=2.0, custom_label=0.4, min_label=0, max_label=5, instance_name='p22.txt');0.4000000059604645;0.15129715204238892;0.11303263902664185;1.7557023966219276e-05
Data(x=[30, 7], edge_index=[2, 10], edge_attr=[10, 6], y=1.0, custom_label=0.2, min_label=0, max_label=5, instance_name='p22.txt');0.20000000298023224;0.15129715204238892;0.11303263902664185;1.7557023966219276e-05
Data(x=[31, 7], edge_index=[2, 12], edge_attr=[12, 6], y=0.0, custom_label=0.0, min_label=0, max_label=5, instance_name='p22.txt');0.0;5.916610098211095e-05;9.92633340501925e-06;1.7557023966219276e-05
Data(x=[24, 7], edge_index=[2, 24], y=77.0, edge_attr=[24, 6], custom_label=1.0, min_label=0, max_label=77, instance_name='p23.txt');1.0;0.8691177368164062;0.862645149230957;0.22874903678894043
Data(x=[24, 7], edge_index=[2, 24], y=76.0, edge_attr=[24, 6], custom_label=0.987013, min_label=0, max_label=77, instance_name='p23.txt');0.9870129823684692;0.8691177368164062;0.862645149230957;0.22874903678894043
Data(x=[24, 7], edge_index=[2, 24], y=75.0, edge_attr=[24, 6], custom_label=0.97402596, min_label=0, max_label=77, instance_name='p23.txt');0.9740259647369385;0.8691177368164062;0.862645149230957;0.22874903678894043
Data(x=[24, 7], edge_index=[2, 24], y=74.0, edge_attr=[24, 6], custom_label=0.96103895, min_label=0, max_label=77, instance_name='p23.txt');0.9610389471054077;0.8691177368164062;0.862645149230957;0.22874903678894043
Data(x=[24, 7], edge_index=[2, 24], y=73.0, edge_attr=[24, 6], custom_label=0.9480519, min_label=0, max_label=77, instance_name='p23.txt');0.948051929473877;0.8691177368164062;0.862645149230957;0.22874903678894043
Data(x=[24, 7], edge_index=[2, 24], y=72.0, edge_attr=[24, 6], custom_label=0.9350649, min_label=0, max_label=77, instance_name='p23.txt');0.9350649118423462;0.8691177368164062;0.862645149230957;0.22874903678894043
Data(x=[24, 7], edge_index=[2, 24], y=71.0, edge_attr=[24, 6], custom_label=0.9220779, min_label=0, max_label=77, instance_name='p23.txt');0.9220778942108154;0.8691177368164062;0.862645149230957;0.22874903678894043
Data(x=[24, 7], edge_index=[2, 24], y=70.0, edge_attr=[24, 6], custom_label=0.90909094, min_label=0, max_label=77, instance_name='p23.txt');0.9090909361839294;0.8691177368164062;0.862645149230957;0.22874903678894043
Data(x=[24, 7], edge_index=[2, 24], y=69.0, edge_attr=[24, 6], custom_label=0.8961039, min_label=0, max_label=77, instance_name='p23.txt');0.8961039185523987;0.8691177368164062;0.862645149230957;0.22874903678894043
Data(x=[24, 7], edge_index=[2, 24], y=68.0, edge_attr=[24, 6], custom_label=0.8831169, min_label=0, max_label=77, instance_name='p23.txt');0.8831169009208679;0.8691177368164062;0.862645149230957;0.22874903678894043
Data(x=[24, 7], edge_index=[2, 24], y=67.0, edge_attr=[24, 6], custom_label=0.8701299, min_label=0, max_label=77, instance_name='p23.txt');0.8701298832893372;0.8691177368164062;0.862645149230957;0.22874903678894043
Data(x=[25, 7], edge_index=[2, 2], edge_attr=[2, 6], y=66.0, custom_label=0.85714287, min_label=0, max_label=77, instance_name='p23.txt');0.8571428656578064;0.6891800165176392;0.610012412071228;0.14261645078659058
Data(x=[25, 7], edge_index=[2, 2], edge_attr=[2, 6], y=65.0, custom_label=0.84415585, min_label=0, max_label=77, instance_name='p23.txt');0.8441558480262756;0.6891800165176392;0.610012412071228;0.14261645078659058
Data(x=[25, 7], edge_index=[2, 2], edge_attr=[2, 6], y=64.0, custom_label=0.83116883, min_label=0, max_label=77, instance_name='p23.txt');0.8311688303947449;0.6891800165176392;0.610012412071228;0.14261645078659058
Data(x=[25, 7], edge_index=[2, 2], edge_attr=[2, 6], y=63.0, custom_label=0.8181818, min_label=0, max_label=77, instance_name='p23.txt');0.8181818127632141;0.6891800165176392;0.610012412071228;0.14261645078659058
Data(x=[25, 7], edge_index=[2, 2], edge_attr=[2, 6], y=62.0, custom_label=0.8051948, min_label=0, max_label=77, instance_name='p23.txt');0.8051947951316833;0.6891800165176392;0.610012412071228;0.14261645078659058
Data(x=[25, 7], edge_index=[2, 2], edge_attr=[2, 6], y=61.0, custom_label=0.7922078, min_label=0, max_label=77, instance_name='p23.txt');0.7922077775001526;0.6891800165176392;0.610012412071228;0.14261645078659058
Data(x=[25, 7], edge_index=[2, 2], edge_attr=[2, 6], y=60.0, custom_label=0.77922076, min_label=0, max_label=77, instance_name='p23.txt');0.7792207598686218;0.6891800165176392;0.610012412071228;0.14261645078659058
Data(x=[25, 7], edge_index=[2, 2], edge_attr=[2, 6], y=59.0, custom_label=0.76623374, min_label=0, max_label=77, instance_name='p23.txt');0.7662337422370911;0.6891800165176392;0.610012412071228;0.14261645078659058
Data(x=[25, 7], edge_index=[2, 2], edge_attr=[2, 6], y=58.0, custom_label=0.7532467, min_label=0, max_label=77, instance_name='p23.txt');0.7532467246055603;0.6891800165176392;0.610012412071228;0.14261645078659058
Data(x=[25, 7], edge_index=[2, 2], edge_attr=[2, 6], y=57.0, custom_label=0.74025977, min_label=0, max_label=77, instance_name='p23.txt');0.7402597665786743;0.6891800165176392;0.610012412071228;0.14261645078659058
Data(x=[25, 7], edge_index=[2, 2], edge_attr=[2, 6], y=56.0, custom_label=0.72727275, min_label=0, max_label=77, instance_name='p23.txt');0.7272727489471436;0.6891800165176392;0.610012412071228;0.14261645078659058
Data(x=[25, 7], edge_index=[2, 2], edge_attr=[2, 6], y=55.0, custom_label=0.71428573, min_label=0, max_label=77, instance_name='p23.txt');0.7142857313156128;0.6891800165176392;0.610012412071228;0.14261645078659058
Data(x=[25, 7], edge_index=[2, 2], edge_attr=[2, 6], y=54.0, custom_label=0.7012987, min_label=0, max_label=77, instance_name='p23.txt');0.701298713684082;0.6891800165176392;0.610012412071228;0.14261645078659058
Data(x=[26, 7], edge_index=[2, 4], edge_attr=[4, 6], y=53.0, custom_label=0.6883117, min_label=0, max_label=77, instance_name='p23.txt');0.6883116960525513;0.4852648079395294;0.41863498091697693;0.14261645078659058
Data(x=[26, 7], edge_index=[2, 4], edge_attr=[4, 6], y=52.0, custom_label=0.6753247, min_label=0, max_label=77, instance_name='p23.txt');0.6753246784210205;0.4852648079395294;0.41863498091697693;0.14261645078659058
Data(x=[26, 7], edge_index=[2, 4], edge_attr=[4, 6], y=51.0, custom_label=0.66233766, min_label=0, max_label=77, instance_name='p23.txt');0.6623376607894897;0.4852648079395294;0.41863498091697693;0.14261645078659058
Data(x=[26, 7], edge_index=[2, 4], edge_attr=[4, 6], y=50.0, custom_label=0.64935064, min_label=0, max_label=77, instance_name='p23.txt');0.649350643157959;0.4852648079395294;0.41863498091697693;0.14261645078659058
Data(x=[26, 7], edge_index=[2, 4], edge_attr=[4, 6], y=49.0, custom_label=0.6363636, min_label=0, max_label=77, instance_name='p23.txt');0.6363636255264282;0.4852648079395294;0.41863498091697693;0.14261645078659058
Data(x=[26, 7], edge_index=[2, 4], edge_attr=[4, 6], y=48.0, custom_label=0.6233766, min_label=0, max_label=77, instance_name='p23.txt');0.6233766078948975;0.4852648079395294;0.41863498091697693;0.14261645078659058
Data(x=[26, 7], edge_index=[2, 4], edge_attr=[4, 6], y=47.0, custom_label=0.6103896, min_label=0, max_label=77, instance_name='p23.txt');0.6103895902633667;0.4852648079395294;0.41863498091697693;0.14261645078659058
Data(x=[26, 7], edge_index=[2, 4], edge_attr=[4, 6], y=46.0, custom_label=0.5974026, min_label=0, max_label=77, instance_name='p23.txt');0.5974025726318359;0.4852648079395294;0.41863498091697693;0.14261645078659058
Data(x=[26, 7], edge_index=[2, 4], edge_attr=[4, 6], y=45.0, custom_label=0.58441556, min_label=0, max_label=77, instance_name='p23.txt');0.5844155550003052;0.4852648079395294;0.41863498091697693;0.14261645078659058
Data(x=[27, 7], edge_index=[2, 6], edge_attr=[6, 6], y=44.0, custom_label=0.5714286, min_label=0, max_label=77, instance_name='p23.txt');0.5714285969734192;0.2546675503253937;0.24038319289684296;0.14261645078659058
Data(x=[27, 7], edge_index=[2, 6], edge_attr=[6, 6], y=43.0, custom_label=0.5584416, min_label=0, max_label=77, instance_name='p23.txt');0.5584415793418884;0.25466760993003845;0.24038319289684296;0.14261645078659058
Data(x=[27, 7], edge_index=[2, 6], edge_attr=[6, 6], y=42.0, custom_label=0.54545456, min_label=0, max_label=77, instance_name='p23.txt');0.5454545617103577;0.25466760993003845;0.24038319289684296;0.14261645078659058
Data(x=[27, 7], edge_index=[2, 6], edge_attr=[6, 6], y=41.0, custom_label=0.53246754, min_label=0, max_label=77, instance_name='p23.txt');0.5324675440788269;0.25466760993003845;0.24038319289684296;0.14261645078659058
Data(x=[27, 7], edge_index=[2, 6], edge_attr=[6, 6], y=40.0, custom_label=0.5194805, min_label=0, max_label=77, instance_name='p23.txt');0.5194805264472961;0.25466760993003845;0.24038319289684296;0.14261645078659058
Data(x=[27, 7], edge_index=[2, 6], edge_attr=[6, 6], y=39.0, custom_label=0.5064935, min_label=0, max_label=77, instance_name='p23.txt');0.5064935088157654;0.25466760993003845;0.24038319289684296;0.14261645078659058
Data(x=[27, 7], edge_index=[2, 6], edge_attr=[6, 6], y=38.0, custom_label=0.4935065, min_label=0, max_label=77, instance_name='p23.txt');0.4935064911842346;0.25466760993003845;0.24038319289684296;0.14261645078659058
Data(x=[27, 7], edge_index=[2, 6], edge_attr=[6, 6], y=37.0, custom_label=0.48051947, min_label=0, max_label=77, instance_name='p23.txt');0.48051947355270386;0.25466760993003845;0.24038319289684296;0.14261645078659058
Data(x=[27, 7], edge_index=[2, 6], edge_attr=[6, 6], y=36.0, custom_label=0.46753246, min_label=0, max_label=77, instance_name='p23.txt');0.4675324559211731;0.25466760993003845;0.24038319289684296;0.14261645078659058
Data(x=[27, 7], edge_index=[2, 6], edge_attr=[6, 6], y=35.0, custom_label=0.45454547, min_label=0, max_label=77, instance_name='p23.txt');0.4545454680919647;0.25466760993003845;0.24038319289684296;0.14261645078659058
Data(x=[27, 7], edge_index=[2, 6], edge_attr=[6, 6], y=34.0, custom_label=0.44155845, min_label=0, max_label=77, instance_name='p23.txt');0.44155845046043396;0.25466760993003845;0.24038319289684296;0.14261645078659058
Data(x=[27, 7], edge_index=[2, 6], edge_attr=[6, 6], y=33.0, custom_label=0.42857143, min_label=0, max_label=77, instance_name='p23.txt');0.4285714328289032;0.25466760993003845;0.24038319289684296;0.14261645078659058
Data(x=[27, 7], edge_index=[2, 6], edge_attr=[6, 6], y=32.0, custom_label=0.41558442, min_label=0, max_label=77, instance_name='p23.txt');0.41558441519737244;0.25466760993003845;0.24038319289684296;0.14261645078659058
Data(x=[27, 7], edge_index=[2, 6], edge_attr=[6, 6], y=31.0, custom_label=0.4025974, min_label=0, max_label=77, instance_name='p23.txt');0.4025973975658417;0.25466760993003845;0.24038319289684296;0.14261645078659058
Data(x=[27, 7], edge_index=[2, 6], edge_attr=[6, 6], y=30.0, custom_label=0.38961038, min_label=0, max_label=77, instance_name='p23.txt');0.3896103799343109;0.25466760993003845;0.24038319289684296;0.14261645078659058
Data(x=[27, 7], edge_index=[2, 6], edge_attr=[6, 6], y=29.0, custom_label=0.37662336, min_label=0, max_label=77, instance_name='p23.txt');0.37662336230278015;0.25466760993003845;0.24038319289684296;0.14261645078659058
Data(x=[27, 7], edge_index=[2, 6], edge_attr=[6, 6], y=28.0, custom_label=0.36363637, min_label=0, max_label=77, instance_name='p23.txt');0.3636363744735718;0.25466760993003845;0.24038319289684296;0.14261645078659058
Data(x=[27, 7], edge_index=[2, 6], edge_attr=[6, 6], y=27.0, custom_label=0.35064936, min_label=0, max_label=77, instance_name='p23.txt');0.350649356842041;0.25466760993003845;0.24038319289684296;0.14261645078659058
Data(x=[27, 7], edge_index=[2, 6], edge_attr=[6, 6], y=26.0, custom_label=0.33766234, min_label=0, max_label=77, instance_name='p23.txt');0.33766233921051025;0.2546675503253937;0.24038319289684296;0.14261645078659058
Data(x=[28, 7], edge_index=[2, 8], edge_attr=[8, 6], y=25.0, custom_label=0.32467532, min_label=0, max_label=77, instance_name='p23.txt');0.3246753215789795;0.09462055563926697;0.06986632198095322;0.14261645078659058
Data(x=[28, 7], edge_index=[2, 8], edge_attr=[8, 6], y=24.0, custom_label=0.3116883, min_label=0, max_label=77, instance_name='p23.txt');0.31168830394744873;0.09462055563926697;0.06986632198095322;0.14261645078659058
Data(x=[28, 7], edge_index=[2, 8], edge_attr=[8, 6], y=23.0, custom_label=0.2987013, min_label=0, max_label=77, instance_name='p23.txt');0.29870128631591797;0.09462055563926697;0.06986632198095322;0.14261645078659058
Data(x=[28, 7], edge_index=[2, 8], edge_attr=[8, 6], y=22.0, custom_label=0.2857143, min_label=0, max_label=77, instance_name='p23.txt');0.2857142984867096;0.09462055563926697;0.06986632198095322;0.14261645078659058
Data(x=[28, 7], edge_index=[2, 8], edge_attr=[8, 6], y=21.0, custom_label=0.27272728, min_label=0, max_label=77, instance_name='p23.txt');0.27272728085517883;0.09462055563926697;0.06986632198095322;0.14261645078659058
Data(x=[28, 7], edge_index=[2, 8], edge_attr=[8, 6], y=20.0, custom_label=0.25974026, min_label=0, max_label=77, instance_name='p23.txt');0.25974026322364807;0.09462055563926697;0.06986632198095322;0.14261645078659058
Data(x=[28, 7], edge_index=[2, 8], edge_attr=[8, 6], y=19.0, custom_label=0.24675325, min_label=0, max_label=77, instance_name='p23.txt');0.2467532455921173;0.09462055563926697;0.06986632198095322;0.14261645078659058
Data(x=[28, 7], edge_index=[2, 8], edge_attr=[8, 6], y=18.0, custom_label=0.23376623, min_label=0, max_label=77, instance_name='p23.txt');0.23376622796058655;0.09462055563926697;0.06986632198095322;0.14261645078659058
Data(x=[28, 7], edge_index=[2, 8], edge_attr=[8, 6], y=17.0, custom_label=0.22077923, min_label=0, max_label=77, instance_name='p23.txt');0.22077922523021698;0.09462055563926697;0.06986632198095322;0.14261645078659058
Data(x=[28, 7], edge_index=[2, 8], edge_attr=[8, 6], y=16.0, custom_label=0.20779221, min_label=0, max_label=77, instance_name='p23.txt');0.20779220759868622;0.09462055563926697;0.06986632198095322;0.14261645078659058
Data(x=[28, 7], edge_index=[2, 8], edge_attr=[8, 6], y=15.0, custom_label=0.19480519, min_label=0, max_label=77, instance_name='p23.txt');0.19480518996715546;0.09462055563926697;0.06986632198095322;0.14261645078659058
Data(x=[28, 7], edge_index=[2, 8], edge_attr=[8, 6], y=14.0, custom_label=0.18181819, min_label=0, max_label=77, instance_name='p23.txt');0.1818181872367859;0.09462055563926697;0.06986632198095322;0.14261645078659058
Data(x=[28, 7], edge_index=[2, 8], edge_attr=[8, 6], y=13.0, custom_label=0.16883117, min_label=0, max_label=77, instance_name='p23.txt');0.16883116960525513;0.09462055563926697;0.06986632198095322;0.14261645078659058
Data(x=[28, 7], edge_index=[2, 8], edge_attr=[8, 6], y=12.0, custom_label=0.15584415, min_label=0, max_label=77, instance_name='p23.txt');0.15584415197372437;0.09462055563926697;0.06986632198095322;0.14261645078659058
Data(x=[28, 7], edge_index=[2, 8], edge_attr=[8, 6], y=11.0, custom_label=0.14285715, min_label=0, max_label=77, instance_name='p23.txt');0.1428571492433548;0.09462055563926697;0.06986632198095322;0.14261645078659058
Data(x=[28, 7], edge_index=[2, 8], edge_attr=[8, 6], y=10.0, custom_label=0.12987013, min_label=0, max_label=77, instance_name='p23.txt');0.12987013161182404;0.09462055563926697;0.06986632198095322;0.14261645078659058
Data(x=[28, 7], edge_index=[2, 8], edge_attr=[8, 6], y=9.0, custom_label=0.116883114, min_label=0, max_label=77, instance_name='p23.txt');0.11688311398029327;0.09462055563926697;0.06986632198095322;0.14261645078659058
Data(x=[28, 7], edge_index=[2, 8], edge_attr=[8, 6], y=8.0, custom_label=0.103896104, min_label=0, max_label=77, instance_name='p23.txt');0.10389610379934311;0.09462055563926697;0.06986632198095322;0.14261645078659058
Data(x=[28, 7], edge_index=[2, 8], edge_attr=[8, 6], y=7.0, custom_label=0.09090909, min_label=0, max_label=77, instance_name='p23.txt');0.09090909361839294;0.09462055563926697;0.06986632198095322;0.14261645078659058
Data(x=[28, 7], edge_index=[2, 8], edge_attr=[8, 6], y=6.0, custom_label=0.077922076, min_label=0, max_label=77, instance_name='p23.txt');0.07792207598686218;0.09462055563926697;0.06986632198095322;0.14261645078659058
Data(x=[28, 7], edge_index=[2, 8], edge_attr=[8, 6], y=5.0, custom_label=0.064935066, min_label=0, max_label=77, instance_name='p23.txt');0.06493506580591202;0.09462055563926697;0.06986632198095322;0.14261645078659058
Data(x=[28, 7], edge_index=[2, 8], edge_attr=[8, 6], y=4.0, custom_label=0.051948052, min_label=0, max_label=77, instance_name='p23.txt');0.051948051899671555;0.09462055563926697;0.06986632198095322;0.14261645078659058
Data(x=[28, 7], edge_index=[2, 8], edge_attr=[8, 6], y=3.0, custom_label=0.038961038, min_label=0, max_label=77, instance_name='p23.txt');0.03896103799343109;0.09462055563926697;0.06986632198095322;0.14261645078659058
Data(x=[28, 7], edge_index=[2, 8], edge_attr=[8, 6], y=2.0, custom_label=0.025974026, min_label=0, max_label=77, instance_name='p23.txt');0.025974025949835777;0.09462055563926697;0.06986632198095322;0.14261645078659058
Data(x=[28, 7], edge_index=[2, 8], edge_attr=[8, 6], y=1.0, custom_label=0.012987013, min_label=0, max_label=77, instance_name='p23.txt');0.012987012974917889;0.09462055563926697;0.06986632198095322;0.14261645078659058
Data(x=[29, 7], edge_index=[2, 10], edge_attr=[10, 6], y=0.0, custom_label=0.0, min_label=0, max_label=77, instance_name='p23.txt');0.0;6.928119546500966e-06;5.532938757824013e-06;0.14261645078659058
Data(x=[24, 7], edge_index=[2, 16], edge_attr=[16, 6], y=3.0, custom_label=0.038961038, min_label=0, max_label=77, instance_name='p23.txt');0.03896103799343109;0.09987443685531616;0.03024517372250557;4.888861582230675e-08
Data(x=[23, 7], edge_index=[2, 14], edge_attr=[14, 6], y=2.0, custom_label=0.025974026, min_label=0, max_label=77, instance_name='p23.txt');0.025974025949835777;0.16720731556415558;0.07461383193731308;4.888861582230675e-08
Data(x=[23, 7], edge_index=[2, 14], edge_attr=[14, 6], y=1.0, custom_label=0.012987013, min_label=0, max_label=77, instance_name='p23.txt');0.012987012974917889;0.17267152667045593;0.12016038596630096;0.00020854815375059843
Data(x=[24, 7], edge_index=[2, 16], edge_attr=[16, 6], y=0.0, custom_label=0.0, min_label=0, max_label=77, instance_name='p23.txt');0.0;9.297523320128676e-07;3.311220950763527e-07;4.888861582230675e-08
Data(x=[24, 7], edge_index=[2, 16], edge_attr=[16, 6], y=0.0, custom_label=0.0, min_label=0, max_label=77, instance_name='p23.txt');0.0;9.297523320128676e-07;3.311220950763527e-07;4.681113239257684e-07
Data(x=[26, 7], edge_index=[2, 18], edge_attr=[18, 6], y=0.0, custom_label=0.0, min_label=0, max_label=77, instance_name='p23.txt');0.0;1.9484903077682247e-06;2.868163164748694e-07;1.7557023966219276e-05
Data(x=[23, 7], edge_index=[2, 14], edge_attr=[14, 6], y=0.0, custom_label=0.0, min_label=0, max_label=77, instance_name='p23.txt');0.0;6.667506227131526e-07;5.13584552663815e-07;6.465290789492428e-05
Data(x=[21, 7], edge_index=[2, 14], edge_attr=[14, 6], y=4.0, custom_label=0.051948052, min_label=0, max_label=77, instance_name='p23.txt');0.051948051899671555;0.3184358775615692;0.29974716901779175;2.677169419484926e-08
Data(x=[22, 7], edge_index=[2, 16], edge_attr=[16, 6], y=3.0, custom_label=0.038961038, min_label=0, max_label=77, instance_name='p23.txt');0.03896103799343109;0.014476288110017776;0.015520644374191761;2.677169419484926e-08
Data(x=[21, 7], edge_index=[2, 14], edge_attr=[14, 6], y=2.0, custom_label=0.025974026, min_label=0, max_label=77, instance_name='p23.txt');0.025974025949835777;0.15938329696655273;0.15940380096435547;0.00020854815375059843
Data(x=[21, 7], edge_index=[2, 14], edge_attr=[14, 6], y=1.0, custom_label=0.012987013, min_label=0, max_label=77, instance_name='p23.txt');0.012987012974917889;0.09733610600233078;0.053474362939596176;0.00020854815375059843
Data(x=[22, 7], edge_index=[2, 16], edge_attr=[16, 6], y=0.0, custom_label=0.0, min_label=0, max_label=77, instance_name='p23.txt');0.0;2.8677712649027853e-08;3.799744874299904e-08;0.00020854815375059843
Data(x=[21, 7], edge_index=[2, 16], edge_attr=[16, 6], y=0.0, custom_label=0.0, min_label=0, max_label=77, instance_name='p23.txt');0.0;1.7894106463245407e-07;1.294903739790243e-07;0.006243646144866943
Data(x=[22, 7], edge_index=[2, 14], edge_attr=[14, 6], y=0.0, custom_label=0.0, min_label=0, max_label=77, instance_name='p23.txt');0.0;3.9023194631226943e-07;3.910500652182236e-07;0.00023004146351013333
Data(x=[24, 7], edge_index=[2, 20], edge_attr=[20, 6], y=0.0, custom_label=0.0, min_label=0, max_label=77, instance_name='p23.txt');0.0;0.000356961420038715;3.588182835301268e-07;3.5711077543965075e-06
Data(x=[21, 7], edge_index=[2, 14], edge_attr=[14, 6], y=0.0, custom_label=0.0, min_label=0, max_label=77, instance_name='p23.txt');0.0;2.1612406442272913e-07;2.894595070301875e-07;0.14261645078659058
Data(x=[26, 7], edge_index=[2, 10], edge_attr=[10, 6], y=13.0, custom_label=0.16883117, min_label=0, max_label=77, instance_name='p23.txt');0.16883116960525513;0.27965548634529114;0.2608409821987152;0.006243646144866943
Data(x=[26, 7], edge_index=[2, 10], edge_attr=[10, 6], y=12.0, custom_label=0.15584415, min_label=0, max_label=77, instance_name='p23.txt');0.15584415197372437;0.27965548634529114;0.2608409523963928;0.006243646144866943
Data(x=[26, 7], edge_index=[2, 10], edge_attr=[10, 6], y=11.0, custom_label=0.14285715, min_label=0, max_label=77, instance_name='p23.txt');0.1428571492433548;0.27965548634529114;0.2608409821987152;0.006243646144866943
Data(x=[26, 7], edge_index=[2, 10], edge_attr=[10, 6], y=10.0, custom_label=0.12987013, min_label=0, max_label=77, instance_name='p23.txt');0.12987013161182404;0.27965548634529114;0.2608409821987152;0.006243646144866943
Data(x=[26, 7], edge_index=[2, 10], edge_attr=[10, 6], y=9.0, custom_label=0.116883114, min_label=0, max_label=77, instance_name='p23.txt');0.11688311398029327;0.27965548634529114;0.2608409821987152;0.006243646144866943
Data(x=[26, 7], edge_index=[2, 10], edge_attr=[10, 6], y=8.0, custom_label=0.103896104, min_label=0, max_label=77, instance_name='p23.txt');0.10389610379934311;0.27965548634529114;0.2608409523963928;0.006243646144866943
Data(x=[27, 7], edge_index=[2, 12], edge_attr=[12, 6], y=7.0, custom_label=0.09090909, min_label=0, max_label=77, instance_name='p23.txt');0.09090909361839294;0.0808311253786087;0.05830676481127739;0.006243646144866943
Data(x=[27, 7], edge_index=[2, 12], edge_attr=[12, 6], y=6.0, custom_label=0.077922076, min_label=0, max_label=77, instance_name='p23.txt');0.07792207598686218;0.1260049194097519;0.13405026495456696;0.006243646144866943
Data(x=[27, 7], edge_index=[2, 12], edge_attr=[12, 6], y=5.0, custom_label=0.064935066, min_label=0, max_label=77, instance_name='p23.txt');0.06493506580591202;0.0808311253786087;0.05830676481127739;0.006243646144866943
Data(x=[27, 7], edge_index=[2, 12], edge_attr=[12, 6], y=4.0, custom_label=0.051948052, min_label=0, max_label=77, instance_name='p23.txt');0.051948051899671555;0.08083110302686691;0.05830676481127739;0.006243646144866943
Data(x=[26, 7], edge_index=[2, 10], edge_attr=[10, 6], y=3.0, custom_label=0.038961038, min_label=0, max_label=77, instance_name='p23.txt');0.03896103799343109;0.12820763885974884;0.0813603326678276;0.006243646144866943
Data(x=[26, 7], edge_index=[2, 10], edge_attr=[10, 6], y=2.0, custom_label=0.025974026, min_label=0, max_label=77, instance_name='p23.txt');0.025974025949835777;0.12820763885974884;0.0813603326678276;0.006243646144866943
Data(x=[26, 7], edge_index=[2, 10], edge_attr=[10, 6], y=1.0, custom_label=0.012987013, min_label=0, max_label=77, instance_name='p23.txt');0.012987012974917889;0.12820763885974884;0.0813603326678276;0.006243646144866943
Data(x=[27, 7], edge_index=[2, 12], edge_attr=[12, 6], y=0.0, custom_label=0.0, min_label=0, max_label=77, instance_name='p23.txt');0.0;3.7258753309288295e-06;2.2986644125921885e-06;0.006243646144866943
Data(x=[32, 7], edge_index=[2, 26], edge_attr=[26, 6], y=0.0, custom_label=0.0, min_label=0, max_label=7, instance_name='p24.txt');0.0;0.023415954783558846;2.408871296211146e-06;6.465290789492428e-05
Data(x=[28, 7], edge_index=[2, 18], edge_attr=[18, 6], y=0.0, custom_label=0.0, min_label=0, max_label=7, instance_name='p24.txt');0.0;6.450940759350487e-07;1.3322383551894745e-07;0.00023004146351013333
Data(x=[27, 7], edge_index=[2, 20], edge_attr=[20, 6], y=0.0, custom_label=0.0, min_label=0, max_label=7, instance_name='p24.txt');0.0;3.608718657233112e-07;5.471653352628891e-08;1.4209494691996838e-09
Data(x=[28, 7], edge_index=[2, 18], edge_attr=[18, 6], y=0.0, custom_label=0.0, min_label=0, max_label=7, instance_name='p24.txt');0.0;6.450946443692374e-07;1.3322383551894745e-07;0.00016489948029629886
Data(x=[31, 7], edge_index=[2, 26], edge_attr=[26, 6], y=0.0, custom_label=0.0, min_label=0, max_label=7, instance_name='p24.txt');0.0;0.021410062909126282;2.086674157908419e-06;8.518340893770571e-11
Data(x=[24, 7], edge_index=[2, 16], edge_attr=[16, 6], y=0.0, custom_label=0.0, min_label=0, max_label=7, instance_name='p24.txt');0.0;9.297523320128676e-07;3.311220950763527e-07;0.006243646144866943
Data(x=[33, 7], edge_index=[2, 16], edge_attr=[16, 6], y=0.0, custom_label=0.0, min_label=0, max_label=7, instance_name='p24.txt');0.0;2.2577180061489344e-05;1.9184703887731303e-06;0.14261645078659058
Data(x=[28, 7], edge_index=[2, 18], edge_attr=[18, 6], y=0.0, custom_label=0.0, min_label=0, max_label=7, instance_name='p24.txt');0.0;6.450940759350487e-07;1.3322383551894745e-07;0.00020854815375059843
Data(x=[26, 7], edge_index=[2, 12], edge_attr=[12, 6], y=0.0, custom_label=0.0, min_label=0, max_label=7, instance_name='p24.txt');0.0;2.552654905230156e-06;1.93349319488334e-06;0.14261645078659058
Data(x=[28, 7], edge_index=[2, 18], edge_attr=[18, 6], y=0.0, custom_label=0.0, min_label=0, max_label=7, instance_name='p24.txt');0.0;6.450940759350487e-07;1.3322383551894745e-07;0.00016489948029629886
Data(x=[29, 7], edge_index=[2, 20], edge_attr=[20, 6], y=0.0, custom_label=0.0, min_label=0, max_label=7, instance_name='p24.txt');0.0;0.00027999115991406143;2.508388888600166e-06;2.3709889607204104e-09
Data(x=[28, 7], edge_index=[2, 12], edge_attr=[12, 6], y=3.0, custom_label=0.42857143, min_label=0, max_label=7, instance_name='p24.txt');0.4285714328289032;0.14328700304031372;0.11855471134185791;0.14261645078659058
Data(x=[28, 7], edge_index=[2, 12], edge_attr=[12, 6], y=2.0, custom_label=0.2857143, min_label=0, max_label=7, instance_name='p24.txt');0.2857142984867096;0.11775058507919312;0.05715641751885414;0.14261645078659058
Data(x=[28, 7], edge_index=[2, 12], edge_attr=[12, 6], y=1.0, custom_label=0.14285715, min_label=0, max_label=7, instance_name='p24.txt');0.1428571492433548;0.11775058507919312;0.05715641751885414;0.14261645078659058
Data(x=[28, 7], edge_index=[2, 12], edge_attr=[12, 6], y=0.0, custom_label=0.0, min_label=0, max_label=7, instance_name='p24.txt');0.0;1.3596343706012703e-05;4.6090981413726695e-06;0.14261645078659058
Data(x=[26, 7], edge_index=[2, 16], edge_attr=[16, 6], y=0.0, custom_label=0.0, min_label=0, max_label=7, instance_name='p24.txt');0.0;0.0008335396414622664;2.084056859530392e-06;1.6932796831348185e-10
Data(x=[25, 7], edge_index=[2, 16], edge_attr=[16, 6], y=0.0, custom_label=0.0, min_label=0, max_label=7, instance_name='p24.txt');0.0;4.5786271130054956e-07;1.941947971317859e-07;1.0964547072944697e-05
Data(x=[27, 7], edge_index=[2, 14], edge_attr=[14, 6], y=0.0, custom_label=0.0, min_label=0, max_label=7, instance_name='p24.txt');0.0;3.827173713943921e-06;1.2486447076298646e-06;1.3632333661917073e-07
Data(x=[35, 7], edge_index=[2, 22], edge_attr=[22, 6], y=0.0, custom_label=0.0, min_label=0, max_label=7, instance_name='p24.txt');0.0;6.021964054525597e-06;2.233672518059393e-07;0.14261645078659058
Data(x=[32, 7], edge_index=[2, 16], edge_attr=[16, 6], y=1.0, custom_label=0.14285715, min_label=0, max_label=7, instance_name='p24.txt');0.1428571492433548;0.10221263021230698;0.020102057605981827;0.14261645078659058
Data(x=[33, 7], edge_index=[2, 18], edge_attr=[18, 6], y=0.0, custom_label=0.0, min_label=0, max_label=7, instance_name='p24.txt');0.0;4.068033376825042e-06;4.03474899712819e-07;0.14261645078659058
Data(x=[21, 7], edge_index=[2, 18], edge_attr=[18, 6], y=0.0, custom_label=0.0, min_label=0, max_label=7, instance_name='p24.txt');0.0;3.6537511505230214e-07;1.2052565523390513e-07;7.52629403244498e-10
Data(x=[26, 7], edge_index=[2, 14], edge_attr=[14, 6], y=0.0, custom_label=0.0, min_label=0, max_label=7, instance_name='p24.txt');0.0;2.5952849682653323e-06;1.0259150258207228e-06;0.14261645078659058
Data(x=[30, 7], edge_index=[2, 12], edge_attr=[12, 6], y=0.0, custom_label=0.0, min_label=0, max_label=7, instance_name='p24.txt');0.0;9.959596354747191e-06;3.6043095406057546e-06;0.006243646144866943
Data(x=[30, 7], edge_index=[2, 16], edge_attr=[16, 6], y=2.0, custom_label=0.2857143, min_label=0, max_label=7, instance_name='p24.txt');0.2857142984867096;0.15840107202529907;0.09774554520845413;0.14261645078659058
Data(x=[29, 7], edge_index=[2, 12], edge_attr=[12, 6], y=1.0, custom_label=0.14285715, min_label=0, max_label=7, instance_name='p24.txt');0.1428571492433548;0.08032014220952988;0.052096590399742126;0.14261645078659058
Data(x=[30, 7], edge_index=[2, 14], edge_attr=[14, 6], y=0.0, custom_label=0.0, min_label=0, max_label=7, instance_name='p24.txt');0.0;3.7582751701847883e-06;1.0745397958089598e-06;0.14261645078659058
Data(x=[30, 7], edge_index=[2, 16], edge_attr=[16, 6], y=0.0, custom_label=0.0, min_label=0, max_label=7, instance_name='p24.txt');0.0;9.558290912536904e-06;1.2015889296890236e-06;0.00023004146351013333
Data(x=[31, 7], edge_index=[2, 14], edge_attr=[14, 6], y=3.0, custom_label=0.42857143, min_label=0, max_label=7, instance_name='p24.txt');0.4285714328289032;0.021876467391848564;0.015425682999193668;0.00023004146351013333
Data(x=[30, 7], edge_index=[2, 12], edge_attr=[12, 6], y=2.0, custom_label=0.2857143, min_label=0, max_label=7, instance_name='p24.txt');0.2857142984867096;0.08011845499277115;0.04838930815458298;0.00023004146351013333
Data(x=[30, 7], edge_index=[2, 12], edge_attr=[12, 6], y=1.0, custom_label=0.14285715, min_label=0, max_label=7, instance_name='p24.txt');0.1428571492433548;0.08011845499277115;0.04838930815458298;0.00023004146351013333
Data(x=[31, 7], edge_index=[2, 14], edge_attr=[14, 6], y=0.0, custom_label=0.0, min_label=0, max_label=7, instance_name='p24.txt');0.0;2.171927917515859e-06;7.85244367307314e-07;0.00023004146351013333
Data(x=[31, 7], edge_index=[2, 22], edge_attr=[22, 6], y=3.0, custom_label=0.42857143, min_label=0, max_label=7, instance_name='p24.txt');0.4285714328289032;0.16225549578666687;0.023127131164073944;0.00023004146351013333
Data(x=[30, 7], edge_index=[2, 20], edge_attr=[20, 6], y=2.0, custom_label=0.2857143, min_label=0, max_label=7, instance_name='p24.txt');0.2857142984867096;0.1584027111530304;0.13264930248260498;0.00023004146351013333
Data(x=[30, 7], edge_index=[2, 20], edge_attr=[20, 6], y=1.0, custom_label=0.14285715, min_label=0, max_label=7, instance_name='p24.txt');0.1428571492433548;0.1677524447441101;0.11624183505773544;0.14261645078659058
Data(x=[31, 7], edge_index=[2, 22], edge_attr=[22, 6], y=0.0, custom_label=0.0, min_label=0, max_label=7, instance_name='p24.txt');0.0;0.0003418986452743411;1.959477231139317e-06;0.00023004146351013333
Data(x=[28, 7], edge_index=[2, 20], edge_attr=[20, 6], y=0.0, custom_label=0.0, min_label=0, max_label=7, instance_name='p24.txt');0.0;0.000323534884955734;4.3930810988968005e-07;0.14261645078659058
Data(x=[27, 7], edge_index=[2, 14], edge_attr=[14, 6], y=0.0, custom_label=0.0, min_label=0, max_label=7, instance_name='p24.txt');0.0;4.665785695578961e-07;3.439495230850298e-07;0.14261645078659058
Data(x=[30, 7], edge_index=[2, 18], edge_attr=[18, 6], y=3.0, custom_label=0.42857143, min_label=0, max_label=7, instance_name='p24.txt');0.4285714328289032;0.20968538522720337;0.06236922740936279;6.465290789492428e-05
Data(x=[30, 7], edge_index=[2, 18], edge_attr=[18, 6], y=2.0, custom_label=0.2857143, min_label=0, max_label=7, instance_name='p24.txt');0.2857142984867096;0.20968538522720337;0.06236922740936279;6.465290789492428e-05
Data(x=[30, 7], edge_index=[2, 18], edge_attr=[18, 6], y=1.0, custom_label=0.14285715, min_label=0, max_label=7, instance_name='p24.txt');0.1428571492433548;0.20968538522720337;0.06236922740936279;6.465290789492428e-05
Data(x=[31, 7], edge_index=[2, 20], edge_attr=[20, 6], y=0.0, custom_label=0.0, min_label=0, max_label=7, instance_name='p24.txt');0.0;0.001436541322618723;1.5106827504496323e-06;6.465290789492428e-05
Data(x=[27, 7], edge_index=[2, 12], edge_attr=[12, 6], y=0.0, custom_label=0.0, min_label=0, max_label=7, instance_name='p24.txt');0.0;3.7258753309288295e-06;2.2986644125921885e-06;0.14261645078659058
Data(x=[34, 7], edge_index=[2, 18], edge_attr=[18, 6], y=0.0, custom_label=0.0, min_label=0, max_label=7, instance_name='p24.txt');0.0;2.625999513838906e-05;1.3559662193074473e-06;0.14261645078659058
Data(x=[27, 7], edge_index=[2, 14], edge_attr=[14, 6], y=0.0, custom_label=0.0, min_label=0, max_label=7, instance_name='p24.txt');0.0;3.827173713943921e-06;1.2486447076298646e-06;0.006243646144866943
Data(x=[25, 7], edge_index=[2, 14], edge_attr=[14, 6], y=1.0, custom_label=0.14285715, min_label=0, max_label=7, instance_name='p24.txt');0.1428571492433548;0.09759396314620972;0.04650896415114403;0.14261645078659058
Data(x=[25, 7], edge_index=[2, 14], edge_attr=[14, 6], y=0.0, custom_label=0.0, min_label=0, max_label=7, instance_name='p24.txt');0.0;1.7060677919289446e-06;8.297725457850902e-07;0.14261645078659058
Data(x=[27, 7], edge_index=[2, 14], edge_attr=[14, 6], y=0.0, custom_label=0.0, min_label=0, max_label=7, instance_name='p24.txt');0.0;3.827173713943921e-06;1.2486447076298646e-06;0.00020854815375059843
Data(x=[23, 7], edge_index=[2, 12], edge_attr=[12, 6], y=0.0, custom_label=0.0, min_label=0, max_label=7, instance_name='p24.txt');0.0;6.58352064419887e-07;1.0513372217246797e-06;0.14261645078659058
Data(x=[24, 7], edge_index=[2, 16], edge_attr=[16, 6], y=7.0, custom_label=1.0, min_label=0, max_label=7, instance_name='p24.txt');1.0;0.34832414984703064;0.3015860319137573;0.14261645078659058
Data(x=[23, 7], edge_index=[2, 14], edge_attr=[14, 6], y=6.0, custom_label=0.85714287, min_label=0, max_label=7, instance_name='p24.txt');0.8571428656578064;0.3341975212097168;0.34225472807884216;0.14261645078659058
Data(x=[23, 7], edge_index=[2, 14], edge_attr=[14, 6], y=5.0, custom_label=0.71428573, min_label=0, max_label=7, instance_name='p24.txt');0.7142857313156128;0.38656580448150635;0.31051117181777954;0.14261645078659058
Data(x=[24, 7], edge_index=[2, 16], edge_attr=[16, 6], y=4.0, custom_label=0.5714286, min_label=0, max_label=7, instance_name='p24.txt');0.5714285969734192;0.16778914630413055;0.11227753013372421;0.14261645078659058
Data(x=[23, 7], edge_index=[2, 12], edge_attr=[12, 6], y=3.0, custom_label=0.42857143, min_label=0, max_label=7, instance_name='p24.txt');0.4285714328289032;0.07974954694509506;0.06487683206796646;0.14261645078659058
Data(x=[23, 7], edge_index=[2, 12], edge_attr=[12, 6], y=2.0, custom_label=0.2857143, min_label=0, max_label=7, instance_name='p24.txt');0.2857142984867096;0.13029102981090546;0.14167267084121704;0.14261645078659058
Data(x=[23, 7], edge_index=[2, 12], edge_attr=[12, 6], y=1.0, custom_label=0.14285715, min_label=0, max_label=7, instance_name='p24.txt');0.1428571492433548;0.07974954694509506;0.06487683206796646;0.14261645078659058
Data(x=[24, 7], edge_index=[2, 14], edge_attr=[14, 6], y=0.0, custom_label=0.0, min_label=0, max_label=7, instance_name='p24.txt');0.0;1.041812822677457e-07;1.5459248459137598e-07;0.14261645078659058
Data(x=[26, 7], edge_index=[2, 16], edge_attr=[16, 6], y=0.0, custom_label=0.0, min_label=0, max_label=7, instance_name='p24.txt');0.0;2.9513057597796433e-07;1.4269215853346395e-07;0.14261645078659058
Data(x=[32, 7], edge_index=[2, 18], edge_attr=[18, 6], y=2.0, custom_label=0.2857143, min_label=0, max_label=7, instance_name='p24.txt');0.2857142984867096;0.023681482300162315;0.005455436650663614;0.14261645078659058
Data(x=[31, 7], edge_index=[2, 16], edge_attr=[16, 6], y=1.0, custom_label=0.14285715, min_label=0, max_label=7, instance_name='p24.txt');0.1428571492433548;0.10165522992610931;0.021694859489798546;0.14261645078659058
Data(x=[32, 7], edge_index=[2, 18], edge_attr=[18, 6], y=0.0, custom_label=0.0, min_label=0, max_label=7, instance_name='p24.txt');0.0;2.9463610644597793e-06;3.323730481952225e-07;0.14261645078659058
Data(x=[25, 7], edge_index=[2, 16], edge_attr=[16, 6], y=0.0, custom_label=0.0, min_label=0, max_label=7, instance_name='p24.txt');0.0;1.7672296337423177e-07;1.0665432625955873e-07;2.677169419484926e-08
Data(x=[29, 7], edge_index=[2, 20], edge_attr=[20, 6], y=0.0, custom_label=0.0, min_label=0, max_label=7, instance_name='p24.txt');0.0;8.692003348187427e-07;9.690560176522922e-08;4.3525356929752235e-11
Data(x=[29, 7], edge_index=[2, 14], edge_attr=[14, 6], y=0.0, custom_label=0.0, min_label=0, max_label=7, instance_name='p24.txt');0.0;7.680001544940751e-06;1.7759864476829534e-06;0.00020854815375059843
Data(x=[25, 7], edge_index=[2, 14], edge_attr=[14, 6], y=0.0, custom_label=0.0, min_label=0, max_label=7, instance_name='p24.txt');0.0;1.7946659625067696e-07;2.0616703011455684e-07;0.14261645078659058
Data(x=[29, 7], edge_index=[2, 22], edge_attr=[22, 6], y=0.0, custom_label=0.0, min_label=0, max_label=7, instance_name='p24.txt');0.0;7.039610636638827e-07;5.386679546859341e-08;0.00020854815375059843
Data(x=[32, 7], edge_index=[2, 20], edge_attr=[20, 6], y=0.0, custom_label=0.0, min_label=0, max_label=7, instance_name='p24.txt');0.0;0.0016707987524569035;1.7616363265915425e-06;0.14261645078659058
Data(x=[29, 7], edge_index=[2, 20], edge_attr=[20, 6], y=0.0, custom_label=0.0, min_label=0, max_label=7, instance_name='p24.txt');0.0;8.692003348187427e-07;9.690577940091316e-08;0.14261645078659058
Data(x=[31, 7], edge_index=[2, 14], edge_attr=[14, 6], y=0.0, custom_label=0.0, min_label=0, max_label=7, instance_name='p24.txt');0.0;1.3986186786496546e-05;2.4137809759849915e-06;0.14261645078659058
Data(x=[31, 7], edge_index=[2, 18], edge_attr=[18, 6], y=0.0, custom_label=0.0, min_label=0, max_label=7, instance_name='p24.txt');0.0;1.1581412763916887e-05;8.337203780683922e-07;3.3938665637833765e-06
Data(x=[25, 7], edge_index=[2, 14], edge_attr=[14, 6], y=0.0, custom_label=0.0, min_label=0, max_label=7, instance_name='p24.txt');0.0;1.7060677919289446e-06;8.29771806820645e-07;1.7557023966219276e-05
Data(x=[28, 7], edge_index=[2, 16], edge_attr=[16, 6], y=0.0, custom_label=0.0, min_label=0, max_label=7, instance_name='p24.txt');0.0;4.8761085054138675e-06;8.319548214785755e-07;0.14261645078659058
Data(x=[33, 7], edge_index=[2, 18], edge_attr=[18, 6], y=0.0, custom_label=0.0, min_label=0, max_label=7, instance_name='p24.txt');0.0;4.068033376825042e-06;4.034752407733322e-07;6.465290789492428e-05
Data(x=[30, 7], edge_index=[2, 14], edge_attr=[14, 6], y=0.0, custom_label=0.0, min_label=0, max_label=7, instance_name='p24.txt');0.0;0.00016622617840766907;4.727547275251709e-05;0.14261645078659058
Data(x=[31, 7], edge_index=[2, 14], edge_attr=[14, 6], y=2.0, custom_label=0.2857143, min_label=0, max_label=7, instance_name='p24.txt');0.2857142984867096;0.09705175459384918;0.03217734023928642;0.14261645078659058
Data(x=[30, 7], edge_index=[2, 12], edge_attr=[12, 6], y=1.0, custom_label=0.14285715, min_label=0, max_label=7, instance_name='p24.txt');0.1428571492433548;0.14944249391555786;0.06974384933710098;0.14261645078659058
Data(x=[31, 7], edge_index=[2, 14], edge_attr=[14, 6], y=0.0, custom_label=0.0, min_label=0, max_label=7, instance_name='p24.txt');0.0;1.3986186786496546e-05;2.4137809759849915e-06;0.14261645078659058
Data(x=[30, 7], edge_index=[2, 18], edge_attr=[18, 6], y=3.0, custom_label=0.42857143, min_label=0, max_label=7, instance_name='p24.txt');0.4285714328289032;0.02119296044111252;0.0063817473128438;0.00023004146351013333
Data(x=[29, 7], edge_index=[2, 16], edge_attr=[16, 6], y=2.0, custom_label=0.2857143, min_label=0, max_label=7, instance_name='p24.txt');0.2857142984867096;0.10096966475248337;0.02480446919798851;0.00023004146351013333
Data(x=[29, 7], edge_index=[2, 16], edge_attr=[16, 6], y=1.0, custom_label=0.14285715, min_label=0, max_label=7, instance_name='p24.txt');0.1428571492433548;0.1605795919895172;0.08204972743988037;0.00023004146351013333
Data(x=[30, 7], edge_index=[2, 18], edge_attr=[18, 6], y=0.0, custom_label=0.0, min_label=0, max_label=7, instance_name='p24.txt');0.0;1.450259560442646e-06;2.1697242402751726e-07;0.00023004146351013333
Data(x=[29, 7], edge_index=[2, 14], edge_attr=[14, 6], y=1.0, custom_label=0.14285715, min_label=0, max_label=7, instance_name='p24.txt');0.1428571492433548;0.16563449800014496;0.06367640197277069;0.14261645078659058
Data(x=[30, 7], edge_index=[2, 16], edge_attr=[16, 6], y=0.0, custom_label=0.0, min_label=0, max_label=7, instance_name='p24.txt');0.0;9.558290912536904e-06;1.2015900665574009e-06;0.14261645078659058
Data(x=[28, 7], edge_index=[2, 14], edge_attr=[14, 6], y=2.0, custom_label=0.2857143, min_label=0, max_label=7, instance_name='p24.txt');0.2857142984867096;0.13995720446109772;0.054697420448064804;0.14261645078659058
Data(x=[28, 7], edge_index=[2, 14], edge_attr=[14, 6], y=1.0, custom_label=0.14285715, min_label=0, max_label=7, instance_name='p24.txt');0.1428571492433548;0.13995720446109772;0.054697420448064804;0.14261645078659058
Data(x=[29, 7], edge_index=[2, 16], edge_attr=[16, 6], y=0.0, custom_label=0.0, min_label=0, max_label=7, instance_name='p24.txt');0.0;2.5655187982920324e-06;5.078262574897963e-07;0.14261645078659058
Data(x=[21, 7], edge_index=[2, 14], edge_attr=[14, 6], y=0.0, custom_label=0.0, min_label=0, max_label=7, instance_name='p24.txt');0.0;6.533994678648014e-07;5.921229444538767e-07;0.14261645078659058
Data(x=[26, 7], edge_index=[2, 16], edge_attr=[16, 6], y=4.0, custom_label=0.5714286, min_label=0, max_label=7, instance_name='p24.txt');0.5714285969734192;0.018762772902846336;0.013480559922754765;3.481605745037086e-05
Data(x=[25, 7], edge_index=[2, 14], edge_attr=[14, 6], y=3.0, custom_label=0.42857143, min_label=0, max_label=7, instance_name='p24.txt');0.4285714328289032;0.09759396314620972;0.04650896415114403;0.14261645078659058
Data(x=[25, 7], edge_index=[2, 14], edge_attr=[14, 6], y=2.0, custom_label=0.2857143, min_label=0, max_label=7, instance_name='p24.txt');0.2857142984867096;0.15591266751289368;0.14970672130584717;0.14261645078659058
Data(x=[25, 7], edge_index=[2, 14], edge_attr=[14, 6], y=1.0, custom_label=0.14285715, min_label=0, max_label=7, instance_name='p24.txt');0.1428571492433548;0.09759396314620972;0.04650896415114403;0.14261645078659058
Data(x=[26, 7], edge_index=[2, 16], edge_attr=[16, 6], y=0.0, custom_label=0.0, min_label=0, max_label=7, instance_name='p24.txt');0.0;2.9513057597796433e-07;1.4269215853346395e-07;0.14261645078659058
Data(x=[29, 7], edge_index=[2, 22], edge_attr=[22, 6], y=0.0, custom_label=0.0, min_label=0, max_label=7, instance_name='p24.txt');0.0;7.039618026283279e-07;5.386679546859341e-08;0.14261645078659058
Data(x=[24, 7], edge_index=[2, 16], edge_attr=[16, 6], y=0.0, custom_label=0.0, min_label=0, max_label=7, instance_name='p24.txt');0.0;2.720462646266242e-07;1.4525305402912636e-07;0.14261645078659058
Data(x=[28, 7], edge_index=[2, 18], edge_attr=[18, 6], y=0.0, custom_label=0.0, min_label=0, max_label=7, instance_name='p24.txt');0.0;1.5412421134897158e-06;2.2748707806385937e-07;0.14261645078659058
Data(x=[28, 7], edge_index=[2, 14], edge_attr=[14, 6], y=0.0, custom_label=0.0, min_label=0, max_label=7, instance_name='p24.txt');0.0;5.489357590704458e-06;1.498549067946442e-06;0.14261645078659058
Data(x=[30, 7], edge_index=[2, 20], edge_attr=[20, 6], y=0.0, custom_label=0.0, min_label=0, max_label=7, instance_name='p24.txt');0.0;0.0007324070320464671;4.787710167875048e-06;4.6103146300602305e-10
Data(x=[29, 7], edge_index=[2, 18], edge_attr=[18, 6], y=0.0, custom_label=0.0, min_label=0, max_label=7, instance_name='p24.txt');0.0;4.2288123950129375e-05;8.583388080296572e-06;0.14261645078659058
Data(x=[30, 7], edge_index=[2, 18], edge_attr=[18, 6], y=0.0, custom_label=0.0, min_label=0, max_label=7, instance_name='p24.txt');0.0;5.5750944738974795e-05;9.565375876263715e-06;0.00020854815375059843
Data(x=[24, 7], edge_index=[2, 14], edge_attr=[14, 6], y=0.0, custom_label=0.0, min_label=0, max_label=7, instance_name='p24.txt');0.0;1.041812822677457e-07;1.5459248459137598e-07;0.00011573643860174343
Data(x=[24, 7], edge_index=[2, 16], edge_attr=[16, 6], y=0.0, custom_label=0.0, min_label=0, max_label=8, instance_name='p25.txt');0.0;0.0005634959088638425;1.4209318806024385e-06;1.5602157873217948e-05
Data(x=[26, 7], edge_index=[2, 20], edge_attr=[20, 6], y=0.0, custom_label=0.0, min_label=0, max_label=8, instance_name='p25.txt');0.0;8.124615123961121e-05;1.5380398110664828e-07;0.00023004146351013333
Data(x=[27, 7], edge_index=[2, 18], edge_attr=[18, 6], y=0.0, custom_label=0.0, min_label=0, max_label=8, instance_name='p25.txt');0.0;4.1130715544568375e-07;1.0148919216135255e-07;0.14261645078659058
Data(x=[28, 7], edge_index=[2, 16], edge_attr=[16, 6], y=0.0, custom_label=0.0, min_label=0, max_label=8, instance_name='p25.txt');0.0;7.357859317380644e-07;2.399681022779987e-07;7.04021330122373e-09
Data(x=[25, 7], edge_index=[2, 18], edge_attr=[18, 6], y=0.0, custom_label=0.0, min_label=0, max_label=8, instance_name='p25.txt');0.0;1.116992916649906e-05;5.078111371403793e-06;0.00023004146351013333
Data(x=[26, 7], edge_index=[2, 18], edge_attr=[18, 6], y=0.0, custom_label=0.0, min_label=0, max_label=8, instance_name='p25.txt');0.0;1.621678347873967e-05;5.891600721952273e-06;7.04021330122373e-09
Data(x=[26, 7], edge_index=[2, 16], edge_attr=[16, 6], y=0.0, custom_label=0.0, min_label=0, max_label=8, instance_name='p25.txt');0.0;2.9513057597796433e-07;1.4269215853346395e-07;0.00016489948029629886
Data(x=[30, 7], edge_index=[2, 20], edge_attr=[20, 6], y=0.0, custom_label=0.0, min_label=0, max_label=8, instance_name='p25.txt');0.0;7.12793143975432e-06;3.996419195573253e-07;1.5547961806916533e-09
Data(x=[28, 7], edge_index=[2, 16], edge_attr=[16, 6], y=0.0, custom_label=0.0, min_label=0, max_label=8, instance_name='p25.txt');0.0;4.8761085054138675e-06;8.319548214785755e-07;0.14261645078659058
Data(x=[27, 7], edge_index=[2, 18], edge_attr=[18, 6], y=0.0, custom_label=0.0, min_label=0, max_label=8, instance_name='p25.txt');0.0;4.1130715544568375e-07;1.0148919216135255e-07;1.294617618441407e-06
Data(x=[25, 7], edge_index=[2, 20], edge_attr=[20, 6], y=0.0, custom_label=0.0, min_label=0, max_label=8, instance_name='p25.txt');0.0;1.2865088194757845e-07;2.7845699079875885e-08;8.048505980608189e-13
Data(x=[26, 7], edge_index=[2, 16], edge_attr=[16, 6], y=3.0, custom_label=0.375, min_label=0, max_label=8, instance_name='p25.txt');0.375;0.01876276358962059;0.013480559922754765;2.2667026033929005e-09
Data(x=[25, 7], edge_index=[2, 14], edge_attr=[14, 6], y=2.0, custom_label=0.25, min_label=0, max_label=8, instance_name='p25.txt');0.25;0.09759396314620972;0.04650895297527313;2.2667026033929005e-09
Data(x=[25, 7], edge_index=[2, 14], edge_attr=[14, 6], y=1.0, custom_label=0.125, min_label=0, max_label=8, instance_name='p25.txt');0.125;0.09759396314620972;0.04650895297527313;2.2667026033929005e-09
Data(x=[26, 7], edge_index=[2, 16], edge_attr=[16, 6], y=0.0, custom_label=0.0, min_label=0, max_label=8, instance_name='p25.txt');0.0;2.9513057597796433e-07;1.4269215853346395e-07;2.0138668510583102e-10
Data(x=[32, 7], edge_index=[2, 16], edge_attr=[16, 6], y=0.0, custom_label=0.0, min_label=0, max_label=8, instance_name='p25.txt');0.0;1.725908623484429e-05;1.6575089603065862e-06;0.006243646144866943
Data(x=[30, 7], edge_index=[2, 18], edge_attr=[18, 6], y=0.0, custom_label=0.0, min_label=0, max_label=8, instance_name='p25.txt');0.0;0.0003853522939607501;5.032446097175125e-06;0.14261645078659058
Data(x=[25, 7], edge_index=[2, 18], edge_attr=[18, 6], y=0.0, custom_label=0.0, min_label=0, max_label=8, instance_name='p25.txt');0.0;0.00012774310016538948;2.394129069216433e-06;2.267615461198333e-16
Data(x=[26, 7], edge_index=[2, 18], edge_attr=[18, 6], y=0.0, custom_label=0.0, min_label=0, max_label=8, instance_name='p25.txt');0.0;6.469941240538901e-07;1.3471584736635123e-07;0.00023004146351013333
Data(x=[29, 7], edge_index=[2, 18], edge_attr=[18, 6], y=0.0, custom_label=0.0, min_label=0, max_label=8, instance_name='p25.txt');0.0;9.808461527427426e-07;1.7148029485269944e-07;0.00023004146351013333
Data(x=[32, 7], edge_index=[2, 18], edge_attr=[18, 6], y=0.0, custom_label=0.0, min_label=0, max_label=8, instance_name='p25.txt');0.0;1.5471636288566515e-05;9.904459830067935e-07;0.14261645078659058
Data(x=[22, 7], edge_index=[2, 12], edge_attr=[12, 6], y=0.0, custom_label=0.0, min_label=0, max_label=8, instance_name='p25.txt');0.0;3.856841885863105e-07;8.270004059340863e-07;0.14261645078659058
Data(x=[31, 7], edge_index=[2, 16], edge_attr=[16, 6], y=8.0, custom_label=1.0, min_label=0, max_label=8, instance_name='p25.txt');1.0;0.1922827810049057;0.04659876599907875;0.14261645078659058
Data(x=[31, 7], edge_index=[2, 16], edge_attr=[16, 6], y=7.0, custom_label=0.875, min_label=0, max_label=8, instance_name='p25.txt');0.875;0.1922827810049057;0.04659876599907875;0.14261645078659058
Data(x=[31, 7], edge_index=[2, 16], edge_attr=[16, 6], y=6.0, custom_label=0.75, min_label=0, max_label=8, instance_name='p25.txt');0.75;0.1922827959060669;0.04659876599907875;0.14261645078659058
Data(x=[31, 7], edge_index=[2, 16], edge_attr=[16, 6], y=5.0, custom_label=0.625, min_label=0, max_label=8, instance_name='p25.txt');0.625;0.1922827810049057;0.04659876599907875;0.14261645078659058
Data(x=[31, 7], edge_index=[2, 16], edge_attr=[16, 6], y=4.0, custom_label=0.5, min_label=0, max_label=8, instance_name='p25.txt');0.5;0.1922827959060669;0.04659876599907875;0.14261645078659058
Data(x=[31, 7], edge_index=[2, 16], edge_attr=[16, 6], y=3.0, custom_label=0.375, min_label=0, max_label=8, instance_name='p25.txt');0.375;0.1922827810049057;0.04659876599907875;0.14261645078659058
Data(x=[31, 7], edge_index=[2, 16], edge_attr=[16, 6], y=2.0, custom_label=0.25, min_label=0, max_label=8, instance_name='p25.txt');0.25;0.1922827959060669;0.04659876599907875;0.14261645078659058
Data(x=[31, 7], edge_index=[2, 16], edge_attr=[16, 6], y=1.0, custom_label=0.125, min_label=0, max_label=8, instance_name='p25.txt');0.125;0.1922827810049057;0.04659876599907875;0.14261645078659058
Data(x=[32, 7], edge_index=[2, 18], edge_attr=[18, 6], y=0.0, custom_label=0.0, min_label=0, max_label=8, instance_name='p25.txt');0.0;4.6739249228267e-05;1.4581644336431054e-06;0.14261645078659058
Data(x=[30, 7], edge_index=[2, 14], edge_attr=[14, 6], y=0.0, custom_label=0.0, min_label=0, max_label=8, instance_name='p25.txt');0.0;1.0506993021408562e-05;2.081081902360893e-06;0.14261645078659058
Data(x=[27, 7], edge_index=[2, 16], edge_attr=[16, 6], y=0.0, custom_label=0.0, min_label=0, max_label=8, instance_name='p25.txt');0.0;3.368733814568259e-06;6.782684636164049e-07;2.3314388749662643e-14
Data(x=[27, 7], edge_index=[2, 16], edge_attr=[16, 6], y=0.0, custom_label=0.0, min_label=0, max_label=8, instance_name='p25.txt');0.0;0.0009937892900779843;2.4707958345970837e-06;0.14261645078659058
Data(x=[27, 7], edge_index=[2, 18], edge_attr=[18, 6], y=0.0, custom_label=0.0, min_label=0, max_label=8, instance_name='p25.txt');0.0;0.0008608280913904309;1.3421462199403322e-06;6.465290789492428e-05
Data(x=[25, 7], edge_index=[2, 18], edge_attr=[18, 6], y=0.0, custom_label=0.0, min_label=0, max_label=8, instance_name='p25.txt');0.0;1.2579664598888485e-06;2.190385686162699e-07;0.006243646144866943
Data(x=[27, 7], edge_index=[2, 20], edge_attr=[20, 6], y=0.0, custom_label=0.0, min_label=0, max_label=8, instance_name='p25.txt');0.0;0.00017797375039663166;1.809267700991768e-06;0.00023004146351013333
Data(x=[27, 7], edge_index=[2, 10], edge_attr=[10, 6], y=3.0, custom_label=0.375, min_label=0, max_label=8, instance_name='p25.txt');0.375;0.14583110809326172;0.0729333683848381;0.14261645078659058
Data(x=[27, 7], edge_index=[2, 10], edge_attr=[10, 6], y=2.0, custom_label=0.25, min_label=0, max_label=8, instance_name='p25.txt');0.25;0.14583110809326172;0.0729333683848381;0.14261645078659058
Data(x=[27, 7], edge_index=[2, 10], edge_attr=[10, 6], y=1.0, custom_label=0.125, min_label=0, max_label=8, instance_name='p25.txt');0.125;0.14583110809326172;0.0729333683848381;0.14261645078659058
Data(x=[28, 7], edge_index=[2, 12], edge_attr=[12, 6], y=0.0, custom_label=0.0, min_label=0, max_label=8, instance_name='p25.txt');0.0;1.3596343706012703e-05;4.6090981413726695e-06;0.14261645078659058
Data(x=[29, 7], edge_index=[2, 14], edge_attr=[14, 6], y=0.0, custom_label=0.0, min_label=0, max_label=8, instance_name='p25.txt');0.0;7.680008820898365e-06;1.7759864476829534e-06;0.00023004146351013333
Data(x=[32, 7], edge_index=[2, 18], edge_attr=[18, 6], y=5.0, custom_label=0.625, min_label=0, max_label=8, instance_name='p25.txt');0.625;0.023681482300162315;0.005455441307276487;0.006243646144866943
Data(x=[31, 7], edge_index=[2, 16], edge_attr=[16, 6], y=4.0, custom_label=0.5, min_label=0, max_label=8, instance_name='p25.txt');0.5;0.16328418254852295;0.13045074045658112;0.006243646144866943
Data(x=[30, 7], edge_index=[2, 14], edge_attr=[14, 6], y=3.0, custom_label=0.375, min_label=0, max_label=8, instance_name='p25.txt');0.375;0.3111511170864105;0.26159417629241943;0.006243646144866943
Data(x=[31, 7], edge_index=[2, 16], edge_attr=[16, 6], y=2.0, custom_label=0.25, min_label=0, max_label=8, instance_name='p25.txt');0.25;0.10165524482727051;0.02169484831392765;0.006243646144866943
Data(x=[31, 7], edge_index=[2, 16], edge_attr=[16, 6], y=1.0, custom_label=0.125, min_label=0, max_label=8, instance_name='p25.txt');0.125;0.10165522992610931;0.021694853901863098;0.006243646144866943
Data(x=[32, 7], edge_index=[2, 18], edge_attr=[18, 6], y=0.0, custom_label=0.0, min_label=0, max_label=8, instance_name='p25.txt');0.0;2.9463610644597793e-06;3.323730481952225e-07;0.006243646144866943
Data(x=[27, 7], edge_index=[2, 24], edge_attr=[24, 6], y=0.0, custom_label=0.0, min_label=0, max_label=8, instance_name='p25.txt');0.0;0.022271182388067245;1.943853931152262e-06;9.514184145381632e-13
Data(x=[30, 7], edge_index=[2, 16], edge_attr=[16, 6], y=0.0, custom_label=0.0, min_label=0, max_label=8, instance_name='p25.txt');0.0;9.558300007483922e-06;1.2015900665574009e-06;0.00020854815375059843
Data(x=[25, 7], edge_index=[2, 18], edge_attr=[18, 6], y=0.0, custom_label=0.0, min_label=0, max_label=8, instance_name='p25.txt');0.0;1.2579664598888485e-06;2.1903838387515862e-07;0.006243646144866943
Data(x=[27, 7], edge_index=[2, 14], edge_attr=[14, 6], y=0.0, custom_label=0.0, min_label=0, max_label=8, instance_name='p25.txt');0.0;3.827173713943921e-06;1.2486459581850795e-06;0.14261645078659058
Data(x=[29, 7], edge_index=[2, 16], edge_attr=[16, 6], y=0.0, custom_label=0.0, min_label=0, max_label=8, instance_name='p25.txt');0.0;1.1081355069109122e-06;3.029378206065303e-07;0.14261645078659058
Data(x=[26, 7], edge_index=[2, 18], edge_attr=[18, 6], y=0.0, custom_label=0.0, min_label=0, max_label=8, instance_name='p25.txt');0.0;2.533226677314815e-07;7.571266280592681e-08;0.00011573643860174343
Data(x=[33, 7], edge_index=[2, 14], edge_attr=[14, 6], y=7.0, custom_label=0.875, min_label=0, max_label=8, instance_name='p25.txt');0.875;0.096585713326931;0.02726748399436474;1.7557023966219276e-05
Data(x=[33, 7], edge_index=[2, 14], edge_attr=[14, 6], y=6.0, custom_label=0.75, min_label=0, max_label=8, instance_name='p25.txt');0.75;0.096585713326931;0.02726748399436474;1.7557023966219276e-05
Data(x=[33, 7], edge_index=[2, 14], edge_attr=[14, 6], y=5.0, custom_label=0.625, min_label=0, max_label=8, instance_name='p25.txt');0.625;0.096585713326931;0.02726748399436474;1.7557023966219276e-05
Data(x=[33, 7], edge_index=[2, 14], edge_attr=[14, 6], y=4.0, custom_label=0.5, min_label=0, max_label=8, instance_name='p25.txt');0.5;0.096585713326931;0.02726748399436474;1.7557023966219276e-05
Data(x=[33, 7], edge_index=[2, 14], edge_attr=[14, 6], y=3.0, custom_label=0.375, min_label=0, max_label=8, instance_name='p25.txt');0.375;0.096585713326931;0.027267498895525932;1.7557023966219276e-05
Data(x=[33, 7], edge_index=[2, 14], edge_attr=[14, 6], y=2.0, custom_label=0.25, min_label=0, max_label=8, instance_name='p25.txt');0.25;0.14319530129432678;0.12125387787818909;1.7557023966219276e-05
Data(x=[33, 7], edge_index=[2, 14], edge_attr=[14, 6], y=1.0, custom_label=0.125, min_label=0, max_label=8, instance_name='p25.txt');0.125;0.096585713326931;0.027267498895525932;1.7557023966219276e-05
Data(x=[34, 7], edge_index=[2, 16], edge_attr=[16, 6], y=0.0, custom_label=0.0, min_label=0, max_label=8, instance_name='p25.txt');0.0;5.814499218104174e-06;7.878961127971706e-07;1.7557023966219276e-05
Data(x=[22, 7], edge_index=[2, 14], edge_attr=[14, 6], y=0.0, custom_label=0.0, min_label=0, max_label=8, instance_name='p25.txt');0.0;3.9023271369842405e-07;3.9105046312215563e-07;0.006243646144866943
Data(x=[24, 7], edge_index=[2, 16], edge_attr=[16, 6], y=0.0, custom_label=0.0, min_label=0, max_label=8, instance_name='p25.txt');0.0;9.297523320128676e-07;3.311220950763527e-07;0.00020854815375059843
Data(x=[29, 7], edge_index=[2, 12], edge_attr=[12, 6], y=0.0, custom_label=0.0, min_label=0, max_label=8, instance_name='p25.txt');0.0;7.340418505918933e-06;3.1347130970971193e-06;0.14261645078659058
Data(x=[32, 7], edge_index=[2, 20], edge_attr=[20, 6], y=0.0, custom_label=0.0, min_label=0, max_label=8, instance_name='p25.txt');0.0;7.430624100379646e-05;6.909598141646711e-06;2.0138668510583102e-10
Data(x=[27, 7], edge_index=[2, 14], edge_attr=[14, 6], y=6.0, custom_label=0.75, min_label=0, max_label=8, instance_name='p25.txt');0.75;0.09760691970586777;0.04247552528977394;0.00020854815375059843
Data(x=[26, 7], edge_index=[2, 12], edge_attr=[12, 6], y=5.0, custom_label=0.625, min_label=0, max_label=8, instance_name='p25.txt');0.625;0.15521933138370514;0.08049695938825607;0.00020854815375059843
Data(x=[26, 7], edge_index=[2, 12], edge_attr=[12, 6], y=4.0, custom_label=0.5, min_label=0, max_label=8, instance_name='p25.txt');0.5;0.15521933138370514;0.08049695938825607;0.00020854815375059843
Data(x=[26, 7], edge_index=[2, 12], edge_attr=[12, 6], y=3.0, custom_label=0.375, min_label=0, max_label=8, instance_name='p25.txt');0.375;0.15521933138370514;0.08049695938825607;0.00020854815375059843
Data(x=[26, 7], edge_index=[2, 12], edge_attr=[12, 6], y=2.0, custom_label=0.25, min_label=0, max_label=8, instance_name='p25.txt');0.25;0.15521933138370514;0.08049695938825607;0.00020854815375059843
Data(x=[26, 7], edge_index=[2, 12], edge_attr=[12, 6], y=1.0, custom_label=0.125, min_label=0, max_label=8, instance_name='p25.txt');0.125;0.1851271390914917;0.10995654761791229;0.00020854815375059843
Data(x=[27, 7], edge_index=[2, 14], edge_attr=[14, 6], y=0.0, custom_label=0.0, min_label=0, max_label=8, instance_name='p25.txt');0.0;3.274211485404521e-05;2.3042124666972086e-05;0.00020854815375059843
Data(x=[29, 7], edge_index=[2, 18], edge_attr=[18, 6], y=0.0, custom_label=0.0, min_label=0, max_label=8, instance_name='p25.txt');0.0;9.808461527427426e-07;1.7148029485269944e-07;1.4209494691996838e-09
Data(x=[26, 7], edge_index=[2, 14], edge_attr=[14, 6], y=0.0, custom_label=0.0, min_label=0, max_label=8, instance_name='p25.txt');0.0;2.595282239781227e-06;1.0259150258207228e-06;0.14261645078659058
Data(x=[28, 7], edge_index=[2, 18], edge_attr=[18, 6], y=0.0, custom_label=0.0, min_label=0, max_label=8, instance_name='p25.txt');0.0;0.0010252554202452302;1.6066139778558863e-06;0.14261645078659058
Data(x=[33, 7], edge_index=[2, 18], edge_attr=[18, 6], y=0.0, custom_label=0.0, min_label=0, max_label=8, instance_name='p25.txt');0.0;8.672341209603474e-06;6.373334713316581e-07;1.7557023966219276e-05
Data(x=[30, 7], edge_index=[2, 18], edge_attr=[18, 6], y=0.0, custom_label=0.0, min_label=0, max_label=8, instance_name='p25.txt');0.0;5.5750944738974795e-05;9.565375876263715e-06;0.00020854815375059843
Data(x=[30, 7], edge_index=[2, 22], edge_attr=[22, 6], y=2.0, custom_label=0.25, min_label=0, max_label=8, instance_name='p25.txt');0.25;0.1569012701511383;0.02429768070578575;0.14261645078659058
Data(x=[29, 7], edge_index=[2, 20], edge_attr=[20, 6], y=1.0, custom_label=0.125, min_label=0, max_label=8, instance_name='p25.txt');0.125;0.16988222301006317;0.06412771344184875;4.6103146300602305e-10
Data(x=[30, 7], edge_index=[2, 22], edge_attr=[22, 6], y=0.0, custom_label=0.0, min_label=0, max_label=8, instance_name='p25.txt');0.0;0.0002780805225484073;1.6776964457676513e-06;0.14261645078659058
Data(x=[23, 7], edge_index=[2, 18], edge_attr=[18, 6], y=0.0, custom_label=0.0, min_label=0, max_label=8, instance_name='p25.txt');0.0;4.6594980318559465e-08;2.6637275496455004e-08;4.888861582230675e-08
Data(x=[30, 7], edge_index=[2, 16], edge_attr=[16, 6], y=0.0, custom_label=0.0, min_label=0, max_label=8, instance_name='p25.txt');0.0;1.6244441667367937e-06;3.765360361285275e-07;0.004510927479714155
Data(x=[28, 7], edge_index=[2, 16], edge_attr=[16, 6], y=1.0, custom_label=0.125, min_label=0, max_label=8, instance_name='p25.txt');0.125;0.1598927229642868;0.04577629268169403;0.00023004146351013333
Data(x=[29, 7], edge_index=[2, 18], edge_attr=[18, 6], y=0.0, custom_label=0.0, min_label=0, max_label=8, instance_name='p25.txt');0.0;6.113669769547414e-06;5.700628094018612e-07;6.465290789492428e-05
Data(x=[29, 7], edge_index=[2, 18], edge_attr=[18, 6], y=0.0, custom_label=0.0, min_label=0, max_label=8, instance_name='p25.txt');0.0;9.808461527427426e-07;1.7148029485269944e-07;0.14261645078659058
Data(x=[28, 7], edge_index=[2, 14], edge_attr=[14, 6], y=6.0, custom_label=0.75, min_label=0, max_label=8, instance_name='p25.txt');0.75;0.18442028760910034;0.10766220092773438;0.14261645078659058
Data(x=[28, 7], edge_index=[2, 14], edge_attr=[14, 6], y=5.0, custom_label=0.625, min_label=0, max_label=8, instance_name='p25.txt');0.625;0.18442024290561676;0.10766220092773438;0.14261645078659058
Data(x=[28, 7], edge_index=[2, 14], edge_attr=[14, 6], y=4.0, custom_label=0.5, min_label=0, max_label=8, instance_name='p25.txt');0.5;0.18442028760910034;0.10766220092773438;0.14261645078659058
Data(x=[28, 7], edge_index=[2, 14], edge_attr=[14, 6], y=3.0, custom_label=0.375, min_label=0, max_label=8, instance_name='p25.txt');0.375;0.18442024290561676;0.10766220092773438;0.14261645078659058
Data(x=[28, 7], edge_index=[2, 14], edge_attr=[14, 6], y=2.0, custom_label=0.25, min_label=0, max_label=8, instance_name='p25.txt');0.25;0.18442028760910034;0.10766220092773438;0.14261645078659058
Data(x=[28, 7], edge_index=[2, 14], edge_attr=[14, 6], y=1.0, custom_label=0.125, min_label=0, max_label=8, instance_name='p25.txt');0.125;0.18442024290561676;0.10766220092773438;0.14261645078659058
Data(x=[29, 7], edge_index=[2, 16], edge_attr=[16, 6], y=0.0, custom_label=0.0, min_label=0, max_label=8, instance_name='p25.txt');0.0;6.898943865962792e-06;1.0061920647785882e-06;0.14261645078659058
Data(x=[34, 7], edge_index=[2, 18], edge_attr=[18, 6], y=1.0, custom_label=0.125, min_label=0, max_label=8, instance_name='p25.txt');0.125;0.026250343769788742;0.004678112920373678;4.888861582230675e-08
Data(x=[34, 7], edge_index=[2, 18], edge_attr=[18, 6], y=0.0, custom_label=0.0, min_label=0, max_label=8, instance_name='p25.txt');0.0;1.1550430826900993e-05;7.54685572701419e-07;4.888861582230675e-08
Data(x=[28, 7], edge_index=[2, 10], edge_attr=[10, 6], y=5.0, custom_label=0.625, min_label=0, max_label=8, instance_name='p25.txt');0.625;0.3225187659263611;0.26145899295806885;0.14261645078659058
Data(x=[29, 7], edge_index=[2, 12], edge_attr=[12, 6], y=4.0, custom_label=0.5, min_label=0, max_label=8, instance_name='p25.txt');0.5;0.15084843337535858;0.0725393146276474;0.14261645078659058
Data(x=[28, 7], edge_index=[2, 10], edge_attr=[10, 6], y=3.0, custom_label=0.375, min_label=0, max_label=8, instance_name='p25.txt');0.375;0.3225187659263611;0.26145899295806885;0.14261645078659058
Data(x=[29, 7], edge_index=[2, 12], edge_attr=[12, 6], y=2.0, custom_label=0.25, min_label=0, max_label=8, instance_name='p25.txt');0.25;0.15084843337535858;0.0725393146276474;0.14261645078659058
Data(x=[29, 7], edge_index=[2, 12], edge_attr=[12, 6], y=1.0, custom_label=0.125, min_label=0, max_label=8, instance_name='p25.txt');0.125;0.15084843337535858;0.0725393295288086;0.14261645078659058
Data(x=[30, 7], edge_index=[2, 14], edge_attr=[14, 6], y=0.0, custom_label=0.0, min_label=0, max_label=8, instance_name='p25.txt');0.0;1.0506983016966842e-05;2.081081902360893e-06;0.14261645078659058
Data(x=[31, 7], edge_index=[2, 18], edge_attr=[18, 6], y=0.0, custom_label=0.0, min_label=0, max_label=6, instance_name='p26.txt');0.0;2.09089898817183e-06;2.7039760652769473e-07;0.14261645078659058
Data(x=[27, 7], edge_index=[2, 12], edge_attr=[12, 6], y=0.0, custom_label=0.0, min_label=0, max_label=6, instance_name='p26.txt');0.0;3.7258753309288295e-06;2.2986644125921885e-06;0.14261645078659058
Data(x=[27, 7], edge_index=[2, 16], edge_attr=[16, 6], y=0.0, custom_label=0.0, min_label=0, max_label=6, instance_name='p26.txt');0.0;4.73952752599871e-07;1.868351091616205e-07;0.14261645078659058
Data(x=[25, 7], edge_index=[2, 18], edge_attr=[18, 6], y=0.0, custom_label=0.0, min_label=0, max_label=6, instance_name='p26.txt');0.0;1.506712834498103e-07;5.517450674119573e-08;4.681113239257684e-07
Data(x=[30, 7], edge_index=[2, 16], edge_attr=[16, 6], y=0.0, custom_label=0.0, min_label=0, max_label=6, instance_name='p26.txt');0.0;9.558290912536904e-06;1.2015889296890236e-06;0.14261645078659058
Data(x=[24, 7], edge_index=[2, 12], edge_attr=[12, 6], y=2.0, custom_label=0.33333334, min_label=0, max_label=6, instance_name='p26.txt');0.3333333432674408;0.1299583613872528;0.1398036926984787;0.00020854815375059843
Data(x=[24, 7], edge_index=[2, 12], edge_attr=[12, 6], y=1.0, custom_label=0.16666667, min_label=0, max_label=6, instance_name='p26.txt');0.1666666716337204;0.08048436045646667;0.06354805082082748;0.00020854815375059843
Data(x=[25, 7], edge_index=[2, 14], edge_attr=[14, 6], y=0.0, custom_label=0.0, min_label=0, max_label=6, instance_name='p26.txt');0.0;1.7946659625067696e-07;2.0616703011455684e-07;0.00020854815375059843
Data(x=[25, 7], edge_index=[2, 14], edge_attr=[14, 6], y=0.0, custom_label=0.0, min_label=0, max_label=6, instance_name='p26.txt');0.0;1.7060677919289446e-06;8.29771806820645e-07;6.465290789492428e-05
Data(x=[31, 7], edge_index=[2, 16], edge_attr=[16, 6], y=0.0, custom_label=0.0, min_label=0, max_label=6, instance_name='p26.txt');0.0;5.085846169095021e-06;7.482600494768121e-07;1.0964547072944697e-05
Data(x=[26, 7], edge_index=[2, 14], edge_attr=[14, 6], y=0.0, custom_label=0.0, min_label=0, max_label=6, instance_name='p26.txt');0.0;2.5952849682653323e-06;1.0259160490022623e-06;0.14261645078659058
Data(x=[29, 7], edge_index=[2, 20], edge_attr=[20, 6], y=0.0, custom_label=0.0, min_label=0, max_label=6, instance_name='p26.txt');0.0;5.0096582526748534e-06;3.204388008271053e-07;1.7557023966219276e-05
Data(x=[30, 7], edge_index=[2, 16], edge_attr=[16, 6], y=0.0, custom_label=0.0, min_label=0, max_label=6, instance_name='p26.txt');0.0;1.6244441667367937e-06;3.765360361285275e-07;4.0661007894016166e-09
Data(x=[26, 7], edge_index=[2, 14], edge_attr=[14, 6], y=0.0, custom_label=0.0, min_label=0, max_label=6, instance_name='p26.txt');0.0;2.9473622475961747e-07;2.6892530513578095e-07;0.14261645078659058
Data(x=[27, 7], edge_index=[2, 12], edge_attr=[12, 6], y=0.0, custom_label=0.0, min_label=0, max_label=6, instance_name='p26.txt');0.0;9.910413609759416e-06;4.003650701633887e-06;0.14261645078659058
Data(x=[28, 7], edge_index=[2, 16], edge_attr=[16, 6], y=0.0, custom_label=0.0, min_label=0, max_label=6, instance_name='p26.txt');0.0;7.357866707025096e-07;2.399683012299647e-07;6.465290789492428e-05
Data(x=[34, 7], edge_index=[2, 18], edge_attr=[18, 6], y=0.0, custom_label=0.0, min_label=0, max_label=6, instance_name='p26.txt');0.0;5.5116042858571745e-06;4.842340217692254e-07;6.465290789492428e-05
Data(x=[33, 7], edge_index=[2, 16], edge_attr=[16, 6], y=0.0, custom_label=0.0, min_label=0, max_label=6, instance_name='p26.txt');0.0;2.2577180061489344e-05;1.9184703887731303e-06;0.14261645078659058
Data(x=[29, 7], edge_index=[2, 14], edge_attr=[14, 6], y=0.0, custom_label=0.0, min_label=0, max_label=6, instance_name='p26.txt');0.0;1.0621546380207292e-06;5.347029059521446e-07;6.465290789492428e-05
Data(x=[26, 7], edge_index=[2, 18], edge_attr=[18, 6], y=0.0, custom_label=0.0, min_label=0, max_label=6, instance_name='p26.txt');0.0;0.0007173577323555946;1.1058067457270226e-06;1.6932796831348185e-10
Data(x=[29, 7], edge_index=[2, 18], edge_attr=[18, 6], y=0.0, custom_label=0.0, min_label=0, max_label=6, instance_name='p26.txt');0.0;6.113669769547414e-06;5.700617293769028e-07;0.006243646144866943
Data(x=[26, 7], edge_index=[2, 16], edge_attr=[16, 6], y=0.0, custom_label=0.0, min_label=0, max_label=6, instance_name='p26.txt');0.0;2.9513057597796433e-07;1.4269215853346395e-07;0.14261645078659058
Data(x=[28, 7], edge_index=[2, 18], edge_attr=[18, 6], y=2.0, custom_label=0.33333334, min_label=0, max_label=6, instance_name='p26.txt');0.3333333432674408;0.08784771710634232;0.015306539833545685;1.3632333661917073e-07
Data(x=[27, 7], edge_index=[2, 16], edge_attr=[16, 6], y=1.0, custom_label=0.16666667, min_label=0, max_label=6, instance_name='p26.txt');0.1666666716337204;0.1567772775888443;0.04786716029047966;1.3632333661917073e-07
Data(x=[28, 7], edge_index=[2, 18], edge_attr=[18, 6], y=0.0, custom_label=0.0, min_label=0, max_label=6, instance_name='p26.txt');0.0;4.29247575084446e-06;4.6187824409571476e-07;1.3632333661917073e-07
Data(x=[30, 7], edge_index=[2, 18], edge_attr=[18, 6], y=0.0, custom_label=0.0, min_label=0, max_label=6, instance_name='p26.txt');0.0;8.504644938511774e-06;6.937812599971949e-07;1.0707369435536407e-09
Data(x=[27, 7], edge_index=[2, 14], edge_attr=[14, 6], y=3.0, custom_label=0.5, min_label=0, max_label=6, instance_name='p26.txt');0.5;0.09760694950819016;0.04247552528977394;6.465290789492428e-05
Data(x=[27, 7], edge_index=[2, 14], edge_attr=[14, 6], y=2.0, custom_label=0.33333334, min_label=0, max_label=6, instance_name='p26.txt');0.3333333432674408;0.15391981601715088;0.1428302675485611;6.465290789492428e-05
Data(x=[27, 7], edge_index=[2, 14], edge_attr=[14, 6], y=1.0, custom_label=0.16666667, min_label=0, max_label=6, instance_name='p26.txt');0.1666666716337204;0.161275714635849;0.09412629157304764;0.14261645078659058
Data(x=[28, 7], edge_index=[2, 16], edge_attr=[16, 6], y=0.0, custom_label=0.0, min_label=0, max_label=6, instance_name='p26.txt');0.0;7.357866707025096e-07;2.399683012299647e-07;6.465290789492428e-05
Data(x=[25, 7], edge_index=[2, 16], edge_attr=[16, 6], y=0.0, custom_label=0.0, min_label=0, max_label=6, instance_name='p26.txt');0.0;1.7672263652457332e-07;1.0665432625955873e-07;5.735419361663219e-10
Data(x=[32, 7], edge_index=[2, 20], edge_attr=[20, 6], y=0.0, custom_label=0.0, min_label=0, max_label=6, instance_name='p26.txt');0.0;5.748140210926067e-06;3.1750758466841944e-07;0.00023004146351013333
Data(x=[31, 7], edge_index=[2, 18], edge_attr=[18, 6], y=0.0, custom_label=0.0, min_label=0, max_label=6, instance_name='p26.txt');0.0;4.627931957656983e-06;4.397582813453482e-07;0.00020854815375059843
Data(x=[24, 7], edge_index=[2, 14], edge_attr=[14, 6], y=0.0, custom_label=0.0, min_label=0, max_label=6, instance_name='p26.txt');0.0;1.041812822677457e-07;1.5459248459137598e-07;0.14261645078659058
Data(x=[30, 7], edge_index=[2, 12], edge_attr=[12, 6], y=0.0, custom_label=0.0, min_label=0, max_label=6, instance_name='p26.txt');0.0;9.959596354747191e-06;3.6043095406057546e-06;0.14261645078659058
Data(x=[28, 7], edge_index=[2, 16], edge_attr=[16, 6], y=0.0, custom_label=0.0, min_label=0, max_label=6, instance_name='p26.txt');0.0;7.357866707025096e-07;2.399683012299647e-07;0.00023004146351013333
Data(x=[23, 7], edge_index=[2, 14], edge_attr=[14, 6], y=0.0, custom_label=0.0, min_label=0, max_label=6, instance_name='p26.txt');0.0;6.667506227131526e-07;5.135835863256943e-07;6.465290789492428e-05
Data(x=[23, 7], edge_index=[2, 16], edge_attr=[16, 6], y=0.0, custom_label=0.0, min_label=0, max_label=6, instance_name='p26.txt');0.0;5.54223689164246e-08;5.5227356909881564e-08;3.481605745037086e-05
Data(x=[29, 7], edge_index=[2, 18], edge_attr=[18, 6], y=0.0, custom_label=0.0, min_label=0, max_label=6, instance_name='p26.txt');0.0;9.80845129561203e-07;1.7148029485269944e-07;0.14261645078659058
Data(x=[27, 7], edge_index=[2, 18], edge_attr=[18, 6], y=0.0, custom_label=0.0, min_label=0, max_label=6, instance_name='p26.txt');0.0;0.0008608280913904309;1.3421462199403322e-06;1.7557023966219276e-05
Data(x=[31, 7], edge_index=[2, 14], edge_attr=[14, 6], y=0.0, custom_label=0.0, min_label=0, max_label=6, instance_name='p26.txt');0.0;1.3986186786496546e-05;2.4137809759849915e-06;1.7557023966219276e-05
Data(x=[26, 7], edge_index=[2, 16], edge_attr=[16, 6], y=0.0, custom_label=0.0, min_label=0, max_label=6, instance_name='p26.txt');0.0;2.9513057597796433e-07;1.4269215853346395e-07;2.7554847292776685e-08
Data(x=[28, 7], edge_index=[2, 12], edge_attr=[12, 6], y=0.0, custom_label=0.0, min_label=0, max_label=6, instance_name='p26.txt');0.0;5.2933869483240414e-06;2.6992456696461886e-06;1.7557023966219276e-05
Data(x=[24, 7], edge_index=[2, 18], edge_attr=[18, 6], y=0.0, custom_label=0.0, min_label=0, max_label=6, instance_name='p26.txt');0.0;9.71226254478097e-05;1.9883329969161423e-06;0.14261645078659058
Data(x=[20, 7], edge_index=[2, 18], edge_attr=[18, 6], y=0.0, custom_label=0.0, min_label=0, max_label=6, instance_name='p26.txt');0.0;5.228839139448382e-09;6.675183072957225e-09;5.480726549683679e-13
Data(x=[28, 7], edge_index=[2, 16], edge_attr=[16, 6], y=0.0, custom_label=0.0, min_label=0, max_label=6, instance_name='p26.txt');0.0;4.8761085054138675e-06;8.319548214785755e-07;0.14261645078659058
Data(x=[25, 7], edge_index=[2, 14], edge_attr=[14, 6], y=0.0, custom_label=0.0, min_label=0, max_label=6, instance_name='p26.txt');0.0;1.7060677919289446e-06;8.29771806820645e-07;1.7557023966219276e-05
Data(x=[33, 7], edge_index=[2, 22], edge_attr=[22, 6], y=0.0, custom_label=0.0, min_label=0, max_label=6, instance_name='p26.txt');0.0;0.001590828993357718;1.2352797966741491e-06;0.00023004146351013333
Data(x=[28, 7], edge_index=[2, 18], edge_attr=[18, 6], y=0.0, custom_label=0.0, min_label=0, max_label=6, instance_name='p26.txt');0.0;6.450940759350487e-07;1.3322383551894745e-07;6.465290789492428e-05
Data(x=[31, 7], edge_index=[2, 20], edge_attr=[20, 6], y=0.0, custom_label=0.0, min_label=0, max_label=6, instance_name='p26.txt');0.0;0.000264551694272086;4.914516011922387e-07;0.14261645078659058
Data(x=[29, 7], edge_index=[2, 18], edge_attr=[18, 6], y=0.0, custom_label=0.0, min_label=0, max_label=6, instance_name='p26.txt');0.0;9.808461527427426e-07;1.7148029485269944e-07;0.00016489948029629886
Data(x=[32, 7], edge_index=[2, 20], edge_attr=[20, 6], y=0.0, custom_label=0.0, min_label=0, max_label=6, instance_name='p26.txt');0.0;2.6426237127452623e-06;1.981520938443282e-07;0.14261645078659058
Data(x=[25, 7], edge_index=[2, 14], edge_attr=[14, 6], y=4.0, custom_label=0.6666667, min_label=0, max_label=6, instance_name='p26.txt');0.6666666865348816;0.017023688182234764;0.0247255377471447;0.14261645078659058
Data(x=[24, 7], edge_index=[2, 12], edge_attr=[12, 6], y=3.0, custom_label=0.5, min_label=0, max_label=6, instance_name='p26.txt');0.5;0.08048436045646667;0.06354806572198868;0.14261645078659058
Data(x=[24, 7], edge_index=[2, 12], edge_attr=[12, 6], y=2.0, custom_label=0.33333334, min_label=0, max_label=6, instance_name='p26.txt');0.3333333432674408;0.129958376288414;0.1398036926984787;0.14261645078659058
Data(x=[24, 7], edge_index=[2, 12], edge_attr=[12, 6], y=1.0, custom_label=0.16666667, min_label=0, max_label=6, instance_name='p26.txt');0.1666666716337204;0.14435026049613953;0.09906388074159622;0.14261645078659058
Data(x=[25, 7], edge_index=[2, 14], edge_attr=[14, 6], y=0.0, custom_label=0.0, min_label=0, max_label=6, instance_name='p26.txt');0.0;1.7946659625067696e-07;2.0616703011455684e-07;0.14261645078659058
Data(x=[28, 7], edge_index=[2, 22], edge_attr=[22, 6], y=6.0, custom_label=1.0, min_label=0, max_label=6, instance_name='p26.txt');1.0;0.25311389565467834;0.09128251671791077;0.14261645078659058
Data(x=[28, 7], edge_index=[2, 22], edge_attr=[22, 6], y=5.0, custom_label=0.8333333, min_label=0, max_label=6, instance_name='p26.txt');0.8333333134651184;0.25311389565467834;0.09128251671791077;0.14261645078659058
Data(x=[28, 7], edge_index=[2, 22], edge_attr=[22, 6], y=4.0, custom_label=0.6666667, min_label=0, max_label=6, instance_name='p26.txt');0.6666666865348816;0.25311389565467834;0.09128253906965256;0.14261645078659058
Data(x=[28, 7], edge_index=[2, 22], edge_attr=[22, 6], y=3.0, custom_label=0.5, min_label=0, max_label=6, instance_name='p26.txt');0.5;0.23087462782859802;0.1311466097831726;0.14261645078659058
Data(x=[28, 7], edge_index=[2, 22], edge_attr=[22, 6], y=2.0, custom_label=0.33333334, min_label=0, max_label=6, instance_name='p26.txt');0.3333333432674408;0.25311389565467834;0.09128253906965256;0.14261645078659058
Data(x=[28, 7], edge_index=[2, 22], edge_attr=[22, 6], y=1.0, custom_label=0.16666667, min_label=0, max_label=6, instance_name='p26.txt');0.1666666716337204;0.25311389565467834;0.09128253906965256;0.14261645078659058
Data(x=[28, 7], edge_index=[2, 18], edge_attr=[18, 6], y=0.0, custom_label=0.0, min_label=0, max_label=6, instance_name='p26.txt');0.0;0.0010252554202452302;1.6066170474005048e-06;0.14261645078659058
Data(x=[32, 7], edge_index=[2, 16], edge_attr=[16, 6], y=0.0, custom_label=0.0, min_label=0, max_label=6, instance_name='p26.txt');0.0;1.725908623484429e-05;1.6575089603065862e-06;0.006243646144866943
Data(x=[26, 7], edge_index=[2, 12], edge_attr=[12, 6], y=0.0, custom_label=0.0, min_label=0, max_label=6, instance_name='p26.txt');0.0;2.5526571789669106e-06;1.93349319488334e-06;0.14261645078659058
Data(x=[30, 7], edge_index=[2, 24], edge_attr=[24, 6], y=0.0, custom_label=0.0, min_label=0, max_label=6, instance_name='p26.txt');0.0;0.022322652861475945;4.288014281428332e-07;0.14261645078659058
Data(x=[27, 7], edge_index=[2, 12], edge_attr=[12, 6], y=2.0, custom_label=0.33333334, min_label=0, max_label=6, instance_name='p26.txt');0.3333333432674408;0.0808311253786087;0.05830676481127739;1.7557023966219276e-05
Data(x=[26, 7], edge_index=[2, 10], edge_attr=[10, 6], y=1.0, custom_label=0.16666667, min_label=0, max_label=6, instance_name='p26.txt');0.1666666716337204;0.12820763885974884;0.0813603326678276;1.7557023966219276e-05
Data(x=[27, 7], edge_index=[2, 12], edge_attr=[12, 6], y=0.0, custom_label=0.0, min_label=0, max_label=6, instance_name='p26.txt');0.0;9.910413609759416e-06;4.003650701633887e-06;0.14261645078659058
Data(x=[24, 7], edge_index=[2, 16], edge_attr=[16, 6], y=0.0, custom_label=0.0, min_label=0, max_label=6, instance_name='p26.txt');0.0;0.00010816966096172109;3.950529389840085e-06;0.14261645078659058
Data(x=[30, 7], edge_index=[2, 16], edge_attr=[16, 6], y=0.0, custom_label=0.0, min_label=0, max_label=6, instance_name='p26.txt');0.0;1.6244441667367937e-06;3.765360361285275e-07;6.035654753766551e-10
Data(x=[26, 7], edge_index=[2, 20], edge_attr=[20, 6], y=0.0, custom_label=0.0, min_label=0, max_label=6, instance_name='p26.txt');0.0;0.0005792130250483751;5.867428285455389e-07;0.00023004146351013333
Data(x=[33, 7], edge_index=[2, 18], edge_attr=[18, 6], y=6.0, custom_label=1.0, min_label=0, max_label=6, instance_name='p26.txt');1.0;0.20588350296020508;0.02836507372558117;1.4944664429583643e-12
Data(x=[33, 7], edge_index=[2, 18], edge_attr=[18, 6], y=5.0, custom_label=0.8333333, min_label=0, max_label=6, instance_name='p26.txt');0.8333333134651184;0.20588351786136627;0.02836507372558117;1.4944664429583643e-12
Data(x=[33, 7], edge_index=[2, 18], edge_attr=[18, 6], y=4.0, custom_label=0.6666667, min_label=0, max_label=6, instance_name='p26.txt');0.6666666865348816;0.22805283963680267;0.0760425552725792;1.4944664429583643e-12
Data(x=[33, 7], edge_index=[2, 18], edge_attr=[18, 6], y=3.0, custom_label=0.5, min_label=0, max_label=6, instance_name='p26.txt');0.5;0.20588350296020508;0.02836506813764572;1.4944664429583643e-12
Data(x=[33, 7], edge_index=[2, 18], edge_attr=[18, 6], y=2.0, custom_label=0.33333334, min_label=0, max_label=6, instance_name='p26.txt');0.3333333432674408;0.22320568561553955;0.12317587435245514;1.4944664429583643e-12
Data(x=[33, 7], edge_index=[2, 18], edge_attr=[18, 6], y=1.0, custom_label=0.16666667, min_label=0, max_label=6, instance_name='p26.txt');0.1666666716337204;0.20588350296020508;0.02836506813764572;1.4944664429583643e-12
Data(x=[34, 7], edge_index=[2, 20], edge_attr=[20, 6], y=0.0, custom_label=0.0, min_label=0, max_label=6, instance_name='p26.txt');0.0;0.00045938295079395175;8.358324521395843e-07;1.4944664429583643e-12
Data(x=[33, 7], edge_index=[2, 20], edge_attr=[20, 6], y=0.0, custom_label=0.0, min_label=0, max_label=6, instance_name='p26.txt');0.0;7.944415301608387e-06;3.85964540328132e-07;1.0707369435536407e-09
Data(x=[28, 7], edge_index=[2, 14], edge_attr=[14, 6], y=0.0, custom_label=0.0, min_label=0, max_label=6, instance_name='p26.txt');0.0;7.147700102905219e-07;4.3224036971878377e-07;0.006243646144866943
Data(x=[34, 7], edge_index=[2, 18], edge_attr=[18, 6], y=0.0, custom_label=0.0, min_label=0, max_label=6, instance_name='p26.txt');0.0;5.5116042858571745e-06;4.842340217692254e-07;0.14261645078659058
Data(x=[30, 7], edge_index=[2, 14], edge_attr=[14, 6], y=0.0, custom_label=0.0, min_label=0, max_label=6, instance_name='p26.txt');0.0;1.0506983016966842e-05;2.081081902360893e-06;3.3938665637833765e-06
Data(x=[28, 7], edge_index=[2, 16], edge_attr=[16, 6], y=0.0, custom_label=0.0, min_label=0, max_label=6, instance_name='p26.txt');0.0;7.357866707025096e-07;2.399683012299647e-07;0.14261645078659058
Data(x=[26, 7], edge_index=[2, 14], edge_attr=[14, 6], y=0.0, custom_label=0.0, min_label=0, max_label=6, instance_name='p26.txt');0.0;2.399651384621393e-05;2.1178322640480474e-05;0.14261645078659058
Data(x=[29, 7], edge_index=[2, 16], edge_attr=[16, 6], y=0.0, custom_label=0.0, min_label=0, max_label=6, instance_name='p26.txt');0.0;6.898937954247231e-06;1.0061920647785882e-06;1.0707369435536407e-09
Data(x=[30, 7], edge_index=[2, 16], edge_attr=[16, 6], y=0.0, custom_label=0.0, min_label=0, max_label=6, instance_name='p26.txt');0.0;9.558290912536904e-06;1.2015900665574009e-06;0.14261645078659058
Data(x=[24, 7], edge_index=[2, 18], edge_attr=[18, 6], y=0.0, custom_label=0.0, min_label=0, max_label=6, instance_name='p26.txt');0.0;5.213932672631927e-05;1.6767543797868711e-07;0.14261645078659058
Data(x=[20, 7], edge_index=[2, 14], edge_attr=[14, 6], y=0.0, custom_label=0.0, min_label=0, max_label=6, instance_name='p26.txt');0.0;1.1267723465380186e-07;2.076053675637013e-07;1.7557023966219276e-05
Data(x=[25, 7], edge_index=[2, 16], edge_attr=[16, 6], y=0.0, custom_label=0.0, min_label=0, max_label=6, instance_name='p26.txt');0.0;1.767228070548299e-07;1.0665432625955873e-07;0.14261645078659058
Data(x=[30, 7], edge_index=[2, 14], edge_attr=[14, 6], y=3.0, custom_label=0.5, min_label=0, max_label=6, instance_name='p26.txt');0.5;0.09746639430522919;0.03508929908275604;0.004510927479714155
Data(x=[30, 7], edge_index=[2, 14], edge_attr=[14, 6], y=2.0, custom_label=0.33333334, min_label=0, max_label=6, instance_name='p26.txt');0.3333333432674408;0.09746639430522919;0.03508929908275604;0.004510927479714155
Data(x=[30, 7], edge_index=[2, 14], edge_attr=[14, 6], y=1.0, custom_label=0.16666667, min_label=0, max_label=6, instance_name='p26.txt');0.1666666716337204;0.09746639430522919;0.03508929908275604;0.004510927479714155
Data(x=[31, 7], edge_index=[2, 16], edge_attr=[16, 6], y=0.0, custom_label=0.0, min_label=0, max_label=6, instance_name='p26.txt');0.0;2.3113434508559294e-06;4.6118543650663923e-07;1.0964547072944697e-05
Data(x=[30, 7], edge_index=[2, 18], edge_attr=[18, 6], y=0.0, custom_label=0.0, min_label=0, max_label=6, instance_name='p26.txt');0.0;1.4502568319585407e-06;2.1697242402751726e-07;2.0138668510583102e-10
Data(x=[27, 7], edge_index=[2, 16], edge_attr=[16, 6], y=0.0, custom_label=0.0, min_label=0, max_label=6, instance_name='p26.txt');0.0;4.73952752599871e-07;1.868349386313639e-07;0.14261645078659058
Data(x=[34, 7], edge_index=[2, 18], edge_attr=[18, 6], y=0.0, custom_label=0.0, min_label=0, max_label=6, instance_name='p26.txt');0.0;1.1550430826900993e-05;7.546863116658642e-07;6.465290789492428e-05
Data(x=[35, 7], edge_index=[2, 20], edge_attr=[20, 6], y=0.0, custom_label=0.0, min_label=0, max_label=6, instance_name='p26.txt');0.0;0.00079476332757622;5.342861641111085e-06;0.14261645078659058
Data(x=[29, 7], edge_index=[2, 10], edge_attr=[10, 6], y=6.0, custom_label=1.0, min_label=0, max_label=6, instance_name='p26.txt');1.0;0.12207808345556259;0.07289772480726242;0.14261645078659058
Data(x=[29, 7], edge_index=[2, 10], edge_attr=[10, 6], y=5.0, custom_label=0.8333333, min_label=0, max_label=6, instance_name='p26.txt');0.8333333134651184;0.12207808345556259;0.07289773970842361;0.14261645078659058
Data(x=[29, 7], edge_index=[2, 10], edge_attr=[10, 6], y=4.0, custom_label=0.6666667, min_label=0, max_label=6, instance_name='p26.txt');0.6666666865348816;0.12207808345556259;0.07289772480726242;0.14261645078659058
Data(x=[29, 7], edge_index=[2, 10], edge_attr=[10, 6], y=3.0, custom_label=0.5, min_label=0, max_label=6, instance_name='p26.txt');0.5;0.12207808345556259;0.07289773970842361;0.14261645078659058
Data(x=[29, 7], edge_index=[2, 10], edge_attr=[10, 6], y=2.0, custom_label=0.33333334, min_label=0, max_label=6, instance_name='p26.txt');0.3333333432674408;0.12207808345556259;0.07289773970842361;0.14261645078659058
Data(x=[29, 7], edge_index=[2, 10], edge_attr=[10, 6], y=1.0, custom_label=0.16666667, min_label=0, max_label=6, instance_name='p26.txt');0.1666666716337204;0.12207808345556259;0.07289773970842361;0.14261645078659058
Data(x=[30, 7], edge_index=[2, 12], edge_attr=[12, 6], y=0.0, custom_label=0.0, min_label=0, max_label=6, instance_name='p26.txt');0.0;9.959596354747191e-06;3.6043095406057546e-06;0.14261645078659058
Data(x=[36, 7], edge_index=[2, 40], edge_attr=[40, 6], y=0.0, custom_label=0.0, min_label=0, max_label=13, instance_name='p27.txt');0.0;0.0011337067699059844;8.74003891482289e-09;0.00020854815375059843
Data(x=[34, 7], edge_index=[2, 24], edge_attr=[24, 6], y=0.0, custom_label=0.0, min_label=0, max_label=13, instance_name='p27.txt');0.0;1.1136503275110954e-07;1.2505924296135618e-08;1.3632333661917073e-07
Data(x=[35, 7], edge_index=[2, 24], edge_attr=[24, 6], y=0.0, custom_label=0.0, min_label=0, max_label=13, instance_name='p27.txt');0.0;4.2529813981673215e-07;1.0354182222727104e-07;6.465290789492428e-05
Data(x=[30, 7], edge_index=[2, 24], edge_attr=[24, 6], y=0.0, custom_label=0.0, min_label=0, max_label=13, instance_name='p27.txt');0.0;7.978442795320007e-09;2.081293359879055e-09;0.00023004146351013333
Data(x=[33, 7], edge_index=[2, 18], edge_attr=[18, 6], y=1.0, custom_label=0.07692308, min_label=0, max_label=13, instance_name='p27.txt');0.07692307978868484;0.0002902507840190083;0.00036692063440568745;0.14261645078659058
Data(x=[33, 7], edge_index=[2, 18], edge_attr=[18, 6], y=0.0, custom_label=0.0, min_label=0, max_label=13, instance_name='p27.txt');0.0;4.718200585784871e-08;2.65868749238507e-08;0.14261645078659058
Data(x=[30, 7], edge_index=[2, 22], edge_attr=[22, 6], y=0.0, custom_label=0.0, min_label=0, max_label=13, instance_name='p27.txt');0.0;6.194285617766582e-08;5.054500817891494e-08;4.888861582230675e-08
Data(x=[34, 7], edge_index=[2, 26], edge_attr=[26, 6], y=0.0, custom_label=0.0, min_label=0, max_label=13, instance_name='p27.txt');0.0;9.558777946949704e-07;4.900417405195867e-09;0.006243646144866943
Data(x=[33, 7], edge_index=[2, 24], edge_attr=[24, 6], y=0.0, custom_label=0.0, min_label=0, max_label=13, instance_name='p27.txt');0.0;7.078965413853666e-09;2.024408640721731e-09;1.8420442984279362e-06
Data(x=[33, 7], edge_index=[2, 30], edge_attr=[30, 6], y=4.0, custom_label=0.30769232, min_label=0, max_label=13, instance_name='p27.txt');0.3076923191547394;0.09335041046142578;0.00028336633113212883;2.818563012481768e-17
Data(x=[32, 7], edge_index=[2, 28], edge_attr=[28, 6], y=3.0, custom_label=0.23076923, min_label=0, max_label=13, instance_name='p27.txt');0.23076923191547394;0.08916355669498444;0.021071255207061768;1.6932796831348185e-10
Data(x=[32, 7], edge_index=[2, 28], edge_attr=[28, 6], y=2.0, custom_label=0.15384616, min_label=0, max_label=13, instance_name='p27.txt');0.1538461595773697;0.11416122317314148;0.0014151778304949403;2.818563012481768e-17
Data(x=[32, 7], edge_index=[2, 28], edge_attr=[28, 6], y=1.0, custom_label=0.07692308, min_label=0, max_label=13, instance_name='p27.txt');0.07692307978868484;0.11416122317314148;0.0014151778304949403;2.818563012481768e-17
Data(x=[32, 7], edge_index=[2, 26], edge_attr=[26, 6], y=0.0, custom_label=0.0, min_label=0, max_label=13, instance_name='p27.txt');0.0;2.327908305232995e-06;7.613142116724703e-09;9.86552419618425e-13
Data(x=[33, 7], edge_index=[2, 24], edge_attr=[24, 6], y=0.0, custom_label=0.0, min_label=0, max_label=13, instance_name='p27.txt');0.0;3.7506347325688694e-06;1.7110956207488925e-08;0.00020854815375059843
Data(x=[32, 7], edge_index=[2, 22], edge_attr=[22, 6], y=0.0, custom_label=0.0, min_label=0, max_label=13, instance_name='p27.txt');0.0;5.280658399442473e-08;1.1456900317341479e-08;0.14261645078659058
Data(x=[31, 7], edge_index=[2, 22], edge_attr=[22, 6], y=0.0, custom_label=0.0, min_label=0, max_label=13, instance_name='p27.txt');0.0;2.2144802187540336e-06;1.5950808673892425e-08;0.00020854815375059843
Data(x=[31, 7], edge_index=[2, 24], edge_attr=[24, 6], y=1.0, custom_label=0.07692308, min_label=0, max_label=13, instance_name='p27.txt');0.07692307978868484;0.029305847361683846;0.0013843430206179619;0.00023004146351013333
Data(x=[32, 7], edge_index=[2, 26], edge_attr=[26, 6], y=0.0, custom_label=0.0, min_label=0, max_label=13, instance_name='p27.txt');0.0;1.4237480172596406e-06;2.652062569552527e-08;0.00023004146351013333
Data(x=[32, 7], edge_index=[2, 18], edge_attr=[18, 6], y=0.0, custom_label=0.0, min_label=0, max_label=13, instance_name='p27.txt');0.0;1.942144365330023e-07;2.380309069849318e-07;0.14261645078659058
Data(x=[31, 7], edge_index=[2, 28], edge_attr=[28, 6], y=0.0, custom_label=0.0, min_label=0, max_label=13, instance_name='p27.txt');0.0;2.5702351535983325e-07;1.0286301810324971e-09;0.00020854815375059843
Data(x=[28, 7], edge_index=[2, 18], edge_attr=[18, 6], y=13.0, custom_label=1.0, min_label=0, max_label=13, instance_name='p27.txt');1.0;0.5225317478179932;0.4948418140411377;0.14261645078659058
Data(x=[28, 7], edge_index=[2, 18], edge_attr=[18, 6], y=12.0, custom_label=0.9230769, min_label=0, max_label=13, instance_name='p27.txt');0.9230769276618958;0.5225317478179932;0.4948418140411377;0.14261645078659058
Data(x=[28, 7], edge_index=[2, 18], edge_attr=[18, 6], y=11.0, custom_label=0.84615386, min_label=0, max_label=13, instance_name='p27.txt');0.8461538553237915;0.5225317478179932;0.4948418140411377;0.14261645078659058
Data(x=[28, 7], edge_index=[2, 18], edge_attr=[18, 6], y=10.0, custom_label=0.7692308, min_label=0, max_label=13, instance_name='p27.txt');0.7692307829856873;0.48793649673461914;0.510317325592041;0.14261645078659058
Data(x=[29, 7], edge_index=[2, 20], edge_attr=[20, 6], y=9.0, custom_label=0.6923077, min_label=0, max_label=13, instance_name='p27.txt');0.692307710647583;0.3735775351524353;0.3485339283943176;0.14261645078659058
Data(x=[29, 7], edge_index=[2, 20], edge_attr=[20, 6], y=8.0, custom_label=0.61538464, min_label=0, max_label=13, instance_name='p27.txt');0.6153846383094788;0.32164087891578674;0.33326220512390137;0.14261645078659058
Data(x=[29, 7], edge_index=[2, 20], edge_attr=[20, 6], y=7.0, custom_label=0.53846157, min_label=0, max_label=13, instance_name='p27.txt');0.5384615659713745;0.34647175669670105;0.31897732615470886;0.14261645078659058
Data(x=[30, 7], edge_index=[2, 22], edge_attr=[22, 6], y=6.0, custom_label=0.46153846, min_label=0, max_label=13, instance_name='p27.txt');0.4615384638309479;0.22179311513900757;0.17352740466594696;0.14261645078659058
Data(x=[30, 7], edge_index=[2, 22], edge_attr=[22, 6], y=5.0, custom_label=0.3846154, min_label=0, max_label=13, instance_name='p27.txt');0.38461539149284363;0.26014620065689087;0.19907736778259277;0.14261645078659058
Data(x=[30, 7], edge_index=[2, 22], edge_attr=[22, 6], y=4.0, custom_label=0.30769232, min_label=0, max_label=13, instance_name='p27.txt');0.3076923191547394;0.22179311513900757;0.17352740466594696;0.14261645078659058
Data(x=[31, 7], edge_index=[2, 24], edge_attr=[24, 6], y=3.0, custom_label=0.23076923, min_label=0, max_label=13, instance_name='p27.txt');0.23076923191547394;0.01259341835975647;0.0008121097343973815;0.14261645078659058
Data(x=[30, 7], edge_index=[2, 22], edge_attr=[22, 6], y=2.0, custom_label=0.15384616, min_label=0, max_label=13, instance_name='p27.txt');0.1538461595773697;0.009694261476397514;0.035162895917892456;0.14261645078659058
Data(x=[30, 7], edge_index=[2, 22], edge_attr=[22, 6], y=1.0, custom_label=0.07692308, min_label=0, max_label=13, instance_name='p27.txt');0.07692307978868484;0.061974115669727325;0.004023311194032431;0.14261645078659058
Data(x=[31, 7], edge_index=[2, 24], edge_attr=[24, 6], y=0.0, custom_label=0.0, min_label=0, max_label=13, instance_name='p27.txt');0.0;1.1942352102778386e-06;3.3829099521653916e-08;0.14261645078659058
Data(x=[27, 7], edge_index=[2, 22], edge_attr=[22, 6], y=0.0, custom_label=0.0, min_label=0, max_label=13, instance_name='p27.txt');0.0;6.061861768102972e-08;6.086782633474286e-08;0.14261645078659058
Data(x=[34, 7], edge_index=[2, 20], edge_attr=[20, 6], y=3.0, custom_label=0.23076923, min_label=0, max_label=13, instance_name='p27.txt');0.23076923191547394;0.00034018210135400295;0.0002178241848014295;1.7557023966219276e-05
Data(x=[34, 7], edge_index=[2, 20], edge_attr=[20, 6], y=2.0, custom_label=0.15384616, min_label=0, max_label=13, instance_name='p27.txt');0.1538461595773697;0.001794630428776145;0.01894071139395237;1.7557023966219276e-05
Data(x=[34, 7], edge_index=[2, 20], edge_attr=[20, 6], y=1.0, custom_label=0.07692308, min_label=0, max_label=13, instance_name='p27.txt');0.07692307978868484;0.00034018210135400295;0.0002178241848014295;1.7557023966219276e-05
Data(x=[35, 7], edge_index=[2, 22], edge_attr=[22, 6], y=0.0, custom_label=0.0, min_label=0, max_label=13, instance_name='p27.txt');0.0;2.04265084846611e-08;6.266450025549375e-09;1.7557023966219276e-05
Data(x=[33, 7], edge_index=[2, 28], edge_attr=[28, 6], y=2.0, custom_label=0.15384616, min_label=0, max_label=13, instance_name='p27.txt');0.1538461595773697;0.004654725082218647;0.00015220533532556146;0.14261645078659058
Data(x=[32, 7], edge_index=[2, 24], edge_attr=[24, 6], y=1.0, custom_label=0.07692308, min_label=0, max_label=13, instance_name='p27.txt');0.07692307978868484;0.00018472007650416344;6.639397906837985e-05;0.14261645078659058
Data(x=[33, 7], edge_index=[2, 26], edge_attr=[26, 6], y=0.0, custom_label=0.0, min_label=0, max_label=13, instance_name='p27.txt');0.0;1.2894563639065382e-08;1.9365480330435503e-09;0.14261645078659058
Data(x=[32, 7], edge_index=[2, 20], edge_attr=[20, 6], y=0.0, custom_label=0.0, min_label=0, max_label=13, instance_name='p27.txt');0.0;2.847006896899984e-08;1.1993292581280457e-08;0.14261645078659058
Data(x=[34, 7], edge_index=[2, 24], edge_attr=[24, 6], y=0.0, custom_label=0.0, min_label=0, max_label=13, instance_name='p27.txt');0.0;1.6328050378433545e-06;4.680653020727732e-08;0.00020854815375059843
Data(x=[31, 7], edge_index=[2, 18], edge_attr=[18, 6], y=0.0, custom_label=0.0, min_label=0, max_label=13, instance_name='p27.txt');0.0;1.273140668445194e-07;1.9135922002533334e-07;0.14261645078659058
Data(x=[37, 7], edge_index=[2, 26], edge_attr=[26, 6], y=0.0, custom_label=0.0, min_label=0, max_label=13, instance_name='p27.txt');0.0;3.903230449964212e-08;4.4862011883139985e-09;2.6934985491999797e-11
Data(x=[27, 7], edge_index=[2, 20], edge_attr=[20, 6], y=0.0, custom_label=0.0, min_label=0, max_label=13, instance_name='p27.txt');0.0;5.784296375210829e-10;9.369642839374137e-10;1.4209494691996838e-09
Data(x=[36, 7], edge_index=[2, 22], edge_attr=[22, 6], y=2.0, custom_label=0.15384616, min_label=0, max_label=13, instance_name='p27.txt');0.1538461595773697;0.01734805479645729;0.003550065914168954;0.00023004146351013333
Data(x=[35, 7], edge_index=[2, 18], edge_attr=[18, 6], y=1.0, custom_label=0.07692308, min_label=0, max_label=13, instance_name='p27.txt');0.07692307978868484;0.00040034938137978315;0.00036076607648283243;0.00023004146351013333
Data(x=[36, 7], edge_index=[2, 20], edge_attr=[20, 6], y=0.0, custom_label=0.0, min_label=0, max_label=13, instance_name='p27.txt');0.0;3.339692966619623e-08;1.323645371087423e-08;0.00023004146351013333
Data(x=[37, 7], edge_index=[2, 24], edge_attr=[24, 6], y=0.0, custom_label=0.0, min_label=0, max_label=13, instance_name='p27.txt');0.0;1.8015749958522065e-07;1.823054063265772e-08;1.8420442984279362e-06
Data(x=[28, 7], edge_index=[2, 22], edge_attr=[22, 6], y=0.0, custom_label=0.0, min_label=0, max_label=13, instance_name='p27.txt');0.0;7.068544505273167e-07;5.8049889339883975e-09;1.2018124431018799e-14
Data(x=[32, 7], edge_index=[2, 22], edge_attr=[22, 6], y=3.0, custom_label=0.23076923, min_label=0, max_label=13, instance_name='p27.txt');0.23076923191547394;0.0012603530194610357;0.0013751450460404158;0.14261645078659058
Data(x=[31, 7], edge_index=[2, 20], edge_attr=[20, 6], y=2.0, custom_label=0.15384616, min_label=0, max_label=13, instance_name='p27.txt');0.1538461595773697;0.032005954533815384;0.03015994094312191;0.14261645078659058
Data(x=[31, 7], edge_index=[2, 20], edge_attr=[20, 6], y=1.0, custom_label=0.07692308, min_label=0, max_label=13, instance_name='p27.txt');0.07692307978868484;0.006860417779535055;0.0061258841305971146;0.14261645078659058
Data(x=[32, 7], edge_index=[2, 22], edge_attr=[22, 6], y=0.0, custom_label=0.0, min_label=0, max_label=13, instance_name='p27.txt');0.0;1.51397813397125e-07;8.499299752884326e-08;0.14261645078659058
Data(x=[33, 7], edge_index=[2, 24], edge_attr=[24, 6], y=0.0, custom_label=0.0, min_label=0, max_label=13, instance_name='p27.txt');0.0;3.537133963504857e-08;5.904833955128197e-09;1.0707369435536407e-09
Data(x=[34, 7], edge_index=[2, 24], edge_attr=[24, 6], y=0.0, custom_label=0.0, min_label=0, max_label=13, instance_name='p27.txt');0.0;2.3699142204236523e-08;4.424659305612977e-09;0.00023004146351013333
Data(x=[30, 7], edge_index=[2, 16], edge_attr=[16, 6], y=0.0, custom_label=0.0, min_label=0, max_label=12, instance_name='p28.txt');0.0;9.558290912536904e-06;1.2015900665574009e-06;0.00020854815375059843
Data(x=[35, 7], edge_index=[2, 18], edge_attr=[18, 6], y=0.0, custom_label=0.0, min_label=0, max_label=12, instance_name='p28.txt');0.0;7.331792403419968e-06;5.751303433498833e-07;0.14261645078659058
Data(x=[29, 7], edge_index=[2, 18], edge_attr=[18, 6], y=0.0, custom_label=0.0, min_label=0, max_label=12, instance_name='p28.txt');0.0;1.3754287465417292e-05;9.55616201281373e-07;0.00023004146351013333
Data(x=[29, 7], edge_index=[2, 16], edge_attr=[16, 6], y=0.0, custom_label=0.0, min_label=0, max_label=12, instance_name='p28.txt');0.0;5.0671911594690755e-05;1.518624685559189e-05;0.14261645078659058
Data(x=[28, 7], edge_index=[2, 16], edge_attr=[16, 6], y=0.0, custom_label=0.0, min_label=0, max_label=12, instance_name='p28.txt');0.0;4.8761085054138675e-06;8.319548214785755e-07;0.00020854815375059843
Data(x=[30, 7], edge_index=[2, 14], edge_attr=[14, 6], y=4.0, custom_label=0.33333334, min_label=0, max_label=12, instance_name='p28.txt');0.3333333432674408;0.0974663719534874;0.035089313983917236;4.0661007894016166e-09
Data(x=[30, 7], edge_index=[2, 14], edge_attr=[14, 6], y=3.0, custom_label=0.25, min_label=0, max_label=12, instance_name='p28.txt');0.25;0.0974663719534874;0.03508930653333664;4.0661007894016166e-09
Data(x=[30, 7], edge_index=[2, 14], edge_attr=[14, 6], y=2.0, custom_label=0.16666667, min_label=0, max_label=12, instance_name='p28.txt');0.1666666716337204;0.0974663719534874;0.035089313983917236;4.0661007894016166e-09
Data(x=[30, 7], edge_index=[2, 14], edge_attr=[14, 6], y=1.0, custom_label=0.083333336, min_label=0, max_label=12, instance_name='p28.txt');0.0833333358168602;0.0974663719534874;0.035089313983917236;4.0661007894016166e-09
Data(x=[31, 7], edge_index=[2, 16], edge_attr=[16, 6], y=0.0, custom_label=0.0, min_label=0, max_label=12, instance_name='p28.txt');0.0;2.3113434508559294e-06;4.6118543650663923e-07;4.0661007894016166e-09
Data(x=[31, 7], edge_index=[2, 12], edge_attr=[12, 6], y=0.0, custom_label=0.0, min_label=0, max_label=12, instance_name='p28.txt');0.0;1.3249925359559711e-05;4.107108452444663e-06;0.14261645078659058
Data(x=[33, 7], edge_index=[2, 16], edge_attr=[16, 6], y=0.0, custom_label=0.0, min_label=0, max_label=12, instance_name='p28.txt');0.0;0.00013035049778409302;2.0837267584283836e-05;1.7557023966219276e-05
Data(x=[34, 7], edge_index=[2, 14], edge_attr=[14, 6], y=0.0, custom_label=0.0, min_label=0, max_label=12, instance_name='p28.txt');0.0;5.45124885320547e-06;1.281983941225917e-06;0.14261645078659058
Data(x=[34, 7], edge_index=[2, 16], edge_attr=[16, 6], y=0.0, custom_label=0.0, min_label=0, max_label=12, instance_name='p28.txt');0.0;0.00015972890832927078;2.2291394998319447e-05;0.00023004146351013333
Data(x=[33, 7], edge_index=[2, 18], edge_attr=[18, 6], y=0.0, custom_label=0.0, min_label=0, max_label=12, instance_name='p28.txt');0.0;4.068033376825042e-06;4.034752407733322e-07;4.681113239257684e-07
Data(x=[32, 7], edge_index=[2, 12], edge_attr=[12, 6], y=2.0, custom_label=0.16666667, min_label=0, max_label=12, instance_name='p28.txt');0.1666666716337204;0.08015325665473938;0.04133234918117523;0.00023004146351013333
Data(x=[31, 7], edge_index=[2, 10], edge_attr=[10, 6], y=1.0, custom_label=0.083333336, min_label=0, max_label=12, instance_name='p28.txt');0.0833333358168602;0.15318644046783447;0.0881853848695755;0.14261645078659058
Data(x=[32, 7], edge_index=[2, 12], edge_attr=[12, 6], y=0.0, custom_label=0.0, min_label=0, max_label=12, instance_name='p28.txt');0.0;1.7315534933004528e-05;4.641992745746393e-06;0.00023004146351013333
Data(x=[38, 7], edge_index=[2, 16], edge_attr=[16, 6], y=0.0, custom_label=0.0, min_label=0, max_label=12, instance_name='p28.txt');0.0;3.242467573727481e-05;2.098410277540097e-06;0.14261645078659058
Data(x=[36, 7], edge_index=[2, 16], edge_attr=[16, 6], y=0.0, custom_label=0.0, min_label=0, max_label=12, instance_name='p28.txt');0.0;4.60335286334157e-05;2.833266535162693e-06;0.14261645078659058
Data(x=[26, 7], edge_index=[2, 14], edge_attr=[14, 6], y=0.0, custom_label=0.0, min_label=0, max_label=12, instance_name='p28.txt');0.0;2.9473622475961747e-07;2.6892530513578095e-07;0.004510927479714155
Data(x=[35, 7], edge_index=[2, 20], edge_attr=[20, 6], y=0.0, custom_label=0.0, min_label=0, max_label=12, instance_name='p28.txt');0.0;0.0024639246985316277;2.6500938474782743e-06;0.14261645078659058
Data(x=[34, 7], edge_index=[2, 18], edge_attr=[18, 6], y=0.0, custom_label=0.0, min_label=0, max_label=12, instance_name='p28.txt');0.0;5.53557911189273e-05;2.106763759002206e-06;0.00023004146351013333
Data(x=[30, 7], edge_index=[2, 22], edge_attr=[22, 6], y=0.0, custom_label=0.0, min_label=0, max_label=12, instance_name='p28.txt');0.0;0.00018559185264166445;2.3199245902105758e-07;0.14261645078659058
Data(x=[28, 7], edge_index=[2, 14], edge_attr=[14, 6], y=0.0, custom_label=0.0, min_label=0, max_label=12, instance_name='p28.txt');0.0;5.489357590704458e-06;1.498549067946442e-06;0.14261645078659058
Data(x=[34, 7], edge_index=[2, 16], edge_attr=[16, 6], y=0.0, custom_label=0.0, min_label=0, max_label=12, instance_name='p28.txt');0.0;2.9080694730510004e-05;2.201502866228111e-06;0.006243646144866943
Data(x=[29, 7], edge_index=[2, 20], edge_attr=[20, 6], y=0.0, custom_label=0.0, min_label=0, max_label=12, instance_name='p28.txt');0.0;8.692003348187427e-07;9.690577940091316e-08;0.00023004146351013333
Data(x=[34, 7], edge_index=[2, 18], edge_attr=[18, 6], y=12.0, custom_label=1.0, min_label=0, max_label=12, instance_name='p28.txt');1.0;0.09600941091775894;0.011601309292018414;0.14261645078659058
Data(x=[34, 7], edge_index=[2, 18], edge_attr=[18, 6], y=11.0, custom_label=0.9166667, min_label=0, max_label=12, instance_name='p28.txt');0.9166666865348816;0.09600941091775894;0.011601309292018414;0.14261645078659058
Data(x=[34, 7], edge_index=[2, 18], edge_attr=[18, 6], y=10.0, custom_label=0.8333333, min_label=0, max_label=12, instance_name='p28.txt');0.8333333134651184;0.09600938111543655;0.011601309292018414;0.14261645078659058
Data(x=[34, 7], edge_index=[2, 18], edge_attr=[18, 6], y=9.0, custom_label=0.75, min_label=0, max_label=12, instance_name='p28.txt');0.75;0.16528646647930145;0.11911137402057648;0.14261645078659058
Data(x=[34, 7], edge_index=[2, 18], edge_attr=[18, 6], y=8.0, custom_label=0.6666667, min_label=0, max_label=12, instance_name='p28.txt');0.6666666865348816;0.09600941091775894;0.011601309292018414;0.14261645078659058
Data(x=[34, 7], edge_index=[2, 18], edge_attr=[18, 6], y=7.0, custom_label=0.5833333, min_label=0, max_label=12, instance_name='p28.txt');0.5833333134651184;0.09600941091775894;0.011601309292018414;0.14261645078659058
Data(x=[33, 7], edge_index=[2, 16], edge_attr=[16, 6], y=6.0, custom_label=0.5, min_label=0, max_label=12, instance_name='p28.txt');0.5;0.16516491770744324;0.03609094396233559;0.14261645078659058
Data(x=[33, 7], edge_index=[2, 16], edge_attr=[16, 6], y=5.0, custom_label=0.41666666, min_label=0, max_label=12, instance_name='p28.txt');0.4166666567325592;0.16516491770744324;0.03609093278646469;0.14261645078659058
Data(x=[33, 7], edge_index=[2, 16], edge_attr=[16, 6], y=4.0, custom_label=0.33333334, min_label=0, max_label=12, instance_name='p28.txt');0.3333333432674408;0.16516491770744324;0.03609094396233559;0.14261645078659058
Data(x=[33, 7], edge_index=[2, 16], edge_attr=[16, 6], y=3.0, custom_label=0.25, min_label=0, max_label=12, instance_name='p28.txt');0.25;0.16516491770744324;0.03609094396233559;0.14261645078659058
Data(x=[33, 7], edge_index=[2, 16], edge_attr=[16, 6], y=2.0, custom_label=0.16666667, min_label=0, max_label=12, instance_name='p28.txt');0.1666666716337204;0.18071526288986206;0.09169548004865646;0.14261645078659058
Data(x=[33, 7], edge_index=[2, 16], edge_attr=[16, 6], y=1.0, custom_label=0.083333336, min_label=0, max_label=12, instance_name='p28.txt');0.0833333358168602;0.16516491770744324;0.03609094396233559;0.14261645078659058
Data(x=[34, 7], edge_index=[2, 18], edge_attr=[18, 6], y=0.0, custom_label=0.0, min_label=0, max_label=12, instance_name='p28.txt');0.0;2.625999513838906e-05;1.3559662193074473e-06;0.14261645078659058
Data(x=[38, 7], edge_index=[2, 20], edge_attr=[20, 6], y=0.0, custom_label=0.0, min_label=0, max_label=12, instance_name='p28.txt');0.0;0.002434926340356469;1.0575431588222273e-05;0.14261645078659058
Data(x=[36, 7], edge_index=[2, 20], edge_attr=[20, 6], y=0.0, custom_label=0.0, min_label=0, max_label=12, instance_name='p28.txt');0.0;3.8640060665784404e-05;1.1343114465489634e-06;0.006243646144866943
Data(x=[31, 7], edge_index=[2, 14], edge_attr=[14, 6], y=0.0, custom_label=0.0, min_label=0, max_label=12, instance_name='p28.txt');0.0;1.3986186786496546e-05;2.4137809759849915e-06;0.14261645078659058
Data(x=[31, 7], edge_index=[2, 18], edge_attr=[18, 6], y=0.0, custom_label=0.0, min_label=0, max_label=12, instance_name='p28.txt');0.0;2.09089898817183e-06;2.7039760652769473e-07;0.14261645078659058
Data(x=[36, 7], edge_index=[2, 16], edge_attr=[16, 6], y=0.0, custom_label=0.0, min_label=0, max_label=12, instance_name='p28.txt');0.0;4.60335286334157e-05;2.833266535162693e-06;0.14261645078659058
Data(x=[32, 7], edge_index=[2, 16], edge_attr=[16, 6], y=0.0, custom_label=0.0, min_label=0, max_label=12, instance_name='p28.txt');0.0;3.20434673994896e-06;5.575093382503837e-07;0.14261645078659058
Data(x=[31, 7], edge_index=[2, 14], edge_attr=[14, 6], y=0.0, custom_label=0.0, min_label=0, max_label=12, instance_name='p28.txt');0.0;1.3986186786496546e-05;2.4137809759849915e-06;0.14261645078659058
Data(x=[28, 7], edge_index=[2, 16], edge_attr=[16, 6], y=0.0, custom_label=0.0, min_label=0, max_label=12, instance_name='p28.txt');0.0;1.746289512993826e-06;4.0975874071591534e-07;0.14261645078659058
Data(x=[38, 7], edge_index=[2, 16], edge_attr=[16, 6], y=0.0, custom_label=0.0, min_label=0, max_label=12, instance_name='p28.txt');0.0;1.591702675796114e-05;1.4107995411904994e-06;0.14261645078659058
Data(x=[33, 7], edge_index=[2, 18], edge_attr=[18, 6], y=0.0, custom_label=0.0, min_label=0, max_label=12, instance_name='p28.txt');0.0;4.068033376825042e-06;4.034752407733322e-07;0.00011573643860174343
Data(x=[33, 7], edge_index=[2, 18], edge_attr=[18, 6], y=0.0, custom_label=0.0, min_label=0, max_label=12, instance_name='p28.txt');0.0;2.0316767404437996e-05;1.1644123105725157e-06;1.7557023966219276e-05
Data(x=[39, 7], edge_index=[2, 16], edge_attr=[16, 6], y=0.0, custom_label=0.0, min_label=0, max_label=12, instance_name='p28.txt');0.0;8.318236359627917e-05;3.940655915357638e-06;0.00023004146351013333
Data(x=[32, 7], edge_index=[2, 16], edge_attr=[16, 6], y=0.0, custom_label=0.0, min_label=0, max_label=12, instance_name='p28.txt');0.0;0.002044466556981206;4.933614491164917e-06;0.14261645078659058
Data(x=[31, 7], edge_index=[2, 20], edge_attr=[20, 6], y=0.0, custom_label=0.0, min_label=0, max_label=12, instance_name='p28.txt');0.0;0.0004140273085795343;3.334100483698421e-06;0.14261645078659058
Data(x=[36, 7], edge_index=[2, 18], edge_attr=[18, 6], y=7.0, custom_label=0.5833333, min_label=0, max_label=12, instance_name='p28.txt');0.5833333134651184;0.20848891139030457;0.057694919407367706;0.14261645078659058
Data(x=[35, 7], edge_index=[2, 14], edge_attr=[14, 6], y=6.0, custom_label=0.5, min_label=0, max_label=12, instance_name='p28.txt');0.5;0.18796135485172272;0.0853053480386734;0.14261645078659058
Data(x=[35, 7], edge_index=[2, 14], edge_attr=[14, 6], y=5.0, custom_label=0.41666666, min_label=0, max_label=12, instance_name='p28.txt');0.4166666567325592;0.1623438596725464;0.042129311710596085;0.14261645078659058
Data(x=[35, 7], edge_index=[2, 14], edge_attr=[14, 6], y=4.0, custom_label=0.33333334, min_label=0, max_label=12, instance_name='p28.txt');0.3333333432674408;0.1623438596725464;0.04212930053472519;0.14261645078659058
Data(x=[35, 7], edge_index=[2, 14], edge_attr=[14, 6], y=3.0, custom_label=0.25, min_label=0, max_label=12, instance_name='p28.txt');0.25;0.18796135485172272;0.08530531823635101;0.14261645078659058
Data(x=[35, 7], edge_index=[2, 14], edge_attr=[14, 6], y=2.0, custom_label=0.16666667, min_label=0, max_label=12, instance_name='p28.txt');0.1666666716337204;0.1623438596725464;0.042129311710596085;0.14261645078659058
Data(x=[35, 7], edge_index=[2, 14], edge_attr=[14, 6], y=1.0, custom_label=0.083333336, min_label=0, max_label=12, instance_name='p28.txt');0.0833333358168602;0.16234387457370758;0.04212930053472519;0.14261645078659058
Data(x=[36, 7], edge_index=[2, 16], edge_attr=[16, 6], y=0.0, custom_label=0.0, min_label=0, max_label=12, instance_name='p28.txt');0.0;4.60335286334157e-05;2.833266535162693e-06;0.14261645078659058
Data(x=[33, 7], edge_index=[2, 16], edge_attr=[16, 6], y=0.0, custom_label=0.0, min_label=0, max_label=12, instance_name='p28.txt');0.0;0.00013035049778409302;2.0837267584283836e-05;0.14261645078659058
Data(x=[34, 7], edge_index=[2, 14], edge_attr=[14, 6], y=0.0, custom_label=0.0, min_label=0, max_label=12, instance_name='p28.txt');0.0;2.988365486089606e-05;3.574290076358011e-06;0.14261645078659058
Data(x=[28, 7], edge_index=[2, 20], edge_attr=[20, 6], y=0.0, custom_label=0.0, min_label=0, max_label=12, instance_name='p28.txt');0.0;5.690747570952226e-07;7.37405940753888e-08;0.00023004146351013333
Data(x=[34, 7], edge_index=[2, 22], edge_attr=[22, 6], y=0.0, custom_label=0.0, min_label=0, max_label=12, instance_name='p28.txt');0.0;4.4319185690255836e-06;1.8290629100192746e-07;0.00023004146351013333
Data(x=[29, 7], edge_index=[2, 14], edge_attr=[14, 6], y=0.0, custom_label=0.0, min_label=0, max_label=12, instance_name='p28.txt');0.0;7.680001544940751e-06;1.7759864476829534e-06;0.14261645078659058
Data(x=[37, 7], edge_index=[2, 16], edge_attr=[16, 6], y=0.0, custom_label=0.0, min_label=0, max_label=12, instance_name='p28.txt');0.0;5.6627275625942275e-05;3.181479087288608e-06;0.14261645078659058
Data(x=[26, 7], edge_index=[2, 18], edge_attr=[18, 6], y=0.0, custom_label=0.0, min_label=0, max_label=12, instance_name='p28.txt');0.0;0.00016451124974992126;2.8418476176739205e-06;0.14261645078659058
Data(x=[32, 7], edge_index=[2, 18], edge_attr=[18, 6], y=0.0, custom_label=0.0, min_label=0, max_label=12, instance_name='p28.txt');0.0;0.0018618744798004627;2.9480925149982795e-06;0.14261645078659058
Data(x=[31, 7], edge_index=[2, 16], edge_attr=[16, 6], y=0.0, custom_label=0.0, min_label=0, max_label=12, instance_name='p28.txt');0.0;1.2966987924301066e-05;1.4185976624503382e-06;0.14261645078659058
Data(x=[30, 7], edge_index=[2, 20], edge_attr=[20, 6], y=0.0, custom_label=0.0, min_label=0, max_label=12, instance_name='p28.txt');0.0;0.0003427053161431104;2.905668452513055e-06;0.14261645078659058
Data(x=[31, 7], edge_index=[2, 14], edge_attr=[14, 6], y=0.0, custom_label=0.0, min_label=0, max_label=12, instance_name='p28.txt');0.0;1.3986186786496546e-05;2.4137809759849915e-06;1.0707369435536407e-09
Data(x=[29, 7], edge_index=[2, 12], edge_attr=[12, 6], y=0.0, custom_label=0.0, min_label=0, max_label=12, instance_name='p28.txt');0.0;1.8250746506964788e-05;5.254823918221518e-06;0.14261645078659058
Data(x=[29, 7], edge_index=[2, 14], edge_attr=[14, 6], y=0.0, custom_label=0.0, min_label=0, max_label=12, instance_name='p28.txt');0.0;2.665123247425072e-06;8.963419872998202e-07;0.00011573643860174343
Data(x=[31, 7], edge_index=[2, 14], edge_attr=[14, 6], y=0.0, custom_label=0.0, min_label=0, max_label=12, instance_name='p28.txt');0.0;1.3986186786496546e-05;2.4137809759849915e-06;0.006243646144866943
Data(x=[29, 7], edge_index=[2, 16], edge_attr=[16, 6], y=0.0, custom_label=0.0, min_label=0, max_label=12, instance_name='p28.txt');0.0;6.898937954247231e-06;1.0061920647785882e-06;0.14261645078659058
Data(x=[33, 7], edge_index=[2, 14], edge_attr=[14, 6], y=4.0, custom_label=0.33333334, min_label=0, max_label=12, instance_name='p28.txt');0.3333333432674408;0.1419307440519333;0.03672395274043083;0.14261645078659058
Data(x=[32, 7], edge_index=[2, 12], edge_attr=[12, 6], y=3.0, custom_label=0.25, min_label=0, max_label=12, instance_name='p28.txt');0.25;0.16460958123207092;0.061451684683561325;0.14261645078659058
Data(x=[32, 7], edge_index=[2, 12], edge_attr=[12, 6], y=2.0, custom_label=0.16666667, min_label=0, max_label=12, instance_name='p28.txt');0.1666666716337204;0.16460959613323212;0.06145169585943222;0.14261645078659058
Data(x=[32, 7], edge_index=[2, 12], edge_attr=[12, 6], y=1.0, custom_label=0.083333336, min_label=0, max_label=12, instance_name='p28.txt');0.0833333358168602;0.16460958123207092;0.061451684683561325;0.14261645078659058
Data(x=[33, 7], edge_index=[2, 14], edge_attr=[14, 6], y=0.0, custom_label=0.0, min_label=0, max_label=12, instance_name='p28.txt');0.0;5.1452661864459515e-05;4.977006028639153e-06;0.14261645078659058
Data(x=[34, 7], edge_index=[2, 16], edge_attr=[16, 6], y=2.0, custom_label=0.16666667, min_label=0, max_label=12, instance_name='p28.txt');0.1666666716337204;0.14997363090515137;0.08340255916118622;0.00020854815375059843
Data(x=[33, 7], edge_index=[2, 12], edge_attr=[12, 6], y=1.0, custom_label=0.083333336, min_label=0, max_label=12, instance_name='p28.txt');0.0833333358168602;0.08010362833738327;0.037853311747312546;0.00020854815375059843
Data(x=[34, 7], edge_index=[2, 14], edge_attr=[14, 6], y=0.0, custom_label=0.0, min_label=0, max_label=12, instance_name='p28.txt');0.0;5.45124885320547e-06;1.2819850780942943e-06;0.00020854815375059843
Data(x=[34, 7], edge_index=[2, 18], edge_attr=[18, 6], y=0.0, custom_label=0.0, min_label=0, max_label=12, instance_name='p28.txt');0.0;2.625999513838906e-05;1.3559662193074473e-06;0.006243646144866943
Data(x=[30, 7], edge_index=[2, 22], edge_attr=[22, 6], y=0.0, custom_label=0.0, min_label=0, max_label=12, instance_name='p28.txt');0.0;0.0002780805225484073;1.6776964457676513e-06;0.14261645078659058
Data(x=[25, 7], edge_index=[2, 20], edge_attr=[20, 6], y=2.0, custom_label=0.16666667, min_label=0, max_label=12, instance_name='p28.txt');0.1666666716337204;0.16545964777469635;0.04620211198925972;0.00011573643860174343
Data(x=[24, 7], edge_index=[2, 16], edge_attr=[16, 6], y=1.0, custom_label=0.083333336, min_label=0, max_label=12, instance_name='p28.txt');0.0833333358168602;0.09987440705299377;0.030245160683989525;2.495849457773147e-06
Data(x=[25, 7], edge_index=[2, 18], edge_attr=[18, 6], y=0.0, custom_label=0.0, min_label=0, max_label=12, instance_name='p28.txt');0.0;1.506712834498103e-07;5.517450674119573e-08;2.495849457773147e-06
Data(x=[31, 7], edge_index=[2, 24], edge_attr=[24, 6], y=2.0, custom_label=0.16666667, min_label=0, max_label=12, instance_name='p28.txt');0.1666666716337204;0.2053156942129135;0.09183132648468018;0.14261645078659058
Data(x=[30, 7], edge_index=[2, 18], edge_attr=[18, 6], y=1.0, custom_label=0.083333336, min_label=0, max_label=12, instance_name='p28.txt');0.0833333358168602;0.20262138545513153;0.07878965884447098;0.14261645078659058
Data(x=[31, 7], edge_index=[2, 20], edge_attr=[20, 6], y=0.0, custom_label=0.0, min_label=0, max_label=12, instance_name='p28.txt');0.0;0.00041402748320251703;3.334100483698421e-06;0.14261645078659058
Data(x=[32, 7], edge_index=[2, 22], edge_attr=[22, 6], y=0.0, custom_label=0.0, min_label=0, max_label=12, instance_name='p28.txt');0.0;0.000286600406980142;3.5389837194088614e-07;0.14261645078659058
Data(x=[31, 7], edge_index=[2, 14], edge_attr=[14, 6], y=0.0, custom_label=0.0, min_label=0, max_label=12, instance_name='p28.txt');0.0;3.16787809424568e-05;3.913663931598421e-06;0.14261645078659058
Data(x=[24, 7], edge_index=[2, 12], edge_attr=[12, 6], y=0.0, custom_label=0.0, min_label=0, max_label=12, instance_name='p28.txt');0.0;1.0754224604170304e-06;1.3100629985274281e-06;0.14261645078659058
Data(x=[35, 7], edge_index=[2, 14], edge_attr=[14, 6], y=0.0, custom_label=0.0, min_label=0, max_label=12, instance_name='p28.txt');0.0;3.744692003238015e-05;4.013517809653422e-06;0.00023004146351013333
Data(x=[35, 7], edge_index=[2, 16], edge_attr=[16, 6], y=0.0, custom_label=0.0, min_label=0, max_label=12, instance_name='p28.txt');0.0;7.556964555988088e-05;3.84563554689521e-06;0.14261645078659058
Data(x=[35, 7], edge_index=[2, 20], edge_attr=[20, 6], y=0.0, custom_label=0.0, min_label=0, max_label=12, instance_name='p28.txt');0.0;6.681945251330035e-06;3.584208911888709e-07;1.411360313558277e-13
Data(x=[34, 7], edge_index=[2, 16], edge_attr=[16, 6], y=5.0, custom_label=0.41666666, min_label=0, max_label=12, instance_name='p28.txt');0.4166666567325592;0.026528634130954742;0.007686600089073181;0.14261645078659058
Data(x=[33, 7], edge_index=[2, 14], edge_attr=[14, 6], y=4.0, custom_label=0.33333334, min_label=0, max_label=12, instance_name='p28.txt');0.3333333432674408;0.09658569097518921;0.027267489582300186;0.14261645078659058
Data(x=[33, 7], edge_index=[2, 14], edge_attr=[14, 6], y=3.0, custom_label=0.25, min_label=0, max_label=12, instance_name='p28.txt');0.25;0.15912489593029022;0.07431454211473465;0.14261645078659058
Data(x=[33, 7], edge_index=[2, 14], edge_attr=[14, 6], y=2.0, custom_label=0.16666667, min_label=0, max_label=12, instance_name='p28.txt');0.1666666716337204;0.096585713326931;0.027267498895525932;0.14261645078659058
Data(x=[33, 7], edge_index=[2, 14], edge_attr=[14, 6], y=1.0, custom_label=0.083333336, min_label=0, max_label=12, instance_name='p28.txt');0.0833333358168602;0.18570999801158905;0.09370125085115433;0.14261645078659058
Data(x=[34, 7], edge_index=[2, 16], edge_attr=[16, 6], y=0.0, custom_label=0.0, min_label=0, max_label=12, instance_name='p28.txt');0.0;0.00015972874825820327;2.2291394998319447e-05;0.14261645078659058
Data(x=[48, 7], edge_index=[2, 38], edge_attr=[38, 6], y=16.0, custom_label=0.9411765, min_label=0, max_label=17, instance_name='p29.txt');0.9411764740943909;0.17049427330493927;0.03568767383694649;6.465290789492428e-05
Data(x=[47, 7], edge_index=[2, 34], edge_attr=[34, 6], y=15.0, custom_label=0.88235295, min_label=0, max_label=17, instance_name='p29.txt');0.8823529481887817;0.15549547970294952;0.028866736218333244;6.465290789492428e-05
Data(x=[47, 7], edge_index=[2, 34], edge_attr=[34, 6], y=14.0, custom_label=0.8235294, min_label=0, max_label=17, instance_name='p29.txt');0.8235294222831726;0.17203791439533234;0.08237708359956741;6.465290789492428e-05
Data(x=[47, 7], edge_index=[2, 34], edge_attr=[34, 6], y=13.0, custom_label=0.7647059, min_label=0, max_label=17, instance_name='p29.txt');0.7647058963775635;0.17203792929649353;0.08237708359956741;6.465290789492428e-05
Data(x=[48, 7], edge_index=[2, 36], edge_attr=[36, 6], y=12.0, custom_label=0.7058824, min_label=0, max_label=17, instance_name='p29.txt');0.7058823704719543;0.0016872052801772952;8.668949158163741e-05;6.465290789492428e-05
Data(x=[48, 7], edge_index=[2, 36], edge_attr=[36, 6], y=11.0, custom_label=0.64705884, min_label=0, max_label=17, instance_name='p29.txt');0.6470588445663452;0.0016872052801772952;8.668949158163741e-05;6.465290789492428e-05
Data(x=[48, 7], edge_index=[2, 36], edge_attr=[36, 6], y=10.0, custom_label=0.5882353, min_label=0, max_label=17, instance_name='p29.txt');0.5882353186607361;4.11137989431154e-06;1.293192042339797e-07;6.465290789492428e-05
Data(x=[48, 7], edge_index=[2, 36], edge_attr=[36, 6], y=9.0, custom_label=0.5294118, min_label=0, max_label=17, instance_name='p29.txt');0.529411792755127;4.11137989431154e-06;1.293192042339797e-07;6.465290789492428e-05
Data(x=[48, 7], edge_index=[2, 36], edge_attr=[36, 6], y=8.0, custom_label=0.47058824, min_label=0, max_label=17, instance_name='p29.txt');0.47058823704719543;1.3495027815224603e-05;6.66561788875697e-07;6.465290789492428e-05
Data(x=[48, 7], edge_index=[2, 36], edge_attr=[36, 6], y=7.0, custom_label=0.4117647, min_label=0, max_label=17, instance_name='p29.txt');0.4117647111415863;4.11137989431154e-06;1.293192042339797e-07;6.465290789492428e-05
Data(x=[48, 7], edge_index=[2, 36], edge_attr=[36, 6], y=6.0, custom_label=0.3529412, min_label=0, max_label=17, instance_name='p29.txt');0.3529411852359772;1.3495040548150428e-05;6.66560538320482e-07;0.14261645078659058
Data(x=[48, 7], edge_index=[2, 36], edge_attr=[36, 6], y=5.0, custom_label=0.29411766, min_label=0, max_label=17, instance_name='p29.txt');0.29411765933036804;4.11137989431154e-06;1.293192042339797e-07;6.465290789492428e-05
Data(x=[48, 7], edge_index=[2, 36], edge_attr=[36, 6], y=4.0, custom_label=0.23529412, min_label=0, max_label=17, instance_name='p29.txt');0.23529411852359772;4.11137989431154e-06;1.293192042339797e-07;6.465290789492428e-05
Data(x=[48, 7], edge_index=[2, 36], edge_attr=[36, 6], y=3.0, custom_label=0.1764706, min_label=0, max_label=17, instance_name='p29.txt');0.1764705926179886;4.11137989431154e-06;1.293192042339797e-07;6.465290789492428e-05
Data(x=[48, 7], edge_index=[2, 36], edge_attr=[36, 6], y=2.0, custom_label=0.11764706, min_label=0, max_label=17, instance_name='p29.txt');0.11764705926179886;4.11137989431154e-06;1.293192042339797e-07;6.465290789492428e-05
Data(x=[48, 7], edge_index=[2, 36], edge_attr=[36, 6], y=1.0, custom_label=0.05882353, min_label=0, max_label=17, instance_name='p29.txt');0.05882352963089943;1.3114557987137232e-05;6.301348207671253e-07;6.465290789492428e-05
Data(x=[49, 7], edge_index=[2, 38], edge_attr=[38, 6], y=0.0, custom_label=0.0, min_label=0, max_label=17, instance_name='p29.txt');0.0;4.31639568532205e-09;7.881183206048803e-11;6.465290789492428e-05
Data(x=[51, 7], edge_index=[2, 40], edge_attr=[40, 6], y=10.0, custom_label=0.5882353, min_label=0, max_label=17, instance_name='p29.txt');0.5882353186607361;0.0008053131750784814;7.403373456327245e-05;4.888861582230675e-08
Data(x=[51, 7], edge_index=[2, 40], edge_attr=[40, 6], y=9.0, custom_label=0.5294118, min_label=0, max_label=17, instance_name='p29.txt');0.529411792755127;0.002477065660059452;0.002116287359967828;4.888861582230675e-08
Data(x=[51, 7], edge_index=[2, 40], edge_attr=[40, 6], y=8.0, custom_label=0.47058824, min_label=0, max_label=17, instance_name='p29.txt');0.47058823704719543;0.0008053131750784814;7.403373456327245e-05;4.888861582230675e-08
Data(x=[52, 7], edge_index=[2, 42], edge_attr=[42, 6], y=7.0, custom_label=0.4117647, min_label=0, max_label=17, instance_name='p29.txt');0.4117647111415863;1.1820139889096026e-06;7.235087906565241e-08;4.888861582230675e-08
Data(x=[51, 7], edge_index=[2, 40], edge_attr=[40, 6], y=6.0, custom_label=0.3529412, min_label=0, max_label=17, instance_name='p29.txt');0.3529411852359772;2.891027179430239e-06;1.6921696044391865e-07;4.888861582230675e-08
Data(x=[51, 7], edge_index=[2, 40], edge_attr=[40, 6], y=5.0, custom_label=0.29411766, min_label=0, max_label=17, instance_name='p29.txt');0.29411765933036804;2.891027179430239e-06;1.6921696044391865e-07;4.888861582230675e-08
Data(x=[51, 7], edge_index=[2, 40], edge_attr=[40, 6], y=4.0, custom_label=0.23529412, min_label=0, max_label=17, instance_name='p29.txt');0.23529411852359772;8.443629667453934e-06;7.906495511633693e-07;4.888861582230675e-08
Data(x=[51, 7], edge_index=[2, 40], edge_attr=[40, 6], y=3.0, custom_label=0.1764706, min_label=0, max_label=17, instance_name='p29.txt');0.1764705926179886;8.39148640352505e-07;1.6098438209155574e-06;4.888861582230675e-08
Data(x=[51, 7], edge_index=[2, 40], edge_attr=[40, 6], y=2.0, custom_label=0.11764706, min_label=0, max_label=17, instance_name='p29.txt');0.11764705926179886;2.891027179430239e-06;1.6921696044391865e-07;4.888861582230675e-08
Data(x=[51, 7], edge_index=[2, 40], edge_attr=[40, 6], y=1.0, custom_label=0.05882353, min_label=0, max_label=17, instance_name='p29.txt');0.05882352963089943;8.443629667453934e-06;7.906495511633693e-07;4.888861582230675e-08
Data(x=[51, 7], edge_index=[2, 38], edge_attr=[38, 6], y=0.0, custom_label=0.0, min_label=0, max_label=17, instance_name='p29.txt');0.0;1.2757633838234028e-09;3.3674887878198945e-10;4.888861582230675e-08
Data(x=[55, 7], edge_index=[2, 42], edge_attr=[42, 6], y=16.0, custom_label=0.9411765, min_label=0, max_label=17, instance_name='p29.txt');0.9411764740943909;3.3147840440506116e-05;1.3318344826984685e-07;6.301798602025498e-16
Data(x=[55, 7], edge_index=[2, 42], edge_attr=[42, 6], y=15.0, custom_label=0.88235295, min_label=0, max_label=17, instance_name='p29.txt');0.8823529481887817;3.3147840440506116e-05;1.3318344826984685e-07;0.14261645078659058
Data(x=[55, 7], edge_index=[2, 42], edge_attr=[42, 6], y=14.0, custom_label=0.8235294, min_label=0, max_label=17, instance_name='p29.txt');0.8235294222831726;3.3147840440506116e-05;1.3318344826984685e-07;0.14261645078659058
Data(x=[55, 7], edge_index=[2, 42], edge_attr=[42, 6], y=13.0, custom_label=0.7647059, min_label=0, max_label=17, instance_name='p29.txt');0.7647058963775635;3.3147840440506116e-05;1.3318344826984685e-07;0.14261645078659058
Data(x=[55, 7], edge_index=[2, 42], edge_attr=[42, 6], y=12.0, custom_label=0.7058824, min_label=0, max_label=17, instance_name='p29.txt');0.7058823704719543;3.3147840440506116e-05;1.3318344826984685e-07;0.14261645078659058
Data(x=[55, 7], edge_index=[2, 42], edge_attr=[42, 6], y=11.0, custom_label=0.64705884, min_label=0, max_label=17, instance_name='p29.txt');0.6470588445663452;9.366547601530328e-05;3.3427445487177465e-06;0.14261645078659058
Data(x=[55, 7], edge_index=[2, 42], edge_attr=[42, 6], y=10.0, custom_label=0.5882353, min_label=0, max_label=17, instance_name='p29.txt');0.5882353186607361;5.119912384543568e-05;1.748837661352809e-07;0.14261645078659058
Data(x=[55, 7], edge_index=[2, 42], edge_attr=[42, 6], y=9.0, custom_label=0.5294118, min_label=0, max_label=17, instance_name='p29.txt');0.529411792755127;0.00014535205264110118;7.316198775697558e-07;0.14261645078659058
Data(x=[55, 7], edge_index=[2, 42], edge_attr=[42, 6], y=8.0, custom_label=0.47058824, min_label=0, max_label=17, instance_name='p29.txt');0.47058823704719543;5.119912384543568e-05;1.7488362402673374e-07;0.14261645078659058
Data(x=[55, 7], edge_index=[2, 42], edge_attr=[42, 6], y=7.0, custom_label=0.4117647, min_label=0, max_label=17, instance_name='p29.txt');0.4117647111415863;5.1199080189689994e-05;1.748837661352809e-07;6.301798602025498e-16
Data(x=[54, 7], edge_index=[2, 40], edge_attr=[40, 6], y=6.0, custom_label=0.3529412, min_label=0, max_label=17, instance_name='p29.txt');0.3529411852359772;0.06227254495024681;0.0032108023297041655;0.14261645078659058
Data(x=[55, 7], edge_index=[2, 42], edge_attr=[42, 6], y=5.0, custom_label=0.29411766, min_label=0, max_label=17, instance_name='p29.txt');0.29411765933036804;0.00014276702131610364;4.389371952129295e-06;0.14261645078659058
Data(x=[55, 7], edge_index=[2, 42], edge_attr=[42, 6], y=4.0, custom_label=0.23529412, min_label=0, max_label=17, instance_name='p29.txt');0.23529411852359772;5.119912384543568e-05;1.7488362402673374e-07;0.14261645078659058
Data(x=[55, 7], edge_index=[2, 42], edge_attr=[42, 6], y=3.0, custom_label=0.1764706, min_label=0, max_label=17, instance_name='p29.txt');0.1764705926179886;5.1199080189689994e-05;1.7488362402673374e-07;0.14261645078659058
Data(x=[54, 7], edge_index=[2, 40], edge_attr=[40, 6], y=2.0, custom_label=0.11764706, min_label=0, max_label=17, instance_name='p29.txt');0.11764705926179886;0.00012638018233701587;3.965950270412577e-07;0.14261645078659058
Data(x=[54, 7], edge_index=[2, 40], edge_attr=[40, 6], y=1.0, custom_label=0.05882353, min_label=0, max_label=17, instance_name='p29.txt');0.05882352963089943;0.00036548476782627404;1.7037004909070674e-06;0.14261645078659058
Data(x=[55, 7], edge_index=[2, 42], edge_attr=[42, 6], y=0.0, custom_label=0.0, min_label=0, max_label=17, instance_name='p29.txt');0.0;2.699163417219097e-07;5.299743421893766e-10;0.14261645078659058
Data(x=[49, 7], edge_index=[2, 28], edge_attr=[28, 6], y=17.0, custom_label=1.0, min_label=0, max_label=17, instance_name='p29.txt');1.0;0.2697853744029999;0.2443266361951828;0.006243646144866943
Data(x=[50, 7], edge_index=[2, 30], edge_attr=[30, 6], y=16.0, custom_label=0.9411765, min_label=0, max_label=17, instance_name='p29.txt');0.9411764740943909;0.1847359836101532;0.13453076779842377;0.006243646144866943
Data(x=[49, 7], edge_index=[2, 28], edge_attr=[28, 6], y=15.0, custom_label=0.88235295, min_label=0, max_label=17, instance_name='p29.txt');0.8823529481887817;0.19653473794460297;0.14751270413398743;0.006243646144866943
Data(x=[49, 7], edge_index=[2, 28], edge_attr=[28, 6], y=14.0, custom_label=0.8235294, min_label=0, max_label=17, instance_name='p29.txt');0.8235294222831726;0.19653473794460297;0.14751270413398743;0.006243646144866943
Data(x=[49, 7], edge_index=[2, 28], edge_attr=[28, 6], y=13.0, custom_label=0.7647059, min_label=0, max_label=17, instance_name='p29.txt');0.7647058963775635;0.20770865678787231;0.17741215229034424;0.006243646144866943
Data(x=[49, 7], edge_index=[2, 28], edge_attr=[28, 6], y=12.0, custom_label=0.7058824, min_label=0, max_label=17, instance_name='p29.txt');0.7058823704719543;0.19653473794460297;0.14751270413398743;0.006243646144866943
Data(x=[49, 7], edge_index=[2, 28], edge_attr=[28, 6], y=11.0, custom_label=0.64705884, min_label=0, max_label=17, instance_name='p29.txt');0.6470588445663452;0.19653475284576416;0.14751270413398743;0.006243646144866943
Data(x=[49, 7], edge_index=[2, 28], edge_attr=[28, 6], y=10.0, custom_label=0.5882353, min_label=0, max_label=17, instance_name='p29.txt');0.5882353186607361;0.07836415618658066;0.04190303385257721;0.006243646144866943
Data(x=[49, 7], edge_index=[2, 28], edge_attr=[28, 6], y=9.0, custom_label=0.5294118, min_label=0, max_label=17, instance_name='p29.txt');0.529411792755127;0.07836415618658066;0.04190303385257721;0.006243646144866943
Data(x=[50, 7], edge_index=[2, 30], edge_attr=[30, 6], y=8.0, custom_label=0.47058824, min_label=0, max_label=17, instance_name='p29.txt');0.47058823704719543;0.00011641205492196605;0.0001237446558661759;0.006243646144866943
Data(x=[50, 7], edge_index=[2, 30], edge_attr=[30, 6], y=7.0, custom_label=0.4117647, min_label=0, max_label=17, instance_name='p29.txt');0.4117647111415863;0.00011641194578260183;0.0001237446558661759;0.006243646144866943
Data(x=[51, 7], edge_index=[2, 32], edge_attr=[32, 6], y=6.0, custom_label=0.3529412, min_label=0, max_label=17, instance_name='p29.txt');0.3529411852359772;2.384715003245219e-07;1.302043841633349e-07;0.006243646144866943
Data(x=[51, 7], edge_index=[2, 32], edge_attr=[32, 6], y=5.0, custom_label=0.29411766, min_label=0, max_label=17, instance_name='p29.txt');0.29411765933036804;2.384715003245219e-07;1.302043841633349e-07;0.006243646144866943
Data(x=[51, 7], edge_index=[2, 32], edge_attr=[32, 6], y=4.0, custom_label=0.23529412, min_label=0, max_label=17, instance_name='p29.txt');0.23529411852359772;2.3847124452913704e-07;1.302043841633349e-07;0.006243646144866943
Data(x=[51, 7], edge_index=[2, 32], edge_attr=[32, 6], y=3.0, custom_label=0.1764706, min_label=0, max_label=17, instance_name='p29.txt');0.1764705926179886;7.287133030331461e-07;4.20780679633026e-06;0.006243646144866943
Data(x=[51, 7], edge_index=[2, 32], edge_attr=[32, 6], y=2.0, custom_label=0.11764706, min_label=0, max_label=17, instance_name='p29.txt');0.11764705926179886;2.384715003245219e-07;1.302043841633349e-07;0.006243646144866943
Data(x=[51, 7], edge_index=[2, 32], edge_attr=[32, 6], y=1.0, custom_label=0.05882353, min_label=0, max_label=17, instance_name='p29.txt');0.05882352963089943;2.3847124452913704e-07;1.302043841633349e-07;0.006243646144866943
Data(x=[51, 7], edge_index=[2, 32], edge_attr=[32, 6], y=0.0, custom_label=0.0, min_label=0, max_label=17, instance_name='p29.txt');0.0;8.240593762920412e-10;2.5119931135186846e-10;0.006243646144866943
Data(x=[54, 7], edge_index=[2, 48], edge_attr=[48, 6], y=4.0, custom_label=0.23529412, min_label=0, max_label=17, instance_name='p29.txt');0.23529411852359772;0.0004899250925518572;1.399258451328933e-07;0.00023004146351013333
Data(x=[53, 7], edge_index=[2, 42], edge_attr=[42, 6], y=3.0, custom_label=0.1764706, min_label=0, max_label=17, instance_name='p29.txt');0.1764705926179886;0.00010322164598619565;3.4024307637992024e-07;0.00023004146351013333
Data(x=[52, 7], edge_index=[2, 40], edge_attr=[40, 6], y=2.0, custom_label=0.11764706, min_label=0, max_label=17, instance_name='p29.txt');0.11764705926179886;0.02200818434357643;7.26551515981555e-05;0.00023004146351013333
Data(x=[53, 7], edge_index=[2, 42], edge_attr=[42, 6], y=1.0, custom_label=0.05882353, min_label=0, max_label=17, instance_name='p29.txt');0.05882352963089943;3.651257429737598e-05;7.705457960582862e-08;0.00023004146351013333
Data(x=[54, 7], edge_index=[2, 44], edge_attr=[44, 6], y=0.0, custom_label=0.0, min_label=0, max_label=17, instance_name='p29.txt');0.0;7.065196427902265e-08;9.270057638177676e-11;0.00023004146351013333
