item;Label;GATModel;GENModel;GINEModel
Data(x=[23, 7], edge_index=[2, 23], y=49.0, edge_attr=[23, 5], custom_label=1.0, min_label=0, max_label=49, instance_name='p01.txt');1.0;0.7647130489349365;0.7187411785125732;0.6659550070762634
Data(x=[23, 7], edge_index=[2, 23], y=48.0, edge_attr=[23, 5], custom_label=0.97959185, min_label=0, max_label=49, instance_name='p01.txt');0.9795918464660645;0.7647129893302917;0.7187411785125732;0.6659550070762634
Data(x=[23, 7], edge_index=[2, 23], y=47.0, edge_attr=[23, 5], custom_label=0.9591837, min_label=0, max_label=49, instance_name='p01.txt');0.9591836929321289;0.7647129893302917;0.7187411785125732;0.6659550070762634
Data(x=[23, 7], edge_index=[2, 23], y=46.0, edge_attr=[23, 5], custom_label=0.93877554, min_label=0, max_label=49, instance_name='p01.txt');0.9387755393981934;0.7647129893302917;0.7187411785125732;0.6659550070762634
Data(x=[23, 7], edge_index=[2, 23], y=45.0, edge_attr=[23, 5], custom_label=0.9183673, min_label=0, max_label=49, instance_name='p01.txt');0.918367326259613;0.7647129893302917;0.7187411785125732;0.6659550070762634
Data(x=[23, 7], edge_index=[2, 23], y=44.0, edge_attr=[23, 5], custom_label=0.8979592, min_label=0, max_label=49, instance_name='p01.txt');0.8979591727256775;0.7647129893302917;0.7187411785125732;0.6659550070762634
Data(x=[23, 7], edge_index=[2, 23], y=43.0, edge_attr=[23, 5], custom_label=0.877551, min_label=0, max_label=49, instance_name='p01.txt');0.8775510191917419;0.7647129893302917;0.7187411785125732;0.6659550070762634
Data(x=[23, 7], edge_index=[2, 23], y=42.0, edge_attr=[23, 5], custom_label=0.85714287, min_label=0, max_label=49, instance_name='p01.txt');0.8571428656578064;0.7647129893302917;0.7187411785125732;0.6659550070762634
Data(x=[23, 7], edge_index=[2, 23], y=41.0, edge_attr=[23, 5], custom_label=0.8367347, min_label=0, max_label=49, instance_name='p01.txt');0.8367347121238708;0.7647129893302917;0.7187411785125732;0.6659550070762634
Data(x=[23, 7], edge_index=[2, 23], y=40.0, edge_attr=[23, 5], custom_label=0.81632656, min_label=0, max_label=49, instance_name='p01.txt');0.8163265585899353;0.7647129893302917;0.7187411785125732;0.6659550070762634
Data(x=[23, 7], edge_index=[2, 23], y=39.0, edge_attr=[23, 5], custom_label=0.79591835, min_label=0, max_label=49, instance_name='p01.txt');0.795918345451355;0.7647129893302917;0.7187411785125732;0.6659550070762634
Data(x=[23, 7], edge_index=[2, 23], y=38.0, edge_attr=[23, 5], custom_label=0.7755102, min_label=0, max_label=49, instance_name='p01.txt');0.7755101919174194;0.7647129893302917;0.7187411785125732;0.6659550070762634
Data(x=[23, 7], edge_index=[2, 23], y=37.0, edge_attr=[23, 5], custom_label=0.75510204, min_label=0, max_label=49, instance_name='p01.txt');0.7551020383834839;0.7647129893302917;0.7187411785125732;0.6659550070762634
Data(x=[23, 7], edge_index=[2, 23], y=36.0, edge_attr=[23, 5], custom_label=0.7346939, min_label=0, max_label=49, instance_name='p01.txt');0.7346938848495483;0.7647129893302917;0.7187411785125732;0.6659550070762634
Data(x=[23, 7], edge_index=[2, 23], y=35.0, edge_attr=[23, 5], custom_label=0.71428573, min_label=0, max_label=49, instance_name='p01.txt');0.7142857313156128;0.7647129893302917;0.7187411785125732;0.6659550070762634
Data(x=[23, 7], edge_index=[2, 23], y=34.0, edge_attr=[23, 5], custom_label=0.6938776, min_label=0, max_label=49, instance_name='p01.txt');0.6938775777816772;0.7647129893302917;0.7187411785125732;0.6659550070762634
Data(x=[23, 7], edge_index=[2, 23], y=33.0, edge_attr=[23, 5], custom_label=0.67346936, min_label=0, max_label=49, instance_name='p01.txt');0.6734693646430969;0.7647129893302917;0.7187411785125732;0.6659550070762634
Data(x=[23, 7], edge_index=[2, 23], y=32.0, edge_attr=[23, 5], custom_label=0.6530612, min_label=0, max_label=49, instance_name='p01.txt');0.6530612111091614;0.7647130489349365;0.7187411785125732;0.6659550070762634
Data(x=[23, 7], edge_index=[2, 23], y=31.0, edge_attr=[23, 5], custom_label=0.63265306, min_label=0, max_label=49, instance_name='p01.txt');0.6326530575752258;0.7647130489349365;0.7187411785125732;0.6659550070762634
Data(x=[23, 7], edge_index=[2, 23], y=30.0, edge_attr=[23, 5], custom_label=0.6122449, min_label=0, max_label=49, instance_name='p01.txt');0.6122449040412903;0.7647129893302917;0.7187411785125732;0.6659550070762634
Data(x=[23, 7], edge_index=[2, 23], y=29.0, edge_attr=[23, 5], custom_label=0.59183675, min_label=0, max_label=49, instance_name='p01.txt');0.5918367505073547;0.7647129893302917;0.7187411785125732;0.6659550070762634
Data(x=[23, 7], edge_index=[2, 23], y=28.0, edge_attr=[23, 5], custom_label=0.5714286, min_label=0, max_label=49, instance_name='p01.txt');0.5714285969734192;0.7647130489349365;0.7187411785125732;0.6659550070762634
Data(x=[23, 7], edge_index=[2, 23], y=27.0, edge_attr=[23, 5], custom_label=0.5510204, min_label=0, max_label=49, instance_name='p01.txt');0.5510203838348389;0.7647129893302917;0.7187411785125732;0.6659550070762634
Data(x=[23, 7], edge_index=[2, 23], y=26.0, edge_attr=[23, 5], custom_label=0.53061223, min_label=0, max_label=49, instance_name='p01.txt');0.5306122303009033;0.7647129893302917;0.7187411785125732;0.6659550070762634
Data(x=[23, 7], edge_index=[2, 23], y=25.0, edge_attr=[23, 5], custom_label=0.5102041, min_label=0, max_label=49, instance_name='p01.txt');0.5102040767669678;0.7647129893302917;0.7187411785125732;0.6659550070762634
Data(x=[24, 7], edge_index=[2, 2], edge_attr=[2, 5], y=24.0, custom_label=0.48979592, min_label=0, max_label=49, instance_name='p01.txt');0.4897959232330322;0.273237019777298;0.3388572931289673;0.12605628371238708
Data(x=[24, 7], edge_index=[2, 2], edge_attr=[2, 5], y=23.0, custom_label=0.46938777, min_label=0, max_label=49, instance_name='p01.txt');0.4693877696990967;0.273237019777298;0.3388572931289673;0.12605628371238708
Data(x=[24, 7], edge_index=[2, 2], edge_attr=[2, 5], y=22.0, custom_label=0.4489796, min_label=0, max_label=49, instance_name='p01.txt');0.44897958636283875;0.273237019777298;0.3388572931289673;0.12605628371238708
Data(x=[24, 7], edge_index=[2, 2], edge_attr=[2, 5], y=21.0, custom_label=0.42857143, min_label=0, max_label=49, instance_name='p01.txt');0.4285714328289032;0.273237019777298;0.3388572931289673;0.12605628371238708
Data(x=[24, 7], edge_index=[2, 2], edge_attr=[2, 5], y=20.0, custom_label=0.40816328, min_label=0, max_label=49, instance_name='p01.txt');0.40816327929496765;0.273237019777298;0.3388572931289673;0.12605628371238708
Data(x=[24, 7], edge_index=[2, 2], edge_attr=[2, 5], y=19.0, custom_label=0.3877551, min_label=0, max_label=49, instance_name='p01.txt');0.3877550959587097;0.273237019777298;0.3388572931289673;0.12605628371238708
Data(x=[24, 7], edge_index=[2, 2], edge_attr=[2, 5], y=18.0, custom_label=0.36734694, min_label=0, max_label=49, instance_name='p01.txt');0.36734694242477417;0.273237019777298;0.3388572931289673;0.12605628371238708
Data(x=[24, 7], edge_index=[2, 2], edge_attr=[2, 5], y=17.0, custom_label=0.3469388, min_label=0, max_label=49, instance_name='p01.txt');0.3469387888908386;0.273237019777298;0.3388572931289673;0.12605628371238708
Data(x=[24, 7], edge_index=[2, 2], edge_attr=[2, 5], y=16.0, custom_label=0.3265306, min_label=0, max_label=49, instance_name='p01.txt');0.3265306055545807;0.273237019777298;0.3388572931289673;0.12605628371238708
Data(x=[24, 7], edge_index=[2, 2], edge_attr=[2, 5], y=15.0, custom_label=0.30612245, min_label=0, max_label=49, instance_name='p01.txt');0.30612245202064514;0.273237019777298;0.3388572931289673;0.12605628371238708
Data(x=[24, 7], edge_index=[2, 2], edge_attr=[2, 5], y=14.0, custom_label=0.2857143, min_label=0, max_label=49, instance_name='p01.txt');0.2857142984867096;0.273237019777298;0.3388572931289673;0.12605628371238708
Data(x=[24, 7], edge_index=[2, 2], edge_attr=[2, 5], y=13.0, custom_label=0.26530612, min_label=0, max_label=49, instance_name='p01.txt');0.26530611515045166;0.273237019777298;0.3388572931289673;0.12605628371238708
Data(x=[24, 7], edge_index=[2, 2], edge_attr=[2, 5], y=12.0, custom_label=0.24489796, min_label=0, max_label=49, instance_name='p01.txt');0.2448979616165161;0.273237019777298;0.3388572931289673;0.12605628371238708
Data(x=[24, 7], edge_index=[2, 2], edge_attr=[2, 5], y=11.0, custom_label=0.2244898, min_label=0, max_label=49, instance_name='p01.txt');0.22448979318141937;0.273237019777298;0.3388572931289673;0.12605628371238708
Data(x=[24, 7], edge_index=[2, 2], edge_attr=[2, 5], y=10.0, custom_label=0.20408164, min_label=0, max_label=49, instance_name='p01.txt');0.20408163964748383;0.273237019777298;0.3388572931289673;0.12605628371238708
Data(x=[24, 7], edge_index=[2, 2], edge_attr=[2, 5], y=9.0, custom_label=0.18367347, min_label=0, max_label=49, instance_name='p01.txt');0.18367347121238708;0.273237019777298;0.3388572931289673;0.12605628371238708
Data(x=[24, 7], edge_index=[2, 2], edge_attr=[2, 5], y=8.0, custom_label=0.1632653, min_label=0, max_label=49, instance_name='p01.txt');0.16326530277729034;0.273237019777298;0.3388572931289673;0.12605628371238708
Data(x=[24, 7], edge_index=[2, 2], edge_attr=[2, 5], y=7.0, custom_label=0.14285715, min_label=0, max_label=49, instance_name='p01.txt');0.1428571492433548;0.273237019777298;0.3388572931289673;0.12605628371238708
Data(x=[24, 7], edge_index=[2, 2], edge_attr=[2, 5], y=6.0, custom_label=0.12244898, min_label=0, max_label=49, instance_name='p01.txt');0.12244898080825806;0.273237019777298;0.3388572931289673;0.12605628371238708
Data(x=[24, 7], edge_index=[2, 2], edge_attr=[2, 5], y=5.0, custom_label=0.10204082, min_label=0, max_label=49, instance_name='p01.txt');0.10204081982374191;0.273237019777298;0.3388572931289673;0.12605628371238708
Data(x=[24, 7], edge_index=[2, 2], edge_attr=[2, 5], y=4.0, custom_label=0.08163265, min_label=0, max_label=49, instance_name='p01.txt');0.08163265138864517;0.273237019777298;0.3388572931289673;0.12605628371238708
Data(x=[24, 7], edge_index=[2, 2], edge_attr=[2, 5], y=3.0, custom_label=0.06122449, min_label=0, max_label=49, instance_name='p01.txt');0.06122449040412903;0.273237019777298;0.3388572931289673;0.12605628371238708
Data(x=[24, 7], edge_index=[2, 2], edge_attr=[2, 5], y=2.0, custom_label=0.040816326, min_label=0, max_label=49, instance_name='p01.txt');0.040816325694322586;0.273237019777298;0.3388572931289673;0.12605628371238708
Data(x=[24, 7], edge_index=[2, 2], edge_attr=[2, 5], y=1.0, custom_label=0.020408163, min_label=0, max_label=49, instance_name='p01.txt');0.020408162847161293;0.273237019777298;0.3388572931289673;0.12605628371238708
Data(x=[25, 7], edge_index=[2, 4], edge_attr=[4, 5], y=0.0, custom_label=0.0, min_label=0, max_label=49, instance_name='p01.txt');0.0;0.10538029670715332;0.03925742581486702;0.12605628371238708
Data(x=[16, 7], edge_index=[2, 8], edge_attr=[8, 5], y=0.0, custom_label=0.0, min_label=0, max_label=49, instance_name='p01.txt');0.0;0.02816321887075901;0.02235994301736355;0.12605628371238708
Data(x=[16, 7], edge_index=[2, 8], edge_attr=[8, 5], y=0.0, custom_label=0.0, min_label=0, max_label=49, instance_name='p01.txt');0.0;0.15736564993858337;0.14465099573135376;0.12605628371238708
Data(x=[14, 7], edge_index=[2, 6], edge_attr=[6, 5], y=0.0, custom_label=0.0, min_label=0, max_label=49, instance_name='p01.txt');0.0;0.13418571650981903;0.14180324971675873;0.12605628371238708
Data(x=[15, 7], edge_index=[2, 8], edge_attr=[8, 5], y=0.0, custom_label=0.0, min_label=0, max_label=49, instance_name='p01.txt');0.0;0.16451866924762726;0.15445265173912048;1.6836214854265563e-05
Data(x=[12, 7], edge_index=[2, 6], edge_attr=[6, 5], y=0.0, custom_label=0.0, min_label=0, max_label=49, instance_name='p01.txt');0.0;0.14565561711788177;0.14876620471477509;0.12605628371238708
Data(x=[14, 7], edge_index=[2, 4], edge_attr=[4, 5], y=0.0, custom_label=0.0, min_label=0, max_label=49, instance_name='p01.txt');0.0;0.10254836827516556;0.12216529250144958;0.12605628371238708
Data(x=[21, 7], edge_index=[2, 10], edge_attr=[10, 5], y=0.0, custom_label=0.0, min_label=0, max_label=49, instance_name='p01.txt');0.0;0.02907937951385975;0.014339765533804893;1.272016470466042e-05
Data(x=[16, 7], edge_index=[2, 6], edge_attr=[6, 5], y=0.0, custom_label=0.0, min_label=0, max_label=49, instance_name='p01.txt');0.0;0.025724729523062706;0.016224777325987816;4.1228686313843355e-06
Data(x=[20, 7], edge_index=[2, 6], edge_attr=[6, 5], y=0.0, custom_label=0.0, min_label=0, max_label=49, instance_name='p01.txt');0.0;0.12026402354240417;0.08858682215213776;0.12605628371238708
Data(x=[14, 7], edge_index=[2, 6], edge_attr=[6, 5], y=0.0, custom_label=0.0, min_label=0, max_label=49, instance_name='p01.txt');0.0;0.13418571650981903;0.14180324971675873;0.12605628371238708
Data(x=[16, 7], edge_index=[2, 8], edge_attr=[8, 5], y=0.0, custom_label=0.0, min_label=0, max_label=49, instance_name='p01.txt');0.0;0.028163224458694458;0.02235994301736355;3.764807843253948e-05
Data(x=[15, 7], edge_index=[2, 6], edge_attr=[6, 5], y=0.0, custom_label=0.0, min_label=0, max_label=49, instance_name='p01.txt');0.0;0.02595289796590805;0.01926095224916935;1.272016470466042e-05
Data(x=[14, 7], edge_index=[2, 8], edge_attr=[8, 5], y=0.0, custom_label=0.0, min_label=0, max_label=49, instance_name='p01.txt');0.0;0.029929671436548233;0.033668357878923416;4.658037141780369e-06
Data(x=[14, 7], edge_index=[2, 8], edge_attr=[8, 5], y=0.0, custom_label=0.0, min_label=0, max_label=49, instance_name='p01.txt');0.0;0.17278192937374115;0.158571258187294;6.252767889236566e-06
Data(x=[14, 7], edge_index=[2, 6], edge_attr=[6, 5], y=0.0, custom_label=0.0, min_label=0, max_label=49, instance_name='p01.txt');0.0;0.026509128510951996;0.023415839299559593;3.764807843253948e-05
Data(x=[15, 7], edge_index=[2, 8], edge_attr=[8, 5], y=0.0, custom_label=0.0, min_label=0, max_label=49, instance_name='p01.txt');0.0;0.02889096923172474;0.02708173356950283;0.12605628371238708
Data(x=[16, 7], edge_index=[2, 6], edge_attr=[6, 5], y=0.0, custom_label=0.0, min_label=0, max_label=49, instance_name='p01.txt');0.0;0.12585219740867615;0.12155204266309738;0.12605628371238708
Data(x=[12, 7], edge_index=[2, 4], edge_attr=[4, 5], y=0.0, custom_label=0.0, min_label=0, max_label=49, instance_name='p01.txt');0.0;0.10634895414113998;0.1303665041923523;0.12605628371238708
Data(x=[19, 7], edge_index=[2, 10], edge_attr=[10, 5], y=0.0, custom_label=0.0, min_label=0, max_label=49, instance_name='p01.txt');0.0;0.02902882546186447;0.018564902245998383;1.272016470466042e-05
Data(x=[17, 7], edge_index=[2, 4], edge_attr=[4, 5], y=0.0, custom_label=0.0, min_label=0, max_label=49, instance_name='p01.txt');0.0;0.0981513261795044;0.0935937836766243;0.12605628371238708
Data(x=[20, 7], edge_index=[2, 10], edge_attr=[10, 5], y=0.0, custom_label=0.0, min_label=0, max_label=49, instance_name='p01.txt');0.0;0.028995998203754425;0.016213372349739075;0.12605628371238708
Data(x=[20, 7], edge_index=[2, 8], edge_attr=[8, 5], y=0.0, custom_label=0.0, min_label=0, max_label=49, instance_name='p01.txt');0.0;0.0276943352073431;0.0125282509252429;0.12605628371238708
Data(x=[17, 7], edge_index=[2, 6], edge_attr=[6, 5], y=0.0, custom_label=0.0, min_label=0, max_label=49, instance_name='p01.txt');0.0;0.12577371299266815;0.14797425270080566;0.12605628371238708
Data(x=[21, 7], edge_index=[2, 10], edge_attr=[10, 5], y=0.0, custom_label=0.0, min_label=0, max_label=49, instance_name='p01.txt');0.0;0.029079385101795197;0.014339773915708065;1.6836214854265563e-05
Data(x=[14, 7], edge_index=[2, 6], edge_attr=[6, 5], y=0.0, custom_label=0.0, min_label=0, max_label=49, instance_name='p01.txt');0.0;0.026509128510951996;0.02341585047543049;0.12605628371238708
Data(x=[18, 7], edge_index=[2, 4], edge_attr=[4, 5], y=12.0, custom_label=0.24489796, min_label=0, max_label=49, instance_name='p01.txt');0.2448979616165161;0.32412776350975037;0.38876765966415405;0.12605628371238708
Data(x=[18, 7], edge_index=[2, 4], edge_attr=[4, 5], y=11.0, custom_label=0.2244898, min_label=0, max_label=49, instance_name='p01.txt');0.22448979318141937;0.32412776350975037;0.38876765966415405;0.12605628371238708
Data(x=[18, 7], edge_index=[2, 4], edge_attr=[4, 5], y=10.0, custom_label=0.20408164, min_label=0, max_label=49, instance_name='p01.txt');0.20408163964748383;0.32412776350975037;0.38876765966415405;0.12605628371238708
Data(x=[18, 7], edge_index=[2, 4], edge_attr=[4, 5], y=9.0, custom_label=0.18367347, min_label=0, max_label=49, instance_name='p01.txt');0.18367347121238708;0.3520793318748474;0.4419780969619751;0.12605628371238708
Data(x=[18, 7], edge_index=[2, 4], edge_attr=[4, 5], y=8.0, custom_label=0.1632653, min_label=0, max_label=49, instance_name='p01.txt');0.16326530277729034;0.32412776350975037;0.38876765966415405;0.12605628371238708
Data(x=[18, 7], edge_index=[2, 4], edge_attr=[4, 5], y=7.0, custom_label=0.14285715, min_label=0, max_label=49, instance_name='p01.txt');0.1428571492433548;0.324127733707428;0.38876765966415405;0.12605628371238708
Data(x=[17, 7], edge_index=[2, 2], edge_attr=[2, 5], y=6.0, custom_label=0.12244898, min_label=0, max_label=49, instance_name='p01.txt');0.12244898080825806;0.3722817003726959;0.4146372079849243;0.12605628371238708
Data(x=[17, 7], edge_index=[2, 2], edge_attr=[2, 5], y=5.0, custom_label=0.10204082, min_label=0, max_label=49, instance_name='p01.txt');0.10204081982374191;0.3722817003726959;0.4146372079849243;0.12605628371238708
Data(x=[17, 7], edge_index=[2, 2], edge_attr=[2, 5], y=4.0, custom_label=0.08163265, min_label=0, max_label=49, instance_name='p01.txt');0.08163265138864517;0.3722817003726959;0.4146372079849243;0.12605628371238708
Data(x=[17, 7], edge_index=[2, 2], edge_attr=[2, 5], y=3.0, custom_label=0.06122449, min_label=0, max_label=49, instance_name='p01.txt');0.06122449040412903;0.3722817003726959;0.4146372079849243;0.12605628371238708
Data(x=[17, 7], edge_index=[2, 2], edge_attr=[2, 5], y=2.0, custom_label=0.040816326, min_label=0, max_label=49, instance_name='p01.txt');0.040816325694322586;0.3722817003726959;0.4146372079849243;0.12605628371238708
Data(x=[17, 7], edge_index=[2, 2], edge_attr=[2, 5], y=1.0, custom_label=0.020408163, min_label=0, max_label=49, instance_name='p01.txt');0.020408162847161293;0.3722817003726959;0.4146372079849243;0.12605628371238708
Data(x=[18, 7], edge_index=[2, 4], edge_attr=[4, 5], y=0.0, custom_label=0.0, min_label=0, max_label=49, instance_name='p01.txt');0.0;0.09819943457841873;0.08687737584114075;0.12605628371238708
Data(x=[22, 7], edge_index=[2, 10], edge_attr=[10, 5], y=0.0, custom_label=0.0, min_label=0, max_label=49, instance_name='p01.txt');0.0;0.029174786061048508;0.012822596356272697;0.12605628371238708
Data(x=[20, 7], edge_index=[2, 8], edge_attr=[8, 5], y=0.0, custom_label=0.0, min_label=0, max_label=49, instance_name='p01.txt');0.0;0.14148789644241333;0.10243009030818939;0.12605628371238708
Data(x=[14, 7], edge_index=[2, 4], edge_attr=[4, 5], y=0.0, custom_label=0.0, min_label=0, max_label=49, instance_name='p01.txt');0.0;0.10254836827516556;0.12216529250144958;0.12605628371238708
Data(x=[20, 7], edge_index=[2, 10], edge_attr=[10, 5], y=0.0, custom_label=0.0, min_label=0, max_label=49, instance_name='p01.txt');0.0;0.028995998203754425;0.01621337980031967;0.12605628371238708
Data(x=[15, 7], edge_index=[2, 10], edge_attr=[10, 5], y=0.0, custom_label=0.0, min_label=0, max_label=49, instance_name='p01.txt');0.0;0.031157130375504494;0.037955187261104584;4.177625259615958e-11
Data(x=[15, 7], edge_index=[2, 6], edge_attr=[6, 5], y=0.0, custom_label=0.0, min_label=0, max_label=49, instance_name='p01.txt');0.0;0.12966695427894592;0.1343647688627243;6.252767889236566e-06
Data(x=[16, 7], edge_index=[2, 4], edge_attr=[4, 5], y=0.0, custom_label=0.0, min_label=0, max_label=49, instance_name='p01.txt');0.0;0.09933097660541534;0.10170308500528336;0.12605628371238708
Data(x=[15, 7], edge_index=[2, 8], edge_attr=[8, 5], y=0.0, custom_label=0.0, min_label=0, max_label=49, instance_name='p01.txt');0.0;0.02889096923172474;0.02708173356950283;4.1228686313843355e-06
Data(x=[17, 7], edge_index=[2, 8], edge_attr=[8, 5], y=0.0, custom_label=0.0, min_label=0, max_label=49, instance_name='p01.txt');0.0;0.04127001389861107;0.019216002896428108;3.764807843253948e-05
Data(x=[17, 7], edge_index=[2, 10], edge_attr=[10, 5], y=0.0, custom_label=0.0, min_label=0, max_label=49, instance_name='p01.txt');0.0;0.029467113316059113;0.025495193898677826;1.6836214854265563e-05
Data(x=[13, 7], edge_index=[2, 8], edge_attr=[8, 5], y=0.0, custom_label=0.0, min_label=0, max_label=49, instance_name='p01.txt');0.0;0.18255718052387238;0.1634337157011032;4.177625259615958e-11
Data(x=[14, 7], edge_index=[2, 6], edge_attr=[6, 5], y=0.0, custom_label=0.0, min_label=0, max_label=49, instance_name='p01.txt');0.0;0.13418571650981903;0.14180326461791992;0.12605628371238708
Data(x=[19, 7], edge_index=[2, 19], y=35.0, edge_attr=[19, 5], custom_label=1.0, min_label=0, max_label=35, instance_name='p02.txt');1.0;0.801670491695404;0.7603569626808167;0.6659550070762634
Data(x=[19, 7], edge_index=[2, 19], y=34.0, edge_attr=[19, 5], custom_label=0.9714286, min_label=0, max_label=35, instance_name='p02.txt');0.9714285731315613;0.801670491695404;0.7603569626808167;0.6659550070762634
Data(x=[19, 7], edge_index=[2, 19], y=33.0, edge_attr=[19, 5], custom_label=0.94285715, min_label=0, max_label=35, instance_name='p02.txt');0.9428571462631226;0.801670491695404;0.7603569626808167;0.6659550070762634
Data(x=[19, 7], edge_index=[2, 19], y=32.0, edge_attr=[19, 5], custom_label=0.9142857, min_label=0, max_label=35, instance_name='p02.txt');0.9142857193946838;0.801670491695404;0.7603569626808167;0.6659550070762634
Data(x=[19, 7], edge_index=[2, 19], y=31.0, edge_attr=[19, 5], custom_label=0.8857143, min_label=0, max_label=35, instance_name='p02.txt');0.8857142925262451;0.801670491695404;0.7603569626808167;0.6659550070762634
Data(x=[19, 7], edge_index=[2, 19], y=30.0, edge_attr=[19, 5], custom_label=0.85714287, min_label=0, max_label=35, instance_name='p02.txt');0.8571428656578064;0.801670491695404;0.7603569626808167;0.6659550070762634
Data(x=[19, 7], edge_index=[2, 19], y=29.0, edge_attr=[19, 5], custom_label=0.82857144, min_label=0, max_label=35, instance_name='p02.txt');0.8285714387893677;0.801670491695404;0.7603569626808167;0.6659550070762634
Data(x=[19, 7], edge_index=[2, 19], y=28.0, edge_attr=[19, 5], custom_label=0.8, min_label=0, max_label=35, instance_name='p02.txt');0.800000011920929;0.801670491695404;0.7603569626808167;0.6659550070762634
Data(x=[19, 7], edge_index=[2, 19], y=27.0, edge_attr=[19, 5], custom_label=0.7714286, min_label=0, max_label=35, instance_name='p02.txt');0.7714285850524902;0.801670491695404;0.7603569626808167;0.6659550070762634
Data(x=[19, 7], edge_index=[2, 19], y=26.0, edge_attr=[19, 5], custom_label=0.74285716, min_label=0, max_label=35, instance_name='p02.txt');0.7428571581840515;0.801670491695404;0.7603569626808167;0.6659550070762634
Data(x=[19, 7], edge_index=[2, 19], y=25.0, edge_attr=[19, 5], custom_label=0.71428573, min_label=0, max_label=35, instance_name='p02.txt');0.7142857313156128;0.801670491695404;0.7603569626808167;0.6659550070762634
Data(x=[19, 7], edge_index=[2, 19], y=24.0, edge_attr=[19, 5], custom_label=0.6857143, min_label=0, max_label=35, instance_name='p02.txt');0.6857143044471741;0.801670491695404;0.7603569626808167;0.6659550070762634
Data(x=[19, 7], edge_index=[2, 19], y=23.0, edge_attr=[19, 5], custom_label=0.6571429, min_label=0, max_label=35, instance_name='p02.txt');0.6571428775787354;0.801670491695404;0.7603569626808167;0.6659550070762634
Data(x=[19, 7], edge_index=[2, 19], y=22.0, edge_attr=[19, 5], custom_label=0.62857145, min_label=0, max_label=35, instance_name='p02.txt');0.6285714507102966;0.801670491695404;0.7603569626808167;0.6659550070762634
Data(x=[19, 7], edge_index=[2, 19], y=21.0, edge_attr=[19, 5], custom_label=0.6, min_label=0, max_label=35, instance_name='p02.txt');0.6000000238418579;0.801670491695404;0.7603569626808167;0.6659550070762634
Data(x=[19, 7], edge_index=[2, 19], y=20.0, edge_attr=[19, 5], custom_label=0.5714286, min_label=0, max_label=35, instance_name='p02.txt');0.5714285969734192;0.801670491695404;0.7603569626808167;0.6659550070762634
Data(x=[19, 7], edge_index=[2, 19], y=19.0, edge_attr=[19, 5], custom_label=0.54285717, min_label=0, max_label=35, instance_name='p02.txt');0.5428571701049805;0.801670491695404;0.7603569626808167;0.6659550070762634
Data(x=[19, 7], edge_index=[2, 19], y=18.0, edge_attr=[19, 5], custom_label=0.51428574, min_label=0, max_label=35, instance_name='p02.txt');0.5142857432365417;0.801670491695404;0.7603569626808167;0.6659550070762634
Data(x=[19, 7], edge_index=[2, 19], y=17.0, edge_attr=[19, 5], custom_label=0.4857143, min_label=0, max_label=35, instance_name='p02.txt');0.48571428656578064;0.801670491695404;0.7603569626808167;0.6659550070762634
Data(x=[19, 7], edge_index=[2, 19], y=16.0, edge_attr=[19, 5], custom_label=0.45714286, min_label=0, max_label=35, instance_name='p02.txt');0.4571428596973419;0.801670491695404;0.7603569626808167;0.6659550070762634
Data(x=[19, 7], edge_index=[2, 19], y=15.0, edge_attr=[19, 5], custom_label=0.42857143, min_label=0, max_label=35, instance_name='p02.txt');0.4285714328289032;0.801670491695404;0.7603569626808167;0.6659550070762634
Data(x=[19, 7], edge_index=[2, 19], y=14.0, edge_attr=[19, 5], custom_label=0.4, min_label=0, max_label=35, instance_name='p02.txt');0.4000000059604645;0.801670491695404;0.7603569626808167;0.6659550070762634
Data(x=[19, 7], edge_index=[2, 19], y=13.0, edge_attr=[19, 5], custom_label=0.37142858, min_label=0, max_label=35, instance_name='p02.txt');0.37142857909202576;0.801670491695404;0.7603569626808167;0.6659550070762634
Data(x=[19, 7], edge_index=[2, 19], y=12.0, edge_attr=[19, 5], custom_label=0.34285715, min_label=0, max_label=35, instance_name='p02.txt');0.34285715222358704;0.801670491695404;0.7603569626808167;0.6659550070762634
Data(x=[19, 7], edge_index=[2, 19], y=11.0, edge_attr=[19, 5], custom_label=0.31428573, min_label=0, max_label=35, instance_name='p02.txt');0.3142857253551483;0.801670491695404;0.7603569626808167;0.6659550070762634
Data(x=[19, 7], edge_index=[2, 19], y=10.0, edge_attr=[19, 5], custom_label=0.2857143, min_label=0, max_label=35, instance_name='p02.txt');0.2857142984867096;0.801670491695404;0.7603569626808167;0.6659550070762634
Data(x=[19, 7], edge_index=[2, 19], y=9.0, edge_attr=[19, 5], custom_label=0.25714287, min_label=0, max_label=35, instance_name='p02.txt');0.2571428716182709;0.801670491695404;0.7603569626808167;0.6659550070762634
Data(x=[19, 7], edge_index=[2, 19], y=8.0, edge_attr=[19, 5], custom_label=0.22857143, min_label=0, max_label=35, instance_name='p02.txt');0.22857142984867096;0.801670491695404;0.7603569626808167;0.6659550070762634
Data(x=[19, 7], edge_index=[2, 19], y=7.0, edge_attr=[19, 5], custom_label=0.2, min_label=0, max_label=35, instance_name='p02.txt');0.20000000298023224;0.801670491695404;0.7603569626808167;0.6659550070762634
Data(x=[19, 7], edge_index=[2, 19], y=6.0, edge_attr=[19, 5], custom_label=0.17142858, min_label=0, max_label=35, instance_name='p02.txt');0.17142857611179352;0.801670491695404;0.7603569626808167;0.6659550070762634
Data(x=[19, 7], edge_index=[2, 19], y=5.0, edge_attr=[19, 5], custom_label=0.14285715, min_label=0, max_label=35, instance_name='p02.txt');0.1428571492433548;0.801670491695404;0.7603569626808167;0.6659550070762634
Data(x=[20, 7], edge_index=[2, 2], edge_attr=[2, 5], y=4.0, custom_label=0.114285715, min_label=0, max_label=35, instance_name='p02.txt');0.11428571492433548;0.31906211376190186;0.3863771855831146;0.12605628371238708
Data(x=[20, 7], edge_index=[2, 2], edge_attr=[2, 5], y=3.0, custom_label=0.08571429, min_label=0, max_label=35, instance_name='p02.txt');0.08571428805589676;0.31906211376190186;0.3863771855831146;0.12605628371238708
Data(x=[20, 7], edge_index=[2, 2], edge_attr=[2, 5], y=2.0, custom_label=0.057142857, min_label=0, max_label=35, instance_name='p02.txt');0.05714285746216774;0.31906211376190186;0.3863771855831146;0.12605628371238708
Data(x=[20, 7], edge_index=[2, 2], edge_attr=[2, 5], y=1.0, custom_label=0.028571429, min_label=0, max_label=35, instance_name='p02.txt');0.02857142873108387;0.31906211376190186;0.3863771855831146;0.12605628371238708
Data(x=[21, 7], edge_index=[2, 4], edge_attr=[4, 5], y=0.0, custom_label=0.0, min_label=0, max_label=35, instance_name='p02.txt');0.0;0.10165701061487198;0.06545037776231766;0.12605628371238708
Data(x=[13, 7], edge_index=[2, 4], edge_attr=[4, 5], y=0.0, custom_label=0.0, min_label=0, max_label=35, instance_name='p02.txt');0.0;0.1043078675866127;0.1282949149608612;0.12605628371238708
Data(x=[14, 7], edge_index=[2, 6], edge_attr=[6, 5], y=0.0, custom_label=0.0, min_label=0, max_label=35, instance_name='p02.txt');0.0;0.13418571650981903;0.14180326461791992;0.12605628371238708
Data(x=[15, 7], edge_index=[2, 4], edge_attr=[4, 5], y=5.0, custom_label=0.14285715, min_label=0, max_label=35, instance_name='p02.txt');0.1428571492433548;0.3876841962337494;0.4210277795791626;0.12605628371238708
Data(x=[15, 7], edge_index=[2, 4], edge_attr=[4, 5], y=4.0, custom_label=0.114285715, min_label=0, max_label=35, instance_name='p02.txt');0.11428571492433548;0.3876841962337494;0.4210277795791626;0.12605628371238708
Data(x=[15, 7], edge_index=[2, 4], edge_attr=[4, 5], y=3.0, custom_label=0.08571429, min_label=0, max_label=35, instance_name='p02.txt');0.08571428805589676;0.42133989930152893;0.4900628626346588;0.12605628371238708
Data(x=[15, 7], edge_index=[2, 4], edge_attr=[4, 5], y=2.0, custom_label=0.057142857, min_label=0, max_label=35, instance_name='p02.txt');0.05714285746216774;0.3876841962337494;0.4210277795791626;0.12605628371238708
Data(x=[15, 7], edge_index=[2, 4], edge_attr=[4, 5], y=1.0, custom_label=0.028571429, min_label=0, max_label=35, instance_name='p02.txt');0.02857142873108387;0.3876841962337494;0.4210277795791626;0.12605628371238708
Data(x=[15, 7], edge_index=[2, 4], edge_attr=[4, 5], y=0.0, custom_label=0.0, min_label=0, max_label=35, instance_name='p02.txt');0.0;0.10081461071968079;0.11164123564958572;0.12605628371238708
Data(x=[10, 7], edge_index=[2, 6], edge_attr=[6, 5], y=0.0, custom_label=0.0, min_label=0, max_label=35, instance_name='p02.txt');0.0;0.030242696404457092;0.054421063512563705;7.075917807242149e-08
Data(x=[12, 7], edge_index=[2, 6], edge_attr=[6, 5], y=0.0, custom_label=0.0, min_label=0, max_label=35, instance_name='p02.txt');0.0;0.14621497690677643;0.1694376915693283;0.12605628371238708
Data(x=[13, 7], edge_index=[2, 6], edge_attr=[6, 5], y=0.0, custom_label=0.0, min_label=0, max_label=35, instance_name='p02.txt');0.0;0.13956421613693237;0.14498251676559448;4.8575197979516815e-06
Data(x=[15, 7], edge_index=[2, 6], edge_attr=[6, 5], y=0.0, custom_label=0.0, min_label=0, max_label=35, instance_name='p02.txt');0.0;0.02595289796590805;0.019260957837104797;3.764807843253948e-05
Data(x=[10, 7], edge_index=[2, 6], edge_attr=[6, 5], y=0.0, custom_label=0.0, min_label=0, max_label=35, instance_name='p02.txt');0.0;0.16234642267227173;0.1589854657649994;4.678571713156998e-05
Data(x=[13, 7], edge_index=[2, 6], edge_attr=[6, 5], y=2.0, custom_label=0.057142857, min_label=0, max_label=35, instance_name='p02.txt');0.05714285746216774;0.5045865774154663;0.47304290533065796;2.0608646733588643e-11
Data(x=[12, 7], edge_index=[2, 4], edge_attr=[4, 5], y=1.0, custom_label=0.028571429, min_label=0, max_label=35, instance_name='p02.txt');0.02857142873108387;0.5743956565856934;0.5058700442314148;4.8575197979516815e-06
Data(x=[13, 7], edge_index=[2, 6], edge_attr=[6, 5], y=0.0, custom_label=0.0, min_label=0, max_label=35, instance_name='p02.txt');0.0;0.13956421613693237;0.14498251676559448;4.8575197979516815e-06
Data(x=[13, 7], edge_index=[2, 6], edge_attr=[6, 5], y=0.0, custom_label=0.0, min_label=0, max_label=35, instance_name='p02.txt');0.0;0.13956421613693237;0.14498251676559448;6.252767889236566e-06
Data(x=[14, 7], edge_index=[2, 4], edge_attr=[4, 5], y=0.0, custom_label=0.0, min_label=0, max_label=35, instance_name='p02.txt');0.0;0.10254836827516556;0.12216529250144958;0.12605628371238708
Data(x=[14, 7], edge_index=[2, 10], edge_attr=[10, 5], y=0.0, custom_label=0.0, min_label=0, max_label=35, instance_name='p02.txt');0.0;0.03235239163041115;0.04818837344646454;1.0500668274292174e-17
Data(x=[20, 7], edge_index=[2, 8], edge_attr=[8, 5], y=0.0, custom_label=0.0, min_label=0, max_label=35, instance_name='p02.txt');0.0;0.0276943352073431;0.0125282509252429;0.12605628371238708
Data(x=[12, 7], edge_index=[2, 6], edge_attr=[6, 5], y=0.0, custom_label=0.0, min_label=0, max_label=35, instance_name='p02.txt');0.0;0.14565561711788177;0.14876620471477509;6.252767889236566e-06
Data(x=[19, 7], edge_index=[2, 10], edge_attr=[10, 5], y=0.0, custom_label=0.0, min_label=0, max_label=35, instance_name='p02.txt');0.0;0.029028842225670815;0.018564904108643532;2.1934608643303655e-11
Data(x=[19, 7], edge_index=[2, 8], edge_attr=[8, 5], y=0.0, custom_label=0.0, min_label=0, max_label=35, instance_name='p02.txt');0.0;0.1443260908126831;0.1102975383400917;0.12605628371238708
Data(x=[10, 7], edge_index=[2, 8], edge_attr=[8, 5], y=0.0, custom_label=0.0, min_label=0, max_label=35, instance_name='p02.txt');0.0;0.03605690225958824;0.07387972623109818;1.4800369263490154e-11
Data(x=[12, 7], edge_index=[2, 6], edge_attr=[6, 5], y=0.0, custom_label=0.0, min_label=0, max_label=35, instance_name='p02.txt');0.0;0.027995716780424118;0.037854086607694626;3.764807843253948e-05
Data(x=[15, 7], edge_index=[2, 10], edge_attr=[10, 5], y=0.0, custom_label=0.0, min_label=0, max_label=35, instance_name='p02.txt');0.0;0.031157122924923897;0.03795519843697548;4.1228686313843355e-06
Data(x=[16, 7], edge_index=[2, 10], edge_attr=[10, 5], y=0.0, custom_label=0.0, min_label=0, max_label=35, instance_name='p02.txt');0.0;0.030207231640815735;0.03074251487851143;6.252767889236566e-06
Data(x=[15, 7], edge_index=[2, 6], edge_attr=[6, 5], y=0.0, custom_label=0.0, min_label=0, max_label=35, instance_name='p02.txt');0.0;0.12966695427894592;0.1343647986650467;1.6836214854265563e-05
Data(x=[13, 7], edge_index=[2, 6], edge_attr=[6, 5], y=3.0, custom_label=0.08571429, min_label=0, max_label=35, instance_name='p02.txt');0.08571428805589676;0.5045865774154663;0.47304290533065796;1.3850440239160378e-10
Data(x=[12, 7], edge_index=[2, 4], edge_attr=[4, 5], y=2.0, custom_label=0.057142857, min_label=0, max_label=35, instance_name='p02.txt');0.05714285746216774;0.5743956565856934;0.5058700442314148;1.6836214854265563e-05
Data(x=[12, 7], edge_index=[2, 4], edge_attr=[4, 5], y=1.0, custom_label=0.028571429, min_label=0, max_label=35, instance_name='p02.txt');0.02857142873108387;0.5743956565856934;0.5058700442314148;1.6836214854265563e-05
Data(x=[13, 7], edge_index=[2, 6], edge_attr=[6, 5], y=0.0, custom_label=0.0, min_label=0, max_label=35, instance_name='p02.txt');0.0;0.13956421613693237;0.14498251676559448;1.6836214854265563e-05
Data(x=[14, 7], edge_index=[2, 6], edge_attr=[6, 5], y=0.0, custom_label=0.0, min_label=0, max_label=35, instance_name='p02.txt');0.0;0.13418571650981903;0.14180326461791992;0.12605628371238708
Data(x=[16, 7], edge_index=[2, 12], edge_attr=[12, 5], y=0.0, custom_label=0.0, min_label=0, max_label=35, instance_name='p02.txt');0.0;0.13455317914485931;0.09846115112304688;9.47780443935962e-19
Data(x=[14, 7], edge_index=[2, 8], edge_attr=[8, 5], y=0.0, custom_label=0.0, min_label=0, max_label=35, instance_name='p02.txt');0.0;0.04648974910378456;0.03441024571657181;1.272016470466042e-05
Data(x=[13, 7], edge_index=[2, 6], edge_attr=[6, 5], y=0.0, custom_label=0.0, min_label=0, max_label=35, instance_name='p02.txt');0.0;0.13956421613693237;0.14498251676559448;1.6836214854265563e-05
Data(x=[18, 7], edge_index=[2, 6], edge_attr=[6, 5], y=0.0, custom_label=0.0, min_label=0, max_label=35, instance_name='p02.txt');0.0;0.025806782767176628;0.012177539058029652;0.12605628371238708
Data(x=[11, 7], edge_index=[2, 6], edge_attr=[6, 5], y=0.0, custom_label=0.0, min_label=0, max_label=35, instance_name='p02.txt');0.0;0.15305884182453156;0.15334247052669525;1.736607385671718e-11
Data(x=[14, 7], edge_index=[2, 12], edge_attr=[12, 5], y=0.0, custom_label=0.0, min_label=0, max_label=35, instance_name='p02.txt');0.0;0.1164027750492096;0.16329523921012878;0.12605628371238708
Data(x=[19, 7], edge_index=[2, 8], edge_attr=[8, 5], y=0.0, custom_label=0.0, min_label=0, max_label=35, instance_name='p02.txt');0.0;0.027589822188019753;0.014159613288939;0.12605628371238708
Data(x=[13, 7], edge_index=[2, 8], edge_attr=[8, 5], y=0.0, custom_label=0.0, min_label=0, max_label=35, instance_name='p02.txt');0.0;0.031096750870347023;0.04319312423467636;4.678571713156998e-05
Data(x=[13, 7], edge_index=[2, 6], edge_attr=[6, 5], y=0.0, custom_label=0.0, min_label=0, max_label=35, instance_name='p02.txt');0.0;0.1401093602180481;0.1635955274105072;0.12605628371238708
Data(x=[16, 7], edge_index=[2, 10], edge_attr=[10, 5], y=0.0, custom_label=0.0, min_label=0, max_label=35, instance_name='p02.txt');0.0;0.030207231640815735;0.030742520466446877;0.12605628371238708
Data(x=[14, 7], edge_index=[2, 6], edge_attr=[6, 5], y=0.0, custom_label=0.0, min_label=0, max_label=35, instance_name='p02.txt');0.0;0.13418571650981903;0.14180326461791992;0.12605628371238708
Data(x=[15, 7], edge_index=[2, 6], edge_attr=[6, 5], y=0.0, custom_label=0.0, min_label=0, max_label=35, instance_name='p02.txt');0.0;0.02595289796590805;0.01926095224916935;0.12605628371238708
Data(x=[15, 7], edge_index=[2, 6], edge_attr=[6, 5], y=0.0, custom_label=0.0, min_label=0, max_label=35, instance_name='p02.txt');0.0;0.02595289796590805;0.019260957837104797;0.12605628371238708
Data(x=[13, 7], edge_index=[2, 6], edge_attr=[6, 5], y=3.0, custom_label=0.08571429, min_label=0, max_label=35, instance_name='p02.txt');0.08571428805589676;0.5045865774154663;0.47304290533065796;0.12605628371238708
Data(x=[13, 7], edge_index=[2, 6], edge_attr=[6, 5], y=2.0, custom_label=0.057142857, min_label=0, max_label=35, instance_name='p02.txt');0.05714285746216774;0.5045865774154663;0.47304290533065796;0.12605628371238708
Data(x=[13, 7], edge_index=[2, 6], edge_attr=[6, 5], y=1.0, custom_label=0.028571429, min_label=0, max_label=35, instance_name='p02.txt');0.02857142873108387;0.5045865774154663;0.47304290533065796;0.12605628371238708
Data(x=[14, 7], edge_index=[2, 8], edge_attr=[8, 5], y=0.0, custom_label=0.0, min_label=0, max_label=35, instance_name='p02.txt');0.0;0.029929671436548233;0.033668357878923416;0.12605628371238708
Data(x=[19, 7], edge_index=[2, 10], edge_attr=[10, 5], y=0.0, custom_label=0.0, min_label=0, max_label=35, instance_name='p02.txt');0.0;0.02902883291244507;0.018564902245998383;0.12605628371238708
Data(x=[14, 7], edge_index=[2, 4], edge_attr=[4, 5], y=0.0, custom_label=0.0, min_label=0, max_label=35, instance_name='p02.txt');0.0;0.10254836827516556;0.12216529250144958;0.12605628371238708
Data(x=[13, 7], edge_index=[2, 6], edge_attr=[6, 5], y=0.0, custom_label=0.0, min_label=0, max_label=35, instance_name='p02.txt');0.0;0.02717534825205803;0.029301848262548447;0.12605628371238708
Data(x=[13, 7], edge_index=[2, 6], edge_attr=[6, 5], y=0.0, custom_label=0.0, min_label=0, max_label=35, instance_name='p02.txt');0.0;0.13956420123577118;0.14498251676559448;0.12605628371238708
Data(x=[16, 7], edge_index=[2, 8], edge_attr=[8, 5], y=0.0, custom_label=0.0, min_label=0, max_label=35, instance_name='p02.txt');0.0;0.02816321887075901;0.02235994301736355;4.1228686313843355e-06
Data(x=[12, 7], edge_index=[2, 12], edge_attr=[12, 5], y=0.0, custom_label=0.0, min_label=0, max_label=35, instance_name='p02.txt');0.0;0.13841752707958221;0.17507432401180267;2.2753611142798305e-17
Data(x=[12, 7], edge_index=[2, 6], edge_attr=[6, 5], y=0.0, custom_label=0.0, min_label=0, max_label=35, instance_name='p02.txt');0.0;0.027995716780424118;0.03785409778356552;3.764807843253948e-05
Data(x=[11, 7], edge_index=[2, 6], edge_attr=[6, 5], y=0.0, custom_label=0.0, min_label=0, max_label=35, instance_name='p02.txt');0.0;0.15305888652801514;0.15334250032901764;6.252767889236566e-06
Data(x=[12, 7], edge_index=[2, 8], edge_attr=[8, 5], y=0.0, custom_label=0.0, min_label=0, max_label=35, instance_name='p02.txt');0.0;0.032424960285425186;0.05308985337615013;1.6133069948409684e-05
Data(x=[19, 7], edge_index=[2, 8], edge_attr=[8, 5], y=0.0, custom_label=0.0, min_label=0, max_label=35, instance_name='p02.txt');0.0;0.027589822188019753;0.014159613288939;0.12605628371238708
Data(x=[12, 7], edge_index=[2, 6], edge_attr=[6, 5], y=0.0, custom_label=0.0, min_label=0, max_label=35, instance_name='p02.txt');0.0;0.14621500670909882;0.1694377064704895;0.12605628371238708
Data(x=[16, 7], edge_index=[2, 6], edge_attr=[6, 5], y=0.0, custom_label=0.0, min_label=0, max_label=35, instance_name='p02.txt');0.0;0.12585219740867615;0.12155204266309738;0.12605628371238708
Data(x=[12, 7], edge_index=[2, 6], edge_attr=[6, 5], y=0.0, custom_label=0.0, min_label=0, max_label=35, instance_name='p02.txt');0.0;0.11826921254396439;0.1390119045972824;0.12605628371238708
Data(x=[15, 7], edge_index=[2, 6], edge_attr=[6, 5], y=0.0, custom_label=0.0, min_label=0, max_label=35, instance_name='p02.txt');0.0;0.12966695427894592;0.1343647688627243;4.678571713156998e-05
Data(x=[17, 7], edge_index=[2, 2], edge_attr=[2, 5], y=51.0, custom_label=1.0, min_label=0, max_label=51, instance_name='p03.txt');1.0;0.3722817301750183;0.4146372079849243;0.12605628371238708
Data(x=[17, 7], edge_index=[2, 2], edge_attr=[2, 5], y=50.0, custom_label=0.98039216, min_label=0, max_label=51, instance_name='p03.txt');0.9803921580314636;0.3722817301750183;0.4146372079849243;0.12605628371238708
Data(x=[17, 7], edge_index=[2, 2], edge_attr=[2, 5], y=49.0, custom_label=0.9607843, min_label=0, max_label=51, instance_name='p03.txt');0.9607843160629272;0.3722817301750183;0.4146372079849243;0.12605628371238708
Data(x=[17, 7], edge_index=[2, 2], edge_attr=[2, 5], y=48.0, custom_label=0.9411765, min_label=0, max_label=51, instance_name='p03.txt');0.9411764740943909;0.3722817301750183;0.4146372079849243;0.12605628371238708
Data(x=[17, 7], edge_index=[2, 2], edge_attr=[2, 5], y=47.0, custom_label=0.92156863, min_label=0, max_label=51, instance_name='p03.txt');0.9215686321258545;0.3722817003726959;0.4146372377872467;0.12605628371238708
Data(x=[17, 7], edge_index=[2, 2], edge_attr=[2, 5], y=46.0, custom_label=0.9019608, min_label=0, max_label=51, instance_name='p03.txt');0.9019607901573181;0.3722817301750183;0.4146372079849243;0.12605628371238708
Data(x=[17, 7], edge_index=[2, 2], edge_attr=[2, 5], y=45.0, custom_label=0.88235295, min_label=0, max_label=51, instance_name='p03.txt');0.8823529481887817;0.3722817301750183;0.4146372079849243;0.12605628371238708
Data(x=[17, 7], edge_index=[2, 2], edge_attr=[2, 5], y=44.0, custom_label=0.8627451, min_label=0, max_label=51, instance_name='p03.txt');0.8627451062202454;0.3722817301750183;0.4146372079849243;0.12605628371238708
Data(x=[17, 7], edge_index=[2, 2], edge_attr=[2, 5], y=43.0, custom_label=0.84313726, min_label=0, max_label=51, instance_name='p03.txt');0.843137264251709;0.3722817301750183;0.4146372079849243;0.12605628371238708
Data(x=[17, 7], edge_index=[2, 2], edge_attr=[2, 5], y=42.0, custom_label=0.8235294, min_label=0, max_label=51, instance_name='p03.txt');0.8235294222831726;0.3722817301750183;0.4146372079849243;0.12605628371238708
Data(x=[17, 7], edge_index=[2, 2], edge_attr=[2, 5], y=41.0, custom_label=0.8039216, min_label=0, max_label=51, instance_name='p03.txt');0.8039215803146362;0.3722817301750183;0.4146372079849243;0.12605628371238708
Data(x=[17, 7], edge_index=[2, 2], edge_attr=[2, 5], y=40.0, custom_label=0.78431374, min_label=0, max_label=51, instance_name='p03.txt');0.7843137383460999;0.3722817301750183;0.4146372079849243;0.12605628371238708
Data(x=[17, 7], edge_index=[2, 2], edge_attr=[2, 5], y=39.0, custom_label=0.7647059, min_label=0, max_label=51, instance_name='p03.txt');0.7647058963775635;0.3722817301750183;0.4146372079849243;0.12605628371238708
Data(x=[17, 7], edge_index=[2, 2], edge_attr=[2, 5], y=38.0, custom_label=0.74509805, min_label=0, max_label=51, instance_name='p03.txt');0.7450980544090271;0.3722817301750183;0.4146372079849243;0.12605628371238708
Data(x=[17, 7], edge_index=[2, 2], edge_attr=[2, 5], y=37.0, custom_label=0.7254902, min_label=0, max_label=51, instance_name='p03.txt');0.7254902124404907;0.3722817301750183;0.4146372079849243;0.12605628371238708
Data(x=[17, 7], edge_index=[2, 2], edge_attr=[2, 5], y=36.0, custom_label=0.7058824, min_label=0, max_label=51, instance_name='p03.txt');0.7058823704719543;0.3722817301750183;0.4146372079849243;0.12605628371238708
Data(x=[17, 7], edge_index=[2, 2], edge_attr=[2, 5], y=35.0, custom_label=0.6862745, min_label=0, max_label=51, instance_name='p03.txt');0.686274528503418;0.3722817301750183;0.4146372079849243;0.12605628371238708
Data(x=[17, 7], edge_index=[2, 2], edge_attr=[2, 5], y=34.0, custom_label=0.6666667, min_label=0, max_label=51, instance_name='p03.txt');0.6666666865348816;0.3722817301750183;0.4146372079849243;0.12605628371238708
Data(x=[17, 7], edge_index=[2, 2], edge_attr=[2, 5], y=33.0, custom_label=0.64705884, min_label=0, max_label=51, instance_name='p03.txt');0.6470588445663452;0.3722817301750183;0.4146372079849243;0.12605628371238708
Data(x=[17, 7], edge_index=[2, 2], edge_attr=[2, 5], y=32.0, custom_label=0.627451, min_label=0, max_label=51, instance_name='p03.txt');0.6274510025978088;0.3722817301750183;0.4146372079849243;0.12605628371238708
Data(x=[17, 7], edge_index=[2, 2], edge_attr=[2, 5], y=31.0, custom_label=0.60784316, min_label=0, max_label=51, instance_name='p03.txt');0.6078431606292725;0.3722817301750183;0.4146372079849243;0.12605628371238708
Data(x=[17, 7], edge_index=[2, 2], edge_attr=[2, 5], y=30.0, custom_label=0.5882353, min_label=0, max_label=51, instance_name='p03.txt');0.5882353186607361;0.3722817301750183;0.4146372079849243;0.12605628371238708
Data(x=[17, 7], edge_index=[2, 2], edge_attr=[2, 5], y=29.0, custom_label=0.5686275, min_label=0, max_label=51, instance_name='p03.txt');0.5686274766921997;0.3722817301750183;0.4146372079849243;0.12605628371238708
Data(x=[16, 7], edge_index=[2, 16], y=28.0, edge_attr=[16, 5], custom_label=0.54901963, min_label=0, max_label=51, instance_name='p03.txt');0.5490196347236633;0.8281173706054688;0.8002657294273376;0.6659550070762634
Data(x=[16, 7], edge_index=[2, 16], y=27.0, edge_attr=[16, 5], custom_label=0.5294118, min_label=0, max_label=51, instance_name='p03.txt');0.529411792755127;0.8281173706054688;0.8002657294273376;0.6659550070762634
Data(x=[17, 7], edge_index=[2, 2], edge_attr=[2, 5], y=26.0, custom_label=0.50980395, min_label=0, max_label=51, instance_name='p03.txt');0.5098039507865906;0.3722817301750183;0.4146372079849243;0.12605628371238708
Data(x=[17, 7], edge_index=[2, 2], edge_attr=[2, 5], y=25.0, custom_label=0.49019608, min_label=0, max_label=51, instance_name='p03.txt');0.4901960790157318;0.3722817301750183;0.4146372079849243;0.12605628371238708
Data(x=[17, 7], edge_index=[2, 2], edge_attr=[2, 5], y=24.0, custom_label=0.47058824, min_label=0, max_label=51, instance_name='p03.txt');0.47058823704719543;0.3722817301750183;0.4146372079849243;0.12605628371238708
Data(x=[17, 7], edge_index=[2, 2], edge_attr=[2, 5], y=23.0, custom_label=0.4509804, min_label=0, max_label=51, instance_name='p03.txt');0.45098039507865906;0.3722817301750183;0.4146372079849243;0.12605628371238708
Data(x=[17, 7], edge_index=[2, 2], edge_attr=[2, 5], y=22.0, custom_label=0.43137255, min_label=0, max_label=51, instance_name='p03.txt');0.4313725531101227;0.3722817301750183;0.4146372079849243;0.12605628371238708
Data(x=[17, 7], edge_index=[2, 2], edge_attr=[2, 5], y=21.0, custom_label=0.4117647, min_label=0, max_label=51, instance_name='p03.txt');0.4117647111415863;0.3722817301750183;0.4146372079849243;0.12605628371238708
Data(x=[17, 7], edge_index=[2, 2], edge_attr=[2, 5], y=20.0, custom_label=0.39215687, min_label=0, max_label=51, instance_name='p03.txt');0.3921568691730499;0.3722817301750183;0.4146372079849243;0.12605628371238708
Data(x=[17, 7], edge_index=[2, 2], edge_attr=[2, 5], y=19.0, custom_label=0.37254903, min_label=0, max_label=51, instance_name='p03.txt');0.37254902720451355;0.3722817301750183;0.4146372079849243;0.12605628371238708
Data(x=[17, 7], edge_index=[2, 2], edge_attr=[2, 5], y=18.0, custom_label=0.3529412, min_label=0, max_label=51, instance_name='p03.txt');0.3529411852359772;0.3722817301750183;0.4146372079849243;0.12605628371238708
Data(x=[17, 7], edge_index=[2, 2], edge_attr=[2, 5], y=17.0, custom_label=0.33333334, min_label=0, max_label=51, instance_name='p03.txt');0.3333333432674408;0.3722817003726959;0.4146372377872467;0.12605628371238708
Data(x=[17, 7], edge_index=[2, 2], edge_attr=[2, 5], y=16.0, custom_label=0.3137255, min_label=0, max_label=51, instance_name='p03.txt');0.3137255012989044;0.3722817301750183;0.4146372079849243;0.12605628371238708
Data(x=[17, 7], edge_index=[2, 2], edge_attr=[2, 5], y=15.0, custom_label=0.29411766, min_label=0, max_label=51, instance_name='p03.txt');0.29411765933036804;0.3722817301750183;0.4146372079849243;0.12605628371238708
Data(x=[17, 7], edge_index=[2, 2], edge_attr=[2, 5], y=14.0, custom_label=0.27450982, min_label=0, max_label=51, instance_name='p03.txt');0.27450981736183167;0.3722817301750183;0.4146372079849243;0.12605628371238708
Data(x=[17, 7], edge_index=[2, 2], edge_attr=[2, 5], y=13.0, custom_label=0.25490198, min_label=0, max_label=51, instance_name='p03.txt');0.2549019753932953;0.3722817301750183;0.4146372079849243;0.12605628371238708
Data(x=[17, 7], edge_index=[2, 2], edge_attr=[2, 5], y=12.0, custom_label=0.23529412, min_label=0, max_label=51, instance_name='p03.txt');0.23529411852359772;0.3722817301750183;0.4146372079849243;0.12605628371238708
Data(x=[17, 7], edge_index=[2, 2], edge_attr=[2, 5], y=11.0, custom_label=0.21568628, min_label=0, max_label=51, instance_name='p03.txt');0.21568627655506134;0.3722817301750183;0.4146372079849243;0.12605628371238708
Data(x=[17, 7], edge_index=[2, 2], edge_attr=[2, 5], y=10.0, custom_label=0.19607843, min_label=0, max_label=51, instance_name='p03.txt');0.19607843458652496;0.3722817301750183;0.4146372079849243;0.12605628371238708
Data(x=[17, 7], edge_index=[2, 2], edge_attr=[2, 5], y=9.0, custom_label=0.1764706, min_label=0, max_label=51, instance_name='p03.txt');0.1764705926179886;0.3722817301750183;0.4146372079849243;0.12605628371238708
Data(x=[17, 7], edge_index=[2, 2], edge_attr=[2, 5], y=8.0, custom_label=0.15686275, min_label=0, max_label=51, instance_name='p03.txt');0.1568627506494522;0.3722817301750183;0.4146372079849243;0.12605628371238708
Data(x=[16, 7], edge_index=[2, 16], y=7.0, edge_attr=[16, 5], custom_label=0.13725491, min_label=0, max_label=51, instance_name='p03.txt');0.13725490868091583;0.8281173706054688;0.8002657294273376;0.6659550070762634
Data(x=[16, 7], edge_index=[2, 16], y=6.0, edge_attr=[16, 5], custom_label=0.11764706, min_label=0, max_label=51, instance_name='p03.txt');0.11764705926179886;0.8281173706054688;0.8002657294273376;0.6659550070762634
Data(x=[17, 7], edge_index=[2, 2], edge_attr=[2, 5], y=5.0, custom_label=0.09803922, min_label=0, max_label=51, instance_name='p03.txt');0.09803921729326248;0.3722817301750183;0.4146372079849243;0.12605628371238708
Data(x=[17, 7], edge_index=[2, 2], edge_attr=[2, 5], y=4.0, custom_label=0.078431375, min_label=0, max_label=51, instance_name='p03.txt');0.0784313753247261;0.3722817301750183;0.4146372079849243;0.12605628371238708
Data(x=[17, 7], edge_index=[2, 2], edge_attr=[2, 5], y=3.0, custom_label=0.05882353, min_label=0, max_label=51, instance_name='p03.txt');0.05882352963089943;0.3722817301750183;0.4146372079849243;0.12605628371238708
Data(x=[17, 7], edge_index=[2, 2], edge_attr=[2, 5], y=2.0, custom_label=0.039215688, min_label=0, max_label=51, instance_name='p03.txt');0.03921568766236305;0.3722817301750183;0.4146372079849243;0.12605628371238708
Data(x=[17, 7], edge_index=[2, 2], edge_attr=[2, 5], y=1.0, custom_label=0.019607844, min_label=0, max_label=51, instance_name='p03.txt');0.019607843831181526;0.3722817301750183;0.4146372079849243;0.12605628371238708
Data(x=[18, 7], edge_index=[2, 4], edge_attr=[4, 5], y=0.0, custom_label=0.0, min_label=0, max_label=51, instance_name='p03.txt');0.0;0.09819943457841873;0.08687737584114075;0.12605628371238708
Data(x=[18, 7], edge_index=[2, 10], edge_attr=[10, 5], y=0.0, custom_label=0.0, min_label=0, max_label=51, instance_name='p03.txt');0.0;0.029096998274326324;0.021570976823568344;0.12605628371238708
Data(x=[14, 7], edge_index=[2, 10], edge_attr=[10, 5], y=0.0, custom_label=0.0, min_label=0, max_label=51, instance_name='p03.txt');0.0;0.09989670664072037;0.14611443877220154;4.97894848247905e-19
Data(x=[15, 7], edge_index=[2, 6], edge_attr=[6, 5], y=0.0, custom_label=0.0, min_label=0, max_label=51, instance_name='p03.txt');0.0;0.02595289796590805;0.019260957837104797;1.1736853593902197e-05
Data(x=[13, 7], edge_index=[2, 4], edge_attr=[4, 5], y=0.0, custom_label=0.0, min_label=0, max_label=51, instance_name='p03.txt');0.0;0.1043078675866127;0.1282949149608612;0.12605628371238708
Data(x=[13, 7], edge_index=[2, 4], edge_attr=[4, 5], y=0.0, custom_label=0.0, min_label=0, max_label=51, instance_name='p03.txt');0.0;0.1043078675866127;0.1282949149608612;0.12605628371238708
Data(x=[10, 7], edge_index=[2, 6], edge_attr=[6, 5], y=0.0, custom_label=0.0, min_label=0, max_label=51, instance_name='p03.txt');0.0;0.1617995649576187;0.18540260195732117;0.0500803105533123
Data(x=[18, 7], edge_index=[2, 8], edge_attr=[8, 5], y=4.0, custom_label=0.078431375, min_label=0, max_label=51, instance_name='p03.txt');0.0784313753247261;0.3430742919445038;0.3872162401676178;4.658041689253878e-06
Data(x=[17, 7], edge_index=[2, 6], edge_attr=[6, 5], y=3.0, custom_label=0.05882353, min_label=0, max_label=51, instance_name='p03.txt');0.05882352963089943;0.3915671706199646;0.4097729027271271;4.658041689253878e-06
Data(x=[17, 7], edge_index=[2, 6], edge_attr=[6, 5], y=2.0, custom_label=0.039215688, min_label=0, max_label=51, instance_name='p03.txt');0.03921568766236305;0.420254111289978;0.47030940651893616;0.12605628371238708
Data(x=[17, 7], edge_index=[2, 6], edge_attr=[6, 5], y=1.0, custom_label=0.019607844, min_label=0, max_label=51, instance_name='p03.txt');0.019607843831181526;0.3915671706199646;0.4097729027271271;4.658041689253878e-06
Data(x=[18, 7], edge_index=[2, 8], edge_attr=[8, 5], y=0.0, custom_label=0.0, min_label=0, max_label=51, instance_name='p03.txt');0.0;0.027579104527831078;0.01621844619512558;4.658041689253878e-06
Data(x=[13, 7], edge_index=[2, 8], edge_attr=[8, 5], y=0.0, custom_label=0.0, min_label=0, max_label=51, instance_name='p03.txt');0.0;0.18255718052387238;0.1634337455034256;4.8575197979516815e-06
Data(x=[13, 7], edge_index=[2, 12], edge_attr=[12, 5], y=0.0, custom_label=0.0, min_label=0, max_label=51, instance_name='p03.txt');0.0;0.12756593525409698;0.1686505824327469;1.2877783197563202e-22
Data(x=[13, 7], edge_index=[2, 6], edge_attr=[6, 5], y=0.0, custom_label=0.0, min_label=0, max_label=51, instance_name='p03.txt');0.0;0.02717534825205803;0.029301848262548447;3.764807843253948e-05
Data(x=[12, 7], edge_index=[2, 8], edge_attr=[8, 5], y=0.0, custom_label=0.0, min_label=0, max_label=51, instance_name='p03.txt');0.0;0.05289369821548462;0.054206542670726776;4.1228686313843355e-06
Data(x=[13, 7], edge_index=[2, 12], edge_attr=[12, 5], y=0.0, custom_label=0.0, min_label=0, max_label=51, instance_name='p03.txt');0.0;0.12756596505641937;0.1686505526304245;1.7084173269906463e-24
Data(x=[12, 7], edge_index=[2, 4], edge_attr=[4, 5], y=0.0, custom_label=0.0, min_label=0, max_label=51, instance_name='p03.txt');0.0;0.10634895414113998;0.1303665041923523;0.12605628371238708
Data(x=[12, 7], edge_index=[2, 6], edge_attr=[6, 5], y=0.0, custom_label=0.0, min_label=0, max_label=51, instance_name='p03.txt');0.0;0.027995707467198372;0.03785409778356552;0.12605628371238708
Data(x=[15, 7], edge_index=[2, 6], edge_attr=[6, 5], y=0.0, custom_label=0.0, min_label=0, max_label=51, instance_name='p03.txt');0.0;0.02595289796590805;0.019260957837104797;0.12605628371238708
Data(x=[12, 7], edge_index=[2, 8], edge_attr=[8, 5], y=0.0, custom_label=0.0, min_label=0, max_label=51, instance_name='p03.txt');0.0;0.032424960285425186;0.05308985337615013;3.4931273151794784e-11
Data(x=[16, 7], edge_index=[2, 6], edge_attr=[6, 5], y=0.0, custom_label=0.0, min_label=0, max_label=51, instance_name='p03.txt');0.0;0.025724729523062706;0.016224777325987816;0.12605628371238708
Data(x=[10, 7], edge_index=[2, 8], edge_attr=[8, 5], y=0.0, custom_label=0.0, min_label=0, max_label=51, instance_name='p03.txt');0.0;0.03605690225958824;0.07387972623109818;4.0601088341091495e-17
Data(x=[13, 7], edge_index=[2, 6], edge_attr=[6, 5], y=0.0, custom_label=0.0, min_label=0, max_label=51, instance_name='p03.txt');0.0;0.13956421613693237;0.14498251676559448;4.678571713156998e-05
Data(x=[14, 7], edge_index=[2, 10], edge_attr=[10, 5], y=0.0, custom_label=0.0, min_label=0, max_label=51, instance_name='p03.txt');0.0;0.03235239163041115;0.04818837344646454;1.1736853593902197e-05
Data(x=[13, 7], edge_index=[2, 8], edge_attr=[8, 5], y=0.0, custom_label=0.0, min_label=0, max_label=51, instance_name='p03.txt');0.0;0.18255718052387238;0.16343370079994202;6.852552379699173e-12
Data(x=[14, 7], edge_index=[2, 8], edge_attr=[8, 5], y=4.0, custom_label=0.078431375, min_label=0, max_label=51, instance_name='p03.txt');0.0784313753247261;0.48657840490341187;0.48133334517478943;4.97894848247905e-19
Data(x=[14, 7], edge_index=[2, 8], edge_attr=[8, 5], y=3.0, custom_label=0.05882353, min_label=0, max_label=51, instance_name='p03.txt');0.05882352963089943;0.48657840490341187;0.48133334517478943;4.97894848247905e-19
Data(x=[14, 7], edge_index=[2, 8], edge_attr=[8, 5], y=2.0, custom_label=0.039215688, min_label=0, max_label=51, instance_name='p03.txt');0.03921568766236305;0.48657840490341187;0.48133334517478943;4.97894848247905e-19
Data(x=[14, 7], edge_index=[2, 8], edge_attr=[8, 5], y=1.0, custom_label=0.019607844, min_label=0, max_label=51, instance_name='p03.txt');0.019607843831181526;0.48657840490341187;0.48133334517478943;4.97894848247905e-19
Data(x=[15, 7], edge_index=[2, 10], edge_attr=[10, 5], y=0.0, custom_label=0.0, min_label=0, max_label=51, instance_name='p03.txt');0.0;0.09393494576215744;0.14176763594150543;4.97894848247905e-19
Data(x=[14, 7], edge_index=[2, 6], edge_attr=[6, 5], y=0.0, custom_label=0.0, min_label=0, max_label=51, instance_name='p03.txt');0.0;0.13418573141098022;0.14180326461791992;4.8575197979516815e-06
Data(x=[15, 7], edge_index=[2, 6], edge_attr=[6, 5], y=0.0, custom_label=0.0, min_label=0, max_label=51, instance_name='p03.txt');0.0;0.02595289796590805;0.019260961562395096;0.12605628371238708
Data(x=[12, 7], edge_index=[2, 10], edge_attr=[10, 5], y=0.0, custom_label=0.0, min_label=0, max_label=51, instance_name='p03.txt');0.0;0.11093319207429886;0.15400946140289307;2.6691930535726577e-17
Data(x=[12, 7], edge_index=[2, 4], edge_attr=[4, 5], y=2.0, custom_label=0.039215688, min_label=0, max_label=51, instance_name='p03.txt');0.03921568766236305;0.4868527948856354;0.4754748046398163;1.272016470466042e-05
Data(x=[11, 7], edge_index=[2, 2], edge_attr=[2, 5], y=1.0, custom_label=0.019607844, min_label=0, max_label=51, instance_name='p03.txt');0.019607843831181526;0.5695714354515076;0.5098093748092651;0.12605628371238708
Data(x=[12, 7], edge_index=[2, 4], edge_attr=[4, 5], y=0.0, custom_label=0.0, min_label=0, max_label=51, instance_name='p03.txt');0.0;0.10634895414113998;0.1303665041923523;0.12605628371238708
Data(x=[11, 7], edge_index=[2, 4], edge_attr=[4, 5], y=0.0, custom_label=0.0, min_label=0, max_label=51, instance_name='p03.txt');0.0;0.10880644619464874;0.1328512728214264;0.12605628371238708
Data(x=[13, 7], edge_index=[2, 6], edge_attr=[6, 5], y=0.0, custom_label=0.0, min_label=0, max_label=51, instance_name='p03.txt');0.0;0.13956421613693237;0.14498251676559448;4.678571713156998e-05
Data(x=[13, 7], edge_index=[2, 10], edge_attr=[10, 5], y=0.0, custom_label=0.0, min_label=0, max_label=51, instance_name='p03.txt');0.0;0.03385253995656967;0.05973964184522629;4.177625259615958e-11
Data(x=[13, 7], edge_index=[2, 8], edge_attr=[8, 5], y=0.0, custom_label=0.0, min_label=0, max_label=51, instance_name='p03.txt');0.0;0.031096750870347023;0.04319314658641815;1.643547277441204e-11
Data(x=[10, 7], edge_index=[2, 4], edge_attr=[4, 5], y=0.0, custom_label=0.0, min_label=0, max_label=51, instance_name='p03.txt');0.0;0.11182113736867905;0.1358858346939087;0.12605628371238708
Data(x=[14, 7], edge_index=[2, 8], edge_attr=[8, 5], y=0.0, custom_label=0.0, min_label=0, max_label=51, instance_name='p03.txt');0.0;0.029929671436548233;0.03366835042834282;0.12605628371238708
Data(x=[14, 7], edge_index=[2, 10], edge_attr=[10, 5], y=0.0, custom_label=0.0, min_label=0, max_label=51, instance_name='p03.txt');0.0;0.19547227025032043;0.1734635978937149;4.834297940516315e-17
Data(x=[17, 7], edge_index=[2, 10], edge_attr=[10, 5], y=0.0, custom_label=0.0, min_label=0, max_label=51, instance_name='p03.txt');0.0;0.08497969061136246;0.11779879778623581;0.12605628371238708
Data(x=[11, 7], edge_index=[2, 4], edge_attr=[4, 5], y=0.0, custom_label=0.0, min_label=0, max_label=51, instance_name='p03.txt');0.0;0.10880644619464874;0.1328512728214264;0.12605628371238708
Data(x=[12, 7], edge_index=[2, 8], edge_attr=[8, 5], y=0.0, custom_label=0.0, min_label=0, max_label=51, instance_name='p03.txt');0.0;0.032424960285425186;0.05308985337615013;3.764807843253948e-05
Data(x=[15, 7], edge_index=[2, 8], edge_attr=[8, 5], y=0.0, custom_label=0.0, min_label=0, max_label=51, instance_name='p03.txt');0.0;0.16451866924762726;0.15445265173912048;0.12605628371238708
Data(x=[15, 7], edge_index=[2, 6], edge_attr=[6, 5], y=0.0, custom_label=0.0, min_label=0, max_label=51, instance_name='p03.txt');0.0;0.12966695427894592;0.1343647688627243;0.12605628371238708
Data(x=[28, 7], edge_index=[2, 28], y=107.0, edge_attr=[28, 5], custom_label=1.0, min_label=0, max_label=107, instance_name='p04.txt');1.0;0.783297598361969;0.7381018996238708;0.6659550070762634
Data(x=[28, 7], edge_index=[2, 28], y=106.0, edge_attr=[28, 5], custom_label=0.99065423, min_label=0, max_label=107, instance_name='p04.txt');0.9906542301177979;0.783297598361969;0.7381018996238708;0.6659550070762634
Data(x=[28, 7], edge_index=[2, 28], y=105.0, edge_attr=[28, 5], custom_label=0.9813084, min_label=0, max_label=107, instance_name='p04.txt');0.9813084006309509;0.783297598361969;0.7381018996238708;0.6659550070762634
Data(x=[28, 7], edge_index=[2, 28], y=104.0, edge_attr=[28, 5], custom_label=0.97196263, min_label=0, max_label=107, instance_name='p04.txt');0.9719626307487488;0.783297598361969;0.7381018996238708;0.6659550070762634
Data(x=[28, 7], edge_index=[2, 28], y=103.0, edge_attr=[28, 5], custom_label=0.9626168, min_label=0, max_label=107, instance_name='p04.txt');0.9626168012619019;0.783297598361969;0.7381018996238708;0.6659550070762634
Data(x=[28, 7], edge_index=[2, 28], y=102.0, edge_attr=[28, 5], custom_label=0.95327103, min_label=0, max_label=107, instance_name='p04.txt');0.9532710313796997;0.783297598361969;0.7381018996238708;0.6659550070762634
Data(x=[28, 7], edge_index=[2, 28], y=101.0, edge_attr=[28, 5], custom_label=0.94392526, min_label=0, max_label=107, instance_name='p04.txt');0.9439252614974976;0.783297598361969;0.7381018996238708;0.6659550070762634
Data(x=[28, 7], edge_index=[2, 28], y=100.0, edge_attr=[28, 5], custom_label=0.93457943, min_label=0, max_label=107, instance_name='p04.txt');0.9345794320106506;0.783297598361969;0.7381018996238708;0.6659550070762634
Data(x=[28, 7], edge_index=[2, 28], y=99.0, edge_attr=[28, 5], custom_label=0.92523366, min_label=0, max_label=107, instance_name='p04.txt');0.9252336621284485;0.783297598361969;0.7381018996238708;0.6659550070762634
Data(x=[28, 7], edge_index=[2, 28], y=98.0, edge_attr=[28, 5], custom_label=0.91588783, min_label=0, max_label=107, instance_name='p04.txt');0.9158878326416016;0.783297598361969;0.7381018996238708;0.6659550070762634
Data(x=[28, 7], edge_index=[2, 28], y=97.0, edge_attr=[28, 5], custom_label=0.90654206, min_label=0, max_label=107, instance_name='p04.txt');0.9065420627593994;0.783297598361969;0.7381018996238708;0.6659550070762634
Data(x=[28, 7], edge_index=[2, 28], y=96.0, edge_attr=[28, 5], custom_label=0.89719623, min_label=0, max_label=107, instance_name='p04.txt');0.8971962332725525;0.783297598361969;0.7381018996238708;0.6659550070762634
Data(x=[28, 7], edge_index=[2, 28], y=95.0, edge_attr=[28, 5], custom_label=0.88785046, min_label=0, max_label=107, instance_name='p04.txt');0.8878504633903503;0.783297598361969;0.7381018996238708;0.6659550070762634
Data(x=[28, 7], edge_index=[2, 28], y=94.0, edge_attr=[28, 5], custom_label=0.8785047, min_label=0, max_label=107, instance_name='p04.txt');0.8785046935081482;0.783297598361969;0.7381018996238708;0.6659550070762634
Data(x=[28, 7], edge_index=[2, 28], y=93.0, edge_attr=[28, 5], custom_label=0.86915886, min_label=0, max_label=107, instance_name='p04.txt');0.8691588640213013;0.783297598361969;0.7381018996238708;0.6659550070762634
Data(x=[28, 7], edge_index=[2, 28], y=92.0, edge_attr=[28, 5], custom_label=0.8598131, min_label=0, max_label=107, instance_name='p04.txt');0.8598130941390991;0.783297598361969;0.7381018996238708;0.6659550070762634
Data(x=[28, 7], edge_index=[2, 28], y=91.0, edge_attr=[28, 5], custom_label=0.85046726, min_label=0, max_label=107, instance_name='p04.txt');0.8504672646522522;0.783297598361969;0.7381018996238708;0.6659550070762634
Data(x=[28, 7], edge_index=[2, 28], y=90.0, edge_attr=[28, 5], custom_label=0.8411215, min_label=0, max_label=107, instance_name='p04.txt');0.84112149477005;0.783297598361969;0.7381018996238708;0.6659550070762634
Data(x=[28, 7], edge_index=[2, 28], y=89.0, edge_attr=[28, 5], custom_label=0.8317757, min_label=0, max_label=107, instance_name='p04.txt');0.8317757248878479;0.783297598361969;0.7381018996238708;0.6659550070762634
Data(x=[28, 7], edge_index=[2, 28], y=88.0, edge_attr=[28, 5], custom_label=0.8224299, min_label=0, max_label=107, instance_name='p04.txt');0.822429895401001;0.783297598361969;0.7381018996238708;0.6659550070762634
Data(x=[28, 7], edge_index=[2, 28], y=87.0, edge_attr=[28, 5], custom_label=0.8130841, min_label=0, max_label=107, instance_name='p04.txt');0.8130841255187988;0.783297598361969;0.7381018996238708;0.6659550070762634
Data(x=[28, 7], edge_index=[2, 28], y=86.0, edge_attr=[28, 5], custom_label=0.8037383, min_label=0, max_label=107, instance_name='p04.txt');0.8037382960319519;0.783297598361969;0.7381018996238708;0.6659550070762634
Data(x=[28, 7], edge_index=[2, 28], y=85.0, edge_attr=[28, 5], custom_label=0.7943925, min_label=0, max_label=107, instance_name='p04.txt');0.7943925261497498;0.783297598361969;0.7381018996238708;0.6659550070762634
Data(x=[28, 7], edge_index=[2, 28], y=84.0, edge_attr=[28, 5], custom_label=0.78504676, min_label=0, max_label=107, instance_name='p04.txt');0.7850467562675476;0.783297598361969;0.7381018996238708;0.6659550070762634
Data(x=[28, 7], edge_index=[2, 28], y=83.0, edge_attr=[28, 5], custom_label=0.7757009, min_label=0, max_label=107, instance_name='p04.txt');0.7757009267807007;0.783297598361969;0.7381018996238708;0.6659550070762634
Data(x=[28, 7], edge_index=[2, 28], y=82.0, edge_attr=[28, 5], custom_label=0.76635516, min_label=0, max_label=107, instance_name='p04.txt');0.7663551568984985;0.783297598361969;0.7381018996238708;0.6659550070762634
Data(x=[28, 7], edge_index=[2, 28], y=81.0, edge_attr=[28, 5], custom_label=0.7570093, min_label=0, max_label=107, instance_name='p04.txt');0.7570093274116516;0.783297598361969;0.7381018996238708;0.6659550070762634
Data(x=[28, 7], edge_index=[2, 28], y=80.0, edge_attr=[28, 5], custom_label=0.74766356, min_label=0, max_label=107, instance_name='p04.txt');0.7476635575294495;0.783297598361969;0.7381018996238708;0.6659550070762634
Data(x=[28, 7], edge_index=[2, 28], y=79.0, edge_attr=[28, 5], custom_label=0.7383177, min_label=0, max_label=107, instance_name='p04.txt');0.7383177280426025;0.783297598361969;0.7381018996238708;0.6659550070762634
Data(x=[28, 7], edge_index=[2, 28], y=78.0, edge_attr=[28, 5], custom_label=0.72897196, min_label=0, max_label=107, instance_name='p04.txt');0.7289719581604004;0.783297598361969;0.7381018996238708;0.6659550070762634
Data(x=[28, 7], edge_index=[2, 28], y=77.0, edge_attr=[28, 5], custom_label=0.7196262, min_label=0, max_label=107, instance_name='p04.txt');0.7196261882781982;0.783297598361969;0.7381018996238708;0.6659550070762634
Data(x=[28, 7], edge_index=[2, 28], y=76.0, edge_attr=[28, 5], custom_label=0.71028036, min_label=0, max_label=107, instance_name='p04.txt');0.7102803587913513;0.783297598361969;0.7381018996238708;0.6659550070762634
Data(x=[28, 7], edge_index=[2, 28], y=75.0, edge_attr=[28, 5], custom_label=0.7009346, min_label=0, max_label=107, instance_name='p04.txt');0.7009345889091492;0.783297598361969;0.7381018996238708;0.6659550070762634
Data(x=[28, 7], edge_index=[2, 28], y=74.0, edge_attr=[28, 5], custom_label=0.69158876, min_label=0, max_label=107, instance_name='p04.txt');0.6915887594223022;0.783297598361969;0.7381018996238708;0.6659550070762634
Data(x=[28, 7], edge_index=[2, 28], y=73.0, edge_attr=[28, 5], custom_label=0.682243, min_label=0, max_label=107, instance_name='p04.txt');0.6822429895401001;0.783297598361969;0.7381018996238708;0.6659550070762634
Data(x=[28, 7], edge_index=[2, 28], y=72.0, edge_attr=[28, 5], custom_label=0.6728972, min_label=0, max_label=107, instance_name='p04.txt');0.672897219657898;0.783297598361969;0.7381018996238708;0.6659550070762634
Data(x=[28, 7], edge_index=[2, 28], y=71.0, edge_attr=[28, 5], custom_label=0.6635514, min_label=0, max_label=107, instance_name='p04.txt');0.663551390171051;0.783297598361969;0.7381018996238708;0.6659550070762634
Data(x=[29, 7], edge_index=[2, 2], edge_attr=[2, 5], y=70.0, custom_label=0.6542056, min_label=0, max_label=107, instance_name='p04.txt');0.6542056202888489;0.36844602227211;0.4142313003540039;0.12605628371238708
Data(x=[29, 7], edge_index=[2, 2], edge_attr=[2, 5], y=69.0, custom_label=0.6448598, min_label=0, max_label=107, instance_name='p04.txt');0.644859790802002;0.36844602227211;0.4142313003540039;0.12605628371238708
Data(x=[29, 7], edge_index=[2, 2], edge_attr=[2, 5], y=68.0, custom_label=0.635514, min_label=0, max_label=107, instance_name='p04.txt');0.6355140209197998;0.36844602227211;0.4142313003540039;0.12605628371238708
Data(x=[29, 7], edge_index=[2, 2], edge_attr=[2, 5], y=67.0, custom_label=0.62616825, min_label=0, max_label=107, instance_name='p04.txt');0.6261682510375977;0.36844602227211;0.4142313003540039;0.12605628371238708
Data(x=[29, 7], edge_index=[2, 2], edge_attr=[2, 5], y=66.0, custom_label=0.6168224, min_label=0, max_label=107, instance_name='p04.txt');0.6168224215507507;0.36844602227211;0.4142313003540039;0.12605628371238708
Data(x=[29, 7], edge_index=[2, 2], edge_attr=[2, 5], y=65.0, custom_label=0.60747665, min_label=0, max_label=107, instance_name='p04.txt');0.6074766516685486;0.36844602227211;0.4142313003540039;0.12605628371238708
Data(x=[29, 7], edge_index=[2, 2], edge_attr=[2, 5], y=64.0, custom_label=0.5981308, min_label=0, max_label=107, instance_name='p04.txt');0.5981308221817017;0.36844602227211;0.4142313003540039;0.12605628371238708
Data(x=[29, 7], edge_index=[2, 2], edge_attr=[2, 5], y=63.0, custom_label=0.58878505, min_label=0, max_label=107, instance_name='p04.txt');0.5887850522994995;0.36844602227211;0.4142313003540039;0.12605628371238708
Data(x=[29, 7], edge_index=[2, 2], edge_attr=[2, 5], y=62.0, custom_label=0.5794392, min_label=0, max_label=107, instance_name='p04.txt');0.5794392228126526;0.36844602227211;0.4142313003540039;0.12605628371238708
Data(x=[29, 7], edge_index=[2, 2], edge_attr=[2, 5], y=61.0, custom_label=0.57009345, min_label=0, max_label=107, instance_name='p04.txt');0.5700934529304504;0.36844602227211;0.4142313003540039;0.12605628371238708
Data(x=[29, 7], edge_index=[2, 2], edge_attr=[2, 5], y=60.0, custom_label=0.5607477, min_label=0, max_label=107, instance_name='p04.txt');0.5607476830482483;0.36844602227211;0.4142313003540039;0.12605628371238708
Data(x=[29, 7], edge_index=[2, 2], edge_attr=[2, 5], y=59.0, custom_label=0.55140185, min_label=0, max_label=107, instance_name='p04.txt');0.5514018535614014;0.36844602227211;0.4142313003540039;0.12605628371238708
Data(x=[29, 7], edge_index=[2, 2], edge_attr=[2, 5], y=58.0, custom_label=0.5420561, min_label=0, max_label=107, instance_name='p04.txt');0.5420560836791992;0.36844602227211;0.4142313003540039;0.12605628371238708
Data(x=[29, 7], edge_index=[2, 2], edge_attr=[2, 5], y=57.0, custom_label=0.53271025, min_label=0, max_label=107, instance_name='p04.txt');0.5327102541923523;0.36844602227211;0.4142313003540039;0.12605628371238708
Data(x=[29, 7], edge_index=[2, 2], edge_attr=[2, 5], y=56.0, custom_label=0.5233645, min_label=0, max_label=107, instance_name='p04.txt');0.5233644843101501;0.36844602227211;0.4142313003540039;0.12605628371238708
Data(x=[29, 7], edge_index=[2, 2], edge_attr=[2, 5], y=55.0, custom_label=0.5140187, min_label=0, max_label=107, instance_name='p04.txt');0.514018714427948;0.36844602227211;0.4142313003540039;0.12605628371238708
Data(x=[29, 7], edge_index=[2, 2], edge_attr=[2, 5], y=54.0, custom_label=0.5046729, min_label=0, max_label=107, instance_name='p04.txt');0.5046728849411011;0.36844602227211;0.4142313003540039;0.12605628371238708
Data(x=[29, 7], edge_index=[2, 2], edge_attr=[2, 5], y=53.0, custom_label=0.49532712, min_label=0, max_label=107, instance_name='p04.txt');0.4953271150588989;0.36844602227211;0.4142313003540039;0.12605628371238708
Data(x=[29, 7], edge_index=[2, 2], edge_attr=[2, 5], y=52.0, custom_label=0.48598132, min_label=0, max_label=107, instance_name='p04.txt');0.4859813153743744;0.36844602227211;0.4142313003540039;0.12605628371238708
Data(x=[29, 7], edge_index=[2, 2], edge_attr=[2, 5], y=51.0, custom_label=0.47663552, min_label=0, max_label=107, instance_name='p04.txt');0.47663551568984985;0.36844602227211;0.4142313003540039;0.12605628371238708
Data(x=[29, 7], edge_index=[2, 2], edge_attr=[2, 5], y=50.0, custom_label=0.46728972, min_label=0, max_label=107, instance_name='p04.txt');0.4672897160053253;0.36844602227211;0.4142313003540039;0.12605628371238708
Data(x=[29, 7], edge_index=[2, 2], edge_attr=[2, 5], y=49.0, custom_label=0.45794392, min_label=0, max_label=107, instance_name='p04.txt');0.4579439163208008;0.36844602227211;0.4142313003540039;0.12605628371238708
Data(x=[29, 7], edge_index=[2, 2], edge_attr=[2, 5], y=48.0, custom_label=0.44859812, min_label=0, max_label=107, instance_name='p04.txt');0.44859811663627625;0.36844602227211;0.4142313003540039;0.12605628371238708
Data(x=[29, 7], edge_index=[2, 2], edge_attr=[2, 5], y=47.0, custom_label=0.43925235, min_label=0, max_label=107, instance_name='p04.txt');0.4392523467540741;0.36844602227211;0.4142313003540039;0.12605628371238708
Data(x=[29, 7], edge_index=[2, 2], edge_attr=[2, 5], y=46.0, custom_label=0.42990655, min_label=0, max_label=107, instance_name='p04.txt');0.42990654706954956;0.36844602227211;0.4142313003540039;0.12605628371238708
Data(x=[29, 7], edge_index=[2, 2], edge_attr=[2, 5], y=45.0, custom_label=0.42056075, min_label=0, max_label=107, instance_name='p04.txt');0.420560747385025;0.36844602227211;0.4142313003540039;0.12605628371238708
Data(x=[29, 7], edge_index=[2, 2], edge_attr=[2, 5], y=44.0, custom_label=0.41121495, min_label=0, max_label=107, instance_name='p04.txt');0.4112149477005005;0.36844602227211;0.4142313003540039;0.12605628371238708
Data(x=[29, 7], edge_index=[2, 2], edge_attr=[2, 5], y=43.0, custom_label=0.40186915, min_label=0, max_label=107, instance_name='p04.txt');0.40186914801597595;0.36844602227211;0.4142313003540039;0.12605628371238708
Data(x=[29, 7], edge_index=[2, 2], edge_attr=[2, 5], y=42.0, custom_label=0.39252338, min_label=0, max_label=107, instance_name='p04.txt');0.3925233781337738;0.36844602227211;0.4142313003540039;0.12605628371238708
Data(x=[29, 7], edge_index=[2, 2], edge_attr=[2, 5], y=41.0, custom_label=0.38317758, min_label=0, max_label=107, instance_name='p04.txt');0.38317757844924927;0.36844602227211;0.4142313003540039;0.12605628371238708
Data(x=[29, 7], edge_index=[2, 2], edge_attr=[2, 5], y=40.0, custom_label=0.37383178, min_label=0, max_label=107, instance_name='p04.txt');0.37383177876472473;0.36844602227211;0.4142313003540039;0.12605628371238708
Data(x=[29, 7], edge_index=[2, 2], edge_attr=[2, 5], y=39.0, custom_label=0.36448598, min_label=0, max_label=107, instance_name='p04.txt');0.3644859790802002;0.36844602227211;0.4142313003540039;0.12605628371238708
Data(x=[29, 7], edge_index=[2, 2], edge_attr=[2, 5], y=38.0, custom_label=0.35514018, min_label=0, max_label=107, instance_name='p04.txt');0.35514017939567566;0.36844602227211;0.4142313003540039;0.12605628371238708
Data(x=[29, 7], edge_index=[2, 2], edge_attr=[2, 5], y=37.0, custom_label=0.34579438, min_label=0, max_label=107, instance_name='p04.txt');0.3457943797111511;0.36844602227211;0.4142313003540039;0.12605628371238708
Data(x=[29, 7], edge_index=[2, 2], edge_attr=[2, 5], y=36.0, custom_label=0.3364486, min_label=0, max_label=107, instance_name='p04.txt');0.336448609828949;0.36844602227211;0.4142313003540039;0.12605628371238708
Data(x=[29, 7], edge_index=[2, 2], edge_attr=[2, 5], y=35.0, custom_label=0.3271028, min_label=0, max_label=107, instance_name='p04.txt');0.32710281014442444;0.36844602227211;0.4142313003540039;0.12605628371238708
Data(x=[30, 7], edge_index=[2, 4], edge_attr=[4, 5], y=34.0, custom_label=0.317757, min_label=0, max_label=107, instance_name='p04.txt');0.3177570104598999;0.17646059393882751;0.2164420634508133;0.12605628371238708
Data(x=[30, 7], edge_index=[2, 4], edge_attr=[4, 5], y=33.0, custom_label=0.3084112, min_label=0, max_label=107, instance_name='p04.txt');0.30841121077537537;0.17646059393882751;0.2164420634508133;0.12605628371238708
Data(x=[30, 7], edge_index=[2, 4], edge_attr=[4, 5], y=32.0, custom_label=0.2990654, min_label=0, max_label=107, instance_name='p04.txt');0.29906541109085083;0.17646059393882751;0.2164420634508133;0.12605628371238708
Data(x=[30, 7], edge_index=[2, 4], edge_attr=[4, 5], y=31.0, custom_label=0.2897196, min_label=0, max_label=107, instance_name='p04.txt');0.2897196114063263;0.17646059393882751;0.2164420634508133;0.12605628371238708
Data(x=[30, 7], edge_index=[2, 4], edge_attr=[4, 5], y=30.0, custom_label=0.28037384, min_label=0, max_label=107, instance_name='p04.txt');0.28037384152412415;0.17646059393882751;0.2164420634508133;0.12605628371238708
Data(x=[30, 7], edge_index=[2, 4], edge_attr=[4, 5], y=29.0, custom_label=0.27102804, min_label=0, max_label=107, instance_name='p04.txt');0.2710280418395996;0.17646059393882751;0.2164420634508133;0.12605628371238708
Data(x=[30, 7], edge_index=[2, 4], edge_attr=[4, 5], y=28.0, custom_label=0.26168224, min_label=0, max_label=107, instance_name='p04.txt');0.2616822421550751;0.17646059393882751;0.2164420634508133;0.12605628371238708
Data(x=[30, 7], edge_index=[2, 4], edge_attr=[4, 5], y=27.0, custom_label=0.25233644, min_label=0, max_label=107, instance_name='p04.txt');0.25233644247055054;0.17646059393882751;0.2164420634508133;0.12605628371238708
Data(x=[30, 7], edge_index=[2, 4], edge_attr=[4, 5], y=26.0, custom_label=0.24299066, min_label=0, max_label=107, instance_name='p04.txt');0.2429906576871872;0.17646059393882751;0.2164420634508133;0.12605628371238708
Data(x=[30, 7], edge_index=[2, 4], edge_attr=[4, 5], y=25.0, custom_label=0.23364486, min_label=0, max_label=107, instance_name='p04.txt');0.23364485800266266;0.17646059393882751;0.2164420634508133;0.12605628371238708
Data(x=[30, 7], edge_index=[2, 4], edge_attr=[4, 5], y=24.0, custom_label=0.22429906, min_label=0, max_label=107, instance_name='p04.txt');0.22429905831813812;0.17646059393882751;0.2164420634508133;0.12605628371238708
Data(x=[30, 7], edge_index=[2, 4], edge_attr=[4, 5], y=23.0, custom_label=0.21495327, min_label=0, max_label=107, instance_name='p04.txt');0.21495327353477478;0.17646059393882751;0.2164420634508133;0.12605628371238708
Data(x=[30, 7], edge_index=[2, 4], edge_attr=[4, 5], y=22.0, custom_label=0.20560747, min_label=0, max_label=107, instance_name='p04.txt');0.20560747385025024;0.17646059393882751;0.2164420634508133;0.12605628371238708
Data(x=[30, 7], edge_index=[2, 4], edge_attr=[4, 5], y=21.0, custom_label=0.19626169, min_label=0, max_label=107, instance_name='p04.txt');0.1962616890668869;0.17646059393882751;0.2164420634508133;0.12605628371238708
Data(x=[30, 7], edge_index=[2, 4], edge_attr=[4, 5], y=20.0, custom_label=0.18691589, min_label=0, max_label=107, instance_name='p04.txt');0.18691588938236237;0.17646059393882751;0.2164420634508133;0.12605628371238708
Data(x=[30, 7], edge_index=[2, 4], edge_attr=[4, 5], y=19.0, custom_label=0.17757009, min_label=0, max_label=107, instance_name='p04.txt');0.17757008969783783;0.17646059393882751;0.2164420634508133;0.12605628371238708
Data(x=[30, 7], edge_index=[2, 4], edge_attr=[4, 5], y=18.0, custom_label=0.1682243, min_label=0, max_label=107, instance_name='p04.txt');0.1682243049144745;0.17646059393882751;0.2164420634508133;0.12605628371238708
Data(x=[30, 7], edge_index=[2, 4], edge_attr=[4, 5], y=17.0, custom_label=0.1588785, min_label=0, max_label=107, instance_name='p04.txt');0.15887850522994995;0.17646059393882751;0.2164420634508133;0.12605628371238708
Data(x=[30, 7], edge_index=[2, 4], edge_attr=[4, 5], y=16.0, custom_label=0.1495327, min_label=0, max_label=107, instance_name='p04.txt');0.14953270554542542;0.17646059393882751;0.2164420634508133;0.12605628371238708
Data(x=[30, 7], edge_index=[2, 4], edge_attr=[4, 5], y=15.0, custom_label=0.14018692, min_label=0, max_label=107, instance_name='p04.txt');0.14018692076206207;0.17646059393882751;0.2164420634508133;0.12605628371238708
Data(x=[30, 7], edge_index=[2, 4], edge_attr=[4, 5], y=14.0, custom_label=0.13084112, min_label=0, max_label=107, instance_name='p04.txt');0.13084112107753754;0.17646059393882751;0.2164420634508133;0.12605628371238708
Data(x=[30, 7], edge_index=[2, 4], edge_attr=[4, 5], y=13.0, custom_label=0.12149533, min_label=0, max_label=107, instance_name='p04.txt');0.1214953288435936;0.17646059393882751;0.2164420634508133;0.12605628371238708
Data(x=[30, 7], edge_index=[2, 4], edge_attr=[4, 5], y=12.0, custom_label=0.11214953, min_label=0, max_label=107, instance_name='p04.txt');0.11214952915906906;0.17646059393882751;0.2164420634508133;0.12605628371238708
Data(x=[30, 7], edge_index=[2, 4], edge_attr=[4, 5], y=11.0, custom_label=0.10280374, min_label=0, max_label=107, instance_name='p04.txt');0.10280373692512512;0.17646059393882751;0.2164420634508133;0.12605628371238708
Data(x=[30, 7], edge_index=[2, 4], edge_attr=[4, 5], y=10.0, custom_label=0.093457945, min_label=0, max_label=107, instance_name='p04.txt');0.09345794469118118;0.17646059393882751;0.2164420634508133;0.12605628371238708
Data(x=[30, 7], edge_index=[2, 4], edge_attr=[4, 5], y=9.0, custom_label=0.08411215, min_label=0, max_label=107, instance_name='p04.txt');0.08411215245723724;0.17646059393882751;0.2164420634508133;0.12605628371238708
Data(x=[30, 7], edge_index=[2, 4], edge_attr=[4, 5], y=8.0, custom_label=0.07476635, min_label=0, max_label=107, instance_name='p04.txt');0.07476635277271271;0.17646059393882751;0.2164420634508133;0.12605628371238708
Data(x=[30, 7], edge_index=[2, 4], edge_attr=[4, 5], y=7.0, custom_label=0.06542056, min_label=0, max_label=107, instance_name='p04.txt');0.06542056053876877;0.17646059393882751;0.2164420634508133;0.12605628371238708
Data(x=[30, 7], edge_index=[2, 4], edge_attr=[4, 5], y=6.0, custom_label=0.056074765, min_label=0, max_label=107, instance_name='p04.txt');0.05607476457953453;0.17646059393882751;0.2164420634508133;0.12605628371238708
Data(x=[30, 7], edge_index=[2, 4], edge_attr=[4, 5], y=5.0, custom_label=0.046728972, min_label=0, max_label=107, instance_name='p04.txt');0.04672897234559059;0.17646059393882751;0.2164420634508133;0.12605628371238708
Data(x=[30, 7], edge_index=[2, 4], edge_attr=[4, 5], y=4.0, custom_label=0.037383176, min_label=0, max_label=107, instance_name='p04.txt');0.037383176386356354;0.17646059393882751;0.2164420634508133;0.12605628371238708
Data(x=[30, 7], edge_index=[2, 4], edge_attr=[4, 5], y=3.0, custom_label=0.028037382, min_label=0, max_label=107, instance_name='p04.txt');0.028037382289767265;0.17646059393882751;0.2164420634508133;0.12605628371238708
Data(x=[30, 7], edge_index=[2, 4], edge_attr=[4, 5], y=2.0, custom_label=0.018691588, min_label=0, max_label=107, instance_name='p04.txt');0.018691588193178177;0.17646059393882751;0.2164420634508133;0.12605628371238708
Data(x=[30, 7], edge_index=[2, 4], edge_attr=[4, 5], y=1.0, custom_label=0.009345794, min_label=0, max_label=107, instance_name='p04.txt');0.009345794096589088;0.17646059393882751;0.2164420634508133;0.12605628371238708
Data(x=[31, 7], edge_index=[2, 6], edge_attr=[6, 5], y=0.0, custom_label=0.0, min_label=0, max_label=107, instance_name='p04.txt');0.0;0.011445180512964725;0.0024172267876565456;0.12605628371238708
Data(x=[36, 7], edge_index=[2, 36], y=25.0, edge_attr=[36, 5], custom_label=1.0, min_label=0, max_label=25, instance_name='p05.txt');1.0;0.8794257044792175;0.8676706552505493;0.6659550070762634
Data(x=[36, 7], edge_index=[2, 36], y=24.0, edge_attr=[36, 5], custom_label=0.96, min_label=0, max_label=25, instance_name='p05.txt');0.9599999785423279;0.8794257044792175;0.8676706552505493;0.6659550070762634
Data(x=[36, 7], edge_index=[2, 36], y=23.0, edge_attr=[36, 5], custom_label=0.92, min_label=0, max_label=25, instance_name='p05.txt');0.9200000166893005;0.8794257044792175;0.8676706552505493;0.6659550070762634
Data(x=[37, 7], edge_index=[2, 2], edge_attr=[2, 5], y=22.0, custom_label=0.88, min_label=0, max_label=25, instance_name='p05.txt');0.8799999952316284;0.7512922286987305;0.7031864523887634;0.12605628371238708
Data(x=[38, 7], edge_index=[2, 4], edge_attr=[4, 5], y=21.0, custom_label=0.84, min_label=0, max_label=25, instance_name='p05.txt');0.8399999737739563;0.6365281343460083;0.566053032875061;0.12605628371238708
Data(x=[38, 7], edge_index=[2, 4], edge_attr=[4, 5], y=20.0, custom_label=0.8, min_label=0, max_label=25, instance_name='p05.txt');0.800000011920929;0.6365281343460083;0.566053032875061;0.12605628371238708
Data(x=[38, 7], edge_index=[2, 4], edge_attr=[4, 5], y=19.0, custom_label=0.76, min_label=0, max_label=25, instance_name='p05.txt');0.7599999904632568;0.6365281343460083;0.566053032875061;0.12605628371238708
Data(x=[38, 7], edge_index=[2, 4], edge_attr=[4, 5], y=18.0, custom_label=0.72, min_label=0, max_label=25, instance_name='p05.txt');0.7200000286102295;0.6365281343460083;0.566053032875061;0.12605628371238708
Data(x=[38, 7], edge_index=[2, 4], edge_attr=[4, 5], y=17.0, custom_label=0.68, min_label=0, max_label=25, instance_name='p05.txt');0.6800000071525574;0.6365281343460083;0.566053032875061;0.12605628371238708
Data(x=[38, 7], edge_index=[2, 4], edge_attr=[4, 5], y=16.0, custom_label=0.64, min_label=0, max_label=25, instance_name='p05.txt');0.6399999856948853;0.6365281343460083;0.566053032875061;0.12605628371238708
Data(x=[39, 7], edge_index=[2, 6], edge_attr=[6, 5], y=15.0, custom_label=0.6, min_label=0, max_label=25, instance_name='p05.txt');0.6000000238418579;0.48613137006759644;0.4795915186405182;0.12605628371238708
Data(x=[40, 7], edge_index=[2, 8], edge_attr=[8, 5], y=14.0, custom_label=0.56, min_label=0, max_label=25, instance_name='p05.txt');0.5600000023841858;0.3231739103794098;0.3787258565425873;0.12605628371238708
Data(x=[40, 7], edge_index=[2, 8], edge_attr=[8, 5], y=13.0, custom_label=0.52, min_label=0, max_label=25, instance_name='p05.txt');0.5199999809265137;0.3231739103794098;0.3787258565425873;0.12605628371238708
Data(x=[40, 7], edge_index=[2, 8], edge_attr=[8, 5], y=12.0, custom_label=0.48, min_label=0, max_label=25, instance_name='p05.txt');0.47999998927116394;0.3231739103794098;0.3787258565425873;0.12605628371238708
Data(x=[40, 7], edge_index=[2, 8], edge_attr=[8, 5], y=11.0, custom_label=0.44, min_label=0, max_label=25, instance_name='p05.txt');0.4399999976158142;0.3231739103794098;0.3787258565425873;0.12605628371238708
Data(x=[40, 7], edge_index=[2, 8], edge_attr=[8, 5], y=10.0, custom_label=0.4, min_label=0, max_label=25, instance_name='p05.txt');0.4000000059604645;0.3231739103794098;0.3787258565425873;0.12605628371238708
Data(x=[40, 7], edge_index=[2, 8], edge_attr=[8, 5], y=9.0, custom_label=0.36, min_label=0, max_label=25, instance_name='p05.txt');0.36000001430511475;0.3231739103794098;0.3787258565425873;0.12605628371238708
Data(x=[41, 7], edge_index=[2, 10], edge_attr=[10, 5], y=8.0, custom_label=0.32, min_label=0, max_label=25, instance_name='p05.txt');0.3199999928474426;0.19006820023059845;0.24350446462631226;0.12605628371238708
Data(x=[42, 7], edge_index=[2, 12], edge_attr=[12, 5], y=7.0, custom_label=0.28, min_label=0, max_label=25, instance_name='p05.txt');0.2800000011920929;0.10254836827516556;0.12216527760028839;0.12605628371238708
Data(x=[42, 7], edge_index=[2, 12], edge_attr=[12, 5], y=6.0, custom_label=0.24, min_label=0, max_label=25, instance_name='p05.txt');0.23999999463558197;0.10254836827516556;0.12216527760028839;0.12605628371238708
Data(x=[42, 7], edge_index=[2, 12], edge_attr=[12, 5], y=5.0, custom_label=0.2, min_label=0, max_label=25, instance_name='p05.txt');0.20000000298023224;0.10254836827516556;0.12216527760028839;0.12605628371238708
Data(x=[42, 7], edge_index=[2, 12], edge_attr=[12, 5], y=4.0, custom_label=0.16, min_label=0, max_label=25, instance_name='p05.txt');0.1599999964237213;0.10254836827516556;0.12216527760028839;0.12605628371238708
Data(x=[42, 7], edge_index=[2, 12], edge_attr=[12, 5], y=3.0, custom_label=0.12, min_label=0, max_label=25, instance_name='p05.txt');0.11999999731779099;0.10254836827516556;0.12216527760028839;0.12605628371238708
Data(x=[42, 7], edge_index=[2, 12], edge_attr=[12, 5], y=2.0, custom_label=0.08, min_label=0, max_label=25, instance_name='p05.txt');0.07999999821186066;0.10254836827516556;0.12216527760028839;0.12605628371238708
Data(x=[43, 7], edge_index=[2, 14], edge_attr=[14, 5], y=1.0, custom_label=0.04, min_label=0, max_label=25, instance_name='p05.txt');0.03999999910593033;0.001242953585460782;0.0007044915691949427;0.12605628371238708
Data(x=[44, 7], edge_index=[2, 16], edge_attr=[16, 5], y=0.0, custom_label=0.0, min_label=0, max_label=25, instance_name='p05.txt');0.0;1.9166909623891115e-06;1.0386092981207184e-06;0.12605628371238708
Data(x=[34, 7], edge_index=[2, 22], edge_attr=[22, 5], y=5.0, custom_label=0.2, min_label=0, max_label=25, instance_name='p05.txt');0.20000000298023224;0.00018301776435691863;0.0002514501102268696;0.12605628371238708
Data(x=[33, 7], edge_index=[2, 20], edge_attr=[20, 5], y=4.0, custom_label=0.16, min_label=0, max_label=25, instance_name='p05.txt');0.1599999964237213;0.0007718332926742733;0.0009734829072840512;0.12605628371238708
Data(x=[33, 7], edge_index=[2, 20], edge_attr=[20, 5], y=3.0, custom_label=0.12, min_label=0, max_label=25, instance_name='p05.txt');0.11999999731779099;0.0007718332926742733;0.0009734825580380857;0.12605628371238708
Data(x=[33, 7], edge_index=[2, 20], edge_attr=[20, 5], y=2.0, custom_label=0.08, min_label=0, max_label=25, instance_name='p05.txt');0.07999999821186066;0.000851619872264564;0.0024842291604727507;0.12605628371238708
Data(x=[33, 7], edge_index=[2, 20], edge_attr=[20, 5], y=1.0, custom_label=0.04, min_label=0, max_label=25, instance_name='p05.txt');0.03999999910593033;0.0008516195230185986;0.0024842291604727507;0.12605628371238708
Data(x=[34, 7], edge_index=[2, 22], edge_attr=[22, 5], y=0.0, custom_label=0.0, min_label=0, max_label=25, instance_name='p05.txt');0.0;1.6868429497662873e-07;2.089425095164188e-07;0.12605628371238708
Data(x=[41, 7], edge_index=[2, 30], edge_attr=[30, 5], y=0.0, custom_label=0.0, min_label=0, max_label=25, instance_name='p05.txt');0.0;3.1896038876766397e-07;4.3135875671396207e-07;4.177625259615958e-11
Data(x=[32, 7], edge_index=[2, 30], edge_attr=[30, 5], y=11.0, custom_label=0.44, min_label=0, max_label=25, instance_name='p05.txt');0.4399999976158142;0.2978614568710327;0.35325273871421814;4.678575714933686e-05
Data(x=[32, 7], edge_index=[2, 30], edge_attr=[30, 5], y=10.0, custom_label=0.4, min_label=0, max_label=25, instance_name='p05.txt');0.4000000059604645;0.29698672890663147;0.3566266596317291;0.12605628371238708
Data(x=[32, 7], edge_index=[2, 30], edge_attr=[30, 5], y=9.0, custom_label=0.36, min_label=0, max_label=25, instance_name='p05.txt');0.36000001430511475;0.30050399899482727;0.3756541907787323;0.12605628371238708
Data(x=[32, 7], edge_index=[2, 30], edge_attr=[30, 5], y=8.0, custom_label=0.32, min_label=0, max_label=25, instance_name='p05.txt');0.3199999928474426;0.2978614866733551;0.35325273871421814;0.12605628371238708
Data(x=[33, 7], edge_index=[2, 32], edge_attr=[32, 5], y=7.0, custom_label=0.28, min_label=0, max_label=25, instance_name='p05.txt');0.2800000011920929;0.1470678299665451;0.18145674467086792;0.12605628371238708
Data(x=[32, 7], edge_index=[2, 26], edge_attr=[26, 5], y=6.0, custom_label=0.24, min_label=0, max_label=25, instance_name='p05.txt');0.23999999463558197;0.13543856143951416;0.1591419130563736;0.12605628371238708
Data(x=[33, 7], edge_index=[2, 28], edge_attr=[28, 5], y=5.0, custom_label=0.2, min_label=0, max_label=25, instance_name='p05.txt');0.20000000298023224;0.00011947318125749007;0.0011745509691536427;0.12605628371238708
Data(x=[32, 7], edge_index=[2, 24], edge_attr=[24, 5], y=4.0, custom_label=0.16, min_label=0, max_label=25, instance_name='p05.txt');0.1599999964237213;0.0002675172290764749;0.0010654634097591043;0.12605628371238708
Data(x=[32, 7], edge_index=[2, 24], edge_attr=[24, 5], y=3.0, custom_label=0.12, min_label=0, max_label=25, instance_name='p05.txt');0.11999999731779099;0.0002675172290764749;0.0010654634097591043;0.12605628371238708
Data(x=[32, 7], edge_index=[2, 24], edge_attr=[24, 5], y=2.0, custom_label=0.08, min_label=0, max_label=25, instance_name='p05.txt');0.07999999821186066;0.00093393016140908;0.01738341525197029;0.12605628371238708
Data(x=[32, 7], edge_index=[2, 24], edge_attr=[24, 5], y=1.0, custom_label=0.04, min_label=0, max_label=25, instance_name='p05.txt');0.03999999910593033;0.000267517491010949;0.0010654634097591043;0.12605628371238708
Data(x=[33, 7], edge_index=[2, 26], edge_attr=[26, 5], y=0.0, custom_label=0.0, min_label=0, max_label=25, instance_name='p05.txt');0.0;4.7113125845044124e-08;1.7656849138347752e-07;0.12605628371238708
Data(x=[33, 7], edge_index=[2, 26], edge_attr=[26, 5], y=0.0, custom_label=0.0, min_label=0, max_label=25, instance_name='p05.txt');0.0;4.7593527341405206e-08;8.145107699419896e-08;0.12605628371238708
Data(x=[35, 7], edge_index=[2, 22], edge_attr=[22, 5], y=9.0, custom_label=0.36, min_label=0, max_label=25, instance_name='p05.txt');0.36000001430511475;0.24291716516017914;0.25296786427497864;1.6133069948409684e-05
Data(x=[35, 7], edge_index=[2, 22], edge_attr=[22, 5], y=8.0, custom_label=0.32, min_label=0, max_label=25, instance_name='p05.txt');0.3199999928474426;0.25460249185562134;0.30917298793792725;1.6133069948409684e-05
Data(x=[35, 7], edge_index=[2, 22], edge_attr=[22, 5], y=7.0, custom_label=0.28, min_label=0, max_label=25, instance_name='p05.txt');0.2800000011920929;0.2419571578502655;0.2631213068962097;1.6133069948409684e-05
Data(x=[36, 7], edge_index=[2, 24], edge_attr=[24, 5], y=6.0, custom_label=0.24, min_label=0, max_label=25, instance_name='p05.txt');0.23999999463558197;0.03242497518658638;0.053089842200279236;1.6133069948409684e-05
Data(x=[36, 7], edge_index=[2, 24], edge_attr=[24, 5], y=5.0, custom_label=0.2, min_label=0, max_label=25, instance_name='p05.txt');0.20000000298023224;0.0002673830895218998;0.0007492714794352651;1.6133069948409684e-05
Data(x=[35, 7], edge_index=[2, 22], edge_attr=[22, 5], y=4.0, custom_label=0.16, min_label=0, max_label=25, instance_name='p05.txt');0.1599999964237213;0.0010484213707968593;0.0027662734501063824;1.6133069948409684e-05
Data(x=[35, 7], edge_index=[2, 22], edge_attr=[22, 5], y=3.0, custom_label=0.12, min_label=0, max_label=25, instance_name='p05.txt');0.11999999731779099;0.0010484213707968593;0.0027662734501063824;1.6133069948409684e-05
Data(x=[35, 7], edge_index=[2, 22], edge_attr=[22, 5], y=2.0, custom_label=0.08, min_label=0, max_label=25, instance_name='p05.txt');0.07999999821186066;0.0010484213707968593;0.0027662734501063824;1.6133069948409684e-05
Data(x=[35, 7], edge_index=[2, 22], edge_attr=[22, 5], y=1.0, custom_label=0.04, min_label=0, max_label=25, instance_name='p05.txt');0.03999999910593033;0.0010484213707968593;0.0027662734501063824;1.6133069948409684e-05
Data(x=[36, 7], edge_index=[2, 24], edge_attr=[24, 5], y=0.0, custom_label=0.0, min_label=0, max_label=25, instance_name='p05.txt');0.0;3.6622736843128223e-07;9.237829203811998e-07;1.6133069948409684e-05
Data(x=[39, 7], edge_index=[2, 24], edge_attr=[24, 5], y=9.0, custom_label=0.36, min_label=0, max_label=25, instance_name='p05.txt');0.36000001430511475;0.1961306482553482;0.22695299983024597;1.6836214854265563e-05
Data(x=[39, 7], edge_index=[2, 24], edge_attr=[24, 5], y=8.0, custom_label=0.32, min_label=0, max_label=25, instance_name='p05.txt');0.3199999928474426;0.04848019406199455;0.0861087441444397;1.6836214854265563e-05
Data(x=[38, 7], edge_index=[2, 20], edge_attr=[20, 5], y=7.0, custom_label=0.28, min_label=0, max_label=25, instance_name='p05.txt');0.2800000011920929;0.087596096098423;0.08665133267641068;1.6836214854265563e-05
Data(x=[38, 7], edge_index=[2, 20], edge_attr=[20, 5], y=6.0, custom_label=0.24, min_label=0, max_label=25, instance_name='p05.txt');0.23999999463558197;0.087596096098423;0.08665133267641068;1.6836214854265563e-05
Data(x=[38, 7], edge_index=[2, 20], edge_attr=[20, 5], y=5.0, custom_label=0.2, min_label=0, max_label=25, instance_name='p05.txt');0.20000000298023224;0.087596096098423;0.08665133267641068;1.6836214854265563e-05
Data(x=[39, 7], edge_index=[2, 22], edge_attr=[22, 5], y=4.0, custom_label=0.16, min_label=0, max_label=25, instance_name='p05.txt');0.1599999964237213;6.991362170083448e-05;8.141437137965113e-05;1.6836214854265563e-05
Data(x=[38, 7], edge_index=[2, 20], edge_attr=[20, 5], y=3.0, custom_label=0.12, min_label=0, max_label=25, instance_name='p05.txt');0.11999999731779099;0.00023568843607790768;0.0002561717410571873;1.6836214854265563e-05
Data(x=[38, 7], edge_index=[2, 20], edge_attr=[20, 5], y=2.0, custom_label=0.08, min_label=0, max_label=25, instance_name='p05.txt');0.07999999821186066;0.0009253474418073893;0.005085083656013012;1.6836214854265563e-05
Data(x=[38, 7], edge_index=[2, 20], edge_attr=[20, 5], y=1.0, custom_label=0.04, min_label=0, max_label=25, instance_name='p05.txt');0.03999999910593033;0.00023568866890855134;0.0002561714791227132;1.6836214854265563e-05
Data(x=[39, 7], edge_index=[2, 22], edge_attr=[22, 5], y=0.0, custom_label=0.0, min_label=0, max_label=25, instance_name='p05.txt');0.0;1.6188378992865182e-07;1.67935013450915e-07;1.6836214854265563e-05
Data(x=[40, 7], edge_index=[2, 32], edge_attr=[32, 5], y=3.0, custom_label=0.12, min_label=0, max_label=25, instance_name='p05.txt');0.11999999731779099;0.0026559883262962103;0.004528805613517761;0.12605628371238708
Data(x=[40, 7], edge_index=[2, 32], edge_attr=[32, 5], y=2.0, custom_label=0.08, min_label=0, max_label=25, instance_name='p05.txt');0.07999999821186066;0.0009294988121837378;0.002123467158526182;0.12605628371238708
Data(x=[40, 7], edge_index=[2, 32], edge_attr=[32, 5], y=1.0, custom_label=0.04, min_label=0, max_label=25, instance_name='p05.txt');0.03999999910593033;0.0007108867866918445;0.0009725494310259819;0.12605628371238708
Data(x=[41, 7], edge_index=[2, 34], edge_attr=[34, 5], y=0.0, custom_label=0.0, min_label=0, max_label=25, instance_name='p05.txt');0.0;6.701739607706259e-07;8.830533033687971e-07;0.12605628371238708
Data(x=[36, 7], edge_index=[2, 24], edge_attr=[24, 5], y=4.0, custom_label=0.16, min_label=0, max_label=25, instance_name='p05.txt');0.1599999964237213;0.00024413919891230762;0.0003171514836139977;1.6836214854265563e-05
Data(x=[36, 7], edge_index=[2, 24], edge_attr=[24, 5], y=3.0, custom_label=0.12, min_label=0, max_label=25, instance_name='p05.txt');0.11999999731779099;0.00024413946084678173;0.0003171511634718627;4.857524800172541e-06
Data(x=[36, 7], edge_index=[2, 24], edge_attr=[24, 5], y=2.0, custom_label=0.08, min_label=0, max_label=25, instance_name='p05.txt');0.07999999821186066;0.0003290208987891674;0.0007558697834610939;4.857524800172541e-06
Data(x=[36, 7], edge_index=[2, 24], edge_attr=[24, 5], y=1.0, custom_label=0.04, min_label=0, max_label=25, instance_name='p05.txt');0.03999999910593033;0.00024413919891230762;0.0003171511634718627;4.857524800172541e-06
Data(x=[37, 7], edge_index=[2, 26], edge_attr=[26, 5], y=0.0, custom_label=0.0, min_label=0, max_label=25, instance_name='p05.txt');0.0;1.1122749299374846e-07;1.390960164826538e-07;4.857524800172541e-06
Data(x=[35, 7], edge_index=[2, 20], edge_attr=[20, 5], y=15.0, custom_label=0.6, min_label=0, max_label=25, instance_name='p05.txt');0.6000000238418579;0.25460249185562134;0.2709476351737976;0.12605628371238708
Data(x=[35, 7], edge_index=[2, 20], edge_attr=[20, 5], y=14.0, custom_label=0.56, min_label=0, max_label=25, instance_name='p05.txt');0.5600000023841858;0.25460249185562134;0.2709476351737976;0.12605628371238708
Data(x=[35, 7], edge_index=[2, 20], edge_attr=[20, 5], y=13.0, custom_label=0.52, min_label=0, max_label=25, instance_name='p05.txt');0.5199999809265137;0.2664966881275177;0.3293860852718353;0.12605628371238708
Data(x=[35, 7], edge_index=[2, 20], edge_attr=[20, 5], y=12.0, custom_label=0.48, min_label=0, max_label=25, instance_name='p05.txt');0.47999998927116394;0.25460249185562134;0.2709476351737976;0.12605628371238708
Data(x=[35, 7], edge_index=[2, 20], edge_attr=[20, 5], y=11.0, custom_label=0.44, min_label=0, max_label=25, instance_name='p05.txt');0.4399999976158142;0.25460249185562134;0.2709476351737976;0.12605628371238708
Data(x=[35, 7], edge_index=[2, 20], edge_attr=[20, 5], y=10.0, custom_label=0.4, min_label=0, max_label=25, instance_name='p05.txt');0.4000000059604645;0.2664966881275177;0.3293861150741577;0.12605628371238708
Data(x=[35, 7], edge_index=[2, 20], edge_attr=[20, 5], y=9.0, custom_label=0.36, min_label=0, max_label=25, instance_name='p05.txt');0.36000001430511475;0.25460249185562134;0.2709476351737976;0.12605628371238708
Data(x=[35, 7], edge_index=[2, 20], edge_attr=[20, 5], y=8.0, custom_label=0.32, min_label=0, max_label=25, instance_name='p05.txt');0.3199999928474426;0.25460249185562134;0.2709476351737976;0.12605628371238708
Data(x=[35, 7], edge_index=[2, 20], edge_attr=[20, 5], y=7.0, custom_label=0.28, min_label=0, max_label=25, instance_name='p05.txt');0.2800000011920929;0.25460249185562134;0.2709476351737976;0.12605628371238708
Data(x=[36, 7], edge_index=[2, 22], edge_attr=[22, 5], y=6.0, custom_label=0.24, min_label=0, max_label=25, instance_name='p05.txt');0.23999999463558197;0.09919795393943787;0.1032668873667717;0.12605628371238708
Data(x=[36, 7], edge_index=[2, 22], edge_attr=[22, 5], y=5.0, custom_label=0.2, min_label=0, max_label=25, instance_name='p05.txt');0.20000000298023224;0.09919795393943787;0.1032668873667717;0.12605628371238708
Data(x=[36, 7], edge_index=[2, 22], edge_attr=[22, 5], y=4.0, custom_label=0.16, min_label=0, max_label=25, instance_name='p05.txt');0.1599999964237213;0.13313935697078705;0.16055788099765778;0.12605628371238708
Data(x=[36, 7], edge_index=[2, 22], edge_attr=[22, 5], y=3.0, custom_label=0.12, min_label=0, max_label=25, instance_name='p05.txt');0.11999999731779099;0.09919793158769608;0.1032668873667717;0.12605628371238708
Data(x=[36, 7], edge_index=[2, 22], edge_attr=[22, 5], y=2.0, custom_label=0.08, min_label=0, max_label=25, instance_name='p05.txt');0.07999999821186066;0.09919793158769608;0.1032668873667717;0.12605628371238708
Data(x=[37, 7], edge_index=[2, 24], edge_attr=[24, 5], y=1.0, custom_label=0.04, min_label=0, max_label=25, instance_name='p05.txt');0.03999999910593033;5.3201256378088146e-05;8.108199108392e-05;0.12605628371238708
Data(x=[37, 7], edge_index=[2, 24], edge_attr=[24, 5], y=0.0, custom_label=0.0, min_label=0, max_label=25, instance_name='p05.txt');0.0;8.787681338162656e-08;1.1972863944720302e-07;0.12605628371238708
Data(x=[27, 7], edge_index=[2, 20], edge_attr=[20, 5], y=10.0, custom_label=0.4, min_label=0, max_label=25, instance_name='p05.txt');0.4000000059604645;0.44976064562797546;0.4339695870876312;0.12605628371238708
Data(x=[27, 7], edge_index=[2, 20], edge_attr=[20, 5], y=9.0, custom_label=0.36, min_label=0, max_label=25, instance_name='p05.txt');0.36000001430511475;0.44976064562797546;0.4339695870876312;0.12605628371238708
Data(x=[27, 7], edge_index=[2, 20], edge_attr=[20, 5], y=8.0, custom_label=0.32, min_label=0, max_label=25, instance_name='p05.txt');0.3199999928474426;0.4674818217754364;0.4723324775695801;0.12605628371238708
Data(x=[27, 7], edge_index=[2, 20], edge_attr=[20, 5], y=7.0, custom_label=0.28, min_label=0, max_label=25, instance_name='p05.txt');0.2800000011920929;0.44976064562797546;0.4339695870876312;0.12605628371238708
Data(x=[28, 7], edge_index=[2, 22], edge_attr=[22, 5], y=6.0, custom_label=0.24, min_label=0, max_label=25, instance_name='p05.txt');0.23999999463558197;0.2366819828748703;0.29166293144226074;0.12605628371238708
Data(x=[27, 7], edge_index=[2, 20], edge_attr=[20, 5], y=5.0, custom_label=0.2, min_label=0, max_label=25, instance_name='p05.txt');0.20000000298023224;0.25972795486450195;0.3167558014392853;0.12605628371238708
Data(x=[27, 7], edge_index=[2, 20], edge_attr=[20, 5], y=4.0, custom_label=0.16, min_label=0, max_label=25, instance_name='p05.txt');0.1599999964237213;0.25972795486450195;0.3167558014392853;0.12605628371238708
Data(x=[28, 7], edge_index=[2, 22], edge_attr=[22, 5], y=3.0, custom_label=0.12, min_label=0, max_label=25, instance_name='p05.txt');0.11999999731779099;0.10258980095386505;0.12645243108272552;0.12605628371238708
Data(x=[28, 7], edge_index=[2, 22], edge_attr=[22, 5], y=2.0, custom_label=0.08, min_label=0, max_label=25, instance_name='p05.txt');0.07999999821186066;0.0001245940657099709;0.00034026658977381885;0.12605628371238708
Data(x=[27, 7], edge_index=[2, 18], edge_attr=[18, 5], y=1.0, custom_label=0.04, min_label=0, max_label=25, instance_name='p05.txt');0.03999999910593033;5.1196540880482644e-05;0.00011379997158655897;0.12605628371238708
Data(x=[28, 7], edge_index=[2, 20], edge_attr=[20, 5], y=0.0, custom_label=0.0, min_label=0, max_label=25, instance_name='p05.txt');0.0;2.0011481360882044e-09;4.311384138588892e-09;0.12605628371238708
Data(x=[19, 7], edge_index=[2, 4], edge_attr=[4, 5], y=35.0, custom_label=1.0, min_label=0, max_label=35, instance_name='p06.txt');1.0;0.2396114468574524;0.3112660050392151;0.12605628371238708
Data(x=[19, 7], edge_index=[2, 4], edge_attr=[4, 5], y=34.0, custom_label=0.9714286, min_label=0, max_label=35, instance_name='p06.txt');0.9714285731315613;0.2396114468574524;0.3112660050392151;0.12605628371238708
Data(x=[19, 7], edge_index=[2, 4], edge_attr=[4, 5], y=33.0, custom_label=0.94285715, min_label=0, max_label=35, instance_name='p06.txt');0.9428571462631226;0.2396114468574524;0.3112660050392151;0.12605628371238708
Data(x=[19, 7], edge_index=[2, 4], edge_attr=[4, 5], y=32.0, custom_label=0.9142857, min_label=0, max_label=35, instance_name='p06.txt');0.9142857193946838;0.2396114468574524;0.3112660050392151;0.12605628371238708
Data(x=[18, 7], edge_index=[2, 2], edge_attr=[2, 5], y=31.0, custom_label=0.8857143, min_label=0, max_label=35, instance_name='p06.txt');0.8857142925262451;0.5723426342010498;0.5220164060592651;0.12605628371238708
Data(x=[18, 7], edge_index=[2, 2], edge_attr=[2, 5], y=30.0, custom_label=0.85714287, min_label=0, max_label=35, instance_name='p06.txt');0.8571428656578064;0.5723426342010498;0.5220164060592651;0.12605628371238708
Data(x=[18, 7], edge_index=[2, 2], edge_attr=[2, 5], y=29.0, custom_label=0.82857144, min_label=0, max_label=35, instance_name='p06.txt');0.8285714387893677;0.572342574596405;0.5220164060592651;0.12605628371238708
Data(x=[18, 7], edge_index=[2, 2], edge_attr=[2, 5], y=28.0, custom_label=0.8, min_label=0, max_label=35, instance_name='p06.txt');0.800000011920929;0.572342574596405;0.5220164060592651;0.12605628371238708
Data(x=[18, 7], edge_index=[2, 2], edge_attr=[2, 5], y=27.0, custom_label=0.7714286, min_label=0, max_label=35, instance_name='p06.txt');0.7714285850524902;0.572342574596405;0.5220164060592651;0.12605628371238708
Data(x=[18, 7], edge_index=[2, 2], edge_attr=[2, 5], y=26.0, custom_label=0.74285716, min_label=0, max_label=35, instance_name='p06.txt');0.7428571581840515;0.572342574596405;0.5220164060592651;0.12605628371238708
Data(x=[18, 7], edge_index=[2, 2], edge_attr=[2, 5], y=25.0, custom_label=0.71428573, min_label=0, max_label=35, instance_name='p06.txt');0.7142857313156128;0.572342574596405;0.5220164060592651;0.12605628371238708
Data(x=[17, 7], edge_index=[2, 17], y=24.0, edge_attr=[17, 5], custom_label=0.6857143, min_label=0, max_label=35, instance_name='p06.txt');0.6857143044471741;0.8678203225135803;0.8537875413894653;0.6659550070762634
Data(x=[17, 7], edge_index=[2, 17], y=23.0, edge_attr=[17, 5], custom_label=0.6571429, min_label=0, max_label=35, instance_name='p06.txt');0.6571428775787354;0.8678203225135803;0.8537875413894653;0.6659550070762634
Data(x=[17, 7], edge_index=[2, 17], y=22.0, edge_attr=[17, 5], custom_label=0.62857145, min_label=0, max_label=35, instance_name='p06.txt');0.6285714507102966;0.8678203225135803;0.8537875413894653;0.6659550070762634
Data(x=[17, 7], edge_index=[2, 17], y=21.0, edge_attr=[17, 5], custom_label=0.6, min_label=0, max_label=35, instance_name='p06.txt');0.6000000238418579;0.8678203225135803;0.8537875413894653;0.6659550070762634
Data(x=[17, 7], edge_index=[2, 17], y=20.0, edge_attr=[17, 5], custom_label=0.5714286, min_label=0, max_label=35, instance_name='p06.txt');0.5714285969734192;0.8678203225135803;0.8537875413894653;0.6659550070762634
Data(x=[17, 7], edge_index=[2, 17], y=19.0, edge_attr=[17, 5], custom_label=0.54285717, min_label=0, max_label=35, instance_name='p06.txt');0.5428571701049805;0.8678203225135803;0.8537875413894653;0.6659550070762634
Data(x=[18, 7], edge_index=[2, 2], edge_attr=[2, 5], y=18.0, custom_label=0.51428574, min_label=0, max_label=35, instance_name='p06.txt');0.5142857432365417;0.572342574596405;0.5220164060592651;0.12605628371238708
Data(x=[18, 7], edge_index=[2, 2], edge_attr=[2, 5], y=17.0, custom_label=0.4857143, min_label=0, max_label=35, instance_name='p06.txt');0.48571428656578064;0.5723426342010498;0.5220164060592651;0.12605628371238708
Data(x=[18, 7], edge_index=[2, 2], edge_attr=[2, 5], y=16.0, custom_label=0.45714286, min_label=0, max_label=35, instance_name='p06.txt');0.4571428596973419;0.572342574596405;0.5220164060592651;0.12605628371238708
Data(x=[18, 7], edge_index=[2, 2], edge_attr=[2, 5], y=15.0, custom_label=0.42857143, min_label=0, max_label=35, instance_name='p06.txt');0.4285714328289032;0.5723426342010498;0.5220164060592651;0.12605628371238708
Data(x=[18, 7], edge_index=[2, 2], edge_attr=[2, 5], y=14.0, custom_label=0.4, min_label=0, max_label=35, instance_name='p06.txt');0.4000000059604645;0.5723426342010498;0.5220164060592651;0.12605628371238708
Data(x=[18, 7], edge_index=[2, 2], edge_attr=[2, 5], y=13.0, custom_label=0.37142858, min_label=0, max_label=35, instance_name='p06.txt');0.37142857909202576;0.5723426342010498;0.5220164060592651;0.12605628371238708
Data(x=[19, 7], edge_index=[2, 4], edge_attr=[4, 5], y=12.0, custom_label=0.34285715, min_label=0, max_label=35, instance_name='p06.txt');0.34285715222358704;0.2396114468574524;0.3112660050392151;0.12605628371238708
Data(x=[19, 7], edge_index=[2, 4], edge_attr=[4, 5], y=11.0, custom_label=0.31428573, min_label=0, max_label=35, instance_name='p06.txt');0.3142857253551483;0.2396114468574524;0.3112660050392151;0.12605628371238708
Data(x=[19, 7], edge_index=[2, 4], edge_attr=[4, 5], y=10.0, custom_label=0.2857143, min_label=0, max_label=35, instance_name='p06.txt');0.2857142984867096;0.2396114468574524;0.3112660050392151;0.12605628371238708
Data(x=[18, 7], edge_index=[2, 2], edge_attr=[2, 5], y=9.0, custom_label=0.25714287, min_label=0, max_label=35, instance_name='p06.txt');0.2571428716182709;0.572342574596405;0.5220164060592651;0.12605628371238708
Data(x=[18, 7], edge_index=[2, 2], edge_attr=[2, 5], y=8.0, custom_label=0.22857143, min_label=0, max_label=35, instance_name='p06.txt');0.22857142984867096;0.572342574596405;0.5220164060592651;0.12605628371238708
Data(x=[18, 7], edge_index=[2, 2], edge_attr=[2, 5], y=7.0, custom_label=0.2, min_label=0, max_label=35, instance_name='p06.txt');0.20000000298023224;0.5723426342010498;0.5220164060592651;0.12605628371238708
Data(x=[18, 7], edge_index=[2, 2], edge_attr=[2, 5], y=6.0, custom_label=0.17142858, min_label=0, max_label=35, instance_name='p06.txt');0.17142857611179352;0.5723426342010498;0.5220164060592651;0.12605628371238708
Data(x=[19, 7], edge_index=[2, 4], edge_attr=[4, 5], y=5.0, custom_label=0.14285715, min_label=0, max_label=35, instance_name='p06.txt');0.1428571492433548;0.2396114468574524;0.3112660050392151;0.12605628371238708
Data(x=[19, 7], edge_index=[2, 4], edge_attr=[4, 5], y=4.0, custom_label=0.114285715, min_label=0, max_label=35, instance_name='p06.txt');0.11428571492433548;0.2396114468574524;0.3112660050392151;0.12605628371238708
Data(x=[19, 7], edge_index=[2, 4], edge_attr=[4, 5], y=3.0, custom_label=0.08571429, min_label=0, max_label=35, instance_name='p06.txt');0.08571428805589676;0.2396114468574524;0.3112660050392151;0.12605628371238708
Data(x=[19, 7], edge_index=[2, 4], edge_attr=[4, 5], y=2.0, custom_label=0.057142857, min_label=0, max_label=35, instance_name='p06.txt');0.05714285746216774;0.2396114468574524;0.3112660050392151;0.12605628371238708
Data(x=[19, 7], edge_index=[2, 4], edge_attr=[4, 5], y=1.0, custom_label=0.028571429, min_label=0, max_label=35, instance_name='p06.txt');0.02857142873108387;0.2396114468574524;0.3112660050392151;0.12605628371238708
Data(x=[20, 7], edge_index=[2, 6], edge_attr=[6, 5], y=0.0, custom_label=0.0, min_label=0, max_label=35, instance_name='p06.txt');0.0;0.0069520496763288975;0.0035514950286597013;0.12605628371238708
Data(x=[15, 7], edge_index=[2, 12], edge_attr=[12, 5], y=0.0, custom_label=0.0, min_label=0, max_label=35, instance_name='p06.txt');0.0;0.00018735298363026232;0.00047080713557079434;2.1275328720982145e-11
Data(x=[13, 7], edge_index=[2, 8], edge_attr=[8, 5], y=1.0, custom_label=0.028571429, min_label=0, max_label=35, instance_name='p06.txt');0.02857142873108387;0.4568893015384674;0.4178331792354584;6.252767889236566e-06
Data(x=[14, 7], edge_index=[2, 10], edge_attr=[10, 5], y=0.0, custom_label=0.0, min_label=0, max_label=35, instance_name='p06.txt');0.0;0.011743465438485146;0.06004851311445236;4.678571713156998e-05
Data(x=[14, 7], edge_index=[2, 10], edge_attr=[10, 5], y=0.0, custom_label=0.0, min_label=0, max_label=35, instance_name='p06.txt');0.0;0.00012404662265907973;0.00030309331486932933;6.9750169182092314e-12
Data(x=[15, 7], edge_index=[2, 12], edge_attr=[12, 5], y=1.0, custom_label=0.028571429, min_label=0, max_label=35, instance_name='p06.txt');0.02857142873108387;0.3820444345474243;0.38726508617401123;0.12605628371238708
Data(x=[16, 7], edge_index=[2, 14], edge_attr=[14, 5], y=0.0, custom_label=0.0, min_label=0, max_label=35, instance_name='p06.txt');0.0;0.0009402363211847842;0.010802207514643669;0.12605628371238708
Data(x=[14, 7], edge_index=[2, 14], edge_attr=[14, 5], y=0.0, custom_label=0.0, min_label=0, max_label=35, instance_name='p06.txt');0.0;0.04477120563387871;0.0587397925555706;1.6836214854265563e-05
Data(x=[13, 7], edge_index=[2, 12], edge_attr=[12, 5], y=0.0, custom_label=0.0, min_label=0, max_label=35, instance_name='p06.txt');0.0;0.00016568199498578906;0.0004176990478299558;2.408572720308177e-18
Data(x=[19, 7], edge_index=[2, 10], edge_attr=[10, 5], y=0.0, custom_label=0.0, min_label=0, max_label=35, instance_name='p06.txt');0.0;0.0004636175581254065;0.00043538707541301847;5.331055475538138e-12
Data(x=[12, 7], edge_index=[2, 8], edge_attr=[8, 5], y=1.0, custom_label=0.028571429, min_label=0, max_label=35, instance_name='p06.txt');0.02857142873108387;0.395628958940506;0.3820608854293823;1.736607385671718e-11
Data(x=[13, 7], edge_index=[2, 10], edge_attr=[10, 5], y=0.0, custom_label=0.0, min_label=0, max_label=35, instance_name='p06.txt');0.0;8.477659139316529e-05;0.0002726423554122448;6.252767889236566e-06
Data(x=[19, 7], edge_index=[2, 14], edge_attr=[14, 5], y=0.0, custom_label=0.0, min_label=0, max_label=35, instance_name='p06.txt');0.0;0.001510809874162078;0.007647904101759195;0.12605628371238708
Data(x=[13, 7], edge_index=[2, 8], edge_attr=[8, 5], y=0.0, custom_label=0.0, min_label=0, max_label=35, instance_name='p06.txt');0.0;7.706316682742909e-05;0.00018232784350402653;1.272016470466042e-05
Data(x=[15, 7], edge_index=[2, 10], edge_attr=[10, 5], y=0.0, custom_label=0.0, min_label=0, max_label=35, instance_name='p06.txt');0.0;0.00017252285033464432;0.00033222141792066395;2.0608646733588643e-11
Data(x=[17, 7], edge_index=[2, 8], edge_attr=[8, 5], y=0.0, custom_label=0.0, min_label=0, max_label=35, instance_name='p06.txt');0.0;0.006316025275737047;0.005840010475367308;0.12605628371238708
Data(x=[15, 7], edge_index=[2, 10], edge_attr=[10, 5], y=0.0, custom_label=0.0, min_label=0, max_label=35, instance_name='p06.txt');0.0;0.00017252285033464432;0.0003322211268823594;0.12605628371238708
Data(x=[16, 7], edge_index=[2, 12], edge_attr=[12, 5], y=0.0, custom_label=0.0, min_label=0, max_label=35, instance_name='p06.txt');0.0;0.006865725386887789;0.012321711517870426;2.7150547177876496e-18
Data(x=[16, 7], edge_index=[2, 12], edge_attr=[12, 5], y=0.0, custom_label=0.0, min_label=0, max_label=35, instance_name='p06.txt');0.0;0.00024897814728319645;0.0004991654423065484;6.9750169182092314e-12
Data(x=[17, 7], edge_index=[2, 8], edge_attr=[8, 5], y=0.0, custom_label=0.0, min_label=0, max_label=35, instance_name='p06.txt');0.0;0.006316025275737047;0.005840010475367308;4.678575714933686e-05
Data(x=[17, 7], edge_index=[2, 8], edge_attr=[8, 5], y=0.0, custom_label=0.0, min_label=0, max_label=35, instance_name='p06.txt');0.0;0.006316025275737047;0.005840010475367308;4.678575714933686e-05
Data(x=[14, 7], edge_index=[2, 16], edge_attr=[16, 5], y=0.0, custom_label=0.0, min_label=0, max_label=35, instance_name='p06.txt');0.0;0.0011822775704786181;0.003578225849196315;1.6384266388733712e-37
Data(x=[18, 7], edge_index=[2, 10], edge_attr=[10, 5], y=0.0, custom_label=0.0, min_label=0, max_label=35, instance_name='p06.txt');0.0;0.010794908739626408;0.007266870234161615;6.252767889236566e-06
Data(x=[12, 7], edge_index=[2, 6], edge_attr=[6, 5], y=0.0, custom_label=0.0, min_label=0, max_label=35, instance_name='p06.txt');0.0;0.0036660346668213606;0.007305235601961613;0.12605628371238708
Data(x=[15, 7], edge_index=[2, 10], edge_attr=[10, 5], y=0.0, custom_label=0.0, min_label=0, max_label=35, instance_name='p06.txt');0.0;0.005996082443743944;0.0101834237575531;4.678571713156998e-05
Data(x=[16, 7], edge_index=[2, 14], edge_attr=[14, 5], y=0.0, custom_label=0.0, min_label=0, max_label=35, instance_name='p06.txt');0.0;0.040187768638134;0.045162975788116455;1.836699052428809e-25
Data(x=[18, 7], edge_index=[2, 14], edge_attr=[14, 5], y=0.0, custom_label=0.0, min_label=0, max_label=35, instance_name='p06.txt');0.0;0.00043039233423769474;0.0007357446593232453;1.6133069948409684e-05
Data(x=[15, 7], edge_index=[2, 14], edge_attr=[14, 5], y=0.0, custom_label=0.0, min_label=0, max_label=35, instance_name='p06.txt');0.0;0.0002028397429967299;0.0006671653827652335;1.3076529876282494e-12
Data(x=[16, 7], edge_index=[2, 10], edge_attr=[10, 5], y=0.0, custom_label=0.0, min_label=0, max_label=35, instance_name='p06.txt');0.0;0.00023034941114019603;0.00035999497049488127;1.4819005397792573e-12
Data(x=[13, 7], edge_index=[2, 8], edge_attr=[8, 5], y=0.0, custom_label=0.0, min_label=0, max_label=35, instance_name='p06.txt');0.0;0.004633316770195961;0.009482228197157383;9.799384770303732e-08
Data(x=[14, 7], edge_index=[2, 10], edge_attr=[10, 5], y=0.0, custom_label=0.0, min_label=0, max_label=35, instance_name='p06.txt');0.0;0.005558371543884277;0.011851707473397255;4.177625259615958e-11
Data(x=[14, 7], edge_index=[2, 12], edge_attr=[12, 5], y=0.0, custom_label=0.0, min_label=0, max_label=35, instance_name='p06.txt');0.0;0.13144779205322266;0.12787283957004547;0.12605628371238708
Data(x=[16, 7], edge_index=[2, 10], edge_attr=[10, 5], y=0.0, custom_label=0.0, min_label=0, max_label=35, instance_name='p06.txt');0.0;0.010179761797189713;0.009091908112168312;0.12605628371238708
Data(x=[14, 7], edge_index=[2, 12], edge_attr=[12, 5], y=0.0, custom_label=0.0, min_label=0, max_label=35, instance_name='p06.txt');0.0;0.005975363310426474;0.01712973043322563;1.6133069948409684e-05
Data(x=[16, 7], edge_index=[2, 10], edge_attr=[10, 5], y=0.0, custom_label=0.0, min_label=0, max_label=35, instance_name='p06.txt');0.0;0.006406021304428577;0.008915742859244347;4.678571713156998e-05
Data(x=[14, 7], edge_index=[2, 6], edge_attr=[6, 5], y=0.0, custom_label=0.0, min_label=0, max_label=35, instance_name='p06.txt');0.0;0.004631549119949341;0.005648171529173851;0.12605628371238708
Data(x=[17, 7], edge_index=[2, 8], edge_attr=[8, 5], y=0.0, custom_label=0.0, min_label=0, max_label=35, instance_name='p06.txt');0.0;0.006316025275737047;0.005840010475367308;0.12605628371238708
Data(x=[12, 7], edge_index=[2, 10], edge_attr=[10, 5], y=0.0, custom_label=0.0, min_label=0, max_label=35, instance_name='p06.txt');0.0;0.008456999436020851;0.0162214282900095;1.6133069948409684e-05
Data(x=[16, 7], edge_index=[2, 10], edge_attr=[10, 5], y=0.0, custom_label=0.0, min_label=0, max_label=35, instance_name='p06.txt');0.0;0.006406021304428577;0.008915742859244347;6.252767889236566e-06
Data(x=[14, 7], edge_index=[2, 8], edge_attr=[8, 5], y=0.0, custom_label=0.0, min_label=0, max_label=35, instance_name='p06.txt');0.0;0.0001135314887505956;0.0002086038439301774;4.1228686313843355e-06
Data(x=[15, 7], edge_index=[2, 10], edge_attr=[10, 5], y=0.0, custom_label=0.0, min_label=0, max_label=35, instance_name='p06.txt');0.0;0.005996082443743944;0.0101834237575531;2.328725970737744e-12
Data(x=[14, 7], edge_index=[2, 8], edge_attr=[8, 5], y=3.0, custom_label=0.08571429, min_label=0, max_label=35, instance_name='p06.txt');0.08571428805589676;0.25658297538757324;0.31436118483543396;0.12605628371238708
Data(x=[13, 7], edge_index=[2, 6], edge_attr=[6, 5], y=2.0, custom_label=0.057142857, min_label=0, max_label=35, instance_name='p06.txt');0.05714285746216774;0.3432251513004303;0.42206746339797974;0.12605628371238708
Data(x=[13, 7], edge_index=[2, 6], edge_attr=[6, 5], y=1.0, custom_label=0.028571429, min_label=0, max_label=35, instance_name='p06.txt');0.02857142873108387;0.3090461194515228;0.35707709193229675;3.764807843253948e-05
Data(x=[14, 7], edge_index=[2, 8], edge_attr=[8, 5], y=0.0, custom_label=0.0, min_label=0, max_label=35, instance_name='p06.txt');0.0;0.0001135314887505956;0.0002086036402033642;0.12605628371238708
Data(x=[14, 7], edge_index=[2, 10], edge_attr=[10, 5], y=2.0, custom_label=0.057142857, min_label=0, max_label=35, instance_name='p06.txt');0.05714285746216774;0.31128472089767456;0.3379051089286804;1.1165189866407799e-12
Data(x=[13, 7], edge_index=[2, 8], edge_attr=[8, 5], y=1.0, custom_label=0.028571429, min_label=0, max_label=35, instance_name='p06.txt');0.02857142873108387;0.3662472665309906;0.3721022605895996;4.1228686313843355e-06
Data(x=[14, 7], edge_index=[2, 10], edge_attr=[10, 5], y=0.0, custom_label=0.0, min_label=0, max_label=35, instance_name='p06.txt');0.0;0.00012404662265907973;0.00030309331486932933;4.658037141780369e-06
Data(x=[18, 7], edge_index=[2, 10], edge_attr=[10, 5], y=0.0, custom_label=0.0, min_label=0, max_label=35, instance_name='p06.txt');0.0;0.010794908739626408;0.007266866974532604;0.12605628371238708
Data(x=[17, 7], edge_index=[2, 10], edge_attr=[10, 5], y=0.0, custom_label=0.0, min_label=0, max_label=35, instance_name='p06.txt');0.0;0.0002977639378514141;0.00038642206345684826;3.764807843253948e-05
Data(x=[14, 7], edge_index=[2, 8], edge_attr=[8, 5], y=0.0, custom_label=0.0, min_label=0, max_label=35, instance_name='p06.txt');0.0;0.0050905123353004456;0.008186403661966324;1.6836214854265563e-05
Data(x=[17, 7], edge_index=[2, 12], edge_attr=[12, 5], y=0.0, custom_label=0.0, min_label=0, max_label=35, instance_name='p06.txt');0.0;0.0072695608250796795;0.010754046961665154;1.6836214854265563e-05
Data(x=[15, 7], edge_index=[2, 6], edge_attr=[6, 5], y=5.0, custom_label=0.14285715, min_label=0, max_label=35, instance_name='p06.txt');0.1428571492433548;0.6721644401550293;0.5796794295310974;4.678571713156998e-05
Data(x=[15, 7], edge_index=[2, 6], edge_attr=[6, 5], y=4.0, custom_label=0.114285715, min_label=0, max_label=35, instance_name='p06.txt');0.11428571492433548;0.6721644401550293;0.5796794295310974;0.12605628371238708
Data(x=[16, 7], edge_index=[2, 8], edge_attr=[8, 5], y=3.0, custom_label=0.08571429, min_label=0, max_label=35, instance_name='p06.txt');0.08571428805589676;0.3024110496044159;0.34559619426727295;0.12605628371238708
Data(x=[16, 7], edge_index=[2, 8], edge_attr=[8, 5], y=2.0, custom_label=0.057142857, min_label=0, max_label=35, instance_name='p06.txt');0.05714285746216774;0.3288779854774475;0.39670124650001526;0.12605628371238708
Data(x=[16, 7], edge_index=[2, 8], edge_attr=[8, 5], y=1.0, custom_label=0.028571429, min_label=0, max_label=35, instance_name='p06.txt');0.02857142873108387;0.3024110496044159;0.34559619426727295;4.678571713156998e-05
Data(x=[17, 7], edge_index=[2, 10], edge_attr=[10, 5], y=0.0, custom_label=0.0, min_label=0, max_label=35, instance_name='p06.txt');0.0;0.0002977639378514141;0.00038642206345684826;0.12605628371238708
Data(x=[15, 7], edge_index=[2, 10], edge_attr=[10, 5], y=0.0, custom_label=0.0, min_label=0, max_label=35, instance_name='p06.txt');0.0;0.01207378413528204;0.05420670285820961;4.678571713156998e-05
Data(x=[17, 7], edge_index=[2, 8], edge_attr=[8, 5], y=0.0, custom_label=0.0, min_label=0, max_label=35, instance_name='p06.txt');0.0;0.009657319635152817;0.005948891397565603;0.12605628371238708
Data(x=[16, 7], edge_index=[2, 10], edge_attr=[10, 5], y=2.0, custom_label=0.057142857, min_label=0, max_label=35, instance_name='p06.txt');0.05714285746216774;0.3474504351615906;0.36166152358055115;0.12605628371238708
Data(x=[16, 7], edge_index=[2, 10], edge_attr=[10, 5], y=1.0, custom_label=0.028571429, min_label=0, max_label=35, instance_name='p06.txt');0.02857142873108387;0.3455546200275421;0.36901822686195374;0.12605628371238708
Data(x=[17, 7], edge_index=[2, 12], edge_attr=[12, 5], y=0.0, custom_label=0.0, min_label=0, max_label=35, instance_name='p06.txt');0.0;0.0004969737492501736;0.0005354543100111187;0.12605628371238708
Data(x=[17, 7], edge_index=[2, 10], edge_attr=[10, 5], y=0.0, custom_label=0.0, min_label=0, max_label=35, instance_name='p06.txt');0.0;0.0002977641997858882;0.00038642206345684826;1.6133069948409684e-05
Data(x=[15, 7], edge_index=[2, 10], edge_attr=[10, 5], y=0.0, custom_label=0.0, min_label=0, max_label=35, instance_name='p06.txt');0.0;0.00599607964977622;0.0101834237575531;4.8575197979516815e-06
Data(x=[46, 7], edge_index=[2, 46], y=69.0, edge_attr=[46, 5], custom_label=1.0, min_label=0, max_label=69, instance_name='p07.txt');1.0;0.6575881838798523;0.6446430087089539;0.6659550070762634
Data(x=[47, 7], edge_index=[2, 2], edge_attr=[2, 5], y=68.0, custom_label=0.98550725, min_label=0, max_label=69, instance_name='p07.txt');0.9855072498321533;0.2767861485481262;0.2886296808719635;0.12605628371238708
Data(x=[46, 7], edge_index=[2, 46], y=67.0, edge_attr=[46, 5], custom_label=0.9710145, min_label=0, max_label=69, instance_name='p07.txt');0.9710144996643066;0.6575881838798523;0.6446430087089539;0.6659550070762634
Data(x=[46, 7], edge_index=[2, 46], y=66.0, edge_attr=[46, 5], custom_label=0.95652175, min_label=0, max_label=69, instance_name='p07.txt');0.95652174949646;0.6575881838798523;0.6446430087089539;0.6659550070762634
Data(x=[46, 7], edge_index=[2, 46], y=65.0, edge_attr=[46, 5], custom_label=0.942029, min_label=0, max_label=69, instance_name='p07.txt');0.9420289993286133;0.6575881838798523;0.6446430087089539;0.6659550070762634
Data(x=[46, 7], edge_index=[2, 46], y=64.0, edge_attr=[46, 5], custom_label=0.92753625, min_label=0, max_label=69, instance_name='p07.txt');0.9275362491607666;0.6575881838798523;0.6446430087089539;0.6659550070762634
Data(x=[46, 7], edge_index=[2, 46], y=63.0, edge_attr=[46, 5], custom_label=0.9130435, min_label=0, max_label=69, instance_name='p07.txt');0.9130434989929199;0.6575881838798523;0.6446430087089539;0.6659550070762634
Data(x=[46, 7], edge_index=[2, 46], y=62.0, edge_attr=[46, 5], custom_label=0.89855075, min_label=0, max_label=69, instance_name='p07.txt');0.8985507488250732;0.6575881838798523;0.6446430087089539;0.6659550070762634
Data(x=[46, 7], edge_index=[2, 46], y=61.0, edge_attr=[46, 5], custom_label=0.884058, min_label=0, max_label=69, instance_name='p07.txt');0.8840579986572266;0.6575881838798523;0.6446430087089539;0.6659550070762634
Data(x=[46, 7], edge_index=[2, 46], y=60.0, edge_attr=[46, 5], custom_label=0.8695652, min_label=0, max_label=69, instance_name='p07.txt');0.8695651888847351;0.6575881838798523;0.6446430087089539;0.6659550070762634
Data(x=[46, 7], edge_index=[2, 46], y=59.0, edge_attr=[46, 5], custom_label=0.85507244, min_label=0, max_label=69, instance_name='p07.txt');0.8550724387168884;0.6575881838798523;0.6446430087089539;0.6659550070762634
Data(x=[46, 7], edge_index=[2, 46], y=58.0, edge_attr=[46, 5], custom_label=0.8405797, min_label=0, max_label=69, instance_name='p07.txt');0.8405796885490417;0.6575881838798523;0.6446430087089539;0.6659550070762634
Data(x=[46, 7], edge_index=[2, 46], y=57.0, edge_attr=[46, 5], custom_label=0.82608694, min_label=0, max_label=69, instance_name='p07.txt');0.8260869383811951;0.6575881838798523;0.6446430087089539;0.6659550070762634
Data(x=[46, 7], edge_index=[2, 46], y=56.0, edge_attr=[46, 5], custom_label=0.8115942, min_label=0, max_label=69, instance_name='p07.txt');0.8115941882133484;0.6575881838798523;0.6446430087089539;0.6659550070762634
Data(x=[46, 7], edge_index=[2, 46], y=55.0, edge_attr=[46, 5], custom_label=0.79710144, min_label=0, max_label=69, instance_name='p07.txt');0.7971014380455017;0.6575881838798523;0.6446430087089539;0.6659550070762634
Data(x=[46, 7], edge_index=[2, 46], y=54.0, edge_attr=[46, 5], custom_label=0.7826087, min_label=0, max_label=69, instance_name='p07.txt');0.782608687877655;0.6575881838798523;0.6446430087089539;0.6659550070762634
Data(x=[46, 7], edge_index=[2, 46], y=53.0, edge_attr=[46, 5], custom_label=0.76811594, min_label=0, max_label=69, instance_name='p07.txt');0.7681159377098083;0.6575881838798523;0.6446430087089539;0.6659550070762634
Data(x=[46, 7], edge_index=[2, 46], y=52.0, edge_attr=[46, 5], custom_label=0.7536232, min_label=0, max_label=69, instance_name='p07.txt');0.7536231875419617;0.6575881838798523;0.6446430087089539;0.6659550070762634
Data(x=[46, 7], edge_index=[2, 46], y=51.0, edge_attr=[46, 5], custom_label=0.73913044, min_label=0, max_label=69, instance_name='p07.txt');0.739130437374115;0.6575881838798523;0.6446430087089539;0.6659550070762634
Data(x=[46, 7], edge_index=[2, 46], y=50.0, edge_attr=[46, 5], custom_label=0.7246377, min_label=0, max_label=69, instance_name='p07.txt');0.7246376872062683;0.6575881838798523;0.6446430087089539;0.6659550070762634
Data(x=[46, 7], edge_index=[2, 46], y=49.0, edge_attr=[46, 5], custom_label=0.71014494, min_label=0, max_label=69, instance_name='p07.txt');0.7101449370384216;0.6575881838798523;0.6446430087089539;0.6659550070762634
Data(x=[46, 7], edge_index=[2, 46], y=48.0, edge_attr=[46, 5], custom_label=0.6956522, min_label=0, max_label=69, instance_name='p07.txt');0.695652186870575;0.6575881838798523;0.6446430087089539;0.6659550070762634
Data(x=[46, 7], edge_index=[2, 46], y=47.0, edge_attr=[46, 5], custom_label=0.68115944, min_label=0, max_label=69, instance_name='p07.txt');0.6811594367027283;0.6575881838798523;0.6446430087089539;0.6659550070762634
Data(x=[46, 7], edge_index=[2, 46], y=46.0, edge_attr=[46, 5], custom_label=0.6666667, min_label=0, max_label=69, instance_name='p07.txt');0.6666666865348816;0.6575881838798523;0.6446430087089539;0.6659550070762634
Data(x=[46, 7], edge_index=[2, 46], y=45.0, edge_attr=[46, 5], custom_label=0.65217394, min_label=0, max_label=69, instance_name='p07.txt');0.6521739363670349;0.6575881838798523;0.6446430087089539;0.6659550070762634
Data(x=[46, 7], edge_index=[2, 46], y=44.0, edge_attr=[46, 5], custom_label=0.6376812, min_label=0, max_label=69, instance_name='p07.txt');0.6376811861991882;0.6575881838798523;0.6446430087089539;0.6659550070762634
Data(x=[46, 7], edge_index=[2, 46], y=43.0, edge_attr=[46, 5], custom_label=0.6231884, min_label=0, max_label=69, instance_name='p07.txt');0.6231883764266968;0.6575881838798523;0.6446430087089539;0.6659550070762634
Data(x=[47, 7], edge_index=[2, 2], edge_attr=[2, 5], y=42.0, custom_label=0.6086956, min_label=0, max_label=69, instance_name='p07.txt');0.6086956262588501;0.2767861485481262;0.2886296808719635;0.12605628371238708
Data(x=[47, 7], edge_index=[2, 2], edge_attr=[2, 5], y=41.0, custom_label=0.5942029, min_label=0, max_label=69, instance_name='p07.txt');0.5942028760910034;0.2767861485481262;0.2886296808719635;0.12605628371238708
Data(x=[47, 7], edge_index=[2, 2], edge_attr=[2, 5], y=40.0, custom_label=0.5797101, min_label=0, max_label=69, instance_name='p07.txt');0.5797101259231567;0.2767861485481262;0.2886296808719635;0.12605628371238708
Data(x=[47, 7], edge_index=[2, 2], edge_attr=[2, 5], y=39.0, custom_label=0.5652174, min_label=0, max_label=69, instance_name='p07.txt');0.5652173757553101;0.2767861485481262;0.2886296808719635;0.12605628371238708
Data(x=[47, 7], edge_index=[2, 2], edge_attr=[2, 5], y=38.0, custom_label=0.5507246, min_label=0, max_label=69, instance_name='p07.txt');0.5507246255874634;0.2767861485481262;0.2886296808719635;0.12605628371238708
Data(x=[47, 7], edge_index=[2, 2], edge_attr=[2, 5], y=37.0, custom_label=0.5362319, min_label=0, max_label=69, instance_name='p07.txt');0.5362318754196167;0.2767861485481262;0.2886296808719635;0.12605628371238708
Data(x=[47, 7], edge_index=[2, 2], edge_attr=[2, 5], y=36.0, custom_label=0.5217391, min_label=0, max_label=69, instance_name='p07.txt');0.52173912525177;0.2767861485481262;0.2886296808719635;0.12605628371238708
Data(x=[47, 7], edge_index=[2, 2], edge_attr=[2, 5], y=35.0, custom_label=0.5072464, min_label=0, max_label=69, instance_name='p07.txt');0.5072463750839233;0.2767861485481262;0.2886296808719635;0.12605628371238708
Data(x=[47, 7], edge_index=[2, 2], edge_attr=[2, 5], y=34.0, custom_label=0.49275362, min_label=0, max_label=69, instance_name='p07.txt');0.49275362491607666;0.2767861485481262;0.2886296808719635;0.12605628371238708
Data(x=[47, 7], edge_index=[2, 2], edge_attr=[2, 5], y=33.0, custom_label=0.47826087, min_label=0, max_label=69, instance_name='p07.txt');0.47826087474823;0.2767861485481262;0.2886296808719635;0.12605628371238708
Data(x=[47, 7], edge_index=[2, 2], edge_attr=[2, 5], y=32.0, custom_label=0.46376812, min_label=0, max_label=69, instance_name='p07.txt');0.4637681245803833;0.2767861485481262;0.2886296808719635;0.12605628371238708
Data(x=[47, 7], edge_index=[2, 2], edge_attr=[2, 5], y=31.0, custom_label=0.44927537, min_label=0, max_label=69, instance_name='p07.txt');0.4492753744125366;0.2767861485481262;0.2886296808719635;0.12605628371238708
Data(x=[47, 7], edge_index=[2, 2], edge_attr=[2, 5], y=30.0, custom_label=0.4347826, min_label=0, max_label=69, instance_name='p07.txt');0.43478259444236755;0.2767861485481262;0.2886296808719635;0.12605628371238708
Data(x=[47, 7], edge_index=[2, 2], edge_attr=[2, 5], y=29.0, custom_label=0.42028984, min_label=0, max_label=69, instance_name='p07.txt');0.4202898442745209;0.2767861485481262;0.2886296808719635;0.12605628371238708
Data(x=[47, 7], edge_index=[2, 2], edge_attr=[2, 5], y=28.0, custom_label=0.4057971, min_label=0, max_label=69, instance_name='p07.txt');0.4057970941066742;0.2767861485481262;0.2886296808719635;0.12605628371238708
Data(x=[47, 7], edge_index=[2, 2], edge_attr=[2, 5], y=27.0, custom_label=0.39130434, min_label=0, max_label=69, instance_name='p07.txt');0.3913043439388275;0.2767861485481262;0.2886296808719635;0.12605628371238708
Data(x=[47, 7], edge_index=[2, 2], edge_attr=[2, 5], y=26.0, custom_label=0.3768116, min_label=0, max_label=69, instance_name='p07.txt');0.37681159377098083;0.2767861485481262;0.2886296808719635;0.12605628371238708
Data(x=[47, 7], edge_index=[2, 2], edge_attr=[2, 5], y=25.0, custom_label=0.36231884, min_label=0, max_label=69, instance_name='p07.txt');0.36231884360313416;0.2767861485481262;0.2886296808719635;0.12605628371238708
Data(x=[47, 7], edge_index=[2, 2], edge_attr=[2, 5], y=24.0, custom_label=0.3478261, min_label=0, max_label=69, instance_name='p07.txt');0.3478260934352875;0.2767861485481262;0.2886296808719635;0.12605628371238708
Data(x=[47, 7], edge_index=[2, 2], edge_attr=[2, 5], y=23.0, custom_label=0.33333334, min_label=0, max_label=69, instance_name='p07.txt');0.3333333432674408;0.2767861485481262;0.2886296808719635;0.12605628371238708
Data(x=[47, 7], edge_index=[2, 2], edge_attr=[2, 5], y=22.0, custom_label=0.3188406, min_label=0, max_label=69, instance_name='p07.txt');0.3188405930995941;0.2767861485481262;0.2886296808719635;0.12605628371238708
Data(x=[47, 7], edge_index=[2, 2], edge_attr=[2, 5], y=21.0, custom_label=0.3043478, min_label=0, max_label=69, instance_name='p07.txt');0.30434781312942505;0.2767861485481262;0.2886296808719635;0.12605628371238708
Data(x=[47, 7], edge_index=[2, 2], edge_attr=[2, 5], y=20.0, custom_label=0.28985506, min_label=0, max_label=69, instance_name='p07.txt');0.28985506296157837;0.2767861485481262;0.2886296808719635;0.12605628371238708
Data(x=[47, 7], edge_index=[2, 2], edge_attr=[2, 5], y=19.0, custom_label=0.2753623, min_label=0, max_label=69, instance_name='p07.txt');0.2753623127937317;0.2767861485481262;0.2886296808719635;0.12605628371238708
Data(x=[47, 7], edge_index=[2, 2], edge_attr=[2, 5], y=18.0, custom_label=0.26086956, min_label=0, max_label=69, instance_name='p07.txt');0.260869562625885;0.2767861485481262;0.2886296808719635;0.12605628371238708
Data(x=[47, 7], edge_index=[2, 2], edge_attr=[2, 5], y=17.0, custom_label=0.24637681, min_label=0, max_label=69, instance_name='p07.txt');0.24637681245803833;0.2767861485481262;0.2886296808719635;0.12605628371238708
Data(x=[47, 7], edge_index=[2, 2], edge_attr=[2, 5], y=16.0, custom_label=0.23188406, min_label=0, max_label=69, instance_name='p07.txt');0.23188406229019165;0.2767861485481262;0.2886296808719635;0.12605628371238708
Data(x=[47, 7], edge_index=[2, 2], edge_attr=[2, 5], y=15.0, custom_label=0.2173913, min_label=0, max_label=69, instance_name='p07.txt');0.21739129722118378;0.2767861485481262;0.2886296808719635;0.12605628371238708
Data(x=[47, 7], edge_index=[2, 2], edge_attr=[2, 5], y=14.0, custom_label=0.20289855, min_label=0, max_label=69, instance_name='p07.txt');0.2028985470533371;0.2767861485481262;0.2886296808719635;0.12605628371238708
Data(x=[46, 7], edge_index=[2, 46], y=13.0, edge_attr=[46, 5], custom_label=0.1884058, min_label=0, max_label=69, instance_name='p07.txt');0.18840579688549042;0.6575881838798523;0.6446430087089539;0.6659550070762634
Data(x=[47, 7], edge_index=[2, 2], edge_attr=[2, 5], y=12.0, custom_label=0.17391305, min_label=0, max_label=69, instance_name='p07.txt');0.17391304671764374;0.2767861485481262;0.2886296808719635;0.12605628371238708
Data(x=[47, 7], edge_index=[2, 2], edge_attr=[2, 5], y=11.0, custom_label=0.1594203, min_label=0, max_label=69, instance_name='p07.txt');0.15942029654979706;0.2767861485481262;0.2886296808719635;0.12605628371238708
Data(x=[47, 7], edge_index=[2, 2], edge_attr=[2, 5], y=10.0, custom_label=0.14492753, min_label=0, max_label=69, instance_name='p07.txt');0.14492753148078918;0.2767861485481262;0.2886296808719635;0.12605628371238708
Data(x=[47, 7], edge_index=[2, 2], edge_attr=[2, 5], y=9.0, custom_label=0.13043478, min_label=0, max_label=69, instance_name='p07.txt');0.1304347813129425;0.2767861485481262;0.2886296808719635;0.12605628371238708
Data(x=[48, 7], edge_index=[2, 4], edge_attr=[4, 5], y=8.0, custom_label=0.11594203, min_label=0, max_label=69, instance_name='p07.txt');0.11594203114509583;0.1673455536365509;0.13573017716407776;0.12605628371238708
Data(x=[48, 7], edge_index=[2, 4], edge_attr=[4, 5], y=7.0, custom_label=0.10144927, min_label=0, max_label=69, instance_name='p07.txt');0.10144927352666855;0.1673455536365509;0.13573017716407776;0.12605628371238708
Data(x=[48, 7], edge_index=[2, 4], edge_attr=[4, 5], y=6.0, custom_label=0.08695652, min_label=0, max_label=69, instance_name='p07.txt');0.08695652335882187;0.1673455536365509;0.13573017716407776;0.12605628371238708
Data(x=[48, 7], edge_index=[2, 4], edge_attr=[4, 5], y=5.0, custom_label=0.072463766, min_label=0, max_label=69, instance_name='p07.txt');0.07246376574039459;0.1673455536365509;0.13573017716407776;0.12605628371238708
Data(x=[48, 7], edge_index=[2, 4], edge_attr=[4, 5], y=4.0, custom_label=0.057971016, min_label=0, max_label=69, instance_name='p07.txt');0.05797101557254791;0.1673455536365509;0.13573017716407776;0.12605628371238708
Data(x=[48, 7], edge_index=[2, 4], edge_attr=[4, 5], y=3.0, custom_label=0.04347826, min_label=0, max_label=69, instance_name='p07.txt');0.043478261679410934;0.1673455536365509;0.13573017716407776;0.12605628371238708
Data(x=[48, 7], edge_index=[2, 4], edge_attr=[4, 5], y=2.0, custom_label=0.028985508, min_label=0, max_label=69, instance_name='p07.txt');0.028985507786273956;0.1673455536365509;0.13573017716407776;0.12605628371238708
Data(x=[48, 7], edge_index=[2, 4], edge_attr=[4, 5], y=1.0, custom_label=0.014492754, min_label=0, max_label=69, instance_name='p07.txt');0.014492753893136978;0.1673455536365509;0.13573017716407776;0.12605628371238708
Data(x=[49, 7], edge_index=[2, 6], edge_attr=[6, 5], y=0.0, custom_label=0.0, min_label=0, max_label=69, instance_name='p07.txt');0.0;0.01743609458208084;0.0018690588185563684;0.12605628371238708
Data(x=[29, 7], edge_index=[2, 10], edge_attr=[10, 5], y=0.0, custom_label=0.0, min_label=0, max_label=69, instance_name='p07.txt');0.0;0.0018910798244178295;0.0006176273454912007;0.12605628371238708
Data(x=[34, 7], edge_index=[2, 10], edge_attr=[10, 5], y=0.0, custom_label=0.0, min_label=0, max_label=69, instance_name='p07.txt');0.0;0.002910848008468747;0.0006810052436776459;0.12605628371238708
Data(x=[34, 7], edge_index=[2, 8], edge_attr=[8, 5], y=0.0, custom_label=0.0, min_label=0, max_label=69, instance_name='p07.txt');0.0;0.012949873693287373;0.002649464877322316;0.12605628371238708
Data(x=[31, 7], edge_index=[2, 12], edge_attr=[12, 5], y=0.0, custom_label=0.0, min_label=0, max_label=69, instance_name='p07.txt');0.0;0.002347052562981844;0.0007631013868376613;1.272016470466042e-05
Data(x=[33, 7], edge_index=[2, 10], edge_attr=[10, 5], y=0.0, custom_label=0.0, min_label=0, max_label=69, instance_name='p07.txt');0.0;0.012898913584649563;0.003178510582074523;0.12605628371238708
Data(x=[32, 7], edge_index=[2, 10], edge_attr=[10, 5], y=0.0, custom_label=0.0, min_label=0, max_label=69, instance_name='p07.txt');0.0;0.0024864268489181995;0.0006573130376636982;3.764807843253948e-05
Data(x=[32, 7], edge_index=[2, 10], edge_attr=[10, 5], y=0.0, custom_label=0.0, min_label=0, max_label=69, instance_name='p07.txt');0.0;0.012504699639976025;0.003276644740253687;0.12605628371238708
Data(x=[35, 7], edge_index=[2, 12], edge_attr=[12, 5], y=0.0, custom_label=0.0, min_label=0, max_label=69, instance_name='p07.txt');0.0;0.003200266510248184;0.0008036186336539686;0.12605628371238708
Data(x=[31, 7], edge_index=[2, 8], edge_attr=[8, 5], y=0.0, custom_label=0.0, min_label=0, max_label=69, instance_name='p07.txt');0.0;0.011767180636525154;0.002860348904505372;0.12605628371238708
Data(x=[30, 7], edge_index=[2, 8], edge_attr=[8, 5], y=0.0, custom_label=0.0, min_label=0, max_label=69, instance_name='p07.txt');0.0;0.0020234074909240007;0.0005304554360918701;0.12605628371238708
Data(x=[33, 7], edge_index=[2, 14], edge_attr=[14, 5], y=0.0, custom_label=0.0, min_label=0, max_label=69, instance_name='p07.txt');0.0;0.00284033571369946;0.0009189475094899535;0.12605628371238708
Data(x=[29, 7], edge_index=[2, 12], edge_attr=[12, 5], y=0.0, custom_label=0.0, min_label=0, max_label=69, instance_name='p07.txt');0.0;0.0019514217274263501;0.0007396447472274303;0.12605628371238708
Data(x=[23, 7], edge_index=[2, 10], edge_attr=[10, 5], y=0.0, custom_label=0.0, min_label=0, max_label=69, instance_name='p07.txt');0.0;0.008872159756720066;0.0048508550971746445;0.12605628371238708
Data(x=[31, 7], edge_index=[2, 12], edge_attr=[12, 5], y=0.0, custom_label=0.0, min_label=0, max_label=69, instance_name='p07.txt');0.0;0.002347052562981844;0.0007631013868376613;0.12605628371238708
Data(x=[26, 7], edge_index=[2, 8], edge_attr=[8, 5], y=0.0, custom_label=0.0, min_label=0, max_label=69, instance_name='p07.txt');0.0;0.009686606004834175;0.003379755886271596;0.12605628371238708
Data(x=[29, 7], edge_index=[2, 8], edge_attr=[8, 5], y=0.0, custom_label=0.0, min_label=0, max_label=69, instance_name='p07.txt');0.0;0.010953573510050774;0.00303676538169384;0.12605628371238708
Data(x=[22, 7], edge_index=[2, 8], edge_attr=[8, 5], y=0.0, custom_label=0.0, min_label=0, max_label=69, instance_name='p07.txt');0.0;0.00810016319155693;0.004078724887222052;0.12605628371238708
Data(x=[30, 7], edge_index=[2, 14], edge_attr=[14, 5], y=0.0, custom_label=0.0, min_label=0, max_label=69, instance_name='p07.txt');0.0;0.0022120692301541567;0.0008947550668381155;0.12605628371238708
Data(x=[27, 7], edge_index=[2, 10], edge_attr=[10, 5], y=0.0, custom_label=0.0, min_label=0, max_label=69, instance_name='p07.txt');0.0;0.013989873230457306;0.003991722594946623;4.678575714933686e-05
Data(x=[30, 7], edge_index=[2, 10], edge_attr=[10, 5], y=0.0, custom_label=0.0, min_label=0, max_label=69, instance_name='p07.txt');0.0;0.011713691055774689;0.003503297222778201;0.12605628371238708
Data(x=[27, 7], edge_index=[2, 10], edge_attr=[10, 5], y=0.0, custom_label=0.0, min_label=0, max_label=69, instance_name='p07.txt');0.0;0.001527334563434124;0.0005879723466932774;4.1228686313843355e-06
Data(x=[30, 7], edge_index=[2, 8], edge_attr=[8, 5], y=0.0, custom_label=0.0, min_label=0, max_label=69, instance_name='p07.txt');0.0;0.014786513522267342;0.0029753774870187044;0.12605628371238708
Data(x=[32, 7], edge_index=[2, 10], edge_attr=[10, 5], y=0.0, custom_label=0.0, min_label=0, max_label=69, instance_name='p07.txt');0.0;0.012504699639976025;0.0032766463700681925;0.12605628371238708
Data(x=[27, 7], edge_index=[2, 10], edge_attr=[10, 5], y=0.0, custom_label=0.0, min_label=0, max_label=69, instance_name='p07.txt');0.0;0.01048216037452221;0.003945477772504091;0.12605628371238708
Data(x=[27, 7], edge_index=[2, 10], edge_attr=[10, 5], y=0.0, custom_label=0.0, min_label=0, max_label=69, instance_name='p07.txt');0.0;0.01048216037452221;0.003945477772504091;0.12605628371238708
Data(x=[36, 7], edge_index=[2, 14], edge_attr=[14, 5], y=0.0, custom_label=0.0, min_label=0, max_label=69, instance_name='p07.txt');0.0;0.007928326725959778;0.00158780999481678;0.12605628371238708
Data(x=[29, 7], edge_index=[2, 10], edge_attr=[10, 5], y=0.0, custom_label=0.0, min_label=0, max_label=69, instance_name='p07.txt');0.0;0.0018910807557404041;0.0006176273454912007;0.12605628371238708
Data(x=[30, 7], edge_index=[2, 8], edge_attr=[8, 5], y=0.0, custom_label=0.0, min_label=0, max_label=69, instance_name='p07.txt');0.0;0.011366701684892178;0.0029443015810102224;0.12605628371238708
Data(x=[26, 7], edge_index=[2, 8], edge_attr=[8, 5], y=0.0, custom_label=0.0, min_label=0, max_label=69, instance_name='p07.txt');0.0;0.009686606004834175;0.003379755886271596;0.12605628371238708
Data(x=[33, 7], edge_index=[2, 12], edge_attr=[12, 5], y=0.0, custom_label=0.0, min_label=0, max_label=69, instance_name='p07.txt');0.0;0.002766621997579932;0.0007843261701054871;0.12605628371238708
Data(x=[24, 7], edge_index=[2, 12], edge_attr=[12, 5], y=0.0, custom_label=0.0, min_label=0, max_label=10, instance_name='p08.txt');0.0;0.00036502984585240483;0.0002887803711928427;0.12605628371238708
Data(x=[18, 7], edge_index=[2, 14], edge_attr=[14, 5], y=0.0, custom_label=0.0, min_label=0, max_label=10, instance_name='p08.txt');0.0;8.28598058433272e-06;1.3992938875162508e-05;4.1228686313843355e-06
Data(x=[24, 7], edge_index=[2, 14], edge_attr=[14, 5], y=0.0, custom_label=0.0, min_label=0, max_label=10, instance_name='p08.txt');0.0;0.001236256561242044;0.0007892652065493166;0.12605628371238708
Data(x=[25, 7], edge_index=[2, 10], edge_attr=[10, 5], y=0.0, custom_label=0.0, min_label=0, max_label=10, instance_name='p08.txt');0.0;0.0004102536477148533;0.00024800418759696186;0.12605628371238708
Data(x=[23, 7], edge_index=[2, 12], edge_attr=[12, 5], y=10.0, custom_label=1.0, min_label=0, max_label=10, instance_name='p08.txt');1.0;0.34255680441856384;0.3825342655181885;0.12605628371238708
Data(x=[22, 7], edge_index=[2, 10], edge_attr=[10, 5], y=9.0, custom_label=0.9, min_label=0, max_label=10, instance_name='p08.txt');0.8999999761581421;0.40070366859436035;0.4432753324508667;0.12605628371238708
Data(x=[22, 7], edge_index=[2, 10], edge_attr=[10, 5], y=8.0, custom_label=0.8, min_label=0, max_label=10, instance_name='p08.txt');0.800000011920929;0.378979355096817;0.3988799452781677;0.12605628371238708
Data(x=[22, 7], edge_index=[2, 10], edge_attr=[10, 5], y=7.0, custom_label=0.7, min_label=0, max_label=10, instance_name='p08.txt');0.699999988079071;0.37803587317466736;0.40452849864959717;0.12605628371238708
Data(x=[22, 7], edge_index=[2, 10], edge_attr=[10, 5], y=6.0, custom_label=0.6, min_label=0, max_label=10, instance_name='p08.txt');0.6000000238418579;0.40070369839668274;0.4432753324508667;0.12605628371238708
Data(x=[22, 7], edge_index=[2, 10], edge_attr=[10, 5], y=5.0, custom_label=0.5, min_label=0, max_label=10, instance_name='p08.txt');0.5;0.378979355096817;0.3988799452781677;0.12605628371238708
Data(x=[22, 7], edge_index=[2, 10], edge_attr=[10, 5], y=4.0, custom_label=0.4, min_label=0, max_label=10, instance_name='p08.txt');0.4000000059604645;0.37803593277931213;0.40452849864959717;0.12605628371238708
Data(x=[21, 7], edge_index=[2, 8], edge_attr=[8, 5], y=3.0, custom_label=0.3, min_label=0, max_label=10, instance_name='p08.txt');0.30000001192092896;0.4197685122489929;0.42917656898498535;0.12605628371238708
Data(x=[22, 7], edge_index=[2, 10], edge_attr=[10, 5], y=2.0, custom_label=0.2, min_label=0, max_label=10, instance_name='p08.txt');0.20000000298023224;0.20978109538555145;0.23596973717212677;0.12605628371238708
Data(x=[22, 7], edge_index=[2, 10], edge_attr=[10, 5], y=1.0, custom_label=0.1, min_label=0, max_label=10, instance_name='p08.txt');0.10000000149011612;0.20978109538555145;0.23596973717212677;0.12605628371238708
Data(x=[23, 7], edge_index=[2, 12], edge_attr=[12, 5], y=0.0, custom_label=0.0, min_label=0, max_label=10, instance_name='p08.txt');0.0;0.0003061143506783992;0.000271433440502733;0.12605628371238708
Data(x=[23, 7], edge_index=[2, 16], edge_attr=[16, 5], y=0.0, custom_label=0.0, min_label=0, max_label=10, instance_name='p08.txt');0.0;3.412073419895023e-05;4.56141096947249e-05;1.6133069948409684e-05
Data(x=[22, 7], edge_index=[2, 14], edge_attr=[14, 5], y=0.0, custom_label=0.0, min_label=0, max_label=10, instance_name='p08.txt');0.0;0.0002683727943804115;0.00032178210676647723;1.2376040470218896e-10
Data(x=[26, 7], edge_index=[2, 14], edge_attr=[14, 5], y=0.0, custom_label=0.0, min_label=0, max_label=10, instance_name='p08.txt');0.0;0.0005215801065787673;0.0003940258757211268;4.678575714933686e-05
Data(x=[24, 7], edge_index=[2, 16], edge_attr=[16, 5], y=0.0, custom_label=0.0, min_label=0, max_label=10, instance_name='p08.txt');0.0;0.00014452131290454417;0.0001149367744801566;6.094738751091225e-16
Data(x=[27, 7], edge_index=[2, 16], edge_attr=[16, 5], y=0.0, custom_label=0.0, min_label=0, max_label=10, instance_name='p08.txt');0.0;8.908313611755148e-05;7.405215728795156e-05;2.1934608643303655e-11
Data(x=[27, 7], edge_index=[2, 14], edge_attr=[14, 5], y=0.0, custom_label=0.0, min_label=0, max_label=10, instance_name='p08.txt');0.0;8.563639858039096e-05;6.1008442571619526e-05;0.12605628371238708
Data(x=[25, 7], edge_index=[2, 18], edge_attr=[18, 5], y=0.0, custom_label=0.0, min_label=0, max_label=10, instance_name='p08.txt');0.0;0.0001342223840765655;0.00042660764302127063;4.678575714933686e-05
Data(x=[25, 7], edge_index=[2, 14], edge_attr=[14, 5], y=0.0, custom_label=0.0, min_label=0, max_label=10, instance_name='p08.txt');0.0;5.464552668854594e-05;4.806802098755725e-05;0.12605628371238708
Data(x=[25, 7], edge_index=[2, 12], edge_attr=[12, 5], y=0.0, custom_label=0.0, min_label=0, max_label=10, instance_name='p08.txt');0.0;0.0004294378450140357;0.0003057165304198861;1.6836214854265563e-05
Data(x=[30, 7], edge_index=[2, 10], edge_attr=[10, 5], y=2.0, custom_label=0.2, min_label=0, max_label=10, instance_name='p08.txt');0.20000000298023224;0.16843515634536743;0.18342553079128265;0.12605628371238708
Data(x=[30, 7], edge_index=[2, 10], edge_attr=[10, 5], y=1.0, custom_label=0.1, min_label=0, max_label=10, instance_name='p08.txt');0.10000000149011612;0.16843515634536743;0.18342553079128265;0.12605628371238708
Data(x=[31, 7], edge_index=[2, 12], edge_attr=[12, 5], y=0.0, custom_label=0.0, min_label=0, max_label=10, instance_name='p08.txt');0.0;0.0009362167911604047;0.0003983706410508603;0.12605628371238708
Data(x=[24, 7], edge_index=[2, 16], edge_attr=[16, 5], y=0.0, custom_label=0.0, min_label=0, max_label=10, instance_name='p08.txt');0.0;4.461329444893636e-05;5.2273953770054504e-05;4.177625259615958e-11
Data(x=[24, 7], edge_index=[2, 16], edge_attr=[16, 5], y=0.0, custom_label=0.0, min_label=0, max_label=10, instance_name='p08.txt');0.0;0.00014452145842369646;0.0001149367744801566;0.12605628371238708
Data(x=[24, 7], edge_index=[2, 14], edge_attr=[14, 5], y=0.0, custom_label=0.0, min_label=0, max_label=10, instance_name='p08.txt');0.0;0.0006016019615344703;0.0013208349701017141;4.678575714933686e-05
Data(x=[21, 7], edge_index=[2, 16], edge_attr=[16, 5], y=0.0, custom_label=0.0, min_label=0, max_label=10, instance_name='p08.txt');0.0;1.8529115550336428e-05;3.3405263820895925e-05;1.272016470466042e-05
Data(x=[24, 7], edge_index=[2, 12], edge_attr=[12, 5], y=0.0, custom_label=0.0, min_label=0, max_label=10, instance_name='p08.txt');0.0;5.5840759159764275e-05;3.4250359021825716e-05;0.12605628371238708
Data(x=[24, 7], edge_index=[2, 12], edge_attr=[12, 5], y=0.0, custom_label=0.0, min_label=0, max_label=10, instance_name='p08.txt');0.0;0.0005001921090297401;0.0002926055167336017;0.12605628371238708
Data(x=[20, 7], edge_index=[2, 16], edge_attr=[16, 5], y=0.0, custom_label=0.0, min_label=0, max_label=10, instance_name='p08.txt');0.0;5.311416680342518e-05;7.188644667621702e-05;0.12605628371238708
Data(x=[27, 7], edge_index=[2, 14], edge_attr=[14, 5], y=0.0, custom_label=0.0, min_label=0, max_label=10, instance_name='p08.txt');0.0;0.0005987717886455357;0.0004106218402739614;0.12605628371238708
Data(x=[20, 7], edge_index=[2, 12], edge_attr=[12, 5], y=0.0, custom_label=0.0, min_label=0, max_label=10, instance_name='p08.txt');0.0;0.00016548007261008024;0.0002171724190702662;4.857524800172541e-06
Data(x=[25, 7], edge_index=[2, 14], edge_attr=[14, 5], y=0.0, custom_label=0.0, min_label=0, max_label=10, instance_name='p08.txt');0.0;0.0006942604668438435;0.0013157711364328861;0.12605628371238708
Data(x=[23, 7], edge_index=[2, 16], edge_attr=[16, 5], y=0.0, custom_label=0.0, min_label=0, max_label=10, instance_name='p08.txt');0.0;4.74262451461982e-05;4.624490611604415e-05;1.643547277441204e-11
Data(x=[31, 7], edge_index=[2, 16], edge_attr=[16, 5], y=0.0, custom_label=0.0, min_label=0, max_label=10, instance_name='p08.txt');0.0;0.0004562034737318754;0.0013167590368539095;0.12605628371238708
Data(x=[25, 7], edge_index=[2, 12], edge_attr=[12, 5], y=0.0, custom_label=0.0, min_label=0, max_label=10, instance_name='p08.txt');0.0;0.00042943801963701844;0.0003057165304198861;1.6133069948409684e-05
Data(x=[21, 7], edge_index=[2, 12], edge_attr=[12, 5], y=0.0, custom_label=0.0, min_label=0, max_label=10, instance_name='p08.txt');0.0;0.00020690840028692037;0.0002355951874051243;2.5695466587816185e-11
Data(x=[20, 7], edge_index=[2, 10], edge_attr=[10, 5], y=0.0, custom_label=0.0, min_label=0, max_label=10, instance_name='p08.txt');0.0;0.0001555092167109251;0.00016719360428396612;0.12605628371238708
Data(x=[27, 7], edge_index=[2, 16], edge_attr=[16, 5], y=0.0, custom_label=0.0, min_label=0, max_label=10, instance_name='p08.txt');0.0;0.0006244304240681231;0.0004983764956705272;2.5695466587816185e-11
Data(x=[23, 7], edge_index=[2, 8], edge_attr=[8, 5], y=0.0, custom_label=0.0, min_label=0, max_label=10, instance_name='p08.txt');0.0;0.00027693199808709323;0.00017223817121703178;0.12605628371238708
Data(x=[25, 7], edge_index=[2, 12], edge_attr=[12, 5], y=0.0, custom_label=0.0, min_label=0, max_label=10, instance_name='p08.txt');0.0;0.0006644758395850658;0.0010675860103219748;0.12605628371238708
Data(x=[25, 7], edge_index=[2, 12], edge_attr=[12, 5], y=8.0, custom_label=0.8, min_label=0, max_label=10, instance_name='p08.txt');0.800000011920929;0.21608951687812805;0.22851698100566864;0.12605628371238708
Data(x=[25, 7], edge_index=[2, 12], edge_attr=[12, 5], y=7.0, custom_label=0.7, min_label=0, max_label=10, instance_name='p08.txt');0.699999988079071;0.21709418296813965;0.21569094061851501;0.12605628371238708
Data(x=[25, 7], edge_index=[2, 12], edge_attr=[12, 5], y=6.0, custom_label=0.6, min_label=0, max_label=10, instance_name='p08.txt');0.6000000238418579;0.21709421277046204;0.21569094061851501;0.12605628371238708
Data(x=[25, 7], edge_index=[2, 12], edge_attr=[12, 5], y=5.0, custom_label=0.5, min_label=0, max_label=10, instance_name='p08.txt');0.5;0.21709418296813965;0.21569089591503143;0.12605628371238708
Data(x=[25, 7], edge_index=[2, 12], edge_attr=[12, 5], y=4.0, custom_label=0.4, min_label=0, max_label=10, instance_name='p08.txt');0.4000000059604645;0.21709418296813965;0.21569094061851501;0.12605628371238708
Data(x=[25, 7], edge_index=[2, 12], edge_attr=[12, 5], y=3.0, custom_label=0.3, min_label=0, max_label=10, instance_name='p08.txt');0.30000001192092896;0.21709418296813965;0.21569089591503143;0.12605628371238708
Data(x=[25, 7], edge_index=[2, 12], edge_attr=[12, 5], y=2.0, custom_label=0.2, min_label=0, max_label=10, instance_name='p08.txt');0.20000000298023224;0.21608951687812805;0.22851698100566864;0.12605628371238708
Data(x=[25, 7], edge_index=[2, 12], edge_attr=[12, 5], y=1.0, custom_label=0.1, min_label=0, max_label=10, instance_name='p08.txt');0.10000000149011612;0.21709418296813965;0.21569089591503143;0.12605628371238708
Data(x=[26, 7], edge_index=[2, 14], edge_attr=[14, 5], y=0.0, custom_label=0.0, min_label=0, max_label=10, instance_name='p08.txt');0.0;0.0005215801065787673;0.0003940258757211268;0.12605628371238708
Data(x=[23, 7], edge_index=[2, 20], edge_attr=[20, 5], y=0.0, custom_label=0.0, min_label=0, max_label=10, instance_name='p08.txt');0.0;0.0001281943405047059;0.0001635700900806114;2.8466891325182995e-25
Data(x=[26, 7], edge_index=[2, 14], edge_attr=[14, 5], y=0.0, custom_label=0.0, min_label=0, max_label=10, instance_name='p08.txt');0.0;6.895948172314093e-05;5.4401934903580695e-05;0.12605628371238708
Data(x=[25, 7], edge_index=[2, 12], edge_attr=[12, 5], y=0.0, custom_label=0.0, min_label=0, max_label=10, instance_name='p08.txt');0.0;0.00042943801963701844;0.0003057165304198861;0.12605628371238708
Data(x=[22, 7], edge_index=[2, 16], edge_attr=[16, 5], y=0.0, custom_label=0.0, min_label=0, max_label=10, instance_name='p08.txt');0.0;9.156294981949031e-05;9.285779378842562e-05;1.173686541733332e-05
Data(x=[25, 7], edge_index=[2, 14], edge_attr=[14, 5], y=2.0, custom_label=0.2, min_label=0, max_label=10, instance_name='p08.txt');0.20000000298023224;0.20204190909862518;0.2603475749492645;0.12605628371238708
Data(x=[25, 7], edge_index=[2, 14], edge_attr=[14, 5], y=1.0, custom_label=0.1, min_label=0, max_label=10, instance_name='p08.txt');0.10000000149011612;0.18675431609153748;0.19238875806331635;0.12605628371238708
Data(x=[26, 7], edge_index=[2, 16], edge_attr=[16, 5], y=0.0, custom_label=0.0, min_label=0, max_label=10, instance_name='p08.txt');0.0;0.00021388265304267406;0.0001376720902044326;0.12605628371238708
Data(x=[22, 7], edge_index=[2, 10], edge_attr=[10, 5], y=0.0, custom_label=0.0, min_label=0, max_label=10, instance_name='p08.txt');0.0;0.00023981579579412937;0.00020001252414658666;0.12605628371238708
Data(x=[25, 7], edge_index=[2, 16], edge_attr=[16, 5], y=0.0, custom_label=0.0, min_label=0, max_label=10, instance_name='p08.txt');0.0;5.712910933652893e-05;5.925661025685258e-05;6.643332551669834e-19
Data(x=[24, 7], edge_index=[2, 12], edge_attr=[12, 5], y=0.0, custom_label=0.0, min_label=0, max_label=10, instance_name='p08.txt');0.0;0.00036502984585240483;0.0002887803711928427;4.857524800172541e-06
Data(x=[28, 7], edge_index=[2, 18], edge_attr=[18, 5], y=0.0, custom_label=0.0, min_label=0, max_label=10, instance_name='p08.txt');0.0;0.00031197539647109807;0.00019371621601749212;4.1228686313843355e-06
Data(x=[22, 7], edge_index=[2, 10], edge_attr=[10, 5], y=0.0, custom_label=0.0, min_label=0, max_label=10, instance_name='p08.txt');0.0;0.00023981579579412937;0.00020001252414658666;0.12605628371238708
Data(x=[29, 7], edge_index=[2, 16], edge_attr=[16, 5], y=0.0, custom_label=0.0, min_label=0, max_label=10, instance_name='p08.txt');0.0;0.00013111691805534065;8.973999501904473e-05;1.272016470466042e-05
Data(x=[25, 7], edge_index=[2, 16], edge_attr=[16, 5], y=0.0, custom_label=0.0, min_label=0, max_label=10, instance_name='p08.txt');0.0;5.712910933652893e-05;5.925661025685258e-05;6.252767889236566e-06
Data(x=[26, 7], edge_index=[2, 16], edge_attr=[16, 5], y=0.0, custom_label=0.0, min_label=0, max_label=10, instance_name='p08.txt');0.0;7.184169953688979e-05;6.652720185229555e-05;2.7205922370393552e-17
Data(x=[26, 7], edge_index=[2, 20], edge_attr=[20, 5], y=3.0, custom_label=0.3, min_label=0, max_label=10, instance_name='p08.txt');0.30000001192092896;0.19983726739883423;0.2023080289363861;0.12605628371238708
Data(x=[25, 7], edge_index=[2, 18], edge_attr=[18, 5], y=2.0, custom_label=0.2, min_label=0, max_label=10, instance_name='p08.txt');0.20000000298023224;0.23125794529914856;0.28738123178482056;0.12605628371238708
Data(x=[25, 7], edge_index=[2, 18], edge_attr=[18, 5], y=1.0, custom_label=0.1, min_label=0, max_label=10, instance_name='p08.txt');0.10000000149011612;0.2208392322063446;0.22950701415538788;0.12605628371238708
Data(x=[26, 7], edge_index=[2, 20], edge_attr=[20, 5], y=0.0, custom_label=0.0, min_label=0, max_label=10, instance_name='p08.txt');0.0;0.000507787277456373;0.0011227421928197145;0.12605628371238708
Data(x=[26, 7], edge_index=[2, 8], edge_attr=[8, 5], y=0.0, custom_label=0.0, min_label=0, max_label=10, instance_name='p08.txt');0.0;0.00045881143887527287;0.00021549261873587966;0.12605628371238708
Data(x=[26, 7], edge_index=[2, 16], edge_attr=[16, 5], y=0.0, custom_label=0.0, min_label=0, max_label=10, instance_name='p08.txt');0.0;7.184169953688979e-05;6.652713636867702e-05;1.7093715332094916e-10
Data(x=[22, 7], edge_index=[2, 10], edge_attr=[10, 5], y=0.0, custom_label=0.0, min_label=0, max_label=10, instance_name='p08.txt');0.0;0.0003384911688044667;0.0002029045281233266;0.12605628371238708
Data(x=[27, 7], edge_index=[2, 16], edge_attr=[16, 5], y=0.0, custom_label=0.0, min_label=0, max_label=10, instance_name='p08.txt');0.0;0.0017757575260475278;0.0010034966981038451;0.12605628371238708
Data(x=[26, 7], edge_index=[2, 16], edge_attr=[16, 5], y=0.0, custom_label=0.0, min_label=0, max_label=10, instance_name='p08.txt');0.0;7.184169953688979e-05;6.652713636867702e-05;4.678575714933686e-05
Data(x=[28, 7], edge_index=[2, 14], edge_attr=[14, 5], y=0.0, custom_label=0.0, min_label=0, max_label=10, instance_name='p08.txt');0.0;0.00013794528786092997;6.862929149065167e-05;1.3076529876282494e-12
Data(x=[25, 7], edge_index=[2, 12], edge_attr=[12, 5], y=3.0, custom_label=0.3, min_label=0, max_label=10, instance_name='p08.txt');0.30000001192092896;0.39285773038864136;0.4114755094051361;0.12605628371238708
Data(x=[26, 7], edge_index=[2, 14], edge_attr=[14, 5], y=2.0, custom_label=0.2, min_label=0, max_label=10, instance_name='p08.txt');0.20000000298023224;0.17640575766563416;0.20173928141593933;0.12605628371238708
Data(x=[25, 7], edge_index=[2, 10], edge_attr=[10, 5], y=1.0, custom_label=0.1, min_label=0, max_label=10, instance_name='p08.txt');0.10000000149011612;0.19022265076637268;0.2034946084022522;0.12605628371238708
Data(x=[26, 7], edge_index=[2, 12], edge_attr=[12, 5], y=0.0, custom_label=0.0, min_label=0, max_label=10, instance_name='p08.txt');0.0;0.0004991599707864225;0.00032223027665168047;0.12605628371238708
Data(x=[18, 7], edge_index=[2, 8], edge_attr=[8, 5], y=0.0, custom_label=0.0, min_label=0, max_label=10, instance_name='p08.txt');0.0;8.58578277984634e-05;0.00010043070506071672;0.12605628371238708
Data(x=[24, 7], edge_index=[2, 6], edge_attr=[6, 5], y=4.0, custom_label=0.4, min_label=0, max_label=10, instance_name='p08.txt');0.4000000059604645;0.33271586894989014;0.387652188539505;0.12605628371238708
Data(x=[24, 7], edge_index=[2, 6], edge_attr=[6, 5], y=3.0, custom_label=0.3, min_label=0, max_label=10, instance_name='p08.txt');0.30000001192092896;0.35369348526000977;0.426859974861145;0.12605628371238708
Data(x=[25, 7], edge_index=[2, 8], edge_attr=[8, 5], y=2.0, custom_label=0.2, min_label=0, max_label=10, instance_name='p08.txt');0.20000000298023224;0.14279596507549286;0.2224050611257553;0.12605628371238708
Data(x=[25, 7], edge_index=[2, 8], edge_attr=[8, 5], y=1.0, custom_label=0.1, min_label=0, max_label=10, instance_name='p08.txt');0.10000000149011612;0.13061504065990448;0.16217879951000214;0.12605628371238708
Data(x=[26, 7], edge_index=[2, 10], edge_attr=[10, 5], y=0.0, custom_label=0.0, min_label=0, max_label=10, instance_name='p08.txt');0.0;6.35006872471422e-05;3.637831105152145e-05;0.12605628371238708
Data(x=[23, 7], edge_index=[2, 12], edge_attr=[12, 5], y=0.0, custom_label=0.0, min_label=0, max_label=10, instance_name='p08.txt');0.0;0.0003061143506783992;0.0002714337024372071;4.678575714933686e-05
Data(x=[21, 7], edge_index=[2, 12], edge_attr=[12, 5], y=0.0, custom_label=0.0, min_label=0, max_label=10, instance_name='p08.txt');0.0;0.00034511269768700004;0.0010440889745950699;0.12605628371238708
Data(x=[29, 7], edge_index=[2, 18], edge_attr=[18, 5], y=0.0, custom_label=0.0, min_label=0, max_label=10, instance_name='p08.txt');0.0;0.0003643185191322118;0.0002062933926936239;4.1228686313843355e-06
Data(x=[23, 7], edge_index=[2, 16], edge_attr=[16, 5], y=0.0, custom_label=0.0, min_label=0, max_label=10, instance_name='p08.txt');0.0;3.412073419895023e-05;4.56141096947249e-05;5.255356913536069e-12
Data(x=[24, 7], edge_index=[2, 10], edge_attr=[10, 5], y=2.0, custom_label=0.2, min_label=0, max_label=10, instance_name='p08.txt');0.20000000298023224;0.1552066206932068;0.17584094405174255;0.12605628371238708
Data(x=[24, 7], edge_index=[2, 10], edge_attr=[10, 5], y=1.0, custom_label=0.1, min_label=0, max_label=10, instance_name='p08.txt');0.10000000149011612;0.1552065908908844;0.17584094405174255;0.12605628371238708
Data(x=[25, 7], edge_index=[2, 12], edge_attr=[12, 5], y=0.0, custom_label=0.0, min_label=0, max_label=10, instance_name='p08.txt');0.0;5.2301224059192464e-05;3.8991936889942735e-05;0.12605628371238708
Data(x=[26, 7], edge_index=[2, 16], edge_attr=[16, 5], y=0.0, custom_label=0.0, min_label=0, max_label=10, instance_name='p08.txt');0.0;0.000545040238648653;0.0004818106535822153;4.678575714933686e-05
Data(x=[24, 7], edge_index=[2, 10], edge_attr=[10, 5], y=0.0, custom_label=0.0, min_label=0, max_label=10, instance_name='p08.txt');0.0;0.00034788166522048414;0.00023223093012347817;0.12605628371238708
Data(x=[23, 7], edge_index=[2, 10], edge_attr=[10, 5], y=0.0, custom_label=0.0, min_label=0, max_label=10, instance_name='p08.txt');0.0;0.00029094339697621763;0.00021622158237732947;0.12605628371238708
Data(x=[27, 7], edge_index=[2, 16], edge_attr=[16, 5], y=0.0, custom_label=0.0, min_label=0, max_label=10, instance_name='p08.txt');0.0;0.0017757575260475278;0.0010034966981038451;0.12605628371238708
Data(x=[35, 7], edge_index=[2, 4], edge_attr=[4, 5], y=88.0, custom_label=1.0, min_label=0, max_label=88, instance_name='p09.txt');1.0;0.25068333745002747;0.31840336322784424;0.12605628371238708
Data(x=[35, 7], edge_index=[2, 4], edge_attr=[4, 5], y=87.0, custom_label=0.9886364, min_label=0, max_label=88, instance_name='p09.txt');0.9886363744735718;0.25068336725234985;0.31840336322784424;0.12605628371238708
Data(x=[35, 7], edge_index=[2, 4], edge_attr=[4, 5], y=86.0, custom_label=0.97727275, min_label=0, max_label=88, instance_name='p09.txt');0.9772727489471436;0.25068336725234985;0.31840336322784424;0.12605628371238708
Data(x=[35, 7], edge_index=[2, 4], edge_attr=[4, 5], y=85.0, custom_label=0.96590906, min_label=0, max_label=88, instance_name='p09.txt');0.9659090638160706;0.25068336725234985;0.31840336322784424;0.12605628371238708
Data(x=[35, 7], edge_index=[2, 4], edge_attr=[4, 5], y=84.0, custom_label=0.95454544, min_label=0, max_label=88, instance_name='p09.txt');0.9545454382896423;0.25068336725234985;0.31840336322784424;0.12605628371238708
Data(x=[35, 7], edge_index=[2, 4], edge_attr=[4, 5], y=83.0, custom_label=0.9431818, min_label=0, max_label=88, instance_name='p09.txt');0.9431818127632141;0.25068336725234985;0.31840336322784424;0.12605628371238708
Data(x=[35, 7], edge_index=[2, 4], edge_attr=[4, 5], y=82.0, custom_label=0.9318182, min_label=0, max_label=88, instance_name='p09.txt');0.9318181872367859;0.25068336725234985;0.31840336322784424;0.12605628371238708
Data(x=[35, 7], edge_index=[2, 4], edge_attr=[4, 5], y=81.0, custom_label=0.92045456, min_label=0, max_label=88, instance_name='p09.txt');0.9204545617103577;0.25068336725234985;0.31840336322784424;0.12605628371238708
Data(x=[35, 7], edge_index=[2, 4], edge_attr=[4, 5], y=80.0, custom_label=0.90909094, min_label=0, max_label=88, instance_name='p09.txt');0.9090909361839294;0.25068336725234985;0.31840336322784424;0.12605628371238708
Data(x=[35, 7], edge_index=[2, 4], edge_attr=[4, 5], y=79.0, custom_label=0.89772725, min_label=0, max_label=88, instance_name='p09.txt');0.8977272510528564;0.25068336725234985;0.31840336322784424;0.12605628371238708
Data(x=[35, 7], edge_index=[2, 4], edge_attr=[4, 5], y=78.0, custom_label=0.8863636, min_label=0, max_label=88, instance_name='p09.txt');0.8863636255264282;0.25068336725234985;0.31840336322784424;0.12605628371238708
Data(x=[35, 7], edge_index=[2, 4], edge_attr=[4, 5], y=77.0, custom_label=0.875, min_label=0, max_label=88, instance_name='p09.txt');0.875;0.25068336725234985;0.31840336322784424;0.12605628371238708
Data(x=[35, 7], edge_index=[2, 4], edge_attr=[4, 5], y=76.0, custom_label=0.8636364, min_label=0, max_label=88, instance_name='p09.txt');0.8636363744735718;0.25068336725234985;0.31840336322784424;0.12605628371238708
Data(x=[35, 7], edge_index=[2, 4], edge_attr=[4, 5], y=75.0, custom_label=0.85227275, min_label=0, max_label=88, instance_name='p09.txt');0.8522727489471436;0.25068336725234985;0.31840336322784424;0.12605628371238708
Data(x=[35, 7], edge_index=[2, 4], edge_attr=[4, 5], y=74.0, custom_label=0.84090906, min_label=0, max_label=88, instance_name='p09.txt');0.8409090638160706;0.25068336725234985;0.31840336322784424;0.12605628371238708
Data(x=[35, 7], edge_index=[2, 4], edge_attr=[4, 5], y=73.0, custom_label=0.82954544, min_label=0, max_label=88, instance_name='p09.txt');0.8295454382896423;0.25068336725234985;0.31840336322784424;0.12605628371238708
Data(x=[36, 7], edge_index=[2, 6], edge_attr=[6, 5], y=72.0, custom_label=0.8181818, min_label=0, max_label=88, instance_name='p09.txt');0.8181818127632141;0.12946850061416626;0.13839225471019745;0.12605628371238708
Data(x=[36, 7], edge_index=[2, 6], edge_attr=[6, 5], y=71.0, custom_label=0.8068182, min_label=0, max_label=88, instance_name='p09.txt');0.8068181872367859;0.12946850061416626;0.13839225471019745;0.12605628371238708
Data(x=[36, 7], edge_index=[2, 6], edge_attr=[6, 5], y=70.0, custom_label=0.79545456, min_label=0, max_label=88, instance_name='p09.txt');0.7954545617103577;0.12946850061416626;0.13839225471019745;0.12605628371238708
Data(x=[36, 7], edge_index=[2, 6], edge_attr=[6, 5], y=69.0, custom_label=0.78409094, min_label=0, max_label=88, instance_name='p09.txt');0.7840909361839294;0.12946850061416626;0.13839225471019745;0.12605628371238708
Data(x=[36, 7], edge_index=[2, 6], edge_attr=[6, 5], y=68.0, custom_label=0.77272725, min_label=0, max_label=88, instance_name='p09.txt');0.7727272510528564;0.12946850061416626;0.13839225471019745;0.12605628371238708
Data(x=[36, 7], edge_index=[2, 6], edge_attr=[6, 5], y=67.0, custom_label=0.7613636, min_label=0, max_label=88, instance_name='p09.txt');0.7613636255264282;0.12946850061416626;0.13839225471019745;0.12605628371238708
Data(x=[36, 7], edge_index=[2, 6], edge_attr=[6, 5], y=66.0, custom_label=0.75, min_label=0, max_label=88, instance_name='p09.txt');0.75;0.12946850061416626;0.13839225471019745;0.12605628371238708
Data(x=[35, 7], edge_index=[2, 4], edge_attr=[4, 5], y=65.0, custom_label=0.7386364, min_label=0, max_label=88, instance_name='p09.txt');0.7386363744735718;0.25068333745002747;0.31840336322784424;0.12605628371238708
Data(x=[35, 7], edge_index=[2, 4], edge_attr=[4, 5], y=64.0, custom_label=0.72727275, min_label=0, max_label=88, instance_name='p09.txt');0.7272727489471436;0.25068336725234985;0.31840336322784424;0.12605628371238708
Data(x=[35, 7], edge_index=[2, 4], edge_attr=[4, 5], y=63.0, custom_label=0.71590906, min_label=0, max_label=88, instance_name='p09.txt');0.7159090638160706;0.25068336725234985;0.31840336322784424;0.12605628371238708
Data(x=[35, 7], edge_index=[2, 4], edge_attr=[4, 5], y=62.0, custom_label=0.70454544, min_label=0, max_label=88, instance_name='p09.txt');0.7045454382896423;0.25068336725234985;0.31840336322784424;0.12605628371238708
Data(x=[35, 7], edge_index=[2, 4], edge_attr=[4, 5], y=61.0, custom_label=0.6931818, min_label=0, max_label=88, instance_name='p09.txt');0.6931818127632141;0.25068336725234985;0.31840336322784424;0.12605628371238708
Data(x=[35, 7], edge_index=[2, 4], edge_attr=[4, 5], y=60.0, custom_label=0.6818182, min_label=0, max_label=88, instance_name='p09.txt');0.6818181872367859;0.25068336725234985;0.31840336322784424;0.12605628371238708
Data(x=[35, 7], edge_index=[2, 4], edge_attr=[4, 5], y=59.0, custom_label=0.67045456, min_label=0, max_label=88, instance_name='p09.txt');0.6704545617103577;0.25068336725234985;0.31840336322784424;0.12605628371238708
Data(x=[35, 7], edge_index=[2, 4], edge_attr=[4, 5], y=58.0, custom_label=0.65909094, min_label=0, max_label=88, instance_name='p09.txt');0.6590909361839294;0.25068336725234985;0.31840336322784424;0.12605628371238708
Data(x=[34, 7], edge_index=[2, 2], edge_attr=[2, 5], y=57.0, custom_label=0.64772725, min_label=0, max_label=88, instance_name='p09.txt');0.6477272510528564;0.44300854206085205;0.4572039544582367;0.12605628371238708
Data(x=[34, 7], edge_index=[2, 2], edge_attr=[2, 5], y=56.0, custom_label=0.6363636, min_label=0, max_label=88, instance_name='p09.txt');0.6363636255264282;0.44300854206085205;0.45720401406288147;0.12605628371238708
Data(x=[34, 7], edge_index=[2, 2], edge_attr=[2, 5], y=55.0, custom_label=0.625, min_label=0, max_label=88, instance_name='p09.txt');0.625;0.44300854206085205;0.4572039544582367;0.12605628371238708
Data(x=[34, 7], edge_index=[2, 2], edge_attr=[2, 5], y=54.0, custom_label=0.6136364, min_label=0, max_label=88, instance_name='p09.txt');0.6136363744735718;0.44300854206085205;0.4572039544582367;0.12605628371238708
Data(x=[34, 7], edge_index=[2, 2], edge_attr=[2, 5], y=53.0, custom_label=0.60227275, min_label=0, max_label=88, instance_name='p09.txt');0.6022727489471436;0.44300854206085205;0.4572039544582367;0.12605628371238708
Data(x=[34, 7], edge_index=[2, 2], edge_attr=[2, 5], y=52.0, custom_label=0.59090906, min_label=0, max_label=88, instance_name='p09.txt');0.5909090638160706;0.44300854206085205;0.4572039544582367;0.12605628371238708
Data(x=[34, 7], edge_index=[2, 2], edge_attr=[2, 5], y=51.0, custom_label=0.57954544, min_label=0, max_label=88, instance_name='p09.txt');0.5795454382896423;0.44300854206085205;0.4572039544582367;0.12605628371238708
Data(x=[34, 7], edge_index=[2, 2], edge_attr=[2, 5], y=50.0, custom_label=0.5681818, min_label=0, max_label=88, instance_name='p09.txt');0.5681818127632141;0.44300854206085205;0.4572039544582367;0.12605628371238708
Data(x=[34, 7], edge_index=[2, 2], edge_attr=[2, 5], y=49.0, custom_label=0.5568182, min_label=0, max_label=88, instance_name='p09.txt');0.5568181872367859;0.44300854206085205;0.45720401406288147;0.12605628371238708
Data(x=[34, 7], edge_index=[2, 2], edge_attr=[2, 5], y=48.0, custom_label=0.54545456, min_label=0, max_label=88, instance_name='p09.txt');0.5454545617103577;0.44300854206085205;0.45720401406288147;0.12605628371238708
Data(x=[34, 7], edge_index=[2, 2], edge_attr=[2, 5], y=47.0, custom_label=0.53409094, min_label=0, max_label=88, instance_name='p09.txt');0.5340909361839294;0.44300854206085205;0.45720401406288147;0.12605628371238708
Data(x=[34, 7], edge_index=[2, 2], edge_attr=[2, 5], y=46.0, custom_label=0.52272725, min_label=0, max_label=88, instance_name='p09.txt');0.5227272510528564;0.44300854206085205;0.45720401406288147;0.12605628371238708
Data(x=[34, 7], edge_index=[2, 2], edge_attr=[2, 5], y=45.0, custom_label=0.5113636, min_label=0, max_label=88, instance_name='p09.txt');0.5113636255264282;0.44300854206085205;0.45720401406288147;0.12605628371238708
Data(x=[34, 7], edge_index=[2, 2], edge_attr=[2, 5], y=44.0, custom_label=0.5, min_label=0, max_label=88, instance_name='p09.txt');0.5;0.44300854206085205;0.45720401406288147;0.12605628371238708
Data(x=[34, 7], edge_index=[2, 2], edge_attr=[2, 5], y=43.0, custom_label=0.48863637, min_label=0, max_label=88, instance_name='p09.txt');0.4886363744735718;0.44300854206085205;0.45720401406288147;0.12605628371238708
Data(x=[35, 7], edge_index=[2, 4], edge_attr=[4, 5], y=42.0, custom_label=0.47727272, min_label=0, max_label=88, instance_name='p09.txt');0.47727271914482117;0.25068336725234985;0.31840336322784424;0.12605628371238708
Data(x=[35, 7], edge_index=[2, 4], edge_attr=[4, 5], y=41.0, custom_label=0.4659091, min_label=0, max_label=88, instance_name='p09.txt');0.46590909361839294;0.25068333745002747;0.31840336322784424;0.12605628371238708
Data(x=[35, 7], edge_index=[2, 4], edge_attr=[4, 5], y=40.0, custom_label=0.45454547, min_label=0, max_label=88, instance_name='p09.txt');0.4545454680919647;0.25068336725234985;0.31840336322784424;0.12605628371238708
Data(x=[34, 7], edge_index=[2, 2], edge_attr=[2, 5], y=39.0, custom_label=0.4431818, min_label=0, max_label=88, instance_name='p09.txt');0.4431818127632141;0.44300854206085205;0.4572039544582367;0.12605628371238708
Data(x=[35, 7], edge_index=[2, 4], edge_attr=[4, 5], y=38.0, custom_label=0.4318182, min_label=0, max_label=88, instance_name='p09.txt');0.4318181872367859;0.25068336725234985;0.31840336322784424;0.12605628371238708
Data(x=[35, 7], edge_index=[2, 4], edge_attr=[4, 5], y=37.0, custom_label=0.42045453, min_label=0, max_label=88, instance_name='p09.txt');0.4204545319080353;0.25068336725234985;0.31840336322784424;0.12605628371238708
Data(x=[35, 7], edge_index=[2, 4], edge_attr=[4, 5], y=36.0, custom_label=0.4090909, min_label=0, max_label=88, instance_name='p09.txt');0.40909090638160706;0.25068336725234985;0.31840336322784424;0.12605628371238708
Data(x=[35, 7], edge_index=[2, 4], edge_attr=[4, 5], y=35.0, custom_label=0.39772728, min_label=0, max_label=88, instance_name='p09.txt');0.39772728085517883;0.25068336725234985;0.31840336322784424;0.12605628371238708
Data(x=[35, 7], edge_index=[2, 4], edge_attr=[4, 5], y=34.0, custom_label=0.38636363, min_label=0, max_label=88, instance_name='p09.txt');0.3863636255264282;0.25068336725234985;0.31840336322784424;0.12605628371238708
Data(x=[34, 7], edge_index=[2, 2], edge_attr=[2, 5], y=33.0, custom_label=0.375, min_label=0, max_label=88, instance_name='p09.txt');0.375;0.44300854206085205;0.4572039544582367;0.12605628371238708
Data(x=[34, 7], edge_index=[2, 2], edge_attr=[2, 5], y=32.0, custom_label=0.36363637, min_label=0, max_label=88, instance_name='p09.txt');0.3636363744735718;0.44300854206085205;0.4572039544582367;0.12605628371238708
Data(x=[34, 7], edge_index=[2, 2], edge_attr=[2, 5], y=31.0, custom_label=0.35227272, min_label=0, max_label=88, instance_name='p09.txt');0.35227271914482117;0.44300854206085205;0.4572039544582367;0.12605628371238708
Data(x=[34, 7], edge_index=[2, 2], edge_attr=[2, 5], y=30.0, custom_label=0.3409091, min_label=0, max_label=88, instance_name='p09.txt');0.34090909361839294;0.44300854206085205;0.4572039544582367;0.12605628371238708
Data(x=[34, 7], edge_index=[2, 2], edge_attr=[2, 5], y=29.0, custom_label=0.32954547, min_label=0, max_label=88, instance_name='p09.txt');0.3295454680919647;0.44300854206085205;0.4572039544582367;0.12605628371238708
Data(x=[34, 7], edge_index=[2, 2], edge_attr=[2, 5], y=28.0, custom_label=0.3181818, min_label=0, max_label=88, instance_name='p09.txt');0.3181818127632141;0.44300854206085205;0.4572039544582367;0.12605628371238708
Data(x=[34, 7], edge_index=[2, 2], edge_attr=[2, 5], y=27.0, custom_label=0.3068182, min_label=0, max_label=88, instance_name='p09.txt');0.3068181872367859;0.44300854206085205;0.4572039544582367;0.12605628371238708
Data(x=[34, 7], edge_index=[2, 2], edge_attr=[2, 5], y=26.0, custom_label=0.29545453, min_label=0, max_label=88, instance_name='p09.txt');0.2954545319080353;0.44300854206085205;0.4572039544582367;0.12605628371238708
Data(x=[34, 7], edge_index=[2, 2], edge_attr=[2, 5], y=25.0, custom_label=0.2840909, min_label=0, max_label=88, instance_name='p09.txt');0.28409090638160706;0.44300854206085205;0.4572039544582367;0.12605628371238708
Data(x=[34, 7], edge_index=[2, 2], edge_attr=[2, 5], y=24.0, custom_label=0.27272728, min_label=0, max_label=88, instance_name='p09.txt');0.27272728085517883;0.44300854206085205;0.4572039544582367;0.12605628371238708
Data(x=[34, 7], edge_index=[2, 2], edge_attr=[2, 5], y=23.0, custom_label=0.26136363, min_label=0, max_label=88, instance_name='p09.txt');0.2613636255264282;0.44300854206085205;0.45720401406288147;0.12605628371238708
Data(x=[34, 7], edge_index=[2, 2], edge_attr=[2, 5], y=22.0, custom_label=0.25, min_label=0, max_label=88, instance_name='p09.txt');0.25;0.44300854206085205;0.45720401406288147;0.12605628371238708
Data(x=[34, 7], edge_index=[2, 2], edge_attr=[2, 5], y=21.0, custom_label=0.23863636, min_label=0, max_label=88, instance_name='p09.txt');0.23863635957241058;0.44300854206085205;0.45720401406288147;0.12605628371238708
Data(x=[35, 7], edge_index=[2, 4], edge_attr=[4, 5], y=20.0, custom_label=0.22727273, min_label=0, max_label=88, instance_name='p09.txt');0.22727273404598236;0.25068336725234985;0.31840336322784424;0.12605628371238708
Data(x=[35, 7], edge_index=[2, 4], edge_attr=[4, 5], y=19.0, custom_label=0.2159091, min_label=0, max_label=88, instance_name='p09.txt');0.21590909361839294;0.25068336725234985;0.31840336322784424;0.12605628371238708
Data(x=[35, 7], edge_index=[2, 4], edge_attr=[4, 5], y=18.0, custom_label=0.20454545, min_label=0, max_label=88, instance_name='p09.txt');0.20454545319080353;0.25068336725234985;0.31840336322784424;0.12605628371238708
Data(x=[35, 7], edge_index=[2, 4], edge_attr=[4, 5], y=17.0, custom_label=0.19318181, min_label=0, max_label=88, instance_name='p09.txt');0.1931818127632141;0.25068336725234985;0.31840336322784424;0.12605628371238708
Data(x=[35, 7], edge_index=[2, 4], edge_attr=[4, 5], y=16.0, custom_label=0.18181819, min_label=0, max_label=88, instance_name='p09.txt');0.1818181872367859;0.25068336725234985;0.31840336322784424;0.12605628371238708
Data(x=[35, 7], edge_index=[2, 4], edge_attr=[4, 5], y=15.0, custom_label=0.17045455, min_label=0, max_label=88, instance_name='p09.txt');0.17045454680919647;0.25068336725234985;0.31840336322784424;0.12605628371238708
Data(x=[35, 7], edge_index=[2, 4], edge_attr=[4, 5], y=14.0, custom_label=0.1590909, min_label=0, max_label=88, instance_name='p09.txt');0.15909090638160706;0.25068336725234985;0.31840336322784424;0.12605628371238708
Data(x=[35, 7], edge_index=[2, 4], edge_attr=[4, 5], y=13.0, custom_label=0.14772727, min_label=0, max_label=88, instance_name='p09.txt');0.14772726595401764;0.25068336725234985;0.31840336322784424;0.12605628371238708
Data(x=[36, 7], edge_index=[2, 6], edge_attr=[6, 5], y=12.0, custom_label=0.13636364, min_label=0, max_label=88, instance_name='p09.txt');0.13636364042758942;0.12946850061416626;0.13839225471019745;0.12605628371238708
Data(x=[36, 7], edge_index=[2, 6], edge_attr=[6, 5], y=11.0, custom_label=0.125, min_label=0, max_label=88, instance_name='p09.txt');0.125;0.12946850061416626;0.13839225471019745;0.12605628371238708
Data(x=[36, 7], edge_index=[2, 6], edge_attr=[6, 5], y=10.0, custom_label=0.11363637, min_label=0, max_label=88, instance_name='p09.txt');0.11363636702299118;0.12946850061416626;0.13839225471019745;0.12605628371238708
Data(x=[36, 7], edge_index=[2, 6], edge_attr=[6, 5], y=9.0, custom_label=0.10227273, min_label=0, max_label=88, instance_name='p09.txt');0.10227272659540176;0.12946850061416626;0.13839225471019745;0.12605628371238708
Data(x=[36, 7], edge_index=[2, 6], edge_attr=[6, 5], y=8.0, custom_label=0.09090909, min_label=0, max_label=88, instance_name='p09.txt');0.09090909361839294;0.12946850061416626;0.13839225471019745;0.12605628371238708
Data(x=[36, 7], edge_index=[2, 6], edge_attr=[6, 5], y=7.0, custom_label=0.07954545, min_label=0, max_label=88, instance_name='p09.txt');0.07954545319080353;0.12946850061416626;0.13839225471019745;0.12605628371238708
Data(x=[36, 7], edge_index=[2, 6], edge_attr=[6, 5], y=6.0, custom_label=0.06818182, min_label=0, max_label=88, instance_name='p09.txt');0.06818182021379471;0.12946850061416626;0.13839225471019745;0.12605628371238708
Data(x=[36, 7], edge_index=[2, 6], edge_attr=[6, 5], y=5.0, custom_label=0.056818184, min_label=0, max_label=88, instance_name='p09.txt');0.05681818351149559;0.12946850061416626;0.13839225471019745;0.12605628371238708
Data(x=[36, 7], edge_index=[2, 6], edge_attr=[6, 5], y=4.0, custom_label=0.045454547, min_label=0, max_label=88, instance_name='p09.txt');0.04545454680919647;0.12946850061416626;0.13839225471019745;0.12605628371238708
Data(x=[36, 7], edge_index=[2, 6], edge_attr=[6, 5], y=3.0, custom_label=0.03409091, min_label=0, max_label=88, instance_name='p09.txt');0.034090910106897354;0.12946850061416626;0.13839225471019745;0.12605628371238708
Data(x=[36, 7], edge_index=[2, 6], edge_attr=[6, 5], y=2.0, custom_label=0.022727273, min_label=0, max_label=88, instance_name='p09.txt');0.022727273404598236;0.12946850061416626;0.13839225471019745;0.12605628371238708
Data(x=[36, 7], edge_index=[2, 6], edge_attr=[6, 5], y=1.0, custom_label=0.011363637, min_label=0, max_label=88, instance_name='p09.txt');0.011363636702299118;0.12946850061416626;0.13839225471019745;0.12605628371238708
Data(x=[37, 7], edge_index=[2, 8], edge_attr=[8, 5], y=0.0, custom_label=0.0, min_label=0, max_label=88, instance_name='p09.txt');0.0;0.001576832728460431;0.0003590825363062322;0.12605628371238708
Data(x=[29, 7], edge_index=[2, 12], edge_attr=[12, 5], y=0.0, custom_label=0.0, min_label=0, max_label=88, instance_name='p09.txt');0.0;0.00012194948794785887;6.256021879380569e-05;0.12605628371238708
Data(x=[31, 7], edge_index=[2, 14], edge_attr=[14, 5], y=0.0, custom_label=0.0, min_label=0, max_label=88, instance_name='p09.txt');0.0;0.00017861550441011786;8.961436833487824e-05;6.252767889236566e-06
Data(x=[23, 7], edge_index=[2, 14], edge_attr=[14, 5], y=0.0, custom_label=0.0, min_label=0, max_label=88, instance_name='p09.txt');0.0;0.00032297303550876677;0.00034073894494213164;4.177625259615958e-11
Data(x=[25, 7], edge_index=[2, 12], edge_attr=[12, 5], y=0.0, custom_label=0.0, min_label=0, max_label=88, instance_name='p09.txt');0.0;0.0004294378450140357;0.0003057165304198861;0.12605628371238708
Data(x=[25, 7], edge_index=[2, 14], edge_attr=[14, 5], y=0.0, custom_label=0.0, min_label=0, max_label=88, instance_name='p09.txt');0.0;7.419344910886139e-05;4.867924144491553e-05;0.12605628371238708
Data(x=[30, 7], edge_index=[2, 16], edge_attr=[16, 5], y=7.0, custom_label=0.07954545, min_label=0, max_label=88, instance_name='p09.txt');0.07954545319080353;0.15921542048454285;0.13461710512638092;1.173686541733332e-05
Data(x=[29, 7], edge_index=[2, 14], edge_attr=[14, 5], y=6.0, custom_label=0.06818182, min_label=0, max_label=88, instance_name='p09.txt');0.06818182021379471;0.1802597939968109;0.17947492003440857;0.12605628371238708
Data(x=[29, 7], edge_index=[2, 14], edge_attr=[14, 5], y=5.0, custom_label=0.056818184, min_label=0, max_label=88, instance_name='p09.txt');0.05681818351149559;0.1802597939968109;0.17947492003440857;0.12605628371238708
Data(x=[29, 7], edge_index=[2, 14], edge_attr=[14, 5], y=4.0, custom_label=0.045454547, min_label=0, max_label=88, instance_name='p09.txt');0.04545454680919647;0.1802597939968109;0.17947493493556976;0.12605628371238708
Data(x=[29, 7], edge_index=[2, 14], edge_attr=[14, 5], y=3.0, custom_label=0.03409091, min_label=0, max_label=88, instance_name='p09.txt');0.034090910106897354;0.1802597939968109;0.17947492003440857;0.12605628371238708
Data(x=[29, 7], edge_index=[2, 14], edge_attr=[14, 5], y=2.0, custom_label=0.022727273, min_label=0, max_label=88, instance_name='p09.txt');0.022727273404598236;0.18025977909564972;0.17947493493556976;0.12605628371238708
Data(x=[29, 7], edge_index=[2, 14], edge_attr=[14, 5], y=1.0, custom_label=0.011363637, min_label=0, max_label=88, instance_name='p09.txt');0.011363636702299118;0.1802597939968109;0.17947493493556976;0.12605628371238708
Data(x=[30, 7], edge_index=[2, 16], edge_attr=[16, 5], y=0.0, custom_label=0.0, min_label=0, max_label=88, instance_name='p09.txt');0.0;0.00015622111095581204;9.78444586507976e-05;0.12605628371238708
Data(x=[27, 7], edge_index=[2, 27], y=95.0, edge_attr=[27, 5], custom_label=1.0, min_label=0, max_label=95, instance_name='p10.txt');1.0;0.8261744976043701;0.7973338961601257;0.6659550070762634
Data(x=[27, 7], edge_index=[2, 27], y=94.0, edge_attr=[27, 5], custom_label=0.9894737, min_label=0, max_label=95, instance_name='p10.txt');0.9894737005233765;0.8261744976043701;0.7973338961601257;0.6659550070762634
Data(x=[27, 7], edge_index=[2, 27], y=93.0, edge_attr=[27, 5], custom_label=0.97894734, min_label=0, max_label=95, instance_name='p10.txt');0.9789473414421082;0.8261744976043701;0.7973338961601257;0.6659550070762634
Data(x=[27, 7], edge_index=[2, 27], y=92.0, edge_attr=[27, 5], custom_label=0.96842104, min_label=0, max_label=95, instance_name='p10.txt');0.9684210419654846;0.8261744976043701;0.7973338961601257;0.6659550070762634
Data(x=[27, 7], edge_index=[2, 27], y=91.0, edge_attr=[27, 5], custom_label=0.95789474, min_label=0, max_label=95, instance_name='p10.txt');0.9578947424888611;0.8261744976043701;0.7973338961601257;0.6659550070762634
Data(x=[27, 7], edge_index=[2, 27], y=90.0, edge_attr=[27, 5], custom_label=0.94736844, min_label=0, max_label=95, instance_name='p10.txt');0.9473684430122375;0.8261744976043701;0.7973338961601257;0.6659550070762634
Data(x=[27, 7], edge_index=[2, 27], y=89.0, edge_attr=[27, 5], custom_label=0.9368421, min_label=0, max_label=95, instance_name='p10.txt');0.9368420839309692;0.8261744976043701;0.7973338961601257;0.6659550070762634
Data(x=[27, 7], edge_index=[2, 27], y=88.0, edge_attr=[27, 5], custom_label=0.9263158, min_label=0, max_label=95, instance_name='p10.txt');0.9263157844543457;0.8261744976043701;0.7973338961601257;0.6659550070762634
Data(x=[27, 7], edge_index=[2, 27], y=87.0, edge_attr=[27, 5], custom_label=0.9157895, min_label=0, max_label=95, instance_name='p10.txt');0.9157894849777222;0.8261744976043701;0.7973338961601257;0.6659550070762634
Data(x=[27, 7], edge_index=[2, 27], y=86.0, edge_attr=[27, 5], custom_label=0.9052632, min_label=0, max_label=95, instance_name='p10.txt');0.9052631855010986;0.8261744976043701;0.7973338961601257;0.6659550070762634
Data(x=[27, 7], edge_index=[2, 27], y=85.0, edge_attr=[27, 5], custom_label=0.8947368, min_label=0, max_label=95, instance_name='p10.txt');0.8947368264198303;0.8261744976043701;0.7973338961601257;0.6659550070762634
Data(x=[27, 7], edge_index=[2, 27], y=84.0, edge_attr=[27, 5], custom_label=0.8842105, min_label=0, max_label=95, instance_name='p10.txt');0.8842105269432068;0.8261744976043701;0.7973338961601257;0.6659550070762634
Data(x=[27, 7], edge_index=[2, 27], y=83.0, edge_attr=[27, 5], custom_label=0.8736842, min_label=0, max_label=95, instance_name='p10.txt');0.8736842274665833;0.8261744976043701;0.7973338961601257;0.6659550070762634
Data(x=[27, 7], edge_index=[2, 27], y=82.0, edge_attr=[27, 5], custom_label=0.86315787, min_label=0, max_label=95, instance_name='p10.txt');0.8631578683853149;0.8261744976043701;0.7973338961601257;0.6659550070762634
Data(x=[27, 7], edge_index=[2, 27], y=81.0, edge_attr=[27, 5], custom_label=0.85263157, min_label=0, max_label=95, instance_name='p10.txt');0.8526315689086914;0.8261744976043701;0.7973338961601257;0.6659550070762634
Data(x=[27, 7], edge_index=[2, 27], y=80.0, edge_attr=[27, 5], custom_label=0.84210527, min_label=0, max_label=95, instance_name='p10.txt');0.8421052694320679;0.8261744976043701;0.7973338961601257;0.6659550070762634
Data(x=[27, 7], edge_index=[2, 27], y=79.0, edge_attr=[27, 5], custom_label=0.83157897, min_label=0, max_label=95, instance_name='p10.txt');0.8315789699554443;0.8261744976043701;0.7973338961601257;0.6659550070762634
Data(x=[27, 7], edge_index=[2, 27], y=78.0, edge_attr=[27, 5], custom_label=0.8210526, min_label=0, max_label=95, instance_name='p10.txt');0.821052610874176;0.8261744976043701;0.7973338961601257;0.6659550070762634
Data(x=[27, 7], edge_index=[2, 27], y=77.0, edge_attr=[27, 5], custom_label=0.8105263, min_label=0, max_label=95, instance_name='p10.txt');0.8105263113975525;0.8261744976043701;0.7973338961601257;0.6659550070762634
Data(x=[27, 7], edge_index=[2, 27], y=76.0, edge_attr=[27, 5], custom_label=0.8, min_label=0, max_label=95, instance_name='p10.txt');0.800000011920929;0.8261744976043701;0.7973338961601257;0.6659550070762634
Data(x=[27, 7], edge_index=[2, 27], y=75.0, edge_attr=[27, 5], custom_label=0.7894737, min_label=0, max_label=95, instance_name='p10.txt');0.7894737124443054;0.8261744976043701;0.7973338961601257;0.6659550070762634
Data(x=[27, 7], edge_index=[2, 27], y=74.0, edge_attr=[27, 5], custom_label=0.77894735, min_label=0, max_label=95, instance_name='p10.txt');0.7789473533630371;0.8261744976043701;0.7973338961601257;0.6659550070762634
Data(x=[27, 7], edge_index=[2, 27], y=73.0, edge_attr=[27, 5], custom_label=0.76842105, min_label=0, max_label=95, instance_name='p10.txt');0.7684210538864136;0.8261744976043701;0.7973338961601257;0.6659550070762634
Data(x=[27, 7], edge_index=[2, 27], y=72.0, edge_attr=[27, 5], custom_label=0.75789475, min_label=0, max_label=95, instance_name='p10.txt');0.75789475440979;0.8261744976043701;0.7973338961601257;0.6659550070762634
Data(x=[27, 7], edge_index=[2, 27], y=71.0, edge_attr=[27, 5], custom_label=0.7473684, min_label=0, max_label=95, instance_name='p10.txt');0.7473683953285217;0.8261744976043701;0.7973338961601257;0.6659550070762634
Data(x=[27, 7], edge_index=[2, 27], y=70.0, edge_attr=[27, 5], custom_label=0.7368421, min_label=0, max_label=95, instance_name='p10.txt');0.7368420958518982;0.8261744976043701;0.7973338961601257;0.6659550070762634
Data(x=[27, 7], edge_index=[2, 27], y=69.0, edge_attr=[27, 5], custom_label=0.7263158, min_label=0, max_label=95, instance_name='p10.txt');0.7263157963752747;0.8261744976043701;0.7973338961601257;0.6659550070762634
Data(x=[27, 7], edge_index=[2, 27], y=68.0, edge_attr=[27, 5], custom_label=0.7157895, min_label=0, max_label=95, instance_name='p10.txt');0.7157894968986511;0.8261744976043701;0.7973338961601257;0.6659550070762634
Data(x=[27, 7], edge_index=[2, 27], y=67.0, edge_attr=[27, 5], custom_label=0.70526314, min_label=0, max_label=95, instance_name='p10.txt');0.7052631378173828;0.8261744976043701;0.7973338961601257;0.6659550070762634
Data(x=[27, 7], edge_index=[2, 27], y=66.0, edge_attr=[27, 5], custom_label=0.69473684, min_label=0, max_label=95, instance_name='p10.txt');0.6947368383407593;0.8261744976043701;0.7973338961601257;0.6659550070762634
Data(x=[27, 7], edge_index=[2, 27], y=65.0, edge_attr=[27, 5], custom_label=0.68421054, min_label=0, max_label=95, instance_name='p10.txt');0.6842105388641357;0.8261744976043701;0.7973338961601257;0.6659550070762634
Data(x=[27, 7], edge_index=[2, 27], y=64.0, edge_attr=[27, 5], custom_label=0.67368424, min_label=0, max_label=95, instance_name='p10.txt');0.6736842393875122;0.8261744976043701;0.7973338961601257;0.6659550070762634
Data(x=[27, 7], edge_index=[2, 27], y=63.0, edge_attr=[27, 5], custom_label=0.6631579, min_label=0, max_label=95, instance_name='p10.txt');0.6631578803062439;0.8261744976043701;0.7973338961601257;0.6659550070762634
Data(x=[27, 7], edge_index=[2, 27], y=62.0, edge_attr=[27, 5], custom_label=0.6526316, min_label=0, max_label=95, instance_name='p10.txt');0.6526315808296204;0.8261744976043701;0.7973338961601257;0.6659550070762634
Data(x=[27, 7], edge_index=[2, 27], y=61.0, edge_attr=[27, 5], custom_label=0.6421053, min_label=0, max_label=95, instance_name='p10.txt');0.6421052813529968;0.8261744976043701;0.7973338961601257;0.6659550070762634
Data(x=[27, 7], edge_index=[2, 27], y=60.0, edge_attr=[27, 5], custom_label=0.6315789, min_label=0, max_label=95, instance_name='p10.txt');0.6315789222717285;0.8261744976043701;0.7973338961601257;0.6659550070762634
Data(x=[27, 7], edge_index=[2, 27], y=59.0, edge_attr=[27, 5], custom_label=0.6210526, min_label=0, max_label=95, instance_name='p10.txt');0.621052622795105;0.8261744976043701;0.7973338961601257;0.6659550070762634
Data(x=[27, 7], edge_index=[2, 27], y=58.0, edge_attr=[27, 5], custom_label=0.6105263, min_label=0, max_label=95, instance_name='p10.txt');0.6105263233184814;0.8261744976043701;0.7973338961601257;0.6659550070762634
Data(x=[27, 7], edge_index=[2, 27], y=57.0, edge_attr=[27, 5], custom_label=0.6, min_label=0, max_label=95, instance_name='p10.txt');0.6000000238418579;0.8261744976043701;0.7973338961601257;0.6659550070762634
Data(x=[28, 7], edge_index=[2, 2], edge_attr=[2, 5], y=56.0, custom_label=0.58947366, min_label=0, max_label=95, instance_name='p10.txt');0.5894736647605896;0.5274394750595093;0.49941131472587585;0.12605628371238708
Data(x=[28, 7], edge_index=[2, 2], edge_attr=[2, 5], y=55.0, custom_label=0.57894737, min_label=0, max_label=95, instance_name='p10.txt');0.5789473652839661;0.5274394750595093;0.49941131472587585;0.12605628371238708
Data(x=[28, 7], edge_index=[2, 2], edge_attr=[2, 5], y=54.0, custom_label=0.56842107, min_label=0, max_label=95, instance_name='p10.txt');0.5684210658073425;0.5274394750595093;0.49941131472587585;0.12605628371238708
Data(x=[28, 7], edge_index=[2, 2], edge_attr=[2, 5], y=53.0, custom_label=0.55789477, min_label=0, max_label=95, instance_name='p10.txt');0.557894766330719;0.5274394750595093;0.49941131472587585;0.12605628371238708
Data(x=[28, 7], edge_index=[2, 2], edge_attr=[2, 5], y=52.0, custom_label=0.5473684, min_label=0, max_label=95, instance_name='p10.txt');0.5473684072494507;0.5274394750595093;0.49941131472587585;0.12605628371238708
Data(x=[27, 7], edge_index=[2, 27], y=51.0, edge_attr=[27, 5], custom_label=0.5368421, min_label=0, max_label=95, instance_name='p10.txt');0.5368421077728271;0.8261744976043701;0.7973338961601257;0.6659550070762634
Data(x=[27, 7], edge_index=[2, 27], y=50.0, edge_attr=[27, 5], custom_label=0.5263158, min_label=0, max_label=95, instance_name='p10.txt');0.5263158082962036;0.8261744976043701;0.7973338961601257;0.6659550070762634
Data(x=[27, 7], edge_index=[2, 27], y=49.0, edge_attr=[27, 5], custom_label=0.51578945, min_label=0, max_label=95, instance_name='p10.txt');0.5157894492149353;0.8261744976043701;0.7973338961601257;0.6659550070762634
Data(x=[27, 7], edge_index=[2, 27], y=48.0, edge_attr=[27, 5], custom_label=0.50526315, min_label=0, max_label=95, instance_name='p10.txt');0.5052631497383118;0.8261744976043701;0.7973338961601257;0.6659550070762634
Data(x=[27, 7], edge_index=[2, 27], y=47.0, edge_attr=[27, 5], custom_label=0.49473685, min_label=0, max_label=95, instance_name='p10.txt');0.49473685026168823;0.8261744976043701;0.7973338961601257;0.6659550070762634
Data(x=[27, 7], edge_index=[2, 27], y=46.0, edge_attr=[27, 5], custom_label=0.48421052, min_label=0, max_label=95, instance_name='p10.txt');0.4842105209827423;0.8261744976043701;0.7973338961601257;0.6659550070762634
Data(x=[27, 7], edge_index=[2, 27], y=45.0, edge_attr=[27, 5], custom_label=0.47368422, min_label=0, max_label=95, instance_name='p10.txt');0.4736842215061188;0.8261744976043701;0.7973338961601257;0.6659550070762634
Data(x=[28, 7], edge_index=[2, 2], edge_attr=[2, 5], y=44.0, custom_label=0.4631579, min_label=0, max_label=95, instance_name='p10.txt');0.46315789222717285;0.5274394750595093;0.49941131472587585;0.12605628371238708
Data(x=[28, 7], edge_index=[2, 2], edge_attr=[2, 5], y=43.0, custom_label=0.4526316, min_label=0, max_label=95, instance_name='p10.txt');0.4526315927505493;0.5274394750595093;0.49941131472587585;0.12605628371238708
Data(x=[28, 7], edge_index=[2, 2], edge_attr=[2, 5], y=42.0, custom_label=0.44210526, min_label=0, max_label=95, instance_name='p10.txt');0.4421052634716034;0.5274394750595093;0.49941131472587585;0.12605628371238708
Data(x=[28, 7], edge_index=[2, 2], edge_attr=[2, 5], y=41.0, custom_label=0.43157893, min_label=0, max_label=95, instance_name='p10.txt');0.43157893419265747;0.5274394750595093;0.49941131472587585;0.12605628371238708
Data(x=[28, 7], edge_index=[2, 2], edge_attr=[2, 5], y=40.0, custom_label=0.42105263, min_label=0, max_label=95, instance_name='p10.txt');0.42105263471603394;0.5274394750595093;0.49941131472587585;0.12605628371238708
Data(x=[28, 7], edge_index=[2, 2], edge_attr=[2, 5], y=39.0, custom_label=0.4105263, min_label=0, max_label=95, instance_name='p10.txt');0.410526305437088;0.5274394750595093;0.49941131472587585;0.12605628371238708
Data(x=[28, 7], edge_index=[2, 2], edge_attr=[2, 5], y=38.0, custom_label=0.4, min_label=0, max_label=95, instance_name='p10.txt');0.4000000059604645;0.5274394750595093;0.49941131472587585;0.12605628371238708
Data(x=[28, 7], edge_index=[2, 2], edge_attr=[2, 5], y=37.0, custom_label=0.38947368, min_label=0, max_label=95, instance_name='p10.txt');0.38947367668151855;0.5274394750595093;0.49941131472587585;0.12605628371238708
Data(x=[28, 7], edge_index=[2, 2], edge_attr=[2, 5], y=36.0, custom_label=0.37894738, min_label=0, max_label=95, instance_name='p10.txt');0.378947377204895;0.5274394750595093;0.49941131472587585;0.12605628371238708
Data(x=[28, 7], edge_index=[2, 2], edge_attr=[2, 5], y=35.0, custom_label=0.36842105, min_label=0, max_label=95, instance_name='p10.txt');0.3684210479259491;0.5274394750595093;0.49941131472587585;0.12605628371238708
Data(x=[28, 7], edge_index=[2, 2], edge_attr=[2, 5], y=34.0, custom_label=0.35789475, min_label=0, max_label=95, instance_name='p10.txt');0.35789474844932556;0.5274394750595093;0.49941131472587585;0.12605628371238708
Data(x=[28, 7], edge_index=[2, 2], edge_attr=[2, 5], y=33.0, custom_label=0.34736842, min_label=0, max_label=95, instance_name='p10.txt');0.34736841917037964;0.5274394750595093;0.49941131472587585;0.12605628371238708
Data(x=[28, 7], edge_index=[2, 2], edge_attr=[2, 5], y=32.0, custom_label=0.33684212, min_label=0, max_label=95, instance_name='p10.txt');0.3368421196937561;0.5274394750595093;0.49941131472587585;0.12605628371238708
Data(x=[28, 7], edge_index=[2, 2], edge_attr=[2, 5], y=31.0, custom_label=0.3263158, min_label=0, max_label=95, instance_name='p10.txt');0.3263157904148102;0.5274394750595093;0.49941131472587585;0.12605628371238708
Data(x=[28, 7], edge_index=[2, 2], edge_attr=[2, 5], y=30.0, custom_label=0.31578946, min_label=0, max_label=95, instance_name='p10.txt');0.31578946113586426;0.5274394750595093;0.49941131472587585;0.12605628371238708
Data(x=[28, 7], edge_index=[2, 2], edge_attr=[2, 5], y=29.0, custom_label=0.30526316, min_label=0, max_label=95, instance_name='p10.txt');0.3052631616592407;0.5274394750595093;0.49941131472587585;0.12605628371238708
Data(x=[29, 7], edge_index=[2, 4], edge_attr=[4, 5], y=28.0, custom_label=0.29473683, min_label=0, max_label=95, instance_name='p10.txt');0.2947368323802948;0.29429423809051514;0.3715803623199463;0.12605628371238708
Data(x=[29, 7], edge_index=[2, 4], edge_attr=[4, 5], y=27.0, custom_label=0.28421053, min_label=0, max_label=95, instance_name='p10.txt');0.28421053290367126;0.29429423809051514;0.3715803623199463;0.12605628371238708
Data(x=[29, 7], edge_index=[2, 4], edge_attr=[4, 5], y=26.0, custom_label=0.2736842, min_label=0, max_label=95, instance_name='p10.txt');0.27368420362472534;0.29429423809051514;0.3715803623199463;0.12605628371238708
Data(x=[29, 7], edge_index=[2, 4], edge_attr=[4, 5], y=25.0, custom_label=0.2631579, min_label=0, max_label=95, instance_name='p10.txt');0.2631579041481018;0.29429423809051514;0.3715803623199463;0.12605628371238708
Data(x=[29, 7], edge_index=[2, 4], edge_attr=[4, 5], y=24.0, custom_label=0.25263157, min_label=0, max_label=95, instance_name='p10.txt');0.2526315748691559;0.29429423809051514;0.3715803623199463;0.12605628371238708
Data(x=[29, 7], edge_index=[2, 4], edge_attr=[4, 5], y=23.0, custom_label=0.24210526, min_label=0, max_label=95, instance_name='p10.txt');0.24210526049137115;0.29429423809051514;0.3715803623199463;0.12605628371238708
Data(x=[29, 7], edge_index=[2, 4], edge_attr=[4, 5], y=22.0, custom_label=0.23157895, min_label=0, max_label=95, instance_name='p10.txt');0.23157894611358643;0.29429423809051514;0.3715803623199463;0.12605628371238708
Data(x=[29, 7], edge_index=[2, 4], edge_attr=[4, 5], y=21.0, custom_label=0.22105263, min_label=0, max_label=95, instance_name='p10.txt');0.2210526317358017;0.29429423809051514;0.3715803623199463;0.12605628371238708
Data(x=[29, 7], edge_index=[2, 4], edge_attr=[4, 5], y=20.0, custom_label=0.21052632, min_label=0, max_label=95, instance_name='p10.txt');0.21052631735801697;0.29429423809051514;0.3715803623199463;0.12605628371238708
Data(x=[29, 7], edge_index=[2, 4], edge_attr=[4, 5], y=19.0, custom_label=0.2, min_label=0, max_label=95, instance_name='p10.txt');0.20000000298023224;0.29429423809051514;0.3715803623199463;0.12605628371238708
Data(x=[29, 7], edge_index=[2, 4], edge_attr=[4, 5], y=18.0, custom_label=0.18947369, min_label=0, max_label=95, instance_name='p10.txt');0.1894736886024475;0.29429423809051514;0.3715803623199463;0.12605628371238708
Data(x=[29, 7], edge_index=[2, 4], edge_attr=[4, 5], y=17.0, custom_label=0.17894737, min_label=0, max_label=95, instance_name='p10.txt');0.17894737422466278;0.29429423809051514;0.3715803623199463;0.12605628371238708
Data(x=[29, 7], edge_index=[2, 4], edge_attr=[4, 5], y=16.0, custom_label=0.16842106, min_label=0, max_label=95, instance_name='p10.txt');0.16842105984687805;0.29429423809051514;0.3715803623199463;0.12605628371238708
Data(x=[29, 7], edge_index=[2, 4], edge_attr=[4, 5], y=15.0, custom_label=0.15789473, min_label=0, max_label=95, instance_name='p10.txt');0.15789473056793213;0.29429423809051514;0.3715803623199463;0.12605628371238708
Data(x=[29, 7], edge_index=[2, 4], edge_attr=[4, 5], y=14.0, custom_label=0.14736842, min_label=0, max_label=95, instance_name='p10.txt');0.1473684161901474;0.29429423809051514;0.3715803623199463;0.12605628371238708
Data(x=[29, 7], edge_index=[2, 4], edge_attr=[4, 5], y=13.0, custom_label=0.1368421, min_label=0, max_label=95, instance_name='p10.txt');0.13684210181236267;0.29429423809051514;0.3715803623199463;0.12605628371238708
Data(x=[30, 7], edge_index=[2, 6], edge_attr=[6, 5], y=12.0, custom_label=0.12631579, min_label=0, max_label=95, instance_name='p10.txt');0.12631578743457794;0.13202761113643646;0.16575194895267487;0.12605628371238708
Data(x=[30, 7], edge_index=[2, 6], edge_attr=[6, 5], y=11.0, custom_label=0.11578947, min_label=0, max_label=95, instance_name='p10.txt');0.11578947305679321;0.13202759623527527;0.16575194895267487;0.12605628371238708
Data(x=[30, 7], edge_index=[2, 6], edge_attr=[6, 5], y=10.0, custom_label=0.10526316, min_label=0, max_label=95, instance_name='p10.txt');0.10526315867900848;0.13202761113643646;0.16575194895267487;0.12605628371238708
Data(x=[30, 7], edge_index=[2, 6], edge_attr=[6, 5], y=9.0, custom_label=0.094736844, min_label=0, max_label=95, instance_name='p10.txt');0.09473684430122375;0.13202759623527527;0.16575194895267487;0.12605628371238708
Data(x=[30, 7], edge_index=[2, 6], edge_attr=[6, 5], y=8.0, custom_label=0.08421053, min_label=0, max_label=95, instance_name='p10.txt');0.08421052992343903;0.13202761113643646;0.16575194895267487;0.12605628371238708
Data(x=[30, 7], edge_index=[2, 6], edge_attr=[6, 5], y=7.0, custom_label=0.07368421, min_label=0, max_label=95, instance_name='p10.txt');0.0736842080950737;0.13202759623527527;0.16575194895267487;0.12605628371238708
Data(x=[30, 7], edge_index=[2, 6], edge_attr=[6, 5], y=6.0, custom_label=0.06315789, min_label=0, max_label=95, instance_name='p10.txt');0.06315789371728897;0.13202759623527527;0.16575194895267487;0.12605628371238708
Data(x=[30, 7], edge_index=[2, 6], edge_attr=[6, 5], y=5.0, custom_label=0.05263158, min_label=0, max_label=95, instance_name='p10.txt');0.05263157933950424;0.13202759623527527;0.16575194895267487;0.12605628371238708
Data(x=[30, 7], edge_index=[2, 6], edge_attr=[6, 5], y=4.0, custom_label=0.042105265, min_label=0, max_label=95, instance_name='p10.txt');0.04210526496171951;0.13202761113643646;0.16575194895267487;0.12605628371238708
Data(x=[30, 7], edge_index=[2, 6], edge_attr=[6, 5], y=3.0, custom_label=0.031578947, min_label=0, max_label=95, instance_name='p10.txt');0.031578946858644485;0.13202759623527527;0.16575191915035248;0.12605628371238708
Data(x=[30, 7], edge_index=[2, 6], edge_attr=[6, 5], y=2.0, custom_label=0.021052632, min_label=0, max_label=95, instance_name='p10.txt');0.021052632480859756;0.13202759623527527;0.16575191915035248;0.12605628371238708
Data(x=[30, 7], edge_index=[2, 6], edge_attr=[6, 5], y=1.0, custom_label=0.010526316, min_label=0, max_label=95, instance_name='p10.txt');0.010526316240429878;0.13202761113643646;0.16575194895267487;0.12605628371238708
Data(x=[31, 7], edge_index=[2, 8], edge_attr=[8, 5], y=0.0, custom_label=0.0, min_label=0, max_label=95, instance_name='p10.txt');0.0;0.0008755582966841757;0.00028428094810806215;0.12605628371238708
Data(x=[21, 7], edge_index=[2, 14], edge_attr=[14, 5], y=0.0, custom_label=0.0, min_label=0, max_label=95, instance_name='p10.txt');0.0;0.00021945021580904722;0.00030222791247069836;4.177625259615958e-11
Data(x=[22, 7], edge_index=[2, 12], edge_attr=[12, 5], y=0.0, custom_label=0.0, min_label=0, max_label=95, instance_name='p10.txt');0.0;3.237465716665611e-05;2.4786528229014948e-05;1.272016470466042e-05
Data(x=[22, 7], edge_index=[2, 16], edge_attr=[16, 5], y=0.0, custom_label=0.0, min_label=0, max_label=95, instance_name='p10.txt');0.0;0.0010123227257281542;0.0009635451133362949;0.12605628371238708
Data(x=[19, 7], edge_index=[2, 12], edge_attr=[12, 5], y=0.0, custom_label=0.0, min_label=0, max_label=95, instance_name='p10.txt');0.0;0.00022754658129997551;0.0010289124911651015;0.12605628371238708
Data(x=[39, 7], edge_index=[2, 12], edge_attr=[12, 5], y=2.0, custom_label=0.33333334, min_label=0, max_label=6, instance_name='p11.txt');0.3333333432674408;0.1701083779335022;0.15267638862133026;1.6836214854265563e-05
Data(x=[39, 7], edge_index=[2, 12], edge_attr=[12, 5], y=1.0, custom_label=0.16666667, min_label=0, max_label=6, instance_name='p11.txt');0.1666666716337204;0.1701083779335022;0.15267638862133026;1.6836214854265563e-05
Data(x=[40, 7], edge_index=[2, 14], edge_attr=[14, 5], y=0.0, custom_label=0.0, min_label=0, max_label=6, instance_name='p11.txt');0.0;0.0021256336476653814;0.0005818772478960454;1.6836214854265563e-05
Data(x=[42, 7], edge_index=[2, 14], edge_attr=[14, 5], y=0.0, custom_label=0.0, min_label=0, max_label=6, instance_name='p11.txt');0.0;0.0007059906492941082;0.00017683599435258657;0.12605628371238708
Data(x=[40, 7], edge_index=[2, 12], edge_attr=[12, 5], y=1.0, custom_label=0.16666667, min_label=0, max_label=6, instance_name='p11.txt');0.1666666716337204;0.12277832627296448;0.05533207952976227;0.12605628371238708
Data(x=[40, 7], edge_index=[2, 12], edge_attr=[12, 5], y=0.0, custom_label=0.0, min_label=0, max_label=6, instance_name='p11.txt');0.0;0.0006969718378968537;0.00014210572408046573;0.12605628371238708
Data(x=[38, 7], edge_index=[2, 12], edge_attr=[12, 5], y=0.0, custom_label=0.0, min_label=0, max_label=6, instance_name='p11.txt');0.0;0.0005654524429701269;0.00012700754450634122;0.12605628371238708
Data(x=[40, 7], edge_index=[2, 14], edge_attr=[14, 5], y=0.0, custom_label=0.0, min_label=0, max_label=6, instance_name='p11.txt');0.0;0.0021256336476653814;0.0005818778299726546;0.12605628371238708
Data(x=[40, 7], edge_index=[2, 14], edge_attr=[14, 5], y=0.0, custom_label=0.0, min_label=0, max_label=6, instance_name='p11.txt');0.0;0.0021256336476653814;0.0005818772478960454;0.12605628371238708
Data(x=[39, 7], edge_index=[2, 14], edge_attr=[14, 5], y=0.0, custom_label=0.0, min_label=0, max_label=6, instance_name='p11.txt');0.0;0.0019787722267210484;0.000571176060475409;0.12605628371238708
Data(x=[38, 7], edge_index=[2, 16], edge_attr=[16, 5], y=0.0, custom_label=0.0, min_label=0, max_label=6, instance_name='p11.txt');0.0;0.0004779212176799774;0.00016587784921284765;0.12605628371238708
Data(x=[44, 7], edge_index=[2, 14], edge_attr=[14, 5], y=0.0, custom_label=0.0, min_label=0, max_label=6, instance_name='p11.txt');0.0;0.000845216796733439;0.0001929223071783781;0.12605628371238708
Data(x=[41, 7], edge_index=[2, 14], edge_attr=[14, 5], y=0.0, custom_label=0.0, min_label=0, max_label=6, instance_name='p11.txt');0.0;0.000782538263592869;0.00017006979032885283;1.6836214854265563e-05
Data(x=[37, 7], edge_index=[2, 16], edge_attr=[16, 5], y=0.0, custom_label=0.0, min_label=0, max_label=6, instance_name='p11.txt');0.0;0.00042590140947140753;0.00015723657270427793;0.12605628371238708
Data(x=[43, 7], edge_index=[2, 14], edge_attr=[14, 5], y=0.0, custom_label=0.0, min_label=0, max_label=6, instance_name='p11.txt');0.0;0.0007740938453935087;0.00018489117792341858;0.12605628371238708
Data(x=[40, 7], edge_index=[2, 10], edge_attr=[10, 5], y=0.0, custom_label=0.0, min_label=0, max_label=6, instance_name='p11.txt');0.0;0.0020353146828711033;0.0004480046045500785;0.12605628371238708
Data(x=[46, 7], edge_index=[2, 8], edge_attr=[8, 5], y=6.0, custom_label=1.0, min_label=0, max_label=6, instance_name='p11.txt');1.0;0.14414317905902863;0.1139630675315857;0.12605628371238708
Data(x=[46, 7], edge_index=[2, 8], edge_attr=[8, 5], y=5.0, custom_label=0.8333333, min_label=0, max_label=6, instance_name='p11.txt');0.8333333134651184;0.14414317905902863;0.1139630675315857;0.12605628371238708
Data(x=[46, 7], edge_index=[2, 8], edge_attr=[8, 5], y=4.0, custom_label=0.6666667, min_label=0, max_label=6, instance_name='p11.txt');0.6666666865348816;0.14414314925670624;0.1139630675315857;0.12605628371238708
Data(x=[46, 7], edge_index=[2, 8], edge_attr=[8, 5], y=3.0, custom_label=0.5, min_label=0, max_label=6, instance_name='p11.txt');0.5;0.14414317905902863;0.1139630675315857;0.12605628371238708
Data(x=[46, 7], edge_index=[2, 8], edge_attr=[8, 5], y=2.0, custom_label=0.33333334, min_label=0, max_label=6, instance_name='p11.txt');0.3333333432674408;0.14414317905902863;0.1139630675315857;0.12605628371238708
Data(x=[46, 7], edge_index=[2, 8], edge_attr=[8, 5], y=1.0, custom_label=0.16666667, min_label=0, max_label=6, instance_name='p11.txt');0.1666666716337204;0.14770013093948364;0.1247844398021698;0.12605628371238708
Data(x=[47, 7], edge_index=[2, 10], edge_attr=[10, 5], y=0.0, custom_label=0.0, min_label=0, max_label=6, instance_name='p11.txt');0.0;0.004034918267279863;0.0010089321294799447;0.12605628371238708
Data(x=[40, 7], edge_index=[2, 12], edge_attr=[12, 5], y=0.0, custom_label=0.0, min_label=0, max_label=6, instance_name='p11.txt');0.0;0.0020799855701625347;0.0005105746095068753;0.12605628371238708
Data(x=[39, 7], edge_index=[2, 16], edge_attr=[16, 5], y=0.0, custom_label=0.0, min_label=0, max_label=6, instance_name='p11.txt');0.0;0.0006563578499481082;0.0001759331935318187;3.764807843253948e-05
Data(x=[40, 7], edge_index=[2, 16], edge_attr=[16, 5], y=0.0, custom_label=0.0, min_label=0, max_label=6, instance_name='p11.txt');0.0;0.004521594848483801;0.0010635204380378127;0.12605628371238708
Data(x=[38, 7], edge_index=[2, 12], edge_attr=[12, 5], y=1.0, custom_label=0.16666667, min_label=0, max_label=6, instance_name='p11.txt');0.1666666716337204;0.14917944371700287;0.12176448851823807;0.12605628371238708
Data(x=[39, 7], edge_index=[2, 14], edge_attr=[14, 5], y=0.0, custom_label=0.0, min_label=0, max_label=6, instance_name='p11.txt');0.0;0.0005219138110987842;0.00015260906366165727;0.12605628371238708
Data(x=[45, 7], edge_index=[2, 10], edge_attr=[10, 5], y=0.0, custom_label=0.0, min_label=0, max_label=6, instance_name='p11.txt');0.0;0.003657782915979624;0.0010011876001954079;0.12605628371238708
Data(x=[40, 7], edge_index=[2, 12], edge_attr=[12, 5], y=0.0, custom_label=0.0, min_label=0, max_label=6, instance_name='p11.txt');0.0;0.000568050192669034;0.0001409880496794358;0.12605628371238708
Data(x=[43, 7], edge_index=[2, 10], edge_attr=[10, 5], y=0.0, custom_label=0.0, min_label=0, max_label=6, instance_name='p11.txt');0.0;0.0024876927491277456;0.00047989064478315413;0.12605628371238708
Data(x=[37, 7], edge_index=[2, 14], edge_attr=[14, 5], y=0.0, custom_label=0.0, min_label=0, max_label=6, instance_name='p11.txt');0.0;0.0037392391823232174;0.0009144258219748735;0.12605628371238708
Data(x=[43, 7], edge_index=[2, 14], edge_attr=[14, 5], y=0.0, custom_label=0.0, min_label=0, max_label=6, instance_name='p11.txt');0.0;0.0007740946020931005;0.00018489117792341858;0.12605628371238708
Data(x=[50, 7], edge_index=[2, 14], edge_attr=[14, 5], y=0.0, custom_label=0.0, min_label=0, max_label=6, instance_name='p11.txt');0.0;0.0013301381841301918;0.0002402510872343555;0.12605628371238708
Data(x=[42, 7], edge_index=[2, 14], edge_attr=[14, 5], y=0.0, custom_label=0.0, min_label=0, max_label=6, instance_name='p11.txt');0.0;0.0007059906492941082;0.00017683599435258657;1.6133069948409684e-05
Data(x=[34, 7], edge_index=[2, 10], edge_attr=[10, 5], y=0.0, custom_label=0.0, min_label=0, max_label=6, instance_name='p11.txt');0.0;0.0012353872880339622;0.0003764885477721691;0.12605628371238708
Data(x=[42, 7], edge_index=[2, 16], edge_attr=[16, 5], y=0.0, custom_label=0.0, min_label=0, max_label=6, instance_name='p11.txt');0.0;0.0008737685275264084;0.0002018016966758296;0.12605628371238708
Data(x=[48, 7], edge_index=[2, 12], edge_attr=[12, 5], y=0.0, custom_label=0.0, min_label=0, max_label=6, instance_name='p11.txt');0.0;0.003347001736983657;0.0005887375446036458;0.12605628371238708
Data(x=[43, 7], edge_index=[2, 14], edge_attr=[14, 5], y=0.0, custom_label=0.0, min_label=0, max_label=6, instance_name='p11.txt');0.0;0.0007740946020931005;0.00018489117792341858;0.12605628371238708
Data(x=[46, 7], edge_index=[2, 20], edge_attr=[20, 5], y=0.0, custom_label=0.0, min_label=0, max_label=6, instance_name='p11.txt');0.0;0.0019927637185901403;0.0004431248817127198;0.12605628371238708
Data(x=[41, 7], edge_index=[2, 12], edge_attr=[12, 5], y=0.0, custom_label=0.0, min_label=0, max_label=6, instance_name='p11.txt');0.0;0.0006289868615567684;0.00014854995242785662;0.12605628371238708
Data(x=[34, 7], edge_index=[2, 12], edge_attr=[12, 5], y=0.0, custom_label=0.0, min_label=0, max_label=6, instance_name='p11.txt');0.0;0.00027427077293395996;9.660731302574277e-05;0.12605628371238708
Data(x=[43, 7], edge_index=[2, 18], edge_attr=[18, 5], y=0.0, custom_label=0.0, min_label=0, max_label=6, instance_name='p11.txt');0.0;0.0008048919844441116;0.00023581701680086553;0.12605628371238708
Data(x=[42, 7], edge_index=[2, 14], edge_attr=[14, 5], y=1.0, custom_label=0.16666667, min_label=0, max_label=6, instance_name='p11.txt');0.1666666716337204;0.1607455164194107;0.11226854473352432;0.12605628371238708
Data(x=[43, 7], edge_index=[2, 16], edge_attr=[16, 5], y=0.0, custom_label=0.0, min_label=0, max_label=6, instance_name='p11.txt');0.0;0.0007888505351729691;0.00020880759984720498;0.12605628371238708
Data(x=[36, 7], edge_index=[2, 10], edge_attr=[10, 5], y=0.0, custom_label=0.0, min_label=0, max_label=6, instance_name='p11.txt');0.0;0.0014848539140075445;0.00040153806912712753;0.12605628371238708
Data(x=[41, 7], edge_index=[2, 12], edge_attr=[12, 5], y=0.0, custom_label=0.0, min_label=0, max_label=6, instance_name='p11.txt');0.0;0.0029813970904797316;0.001117388135753572;0.12605628371238708
Data(x=[44, 7], edge_index=[2, 16], edge_attr=[16, 5], y=0.0, custom_label=0.0, min_label=0, max_label=6, instance_name='p11.txt');0.0;0.0008602323941886425;0.00021727575222030282;0.12605628371238708
Data(x=[37, 7], edge_index=[2, 8], edge_attr=[8, 5], y=0.0, custom_label=0.0, min_label=0, max_label=6, instance_name='p11.txt');0.0;0.001576832728460431;0.0003590825363062322;0.12605628371238708
Data(x=[36, 7], edge_index=[2, 14], edge_attr=[14, 5], y=0.0, custom_label=0.0, min_label=0, max_label=6, instance_name='p11.txt');0.0;0.0003676828055176884;0.00012850570783484727;0.12605628371238708
Data(x=[38, 7], edge_index=[2, 16], edge_attr=[16, 5], y=0.0, custom_label=0.0, min_label=0, max_label=6, instance_name='p11.txt');0.0;0.0018808695022016764;0.0006427488988265395;0.12605628371238708
Data(x=[45, 7], edge_index=[2, 14], edge_attr=[14, 5], y=0.0, custom_label=0.0, min_label=0, max_label=6, instance_name='p11.txt');0.0;0.0009192706784233451;0.0002009221352636814;0.12605628371238708
Data(x=[38, 7], edge_index=[2, 12], edge_attr=[12, 5], y=0.0, custom_label=0.0, min_label=0, max_label=6, instance_name='p11.txt');0.0;0.0017928716260939837;0.0004881152999587357;0.12605628371238708
Data(x=[40, 7], edge_index=[2, 10], edge_attr=[10, 5], y=0.0, custom_label=0.0, min_label=0, max_label=6, instance_name='p11.txt');0.0;0.0020353146828711033;0.0004480046045500785;0.12605628371238708
Data(x=[39, 7], edge_index=[2, 12], edge_attr=[12, 5], y=0.0, custom_label=0.0, min_label=0, max_label=6, instance_name='p11.txt');0.0;0.0005104031297378242;0.00013345296611078084;0.12605628371238708
Data(x=[41, 7], edge_index=[2, 16], edge_attr=[16, 5], y=0.0, custom_label=0.0, min_label=0, max_label=6, instance_name='p11.txt');0.0;0.0006550651742145419;0.00019172979227732867;1.173686541733332e-05
Data(x=[41, 7], edge_index=[2, 16], edge_attr=[16, 5], y=0.0, custom_label=0.0, min_label=0, max_label=6, instance_name='p11.txt');0.0;0.0006550651742145419;0.00019172979227732867;0.12605628371238708
Data(x=[34, 7], edge_index=[2, 12], edge_attr=[12, 5], y=0.0, custom_label=0.0, min_label=0, max_label=6, instance_name='p11.txt');0.0;0.0012689545983448625;0.00043908884981647134;0.12605628371238708
Data(x=[40, 7], edge_index=[2, 12], edge_attr=[12, 5], y=0.0, custom_label=0.0, min_label=0, max_label=6, instance_name='p11.txt');0.0;0.00207998463883996;0.0005105746095068753;0.12605628371238708
Data(x=[41, 7], edge_index=[2, 10], edge_attr=[10, 5], y=1.0, custom_label=0.16666667, min_label=0, max_label=6, instance_name='p11.txt');0.1666666716337204;0.13697996735572815;0.09983313828706741;0.12605628371238708
Data(x=[42, 7], edge_index=[2, 12], edge_attr=[12, 5], y=0.0, custom_label=0.0, min_label=0, max_label=6, instance_name='p11.txt');0.0;0.0006930840900167823;0.0001561280369060114;0.12605628371238708
Data(x=[36, 7], edge_index=[2, 18], edge_attr=[18, 5], y=0.0, custom_label=0.0, min_label=0, max_label=6, instance_name='p11.txt');0.0;0.0008717488381080329;0.0002905464789364487;0.12605628371238708
Data(x=[39, 7], edge_index=[2, 12], edge_attr=[12, 5], y=0.0, custom_label=0.0, min_label=0, max_label=6, instance_name='p11.txt');0.0;0.0023779133334755898;0.0005035671638324857;0.12605628371238708
Data(x=[35, 7], edge_index=[2, 16], edge_attr=[16, 5], y=0.0, custom_label=0.0, min_label=0, max_label=6, instance_name='p11.txt');0.0;0.002053553005680442;0.0014878864167258143;1.6836214854265563e-05
Data(x=[36, 7], edge_index=[2, 14], edge_attr=[14, 5], y=0.0, custom_label=0.0, min_label=0, max_label=6, instance_name='p11.txt');0.0;0.0015619597397744656;0.0005369057762436569;0.12605628371238708
Data(x=[40, 7], edge_index=[2, 16], edge_attr=[16, 5], y=0.0, custom_label=0.0, min_label=0, max_label=6, instance_name='p11.txt');0.0;0.0010082023218274117;0.0005517140962183475;0.12605628371238708
Data(x=[38, 7], edge_index=[2, 10], edge_attr=[10, 5], y=0.0, custom_label=0.0, min_label=0, max_label=6, instance_name='p11.txt');0.0;0.0023970238398760557;0.0009683453245088458;0.12605628371238708
Data(x=[40, 7], edge_index=[2, 12], edge_attr=[12, 5], y=0.0, custom_label=0.0, min_label=0, max_label=6, instance_name='p11.txt');0.0;0.0020799855701625347;0.0005105746095068753;0.12605628371238708
Data(x=[42, 7], edge_index=[2, 18], edge_attr=[18, 5], y=0.0, custom_label=0.0, min_label=0, max_label=6, instance_name='p11.txt');0.0;0.0014815708855167031;0.00035582209238782525;0.12605628371238708
Data(x=[34, 7], edge_index=[2, 12], edge_attr=[12, 5], y=0.0, custom_label=0.0, min_label=0, max_label=6, instance_name='p11.txt');0.0;0.00027427077293395996;9.660731302574277e-05;4.1228686313843355e-06
Data(x=[41, 7], edge_index=[2, 16], edge_attr=[16, 5], y=0.0, custom_label=0.0, min_label=0, max_label=6, instance_name='p11.txt');0.0;0.0006550648249685764;0.00019172979227732867;0.12605628371238708
Data(x=[44, 7], edge_index=[2, 16], edge_attr=[16, 5], y=0.0, custom_label=0.0, min_label=0, max_label=6, instance_name='p11.txt');0.0;0.0008602323941886425;0.00021727597049903125;0.12605628371238708
Data(x=[42, 7], edge_index=[2, 12], edge_attr=[12, 5], y=0.0, custom_label=0.0, min_label=0, max_label=6, instance_name='p11.txt');0.0;0.0006930844392627478;0.00015612819697707891;1.173686541733332e-05
Data(x=[38, 7], edge_index=[2, 12], edge_attr=[12, 5], y=0.0, custom_label=0.0, min_label=0, max_label=6, instance_name='p11.txt');0.0;0.00045644163037650287;0.00012595609587151557;0.12605628371238708
Data(x=[37, 7], edge_index=[2, 14], edge_attr=[14, 5], y=0.0, custom_label=0.0, min_label=0, max_label=6, instance_name='p11.txt');0.0;0.00041552906623110175;0.00013650659820996225;0.12605628371238708
Data(x=[45, 7], edge_index=[2, 16], edge_attr=[16, 5], y=0.0, custom_label=0.0, min_label=0, max_label=6, instance_name='p11.txt');0.0;0.0015039995778352022;0.0006014726241119206;0.12605628371238708
Data(x=[46, 7], edge_index=[2, 16], edge_attr=[16, 5], y=0.0, custom_label=0.0, min_label=0, max_label=6, instance_name='p11.txt');0.0;0.005920760333538055;0.0010803902987390757;0.12605628371238708
Data(x=[41, 7], edge_index=[2, 16], edge_attr=[16, 5], y=0.0, custom_label=0.0, min_label=0, max_label=6, instance_name='p11.txt');0.0;0.0006550648249685764;0.00019172979227732867;0.12605628371238708
Data(x=[44, 7], edge_index=[2, 18], edge_attr=[18, 5], y=0.0, custom_label=0.0, min_label=0, max_label=6, instance_name='p11.txt');0.0;0.0014232938410714269;0.000666813226416707;0.12605628371238708
Data(x=[37, 7], edge_index=[2, 12], edge_attr=[12, 5], y=0.0, custom_label=0.0, min_label=0, max_label=6, instance_name='p11.txt');0.0;0.0004057244514115155;0.00011850931332446635;0.12605628371238708
Data(x=[50, 7], edge_index=[2, 12], edge_attr=[12, 5], y=0.0, custom_label=0.0, min_label=0, max_label=6, instance_name='p11.txt');0.0;0.003683591028675437;0.0006057505961507559;0.12605628371238708
Data(x=[30, 7], edge_index=[2, 10], edge_attr=[10, 5], y=0.0, custom_label=0.0, min_label=0, max_label=6, instance_name='p11.txt');0.0;0.00014103321882430464;5.7988268963526934e-05;0.12605628371238708
Data(x=[42, 7], edge_index=[2, 14], edge_attr=[14, 5], y=0.0, custom_label=0.0, min_label=0, max_label=6, instance_name='p11.txt');0.0;0.0007059906492941082;0.00017683599435258657;0.12605628371238708
Data(x=[41, 7], edge_index=[2, 14], edge_attr=[14, 5], y=0.0, custom_label=0.0, min_label=0, max_label=6, instance_name='p11.txt');0.0;0.00064131646649912;0.00016876455629244447;0.12605628371238708
Data(x=[42, 7], edge_index=[2, 14], edge_attr=[14, 5], y=0.0, custom_label=0.0, min_label=0, max_label=6, instance_name='p11.txt');0.0;0.0024303786922246218;0.0006022860761731863;0.12605628371238708
Data(x=[37, 7], edge_index=[2, 16], edge_attr=[16, 5], y=0.0, custom_label=0.0, min_label=0, max_label=6, instance_name='p11.txt');0.0;0.0009412899962626398;0.00026210557552985847;0.12605628371238708
Data(x=[35, 7], edge_index=[2, 12], edge_attr=[12, 5], y=0.0, custom_label=0.0, min_label=0, max_label=6, instance_name='p11.txt');0.0;0.0013937855837866664;0.00045188725925982;0.12605628371238708
Data(x=[41, 7], edge_index=[2, 14], edge_attr=[14, 5], y=0.0, custom_label=0.0, min_label=0, max_label=6, instance_name='p11.txt');0.0;0.0010799107840284705;0.0004949458525516093;0.12605628371238708
Data(x=[33, 7], edge_index=[2, 12], edge_attr=[12, 5], y=0.0, custom_label=0.0, min_label=0, max_label=6, instance_name='p11.txt');0.0;0.0011519825784489512;0.00042590973316691816;0.12605628371238708
Data(x=[41, 7], edge_index=[2, 22], edge_attr=[22, 5], y=0.0, custom_label=0.0, min_label=0, max_label=6, instance_name='p11.txt');0.0;0.016729408875107765;0.008702004328370094;0.12605628371238708
Data(x=[39, 7], edge_index=[2, 16], edge_attr=[16, 5], y=0.0, custom_label=0.0, min_label=0, max_label=6, instance_name='p11.txt');0.0;0.0005336836911737919;0.00017451388703193516;0.12605628371238708
Data(x=[37, 7], edge_index=[2, 18], edge_attr=[18, 5], y=0.0, custom_label=0.0, min_label=0, max_label=6, instance_name='p11.txt');0.0;0.0009636685717850924;0.0003019033756572753;0.12605628371238708
Data(x=[39, 7], edge_index=[2, 10], edge_attr=[10, 5], y=0.0, custom_label=0.0, min_label=0, max_label=6, instance_name='p11.txt');0.0;0.0018915038090199232;0.0004368262889329344;0.12605628371238708
Data(x=[46, 7], edge_index=[2, 18], edge_attr=[18, 5], y=0.0, custom_label=0.0, min_label=0, max_label=6, instance_name='p11.txt');0.0;0.001030567567795515;0.00026222330052405596;0.12605628371238708
Data(x=[48, 7], edge_index=[2, 18], edge_attr=[18, 5], y=0.0, custom_label=0.0, min_label=0, max_label=6, instance_name='p11.txt');0.0;0.008318154141306877;0.002319033956155181;0.12605628371238708
Data(x=[41, 7], edge_index=[2, 12], edge_attr=[12, 5], y=0.0, custom_label=0.0, min_label=0, max_label=6, instance_name='p11.txt');0.0;0.0006289865705184639;0.00014854995242785662;0.12605628371238708
Data(x=[34, 7], edge_index=[2, 14], edge_attr=[14, 5], y=0.0, custom_label=0.0, min_label=0, max_label=6, instance_name='p11.txt');0.0;0.0002817303757183254;0.00011267568334005773;0.12605628371238708
Data(x=[34, 7], edge_index=[2, 18], edge_attr=[18, 5], y=0.0, custom_label=0.0, min_label=0, max_label=6, instance_name='p11.txt');0.0;0.0007025676313787699;0.0002672834671102464;4.658041689253878e-06
Data(x=[42, 7], edge_index=[2, 12], edge_attr=[12, 5], y=0.0, custom_label=0.0, min_label=0, max_label=6, instance_name='p11.txt');0.0;0.0023806614335626364;0.000531783327460289;0.12605628371238708
Data(x=[36, 7], edge_index=[2, 16], edge_attr=[16, 5], y=0.0, custom_label=0.0, min_label=0, max_label=6, instance_name='p11.txt');0.0;0.002219717251136899;0.001479022204875946;0.12605628371238708
Data(x=[34, 7], edge_index=[2, 34], y=106.0, edge_attr=[34, 5], custom_label=1.0, min_label=0, max_label=106, instance_name='p12.txt');1.0;0.7888273000717163;0.7444523572921753;0.6659550070762634
Data(x=[34, 7], edge_index=[2, 34], y=105.0, edge_attr=[34, 5], custom_label=0.990566, min_label=0, max_label=106, instance_name='p12.txt');0.9905660152435303;0.7888273000717163;0.7444523572921753;0.6659550070762634
Data(x=[34, 7], edge_index=[2, 34], y=104.0, edge_attr=[34, 5], custom_label=0.9811321, min_label=0, max_label=106, instance_name='p12.txt');0.9811320900917053;0.7888273000717163;0.7444523572921753;0.6659550070762634
Data(x=[34, 7], edge_index=[2, 34], y=103.0, edge_attr=[34, 5], custom_label=0.9716981, min_label=0, max_label=106, instance_name='p12.txt');0.9716981053352356;0.7888273000717163;0.7444523572921753;0.6659550070762634
Data(x=[35, 7], edge_index=[2, 2], edge_attr=[2, 5], y=102.0, custom_label=0.9622642, min_label=0, max_label=106, instance_name='p12.txt');0.9622641801834106;0.4315919578075409;0.4499213993549347;0.12605628371238708
Data(x=[35, 7], edge_index=[2, 2], edge_attr=[2, 5], y=101.0, custom_label=0.9528302, min_label=0, max_label=106, instance_name='p12.txt');0.9528301954269409;0.4315919578075409;0.4499213993549347;0.12605628371238708
Data(x=[35, 7], edge_index=[2, 2], edge_attr=[2, 5], y=100.0, custom_label=0.9433962, min_label=0, max_label=106, instance_name='p12.txt');0.9433962106704712;0.4315919578075409;0.4499213993549347;0.12605628371238708
Data(x=[35, 7], edge_index=[2, 2], edge_attr=[2, 5], y=99.0, custom_label=0.9339623, min_label=0, max_label=106, instance_name='p12.txt');0.9339622855186462;0.4315919578075409;0.4499213993549347;0.12605628371238708
Data(x=[35, 7], edge_index=[2, 2], edge_attr=[2, 5], y=98.0, custom_label=0.9245283, min_label=0, max_label=106, instance_name='p12.txt');0.9245283007621765;0.4315919578075409;0.4499213993549347;0.12605628371238708
Data(x=[34, 7], edge_index=[2, 34], y=97.0, edge_attr=[34, 5], custom_label=0.9150943, min_label=0, max_label=106, instance_name='p12.txt');0.9150943160057068;0.7888273000717163;0.7444523572921753;0.6659550070762634
Data(x=[34, 7], edge_index=[2, 34], y=96.0, edge_attr=[34, 5], custom_label=0.9056604, min_label=0, max_label=106, instance_name='p12.txt');0.9056603908538818;0.7888273000717163;0.7444523572921753;0.6659550070762634
Data(x=[34, 7], edge_index=[2, 34], y=95.0, edge_attr=[34, 5], custom_label=0.8962264, min_label=0, max_label=106, instance_name='p12.txt');0.8962264060974121;0.7888273000717163;0.7444523572921753;0.6659550070762634
Data(x=[34, 7], edge_index=[2, 34], y=94.0, edge_attr=[34, 5], custom_label=0.8867925, min_label=0, max_label=106, instance_name='p12.txt');0.8867924809455872;0.7888273000717163;0.7444523572921753;0.6659550070762634
Data(x=[34, 7], edge_index=[2, 34], y=93.0, edge_attr=[34, 5], custom_label=0.8773585, min_label=0, max_label=106, instance_name='p12.txt');0.8773584961891174;0.7888273000717163;0.7444523572921753;0.6659550070762634
Data(x=[34, 7], edge_index=[2, 34], y=92.0, edge_attr=[34, 5], custom_label=0.8679245, min_label=0, max_label=106, instance_name='p12.txt');0.8679245114326477;0.7888273000717163;0.7444523572921753;0.6659550070762634
Data(x=[34, 7], edge_index=[2, 34], y=91.0, edge_attr=[34, 5], custom_label=0.8584906, min_label=0, max_label=106, instance_name='p12.txt');0.8584905862808228;0.7888273000717163;0.7444523572921753;0.6659550070762634
Data(x=[34, 7], edge_index=[2, 34], y=90.0, edge_attr=[34, 5], custom_label=0.8490566, min_label=0, max_label=106, instance_name='p12.txt');0.849056601524353;0.7888273000717163;0.7444523572921753;0.6659550070762634
Data(x=[34, 7], edge_index=[2, 34], y=89.0, edge_attr=[34, 5], custom_label=0.8396226, min_label=0, max_label=106, instance_name='p12.txt');0.8396226167678833;0.7888273000717163;0.7444523572921753;0.6659550070762634
Data(x=[34, 7], edge_index=[2, 34], y=88.0, edge_attr=[34, 5], custom_label=0.8301887, min_label=0, max_label=106, instance_name='p12.txt');0.8301886916160583;0.7888273000717163;0.7444523572921753;0.6659550070762634
Data(x=[34, 7], edge_index=[2, 34], y=87.0, edge_attr=[34, 5], custom_label=0.8207547, min_label=0, max_label=106, instance_name='p12.txt');0.8207547068595886;0.7888273000717163;0.7444523572921753;0.6659550070762634
Data(x=[34, 7], edge_index=[2, 34], y=86.0, edge_attr=[34, 5], custom_label=0.8113208, min_label=0, max_label=106, instance_name='p12.txt');0.8113207817077637;0.7888273000717163;0.7444523572921753;0.6659550070762634
Data(x=[34, 7], edge_index=[2, 34], y=85.0, edge_attr=[34, 5], custom_label=0.8018868, min_label=0, max_label=106, instance_name='p12.txt');0.801886796951294;0.7888273000717163;0.7444523572921753;0.6659550070762634
Data(x=[34, 7], edge_index=[2, 34], y=84.0, edge_attr=[34, 5], custom_label=0.7924528, min_label=0, max_label=106, instance_name='p12.txt');0.7924528121948242;0.7888273000717163;0.7444523572921753;0.6659550070762634
Data(x=[34, 7], edge_index=[2, 34], y=83.0, edge_attr=[34, 5], custom_label=0.7830189, min_label=0, max_label=106, instance_name='p12.txt');0.7830188870429993;0.7888273000717163;0.7444523572921753;0.6659550070762634
Data(x=[34, 7], edge_index=[2, 34], y=82.0, edge_attr=[34, 5], custom_label=0.7735849, min_label=0, max_label=106, instance_name='p12.txt');0.7735849022865295;0.7888273000717163;0.7444523572921753;0.6659550070762634
Data(x=[34, 7], edge_index=[2, 34], y=81.0, edge_attr=[34, 5], custom_label=0.7641509, min_label=0, max_label=106, instance_name='p12.txt');0.7641509175300598;0.7888273000717163;0.7444523572921753;0.6659550070762634
Data(x=[34, 7], edge_index=[2, 34], y=80.0, edge_attr=[34, 5], custom_label=0.754717, min_label=0, max_label=106, instance_name='p12.txt');0.7547169923782349;0.7888273000717163;0.7444523572921753;0.6659550070762634
Data(x=[34, 7], edge_index=[2, 34], y=79.0, edge_attr=[34, 5], custom_label=0.745283, min_label=0, max_label=106, instance_name='p12.txt');0.7452830076217651;0.7888273000717163;0.7444523572921753;0.6659550070762634
Data(x=[34, 7], edge_index=[2, 34], y=78.0, edge_attr=[34, 5], custom_label=0.7358491, min_label=0, max_label=106, instance_name='p12.txt');0.7358490824699402;0.7888273000717163;0.7444523572921753;0.6659550070762634
Data(x=[34, 7], edge_index=[2, 34], y=77.0, edge_attr=[34, 5], custom_label=0.7264151, min_label=0, max_label=106, instance_name='p12.txt');0.7264150977134705;0.7888273000717163;0.7444523572921753;0.6659550070762634
Data(x=[34, 7], edge_index=[2, 34], y=76.0, edge_attr=[34, 5], custom_label=0.7169811, min_label=0, max_label=106, instance_name='p12.txt');0.7169811129570007;0.7888273000717163;0.7444523572921753;0.6659550070762634
Data(x=[34, 7], edge_index=[2, 34], y=75.0, edge_attr=[34, 5], custom_label=0.7075472, min_label=0, max_label=106, instance_name='p12.txt');0.7075471878051758;0.7888273000717163;0.7444523572921753;0.6659550070762634
Data(x=[35, 7], edge_index=[2, 2], edge_attr=[2, 5], y=74.0, custom_label=0.6981132, min_label=0, max_label=106, instance_name='p12.txt');0.698113203048706;0.4315919578075409;0.4499213993549347;0.12605628371238708
Data(x=[35, 7], edge_index=[2, 2], edge_attr=[2, 5], y=73.0, custom_label=0.6886792, min_label=0, max_label=106, instance_name='p12.txt');0.6886792182922363;0.4315919578075409;0.4499213993549347;0.12605628371238708
Data(x=[35, 7], edge_index=[2, 2], edge_attr=[2, 5], y=72.0, custom_label=0.6792453, min_label=0, max_label=106, instance_name='p12.txt');0.6792452931404114;0.4315919578075409;0.4499213993549347;0.12605628371238708
Data(x=[35, 7], edge_index=[2, 2], edge_attr=[2, 5], y=71.0, custom_label=0.6698113, min_label=0, max_label=106, instance_name='p12.txt');0.6698113083839417;0.4315919578075409;0.4499213993549347;0.12605628371238708
Data(x=[35, 7], edge_index=[2, 2], edge_attr=[2, 5], y=70.0, custom_label=0.6603774, min_label=0, max_label=106, instance_name='p12.txt');0.6603773832321167;0.4315919578075409;0.4499213993549347;0.12605628371238708
Data(x=[35, 7], edge_index=[2, 2], edge_attr=[2, 5], y=69.0, custom_label=0.6509434, min_label=0, max_label=106, instance_name='p12.txt');0.650943398475647;0.4315919578075409;0.4499213993549347;0.12605628371238708
Data(x=[35, 7], edge_index=[2, 2], edge_attr=[2, 5], y=68.0, custom_label=0.6415094, min_label=0, max_label=106, instance_name='p12.txt');0.6415094137191772;0.4315919578075409;0.4499213993549347;0.12605628371238708
Data(x=[35, 7], edge_index=[2, 2], edge_attr=[2, 5], y=67.0, custom_label=0.6320755, min_label=0, max_label=106, instance_name='p12.txt');0.6320754885673523;0.4315919578075409;0.4499213993549347;0.12605628371238708
Data(x=[35, 7], edge_index=[2, 2], edge_attr=[2, 5], y=66.0, custom_label=0.6226415, min_label=0, max_label=106, instance_name='p12.txt');0.6226415038108826;0.4315919578075409;0.4499213993549347;0.12605628371238708
Data(x=[35, 7], edge_index=[2, 2], edge_attr=[2, 5], y=65.0, custom_label=0.6132075, min_label=0, max_label=106, instance_name='p12.txt');0.6132075190544128;0.4315919578075409;0.4499213993549347;0.12605628371238708
Data(x=[35, 7], edge_index=[2, 2], edge_attr=[2, 5], y=64.0, custom_label=0.6037736, min_label=0, max_label=106, instance_name='p12.txt');0.6037735939025879;0.4315919578075409;0.4499213993549347;0.12605628371238708
Data(x=[35, 7], edge_index=[2, 2], edge_attr=[2, 5], y=63.0, custom_label=0.5943396, min_label=0, max_label=106, instance_name='p12.txt');0.5943396091461182;0.4315919578075409;0.4499213993549347;0.12605628371238708
Data(x=[35, 7], edge_index=[2, 2], edge_attr=[2, 5], y=62.0, custom_label=0.5849057, min_label=0, max_label=106, instance_name='p12.txt');0.5849056839942932;0.4315919578075409;0.4499213993549347;0.12605628371238708
Data(x=[35, 7], edge_index=[2, 2], edge_attr=[2, 5], y=61.0, custom_label=0.5754717, min_label=0, max_label=106, instance_name='p12.txt');0.5754716992378235;0.4315919578075409;0.4499213993549347;0.12605628371238708
Data(x=[36, 7], edge_index=[2, 4], edge_attr=[4, 5], y=60.0, custom_label=0.5660377, min_label=0, max_label=106, instance_name='p12.txt');0.5660377144813538;0.2453872710466385;0.3101678490638733;0.12605628371238708
Data(x=[36, 7], edge_index=[2, 4], edge_attr=[4, 5], y=59.0, custom_label=0.5566038, min_label=0, max_label=106, instance_name='p12.txt');0.5566037893295288;0.2453872710466385;0.3101678490638733;0.12605628371238708
Data(x=[36, 7], edge_index=[2, 4], edge_attr=[4, 5], y=58.0, custom_label=0.5471698, min_label=0, max_label=106, instance_name='p12.txt');0.5471698045730591;0.2453872710466385;0.3101678490638733;0.12605628371238708
Data(x=[36, 7], edge_index=[2, 4], edge_attr=[4, 5], y=57.0, custom_label=0.5377358, min_label=0, max_label=106, instance_name='p12.txt');0.5377358198165894;0.2453872710466385;0.3101678490638733;0.12605628371238708
Data(x=[36, 7], edge_index=[2, 4], edge_attr=[4, 5], y=56.0, custom_label=0.5283019, min_label=0, max_label=106, instance_name='p12.txt');0.5283018946647644;0.2453872710466385;0.3101678490638733;0.12605628371238708
Data(x=[36, 7], edge_index=[2, 4], edge_attr=[4, 5], y=55.0, custom_label=0.5188679, min_label=0, max_label=106, instance_name='p12.txt');0.5188679099082947;0.2453872710466385;0.3101678490638733;0.12605628371238708
Data(x=[36, 7], edge_index=[2, 4], edge_attr=[4, 5], y=54.0, custom_label=0.509434, min_label=0, max_label=106, instance_name='p12.txt');0.5094339847564697;0.2453872710466385;0.3101678490638733;0.12605628371238708
Data(x=[36, 7], edge_index=[2, 4], edge_attr=[4, 5], y=53.0, custom_label=0.5, min_label=0, max_label=106, instance_name='p12.txt');0.5;0.2453872710466385;0.3101678490638733;0.12605628371238708
Data(x=[36, 7], edge_index=[2, 4], edge_attr=[4, 5], y=52.0, custom_label=0.49056605, min_label=0, max_label=106, instance_name='p12.txt');0.49056604504585266;0.2453872710466385;0.3101678490638733;0.12605628371238708
Data(x=[36, 7], edge_index=[2, 4], edge_attr=[4, 5], y=51.0, custom_label=0.4811321, min_label=0, max_label=106, instance_name='p12.txt');0.4811320900917053;0.2453872710466385;0.3101678490638733;0.12605628371238708
Data(x=[36, 7], edge_index=[2, 4], edge_attr=[4, 5], y=50.0, custom_label=0.4716981, min_label=0, max_label=106, instance_name='p12.txt');0.4716981053352356;0.2453872710466385;0.3101678490638733;0.12605628371238708
Data(x=[36, 7], edge_index=[2, 4], edge_attr=[4, 5], y=49.0, custom_label=0.46226415, min_label=0, max_label=106, instance_name='p12.txt');0.46226415038108826;0.2453872710466385;0.3101678490638733;0.12605628371238708
Data(x=[36, 7], edge_index=[2, 4], edge_attr=[4, 5], y=48.0, custom_label=0.4528302, min_label=0, max_label=106, instance_name='p12.txt');0.4528301954269409;0.2453872710466385;0.3101678490638733;0.12605628371238708
Data(x=[36, 7], edge_index=[2, 4], edge_attr=[4, 5], y=47.0, custom_label=0.44339624, min_label=0, max_label=106, instance_name='p12.txt');0.4433962404727936;0.2453872710466385;0.3101678490638733;0.12605628371238708
Data(x=[36, 7], edge_index=[2, 4], edge_attr=[4, 5], y=46.0, custom_label=0.43396226, min_label=0, max_label=106, instance_name='p12.txt');0.43396225571632385;0.2453872710466385;0.3101678490638733;0.12605628371238708
Data(x=[36, 7], edge_index=[2, 4], edge_attr=[4, 5], y=45.0, custom_label=0.4245283, min_label=0, max_label=106, instance_name='p12.txt');0.4245283007621765;0.2453872710466385;0.3101678490638733;0.12605628371238708
Data(x=[36, 7], edge_index=[2, 4], edge_attr=[4, 5], y=44.0, custom_label=0.41509435, min_label=0, max_label=106, instance_name='p12.txt');0.4150943458080292;0.2453872710466385;0.3101678490638733;0.12605628371238708
Data(x=[35, 7], edge_index=[2, 2], edge_attr=[2, 5], y=43.0, custom_label=0.4056604, min_label=0, max_label=106, instance_name='p12.txt');0.40566039085388184;0.4315919578075409;0.4499213993549347;0.12605628371238708
Data(x=[35, 7], edge_index=[2, 2], edge_attr=[2, 5], y=42.0, custom_label=0.3962264, min_label=0, max_label=106, instance_name='p12.txt');0.3962264060974121;0.4315919578075409;0.4499213993549347;0.12605628371238708
Data(x=[35, 7], edge_index=[2, 2], edge_attr=[2, 5], y=41.0, custom_label=0.38679245, min_label=0, max_label=106, instance_name='p12.txt');0.38679245114326477;0.4315919578075409;0.4499213993549347;0.12605628371238708
Data(x=[35, 7], edge_index=[2, 2], edge_attr=[2, 5], y=40.0, custom_label=0.3773585, min_label=0, max_label=106, instance_name='p12.txt');0.37735849618911743;0.4315919578075409;0.4499213993549347;0.12605628371238708
Data(x=[35, 7], edge_index=[2, 2], edge_attr=[2, 5], y=39.0, custom_label=0.36792454, min_label=0, max_label=106, instance_name='p12.txt');0.3679245412349701;0.4315919578075409;0.4499213993549347;0.12605628371238708
Data(x=[35, 7], edge_index=[2, 2], edge_attr=[2, 5], y=38.0, custom_label=0.35849056, min_label=0, max_label=106, instance_name='p12.txt');0.35849055647850037;0.4315919578075409;0.4499213993549347;0.12605628371238708
Data(x=[35, 7], edge_index=[2, 2], edge_attr=[2, 5], y=37.0, custom_label=0.3490566, min_label=0, max_label=106, instance_name='p12.txt');0.349056601524353;0.4315919578075409;0.4499213993549347;0.12605628371238708
Data(x=[35, 7], edge_index=[2, 2], edge_attr=[2, 5], y=36.0, custom_label=0.33962265, min_label=0, max_label=106, instance_name='p12.txt');0.3396226465702057;0.4315919578075409;0.4499213993549347;0.12605628371238708
Data(x=[35, 7], edge_index=[2, 2], edge_attr=[2, 5], y=35.0, custom_label=0.3301887, min_label=0, max_label=106, instance_name='p12.txt');0.33018869161605835;0.4315919578075409;0.4499213993549347;0.12605628371238708
Data(x=[35, 7], edge_index=[2, 2], edge_attr=[2, 5], y=34.0, custom_label=0.3207547, min_label=0, max_label=106, instance_name='p12.txt');0.3207547068595886;0.4315919578075409;0.4499213993549347;0.12605628371238708
Data(x=[35, 7], edge_index=[2, 2], edge_attr=[2, 5], y=33.0, custom_label=0.31132075, min_label=0, max_label=106, instance_name='p12.txt');0.3113207519054413;0.4315919578075409;0.4499213993549347;0.12605628371238708
Data(x=[35, 7], edge_index=[2, 2], edge_attr=[2, 5], y=32.0, custom_label=0.3018868, min_label=0, max_label=106, instance_name='p12.txt');0.30188679695129395;0.4315919578075409;0.4499213993549347;0.12605628371238708
Data(x=[35, 7], edge_index=[2, 2], edge_attr=[2, 5], y=31.0, custom_label=0.29245284, min_label=0, max_label=106, instance_name='p12.txt');0.2924528419971466;0.4315919578075409;0.4499213993549347;0.12605628371238708
Data(x=[35, 7], edge_index=[2, 2], edge_attr=[2, 5], y=30.0, custom_label=0.28301886, min_label=0, max_label=106, instance_name='p12.txt');0.2830188572406769;0.4315919578075409;0.4499213993549347;0.12605628371238708
Data(x=[35, 7], edge_index=[2, 2], edge_attr=[2, 5], y=29.0, custom_label=0.2735849, min_label=0, max_label=106, instance_name='p12.txt');0.27358490228652954;0.4315919578075409;0.4499213993549347;0.12605628371238708
Data(x=[36, 7], edge_index=[2, 4], edge_attr=[4, 5], y=28.0, custom_label=0.26415095, min_label=0, max_label=106, instance_name='p12.txt');0.2641509473323822;0.2453872710466385;0.3101678490638733;0.12605628371238708
Data(x=[36, 7], edge_index=[2, 4], edge_attr=[4, 5], y=27.0, custom_label=0.254717, min_label=0, max_label=106, instance_name='p12.txt');0.25471699237823486;0.2453872710466385;0.3101678490638733;0.12605628371238708
Data(x=[36, 7], edge_index=[2, 4], edge_attr=[4, 5], y=26.0, custom_label=0.24528302, min_label=0, max_label=106, instance_name='p12.txt');0.24528302252292633;0.2453872710466385;0.3101678490638733;0.12605628371238708
Data(x=[36, 7], edge_index=[2, 4], edge_attr=[4, 5], y=25.0, custom_label=0.23584905, min_label=0, max_label=106, instance_name='p12.txt');0.2358490526676178;0.2453872710466385;0.3101678490638733;0.12605628371238708
Data(x=[36, 7], edge_index=[2, 4], edge_attr=[4, 5], y=24.0, custom_label=0.2264151, min_label=0, max_label=106, instance_name='p12.txt');0.22641509771347046;0.2453872710466385;0.3101678490638733;0.12605628371238708
Data(x=[36, 7], edge_index=[2, 4], edge_attr=[4, 5], y=23.0, custom_label=0.21698113, min_label=0, max_label=106, instance_name='p12.txt');0.21698112785816193;0.2453872710466385;0.3101678490638733;0.12605628371238708
Data(x=[36, 7], edge_index=[2, 4], edge_attr=[4, 5], y=22.0, custom_label=0.20754717, min_label=0, max_label=106, instance_name='p12.txt');0.2075471729040146;0.2453872710466385;0.3101678490638733;0.12605628371238708
Data(x=[36, 7], edge_index=[2, 4], edge_attr=[4, 5], y=21.0, custom_label=0.1981132, min_label=0, max_label=106, instance_name='p12.txt');0.19811320304870605;0.2453872710466385;0.3101678490638733;0.12605628371238708
Data(x=[36, 7], edge_index=[2, 4], edge_attr=[4, 5], y=20.0, custom_label=0.18867925, min_label=0, max_label=106, instance_name='p12.txt');0.18867924809455872;0.2453872710466385;0.3101678490638733;0.12605628371238708
Data(x=[36, 7], edge_index=[2, 4], edge_attr=[4, 5], y=19.0, custom_label=0.17924528, min_label=0, max_label=106, instance_name='p12.txt');0.17924527823925018;0.2453872710466385;0.3101678490638733;0.12605628371238708
Data(x=[36, 7], edge_index=[2, 4], edge_attr=[4, 5], y=18.0, custom_label=0.16981132, min_label=0, max_label=106, instance_name='p12.txt');0.16981132328510284;0.2453872710466385;0.3101678490638733;0.12605628371238708
Data(x=[36, 7], edge_index=[2, 4], edge_attr=[4, 5], y=17.0, custom_label=0.16037735, min_label=0, max_label=106, instance_name='p12.txt');0.1603773534297943;0.2453872710466385;0.3101678490638733;0.12605628371238708
Data(x=[36, 7], edge_index=[2, 4], edge_attr=[4, 5], y=16.0, custom_label=0.1509434, min_label=0, max_label=106, instance_name='p12.txt');0.15094339847564697;0.2453872710466385;0.3101678490638733;0.12605628371238708
Data(x=[36, 7], edge_index=[2, 4], edge_attr=[4, 5], y=15.0, custom_label=0.14150943, min_label=0, max_label=106, instance_name='p12.txt');0.14150942862033844;0.2453872710466385;0.3101678490638733;0.12605628371238708
Data(x=[36, 7], edge_index=[2, 4], edge_attr=[4, 5], y=14.0, custom_label=0.13207547, min_label=0, max_label=106, instance_name='p12.txt');0.1320754736661911;0.2453872710466385;0.3101678490638733;0.12605628371238708
Data(x=[36, 7], edge_index=[2, 4], edge_attr=[4, 5], y=13.0, custom_label=0.12264151, min_label=0, max_label=106, instance_name='p12.txt');0.12264151126146317;0.2453872710466385;0.3101678490638733;0.12605628371238708
Data(x=[36, 7], edge_index=[2, 4], edge_attr=[4, 5], y=12.0, custom_label=0.11320755, min_label=0, max_label=106, instance_name='p12.txt');0.11320754885673523;0.2453872710466385;0.3101678490638733;0.12605628371238708
Data(x=[36, 7], edge_index=[2, 4], edge_attr=[4, 5], y=11.0, custom_label=0.10377359, min_label=0, max_label=106, instance_name='p12.txt');0.1037735864520073;0.2453872710466385;0.3101678490638733;0.12605628371238708
Data(x=[37, 7], edge_index=[2, 6], edge_attr=[6, 5], y=10.0, custom_label=0.094339624, min_label=0, max_label=106, instance_name='p12.txt');0.09433962404727936;0.12977640330791473;0.13433828949928284;0.12605628371238708
Data(x=[37, 7], edge_index=[2, 6], edge_attr=[6, 5], y=9.0, custom_label=0.08490566, min_label=0, max_label=106, instance_name='p12.txt');0.08490566164255142;0.12977640330791473;0.13433828949928284;0.12605628371238708
Data(x=[37, 7], edge_index=[2, 6], edge_attr=[6, 5], y=8.0, custom_label=0.0754717, min_label=0, max_label=106, instance_name='p12.txt');0.07547169923782349;0.12977640330791473;0.13433828949928284;0.12605628371238708
Data(x=[37, 7], edge_index=[2, 6], edge_attr=[6, 5], y=7.0, custom_label=0.06603774, min_label=0, max_label=106, instance_name='p12.txt');0.06603773683309555;0.12977640330791473;0.13433828949928284;0.12605628371238708
Data(x=[37, 7], edge_index=[2, 6], edge_attr=[6, 5], y=6.0, custom_label=0.056603774, min_label=0, max_label=106, instance_name='p12.txt');0.056603774428367615;0.12977640330791473;0.13433828949928284;0.12605628371238708
Data(x=[37, 7], edge_index=[2, 6], edge_attr=[6, 5], y=5.0, custom_label=0.047169812, min_label=0, max_label=106, instance_name='p12.txt');0.04716981202363968;0.12977640330791473;0.13433828949928284;0.12605628371238708
Data(x=[37, 7], edge_index=[2, 6], edge_attr=[6, 5], y=4.0, custom_label=0.03773585, min_label=0, max_label=106, instance_name='p12.txt');0.03773584961891174;0.12977640330791473;0.13433828949928284;0.12605628371238708
Data(x=[37, 7], edge_index=[2, 6], edge_attr=[6, 5], y=3.0, custom_label=0.028301887, min_label=0, max_label=106, instance_name='p12.txt');0.028301887214183807;0.12977640330791473;0.13433828949928284;0.12605628371238708
Data(x=[37, 7], edge_index=[2, 6], edge_attr=[6, 5], y=2.0, custom_label=0.018867925, min_label=0, max_label=106, instance_name='p12.txt');0.01886792480945587;0.12977640330791473;0.13433828949928284;0.12605628371238708
Data(x=[37, 7], edge_index=[2, 6], edge_attr=[6, 5], y=1.0, custom_label=0.009433962, min_label=0, max_label=106, instance_name='p12.txt');0.009433962404727936;0.12977640330791473;0.13433828949928284;0.12605628371238708
Data(x=[38, 7], edge_index=[2, 8], edge_attr=[8, 5], y=0.0, custom_label=0.0, min_label=0, max_label=106, instance_name='p12.txt');0.0;0.0017114931251853704;0.000370670051779598;0.12605628371238708
Data(x=[19, 7], edge_index=[2, 20], edge_attr=[20, 5], y=3.0, custom_label=0.1764706, min_label=0, max_label=17, instance_name='p13.txt');0.1764705926179886;0.24607113003730774;0.31099897623062134;0.12605628371238708
Data(x=[18, 7], edge_index=[2, 14], edge_attr=[14, 5], y=2.0, custom_label=0.11764706, min_label=0, max_label=17, instance_name='p13.txt');0.11764705926179886;0.23576819896697998;0.2617199718952179;0.12605628371238708
Data(x=[18, 7], edge_index=[2, 14], edge_attr=[14, 5], y=1.0, custom_label=0.05882353, min_label=0, max_label=17, instance_name='p13.txt');0.05882352963089943;0.2337620109319687;0.28213024139404297;0.12605628371238708
Data(x=[18, 7], edge_index=[2, 12], edge_attr=[12, 5], y=0.0, custom_label=0.0, min_label=0, max_label=17, instance_name='p13.txt');0.0;0.00017874804325401783;0.0010201624827459455;0.12605628371238708
Data(x=[26, 7], edge_index=[2, 14], edge_attr=[14, 5], y=0.0, custom_label=0.0, min_label=0, max_label=17, instance_name='p13.txt');0.0;6.895948172314093e-05;5.4401934903580695e-05;4.678575714933686e-05
Data(x=[23, 7], edge_index=[2, 16], edge_attr=[16, 5], y=0.0, custom_label=0.0, min_label=0, max_label=17, instance_name='p13.txt');0.0;3.412073419895023e-05;4.56141096947249e-05;1.7093715332094916e-10
Data(x=[25, 7], edge_index=[2, 16], edge_attr=[16, 5], y=0.0, custom_label=0.0, min_label=0, max_label=17, instance_name='p13.txt');0.0;5.712910933652893e-05;5.925661025685258e-05;0.12605628371238708
Data(x=[21, 7], edge_index=[2, 14], edge_attr=[14, 5], y=12.0, custom_label=0.7058824, min_label=0, max_label=17, instance_name='p13.txt');0.7058823704719543;0.4442785382270813;0.4353301227092743;3.764807843253948e-05
Data(x=[21, 7], edge_index=[2, 14], edge_attr=[14, 5], y=11.0, custom_label=0.64705884, min_label=0, max_label=17, instance_name='p13.txt');0.6470588445663452;0.4442785382270813;0.4353301227092743;3.764807843253948e-05
Data(x=[21, 7], edge_index=[2, 14], edge_attr=[14, 5], y=10.0, custom_label=0.5882353, min_label=0, max_label=17, instance_name='p13.txt');0.5882353186607361;0.46578121185302734;0.4847567081451416;0.12605628371238708
Data(x=[21, 7], edge_index=[2, 14], edge_attr=[14, 5], y=9.0, custom_label=0.5294118, min_label=0, max_label=17, instance_name='p13.txt');0.529411792755127;0.4442785382270813;0.4353301227092743;4.658041689253878e-06
Data(x=[22, 7], edge_index=[2, 16], edge_attr=[16, 5], y=8.0, custom_label=0.47058824, min_label=0, max_label=17, instance_name='p13.txt');0.47058823704719543;0.18231114745140076;0.2002049833536148;3.764807843253948e-05
Data(x=[20, 7], edge_index=[2, 12], edge_attr=[12, 5], y=7.0, custom_label=0.4117647, min_label=0, max_label=17, instance_name='p13.txt');0.4117647111415863;0.48722752928733826;0.46323615312576294;0.12605628371238708
Data(x=[20, 7], edge_index=[2, 12], edge_attr=[12, 5], y=6.0, custom_label=0.3529412, min_label=0, max_label=17, instance_name='p13.txt');0.3529411852359772;0.4872274696826935;0.46323615312576294;0.12605628371238708
Data(x=[20, 7], edge_index=[2, 12], edge_attr=[12, 5], y=5.0, custom_label=0.29411766, min_label=0, max_label=17, instance_name='p13.txt');0.29411765933036804;0.4872274696826935;0.46323615312576294;0.12605628371238708
Data(x=[21, 7], edge_index=[2, 14], edge_attr=[14, 5], y=4.0, custom_label=0.23529412, min_label=0, max_label=17, instance_name='p13.txt');0.23529411852359772;0.18655024468898773;0.22453512251377106;0.12605628371238708
Data(x=[21, 7], edge_index=[2, 14], edge_attr=[14, 5], y=3.0, custom_label=0.1764706, min_label=0, max_label=17, instance_name='p13.txt');0.1764705926179886;0.1977979838848114;0.2934340238571167;0.12605628371238708
Data(x=[21, 7], edge_index=[2, 14], edge_attr=[14, 5], y=2.0, custom_label=0.11764706, min_label=0, max_label=17, instance_name='p13.txt');0.11764705926179886;0.18655024468898773;0.22453510761260986;0.12605628371238708
Data(x=[21, 7], edge_index=[2, 14], edge_attr=[14, 5], y=1.0, custom_label=0.05882353, min_label=0, max_label=17, instance_name='p13.txt');0.05882352963089943;0.18655025959014893;0.22453512251377106;0.12605628371238708
Data(x=[21, 7], edge_index=[2, 12], edge_attr=[12, 5], y=0.0, custom_label=0.0, min_label=0, max_label=17, instance_name='p13.txt');0.0;0.0002952933718916029;0.00023916525242384523;0.12605628371238708
Data(x=[20, 7], edge_index=[2, 14], edge_attr=[14, 5], y=0.0, custom_label=0.0, min_label=0, max_label=17, instance_name='p13.txt');0.0;0.0002557853877078742;0.00028657689108513296;4.678575714933686e-05
Data(x=[18, 7], edge_index=[2, 12], edge_attr=[12, 5], y=0.0, custom_label=0.0, min_label=0, max_label=17, instance_name='p13.txt');0.0;0.00017874804325401783;0.0010201620170846581;4.857524800172541e-06
Data(x=[25, 7], edge_index=[2, 12], edge_attr=[12, 5], y=1.0, custom_label=0.05882353, min_label=0, max_label=17, instance_name='p13.txt');0.05882352963089943;0.17547059059143066;0.1945710927248001;0.12605628371238708
Data(x=[25, 7], edge_index=[2, 12], edge_attr=[12, 5], y=0.0, custom_label=0.0, min_label=0, max_label=17, instance_name='p13.txt');0.0;0.0009016937110573053;0.0010811471147462726;0.12605628371238708
Data(x=[24, 7], edge_index=[2, 22], edge_attr=[22, 5], y=0.0, custom_label=0.0, min_label=0, max_label=17, instance_name='p13.txt');0.0;0.00802596751600504;0.03404442220926285;5.7545106164638635e-39
Data(x=[24, 7], edge_index=[2, 14], edge_attr=[14, 5], y=4.0, custom_label=0.23529412, min_label=0, max_label=17, instance_name='p13.txt');0.23529411852359772;0.16364632546901703;0.16745945811271667;0.12605628371238708
Data(x=[23, 7], edge_index=[2, 12], edge_attr=[12, 5], y=3.0, custom_label=0.1764706, min_label=0, max_label=17, instance_name='p13.txt');0.1764705926179886;0.18608596920967102;0.1917002946138382;0.12605628371238708
Data(x=[23, 7], edge_index=[2, 12], edge_attr=[12, 5], y=2.0, custom_label=0.11764706, min_label=0, max_label=17, instance_name='p13.txt');0.11764705926179886;0.203130841255188;0.2660704553127289;0.12605628371238708
Data(x=[23, 7], edge_index=[2, 12], edge_attr=[12, 5], y=1.0, custom_label=0.05882353, min_label=0, max_label=17, instance_name='p13.txt');0.05882352963089943;0.18608596920967102;0.1917002946138382;0.12605628371238708
Data(x=[24, 7], edge_index=[2, 14], edge_attr=[14, 5], y=0.0, custom_label=0.0, min_label=0, max_label=17, instance_name='p13.txt');0.0;4.254307350493036e-05;4.203562639304437e-05;0.12605628371238708
Data(x=[27, 7], edge_index=[2, 16], edge_attr=[16, 5], y=8.0, custom_label=0.47058824, min_label=0, max_label=17, instance_name='p13.txt');0.47058823704719543;0.2015467882156372;0.19491198658943176;4.834297940516315e-17
Data(x=[27, 7], edge_index=[2, 16], edge_attr=[16, 5], y=7.0, custom_label=0.4117647, min_label=0, max_label=17, instance_name='p13.txt');0.4117647111415863;0.2015467882156372;0.19491198658943176;4.834297940516315e-17
Data(x=[27, 7], edge_index=[2, 16], edge_attr=[16, 5], y=6.0, custom_label=0.3529412, min_label=0, max_label=17, instance_name='p13.txt');0.3529411852359772;0.2015467882156372;0.19491198658943176;4.834297940516315e-17
Data(x=[27, 7], edge_index=[2, 16], edge_attr=[16, 5], y=5.0, custom_label=0.29411766, min_label=0, max_label=17, instance_name='p13.txt');0.29411765933036804;0.2015467882156372;0.19491198658943176;4.834297940516315e-17
Data(x=[27, 7], edge_index=[2, 16], edge_attr=[16, 5], y=4.0, custom_label=0.23529412, min_label=0, max_label=17, instance_name='p13.txt');0.23529411852359772;0.2015468329191208;0.19491198658943176;4.834297940516315e-17
Data(x=[27, 7], edge_index=[2, 16], edge_attr=[16, 5], y=3.0, custom_label=0.1764706, min_label=0, max_label=17, instance_name='p13.txt');0.1764705926179886;0.21650171279907227;0.2578980326652527;4.834297940516315e-17
Data(x=[27, 7], edge_index=[2, 16], edge_attr=[16, 5], y=2.0, custom_label=0.11764706, min_label=0, max_label=17, instance_name='p13.txt');0.11764705926179886;0.2015467882156372;0.19491198658943176;4.834297940516315e-17
Data(x=[27, 7], edge_index=[2, 16], edge_attr=[16, 5], y=1.0, custom_label=0.05882353, min_label=0, max_label=17, instance_name='p13.txt');0.05882352963089943;0.2015468329191208;0.19491198658943176;4.834297940516315e-17
Data(x=[27, 7], edge_index=[2, 16], edge_attr=[16, 5], y=0.0, custom_label=0.0, min_label=0, max_label=17, instance_name='p13.txt');0.0;0.0017757575260475278;0.0010034976294264197;4.834297940516315e-17
Data(x=[21, 7], edge_index=[2, 10], edge_attr=[10, 5], y=0.0, custom_label=0.0, min_label=0, max_label=17, instance_name='p13.txt');0.0;0.00019504713418427855;0.00018365039431955665;0.12605628371238708
Data(x=[21, 7], edge_index=[2, 10], edge_attr=[10, 5], y=0.0, custom_label=0.0, min_label=0, max_label=17, instance_name='p13.txt');0.0;0.0002786540426313877;0.00018643344810698181;0.12605628371238708
Data(x=[21, 7], edge_index=[2, 12], edge_attr=[12, 5], y=0.0, custom_label=0.0, min_label=0, max_label=17, instance_name='p13.txt');0.0;0.0002952933718916029;0.00023916525242384523;1.6836214854265563e-05
Data(x=[23, 7], edge_index=[2, 16], edge_attr=[16, 5], y=0.0, custom_label=0.0, min_label=0, max_label=17, instance_name='p13.txt');0.0;8.202070603147149e-05;0.00031060457695275545;6.347682672615997e-25
Data(x=[24, 7], edge_index=[2, 16], edge_attr=[16, 5], y=0.0, custom_label=0.0, min_label=0, max_label=17, instance_name='p13.txt');0.0;0.0006309763994067907;0.0016420298488810658;0.12605628371238708
Data(x=[16, 7], edge_index=[2, 14], edge_attr=[14, 5], y=0.0, custom_label=0.0, min_label=0, max_label=17, instance_name='p13.txt');0.0;6.9622828959836625e-06;0.000123973295558244;1.8415171717977427e-19
Data(x=[22, 7], edge_index=[2, 12], edge_attr=[12, 5], y=0.0, custom_label=0.0, min_label=0, max_label=17, instance_name='p13.txt');0.0;2.2939797418075614e-05;2.4433180442429148e-05;1.173686541733332e-05
Data(x=[22, 7], edge_index=[2, 14], edge_attr=[14, 5], y=2.0, custom_label=0.11764706, min_label=0, max_label=17, instance_name='p13.txt');0.11764705926179886;0.17462648451328278;0.2031179666519165;4.857524800172541e-06
Data(x=[21, 7], edge_index=[2, 10], edge_attr=[10, 5], y=1.0, custom_label=0.05882353, min_label=0, max_label=17, instance_name='p13.txt');0.05882352963089943;0.1690925657749176;0.1884370595216751;4.857524800172541e-06
Data(x=[22, 7], edge_index=[2, 12], edge_attr=[12, 5], y=0.0, custom_label=0.0, min_label=0, max_label=17, instance_name='p13.txt');0.0;2.2939797418075614e-05;2.4433180442429148e-05;4.857524800172541e-06
Data(x=[21, 7], edge_index=[2, 12], edge_attr=[12, 5], y=0.0, custom_label=0.0, min_label=0, max_label=17, instance_name='p13.txt');0.0;1.6569618310313672e-05;2.0296743969083764e-05;3.764807843253948e-05
Data(x=[22, 7], edge_index=[2, 14], edge_attr=[14, 5], y=0.0, custom_label=0.0, min_label=0, max_label=17, instance_name='p13.txt');0.0;0.0002683730563148856;0.00032178210676647723;4.678575714933686e-05
Data(x=[21, 7], edge_index=[2, 12], edge_attr=[12, 5], y=0.0, custom_label=0.0, min_label=0, max_label=17, instance_name='p13.txt');0.0;0.00020690840028692037;0.0002355954347876832;4.678575714933686e-05
Data(x=[23, 7], edge_index=[2, 16], edge_attr=[16, 5], y=0.0, custom_label=0.0, min_label=0, max_label=17, instance_name='p13.txt');0.0;3.412073419895023e-05;4.56141096947249e-05;3.764807843253948e-05
Data(x=[22, 7], edge_index=[2, 14], edge_attr=[14, 5], y=0.0, custom_label=0.0, min_label=0, max_label=17, instance_name='p13.txt');0.0;3.4095661249011755e-05;3.1440686143469065e-05;0.12605628371238708
Data(x=[21, 7], edge_index=[2, 16], edge_attr=[16, 5], y=0.0, custom_label=0.0, min_label=0, max_label=17, instance_name='p13.txt');0.0;0.0008809226565063;0.0009535317658446729;0.12605628371238708
Data(x=[23, 7], edge_index=[2, 14], edge_attr=[14, 5], y=0.0, custom_label=0.0, min_label=0, max_label=17, instance_name='p13.txt');0.0;3.2463383831782266e-05;3.6334109609015286e-05;2.1275368619622093e-11
Data(x=[18, 7], edge_index=[2, 12], edge_attr=[12, 5], y=0.0, custom_label=0.0, min_label=0, max_label=17, instance_name='p13.txt');0.0;9.854183736024424e-05;0.00017959388787858188;1.7200447880241776e-12
Data(x=[22, 7], edge_index=[2, 12], edge_attr=[12, 5], y=14.0, custom_label=0.8235294, min_label=0, max_label=17, instance_name='p13.txt');0.8235294222831726;0.5898648500442505;0.5258068442344666;4.658041689253878e-06
Data(x=[21, 7], edge_index=[2, 10], edge_attr=[10, 5], y=13.0, custom_label=0.7647059, min_label=0, max_label=17, instance_name='p13.txt');0.7647058963775635;0.6317793130874634;0.5567668080329895;4.658041689253878e-06
Data(x=[22, 7], edge_index=[2, 12], edge_attr=[12, 5], y=12.0, custom_label=0.7058824, min_label=0, max_label=17, instance_name='p13.txt');0.7058823704719543;0.35816794633865356;0.38849082589149475;4.658041689253878e-06
Data(x=[21, 7], edge_index=[2, 10], edge_attr=[10, 5], y=11.0, custom_label=0.64705884, min_label=0, max_label=17, instance_name='p13.txt');0.6470588445663452;0.39711830019950867;0.4060010313987732;4.658041689253878e-06
Data(x=[21, 7], edge_index=[2, 10], edge_attr=[10, 5], y=10.0, custom_label=0.5882353, min_label=0, max_label=17, instance_name='p13.txt');0.5882353186607361;0.39711830019950867;0.4060010313987732;4.658041689253878e-06
Data(x=[21, 7], edge_index=[2, 10], edge_attr=[10, 5], y=9.0, custom_label=0.5294118, min_label=0, max_label=17, instance_name='p13.txt');0.529411792755127;0.3962181508541107;0.41389259696006775;4.658041689253878e-06
Data(x=[21, 7], edge_index=[2, 10], edge_attr=[10, 5], y=8.0, custom_label=0.47058824, min_label=0, max_label=17, instance_name='p13.txt');0.47058823704719543;0.39711830019950867;0.4060010313987732;4.658041689253878e-06
Data(x=[21, 7], edge_index=[2, 10], edge_attr=[10, 5], y=7.0, custom_label=0.4117647, min_label=0, max_label=17, instance_name='p13.txt');0.4117647111415863;0.42010045051574707;0.45472797751426697;0.12605628371238708
Data(x=[21, 7], edge_index=[2, 10], edge_attr=[10, 5], y=6.0, custom_label=0.3529412, min_label=0, max_label=17, instance_name='p13.txt');0.3529411852359772;0.39711830019950867;0.4060010313987732;4.1228686313843355e-06
Data(x=[21, 7], edge_index=[2, 10], edge_attr=[10, 5], y=5.0, custom_label=0.29411766, min_label=0, max_label=17, instance_name='p13.txt');0.29411765933036804;0.39711835980415344;0.4060010313987732;4.658041689253878e-06
Data(x=[21, 7], edge_index=[2, 10], edge_attr=[10, 5], y=4.0, custom_label=0.23529412, min_label=0, max_label=17, instance_name='p13.txt');0.23529411852359772;0.1690925657749176;0.1884370595216751;0.12605628371238708
Data(x=[21, 7], edge_index=[2, 10], edge_attr=[10, 5], y=3.0, custom_label=0.1764706, min_label=0, max_label=17, instance_name='p13.txt');0.1764705926179886;0.16960614919662476;0.2023289054632187;0.12605628371238708
Data(x=[21, 7], edge_index=[2, 10], edge_attr=[10, 5], y=2.0, custom_label=0.11764706, min_label=0, max_label=17, instance_name='p13.txt');0.11764705926179886;0.18690216541290283;0.26983970403671265;0.12605628371238708
Data(x=[21, 7], edge_index=[2, 10], edge_attr=[10, 5], y=1.0, custom_label=0.05882353, min_label=0, max_label=17, instance_name='p13.txt');0.05882352963089943;0.1690925657749176;0.1884370595216751;0.12605628371238708
Data(x=[22, 7], edge_index=[2, 12], edge_attr=[12, 5], y=0.0, custom_label=0.0, min_label=0, max_label=17, instance_name='p13.txt');0.0;3.2374682632507756e-05;2.4786528229014948e-05;0.12605628371238708
Data(x=[22, 7], edge_index=[2, 12], edge_attr=[12, 5], y=6.0, custom_label=0.3529412, min_label=0, max_label=17, instance_name='p13.txt');0.3529411852359772;0.4357089102268219;0.45423901081085205;2.5695466587816185e-11
Data(x=[22, 7], edge_index=[2, 12], edge_attr=[12, 5], y=5.0, custom_label=0.29411766, min_label=0, max_label=17, instance_name='p13.txt');0.29411765933036804;0.4146606922149658;0.40810486674308777;2.5695466587816185e-11
Data(x=[23, 7], edge_index=[2, 14], edge_attr=[14, 5], y=4.0, custom_label=0.23529412, min_label=0, max_label=17, instance_name='p13.txt');0.23529411852359772;0.16867253184318542;0.17071612179279327;2.5695466587816185e-11
Data(x=[22, 7], edge_index=[2, 12], edge_attr=[12, 5], y=3.0, custom_label=0.1764706, min_label=0, max_label=17, instance_name='p13.txt');0.1764705926179886;0.1926056295633316;0.19666382670402527;2.5695466587816185e-11
Data(x=[22, 7], edge_index=[2, 12], edge_attr=[12, 5], y=2.0, custom_label=0.11764706, min_label=0, max_label=17, instance_name='p13.txt');0.11764705926179886;0.21071578562259674;0.2761497497558594;2.5695466587816185e-11
Data(x=[22, 7], edge_index=[2, 12], edge_attr=[12, 5], y=1.0, custom_label=0.05882353, min_label=0, max_label=17, instance_name='p13.txt');0.05882352963089943;0.192605659365654;0.19666382670402527;2.5695466587816185e-11
Data(x=[23, 7], edge_index=[2, 14], edge_attr=[14, 5], y=0.0, custom_label=0.0, min_label=0, max_label=17, instance_name='p13.txt');0.0;3.2463383831782266e-05;3.6334073229227215e-05;2.5695466587816185e-11
Data(x=[24, 7], edge_index=[2, 12], edge_attr=[12, 5], y=5.0, custom_label=0.29411766, min_label=0, max_label=17, instance_name='p13.txt');0.29411765933036804;0.140839084982872;0.15649782121181488;4.857524800172541e-06
Data(x=[23, 7], edge_index=[2, 10], edge_attr=[10, 5], y=4.0, custom_label=0.23529412, min_label=0, max_label=17, instance_name='p13.txt');0.23529411852359772;0.15933138132095337;0.17960286140441895;4.857524800172541e-06
Data(x=[23, 7], edge_index=[2, 10], edge_attr=[10, 5], y=3.0, custom_label=0.1764706, min_label=0, max_label=17, instance_name='p13.txt');0.1764705926179886;0.15933138132095337;0.17960289120674133;4.857524800172541e-06
Data(x=[23, 7], edge_index=[2, 10], edge_attr=[10, 5], y=2.0, custom_label=0.11764706, min_label=0, max_label=17, instance_name='p13.txt');0.11764705926179886;0.17494766414165497;0.25073564052581787;4.857524800172541e-06
Data(x=[23, 7], edge_index=[2, 10], edge_attr=[10, 5], y=1.0, custom_label=0.05882353, min_label=0, max_label=17, instance_name='p13.txt');0.05882352963089943;0.15933135151863098;0.17960289120674133;4.857524800172541e-06
Data(x=[24, 7], edge_index=[2, 12], edge_attr=[12, 5], y=0.0, custom_label=0.0, min_label=0, max_label=17, instance_name='p13.txt');0.0;4.062060179421678e-05;3.3802502002799883e-05;4.857524800172541e-06
Data(x=[23, 7], edge_index=[2, 12], edge_attr=[12, 5], y=7.0, custom_label=0.4117647, min_label=0, max_label=17, instance_name='p13.txt');0.4117647111415863;0.39628496766090393;0.40119004249572754;3.764807843253948e-05
Data(x=[23, 7], edge_index=[2, 12], edge_attr=[12, 5], y=6.0, custom_label=0.3529412, min_label=0, max_label=17, instance_name='p13.txt');0.3529411852359772;0.39628496766090393;0.40119004249572754;3.764807843253948e-05
Data(x=[23, 7], edge_index=[2, 12], edge_attr=[12, 5], y=5.0, custom_label=0.29411766, min_label=0, max_label=17, instance_name='p13.txt');0.29411765933036804;0.39628496766090393;0.40119004249572754;3.764807843253948e-05
Data(x=[24, 7], edge_index=[2, 14], edge_attr=[14, 5], y=4.0, custom_label=0.23529412, min_label=0, max_label=17, instance_name='p13.txt');0.23529411852359772;0.14871883392333984;0.1620103120803833;3.764807843253948e-05
Data(x=[23, 7], edge_index=[2, 12], edge_attr=[12, 5], y=3.0, custom_label=0.1764706, min_label=0, max_label=17, instance_name='p13.txt');0.1764705926179886;0.1678730547428131;0.1853780597448349;3.764807843253948e-05
Data(x=[23, 7], edge_index=[2, 12], edge_attr=[12, 5], y=2.0, custom_label=0.11764706, min_label=0, max_label=17, instance_name='p13.txt');0.11764705926179886;0.18398116528987885;0.25807857513427734;0.12605628371238708
Data(x=[23, 7], edge_index=[2, 12], edge_attr=[12, 5], y=1.0, custom_label=0.05882353, min_label=0, max_label=17, instance_name='p13.txt');0.05882352963089943;0.1678730547428131;0.1853780597448349;4.658041689253878e-06
Data(x=[24, 7], edge_index=[2, 14], edge_attr=[14, 5], y=0.0, custom_label=0.0, min_label=0, max_label=17, instance_name='p13.txt');0.0;5.8450463257031515e-05;4.2592557292664424e-05;3.764807843253948e-05
Data(x=[22, 7], edge_index=[2, 16], edge_attr=[16, 5], y=0.0, custom_label=0.0, min_label=0, max_label=17, instance_name='p13.txt');0.0;0.0002841381647158414;0.0004081345396116376;1.6836214854265563e-05
Data(x=[21, 7], edge_index=[2, 12], edge_attr=[12, 5], y=0.0, custom_label=0.0, min_label=0, max_label=17, instance_name='p13.txt');0.0;0.00020690840028692037;0.0002355951874051243;1.6836214854265563e-05
Data(x=[26, 7], edge_index=[2, 14], edge_attr=[14, 5], y=17.0, custom_label=1.0, min_label=0, max_label=17, instance_name='p13.txt');1.0;0.33285239338874817;0.373094767332077;0.12605628371238708
Data(x=[25, 7], edge_index=[2, 12], edge_attr=[12, 5], y=16.0, custom_label=0.9411765, min_label=0, max_label=17, instance_name='p13.txt');0.9411764740943909;0.36467111110687256;0.38911643624305725;0.12605628371238708
Data(x=[25, 7], edge_index=[2, 12], edge_attr=[12, 5], y=15.0, custom_label=0.88235295, min_label=0, max_label=17, instance_name='p13.txt');0.8823529481887817;0.36467111110687256;0.38911643624305725;0.12605628371238708
Data(x=[24, 7], edge_index=[2, 10], edge_attr=[10, 5], y=14.0, custom_label=0.8235294, min_label=0, max_label=17, instance_name='p13.txt');0.8235294222831726;0.3994276523590088;0.40445849299430847;0.12605628371238708
Data(x=[24, 7], edge_index=[2, 10], edge_attr=[10, 5], y=13.0, custom_label=0.7647059, min_label=0, max_label=17, instance_name='p13.txt');0.7647058963775635;0.3994276523590088;0.40445849299430847;0.12605628371238708
Data(x=[24, 7], edge_index=[2, 10], edge_attr=[10, 5], y=12.0, custom_label=0.7058824, min_label=0, max_label=17, instance_name='p13.txt');0.7058823704719543;0.41949501633644104;0.4468473494052887;0.12605628371238708
Data(x=[24, 7], edge_index=[2, 10], edge_attr=[10, 5], y=11.0, custom_label=0.64705884, min_label=0, max_label=17, instance_name='p13.txt');0.6470588445663452;0.3994276523590088;0.40445849299430847;0.12605628371238708
Data(x=[24, 7], edge_index=[2, 10], edge_attr=[10, 5], y=10.0, custom_label=0.5882353, min_label=0, max_label=17, instance_name='p13.txt');0.5882353186607361;0.3994276523590088;0.40445849299430847;0.12605628371238708
Data(x=[24, 7], edge_index=[2, 10], edge_attr=[10, 5], y=9.0, custom_label=0.5294118, min_label=0, max_label=17, instance_name='p13.txt');0.529411792755127;0.3991895616054535;0.4112164378166199;0.12605628371238708
Data(x=[24, 7], edge_index=[2, 10], edge_attr=[10, 5], y=8.0, custom_label=0.47058824, min_label=0, max_label=17, instance_name='p13.txt');0.47058823704719543;0.3994276523590088;0.40445849299430847;0.12605628371238708
Data(x=[24, 7], edge_index=[2, 10], edge_attr=[10, 5], y=7.0, custom_label=0.4117647, min_label=0, max_label=17, instance_name='p13.txt');0.4117647111415863;0.3994276523590088;0.40445849299430847;0.12605628371238708
Data(x=[25, 7], edge_index=[2, 12], edge_attr=[12, 5], y=6.0, custom_label=0.3529412, min_label=0, max_label=17, instance_name='p13.txt');0.3529411852359772;0.1750272959470749;0.18319782614707947;0.12605628371238708
Data(x=[25, 7], edge_index=[2, 12], edge_attr=[12, 5], y=5.0, custom_label=0.29411766, min_label=0, max_label=17, instance_name='p13.txt');0.29411765933036804;0.17547059059143066;0.19457107782363892;0.12605628371238708
Data(x=[25, 7], edge_index=[2, 12], edge_attr=[12, 5], y=4.0, custom_label=0.23529412, min_label=0, max_label=17, instance_name='p13.txt');0.23529411852359772;0.1750272959470749;0.18319782614707947;0.12605628371238708
Data(x=[25, 7], edge_index=[2, 12], edge_attr=[12, 5], y=3.0, custom_label=0.1764706, min_label=0, max_label=17, instance_name='p13.txt');0.1764705926179886;0.1750272959470749;0.18319782614707947;0.12605628371238708
Data(x=[25, 7], edge_index=[2, 12], edge_attr=[12, 5], y=2.0, custom_label=0.11764706, min_label=0, max_label=17, instance_name='p13.txt');0.11764705926179886;0.19022265076637268;0.24891066551208496;0.12605628371238708
Data(x=[25, 7], edge_index=[2, 12], edge_attr=[12, 5], y=1.0, custom_label=0.05882353, min_label=0, max_label=17, instance_name='p13.txt');0.05882352963089943;0.17547059059143066;0.19457107782363892;0.12605628371238708
Data(x=[26, 7], edge_index=[2, 14], edge_attr=[14, 5], y=0.0, custom_label=0.0, min_label=0, max_label=17, instance_name='p13.txt');0.0;6.895948172314093e-05;5.4401934903580695e-05;0.12605628371238708
Data(x=[30, 7], edge_index=[2, 30], y=83.0, edge_attr=[30, 5], custom_label=1.0, min_label=0, max_label=83, instance_name='p14.txt');1.0;0.7695387601852417;0.7233358025550842;0.6659550070762634
Data(x=[30, 7], edge_index=[2, 30], y=82.0, edge_attr=[30, 5], custom_label=0.9879518, min_label=0, max_label=83, instance_name='p14.txt');0.9879518151283264;0.7695387601852417;0.7233358025550842;0.6659550070762634
Data(x=[30, 7], edge_index=[2, 30], y=81.0, edge_attr=[30, 5], custom_label=0.97590363, min_label=0, max_label=83, instance_name='p14.txt');0.9759036302566528;0.7695387601852417;0.7233358025550842;0.6659550070762634
Data(x=[30, 7], edge_index=[2, 30], y=80.0, edge_attr=[30, 5], custom_label=0.96385545, min_label=0, max_label=83, instance_name='p14.txt');0.9638554453849792;0.7695387601852417;0.7233358025550842;0.6659550070762634
Data(x=[30, 7], edge_index=[2, 30], y=79.0, edge_attr=[30, 5], custom_label=0.9518072, min_label=0, max_label=83, instance_name='p14.txt');0.9518072009086609;0.7695387601852417;0.7233358025550842;0.6659550070762634
Data(x=[30, 7], edge_index=[2, 30], y=78.0, edge_attr=[30, 5], custom_label=0.939759, min_label=0, max_label=83, instance_name='p14.txt');0.9397590160369873;0.7695387601852417;0.7233358025550842;0.6659550070762634
Data(x=[30, 7], edge_index=[2, 30], y=77.0, edge_attr=[30, 5], custom_label=0.92771083, min_label=0, max_label=83, instance_name='p14.txt');0.9277108311653137;0.7695387601852417;0.7233358025550842;0.6659550070762634
Data(x=[30, 7], edge_index=[2, 30], y=76.0, edge_attr=[30, 5], custom_label=0.91566265, min_label=0, max_label=83, instance_name='p14.txt');0.9156626462936401;0.7695387601852417;0.7233358025550842;0.6659550070762634
Data(x=[30, 7], edge_index=[2, 30], y=75.0, edge_attr=[30, 5], custom_label=0.90361446, min_label=0, max_label=83, instance_name='p14.txt');0.9036144614219666;0.7695387601852417;0.7233358025550842;0.6659550070762634
Data(x=[30, 7], edge_index=[2, 30], y=74.0, edge_attr=[30, 5], custom_label=0.8915663, min_label=0, max_label=83, instance_name='p14.txt');0.891566276550293;0.7695387601852417;0.7233358025550842;0.6659550070762634
Data(x=[30, 7], edge_index=[2, 30], y=73.0, edge_attr=[30, 5], custom_label=0.8795181, min_label=0, max_label=83, instance_name='p14.txt');0.8795180916786194;0.7695387601852417;0.7233358025550842;0.6659550070762634
Data(x=[30, 7], edge_index=[2, 30], y=72.0, edge_attr=[30, 5], custom_label=0.8674699, min_label=0, max_label=83, instance_name='p14.txt');0.8674699068069458;0.7695387601852417;0.7233358025550842;0.6659550070762634
Data(x=[30, 7], edge_index=[2, 30], y=71.0, edge_attr=[30, 5], custom_label=0.85542166, min_label=0, max_label=83, instance_name='p14.txt');0.8554216623306274;0.7695387601852417;0.7233358025550842;0.6659550070762634
Data(x=[30, 7], edge_index=[2, 30], y=70.0, edge_attr=[30, 5], custom_label=0.8433735, min_label=0, max_label=83, instance_name='p14.txt');0.8433734774589539;0.7695387601852417;0.7233358025550842;0.6659550070762634
Data(x=[30, 7], edge_index=[2, 30], y=69.0, edge_attr=[30, 5], custom_label=0.8313253, min_label=0, max_label=83, instance_name='p14.txt');0.8313252925872803;0.7695387601852417;0.7233358025550842;0.6659550070762634
Data(x=[30, 7], edge_index=[2, 30], y=68.0, edge_attr=[30, 5], custom_label=0.8192771, min_label=0, max_label=83, instance_name='p14.txt');0.8192771077156067;0.7695387601852417;0.7233358025550842;0.6659550070762634
Data(x=[30, 7], edge_index=[2, 30], y=67.0, edge_attr=[30, 5], custom_label=0.8072289, min_label=0, max_label=83, instance_name='p14.txt');0.8072289228439331;0.7695387601852417;0.7233358025550842;0.6659550070762634
Data(x=[30, 7], edge_index=[2, 30], y=66.0, edge_attr=[30, 5], custom_label=0.79518074, min_label=0, max_label=83, instance_name='p14.txt');0.7951807379722595;0.7695387601852417;0.7233358025550842;0.6659550070762634
Data(x=[30, 7], edge_index=[2, 30], y=65.0, edge_attr=[30, 5], custom_label=0.78313255, min_label=0, max_label=83, instance_name='p14.txt');0.7831325531005859;0.7695387601852417;0.7233358025550842;0.6659550070762634
Data(x=[30, 7], edge_index=[2, 30], y=64.0, edge_attr=[30, 5], custom_label=0.7710843, min_label=0, max_label=83, instance_name='p14.txt');0.7710843086242676;0.7695387601852417;0.7233358025550842;0.6659550070762634
Data(x=[30, 7], edge_index=[2, 30], y=63.0, edge_attr=[30, 5], custom_label=0.7590361, min_label=0, max_label=83, instance_name='p14.txt');0.759036123752594;0.7695387601852417;0.7233358025550842;0.6659550070762634
Data(x=[30, 7], edge_index=[2, 30], y=62.0, edge_attr=[30, 5], custom_label=0.74698794, min_label=0, max_label=83, instance_name='p14.txt');0.7469879388809204;0.7695387601852417;0.7233358025550842;0.6659550070762634
Data(x=[30, 7], edge_index=[2, 30], y=61.0, edge_attr=[30, 5], custom_label=0.73493975, min_label=0, max_label=83, instance_name='p14.txt');0.7349397540092468;0.7695387601852417;0.7233358025550842;0.6659550070762634
Data(x=[30, 7], edge_index=[2, 30], y=60.0, edge_attr=[30, 5], custom_label=0.72289157, min_label=0, max_label=83, instance_name='p14.txt');0.7228915691375732;0.7695387601852417;0.7233358025550842;0.6659550070762634
Data(x=[30, 7], edge_index=[2, 30], y=59.0, edge_attr=[30, 5], custom_label=0.7108434, min_label=0, max_label=83, instance_name='p14.txt');0.7108433842658997;0.7695387601852417;0.7233358025550842;0.6659550070762634
Data(x=[30, 7], edge_index=[2, 30], y=58.0, edge_attr=[30, 5], custom_label=0.6987952, min_label=0, max_label=83, instance_name='p14.txt');0.6987951993942261;0.7695387601852417;0.7233358025550842;0.6659550070762634
Data(x=[30, 7], edge_index=[2, 30], y=57.0, edge_attr=[30, 5], custom_label=0.686747, min_label=0, max_label=83, instance_name='p14.txt');0.6867470145225525;0.7695387601852417;0.7233358025550842;0.6659550070762634
Data(x=[30, 7], edge_index=[2, 30], y=56.0, edge_attr=[30, 5], custom_label=0.67469877, min_label=0, max_label=83, instance_name='p14.txt');0.6746987700462341;0.7695387601852417;0.7233358025550842;0.6659550070762634
Data(x=[30, 7], edge_index=[2, 30], y=55.0, edge_attr=[30, 5], custom_label=0.6626506, min_label=0, max_label=83, instance_name='p14.txt');0.6626505851745605;0.7695387601852417;0.7233358025550842;0.6659550070762634
Data(x=[30, 7], edge_index=[2, 30], y=54.0, edge_attr=[30, 5], custom_label=0.6506024, min_label=0, max_label=83, instance_name='p14.txt');0.650602400302887;0.7695387601852417;0.7233358025550842;0.6659550070762634
Data(x=[30, 7], edge_index=[2, 30], y=53.0, edge_attr=[30, 5], custom_label=0.6385542, min_label=0, max_label=83, instance_name='p14.txt');0.6385542154312134;0.7695387601852417;0.7233358025550842;0.6659550070762634
Data(x=[30, 7], edge_index=[2, 30], y=52.0, edge_attr=[30, 5], custom_label=0.62650603, min_label=0, max_label=83, instance_name='p14.txt');0.6265060305595398;0.7695387601852417;0.7233358025550842;0.6659550070762634
Data(x=[30, 7], edge_index=[2, 30], y=51.0, edge_attr=[30, 5], custom_label=0.61445785, min_label=0, max_label=83, instance_name='p14.txt');0.6144578456878662;0.7695387601852417;0.7233358025550842;0.6659550070762634
Data(x=[30, 7], edge_index=[2, 30], y=50.0, edge_attr=[30, 5], custom_label=0.60240966, min_label=0, max_label=83, instance_name='p14.txt');0.6024096608161926;0.7695387601852417;0.7233358025550842;0.6659550070762634
Data(x=[30, 7], edge_index=[2, 30], y=49.0, edge_attr=[30, 5], custom_label=0.5903614, min_label=0, max_label=83, instance_name='p14.txt');0.5903614163398743;0.7695387601852417;0.7233358025550842;0.6659550070762634
Data(x=[31, 7], edge_index=[2, 2], edge_attr=[2, 5], y=48.0, custom_label=0.57831323, min_label=0, max_label=83, instance_name='p14.txt');0.5783132314682007;0.34753650426864624;0.40093550086021423;0.12605628371238708
Data(x=[31, 7], edge_index=[2, 2], edge_attr=[2, 5], y=47.0, custom_label=0.56626505, min_label=0, max_label=83, instance_name='p14.txt');0.5662650465965271;0.34753650426864624;0.40093550086021423;0.12605628371238708
Data(x=[31, 7], edge_index=[2, 2], edge_attr=[2, 5], y=46.0, custom_label=0.55421686, min_label=0, max_label=83, instance_name='p14.txt');0.5542168617248535;0.34753650426864624;0.40093550086021423;0.12605628371238708
Data(x=[31, 7], edge_index=[2, 2], edge_attr=[2, 5], y=45.0, custom_label=0.5421687, min_label=0, max_label=83, instance_name='p14.txt');0.5421686768531799;0.34753650426864624;0.40093550086021423;0.12605628371238708
Data(x=[31, 7], edge_index=[2, 2], edge_attr=[2, 5], y=44.0, custom_label=0.5301205, min_label=0, max_label=83, instance_name='p14.txt');0.5301204919815063;0.34753650426864624;0.40093550086021423;0.12605628371238708
Data(x=[31, 7], edge_index=[2, 2], edge_attr=[2, 5], y=43.0, custom_label=0.5180723, min_label=0, max_label=83, instance_name='p14.txt');0.5180723071098328;0.34753650426864624;0.40093550086021423;0.12605628371238708
Data(x=[31, 7], edge_index=[2, 2], edge_attr=[2, 5], y=42.0, custom_label=0.5060241, min_label=0, max_label=83, instance_name='p14.txt');0.5060241222381592;0.34753650426864624;0.40093550086021423;0.12605628371238708
Data(x=[31, 7], edge_index=[2, 2], edge_attr=[2, 5], y=41.0, custom_label=0.4939759, min_label=0, max_label=83, instance_name='p14.txt');0.4939759075641632;0.34753650426864624;0.40093550086021423;0.12605628371238708
Data(x=[31, 7], edge_index=[2, 2], edge_attr=[2, 5], y=40.0, custom_label=0.48192772, min_label=0, max_label=83, instance_name='p14.txt');0.4819277226924896;0.34753650426864624;0.40093550086021423;0.12605628371238708
Data(x=[31, 7], edge_index=[2, 2], edge_attr=[2, 5], y=39.0, custom_label=0.4698795, min_label=0, max_label=83, instance_name='p14.txt');0.46987950801849365;0.34753650426864624;0.40093550086021423;0.12605628371238708
Data(x=[31, 7], edge_index=[2, 2], edge_attr=[2, 5], y=38.0, custom_label=0.45783132, min_label=0, max_label=83, instance_name='p14.txt');0.45783132314682007;0.34753650426864624;0.40093550086021423;0.12605628371238708
Data(x=[31, 7], edge_index=[2, 2], edge_attr=[2, 5], y=37.0, custom_label=0.44578314, min_label=0, max_label=83, instance_name='p14.txt');0.4457831382751465;0.34753650426864624;0.40093550086021423;0.12605628371238708
Data(x=[31, 7], edge_index=[2, 2], edge_attr=[2, 5], y=36.0, custom_label=0.43373495, min_label=0, max_label=83, instance_name='p14.txt');0.4337349534034729;0.34753650426864624;0.40093550086021423;0.12605628371238708
Data(x=[31, 7], edge_index=[2, 2], edge_attr=[2, 5], y=35.0, custom_label=0.42168674, min_label=0, max_label=83, instance_name='p14.txt');0.42168673872947693;0.34753650426864624;0.40093550086021423;0.12605628371238708
Data(x=[31, 7], edge_index=[2, 2], edge_attr=[2, 5], y=34.0, custom_label=0.40963855, min_label=0, max_label=83, instance_name='p14.txt');0.40963855385780334;0.34753650426864624;0.40093550086021423;0.12605628371238708
Data(x=[31, 7], edge_index=[2, 2], edge_attr=[2, 5], y=33.0, custom_label=0.39759037, min_label=0, max_label=83, instance_name='p14.txt');0.39759036898612976;0.34753650426864624;0.40093550086021423;0.12605628371238708
Data(x=[31, 7], edge_index=[2, 2], edge_attr=[2, 5], y=32.0, custom_label=0.38554215, min_label=0, max_label=83, instance_name='p14.txt');0.3855421543121338;0.34753650426864624;0.40093550086021423;0.12605628371238708
Data(x=[31, 7], edge_index=[2, 2], edge_attr=[2, 5], y=31.0, custom_label=0.37349397, min_label=0, max_label=83, instance_name='p14.txt');0.3734939694404602;0.34753650426864624;0.40093550086021423;0.12605628371238708
Data(x=[31, 7], edge_index=[2, 2], edge_attr=[2, 5], y=30.0, custom_label=0.36144578, min_label=0, max_label=83, instance_name='p14.txt');0.3614457845687866;0.34753650426864624;0.40093550086021423;0.12605628371238708
Data(x=[31, 7], edge_index=[2, 2], edge_attr=[2, 5], y=29.0, custom_label=0.3493976, min_label=0, max_label=83, instance_name='p14.txt');0.34939759969711304;0.34753650426864624;0.40093550086021423;0.12605628371238708
Data(x=[32, 7], edge_index=[2, 4], edge_attr=[4, 5], y=28.0, custom_label=0.33734939, min_label=0, max_label=83, instance_name='p14.txt');0.33734938502311707;0.17336097359657288;0.20756438374519348;0.12605628371238708
Data(x=[32, 7], edge_index=[2, 4], edge_attr=[4, 5], y=27.0, custom_label=0.3253012, min_label=0, max_label=83, instance_name='p14.txt');0.3253012001514435;0.17336097359657288;0.20756438374519348;0.12605628371238708
Data(x=[32, 7], edge_index=[2, 4], edge_attr=[4, 5], y=26.0, custom_label=0.31325302, min_label=0, max_label=83, instance_name='p14.txt');0.3132530152797699;0.17336097359657288;0.20756438374519348;0.12605628371238708
Data(x=[32, 7], edge_index=[2, 4], edge_attr=[4, 5], y=25.0, custom_label=0.30120483, min_label=0, max_label=83, instance_name='p14.txt');0.3012048304080963;0.17336097359657288;0.20756438374519348;0.12605628371238708
Data(x=[32, 7], edge_index=[2, 4], edge_attr=[4, 5], y=24.0, custom_label=0.28915662, min_label=0, max_label=83, instance_name='p14.txt');0.28915661573410034;0.17336097359657288;0.20756438374519348;0.12605628371238708
Data(x=[32, 7], edge_index=[2, 4], edge_attr=[4, 5], y=23.0, custom_label=0.27710843, min_label=0, max_label=83, instance_name='p14.txt');0.27710843086242676;0.17336097359657288;0.20756438374519348;0.12605628371238708
Data(x=[32, 7], edge_index=[2, 4], edge_attr=[4, 5], y=22.0, custom_label=0.26506025, min_label=0, max_label=83, instance_name='p14.txt');0.2650602459907532;0.17336097359657288;0.20756438374519348;0.12605628371238708
Data(x=[32, 7], edge_index=[2, 4], edge_attr=[4, 5], y=21.0, custom_label=0.25301206, min_label=0, max_label=83, instance_name='p14.txt');0.2530120611190796;0.17336097359657288;0.20756438374519348;0.12605628371238708
Data(x=[32, 7], edge_index=[2, 4], edge_attr=[4, 5], y=20.0, custom_label=0.24096386, min_label=0, max_label=83, instance_name='p14.txt');0.2409638613462448;0.17336097359657288;0.20756438374519348;0.12605628371238708
Data(x=[32, 7], edge_index=[2, 4], edge_attr=[4, 5], y=19.0, custom_label=0.22891566, min_label=0, max_label=83, instance_name='p14.txt');0.22891566157341003;0.17336097359657288;0.20756438374519348;0.12605628371238708
Data(x=[32, 7], edge_index=[2, 4], edge_attr=[4, 5], y=18.0, custom_label=0.21686748, min_label=0, max_label=83, instance_name='p14.txt');0.21686747670173645;0.17336097359657288;0.20756438374519348;0.12605628371238708
Data(x=[32, 7], edge_index=[2, 4], edge_attr=[4, 5], y=17.0, custom_label=0.20481928, min_label=0, max_label=83, instance_name='p14.txt');0.20481927692890167;0.17336097359657288;0.20756438374519348;0.12605628371238708
Data(x=[32, 7], edge_index=[2, 4], edge_attr=[4, 5], y=16.0, custom_label=0.19277108, min_label=0, max_label=83, instance_name='p14.txt');0.1927710771560669;0.17336097359657288;0.20756438374519348;0.12605628371238708
Data(x=[32, 7], edge_index=[2, 4], edge_attr=[4, 5], y=15.0, custom_label=0.18072289, min_label=0, max_label=83, instance_name='p14.txt');0.1807228922843933;0.17336097359657288;0.20756438374519348;0.12605628371238708
Data(x=[32, 7], edge_index=[2, 4], edge_attr=[4, 5], y=14.0, custom_label=0.16867469, min_label=0, max_label=83, instance_name='p14.txt');0.16867469251155853;0.17336097359657288;0.20756438374519348;0.12605628371238708
Data(x=[32, 7], edge_index=[2, 4], edge_attr=[4, 5], y=13.0, custom_label=0.15662651, min_label=0, max_label=83, instance_name='p14.txt');0.15662650763988495;0.17336097359657288;0.20756438374519348;0.12605628371238708
Data(x=[32, 7], edge_index=[2, 4], edge_attr=[4, 5], y=12.0, custom_label=0.14457831, min_label=0, max_label=83, instance_name='p14.txt');0.14457830786705017;0.17336097359657288;0.20756438374519348;0.12605628371238708
Data(x=[32, 7], edge_index=[2, 4], edge_attr=[4, 5], y=11.0, custom_label=0.13253012, min_label=0, max_label=83, instance_name='p14.txt');0.1325301229953766;0.17336097359657288;0.20756438374519348;0.12605628371238708
Data(x=[32, 7], edge_index=[2, 4], edge_attr=[4, 5], y=10.0, custom_label=0.12048193, min_label=0, max_label=83, instance_name='p14.txt');0.1204819306731224;0.17336097359657288;0.20756438374519348;0.12605628371238708
Data(x=[32, 7], edge_index=[2, 4], edge_attr=[4, 5], y=9.0, custom_label=0.10843374, min_label=0, max_label=83, instance_name='p14.txt');0.10843373835086823;0.17336097359657288;0.20756438374519348;0.12605628371238708
Data(x=[32, 7], edge_index=[2, 4], edge_attr=[4, 5], y=8.0, custom_label=0.09638554, min_label=0, max_label=83, instance_name='p14.txt');0.09638553857803345;0.17336097359657288;0.20756438374519348;0.12605628371238708
Data(x=[32, 7], edge_index=[2, 4], edge_attr=[4, 5], y=7.0, custom_label=0.084337346, min_label=0, max_label=83, instance_name='p14.txt');0.08433734625577927;0.17336097359657288;0.20756438374519348;0.12605628371238708
Data(x=[32, 7], edge_index=[2, 4], edge_attr=[4, 5], y=6.0, custom_label=0.072289154, min_label=0, max_label=83, instance_name='p14.txt');0.07228915393352509;0.17336097359657288;0.20756438374519348;0.12605628371238708
Data(x=[32, 7], edge_index=[2, 4], edge_attr=[4, 5], y=5.0, custom_label=0.060240965, min_label=0, max_label=83, instance_name='p14.txt');0.0602409653365612;0.17336097359657288;0.20756438374519348;0.12605628371238708
Data(x=[32, 7], edge_index=[2, 4], edge_attr=[4, 5], y=4.0, custom_label=0.04819277, min_label=0, max_label=83, instance_name='p14.txt');0.048192769289016724;0.17336097359657288;0.20756438374519348;0.12605628371238708
Data(x=[32, 7], edge_index=[2, 4], edge_attr=[4, 5], y=3.0, custom_label=0.036144577, min_label=0, max_label=83, instance_name='p14.txt');0.03614457696676254;0.17336097359657288;0.20756438374519348;0.12605628371238708
Data(x=[32, 7], edge_index=[2, 4], edge_attr=[4, 5], y=2.0, custom_label=0.024096385, min_label=0, max_label=83, instance_name='p14.txt');0.024096384644508362;0.17336097359657288;0.20756438374519348;0.12605628371238708
Data(x=[32, 7], edge_index=[2, 4], edge_attr=[4, 5], y=1.0, custom_label=0.012048192, min_label=0, max_label=83, instance_name='p14.txt');0.012048192322254181;0.17336097359657288;0.20756438374519348;0.12605628371238708
Data(x=[33, 7], edge_index=[2, 6], edge_attr=[6, 5], y=0.0, custom_label=0.0, min_label=0, max_label=83, instance_name='p14.txt');0.0;0.012247959151864052;0.002316829515621066;0.12605628371238708
Data(x=[24, 7], edge_index=[2, 10], edge_attr=[10, 5], y=0.0, custom_label=0.0, min_label=0, max_label=83, instance_name='p14.txt');0.0;0.009268858470022678;0.00457712821662426;1.6836214854265563e-05
Data(x=[22, 7], edge_index=[2, 10], edge_attr=[10, 5], y=0.0, custom_label=0.0, min_label=0, max_label=83, instance_name='p14.txt');0.0;0.00852302834391594;0.005168069154024124;4.857524800172541e-06
Data(x=[18, 7], edge_index=[2, 10], edge_attr=[10, 5], y=0.0, custom_label=0.0, min_label=0, max_label=83, instance_name='p14.txt');0.0;0.0071520195342600346;0.0071413516998291016;4.678575714933686e-05
Data(x=[23, 7], edge_index=[2, 8], edge_attr=[8, 5], y=0.0, custom_label=0.0, min_label=0, max_label=83, instance_name='p14.txt');0.0;0.008466476574540138;0.0038677500560879707;1.6133069948409684e-05
Data(x=[21, 7], edge_index=[2, 10], edge_attr=[10, 5], y=0.0, custom_label=0.0, min_label=0, max_label=83, instance_name='p14.txt');0.0;0.008186628110706806;0.005539208184927702;1.6133069948409684e-05
Data(x=[24, 7], edge_index=[2, 10], edge_attr=[10, 5], y=0.0, custom_label=0.0, min_label=0, max_label=83, instance_name='p14.txt');0.0;0.0010508731938898563;0.0005378015339374542;4.678575714933686e-05
Data(x=[21, 7], edge_index=[2, 12], edge_attr=[12, 5], y=0.0, custom_label=0.0, min_label=0, max_label=83, instance_name='p14.txt');0.0;0.0007053712615743279;0.000615114695392549;0.12605628371238708
Data(x=[19, 7], edge_index=[2, 16], edge_attr=[16, 5], y=0.0, custom_label=0.0, min_label=0, max_label=83, instance_name='p14.txt');0.0;0.0016080690547823906;0.010047943331301212;0.12605628371238708
Data(x=[22, 7], edge_index=[2, 10], edge_attr=[10, 5], y=0.0, custom_label=0.0, min_label=0, max_label=83, instance_name='p14.txt');0.0;0.0007870128029026091;0.0004999528173357248;6.252767889236566e-06
Data(x=[23, 7], edge_index=[2, 12], edge_attr=[12, 5], y=0.0, custom_label=0.0, min_label=0, max_label=83, instance_name='p14.txt');0.0;0.0013369794469326735;0.0006609322736039758;0.12605628371238708
Data(x=[23, 7], edge_index=[2, 8], edge_attr=[8, 5], y=0.0, custom_label=0.0, min_label=0, max_label=83, instance_name='p14.txt');0.0;0.008466480299830437;0.0038677500560879707;0.12605628371238708
Data(x=[18, 7], edge_index=[2, 6], edge_attr=[6, 5], y=0.0, custom_label=0.0, min_label=0, max_label=83, instance_name='p14.txt');0.0;0.006236664950847626;0.004005810245871544;0.12605628371238708
Data(x=[21, 7], edge_index=[2, 10], edge_attr=[10, 5], y=0.0, custom_label=0.0, min_label=0, max_label=83, instance_name='p14.txt');0.0;0.0006693003815598786;0.00047953258035704494;0.12605628371238708
Data(x=[27, 7], edge_index=[2, 12], edge_attr=[12, 5], y=0.0, custom_label=0.0, min_label=0, max_label=83, instance_name='p14.txt');0.0;0.001580383745022118;0.0007136014755815268;1.572806988814346e-11
Data(x=[22, 7], edge_index=[2, 10], edge_attr=[10, 5], y=0.0, custom_label=0.0, min_label=0, max_label=83, instance_name='p14.txt');0.0;0.0007870128029026091;0.0004999528173357248;1.6836214854265563e-05
Data(x=[21, 7], edge_index=[2, 10], edge_attr=[10, 5], y=0.0, custom_label=0.0, min_label=0, max_label=83, instance_name='p14.txt');0.0;0.008186628110706806;0.005539208184927702;4.678575714933686e-05
Data(x=[29, 7], edge_index=[2, 12], edge_attr=[12, 5], y=0.0, custom_label=0.0, min_label=0, max_label=8, instance_name='p15.txt');0.0;0.00012194948794785887;6.256021879380569e-05;0.12605628371238708
Data(x=[27, 7], edge_index=[2, 16], edge_attr=[16, 5], y=0.0, custom_label=0.0, min_label=0, max_label=8, instance_name='p15.txt');0.0;8.908313611755148e-05;7.405215728795156e-05;6.252767889236566e-06
Data(x=[33, 7], edge_index=[2, 14], edge_attr=[14, 5], y=0.0, custom_label=0.0, min_label=0, max_label=8, instance_name='p15.txt');0.0;0.00024364274577237666;0.00010487906547496095;0.12605628371238708
Data(x=[34, 7], edge_index=[2, 12], edge_attr=[12, 5], y=1.0, custom_label=0.125, min_label=0, max_label=8, instance_name='p15.txt');0.125;0.17666976153850555;0.18021687865257263;0.12605628371238708
Data(x=[35, 7], edge_index=[2, 14], edge_attr=[14, 5], y=0.0, custom_label=0.0, min_label=0, max_label=8, instance_name='p15.txt');0.0;0.0014310387196019292;0.0005247066146694124;0.12605628371238708
Data(x=[29, 7], edge_index=[2, 10], edge_attr=[10, 5], y=0.0, custom_label=0.0, min_label=0, max_label=8, instance_name='p15.txt');0.0;0.0001175988363684155;5.223398329690099e-05;0.12605628371238708
Data(x=[34, 7], edge_index=[2, 16], edge_attr=[16, 5], y=0.0, custom_label=0.0, min_label=0, max_label=8, instance_name='p15.txt');0.0;0.0002893850614782423;0.00013141644012648612;4.1228686313843355e-06
Data(x=[28, 7], edge_index=[2, 16], edge_attr=[16, 5], y=0.0, custom_label=0.0, min_label=0, max_label=8, instance_name='p15.txt');0.0;0.0007087441626936197;0.0005142674199305475;0.12605628371238708
Data(x=[30, 7], edge_index=[2, 14], edge_attr=[14, 5], y=0.0, custom_label=0.0, min_label=0, max_label=8, instance_name='p15.txt');0.0;0.0001509243156760931;8.218747097998857e-05;0.12605628371238708
Data(x=[36, 7], edge_index=[2, 16], edge_attr=[16, 5], y=0.0, custom_label=0.0, min_label=0, max_label=8, instance_name='p15.txt');0.0;0.00037711948971264064;0.00014860321243759245;0.12605628371238708
Data(x=[31, 7], edge_index=[2, 14], edge_attr=[14, 5], y=3.0, custom_label=0.375, min_label=0, max_label=8, instance_name='p15.txt');0.375;0.14161668717861176;0.11659973114728928;0.12605628371238708
Data(x=[30, 7], edge_index=[2, 12], edge_attr=[12, 5], y=2.0, custom_label=0.25, min_label=0, max_label=8, instance_name='p15.txt');0.25;0.16843515634536743;0.21814551949501038;0.12605628371238708
Data(x=[30, 7], edge_index=[2, 12], edge_attr=[12, 5], y=1.0, custom_label=0.125, min_label=0, max_label=8, instance_name='p15.txt');0.125;0.15893548727035522;0.1765407770872116;0.12605628371238708
Data(x=[31, 7], edge_index=[2, 14], edge_attr=[14, 5], y=0.0, custom_label=0.0, min_label=0, max_label=8, instance_name='p15.txt');0.0;0.00017861550441011786;8.961436833487824e-05;0.12605628371238708
Data(x=[35, 7], edge_index=[2, 14], edge_attr=[14, 5], y=2.0, custom_label=0.25, min_label=0, max_label=8, instance_name='p15.txt');0.25;0.14067567884922028;0.14605669677257538;0.12605628371238708
Data(x=[34, 7], edge_index=[2, 10], edge_attr=[10, 5], y=1.0, custom_label=0.125, min_label=0, max_label=8, instance_name='p15.txt');0.125;0.13630454242229462;0.1315913051366806;0.12605628371238708
Data(x=[35, 7], edge_index=[2, 12], edge_attr=[12, 5], y=0.0, custom_label=0.0, min_label=0, max_label=8, instance_name='p15.txt');0.0;0.0003147645911667496;0.00010382004984421656;0.12605628371238708
Data(x=[35, 7], edge_index=[2, 10], edge_attr=[10, 5], y=0.0, custom_label=0.0, min_label=0, max_label=8, instance_name='p15.txt');0.0;0.0013579606311395764;0.00038916958146728575;0.12605628371238708
Data(x=[36, 7], edge_index=[2, 14], edge_attr=[14, 5], y=0.0, custom_label=0.0, min_label=0, max_label=8, instance_name='p15.txt');0.0;0.00045929208863526583;0.00012963823974132538;0.12605628371238708
Data(x=[28, 7], edge_index=[2, 16], edge_attr=[16, 5], y=0.0, custom_label=0.0, min_label=0, max_label=8, instance_name='p15.txt');0.0;0.0001087775599444285;8.179974247468635e-05;1.272016470466042e-05
Data(x=[31, 7], edge_index=[2, 8], edge_attr=[8, 5], y=5.0, custom_label=0.625, min_label=0, max_label=8, instance_name='p15.txt');0.625;0.14728301763534546;0.17172443866729736;0.12605628371238708
Data(x=[31, 7], edge_index=[2, 8], edge_attr=[8, 5], y=4.0, custom_label=0.5, min_label=0, max_label=8, instance_name='p15.txt');0.5;0.14728301763534546;0.17172443866729736;0.12605628371238708
Data(x=[31, 7], edge_index=[2, 8], edge_attr=[8, 5], y=3.0, custom_label=0.375, min_label=0, max_label=8, instance_name='p15.txt');0.375;0.14728301763534546;0.17172443866729736;0.12605628371238708
Data(x=[31, 7], edge_index=[2, 8], edge_attr=[8, 5], y=2.0, custom_label=0.25, min_label=0, max_label=8, instance_name='p15.txt');0.25;0.14728301763534546;0.17172443866729736;0.12605628371238708
Data(x=[31, 7], edge_index=[2, 8], edge_attr=[8, 5], y=1.0, custom_label=0.125, min_label=0, max_label=8, instance_name='p15.txt');0.125;0.14728301763534546;0.17172443866729736;0.12605628371238708
Data(x=[32, 7], edge_index=[2, 10], edge_attr=[10, 5], y=0.0, custom_label=0.0, min_label=0, max_label=8, instance_name='p15.txt');0.0;0.0010077351471409202;0.00035017007030546665;0.12605628371238708
Data(x=[28, 7], edge_index=[2, 12], edge_attr=[12, 5], y=0.0, custom_label=0.0, min_label=0, max_label=8, instance_name='p15.txt');0.0;0.0006562402122654021;0.0003539673052728176;0.12605628371238708
Data(x=[28, 7], edge_index=[2, 10], edge_attr=[10, 5], y=0.0, custom_label=0.0, min_label=0, max_label=8, instance_name='p15.txt');0.0;0.0006316027138382196;0.00029365799855440855;0.12605628371238708
Data(x=[34, 7], edge_index=[2, 12], edge_attr=[12, 5], y=0.0, custom_label=0.0, min_label=0, max_label=8, instance_name='p15.txt');0.0;0.0017925688298419118;0.0011011195601895452;0.12605628371238708
Data(x=[33, 7], edge_index=[2, 20], edge_attr=[20, 5], y=0.0, custom_label=0.0, min_label=0, max_label=8, instance_name='p15.txt');0.0;0.0005013389163650572;0.0006423101876862347;6.252767889236566e-06
Data(x=[35, 7], edge_index=[2, 12], edge_attr=[12, 5], y=0.0, custom_label=0.0, min_label=0, max_label=8, instance_name='p15.txt');0.0;0.0003147645911667496;0.00010382004984421656;0.12605628371238708
Data(x=[37, 7], edge_index=[2, 16], edge_attr=[16, 5], y=0.0, custom_label=0.0, min_label=0, max_label=8, instance_name='p15.txt');0.0;0.00042590140947140753;0.00015723657270427793;0.12605628371238708
Data(x=[30, 7], edge_index=[2, 16], edge_attr=[16, 5], y=0.0, custom_label=0.0, min_label=0, max_label=8, instance_name='p15.txt');0.0;0.00015622125647496432;9.78444586507976e-05;1.6836214854265563e-05
Data(x=[28, 7], edge_index=[2, 12], edge_attr=[12, 5], y=0.0, custom_label=0.0, min_label=0, max_label=8, instance_name='p15.txt');0.0;0.000974945374764502;0.0010810332605615258;0.12605628371238708
Data(x=[28, 7], edge_index=[2, 12], edge_attr=[12, 5], y=0.0, custom_label=0.0, min_label=0, max_label=8, instance_name='p15.txt');0.0;0.0006562402122654021;0.0003539676545187831;4.678575714933686e-05
Data(x=[27, 7], edge_index=[2, 14], edge_attr=[14, 5], y=0.0, custom_label=0.0, min_label=0, max_label=8, instance_name='p15.txt');0.0;0.00018194055883213878;0.00031265427242033184;0.12605628371238708
Data(x=[27, 7], edge_index=[2, 12], edge_attr=[12, 5], y=0.0, custom_label=0.0, min_label=0, max_label=8, instance_name='p15.txt');0.0;8.232073741964996e-05;5.0262260629097e-05;1.173686541733332e-05
Data(x=[27, 7], edge_index=[2, 10], edge_attr=[10, 5], y=0.0, custom_label=0.0, min_label=0, max_label=8, instance_name='p15.txt');0.0;0.0005521283601410687;0.0002787361736409366;0.12605628371238708
Data(x=[39, 7], edge_index=[2, 14], edge_attr=[14, 5], y=5.0, custom_label=0.625, min_label=0, max_label=8, instance_name='p15.txt');0.625;0.16236591339111328;0.12577424943447113;0.12605628371238708
Data(x=[39, 7], edge_index=[2, 14], edge_attr=[14, 5], y=4.0, custom_label=0.5, min_label=0, max_label=8, instance_name='p15.txt');0.5;0.16236591339111328;0.12577424943447113;0.12605628371238708
Data(x=[39, 7], edge_index=[2, 14], edge_attr=[14, 5], y=3.0, custom_label=0.375, min_label=0, max_label=8, instance_name='p15.txt');0.375;0.16236591339111328;0.12577424943447113;0.12605628371238708
Data(x=[39, 7], edge_index=[2, 14], edge_attr=[14, 5], y=2.0, custom_label=0.25, min_label=0, max_label=8, instance_name='p15.txt');0.25;0.16686324775218964;0.14359022676944733;0.12605628371238708
Data(x=[39, 7], edge_index=[2, 14], edge_attr=[14, 5], y=1.0, custom_label=0.125, min_label=0, max_label=8, instance_name='p15.txt');0.125;0.16686324775218964;0.14359022676944733;0.12605628371238708
Data(x=[40, 7], edge_index=[2, 16], edge_attr=[16, 5], y=0.0, custom_label=0.0, min_label=0, max_label=8, instance_name='p15.txt');0.0;0.0005927860038354993;0.0001831347035476938;0.12605628371238708
Data(x=[30, 7], edge_index=[2, 10], edge_attr=[10, 5], y=0.0, custom_label=0.0, min_label=0, max_label=8, instance_name='p15.txt');0.0;0.00014103321882430464;5.7988268963526934e-05;3.764807843253948e-05
Data(x=[37, 7], edge_index=[2, 14], edge_attr=[14, 5], y=0.0, custom_label=0.0, min_label=0, max_label=8, instance_name='p15.txt');0.0;0.001697335159406066;0.0005487054004333913;0.12605628371238708
Data(x=[30, 7], edge_index=[2, 12], edge_attr=[12, 5], y=0.0, custom_label=0.0, min_label=0, max_label=8, instance_name='p15.txt');0.0;0.0008360667852684855;0.00038398997276090086;0.12605628371238708
Data(x=[32, 7], edge_index=[2, 16], edge_attr=[16, 5], y=0.0, custom_label=0.0, min_label=0, max_label=8, instance_name='p15.txt');0.0;0.0002163195313187316;0.00011444506526459008;0.12605628371238708
Data(x=[26, 7], edge_index=[2, 16], edge_attr=[16, 5], y=0.0, custom_label=0.0, min_label=0, max_label=8, instance_name='p15.txt');0.0;7.184169953688979e-05;6.652720185229555e-05;6.252767889236566e-06
Data(x=[30, 7], edge_index=[2, 14], edge_attr=[14, 5], y=0.0, custom_label=0.0, min_label=0, max_label=8, instance_name='p15.txt');0.0;0.0008655103156343102;0.0004571154713630676;4.678575714933686e-05
Data(x=[27, 7], edge_index=[2, 12], edge_attr=[12, 5], y=0.0, custom_label=0.0, min_label=0, max_label=8, instance_name='p15.txt');0.0;8.232073741964996e-05;5.026221333537251e-05;4.658041689253878e-06
Data(x=[27, 7], edge_index=[2, 10], edge_attr=[10, 5], y=1.0, custom_label=0.125, min_label=0, max_label=8, instance_name='p15.txt');0.125;0.1450769454240799;0.16650912165641785;0.12605628371238708
Data(x=[28, 7], edge_index=[2, 12], edge_attr=[12, 5], y=0.0, custom_label=0.0, min_label=0, max_label=8, instance_name='p15.txt');0.0;0.00010090039722854272;5.629469160339795e-05;0.12605628371238708
Data(x=[39, 7], edge_index=[2, 16], edge_attr=[16, 5], y=0.0, custom_label=0.0, min_label=0, max_label=8, instance_name='p15.txt');0.0;0.0020255115814507008;0.000653121795039624;0.12605628371238708
Data(x=[36, 7], edge_index=[2, 16], edge_attr=[16, 5], y=0.0, custom_label=0.0, min_label=0, max_label=8, instance_name='p15.txt');0.0;0.00037711948971264064;0.00014860348892398179;0.12605628371238708
Data(x=[32, 7], edge_index=[2, 10], edge_attr=[10, 5], y=0.0, custom_label=0.0, min_label=0, max_label=8, instance_name='p15.txt');0.0;0.00019733136286959052;7.008149987086654e-05;0.12605628371238708
Data(x=[30, 7], edge_index=[2, 12], edge_attr=[12, 5], y=0.0, custom_label=0.0, min_label=0, max_label=8, instance_name='p15.txt');0.0;0.0008360667852684855;0.00038398997276090086;4.678575714933686e-05
Data(x=[30, 7], edge_index=[2, 16], edge_attr=[16, 5], y=0.0, custom_label=0.0, min_label=0, max_label=8, instance_name='p15.txt');0.0;0.00015622125647496432;9.78444586507976e-05;0.12605628371238708
Data(x=[30, 7], edge_index=[2, 14], edge_attr=[14, 5], y=2.0, custom_label=0.25, min_label=0, max_label=8, instance_name='p15.txt');0.25;0.14527437090873718;0.1718967854976654;4.857524800172541e-06
Data(x=[29, 7], edge_index=[2, 10], edge_attr=[10, 5], y=1.0, custom_label=0.125, min_label=0, max_label=8, instance_name='p15.txt');0.125;0.14051516354084015;0.15744028985500336;4.857524800172541e-06
Data(x=[30, 7], edge_index=[2, 12], edge_attr=[12, 5], y=0.0, custom_label=0.0, min_label=0, max_label=8, instance_name='p15.txt');0.0;0.0001457865146221593;6.903561006765813e-05;4.857524800172541e-06
Data(x=[31, 7], edge_index=[2, 10], edge_attr=[10, 5], y=3.0, custom_label=0.375, min_label=0, max_label=8, instance_name='p15.txt');0.375;0.11359365284442902;0.09690193086862564;0.12605628371238708
Data(x=[30, 7], edge_index=[2, 8], edge_attr=[8, 5], y=2.0, custom_label=0.25, min_label=0, max_label=8, instance_name='p15.txt');0.25;0.12255246192216873;0.13977423310279846;0.12605628371238708
Data(x=[30, 7], edge_index=[2, 8], edge_attr=[8, 5], y=1.0, custom_label=0.125, min_label=0, max_label=8, instance_name='p15.txt');0.125;0.12255246192216873;0.13977423310279846;0.12605628371238708
Data(x=[31, 7], edge_index=[2, 10], edge_attr=[10, 5], y=0.0, custom_label=0.0, min_label=0, max_label=8, instance_name='p15.txt');0.0;0.0001676023966865614;6.39438585494645e-05;0.12605628371238708
Data(x=[28, 7], edge_index=[2, 14], edge_attr=[14, 5], y=0.0, custom_label=0.0, min_label=0, max_label=8, instance_name='p15.txt');0.0;0.00010476931493030861;6.785942969145253e-05;1.3076529876282494e-12
Data(x=[30, 7], edge_index=[2, 14], edge_attr=[14, 5], y=0.0, custom_label=0.0, min_label=0, max_label=8, instance_name='p15.txt');0.0;0.002251802245154977;0.0008582473383285105;0.12605628371238708
Data(x=[25, 7], edge_index=[2, 12], edge_attr=[12, 5], y=0.0, custom_label=0.0, min_label=0, max_label=8, instance_name='p15.txt');0.0;0.0004294378450140357;0.0003057165304198861;0.12605628371238708
Data(x=[35, 7], edge_index=[2, 10], edge_attr=[10, 5], y=0.0, custom_label=0.0, min_label=0, max_label=8, instance_name='p15.txt');0.0;0.0003066652570851147;8.940653060562909e-05;0.12605628371238708
Data(x=[30, 7], edge_index=[2, 16], edge_attr=[16, 5], y=1.0, custom_label=0.125, min_label=0, max_label=8, instance_name='p15.txt');0.125;0.18878068029880524;0.18388395011425018;0.12605628371238708
Data(x=[30, 7], edge_index=[2, 16], edge_attr=[16, 5], y=0.0, custom_label=0.0, min_label=0, max_label=8, instance_name='p15.txt');0.0;0.0023324359208345413;0.0010215961374342442;0.12605628371238708
Data(x=[31, 7], edge_index=[2, 16], edge_attr=[16, 5], y=0.0, custom_label=0.0, min_label=0, max_label=8, instance_name='p15.txt');0.0;0.0001846832747105509;0.0001060876966221258;4.857524800172541e-06
Data(x=[34, 7], edge_index=[2, 12], edge_attr=[12, 5], y=0.0, custom_label=0.0, min_label=0, max_label=8, instance_name='p15.txt');0.0;0.0012689538998529315;0.0004390886751934886;0.12605628371238708
Data(x=[39, 7], edge_index=[2, 12], edge_attr=[12, 5], y=0.0, custom_label=0.0, min_label=0, max_label=8, instance_name='p15.txt');0.0;0.0019341007573530078;0.0004995064809918404;0.12605628371238708
Data(x=[31, 7], edge_index=[2, 14], edge_attr=[14, 5], y=4.0, custom_label=0.5, min_label=0, max_label=8, instance_name='p15.txt');0.5;0.14161668717861176;0.11659973114728928;4.678575714933686e-05
Data(x=[30, 7], edge_index=[2, 12], edge_attr=[12, 5], y=3.0, custom_label=0.375, min_label=0, max_label=8, instance_name='p15.txt');0.375;0.15688127279281616;0.1634701043367386;4.678575714933686e-05
Data(x=[30, 7], edge_index=[2, 12], edge_attr=[12, 5], y=2.0, custom_label=0.25, min_label=0, max_label=8, instance_name='p15.txt');0.25;0.15688127279281616;0.1634701043367386;4.678575714933686e-05
Data(x=[30, 7], edge_index=[2, 12], edge_attr=[12, 5], y=1.0, custom_label=0.125, min_label=0, max_label=8, instance_name='p15.txt');0.125;0.15688127279281616;0.1634701043367386;4.678575714933686e-05
Data(x=[31, 7], edge_index=[2, 14], edge_attr=[14, 5], y=0.0, custom_label=0.0, min_label=0, max_label=8, instance_name='p15.txt');0.0;0.00017861550441011786;8.961436833487824e-05;4.678575714933686e-05
Data(x=[34, 7], edge_index=[2, 10], edge_attr=[10, 5], y=0.0, custom_label=0.0, min_label=0, max_label=8, instance_name='p15.txt');0.0;0.0012353878701105714;0.0003764885477721691;0.12605628371238708
Data(x=[38, 7], edge_index=[2, 12], edge_attr=[12, 5], y=0.0, custom_label=0.0, min_label=0, max_label=8, instance_name='p15.txt');0.0;0.00045644163037650287;0.00012595609587151557;0.12605628371238708
Data(x=[29, 7], edge_index=[2, 14], edge_attr=[14, 5], y=0.0, custom_label=0.0, min_label=0, max_label=8, instance_name='p15.txt');0.0;0.00012646106188185513;7.492770964745432e-05;0.12605628371238708
Data(x=[31, 7], edge_index=[2, 16], edge_attr=[16, 5], y=0.0, custom_label=0.0, min_label=0, max_label=8, instance_name='p15.txt');0.0;0.0001846832747105509;0.00010608760203467682;0.12605628371238708
Data(x=[35, 7], edge_index=[2, 14], edge_attr=[14, 5], y=0.0, custom_label=0.0, min_label=0, max_label=8, instance_name='p15.txt');0.0;0.0003230774309486151;0.00012055694969603792;4.1228686313843355e-06
Data(x=[26, 7], edge_index=[2, 12], edge_attr=[12, 5], y=3.0, custom_label=0.375, min_label=0, max_label=8, instance_name='p15.txt');0.375;0.17030368745326996;0.1795315146446228;0.12605628371238708
Data(x=[25, 7], edge_index=[2, 10], edge_attr=[10, 5], y=2.0, custom_label=0.25, min_label=0, max_label=8, instance_name='p15.txt');0.25;0.19022265076637268;0.20349465310573578;0.12605628371238708
Data(x=[25, 7], edge_index=[2, 10], edge_attr=[10, 5], y=1.0, custom_label=0.125, min_label=0, max_label=8, instance_name='p15.txt');0.125;0.19022265076637268;0.20349465310573578;0.12605628371238708
Data(x=[26, 7], edge_index=[2, 12], edge_attr=[12, 5], y=0.0, custom_label=0.0, min_label=0, max_label=8, instance_name='p15.txt');0.0;0.0004991602618247271;0.00032223027665168047;0.12605628371238708
Data(x=[35, 7], edge_index=[2, 14], edge_attr=[14, 5], y=0.0, custom_label=0.0, min_label=0, max_label=8, instance_name='p15.txt');0.0;0.0014310387196019292;0.0005247066146694124;0.12605628371238708
Data(x=[37, 7], edge_index=[2, 12], edge_attr=[12, 5], y=0.0, custom_label=0.0, min_label=0, max_label=8, instance_name='p15.txt');0.0;0.0004057244514115155;0.00011850931332446635;6.252767889236566e-06
Data(x=[29, 7], edge_index=[2, 14], edge_attr=[14, 5], y=0.0, custom_label=0.0, min_label=0, max_label=8, instance_name='p15.txt');0.0;0.00016493296425323933;7.574835763080046e-05;0.12605628371238708
Data(x=[37, 7], edge_index=[2, 14], edge_attr=[14, 5], y=3.0, custom_label=0.375, min_label=0, max_label=8, instance_name='p15.txt');0.375;0.13547508418560028;0.08096516132354736;0.12605628371238708
Data(x=[36, 7], edge_index=[2, 12], edge_attr=[12, 5], y=2.0, custom_label=0.25, min_label=0, max_label=8, instance_name='p15.txt');0.25;0.1499554067850113;0.1326642632484436;0.12605628371238708
Data(x=[36, 7], edge_index=[2, 12], edge_attr=[12, 5], y=1.0, custom_label=0.125, min_label=0, max_label=8, instance_name='p15.txt');0.125;0.1499554067850113;0.13266423344612122;0.12605628371238708
Data(x=[37, 7], edge_index=[2, 14], edge_attr=[14, 5], y=0.0, custom_label=0.0, min_label=0, max_label=8, instance_name='p15.txt');0.0;0.00041552906623110175;0.00013650659820996225;0.12605628371238708
Data(x=[30, 7], edge_index=[2, 16], edge_attr=[16, 5], y=0.0, custom_label=0.0, min_label=0, max_label=8, instance_name='p15.txt');0.0;0.00015622125647496432;9.78444586507976e-05;1.272016470466042e-05
Data(x=[38, 7], edge_index=[2, 14], edge_attr=[14, 5], y=0.0, custom_label=0.0, min_label=0, max_label=8, instance_name='p15.txt');0.0;0.0004670096386689693;0.00014454530901275575;0.12605628371238708
Data(x=[34, 7], edge_index=[2, 14], edge_attr=[14, 5], y=0.0, custom_label=0.0, min_label=0, max_label=8, instance_name='p15.txt');0.0;0.0002817303757183254;0.00011267568334005773;3.764807843253948e-05
Data(x=[27, 7], edge_index=[2, 12], edge_attr=[12, 5], y=0.0, custom_label=0.0, min_label=0, max_label=8, instance_name='p15.txt');0.0;0.0005747604300267994;0.00033831436303444207;0.12605628371238708
Data(x=[32, 7], edge_index=[2, 10], edge_attr=[10, 5], y=8.0, custom_label=1.0, min_label=0, max_label=8, instance_name='p15.txt');1.0;0.2653791606426239;0.314728319644928;0.12605628371238708
Data(x=[32, 7], edge_index=[2, 10], edge_attr=[10, 5], y=7.0, custom_label=0.875, min_label=0, max_label=8, instance_name='p15.txt');0.875;0.2653791606426239;0.314728319644928;0.12605628371238708
Data(x=[32, 7], edge_index=[2, 10], edge_attr=[10, 5], y=6.0, custom_label=0.75, min_label=0, max_label=8, instance_name='p15.txt');0.75;0.2653791606426239;0.314728319644928;0.12605628371238708
Data(x=[32, 7], edge_index=[2, 10], edge_attr=[10, 5], y=5.0, custom_label=0.625, min_label=0, max_label=8, instance_name='p15.txt');0.625;0.2653791606426239;0.314728319644928;0.12605628371238708
Data(x=[32, 7], edge_index=[2, 10], edge_attr=[10, 5], y=4.0, custom_label=0.5, min_label=0, max_label=8, instance_name='p15.txt');0.5;0.2804124355316162;0.37446221709251404;0.12605628371238708
Data(x=[32, 7], edge_index=[2, 10], edge_attr=[10, 5], y=3.0, custom_label=0.375, min_label=0, max_label=8, instance_name='p15.txt');0.375;0.2804124355316162;0.37446221709251404;0.12605628371238708
Data(x=[32, 7], edge_index=[2, 10], edge_attr=[10, 5], y=2.0, custom_label=0.25, min_label=0, max_label=8, instance_name='p15.txt');0.25;0.2653791606426239;0.31472834944725037;0.12605628371238708
Data(x=[33, 7], edge_index=[2, 12], edge_attr=[12, 5], y=1.0, custom_label=0.125, min_label=0, max_label=8, instance_name='p15.txt');0.125;0.15516042709350586;0.16379275918006897;0.12605628371238708
Data(x=[33, 7], edge_index=[2, 12], edge_attr=[12, 5], y=0.0, custom_label=0.0, min_label=0, max_label=8, instance_name='p15.txt');0.0;0.0016399043379351497;0.0010982564417645335;0.12605628371238708
Data(x=[42, 7], edge_index=[2, 42], y=146.0, edge_attr=[42, 5], custom_label=1.0, min_label=0, max_label=146, instance_name='p16.txt');1.0;0.6813033223152161;0.6594492793083191;0.6659550070762634
Data(x=[42, 7], edge_index=[2, 42], y=145.0, edge_attr=[42, 5], custom_label=0.9931507, min_label=0, max_label=146, instance_name='p16.txt');0.9931507110595703;0.6813033223152161;0.6594492793083191;0.6659550070762634
Data(x=[42, 7], edge_index=[2, 42], y=144.0, edge_attr=[42, 5], custom_label=0.98630136, min_label=0, max_label=146, instance_name='p16.txt');0.9863013625144958;0.6813033223152161;0.6594492793083191;0.6659550070762634
Data(x=[42, 7], edge_index=[2, 42], y=143.0, edge_attr=[42, 5], custom_label=0.9794521, min_label=0, max_label=146, instance_name='p16.txt');0.9794520735740662;0.6813033223152161;0.6594492793083191;0.6659550070762634
Data(x=[42, 7], edge_index=[2, 42], y=142.0, edge_attr=[42, 5], custom_label=0.9726027, min_label=0, max_label=146, instance_name='p16.txt');0.9726027250289917;0.6813033223152161;0.6594492793083191;0.6659550070762634
Data(x=[42, 7], edge_index=[2, 42], y=141.0, edge_attr=[42, 5], custom_label=0.96575344, min_label=0, max_label=146, instance_name='p16.txt');0.965753436088562;0.6813033223152161;0.6594492793083191;0.6659550070762634
Data(x=[42, 7], edge_index=[2, 42], y=140.0, edge_attr=[42, 5], custom_label=0.9589041, min_label=0, max_label=146, instance_name='p16.txt');0.9589040875434875;0.6813033223152161;0.6594492793083191;0.6659550070762634
Data(x=[42, 7], edge_index=[2, 42], y=139.0, edge_attr=[42, 5], custom_label=0.9520548, min_label=0, max_label=146, instance_name='p16.txt');0.9520547986030579;0.6813033223152161;0.6594492793083191;0.6659550070762634
Data(x=[42, 7], edge_index=[2, 42], y=138.0, edge_attr=[42, 5], custom_label=0.94520545, min_label=0, max_label=146, instance_name='p16.txt');0.9452054500579834;0.6813033223152161;0.6594492793083191;0.6659550070762634
Data(x=[42, 7], edge_index=[2, 42], y=137.0, edge_attr=[42, 5], custom_label=0.93835616, min_label=0, max_label=146, instance_name='p16.txt');0.9383561611175537;0.6813033223152161;0.6594492793083191;0.6659550070762634
Data(x=[42, 7], edge_index=[2, 42], y=136.0, edge_attr=[42, 5], custom_label=0.9315069, min_label=0, max_label=146, instance_name='p16.txt');0.931506872177124;0.6813033223152161;0.6594492793083191;0.6659550070762634
Data(x=[42, 7], edge_index=[2, 42], y=135.0, edge_attr=[42, 5], custom_label=0.9246575, min_label=0, max_label=146, instance_name='p16.txt');0.9246575236320496;0.6813033223152161;0.6594492793083191;0.6659550070762634
Data(x=[42, 7], edge_index=[2, 42], y=134.0, edge_attr=[42, 5], custom_label=0.91780823, min_label=0, max_label=146, instance_name='p16.txt');0.9178082346916199;0.6813033223152161;0.6594492793083191;0.6659550070762634
Data(x=[42, 7], edge_index=[2, 42], y=133.0, edge_attr=[42, 5], custom_label=0.9109589, min_label=0, max_label=146, instance_name='p16.txt');0.9109588861465454;0.6813033223152161;0.6594492793083191;0.6659550070762634
Data(x=[42, 7], edge_index=[2, 42], y=132.0, edge_attr=[42, 5], custom_label=0.9041096, min_label=0, max_label=146, instance_name='p16.txt');0.9041095972061157;0.6813033223152161;0.6594492793083191;0.6659550070762634
Data(x=[42, 7], edge_index=[2, 42], y=131.0, edge_attr=[42, 5], custom_label=0.89726025, min_label=0, max_label=146, instance_name='p16.txt');0.8972602486610413;0.6813033223152161;0.6594492793083191;0.6659550070762634
Data(x=[42, 7], edge_index=[2, 42], y=130.0, edge_attr=[42, 5], custom_label=0.89041096, min_label=0, max_label=146, instance_name='p16.txt');0.8904109597206116;0.6813033223152161;0.6594492793083191;0.6659550070762634
Data(x=[42, 7], edge_index=[2, 42], y=129.0, edge_attr=[42, 5], custom_label=0.8835617, min_label=0, max_label=146, instance_name='p16.txt');0.8835616707801819;0.6813033223152161;0.6594492793083191;0.6659550070762634
Data(x=[42, 7], edge_index=[2, 42], y=128.0, edge_attr=[42, 5], custom_label=0.8767123, min_label=0, max_label=146, instance_name='p16.txt');0.8767123222351074;0.6813033223152161;0.6594492793083191;0.6659550070762634
Data(x=[42, 7], edge_index=[2, 42], y=127.0, edge_attr=[42, 5], custom_label=0.86986303, min_label=0, max_label=146, instance_name='p16.txt');0.8698630332946777;0.6813033223152161;0.6594492793083191;0.6659550070762634
Data(x=[42, 7], edge_index=[2, 42], y=126.0, edge_attr=[42, 5], custom_label=0.8630137, min_label=0, max_label=146, instance_name='p16.txt');0.8630136847496033;0.6813033223152161;0.6594492793083191;0.6659550070762634
Data(x=[42, 7], edge_index=[2, 42], y=125.0, edge_attr=[42, 5], custom_label=0.8561644, min_label=0, max_label=146, instance_name='p16.txt');0.8561643958091736;0.6813033223152161;0.6594492793083191;0.6659550070762634
Data(x=[43, 7], edge_index=[2, 2], edge_attr=[2, 5], y=124.0, custom_label=0.84931505, min_label=0, max_label=146, instance_name='p16.txt');0.8493150472640991;0.28235140442848206;0.3127744197845459;0.12605628371238708
Data(x=[42, 7], edge_index=[2, 42], y=123.0, edge_attr=[42, 5], custom_label=0.84246576, min_label=0, max_label=146, instance_name='p16.txt');0.8424657583236694;0.6813033223152161;0.6594492793083191;0.6659550070762634
Data(x=[42, 7], edge_index=[2, 42], y=122.0, edge_attr=[42, 5], custom_label=0.8356164, min_label=0, max_label=146, instance_name='p16.txt');0.835616409778595;0.6813033223152161;0.6594492793083191;0.6659550070762634
Data(x=[42, 7], edge_index=[2, 42], y=121.0, edge_attr=[42, 5], custom_label=0.8287671, min_label=0, max_label=146, instance_name='p16.txt');0.8287671208381653;0.6813033223152161;0.6594492793083191;0.6659550070762634
Data(x=[42, 7], edge_index=[2, 42], y=120.0, edge_attr=[42, 5], custom_label=0.82191783, min_label=0, max_label=146, instance_name='p16.txt');0.8219178318977356;0.6813033223152161;0.6594492793083191;0.6659550070762634
Data(x=[42, 7], edge_index=[2, 42], y=119.0, edge_attr=[42, 5], custom_label=0.8150685, min_label=0, max_label=146, instance_name='p16.txt');0.8150684833526611;0.6813033223152161;0.6594492793083191;0.6659550070762634
Data(x=[42, 7], edge_index=[2, 42], y=118.0, edge_attr=[42, 5], custom_label=0.8082192, min_label=0, max_label=146, instance_name='p16.txt');0.8082191944122314;0.6813033223152161;0.6594492793083191;0.6659550070762634
Data(x=[42, 7], edge_index=[2, 42], y=117.0, edge_attr=[42, 5], custom_label=0.80136985, min_label=0, max_label=146, instance_name='p16.txt');0.801369845867157;0.6813033223152161;0.6594492793083191;0.6659550070762634
Data(x=[42, 7], edge_index=[2, 42], y=116.0, edge_attr=[42, 5], custom_label=0.79452056, min_label=0, max_label=146, instance_name='p16.txt');0.7945205569267273;0.6813033223152161;0.6594492793083191;0.6659550070762634
Data(x=[42, 7], edge_index=[2, 42], y=115.0, edge_attr=[42, 5], custom_label=0.7876712, min_label=0, max_label=146, instance_name='p16.txt');0.7876712083816528;0.6813033223152161;0.6594492793083191;0.6659550070762634
Data(x=[42, 7], edge_index=[2, 42], y=114.0, edge_attr=[42, 5], custom_label=0.7808219, min_label=0, max_label=146, instance_name='p16.txt');0.7808219194412231;0.6813033223152161;0.6594492793083191;0.6659550070762634
Data(x=[42, 7], edge_index=[2, 42], y=113.0, edge_attr=[42, 5], custom_label=0.77397263, min_label=0, max_label=146, instance_name='p16.txt');0.7739726305007935;0.6813033223152161;0.6594492793083191;0.6659550070762634
Data(x=[42, 7], edge_index=[2, 42], y=112.0, edge_attr=[42, 5], custom_label=0.7671233, min_label=0, max_label=146, instance_name='p16.txt');0.767123281955719;0.6813033223152161;0.6594492793083191;0.6659550070762634
Data(x=[42, 7], edge_index=[2, 42], y=111.0, edge_attr=[42, 5], custom_label=0.760274, min_label=0, max_label=146, instance_name='p16.txt');0.7602739930152893;0.6813033223152161;0.6594492793083191;0.6659550070762634
Data(x=[42, 7], edge_index=[2, 42], y=110.0, edge_attr=[42, 5], custom_label=0.75342464, min_label=0, max_label=146, instance_name='p16.txt');0.7534246444702148;0.6813033223152161;0.6594492793083191;0.6659550070762634
Data(x=[42, 7], edge_index=[2, 42], y=109.0, edge_attr=[42, 5], custom_label=0.74657536, min_label=0, max_label=146, instance_name='p16.txt');0.7465753555297852;0.6813033223152161;0.6594492793083191;0.6659550070762634
Data(x=[42, 7], edge_index=[2, 42], y=108.0, edge_attr=[42, 5], custom_label=0.739726, min_label=0, max_label=146, instance_name='p16.txt');0.7397260069847107;0.6813033223152161;0.6594492793083191;0.6659550070762634
Data(x=[42, 7], edge_index=[2, 42], y=107.0, edge_attr=[42, 5], custom_label=0.7328767, min_label=0, max_label=146, instance_name='p16.txt');0.732876718044281;0.6813033223152161;0.6594492793083191;0.6659550070762634
Data(x=[42, 7], edge_index=[2, 42], y=106.0, edge_attr=[42, 5], custom_label=0.72602737, min_label=0, max_label=146, instance_name='p16.txt');0.7260273694992065;0.6813033223152161;0.6594492793083191;0.6659550070762634
Data(x=[42, 7], edge_index=[2, 42], y=105.0, edge_attr=[42, 5], custom_label=0.7191781, min_label=0, max_label=146, instance_name='p16.txt');0.7191780805587769;0.6813033223152161;0.6594492793083191;0.6659550070762634
Data(x=[42, 7], edge_index=[2, 42], y=104.0, edge_attr=[42, 5], custom_label=0.7123288, min_label=0, max_label=146, instance_name='p16.txt');0.7123287916183472;0.6813033223152161;0.6594492793083191;0.6659550070762634
Data(x=[42, 7], edge_index=[2, 42], y=103.0, edge_attr=[42, 5], custom_label=0.70547944, min_label=0, max_label=146, instance_name='p16.txt');0.7054794430732727;0.6813033223152161;0.6594492793083191;0.6659550070762634
Data(x=[42, 7], edge_index=[2, 42], y=102.0, edge_attr=[42, 5], custom_label=0.69863015, min_label=0, max_label=146, instance_name='p16.txt');0.698630154132843;0.6813033223152161;0.6594492793083191;0.6659550070762634
Data(x=[42, 7], edge_index=[2, 42], y=101.0, edge_attr=[42, 5], custom_label=0.6917808, min_label=0, max_label=146, instance_name='p16.txt');0.6917808055877686;0.6813033223152161;0.6594492793083191;0.6659550070762634
Data(x=[42, 7], edge_index=[2, 42], y=100.0, edge_attr=[42, 5], custom_label=0.6849315, min_label=0, max_label=146, instance_name='p16.txt');0.6849315166473389;0.6813033223152161;0.6594492793083191;0.6659550070762634
Data(x=[42, 7], edge_index=[2, 42], y=99.0, edge_attr=[42, 5], custom_label=0.67808217, min_label=0, max_label=146, instance_name='p16.txt');0.6780821681022644;0.6813033223152161;0.6594492793083191;0.6659550070762634
Data(x=[42, 7], edge_index=[2, 42], y=98.0, edge_attr=[42, 5], custom_label=0.6712329, min_label=0, max_label=146, instance_name='p16.txt');0.6712328791618347;0.6813033223152161;0.6594492793083191;0.6659550070762634
Data(x=[42, 7], edge_index=[2, 42], y=97.0, edge_attr=[42, 5], custom_label=0.6643836, min_label=0, max_label=146, instance_name='p16.txt');0.664383590221405;0.6813033223152161;0.6594492793083191;0.6659550070762634
Data(x=[42, 7], edge_index=[2, 42], y=96.0, edge_attr=[42, 5], custom_label=0.65753424, min_label=0, max_label=146, instance_name='p16.txt');0.6575342416763306;0.6813033223152161;0.6594492793083191;0.6659550070762634
Data(x=[42, 7], edge_index=[2, 42], y=95.0, edge_attr=[42, 5], custom_label=0.65068495, min_label=0, max_label=146, instance_name='p16.txt');0.6506849527359009;0.6813033223152161;0.6594492793083191;0.6659550070762634
Data(x=[42, 7], edge_index=[2, 42], y=94.0, edge_attr=[42, 5], custom_label=0.6438356, min_label=0, max_label=146, instance_name='p16.txt');0.6438356041908264;0.6813033223152161;0.6594492793083191;0.6659550070762634
Data(x=[42, 7], edge_index=[2, 42], y=93.0, edge_attr=[42, 5], custom_label=0.6369863, min_label=0, max_label=146, instance_name='p16.txt');0.6369863152503967;0.6813033223152161;0.6594492793083191;0.6659550070762634
Data(x=[42, 7], edge_index=[2, 42], y=92.0, edge_attr=[42, 5], custom_label=0.63013697, min_label=0, max_label=146, instance_name='p16.txt');0.6301369667053223;0.6813033223152161;0.6594492793083191;0.6659550070762634
Data(x=[42, 7], edge_index=[2, 42], y=91.0, edge_attr=[42, 5], custom_label=0.6232877, min_label=0, max_label=146, instance_name='p16.txt');0.6232876777648926;0.6813033223152161;0.6594492793083191;0.6659550070762634
Data(x=[42, 7], edge_index=[2, 42], y=90.0, edge_attr=[42, 5], custom_label=0.6164383, min_label=0, max_label=146, instance_name='p16.txt');0.6164383292198181;0.6813033223152161;0.6594492793083191;0.6659550070762634
Data(x=[42, 7], edge_index=[2, 42], y=89.0, edge_attr=[42, 5], custom_label=0.60958904, min_label=0, max_label=146, instance_name='p16.txt');0.6095890402793884;0.6813033223152161;0.6594492793083191;0.6659550070762634
Data(x=[42, 7], edge_index=[2, 42], y=88.0, edge_attr=[42, 5], custom_label=0.60273975, min_label=0, max_label=146, instance_name='p16.txt');0.6027397513389587;0.6813033223152161;0.6594492793083191;0.6659550070762634
Data(x=[42, 7], edge_index=[2, 42], y=87.0, edge_attr=[42, 5], custom_label=0.5958904, min_label=0, max_label=146, instance_name='p16.txt');0.5958904027938843;0.6813033223152161;0.6594492793083191;0.6659550070762634
Data(x=[42, 7], edge_index=[2, 42], y=86.0, edge_attr=[42, 5], custom_label=0.5890411, min_label=0, max_label=146, instance_name='p16.txt');0.5890411138534546;0.6813033223152161;0.6594492793083191;0.6659550070762634
Data(x=[42, 7], edge_index=[2, 42], y=85.0, edge_attr=[42, 5], custom_label=0.58219177, min_label=0, max_label=146, instance_name='p16.txt');0.5821917653083801;0.6813033223152161;0.6594492793083191;0.6659550070762634
Data(x=[42, 7], edge_index=[2, 42], y=84.0, edge_attr=[42, 5], custom_label=0.5753425, min_label=0, max_label=146, instance_name='p16.txt');0.5753424763679504;0.6813033223152161;0.6594492793083191;0.6659550070762634
Data(x=[42, 7], edge_index=[2, 42], y=83.0, edge_attr=[42, 5], custom_label=0.5684931, min_label=0, max_label=146, instance_name='p16.txt');0.568493127822876;0.6813033223152161;0.6594492793083191;0.6659550070762634
Data(x=[42, 7], edge_index=[2, 42], y=82.0, edge_attr=[42, 5], custom_label=0.56164384, min_label=0, max_label=146, instance_name='p16.txt');0.5616438388824463;0.6813033223152161;0.6594492793083191;0.6659550070762634
Data(x=[42, 7], edge_index=[2, 42], y=81.0, edge_attr=[42, 5], custom_label=0.55479455, min_label=0, max_label=146, instance_name='p16.txt');0.5547945499420166;0.6813033223152161;0.6594492793083191;0.6659550070762634
Data(x=[42, 7], edge_index=[2, 42], y=80.0, edge_attr=[42, 5], custom_label=0.5479452, min_label=0, max_label=146, instance_name='p16.txt');0.5479452013969421;0.6813033223152161;0.6594492793083191;0.6659550070762634
Data(x=[42, 7], edge_index=[2, 42], y=79.0, edge_attr=[42, 5], custom_label=0.5410959, min_label=0, max_label=146, instance_name='p16.txt');0.5410959124565125;0.6813033223152161;0.6594492793083191;0.6659550070762634
Data(x=[42, 7], edge_index=[2, 42], y=78.0, edge_attr=[42, 5], custom_label=0.53424656, min_label=0, max_label=146, instance_name='p16.txt');0.534246563911438;0.6813033223152161;0.6594492793083191;0.6659550070762634
Data(x=[42, 7], edge_index=[2, 42], y=77.0, edge_attr=[42, 5], custom_label=0.5273973, min_label=0, max_label=146, instance_name='p16.txt');0.5273972749710083;0.6813033223152161;0.6594492793083191;0.6659550070762634
Data(x=[42, 7], edge_index=[2, 42], y=76.0, edge_attr=[42, 5], custom_label=0.5205479, min_label=0, max_label=146, instance_name='p16.txt');0.5205479264259338;0.6813033223152161;0.6594492793083191;0.6659550070762634
Data(x=[42, 7], edge_index=[2, 42], y=75.0, edge_attr=[42, 5], custom_label=0.51369864, min_label=0, max_label=146, instance_name='p16.txt');0.5136986374855042;0.6813033223152161;0.6594492793083191;0.6659550070762634
Data(x=[42, 7], edge_index=[2, 42], y=74.0, edge_attr=[42, 5], custom_label=0.5068493, min_label=0, max_label=146, instance_name='p16.txt');0.5068492889404297;0.6813033223152161;0.6594492793083191;0.6659550070762634
Data(x=[42, 7], edge_index=[2, 42], y=73.0, edge_attr=[42, 5], custom_label=0.5, min_label=0, max_label=146, instance_name='p16.txt');0.5;0.6813033223152161;0.6594492793083191;0.6659550070762634
Data(x=[43, 7], edge_index=[2, 2], edge_attr=[2, 5], y=72.0, custom_label=0.49315068, min_label=0, max_label=146, instance_name='p16.txt');0.4931506812572479;0.28235140442848206;0.3127744197845459;0.12605628371238708
Data(x=[42, 7], edge_index=[2, 42], y=71.0, edge_attr=[42, 5], custom_label=0.48630136, min_label=0, max_label=146, instance_name='p16.txt');0.48630136251449585;0.6813033223152161;0.6594492793083191;0.6659550070762634
Data(x=[42, 7], edge_index=[2, 42], y=70.0, edge_attr=[42, 5], custom_label=0.47945204, min_label=0, max_label=146, instance_name='p16.txt');0.4794520437717438;0.6813033223152161;0.6594492793083191;0.6659550070762634
Data(x=[42, 7], edge_index=[2, 42], y=69.0, edge_attr=[42, 5], custom_label=0.47260273, min_label=0, max_label=146, instance_name='p16.txt');0.4726027250289917;0.6813033223152161;0.6594492793083191;0.6659550070762634
Data(x=[42, 7], edge_index=[2, 42], y=68.0, edge_attr=[42, 5], custom_label=0.46575344, min_label=0, max_label=146, instance_name='p16.txt');0.465753436088562;0.6813033223152161;0.6594492793083191;0.6659550070762634
Data(x=[42, 7], edge_index=[2, 42], y=67.0, edge_attr=[42, 5], custom_label=0.45890412, min_label=0, max_label=146, instance_name='p16.txt');0.45890411734580994;0.6813033223152161;0.6594492793083191;0.6659550070762634
Data(x=[42, 7], edge_index=[2, 42], y=66.0, edge_attr=[42, 5], custom_label=0.4520548, min_label=0, max_label=146, instance_name='p16.txt');0.45205479860305786;0.6813033223152161;0.6594492793083191;0.6659550070762634
Data(x=[42, 7], edge_index=[2, 42], y=65.0, edge_attr=[42, 5], custom_label=0.44520548, min_label=0, max_label=146, instance_name='p16.txt');0.4452054798603058;0.6813033223152161;0.6594492793083191;0.6659550070762634
Data(x=[42, 7], edge_index=[2, 42], y=64.0, edge_attr=[42, 5], custom_label=0.43835616, min_label=0, max_label=146, instance_name='p16.txt');0.4383561611175537;0.6813033223152161;0.6594492793083191;0.6659550070762634
Data(x=[42, 7], edge_index=[2, 42], y=63.0, edge_attr=[42, 5], custom_label=0.43150684, min_label=0, max_label=146, instance_name='p16.txt');0.43150684237480164;0.6813033223152161;0.6594492793083191;0.6659550070762634
Data(x=[42, 7], edge_index=[2, 42], y=62.0, edge_attr=[42, 5], custom_label=0.42465752, min_label=0, max_label=146, instance_name='p16.txt');0.42465752363204956;0.6813033223152161;0.6594492793083191;0.6659550070762634
Data(x=[42, 7], edge_index=[2, 42], y=61.0, edge_attr=[42, 5], custom_label=0.4178082, min_label=0, max_label=146, instance_name='p16.txt');0.4178082048892975;0.6813033223152161;0.6594492793083191;0.6659550070762634
Data(x=[42, 7], edge_index=[2, 42], y=60.0, edge_attr=[42, 5], custom_label=0.41095892, min_label=0, max_label=146, instance_name='p16.txt');0.4109589159488678;0.6813033223152161;0.6594492793083191;0.6659550070762634
Data(x=[42, 7], edge_index=[2, 42], y=59.0, edge_attr=[42, 5], custom_label=0.4041096, min_label=0, max_label=146, instance_name='p16.txt');0.4041095972061157;0.6813033223152161;0.6594492793083191;0.6659550070762634
Data(x=[42, 7], edge_index=[2, 42], y=58.0, edge_attr=[42, 5], custom_label=0.39726028, min_label=0, max_label=146, instance_name='p16.txt');0.39726027846336365;0.6813033223152161;0.6594492793083191;0.6659550070762634
Data(x=[42, 7], edge_index=[2, 42], y=57.0, edge_attr=[42, 5], custom_label=0.39041096, min_label=0, max_label=146, instance_name='p16.txt');0.3904109597206116;0.6813033223152161;0.6594492793083191;0.6659550070762634
Data(x=[42, 7], edge_index=[2, 42], y=56.0, edge_attr=[42, 5], custom_label=0.38356164, min_label=0, max_label=146, instance_name='p16.txt');0.3835616409778595;0.6813033223152161;0.6594492793083191;0.6659550070762634
Data(x=[42, 7], edge_index=[2, 42], y=55.0, edge_attr=[42, 5], custom_label=0.37671232, min_label=0, max_label=146, instance_name='p16.txt');0.3767123222351074;0.6813033223152161;0.6594492793083191;0.6659550070762634
Data(x=[42, 7], edge_index=[2, 42], y=54.0, edge_attr=[42, 5], custom_label=0.369863, min_label=0, max_label=146, instance_name='p16.txt');0.36986300349235535;0.6813033223152161;0.6594492793083191;0.6659550070762634
Data(x=[42, 7], edge_index=[2, 42], y=53.0, edge_attr=[42, 5], custom_label=0.36301368, min_label=0, max_label=146, instance_name='p16.txt');0.36301368474960327;0.6813033223152161;0.6594492793083191;0.6659550070762634
Data(x=[42, 7], edge_index=[2, 42], y=52.0, edge_attr=[42, 5], custom_label=0.3561644, min_label=0, max_label=146, instance_name='p16.txt');0.3561643958091736;0.6813033223152161;0.6594492793083191;0.6659550070762634
Data(x=[42, 7], edge_index=[2, 42], y=51.0, edge_attr=[42, 5], custom_label=0.34931508, min_label=0, max_label=146, instance_name='p16.txt');0.3493150770664215;0.6813033223152161;0.6594492793083191;0.6659550070762634
Data(x=[42, 7], edge_index=[2, 42], y=50.0, edge_attr=[42, 5], custom_label=0.34246576, min_label=0, max_label=146, instance_name='p16.txt');0.34246575832366943;0.6813033223152161;0.6594492793083191;0.6659550070762634
Data(x=[42, 7], edge_index=[2, 42], y=49.0, edge_attr=[42, 5], custom_label=0.33561644, min_label=0, max_label=146, instance_name='p16.txt');0.33561643958091736;0.6813033223152161;0.6594492793083191;0.6659550070762634
Data(x=[43, 7], edge_index=[2, 2], edge_attr=[2, 5], y=48.0, custom_label=0.32876712, min_label=0, max_label=146, instance_name='p16.txt');0.3287671208381653;0.28235140442848206;0.3127744197845459;0.12605628371238708
Data(x=[42, 7], edge_index=[2, 42], y=47.0, edge_attr=[42, 5], custom_label=0.3219178, min_label=0, max_label=146, instance_name='p16.txt');0.3219178020954132;0.6813033223152161;0.6594492793083191;0.6659550070762634
Data(x=[42, 7], edge_index=[2, 42], y=46.0, edge_attr=[42, 5], custom_label=0.31506848, min_label=0, max_label=146, instance_name='p16.txt');0.31506848335266113;0.6813033223152161;0.6594492793083191;0.6659550070762634
Data(x=[42, 7], edge_index=[2, 42], y=45.0, edge_attr=[42, 5], custom_label=0.30821916, min_label=0, max_label=146, instance_name='p16.txt');0.30821916460990906;0.6813033223152161;0.6594492793083191;0.6659550070762634
Data(x=[42, 7], edge_index=[2, 42], y=44.0, edge_attr=[42, 5], custom_label=0.30136988, min_label=0, max_label=146, instance_name='p16.txt');0.30136987566947937;0.6813033223152161;0.6594492793083191;0.6659550070762634
Data(x=[42, 7], edge_index=[2, 42], y=43.0, edge_attr=[42, 5], custom_label=0.29452056, min_label=0, max_label=146, instance_name='p16.txt');0.2945205569267273;0.6813033223152161;0.6594492793083191;0.6659550070762634
Data(x=[42, 7], edge_index=[2, 42], y=42.0, edge_attr=[42, 5], custom_label=0.28767124, min_label=0, max_label=146, instance_name='p16.txt');0.2876712381839752;0.6813033223152161;0.6594492793083191;0.6659550070762634
Data(x=[42, 7], edge_index=[2, 42], y=41.0, edge_attr=[42, 5], custom_label=0.28082192, min_label=0, max_label=146, instance_name='p16.txt');0.28082191944122314;0.6813033223152161;0.6594492793083191;0.6659550070762634
Data(x=[42, 7], edge_index=[2, 42], y=40.0, edge_attr=[42, 5], custom_label=0.2739726, min_label=0, max_label=146, instance_name='p16.txt');0.27397260069847107;0.6813033223152161;0.6594492793083191;0.6659550070762634
Data(x=[42, 7], edge_index=[2, 42], y=39.0, edge_attr=[42, 5], custom_label=0.26712328, min_label=0, max_label=146, instance_name='p16.txt');0.267123281955719;0.6813033223152161;0.6594492793083191;0.6659550070762634
Data(x=[42, 7], edge_index=[2, 42], y=38.0, edge_attr=[42, 5], custom_label=0.26027396, min_label=0, max_label=146, instance_name='p16.txt');0.2602739632129669;0.6813033223152161;0.6594492793083191;0.6659550070762634
Data(x=[42, 7], edge_index=[2, 42], y=37.0, edge_attr=[42, 5], custom_label=0.25342464, min_label=0, max_label=146, instance_name='p16.txt');0.25342464447021484;0.6813033223152161;0.6594492793083191;0.6659550070762634
Data(x=[42, 7], edge_index=[2, 42], y=36.0, edge_attr=[42, 5], custom_label=0.24657534, min_label=0, max_label=146, instance_name='p16.txt');0.24657534062862396;0.6813033223152161;0.6594492793083191;0.6659550070762634
Data(x=[42, 7], edge_index=[2, 42], y=35.0, edge_attr=[42, 5], custom_label=0.23972602, min_label=0, max_label=146, instance_name='p16.txt');0.2397260218858719;0.6813033223152161;0.6594492793083191;0.6659550070762634
Data(x=[42, 7], edge_index=[2, 42], y=34.0, edge_attr=[42, 5], custom_label=0.23287672, min_label=0, max_label=146, instance_name='p16.txt');0.232876718044281;0.6813033223152161;0.6594492793083191;0.6659550070762634
Data(x=[42, 7], edge_index=[2, 42], y=33.0, edge_attr=[42, 5], custom_label=0.2260274, min_label=0, max_label=146, instance_name='p16.txt');0.22602739930152893;0.6813033223152161;0.6594492793083191;0.6659550070762634
Data(x=[42, 7], edge_index=[2, 42], y=32.0, edge_attr=[42, 5], custom_label=0.21917808, min_label=0, max_label=146, instance_name='p16.txt');0.21917808055877686;0.6813033223152161;0.6594492793083191;0.6659550070762634
Data(x=[42, 7], edge_index=[2, 42], y=31.0, edge_attr=[42, 5], custom_label=0.21232876, min_label=0, max_label=146, instance_name='p16.txt');0.21232876181602478;0.6813033223152161;0.6594492793083191;0.6659550070762634
Data(x=[43, 7], edge_index=[2, 2], edge_attr=[2, 5], y=30.0, custom_label=0.20547946, min_label=0, max_label=146, instance_name='p16.txt');0.2054794579744339;0.28235140442848206;0.3127744197845459;0.12605628371238708
Data(x=[42, 7], edge_index=[2, 42], y=29.0, edge_attr=[42, 5], custom_label=0.19863014, min_label=0, max_label=146, instance_name='p16.txt');0.19863013923168182;0.6813033223152161;0.6594492793083191;0.6659550070762634
Data(x=[42, 7], edge_index=[2, 42], y=28.0, edge_attr=[42, 5], custom_label=0.19178082, min_label=0, max_label=146, instance_name='p16.txt');0.19178082048892975;0.6813033223152161;0.6594492793083191;0.6659550070762634
Data(x=[42, 7], edge_index=[2, 42], y=27.0, edge_attr=[42, 5], custom_label=0.1849315, min_label=0, max_label=146, instance_name='p16.txt');0.18493150174617767;0.6813033223152161;0.6594492793083191;0.6659550070762634
Data(x=[43, 7], edge_index=[2, 2], edge_attr=[2, 5], y=26.0, custom_label=0.1780822, min_label=0, max_label=146, instance_name='p16.txt');0.1780821979045868;0.28235140442848206;0.3127744197845459;0.12605628371238708
Data(x=[43, 7], edge_index=[2, 2], edge_attr=[2, 5], y=25.0, custom_label=0.17123288, min_label=0, max_label=146, instance_name='p16.txt');0.17123287916183472;0.28235140442848206;0.3127744197845459;0.12605628371238708
Data(x=[43, 7], edge_index=[2, 2], edge_attr=[2, 5], y=24.0, custom_label=0.16438356, min_label=0, max_label=146, instance_name='p16.txt');0.16438356041908264;0.28235140442848206;0.3127744197845459;0.12605628371238708
Data(x=[43, 7], edge_index=[2, 2], edge_attr=[2, 5], y=23.0, custom_label=0.15753424, min_label=0, max_label=146, instance_name='p16.txt');0.15753424167633057;0.28235140442848206;0.3127744197845459;0.12605628371238708
Data(x=[43, 7], edge_index=[2, 2], edge_attr=[2, 5], y=22.0, custom_label=0.15068494, min_label=0, max_label=146, instance_name='p16.txt');0.15068493783473969;0.28235140442848206;0.3127744197845459;0.12605628371238708
Data(x=[43, 7], edge_index=[2, 2], edge_attr=[2, 5], y=21.0, custom_label=0.14383562, min_label=0, max_label=146, instance_name='p16.txt');0.1438356190919876;0.28235140442848206;0.3127744197845459;0.12605628371238708
Data(x=[43, 7], edge_index=[2, 2], edge_attr=[2, 5], y=20.0, custom_label=0.1369863, min_label=0, max_label=146, instance_name='p16.txt');0.13698630034923553;0.28235140442848206;0.3127744197845459;0.12605628371238708
Data(x=[43, 7], edge_index=[2, 2], edge_attr=[2, 5], y=19.0, custom_label=0.13013698, min_label=0, max_label=146, instance_name='p16.txt');0.13013698160648346;0.28235140442848206;0.3127744197845459;0.12605628371238708
Data(x=[43, 7], edge_index=[2, 2], edge_attr=[2, 5], y=18.0, custom_label=0.12328767, min_label=0, max_label=146, instance_name='p16.txt');0.12328767031431198;0.28235140442848206;0.3127744197845459;0.12605628371238708
Data(x=[43, 7], edge_index=[2, 2], edge_attr=[2, 5], y=17.0, custom_label=0.11643836, min_label=0, max_label=146, instance_name='p16.txt');0.1164383590221405;0.28235140442848206;0.3127744197845459;0.12605628371238708
Data(x=[43, 7], edge_index=[2, 2], edge_attr=[2, 5], y=16.0, custom_label=0.10958904, min_label=0, max_label=146, instance_name='p16.txt');0.10958904027938843;0.28235140442848206;0.3127744197845459;0.12605628371238708
Data(x=[43, 7], edge_index=[2, 2], edge_attr=[2, 5], y=15.0, custom_label=0.10273973, min_label=0, max_label=146, instance_name='p16.txt');0.10273972898721695;0.28235140442848206;0.3127744197845459;0.12605628371238708
Data(x=[43, 7], edge_index=[2, 2], edge_attr=[2, 5], y=14.0, custom_label=0.09589041, min_label=0, max_label=146, instance_name='p16.txt');0.09589041024446487;0.28235140442848206;0.3127744197845459;0.12605628371238708
Data(x=[43, 7], edge_index=[2, 2], edge_attr=[2, 5], y=13.0, custom_label=0.0890411, min_label=0, max_label=146, instance_name='p16.txt');0.0890410989522934;0.28235140442848206;0.3127744197845459;0.12605628371238708
Data(x=[43, 7], edge_index=[2, 2], edge_attr=[2, 5], y=12.0, custom_label=0.08219178, min_label=0, max_label=146, instance_name='p16.txt');0.08219178020954132;0.28235140442848206;0.3127744197845459;0.12605628371238708
Data(x=[43, 7], edge_index=[2, 2], edge_attr=[2, 5], y=11.0, custom_label=0.07534247, min_label=0, max_label=146, instance_name='p16.txt');0.07534246891736984;0.28235140442848206;0.3127744197845459;0.12605628371238708
Data(x=[43, 7], edge_index=[2, 2], edge_attr=[2, 5], y=10.0, custom_label=0.06849315, min_label=0, max_label=146, instance_name='p16.txt');0.06849315017461777;0.28235140442848206;0.3127744197845459;0.12605628371238708
Data(x=[43, 7], edge_index=[2, 2], edge_attr=[2, 5], y=9.0, custom_label=0.061643835, min_label=0, max_label=146, instance_name='p16.txt');0.06164383515715599;0.28235140442848206;0.3127744197845459;0.12605628371238708
Data(x=[43, 7], edge_index=[2, 2], edge_attr=[2, 5], y=8.0, custom_label=0.05479452, min_label=0, max_label=146, instance_name='p16.txt');0.054794520139694214;0.28235140442848206;0.3127744197845459;0.12605628371238708
Data(x=[43, 7], edge_index=[2, 2], edge_attr=[2, 5], y=7.0, custom_label=0.047945205, min_label=0, max_label=146, instance_name='p16.txt');0.04794520512223244;0.28235140442848206;0.3127744197845459;0.12605628371238708
Data(x=[43, 7], edge_index=[2, 2], edge_attr=[2, 5], y=6.0, custom_label=0.04109589, min_label=0, max_label=146, instance_name='p16.txt');0.04109589010477066;0.28235140442848206;0.3127744197845459;0.12605628371238708
Data(x=[44, 7], edge_index=[2, 4], edge_attr=[4, 5], y=5.0, custom_label=0.034246575, min_label=0, max_label=146, instance_name='p16.txt');0.034246575087308884;0.1678708791732788;0.14963467419147491;0.12605628371238708
Data(x=[44, 7], edge_index=[2, 4], edge_attr=[4, 5], y=4.0, custom_label=0.02739726, min_label=0, max_label=146, instance_name='p16.txt');0.027397260069847107;0.1678708791732788;0.14963467419147491;0.12605628371238708
Data(x=[44, 7], edge_index=[2, 4], edge_attr=[4, 5], y=3.0, custom_label=0.020547945, min_label=0, max_label=146, instance_name='p16.txt');0.02054794505238533;0.1678708791732788;0.14963467419147491;0.12605628371238708
Data(x=[44, 7], edge_index=[2, 4], edge_attr=[4, 5], y=2.0, custom_label=0.01369863, min_label=0, max_label=146, instance_name='p16.txt');0.013698630034923553;0.1678708791732788;0.14963467419147491;0.12605628371238708
Data(x=[44, 7], edge_index=[2, 4], edge_attr=[4, 5], y=1.0, custom_label=0.006849315, min_label=0, max_label=146, instance_name='p16.txt');0.006849315017461777;0.1678708791732788;0.14963467419147491;0.12605628371238708
Data(x=[45, 7], edge_index=[2, 6], edge_attr=[6, 5], y=0.0, custom_label=0.0, min_label=0, max_label=146, instance_name='p16.txt');0.0;0.016345232725143433;0.0019441322656348348;0.12605628371238708
Data(x=[37, 7], edge_index=[2, 37], y=92.0, edge_attr=[37, 5], custom_label=1.0, min_label=0, max_label=92, instance_name='p17.txt');1.0;0.7173877358436584;0.6818462610244751;0.6659550070762634
Data(x=[37, 7], edge_index=[2, 37], y=91.0, edge_attr=[37, 5], custom_label=0.98913044, min_label=0, max_label=92, instance_name='p17.txt');0.989130437374115;0.7173877358436584;0.6818462610244751;0.6659550070762634
Data(x=[37, 7], edge_index=[2, 37], y=90.0, edge_attr=[37, 5], custom_label=0.9782609, min_label=0, max_label=92, instance_name='p17.txt');0.97826087474823;0.7173877358436584;0.6818462610244751;0.6659550070762634
Data(x=[37, 7], edge_index=[2, 37], y=89.0, edge_attr=[37, 5], custom_label=0.9673913, min_label=0, max_label=92, instance_name='p17.txt');0.967391312122345;0.7173877358436584;0.6818462610244751;0.6659550070762634
Data(x=[37, 7], edge_index=[2, 37], y=88.0, edge_attr=[37, 5], custom_label=0.95652175, min_label=0, max_label=92, instance_name='p17.txt');0.95652174949646;0.7173877358436584;0.6818462610244751;0.6659550070762634
Data(x=[37, 7], edge_index=[2, 37], y=87.0, edge_attr=[37, 5], custom_label=0.9456522, min_label=0, max_label=92, instance_name='p17.txt');0.945652186870575;0.7173877358436584;0.6818462610244751;0.6659550070762634
Data(x=[37, 7], edge_index=[2, 37], y=86.0, edge_attr=[37, 5], custom_label=0.9347826, min_label=0, max_label=92, instance_name='p17.txt');0.9347826242446899;0.7173877358436584;0.6818462610244751;0.6659550070762634
Data(x=[37, 7], edge_index=[2, 37], y=85.0, edge_attr=[37, 5], custom_label=0.92391306, min_label=0, max_label=92, instance_name='p17.txt');0.9239130616188049;0.7173877358436584;0.6818462610244751;0.6659550070762634
Data(x=[37, 7], edge_index=[2, 37], y=84.0, edge_attr=[37, 5], custom_label=0.9130435, min_label=0, max_label=92, instance_name='p17.txt');0.9130434989929199;0.7173877358436584;0.6818462610244751;0.6659550070762634
Data(x=[37, 7], edge_index=[2, 37], y=83.0, edge_attr=[37, 5], custom_label=0.90217394, min_label=0, max_label=92, instance_name='p17.txt');0.9021739363670349;0.7173877358436584;0.6818462610244751;0.6659550070762634
Data(x=[37, 7], edge_index=[2, 37], y=82.0, edge_attr=[37, 5], custom_label=0.8913044, min_label=0, max_label=92, instance_name='p17.txt');0.8913043737411499;0.7173877358436584;0.6818462610244751;0.6659550070762634
Data(x=[37, 7], edge_index=[2, 37], y=81.0, edge_attr=[37, 5], custom_label=0.8804348, min_label=0, max_label=92, instance_name='p17.txt');0.8804348111152649;0.7173877358436584;0.6818462610244751;0.6659550070762634
Data(x=[37, 7], edge_index=[2, 37], y=80.0, edge_attr=[37, 5], custom_label=0.8695652, min_label=0, max_label=92, instance_name='p17.txt');0.8695651888847351;0.7173877358436584;0.6818462610244751;0.6659550070762634
Data(x=[37, 7], edge_index=[2, 37], y=79.0, edge_attr=[37, 5], custom_label=0.8586956, min_label=0, max_label=92, instance_name='p17.txt');0.8586956262588501;0.7173877358436584;0.6818462610244751;0.6659550070762634
Data(x=[37, 7], edge_index=[2, 37], y=78.0, edge_attr=[37, 5], custom_label=0.84782606, min_label=0, max_label=92, instance_name='p17.txt');0.8478260636329651;0.7173877358436584;0.6818462610244751;0.6659550070762634
Data(x=[37, 7], edge_index=[2, 37], y=77.0, edge_attr=[37, 5], custom_label=0.8369565, min_label=0, max_label=92, instance_name='p17.txt');0.8369565010070801;0.7173877358436584;0.6818462610244751;0.6659550070762634
Data(x=[37, 7], edge_index=[2, 37], y=76.0, edge_attr=[37, 5], custom_label=0.82608694, min_label=0, max_label=92, instance_name='p17.txt');0.8260869383811951;0.7173877358436584;0.6818462610244751;0.6659550070762634
Data(x=[37, 7], edge_index=[2, 37], y=75.0, edge_attr=[37, 5], custom_label=0.8152174, min_label=0, max_label=92, instance_name='p17.txt');0.8152173757553101;0.7173877358436584;0.6818462610244751;0.6659550070762634
Data(x=[37, 7], edge_index=[2, 37], y=74.0, edge_attr=[37, 5], custom_label=0.8043478, min_label=0, max_label=92, instance_name='p17.txt');0.804347813129425;0.7173877358436584;0.6818462610244751;0.6659550070762634
Data(x=[37, 7], edge_index=[2, 37], y=73.0, edge_attr=[37, 5], custom_label=0.79347825, min_label=0, max_label=92, instance_name='p17.txt');0.79347825050354;0.7173877358436584;0.6818462610244751;0.6659550070762634
Data(x=[37, 7], edge_index=[2, 37], y=72.0, edge_attr=[37, 5], custom_label=0.7826087, min_label=0, max_label=92, instance_name='p17.txt');0.782608687877655;0.7173877358436584;0.6818462610244751;0.6659550070762634
Data(x=[37, 7], edge_index=[2, 37], y=71.0, edge_attr=[37, 5], custom_label=0.7717391, min_label=0, max_label=92, instance_name='p17.txt');0.77173912525177;0.7173877358436584;0.6818462610244751;0.6659550070762634
Data(x=[37, 7], edge_index=[2, 37], y=70.0, edge_attr=[37, 5], custom_label=0.76086956, min_label=0, max_label=92, instance_name='p17.txt');0.760869562625885;0.7173877358436584;0.6818462610244751;0.6659550070762634
Data(x=[37, 7], edge_index=[2, 37], y=69.0, edge_attr=[37, 5], custom_label=0.75, min_label=0, max_label=92, instance_name='p17.txt');0.75;0.7173877358436584;0.6818462610244751;0.6659550070762634
Data(x=[38, 7], edge_index=[2, 2], edge_attr=[2, 5], y=68.0, custom_label=0.73913044, min_label=0, max_label=92, instance_name='p17.txt');0.739130437374115;0.29726243019104004;0.34734347462654114;0.12605628371238708
Data(x=[37, 7], edge_index=[2, 37], y=67.0, edge_attr=[37, 5], custom_label=0.7282609, min_label=0, max_label=92, instance_name='p17.txt');0.72826087474823;0.7173877358436584;0.6818462610244751;0.6659550070762634
Data(x=[37, 7], edge_index=[2, 37], y=66.0, edge_attr=[37, 5], custom_label=0.7173913, min_label=0, max_label=92, instance_name='p17.txt');0.717391312122345;0.7173877358436584;0.6818462610244751;0.6659550070762634
Data(x=[37, 7], edge_index=[2, 37], y=65.0, edge_attr=[37, 5], custom_label=0.70652175, min_label=0, max_label=92, instance_name='p17.txt');0.70652174949646;0.7173877358436584;0.6818462610244751;0.6659550070762634
Data(x=[37, 7], edge_index=[2, 37], y=64.0, edge_attr=[37, 5], custom_label=0.6956522, min_label=0, max_label=92, instance_name='p17.txt');0.695652186870575;0.7173877358436584;0.6818462610244751;0.6659550070762634
Data(x=[37, 7], edge_index=[2, 37], y=63.0, edge_attr=[37, 5], custom_label=0.6847826, min_label=0, max_label=92, instance_name='p17.txt');0.6847826242446899;0.7173877358436584;0.6818462610244751;0.6659550070762634
Data(x=[37, 7], edge_index=[2, 37], y=62.0, edge_attr=[37, 5], custom_label=0.67391306, min_label=0, max_label=92, instance_name='p17.txt');0.6739130616188049;0.7173877358436584;0.6818462610244751;0.6659550070762634
Data(x=[37, 7], edge_index=[2, 37], y=61.0, edge_attr=[37, 5], custom_label=0.6630435, min_label=0, max_label=92, instance_name='p17.txt');0.6630434989929199;0.7173877358436584;0.6818462610244751;0.6659550070762634
Data(x=[37, 7], edge_index=[2, 37], y=60.0, edge_attr=[37, 5], custom_label=0.65217394, min_label=0, max_label=92, instance_name='p17.txt');0.6521739363670349;0.7173877358436584;0.6818462610244751;0.6659550070762634
Data(x=[37, 7], edge_index=[2, 37], y=59.0, edge_attr=[37, 5], custom_label=0.6413044, min_label=0, max_label=92, instance_name='p17.txt');0.6413043737411499;0.7173877358436584;0.6818462610244751;0.6659550070762634
Data(x=[37, 7], edge_index=[2, 37], y=58.0, edge_attr=[37, 5], custom_label=0.6304348, min_label=0, max_label=92, instance_name='p17.txt');0.6304348111152649;0.7173877358436584;0.6818462610244751;0.6659550070762634
Data(x=[37, 7], edge_index=[2, 37], y=57.0, edge_attr=[37, 5], custom_label=0.6195652, min_label=0, max_label=92, instance_name='p17.txt');0.6195651888847351;0.7173877358436584;0.6818462610244751;0.6659550070762634
Data(x=[37, 7], edge_index=[2, 37], y=56.0, edge_attr=[37, 5], custom_label=0.6086956, min_label=0, max_label=92, instance_name='p17.txt');0.6086956262588501;0.7173877358436584;0.6818462610244751;0.6659550070762634
Data(x=[37, 7], edge_index=[2, 37], y=55.0, edge_attr=[37, 5], custom_label=0.59782606, min_label=0, max_label=92, instance_name='p17.txt');0.5978260636329651;0.7173877358436584;0.6818462610244751;0.6659550070762634
Data(x=[37, 7], edge_index=[2, 37], y=54.0, edge_attr=[37, 5], custom_label=0.5869565, min_label=0, max_label=92, instance_name='p17.txt');0.5869565010070801;0.7173877358436584;0.6818462610244751;0.6659550070762634
Data(x=[37, 7], edge_index=[2, 37], y=53.0, edge_attr=[37, 5], custom_label=0.57608694, min_label=0, max_label=92, instance_name='p17.txt');0.5760869383811951;0.7173877358436584;0.6818462610244751;0.6659550070762634
Data(x=[37, 7], edge_index=[2, 37], y=52.0, edge_attr=[37, 5], custom_label=0.5652174, min_label=0, max_label=92, instance_name='p17.txt');0.5652173757553101;0.7173877358436584;0.6818462610244751;0.6659550070762634
Data(x=[37, 7], edge_index=[2, 37], y=51.0, edge_attr=[37, 5], custom_label=0.5543478, min_label=0, max_label=92, instance_name='p17.txt');0.554347813129425;0.7173877358436584;0.6818462610244751;0.6659550070762634
Data(x=[37, 7], edge_index=[2, 37], y=50.0, edge_attr=[37, 5], custom_label=0.54347825, min_label=0, max_label=92, instance_name='p17.txt');0.54347825050354;0.7173877358436584;0.6818462610244751;0.6659550070762634
Data(x=[37, 7], edge_index=[2, 37], y=49.0, edge_attr=[37, 5], custom_label=0.5326087, min_label=0, max_label=92, instance_name='p17.txt');0.532608687877655;0.7173877358436584;0.6818462610244751;0.6659550070762634
Data(x=[37, 7], edge_index=[2, 37], y=48.0, edge_attr=[37, 5], custom_label=0.5217391, min_label=0, max_label=92, instance_name='p17.txt');0.52173912525177;0.7173877358436584;0.6818462610244751;0.6659550070762634
Data(x=[37, 7], edge_index=[2, 37], y=47.0, edge_attr=[37, 5], custom_label=0.51086956, min_label=0, max_label=92, instance_name='p17.txt');0.510869562625885;0.7173877358436584;0.6818462610244751;0.6659550070762634
Data(x=[37, 7], edge_index=[2, 37], y=46.0, edge_attr=[37, 5], custom_label=0.5, min_label=0, max_label=92, instance_name='p17.txt');0.5;0.7173877358436584;0.6818462610244751;0.6659550070762634
Data(x=[37, 7], edge_index=[2, 37], y=45.0, edge_attr=[37, 5], custom_label=0.48913044, min_label=0, max_label=92, instance_name='p17.txt');0.489130437374115;0.7173877358436584;0.6818462610244751;0.6659550070762634
Data(x=[37, 7], edge_index=[2, 37], y=44.0, edge_attr=[37, 5], custom_label=0.47826087, min_label=0, max_label=92, instance_name='p17.txt');0.47826087474823;0.7173877358436584;0.6818462610244751;0.6659550070762634
Data(x=[37, 7], edge_index=[2, 37], y=43.0, edge_attr=[37, 5], custom_label=0.4673913, min_label=0, max_label=92, instance_name='p17.txt');0.46739131212234497;0.7173877358436584;0.6818462610244751;0.6659550070762634
Data(x=[37, 7], edge_index=[2, 37], y=42.0, edge_attr=[37, 5], custom_label=0.45652175, min_label=0, max_label=92, instance_name='p17.txt');0.45652174949645996;0.7173877358436584;0.6818462610244751;0.6659550070762634
Data(x=[37, 7], edge_index=[2, 37], y=41.0, edge_attr=[37, 5], custom_label=0.4456522, min_label=0, max_label=92, instance_name='p17.txt');0.44565218687057495;0.7173877358436584;0.6818462610244751;0.6659550070762634
Data(x=[37, 7], edge_index=[2, 37], y=40.0, edge_attr=[37, 5], custom_label=0.4347826, min_label=0, max_label=92, instance_name='p17.txt');0.43478259444236755;0.7173877358436584;0.6818462610244751;0.6659550070762634
Data(x=[37, 7], edge_index=[2, 37], y=39.0, edge_attr=[37, 5], custom_label=0.42391303, min_label=0, max_label=92, instance_name='p17.txt');0.42391303181648254;0.7173877358436584;0.6818462610244751;0.6659550070762634
Data(x=[37, 7], edge_index=[2, 37], y=38.0, edge_attr=[37, 5], custom_label=0.41304347, min_label=0, max_label=92, instance_name='p17.txt');0.41304346919059753;0.7173877358436584;0.6818462610244751;0.6659550070762634
Data(x=[37, 7], edge_index=[2, 37], y=37.0, edge_attr=[37, 5], custom_label=0.4021739, min_label=0, max_label=92, instance_name='p17.txt');0.4021739065647125;0.7173877358436584;0.6818462610244751;0.6659550070762634
Data(x=[37, 7], edge_index=[2, 37], y=36.0, edge_attr=[37, 5], custom_label=0.39130434, min_label=0, max_label=92, instance_name='p17.txt');0.3913043439388275;0.7173877358436584;0.6818462610244751;0.6659550070762634
Data(x=[37, 7], edge_index=[2, 37], y=35.0, edge_attr=[37, 5], custom_label=0.38043478, min_label=0, max_label=92, instance_name='p17.txt');0.3804347813129425;0.7173877358436584;0.6818462610244751;0.6659550070762634
Data(x=[37, 7], edge_index=[2, 37], y=34.0, edge_attr=[37, 5], custom_label=0.36956522, min_label=0, max_label=92, instance_name='p17.txt');0.3695652186870575;0.7173877358436584;0.6818462610244751;0.6659550070762634
Data(x=[37, 7], edge_index=[2, 37], y=33.0, edge_attr=[37, 5], custom_label=0.35869566, min_label=0, max_label=92, instance_name='p17.txt');0.3586956560611725;0.7173877358436584;0.6818462610244751;0.6659550070762634
Data(x=[37, 7], edge_index=[2, 37], y=32.0, edge_attr=[37, 5], custom_label=0.3478261, min_label=0, max_label=92, instance_name='p17.txt');0.3478260934352875;0.7173877358436584;0.6818462610244751;0.6659550070762634
Data(x=[37, 7], edge_index=[2, 37], y=31.0, edge_attr=[37, 5], custom_label=0.33695653, min_label=0, max_label=92, instance_name='p17.txt');0.33695653080940247;0.7173877358436584;0.6818462610244751;0.6659550070762634
Data(x=[37, 7], edge_index=[2, 37], y=30.0, edge_attr=[37, 5], custom_label=0.32608697, min_label=0, max_label=92, instance_name='p17.txt');0.32608696818351746;0.7173877358436584;0.6818462610244751;0.6659550070762634
Data(x=[37, 7], edge_index=[2, 37], y=29.0, edge_attr=[37, 5], custom_label=0.3152174, min_label=0, max_label=92, instance_name='p17.txt');0.31521740555763245;0.7173877358436584;0.6818462610244751;0.6659550070762634
Data(x=[37, 7], edge_index=[2, 37], y=28.0, edge_attr=[37, 5], custom_label=0.3043478, min_label=0, max_label=92, instance_name='p17.txt');0.30434781312942505;0.7173877358436584;0.6818462610244751;0.6659550070762634
Data(x=[38, 7], edge_index=[2, 2], edge_attr=[2, 5], y=27.0, custom_label=0.29347825, min_label=0, max_label=92, instance_name='p17.txt');0.29347825050354004;0.29726243019104004;0.34734347462654114;0.12605628371238708
Data(x=[38, 7], edge_index=[2, 2], edge_attr=[2, 5], y=26.0, custom_label=0.2826087, min_label=0, max_label=92, instance_name='p17.txt');0.28260868787765503;0.29726243019104004;0.34734347462654114;0.12605628371238708
Data(x=[38, 7], edge_index=[2, 2], edge_attr=[2, 5], y=25.0, custom_label=0.27173913, min_label=0, max_label=92, instance_name='p17.txt');0.27173912525177;0.29726243019104004;0.34734347462654114;0.12605628371238708
Data(x=[38, 7], edge_index=[2, 2], edge_attr=[2, 5], y=24.0, custom_label=0.26086956, min_label=0, max_label=92, instance_name='p17.txt');0.260869562625885;0.29726243019104004;0.34734347462654114;0.12605628371238708
Data(x=[38, 7], edge_index=[2, 2], edge_attr=[2, 5], y=23.0, custom_label=0.25, min_label=0, max_label=92, instance_name='p17.txt');0.25;0.29726243019104004;0.34734347462654114;0.12605628371238708
Data(x=[39, 7], edge_index=[2, 4], edge_attr=[4, 5], y=22.0, custom_label=0.23913044, min_label=0, max_label=92, instance_name='p17.txt');0.239130437374115;0.1690426915884018;0.1732918918132782;0.12605628371238708
Data(x=[38, 7], edge_index=[2, 2], edge_attr=[2, 5], y=21.0, custom_label=0.22826087, min_label=0, max_label=92, instance_name='p17.txt');0.22826087474822998;0.29726243019104004;0.34734347462654114;0.12605628371238708
Data(x=[38, 7], edge_index=[2, 2], edge_attr=[2, 5], y=20.0, custom_label=0.2173913, min_label=0, max_label=92, instance_name='p17.txt');0.21739129722118378;0.29726243019104004;0.34734347462654114;0.12605628371238708
Data(x=[38, 7], edge_index=[2, 2], edge_attr=[2, 5], y=19.0, custom_label=0.20652173, min_label=0, max_label=92, instance_name='p17.txt');0.20652173459529877;0.29726243019104004;0.34734347462654114;0.12605628371238708
Data(x=[38, 7], edge_index=[2, 2], edge_attr=[2, 5], y=18.0, custom_label=0.19565217, min_label=0, max_label=92, instance_name='p17.txt');0.19565217196941376;0.29726243019104004;0.34734347462654114;0.12605628371238708
Data(x=[38, 7], edge_index=[2, 2], edge_attr=[2, 5], y=17.0, custom_label=0.18478261, min_label=0, max_label=92, instance_name='p17.txt');0.18478260934352875;0.29726243019104004;0.34734347462654114;0.12605628371238708
Data(x=[38, 7], edge_index=[2, 2], edge_attr=[2, 5], y=16.0, custom_label=0.17391305, min_label=0, max_label=92, instance_name='p17.txt');0.17391304671764374;0.29726243019104004;0.34734347462654114;0.12605628371238708
Data(x=[38, 7], edge_index=[2, 2], edge_attr=[2, 5], y=15.0, custom_label=0.16304348, min_label=0, max_label=92, instance_name='p17.txt');0.16304348409175873;0.29726243019104004;0.34734347462654114;0.12605628371238708
Data(x=[39, 7], edge_index=[2, 4], edge_attr=[4, 5], y=14.0, custom_label=0.1521739, min_label=0, max_label=92, instance_name='p17.txt');0.15217390656471252;0.1690426915884018;0.1732918918132782;0.12605628371238708
Data(x=[38, 7], edge_index=[2, 2], edge_attr=[2, 5], y=13.0, custom_label=0.14130434, min_label=0, max_label=92, instance_name='p17.txt');0.14130434393882751;0.29726243019104004;0.34734347462654114;0.12605628371238708
Data(x=[39, 7], edge_index=[2, 4], edge_attr=[4, 5], y=12.0, custom_label=0.13043478, min_label=0, max_label=92, instance_name='p17.txt');0.1304347813129425;0.1690426915884018;0.1732918918132782;0.12605628371238708
Data(x=[39, 7], edge_index=[2, 4], edge_attr=[4, 5], y=11.0, custom_label=0.11956522, min_label=0, max_label=92, instance_name='p17.txt');0.1195652186870575;0.1690426915884018;0.1732918918132782;0.12605628371238708
Data(x=[39, 7], edge_index=[2, 4], edge_attr=[4, 5], y=10.0, custom_label=0.10869565, min_label=0, max_label=92, instance_name='p17.txt');0.10869564861059189;0.1690426915884018;0.1732918918132782;0.12605628371238708
Data(x=[39, 7], edge_index=[2, 4], edge_attr=[4, 5], y=9.0, custom_label=0.097826086, min_label=0, max_label=92, instance_name='p17.txt');0.09782608598470688;0.1690426915884018;0.1732918918132782;0.12605628371238708
Data(x=[39, 7], edge_index=[2, 4], edge_attr=[4, 5], y=8.0, custom_label=0.08695652, min_label=0, max_label=92, instance_name='p17.txt');0.08695652335882187;0.1690426915884018;0.1732918918132782;0.12605628371238708
Data(x=[39, 7], edge_index=[2, 4], edge_attr=[4, 5], y=7.0, custom_label=0.07608695, min_label=0, max_label=92, instance_name='p17.txt');0.07608695328235626;0.1690426915884018;0.1732918918132782;0.12605628371238708
Data(x=[39, 7], edge_index=[2, 4], edge_attr=[4, 5], y=6.0, custom_label=0.06521739, min_label=0, max_label=92, instance_name='p17.txt');0.06521739065647125;0.1690426915884018;0.1732918918132782;0.12605628371238708
Data(x=[39, 7], edge_index=[2, 4], edge_attr=[4, 5], y=5.0, custom_label=0.054347824, min_label=0, max_label=92, instance_name='p17.txt');0.054347824305295944;0.1690426915884018;0.1732918918132782;0.12605628371238708
Data(x=[39, 7], edge_index=[2, 4], edge_attr=[4, 5], y=4.0, custom_label=0.04347826, min_label=0, max_label=92, instance_name='p17.txt');0.043478261679410934;0.1690426915884018;0.1732918918132782;0.12605628371238708
Data(x=[39, 7], edge_index=[2, 4], edge_attr=[4, 5], y=3.0, custom_label=0.032608695, min_label=0, max_label=92, instance_name='p17.txt');0.032608695328235626;0.1690426915884018;0.1732918918132782;0.12605628371238708
Data(x=[39, 7], edge_index=[2, 4], edge_attr=[4, 5], y=2.0, custom_label=0.02173913, min_label=0, max_label=92, instance_name='p17.txt');0.021739130839705467;0.1690426915884018;0.1732918918132782;0.12605628371238708
Data(x=[39, 7], edge_index=[2, 4], edge_attr=[4, 5], y=1.0, custom_label=0.010869565, min_label=0, max_label=92, instance_name='p17.txt');0.010869565419852734;0.1690426915884018;0.1732918918132782;0.12605628371238708
Data(x=[40, 7], edge_index=[2, 6], edge_attr=[6, 5], y=0.0, custom_label=0.0, min_label=0, max_label=92, instance_name='p17.txt');0.0;0.014803673140704632;0.0020649610087275505;0.12605628371238708
Data(x=[21, 7], edge_index=[2, 8], edge_attr=[8, 5], y=0.0, custom_label=0.0, min_label=0, max_label=92, instance_name='p17.txt');0.0;0.0077326176688075066;0.004322965629398823;0.12605628371238708
Data(x=[21, 7], edge_index=[2, 10], edge_attr=[10, 5], y=0.0, custom_label=0.0, min_label=0, max_label=92, instance_name='p17.txt');0.0;0.008186631835997105;0.005539210978895426;4.857524800172541e-06
Data(x=[26, 7], edge_index=[2, 12], edge_attr=[12, 5], y=0.0, custom_label=0.0, min_label=0, max_label=92, instance_name='p17.txt');0.0;0.001410451252013445;0.0006994765135459602;4.678575714933686e-05
Data(x=[25, 7], edge_index=[2, 14], edge_attr=[14, 5], y=0.0, custom_label=0.0, min_label=0, max_label=92, instance_name='p17.txt');0.0;0.004123827442526817;0.0017960199620574713;4.658041689253878e-06
Data(x=[28, 7], edge_index=[2, 12], edge_attr=[12, 5], y=0.0, custom_label=0.0, min_label=0, max_label=92, instance_name='p17.txt');0.0;0.011284689418971539;0.004554867744445801;4.678575714933686e-05
Data(x=[29, 7], edge_index=[2, 8], edge_attr=[8, 5], y=0.0, custom_label=0.0, min_label=0, max_label=92, instance_name='p17.txt');0.0;0.014369979500770569;0.003069924423471093;0.12605628371238708
Data(x=[22, 7], edge_index=[2, 10], edge_attr=[10, 5], y=0.0, custom_label=0.0, min_label=0, max_label=92, instance_name='p17.txt');0.0;0.0007870128029026091;0.0004999528173357248;0.12605628371238708
Data(x=[42, 7], edge_index=[2, 42], y=197.0, edge_attr=[42, 5], custom_label=1.0, min_label=0, max_label=197, instance_name='p18.txt');1.0;0.7429168224334717;0.7002489566802979;0.6659550070762634
Data(x=[42, 7], edge_index=[2, 42], y=196.0, edge_attr=[42, 5], custom_label=0.99492383, min_label=0, max_label=197, instance_name='p18.txt');0.9949238300323486;0.7429168224334717;0.7002489566802979;0.6659550070762634
Data(x=[42, 7], edge_index=[2, 42], y=195.0, edge_attr=[42, 5], custom_label=0.9898477, min_label=0, max_label=197, instance_name='p18.txt');0.989847719669342;0.7429168224334717;0.7002489566802979;0.6659550070762634
Data(x=[42, 7], edge_index=[2, 42], y=194.0, edge_attr=[42, 5], custom_label=0.98477155, min_label=0, max_label=197, instance_name='p18.txt');0.9847715497016907;0.7429168224334717;0.7002489566802979;0.6659550070762634
Data(x=[42, 7], edge_index=[2, 42], y=193.0, edge_attr=[42, 5], custom_label=0.97969544, min_label=0, max_label=197, instance_name='p18.txt');0.9796954393386841;0.7429168224334717;0.7002489566802979;0.6659550070762634
Data(x=[42, 7], edge_index=[2, 42], y=192.0, edge_attr=[42, 5], custom_label=0.97461927, min_label=0, max_label=197, instance_name='p18.txt');0.9746192693710327;0.7429168224334717;0.7002489566802979;0.6659550070762634
Data(x=[42, 7], edge_index=[2, 42], y=191.0, edge_attr=[42, 5], custom_label=0.96954316, min_label=0, max_label=197, instance_name='p18.txt');0.9695431590080261;0.7429168224334717;0.7002489566802979;0.6659550070762634
Data(x=[42, 7], edge_index=[2, 42], y=190.0, edge_attr=[42, 5], custom_label=0.964467, min_label=0, max_label=197, instance_name='p18.txt');0.9644669890403748;0.7429168224334717;0.7002489566802979;0.6659550070762634
Data(x=[42, 7], edge_index=[2, 42], y=189.0, edge_attr=[42, 5], custom_label=0.9593909, min_label=0, max_label=197, instance_name='p18.txt');0.9593908786773682;0.7429168224334717;0.7002489566802979;0.6659550070762634
Data(x=[42, 7], edge_index=[2, 42], y=188.0, edge_attr=[42, 5], custom_label=0.9543147, min_label=0, max_label=197, instance_name='p18.txt');0.9543147087097168;0.7429168224334717;0.7002489566802979;0.6659550070762634
Data(x=[42, 7], edge_index=[2, 42], y=187.0, edge_attr=[42, 5], custom_label=0.9492386, min_label=0, max_label=197, instance_name='p18.txt');0.9492385983467102;0.7429168224334717;0.7002489566802979;0.6659550070762634
Data(x=[42, 7], edge_index=[2, 42], y=186.0, edge_attr=[42, 5], custom_label=0.9441624, min_label=0, max_label=197, instance_name='p18.txt');0.9441624283790588;0.7429168224334717;0.7002489566802979;0.6659550070762634
Data(x=[42, 7], edge_index=[2, 42], y=185.0, edge_attr=[42, 5], custom_label=0.9390863, min_label=0, max_label=197, instance_name='p18.txt');0.9390863180160522;0.7429168224334717;0.7002489566802979;0.6659550070762634
Data(x=[42, 7], edge_index=[2, 42], y=184.0, edge_attr=[42, 5], custom_label=0.93401015, min_label=0, max_label=197, instance_name='p18.txt');0.9340101480484009;0.7429168224334717;0.7002489566802979;0.6659550070762634
Data(x=[42, 7], edge_index=[2, 42], y=183.0, edge_attr=[42, 5], custom_label=0.92893404, min_label=0, max_label=197, instance_name='p18.txt');0.9289340376853943;0.7429168224334717;0.7002489566802979;0.6659550070762634
Data(x=[42, 7], edge_index=[2, 42], y=182.0, edge_attr=[42, 5], custom_label=0.92385787, min_label=0, max_label=197, instance_name='p18.txt');0.9238578677177429;0.7429168224334717;0.7002489566802979;0.6659550070762634
Data(x=[42, 7], edge_index=[2, 42], y=181.0, edge_attr=[42, 5], custom_label=0.9187817, min_label=0, max_label=197, instance_name='p18.txt');0.9187816977500916;0.7429168224334717;0.7002489566802979;0.6659550070762634
Data(x=[42, 7], edge_index=[2, 42], y=180.0, edge_attr=[42, 5], custom_label=0.9137056, min_label=0, max_label=197, instance_name='p18.txt');0.913705587387085;0.7429168224334717;0.7002489566802979;0.6659550070762634
Data(x=[42, 7], edge_index=[2, 42], y=179.0, edge_attr=[42, 5], custom_label=0.9086294, min_label=0, max_label=197, instance_name='p18.txt');0.9086294174194336;0.7429168224334717;0.7002489566802979;0.6659550070762634
Data(x=[42, 7], edge_index=[2, 42], y=178.0, edge_attr=[42, 5], custom_label=0.9035533, min_label=0, max_label=197, instance_name='p18.txt');0.903553307056427;0.7429168224334717;0.7002489566802979;0.6659550070762634
Data(x=[42, 7], edge_index=[2, 42], y=177.0, edge_attr=[42, 5], custom_label=0.89847714, min_label=0, max_label=197, instance_name='p18.txt');0.8984771370887756;0.7429168224334717;0.7002489566802979;0.6659550070762634
Data(x=[42, 7], edge_index=[2, 42], y=176.0, edge_attr=[42, 5], custom_label=0.893401, min_label=0, max_label=197, instance_name='p18.txt');0.893401026725769;0.7429168224334717;0.7002489566802979;0.6659550070762634
Data(x=[42, 7], edge_index=[2, 42], y=175.0, edge_attr=[42, 5], custom_label=0.88832486, min_label=0, max_label=197, instance_name='p18.txt');0.8883248567581177;0.7429168224334717;0.7002489566802979;0.6659550070762634
Data(x=[42, 7], edge_index=[2, 42], y=174.0, edge_attr=[42, 5], custom_label=0.88324875, min_label=0, max_label=197, instance_name='p18.txt');0.8832487463951111;0.7429168224334717;0.7002489566802979;0.6659550070762634
Data(x=[42, 7], edge_index=[2, 42], y=173.0, edge_attr=[42, 5], custom_label=0.8781726, min_label=0, max_label=197, instance_name='p18.txt');0.8781725764274597;0.7429168224334717;0.7002489566802979;0.6659550070762634
Data(x=[42, 7], edge_index=[2, 42], y=172.0, edge_attr=[42, 5], custom_label=0.87309647, min_label=0, max_label=197, instance_name='p18.txt');0.8730964660644531;0.7429168224334717;0.7002489566802979;0.6659550070762634
Data(x=[42, 7], edge_index=[2, 42], y=171.0, edge_attr=[42, 5], custom_label=0.8680203, min_label=0, max_label=197, instance_name='p18.txt');0.8680202960968018;0.7429168224334717;0.7002489566802979;0.6659550070762634
Data(x=[42, 7], edge_index=[2, 42], y=170.0, edge_attr=[42, 5], custom_label=0.8629442, min_label=0, max_label=197, instance_name='p18.txt');0.8629441857337952;0.7429168224334717;0.7002489566802979;0.6659550070762634
Data(x=[42, 7], edge_index=[2, 42], y=169.0, edge_attr=[42, 5], custom_label=0.857868, min_label=0, max_label=197, instance_name='p18.txt');0.8578680157661438;0.7429168224334717;0.7002489566802979;0.6659550070762634
Data(x=[42, 7], edge_index=[2, 42], y=168.0, edge_attr=[42, 5], custom_label=0.8527919, min_label=0, max_label=197, instance_name='p18.txt');0.8527919054031372;0.7429168224334717;0.7002489566802979;0.6659550070762634
Data(x=[42, 7], edge_index=[2, 42], y=167.0, edge_attr=[42, 5], custom_label=0.84771574, min_label=0, max_label=197, instance_name='p18.txt');0.8477157354354858;0.7429168224334717;0.7002489566802979;0.6659550070762634
Data(x=[42, 7], edge_index=[2, 42], y=166.0, edge_attr=[42, 5], custom_label=0.84263957, min_label=0, max_label=197, instance_name='p18.txt');0.8426395654678345;0.7429168224334717;0.7002489566802979;0.6659550070762634
Data(x=[42, 7], edge_index=[2, 42], y=165.0, edge_attr=[42, 5], custom_label=0.83756346, min_label=0, max_label=197, instance_name='p18.txt');0.8375634551048279;0.7429168224334717;0.7002489566802979;0.6659550070762634
Data(x=[42, 7], edge_index=[2, 42], y=164.0, edge_attr=[42, 5], custom_label=0.8324873, min_label=0, max_label=197, instance_name='p18.txt');0.8324872851371765;0.7429168224334717;0.7002489566802979;0.6659550070762634
Data(x=[42, 7], edge_index=[2, 42], y=163.0, edge_attr=[42, 5], custom_label=0.8274112, min_label=0, max_label=197, instance_name='p18.txt');0.8274111747741699;0.7429168224334717;0.7002489566802979;0.6659550070762634
Data(x=[42, 7], edge_index=[2, 42], y=162.0, edge_attr=[42, 5], custom_label=0.822335, min_label=0, max_label=197, instance_name='p18.txt');0.8223350048065186;0.7429168224334717;0.7002489566802979;0.6659550070762634
Data(x=[42, 7], edge_index=[2, 42], y=161.0, edge_attr=[42, 5], custom_label=0.8172589, min_label=0, max_label=197, instance_name='p18.txt');0.817258894443512;0.7429168224334717;0.7002489566802979;0.6659550070762634
Data(x=[42, 7], edge_index=[2, 42], y=160.0, edge_attr=[42, 5], custom_label=0.8121827, min_label=0, max_label=197, instance_name='p18.txt');0.8121827244758606;0.7429168224334717;0.7002489566802979;0.6659550070762634
Data(x=[42, 7], edge_index=[2, 42], y=159.0, edge_attr=[42, 5], custom_label=0.8071066, min_label=0, max_label=197, instance_name='p18.txt');0.807106614112854;0.7429168224334717;0.7002489566802979;0.6659550070762634
Data(x=[42, 7], edge_index=[2, 42], y=158.0, edge_attr=[42, 5], custom_label=0.80203044, min_label=0, max_label=197, instance_name='p18.txt');0.8020304441452026;0.7429168224334717;0.7002489566802979;0.6659550070762634
Data(x=[42, 7], edge_index=[2, 42], y=157.0, edge_attr=[42, 5], custom_label=0.79695433, min_label=0, max_label=197, instance_name='p18.txt');0.796954333782196;0.7429168224334717;0.7002489566802979;0.6659550070762634
Data(x=[42, 7], edge_index=[2, 42], y=156.0, edge_attr=[42, 5], custom_label=0.79187816, min_label=0, max_label=197, instance_name='p18.txt');0.7918781638145447;0.7429168224334717;0.7002489566802979;0.6659550070762634
Data(x=[42, 7], edge_index=[2, 42], y=155.0, edge_attr=[42, 5], custom_label=0.78680205, min_label=0, max_label=197, instance_name='p18.txt');0.7868020534515381;0.7429168224334717;0.7002489566802979;0.6659550070762634
Data(x=[42, 7], edge_index=[2, 42], y=154.0, edge_attr=[42, 5], custom_label=0.7817259, min_label=0, max_label=197, instance_name='p18.txt');0.7817258834838867;0.7429168224334717;0.7002489566802979;0.6659550070762634
Data(x=[42, 7], edge_index=[2, 42], y=153.0, edge_attr=[42, 5], custom_label=0.7766498, min_label=0, max_label=197, instance_name='p18.txt');0.7766497731208801;0.7429168224334717;0.7002489566802979;0.6659550070762634
Data(x=[42, 7], edge_index=[2, 42], y=152.0, edge_attr=[42, 5], custom_label=0.7715736, min_label=0, max_label=197, instance_name='p18.txt');0.7715736031532288;0.7429168224334717;0.7002489566802979;0.6659550070762634
Data(x=[42, 7], edge_index=[2, 42], y=151.0, edge_attr=[42, 5], custom_label=0.76649743, min_label=0, max_label=197, instance_name='p18.txt');0.7664974331855774;0.7429168224334717;0.7002489566802979;0.6659550070762634
Data(x=[42, 7], edge_index=[2, 42], y=150.0, edge_attr=[42, 5], custom_label=0.7614213, min_label=0, max_label=197, instance_name='p18.txt');0.7614213228225708;0.7429168224334717;0.7002489566802979;0.6659550070762634
Data(x=[42, 7], edge_index=[2, 42], y=149.0, edge_attr=[42, 5], custom_label=0.75634515, min_label=0, max_label=197, instance_name='p18.txt');0.7563451528549194;0.7429168224334717;0.7002489566802979;0.6659550070762634
Data(x=[42, 7], edge_index=[2, 42], y=148.0, edge_attr=[42, 5], custom_label=0.75126904, min_label=0, max_label=197, instance_name='p18.txt');0.7512690424919128;0.7429168224334717;0.7002489566802979;0.6659550070762634
Data(x=[42, 7], edge_index=[2, 42], y=147.0, edge_attr=[42, 5], custom_label=0.7461929, min_label=0, max_label=197, instance_name='p18.txt');0.7461928725242615;0.7429168224334717;0.7002489566802979;0.6659550070762634
Data(x=[42, 7], edge_index=[2, 42], y=146.0, edge_attr=[42, 5], custom_label=0.74111676, min_label=0, max_label=197, instance_name='p18.txt');0.7411167621612549;0.7429168224334717;0.7002489566802979;0.6659550070762634
Data(x=[42, 7], edge_index=[2, 42], y=145.0, edge_attr=[42, 5], custom_label=0.7360406, min_label=0, max_label=197, instance_name='p18.txt');0.7360405921936035;0.7429168224334717;0.7002489566802979;0.6659550070762634
Data(x=[42, 7], edge_index=[2, 42], y=144.0, edge_attr=[42, 5], custom_label=0.7309645, min_label=0, max_label=197, instance_name='p18.txt');0.7309644818305969;0.7429168224334717;0.7002489566802979;0.6659550070762634
Data(x=[42, 7], edge_index=[2, 42], y=143.0, edge_attr=[42, 5], custom_label=0.7258883, min_label=0, max_label=197, instance_name='p18.txt');0.7258883118629456;0.7429168224334717;0.7002489566802979;0.6659550070762634
Data(x=[42, 7], edge_index=[2, 42], y=142.0, edge_attr=[42, 5], custom_label=0.7208122, min_label=0, max_label=197, instance_name='p18.txt');0.720812201499939;0.7429168224334717;0.7002489566802979;0.6659550070762634
Data(x=[42, 7], edge_index=[2, 42], y=141.0, edge_attr=[42, 5], custom_label=0.71573603, min_label=0, max_label=197, instance_name='p18.txt');0.7157360315322876;0.7429168224334717;0.7002489566802979;0.6659550070762634
Data(x=[42, 7], edge_index=[2, 42], y=140.0, edge_attr=[42, 5], custom_label=0.7106599, min_label=0, max_label=197, instance_name='p18.txt');0.710659921169281;0.7429168224334717;0.7002489566802979;0.6659550070762634
Data(x=[42, 7], edge_index=[2, 42], y=139.0, edge_attr=[42, 5], custom_label=0.70558375, min_label=0, max_label=197, instance_name='p18.txt');0.7055837512016296;0.7429168224334717;0.7002489566802979;0.6659550070762634
Data(x=[42, 7], edge_index=[2, 42], y=138.0, edge_attr=[42, 5], custom_label=0.70050764, min_label=0, max_label=197, instance_name='p18.txt');0.700507640838623;0.7429168224334717;0.7002489566802979;0.6659550070762634
Data(x=[42, 7], edge_index=[2, 42], y=137.0, edge_attr=[42, 5], custom_label=0.6954315, min_label=0, max_label=197, instance_name='p18.txt');0.6954314708709717;0.7429168224334717;0.7002489566802979;0.6659550070762634
Data(x=[42, 7], edge_index=[2, 42], y=136.0, edge_attr=[42, 5], custom_label=0.6903553, min_label=0, max_label=197, instance_name='p18.txt');0.6903553009033203;0.7429168224334717;0.7002489566802979;0.6659550070762634
Data(x=[42, 7], edge_index=[2, 42], y=135.0, edge_attr=[42, 5], custom_label=0.6852792, min_label=0, max_label=197, instance_name='p18.txt');0.6852791905403137;0.7429168224334717;0.7002489566802979;0.6659550070762634
Data(x=[42, 7], edge_index=[2, 42], y=134.0, edge_attr=[42, 5], custom_label=0.680203, min_label=0, max_label=197, instance_name='p18.txt');0.6802030205726624;0.7429168224334717;0.7002489566802979;0.6659550070762634
Data(x=[42, 7], edge_index=[2, 42], y=133.0, edge_attr=[42, 5], custom_label=0.6751269, min_label=0, max_label=197, instance_name='p18.txt');0.6751269102096558;0.7429168224334717;0.7002489566802979;0.6659550070762634
Data(x=[42, 7], edge_index=[2, 42], y=132.0, edge_attr=[42, 5], custom_label=0.67005074, min_label=0, max_label=197, instance_name='p18.txt');0.6700507402420044;0.7429168224334717;0.7002489566802979;0.6659550070762634
Data(x=[42, 7], edge_index=[2, 42], y=131.0, edge_attr=[42, 5], custom_label=0.66497463, min_label=0, max_label=197, instance_name='p18.txt');0.6649746298789978;0.7429168224334717;0.7002489566802979;0.6659550070762634
Data(x=[42, 7], edge_index=[2, 42], y=130.0, edge_attr=[42, 5], custom_label=0.65989846, min_label=0, max_label=197, instance_name='p18.txt');0.6598984599113464;0.7429168224334717;0.7002489566802979;0.6659550070762634
Data(x=[42, 7], edge_index=[2, 42], y=129.0, edge_attr=[42, 5], custom_label=0.65482235, min_label=0, max_label=197, instance_name='p18.txt');0.6548223495483398;0.7429168224334717;0.7002489566802979;0.6659550070762634
Data(x=[42, 7], edge_index=[2, 42], y=128.0, edge_attr=[42, 5], custom_label=0.6497462, min_label=0, max_label=197, instance_name='p18.txt');0.6497461795806885;0.7429168224334717;0.7002489566802979;0.6659550070762634
Data(x=[42, 7], edge_index=[2, 42], y=127.0, edge_attr=[42, 5], custom_label=0.64467007, min_label=0, max_label=197, instance_name='p18.txt');0.6446700692176819;0.7429168224334717;0.7002489566802979;0.6659550070762634
Data(x=[42, 7], edge_index=[2, 42], y=126.0, edge_attr=[42, 5], custom_label=0.6395939, min_label=0, max_label=197, instance_name='p18.txt');0.6395938992500305;0.7429168224334717;0.7002489566802979;0.6659550070762634
Data(x=[42, 7], edge_index=[2, 42], y=125.0, edge_attr=[42, 5], custom_label=0.6345178, min_label=0, max_label=197, instance_name='p18.txt');0.6345177888870239;0.7429168224334717;0.7002489566802979;0.6659550070762634
Data(x=[42, 7], edge_index=[2, 42], y=124.0, edge_attr=[42, 5], custom_label=0.6294416, min_label=0, max_label=197, instance_name='p18.txt');0.6294416189193726;0.7429168224334717;0.7002489566802979;0.6659550070762634
Data(x=[42, 7], edge_index=[2, 42], y=123.0, edge_attr=[42, 5], custom_label=0.6243655, min_label=0, max_label=197, instance_name='p18.txt');0.624365508556366;0.7429168224334717;0.7002489566802979;0.6659550070762634
Data(x=[42, 7], edge_index=[2, 42], y=122.0, edge_attr=[42, 5], custom_label=0.61928934, min_label=0, max_label=197, instance_name='p18.txt');0.6192893385887146;0.7429168224334717;0.7002489566802979;0.6659550070762634
Data(x=[42, 7], edge_index=[2, 42], y=121.0, edge_attr=[42, 5], custom_label=0.61421317, min_label=0, max_label=197, instance_name='p18.txt');0.6142131686210632;0.7429168224334717;0.7002489566802979;0.6659550070762634
Data(x=[42, 7], edge_index=[2, 42], y=120.0, edge_attr=[42, 5], custom_label=0.60913706, min_label=0, max_label=197, instance_name='p18.txt');0.6091370582580566;0.7429168224334717;0.7002489566802979;0.6659550070762634
Data(x=[42, 7], edge_index=[2, 42], y=119.0, edge_attr=[42, 5], custom_label=0.6040609, min_label=0, max_label=197, instance_name='p18.txt');0.6040608882904053;0.7429168224334717;0.7002489566802979;0.6659550070762634
Data(x=[42, 7], edge_index=[2, 42], y=118.0, edge_attr=[42, 5], custom_label=0.5989848, min_label=0, max_label=197, instance_name='p18.txt');0.5989847779273987;0.7429168224334717;0.7002489566802979;0.6659550070762634
Data(x=[42, 7], edge_index=[2, 42], y=117.0, edge_attr=[42, 5], custom_label=0.5939086, min_label=0, max_label=197, instance_name='p18.txt');0.5939086079597473;0.7429168224334717;0.7002489566802979;0.6659550070762634
Data(x=[42, 7], edge_index=[2, 42], y=116.0, edge_attr=[42, 5], custom_label=0.5888325, min_label=0, max_label=197, instance_name='p18.txt');0.5888324975967407;0.7429168224334717;0.7002489566802979;0.6659550070762634
Data(x=[42, 7], edge_index=[2, 42], y=115.0, edge_attr=[42, 5], custom_label=0.5837563, min_label=0, max_label=197, instance_name='p18.txt');0.5837563276290894;0.7429168224334717;0.7002489566802979;0.6659550070762634
Data(x=[42, 7], edge_index=[2, 42], y=114.0, edge_attr=[42, 5], custom_label=0.5786802, min_label=0, max_label=197, instance_name='p18.txt');0.5786802172660828;0.7429168224334717;0.7002489566802979;0.6659550070762634
Data(x=[42, 7], edge_index=[2, 42], y=113.0, edge_attr=[42, 5], custom_label=0.57360405, min_label=0, max_label=197, instance_name='p18.txt');0.5736040472984314;0.7429168224334717;0.7002489566802979;0.6659550070762634
Data(x=[42, 7], edge_index=[2, 42], y=112.0, edge_attr=[42, 5], custom_label=0.56852794, min_label=0, max_label=197, instance_name='p18.txt');0.5685279369354248;0.7429168224334717;0.7002489566802979;0.6659550070762634
Data(x=[42, 7], edge_index=[2, 42], y=111.0, edge_attr=[42, 5], custom_label=0.56345177, min_label=0, max_label=197, instance_name='p18.txt');0.5634517669677734;0.7429168224334717;0.7002489566802979;0.6659550070762634
Data(x=[42, 7], edge_index=[2, 42], y=110.0, edge_attr=[42, 5], custom_label=0.55837566, min_label=0, max_label=197, instance_name='p18.txt');0.5583756566047668;0.7429168224334717;0.7002489566802979;0.6659550070762634
Data(x=[42, 7], edge_index=[2, 42], y=109.0, edge_attr=[42, 5], custom_label=0.5532995, min_label=0, max_label=197, instance_name='p18.txt');0.5532994866371155;0.7429168224334717;0.7002489566802979;0.6659550070762634
Data(x=[42, 7], edge_index=[2, 42], y=108.0, edge_attr=[42, 5], custom_label=0.5482234, min_label=0, max_label=197, instance_name='p18.txt');0.5482233762741089;0.7429168224334717;0.7002489566802979;0.6659550070762634
Data(x=[42, 7], edge_index=[2, 42], y=107.0, edge_attr=[42, 5], custom_label=0.5431472, min_label=0, max_label=197, instance_name='p18.txt');0.5431472063064575;0.7429168224334717;0.7002489566802979;0.6659550070762634
Data(x=[43, 7], edge_index=[2, 2], edge_attr=[2, 5], y=106.0, custom_label=0.53807104, min_label=0, max_label=197, instance_name='p18.txt');0.5380710363388062;0.36480170488357544;0.4044729173183441;0.12605628371238708
Data(x=[42, 7], edge_index=[2, 42], y=105.0, edge_attr=[42, 5], custom_label=0.5329949, min_label=0, max_label=197, instance_name='p18.txt');0.5329949259757996;0.7429168224334717;0.7002489566802979;0.6659550070762634
Data(x=[42, 7], edge_index=[2, 42], y=104.0, edge_attr=[42, 5], custom_label=0.52791876, min_label=0, max_label=197, instance_name='p18.txt');0.5279187560081482;0.7429168224334717;0.7002489566802979;0.6659550070762634
Data(x=[42, 7], edge_index=[2, 42], y=103.0, edge_attr=[42, 5], custom_label=0.52284265, min_label=0, max_label=197, instance_name='p18.txt');0.5228426456451416;0.7429168224334717;0.7002489566802979;0.6659550070762634
Data(x=[42, 7], edge_index=[2, 42], y=102.0, edge_attr=[42, 5], custom_label=0.5177665, min_label=0, max_label=197, instance_name='p18.txt');0.5177664756774902;0.7429168224334717;0.7002489566802979;0.6659550070762634
Data(x=[42, 7], edge_index=[2, 42], y=101.0, edge_attr=[42, 5], custom_label=0.51269037, min_label=0, max_label=197, instance_name='p18.txt');0.5126903653144836;0.7429168224334717;0.7002489566802979;0.6659550070762634
Data(x=[43, 7], edge_index=[2, 2], edge_attr=[2, 5], y=100.0, custom_label=0.5076142, min_label=0, max_label=197, instance_name='p18.txt');0.5076141953468323;0.36480170488357544;0.4044729173183441;0.12605628371238708
Data(x=[43, 7], edge_index=[2, 2], edge_attr=[2, 5], y=99.0, custom_label=0.5025381, min_label=0, max_label=197, instance_name='p18.txt');0.5025380849838257;0.36480170488357544;0.4044729173183441;0.12605628371238708
Data(x=[43, 7], edge_index=[2, 2], edge_attr=[2, 5], y=98.0, custom_label=0.49746192, min_label=0, max_label=197, instance_name='p18.txt');0.4974619150161743;0.36480170488357544;0.4044729173183441;0.12605628371238708
Data(x=[43, 7], edge_index=[2, 2], edge_attr=[2, 5], y=97.0, custom_label=0.49238577, min_label=0, max_label=197, instance_name='p18.txt');0.49238577485084534;0.36480170488357544;0.4044729173183441;0.12605628371238708
Data(x=[43, 7], edge_index=[2, 2], edge_attr=[2, 5], y=96.0, custom_label=0.48730963, min_label=0, max_label=197, instance_name='p18.txt');0.48730963468551636;0.36480170488357544;0.4044729173183441;0.12605628371238708
Data(x=[43, 7], edge_index=[2, 2], edge_attr=[2, 5], y=95.0, custom_label=0.4822335, min_label=0, max_label=197, instance_name='p18.txt');0.4822334945201874;0.36480170488357544;0.4044729173183441;0.12605628371238708
Data(x=[43, 7], edge_index=[2, 2], edge_attr=[2, 5], y=94.0, custom_label=0.47715735, min_label=0, max_label=197, instance_name='p18.txt');0.4771573543548584;0.36480170488357544;0.4044729173183441;0.12605628371238708
Data(x=[43, 7], edge_index=[2, 2], edge_attr=[2, 5], y=93.0, custom_label=0.4720812, min_label=0, max_label=197, instance_name='p18.txt');0.4720812141895294;0.36480170488357544;0.4044729173183441;0.12605628371238708
Data(x=[43, 7], edge_index=[2, 2], edge_attr=[2, 5], y=92.0, custom_label=0.46700507, min_label=0, max_label=197, instance_name='p18.txt');0.46700507402420044;0.36480170488357544;0.4044729173183441;0.12605628371238708
Data(x=[43, 7], edge_index=[2, 2], edge_attr=[2, 5], y=91.0, custom_label=0.46192893, min_label=0, max_label=197, instance_name='p18.txt');0.46192893385887146;0.36480170488357544;0.4044729173183441;0.12605628371238708
Data(x=[43, 7], edge_index=[2, 2], edge_attr=[2, 5], y=90.0, custom_label=0.4568528, min_label=0, max_label=197, instance_name='p18.txt');0.4568527936935425;0.36480170488357544;0.4044729173183441;0.12605628371238708
Data(x=[43, 7], edge_index=[2, 2], edge_attr=[2, 5], y=89.0, custom_label=0.45177665, min_label=0, max_label=197, instance_name='p18.txt');0.4517766535282135;0.36480170488357544;0.4044729173183441;0.12605628371238708
Data(x=[43, 7], edge_index=[2, 2], edge_attr=[2, 5], y=88.0, custom_label=0.4467005, min_label=0, max_label=197, instance_name='p18.txt');0.4467005133628845;0.36480170488357544;0.4044729173183441;0.12605628371238708
Data(x=[43, 7], edge_index=[2, 2], edge_attr=[2, 5], y=87.0, custom_label=0.44162437, min_label=0, max_label=197, instance_name='p18.txt');0.44162437319755554;0.36480170488357544;0.4044729173183441;0.12605628371238708
Data(x=[43, 7], edge_index=[2, 2], edge_attr=[2, 5], y=86.0, custom_label=0.43654823, min_label=0, max_label=197, instance_name='p18.txt');0.43654823303222656;0.36480170488357544;0.4044729173183441;0.12605628371238708
Data(x=[43, 7], edge_index=[2, 2], edge_attr=[2, 5], y=85.0, custom_label=0.4314721, min_label=0, max_label=197, instance_name='p18.txt');0.4314720928668976;0.36480170488357544;0.4044729173183441;0.12605628371238708
Data(x=[43, 7], edge_index=[2, 2], edge_attr=[2, 5], y=84.0, custom_label=0.42639595, min_label=0, max_label=197, instance_name='p18.txt');0.4263959527015686;0.36480170488357544;0.4044729173183441;0.12605628371238708
Data(x=[43, 7], edge_index=[2, 2], edge_attr=[2, 5], y=83.0, custom_label=0.42131978, min_label=0, max_label=197, instance_name='p18.txt');0.42131978273391724;0.36480170488357544;0.4044729173183441;0.12605628371238708
Data(x=[43, 7], edge_index=[2, 2], edge_attr=[2, 5], y=82.0, custom_label=0.41624364, min_label=0, max_label=197, instance_name='p18.txt');0.41624364256858826;0.36480170488357544;0.4044729173183441;0.12605628371238708
Data(x=[43, 7], edge_index=[2, 2], edge_attr=[2, 5], y=81.0, custom_label=0.4111675, min_label=0, max_label=197, instance_name='p18.txt');0.4111675024032593;0.36480170488357544;0.4044729173183441;0.12605628371238708
Data(x=[43, 7], edge_index=[2, 2], edge_attr=[2, 5], y=80.0, custom_label=0.40609136, min_label=0, max_label=197, instance_name='p18.txt');0.4060913622379303;0.36480170488357544;0.4044729173183441;0.12605628371238708
Data(x=[43, 7], edge_index=[2, 2], edge_attr=[2, 5], y=79.0, custom_label=0.40101522, min_label=0, max_label=197, instance_name='p18.txt');0.4010152220726013;0.36480170488357544;0.4044729173183441;0.12605628371238708
Data(x=[43, 7], edge_index=[2, 2], edge_attr=[2, 5], y=78.0, custom_label=0.39593908, min_label=0, max_label=197, instance_name='p18.txt');0.39593908190727234;0.36480170488357544;0.4044729173183441;0.12605628371238708
Data(x=[43, 7], edge_index=[2, 2], edge_attr=[2, 5], y=77.0, custom_label=0.39086294, min_label=0, max_label=197, instance_name='p18.txt');0.39086294174194336;0.36480170488357544;0.4044729173183441;0.12605628371238708
Data(x=[43, 7], edge_index=[2, 2], edge_attr=[2, 5], y=76.0, custom_label=0.3857868, min_label=0, max_label=197, instance_name='p18.txt');0.3857868015766144;0.36480170488357544;0.4044729173183441;0.12605628371238708
Data(x=[43, 7], edge_index=[2, 2], edge_attr=[2, 5], y=75.0, custom_label=0.38071066, min_label=0, max_label=197, instance_name='p18.txt');0.3807106614112854;0.36480170488357544;0.4044729173183441;0.12605628371238708
Data(x=[43, 7], edge_index=[2, 2], edge_attr=[2, 5], y=74.0, custom_label=0.37563452, min_label=0, max_label=197, instance_name='p18.txt');0.3756345212459564;0.36480170488357544;0.4044729173183441;0.12605628371238708
Data(x=[43, 7], edge_index=[2, 2], edge_attr=[2, 5], y=73.0, custom_label=0.37055838, min_label=0, max_label=197, instance_name='p18.txt');0.37055838108062744;0.36480170488357544;0.4044729173183441;0.12605628371238708
Data(x=[43, 7], edge_index=[2, 2], edge_attr=[2, 5], y=72.0, custom_label=0.36548224, min_label=0, max_label=197, instance_name='p18.txt');0.36548224091529846;0.36480170488357544;0.4044729173183441;0.12605628371238708
Data(x=[43, 7], edge_index=[2, 2], edge_attr=[2, 5], y=71.0, custom_label=0.3604061, min_label=0, max_label=197, instance_name='p18.txt');0.3604061007499695;0.36480170488357544;0.4044729173183441;0.12605628371238708
Data(x=[44, 7], edge_index=[2, 4], edge_attr=[4, 5], y=70.0, custom_label=0.35532996, min_label=0, max_label=197, instance_name='p18.txt');0.3553299605846405;0.21659959852695465;0.2606629729270935;0.12605628371238708
Data(x=[43, 7], edge_index=[2, 2], edge_attr=[2, 5], y=69.0, custom_label=0.35025382, min_label=0, max_label=197, instance_name='p18.txt');0.3502538204193115;0.36480170488357544;0.4044729173183441;0.12605628371238708
Data(x=[43, 7], edge_index=[2, 2], edge_attr=[2, 5], y=68.0, custom_label=0.34517765, min_label=0, max_label=197, instance_name='p18.txt');0.34517765045166016;0.36480170488357544;0.4044729173183441;0.12605628371238708
Data(x=[43, 7], edge_index=[2, 2], edge_attr=[2, 5], y=67.0, custom_label=0.3401015, min_label=0, max_label=197, instance_name='p18.txt');0.3401015102863312;0.36480170488357544;0.4044729173183441;0.12605628371238708
Data(x=[43, 7], edge_index=[2, 2], edge_attr=[2, 5], y=66.0, custom_label=0.33502537, min_label=0, max_label=197, instance_name='p18.txt');0.3350253701210022;0.36480170488357544;0.4044729173183441;0.12605628371238708
Data(x=[43, 7], edge_index=[2, 2], edge_attr=[2, 5], y=65.0, custom_label=0.32994923, min_label=0, max_label=197, instance_name='p18.txt');0.3299492299556732;0.36480170488357544;0.4044729173183441;0.12605628371238708
Data(x=[43, 7], edge_index=[2, 2], edge_attr=[2, 5], y=64.0, custom_label=0.3248731, min_label=0, max_label=197, instance_name='p18.txt');0.32487308979034424;0.36480170488357544;0.4044729173183441;0.12605628371238708
Data(x=[43, 7], edge_index=[2, 2], edge_attr=[2, 5], y=63.0, custom_label=0.31979695, min_label=0, max_label=197, instance_name='p18.txt');0.31979694962501526;0.36480170488357544;0.4044729173183441;0.12605628371238708
Data(x=[43, 7], edge_index=[2, 2], edge_attr=[2, 5], y=62.0, custom_label=0.3147208, min_label=0, max_label=197, instance_name='p18.txt');0.3147208094596863;0.36480170488357544;0.4044729173183441;0.12605628371238708
Data(x=[43, 7], edge_index=[2, 2], edge_attr=[2, 5], y=61.0, custom_label=0.30964467, min_label=0, max_label=197, instance_name='p18.txt');0.3096446692943573;0.36480170488357544;0.4044729173183441;0.12605628371238708
Data(x=[43, 7], edge_index=[2, 2], edge_attr=[2, 5], y=60.0, custom_label=0.30456853, min_label=0, max_label=197, instance_name='p18.txt');0.3045685291290283;0.36480170488357544;0.4044729173183441;0.12605628371238708
Data(x=[43, 7], edge_index=[2, 2], edge_attr=[2, 5], y=59.0, custom_label=0.2994924, min_label=0, max_label=197, instance_name='p18.txt');0.29949238896369934;0.36480170488357544;0.4044729173183441;0.12605628371238708
Data(x=[43, 7], edge_index=[2, 2], edge_attr=[2, 5], y=58.0, custom_label=0.29441625, min_label=0, max_label=197, instance_name='p18.txt');0.29441624879837036;0.36480170488357544;0.4044729173183441;0.12605628371238708
Data(x=[43, 7], edge_index=[2, 2], edge_attr=[2, 5], y=57.0, custom_label=0.2893401, min_label=0, max_label=197, instance_name='p18.txt');0.2893401086330414;0.36480170488357544;0.4044729173183441;0.12605628371238708
Data(x=[43, 7], edge_index=[2, 2], edge_attr=[2, 5], y=56.0, custom_label=0.28426397, min_label=0, max_label=197, instance_name='p18.txt');0.2842639684677124;0.36480170488357544;0.4044729173183441;0.12605628371238708
Data(x=[43, 7], edge_index=[2, 2], edge_attr=[2, 5], y=55.0, custom_label=0.27918783, min_label=0, max_label=197, instance_name='p18.txt');0.2791878283023834;0.36480170488357544;0.4044729173183441;0.12605628371238708
Data(x=[44, 7], edge_index=[2, 4], edge_attr=[4, 5], y=54.0, custom_label=0.2741117, min_label=0, max_label=197, instance_name='p18.txt');0.27411168813705444;0.21659959852695465;0.2606629729270935;0.12605628371238708
Data(x=[45, 7], edge_index=[2, 6], edge_attr=[6, 5], y=53.0, custom_label=0.26903552, min_label=0, max_label=197, instance_name='p18.txt');0.2690355181694031;0.13344472646713257;0.11060284078121185;0.12605628371238708
Data(x=[45, 7], edge_index=[2, 6], edge_attr=[6, 5], y=52.0, custom_label=0.26395938, min_label=0, max_label=197, instance_name='p18.txt');0.2639593780040741;0.13344472646713257;0.11060284078121185;0.12605628371238708
Data(x=[45, 7], edge_index=[2, 6], edge_attr=[6, 5], y=51.0, custom_label=0.25888324, min_label=0, max_label=197, instance_name='p18.txt');0.2588832378387451;0.13344472646713257;0.11060284078121185;0.12605628371238708
Data(x=[45, 7], edge_index=[2, 6], edge_attr=[6, 5], y=50.0, custom_label=0.2538071, min_label=0, max_label=197, instance_name='p18.txt');0.25380709767341614;0.13344472646713257;0.11060284078121185;0.12605628371238708
Data(x=[45, 7], edge_index=[2, 6], edge_attr=[6, 5], y=49.0, custom_label=0.24873096, min_label=0, max_label=197, instance_name='p18.txt');0.24873095750808716;0.13344472646713257;0.11060284078121185;0.12605628371238708
Data(x=[45, 7], edge_index=[2, 6], edge_attr=[6, 5], y=48.0, custom_label=0.24365482, min_label=0, max_label=197, instance_name='p18.txt');0.24365481734275818;0.13344472646713257;0.11060284078121185;0.12605628371238708
Data(x=[45, 7], edge_index=[2, 6], edge_attr=[6, 5], y=47.0, custom_label=0.23857868, min_label=0, max_label=197, instance_name='p18.txt');0.2385786771774292;0.13344472646713257;0.11060284078121185;0.12605628371238708
Data(x=[45, 7], edge_index=[2, 6], edge_attr=[6, 5], y=46.0, custom_label=0.23350254, min_label=0, max_label=197, instance_name='p18.txt');0.23350253701210022;0.13344472646713257;0.11060284078121185;0.12605628371238708
Data(x=[45, 7], edge_index=[2, 6], edge_attr=[6, 5], y=45.0, custom_label=0.2284264, min_label=0, max_label=197, instance_name='p18.txt');0.22842639684677124;0.13344472646713257;0.11060284078121185;0.12605628371238708
Data(x=[45, 7], edge_index=[2, 6], edge_attr=[6, 5], y=44.0, custom_label=0.22335026, min_label=0, max_label=197, instance_name='p18.txt');0.22335025668144226;0.13344472646713257;0.11060284078121185;0.12605628371238708
Data(x=[45, 7], edge_index=[2, 6], edge_attr=[6, 5], y=43.0, custom_label=0.21827412, min_label=0, max_label=197, instance_name='p18.txt');0.21827411651611328;0.13344472646713257;0.11060284078121185;0.12605628371238708
Data(x=[45, 7], edge_index=[2, 6], edge_attr=[6, 5], y=42.0, custom_label=0.21319798, min_label=0, max_label=197, instance_name='p18.txt');0.2131979763507843;0.13344472646713257;0.11060284078121185;0.12605628371238708
Data(x=[45, 7], edge_index=[2, 6], edge_attr=[6, 5], y=41.0, custom_label=0.20812182, min_label=0, max_label=197, instance_name='p18.txt');0.20812182128429413;0.13344472646713257;0.11060284078121185;0.12605628371238708
Data(x=[45, 7], edge_index=[2, 6], edge_attr=[6, 5], y=40.0, custom_label=0.20304568, min_label=0, max_label=197, instance_name='p18.txt');0.20304568111896515;0.13344472646713257;0.11060284078121185;0.12605628371238708
Data(x=[45, 7], edge_index=[2, 6], edge_attr=[6, 5], y=39.0, custom_label=0.19796954, min_label=0, max_label=197, instance_name='p18.txt');0.19796954095363617;0.13344472646713257;0.11060284078121185;0.12605628371238708
Data(x=[45, 7], edge_index=[2, 6], edge_attr=[6, 5], y=38.0, custom_label=0.1928934, min_label=0, max_label=197, instance_name='p18.txt');0.1928934007883072;0.13344472646713257;0.11060284078121185;0.12605628371238708
Data(x=[45, 7], edge_index=[2, 6], edge_attr=[6, 5], y=37.0, custom_label=0.18781726, min_label=0, max_label=197, instance_name='p18.txt');0.1878172606229782;0.13344472646713257;0.11060284078121185;0.12605628371238708
Data(x=[45, 7], edge_index=[2, 6], edge_attr=[6, 5], y=36.0, custom_label=0.18274112, min_label=0, max_label=197, instance_name='p18.txt');0.18274112045764923;0.13344472646713257;0.11060284078121185;0.12605628371238708
Data(x=[45, 7], edge_index=[2, 6], edge_attr=[6, 5], y=35.0, custom_label=0.17766498, min_label=0, max_label=197, instance_name='p18.txt');0.17766498029232025;0.13344472646713257;0.11060284078121185;0.12605628371238708
Data(x=[45, 7], edge_index=[2, 6], edge_attr=[6, 5], y=34.0, custom_label=0.17258883, min_label=0, max_label=197, instance_name='p18.txt');0.17258882522583008;0.13344472646713257;0.11060284078121185;0.12605628371238708
Data(x=[45, 7], edge_index=[2, 6], edge_attr=[6, 5], y=33.0, custom_label=0.16751269, min_label=0, max_label=197, instance_name='p18.txt');0.1675126850605011;0.13344472646713257;0.11060284078121185;0.12605628371238708
Data(x=[45, 7], edge_index=[2, 6], edge_attr=[6, 5], y=32.0, custom_label=0.16243654, min_label=0, max_label=197, instance_name='p18.txt');0.16243654489517212;0.13344472646713257;0.11060284078121185;0.12605628371238708
Data(x=[45, 7], edge_index=[2, 6], edge_attr=[6, 5], y=31.0, custom_label=0.1573604, min_label=0, max_label=197, instance_name='p18.txt');0.15736040472984314;0.13344472646713257;0.11060284078121185;0.12605628371238708
Data(x=[45, 7], edge_index=[2, 6], edge_attr=[6, 5], y=30.0, custom_label=0.15228426, min_label=0, max_label=197, instance_name='p18.txt');0.15228426456451416;0.13344472646713257;0.11060284078121185;0.12605628371238708
Data(x=[45, 7], edge_index=[2, 6], edge_attr=[6, 5], y=29.0, custom_label=0.14720812, min_label=0, max_label=197, instance_name='p18.txt');0.14720812439918518;0.13344472646713257;0.11060284078121185;0.12605628371238708
Data(x=[45, 7], edge_index=[2, 6], edge_attr=[6, 5], y=28.0, custom_label=0.14213198, min_label=0, max_label=197, instance_name='p18.txt');0.1421319842338562;0.13344472646713257;0.11060284078121185;0.12605628371238708
Data(x=[45, 7], edge_index=[2, 6], edge_attr=[6, 5], y=27.0, custom_label=0.13705584, min_label=0, max_label=197, instance_name='p18.txt');0.13705584406852722;0.13344472646713257;0.11060284078121185;0.12605628371238708
Data(x=[45, 7], edge_index=[2, 6], edge_attr=[6, 5], y=26.0, custom_label=0.13197969, min_label=0, max_label=197, instance_name='p18.txt');0.13197968900203705;0.13344472646713257;0.11060284078121185;0.12605628371238708
Data(x=[45, 7], edge_index=[2, 6], edge_attr=[6, 5], y=25.0, custom_label=0.12690355, min_label=0, max_label=197, instance_name='p18.txt');0.12690354883670807;0.13344472646713257;0.11060284078121185;0.12605628371238708
Data(x=[45, 7], edge_index=[2, 6], edge_attr=[6, 5], y=24.0, custom_label=0.12182741, min_label=0, max_label=197, instance_name='p18.txt');0.12182740867137909;0.13344472646713257;0.11060284078121185;0.12605628371238708
Data(x=[45, 7], edge_index=[2, 6], edge_attr=[6, 5], y=23.0, custom_label=0.11675127, min_label=0, max_label=197, instance_name='p18.txt');0.11675126850605011;0.13344472646713257;0.11060284078121185;0.12605628371238708
Data(x=[45, 7], edge_index=[2, 6], edge_attr=[6, 5], y=22.0, custom_label=0.11167513, min_label=0, max_label=197, instance_name='p18.txt');0.11167512834072113;0.13344472646713257;0.11060284078121185;0.12605628371238708
Data(x=[45, 7], edge_index=[2, 6], edge_attr=[6, 5], y=21.0, custom_label=0.10659899, min_label=0, max_label=197, instance_name='p18.txt');0.10659898817539215;0.13344472646713257;0.11060284078121185;0.12605628371238708
Data(x=[45, 7], edge_index=[2, 6], edge_attr=[6, 5], y=20.0, custom_label=0.10152284, min_label=0, max_label=197, instance_name='p18.txt');0.10152284055948257;0.13344472646713257;0.11060284078121185;0.12605628371238708
Data(x=[45, 7], edge_index=[2, 6], edge_attr=[6, 5], y=19.0, custom_label=0.0964467, min_label=0, max_label=197, instance_name='p18.txt');0.0964467003941536;0.13344472646713257;0.11060284078121185;0.12605628371238708
Data(x=[45, 7], edge_index=[2, 6], edge_attr=[6, 5], y=18.0, custom_label=0.09137056, min_label=0, max_label=197, instance_name='p18.txt');0.09137056022882462;0.13344472646713257;0.11060284078121185;0.12605628371238708
Data(x=[44, 7], edge_index=[2, 4], edge_attr=[4, 5], y=17.0, custom_label=0.08629441, min_label=0, max_label=197, instance_name='p18.txt');0.08629441261291504;0.21659959852695465;0.2606629729270935;0.12605628371238708
Data(x=[44, 7], edge_index=[2, 4], edge_attr=[4, 5], y=16.0, custom_label=0.08121827, min_label=0, max_label=197, instance_name='p18.txt');0.08121827244758606;0.21659959852695465;0.2606629729270935;0.12605628371238708
Data(x=[44, 7], edge_index=[2, 4], edge_attr=[4, 5], y=15.0, custom_label=0.07614213, min_label=0, max_label=197, instance_name='p18.txt');0.07614213228225708;0.21659959852695465;0.2606629729270935;0.12605628371238708
Data(x=[44, 7], edge_index=[2, 4], edge_attr=[4, 5], y=14.0, custom_label=0.07106599, min_label=0, max_label=197, instance_name='p18.txt');0.0710659921169281;0.21659959852695465;0.2606629729270935;0.12605628371238708
Data(x=[44, 7], edge_index=[2, 4], edge_attr=[4, 5], y=13.0, custom_label=0.065989845, min_label=0, max_label=197, instance_name='p18.txt');0.06598984450101852;0.21659959852695465;0.2606629729270935;0.12605628371238708
Data(x=[44, 7], edge_index=[2, 4], edge_attr=[4, 5], y=12.0, custom_label=0.060913704, min_label=0, max_label=197, instance_name='p18.txt');0.060913704335689545;0.21659959852695465;0.2606629729270935;0.12605628371238708
Data(x=[44, 7], edge_index=[2, 4], edge_attr=[4, 5], y=11.0, custom_label=0.055837564, min_label=0, max_label=197, instance_name='p18.txt');0.055837564170360565;0.21659959852695465;0.2606629729270935;0.12605628371238708
Data(x=[44, 7], edge_index=[2, 4], edge_attr=[4, 5], y=10.0, custom_label=0.05076142, min_label=0, max_label=197, instance_name='p18.txt');0.05076142027974129;0.21659959852695465;0.2606629729270935;0.12605628371238708
Data(x=[44, 7], edge_index=[2, 4], edge_attr=[4, 5], y=9.0, custom_label=0.04568528, min_label=0, max_label=197, instance_name='p18.txt');0.04568528011441231;0.21659959852695465;0.2606629729270935;0.12605628371238708
Data(x=[44, 7], edge_index=[2, 4], edge_attr=[4, 5], y=8.0, custom_label=0.040609136, min_label=0, max_label=197, instance_name='p18.txt');0.04060913622379303;0.21659959852695465;0.2606629729270935;0.12605628371238708
Data(x=[44, 7], edge_index=[2, 4], edge_attr=[4, 5], y=7.0, custom_label=0.035532996, min_label=0, max_label=197, instance_name='p18.txt');0.03553299605846405;0.21659959852695465;0.2606629729270935;0.12605628371238708
Data(x=[44, 7], edge_index=[2, 4], edge_attr=[4, 5], y=6.0, custom_label=0.030456852, min_label=0, max_label=197, instance_name='p18.txt');0.030456852167844772;0.21659959852695465;0.2606629729270935;0.12605628371238708
Data(x=[44, 7], edge_index=[2, 4], edge_attr=[4, 5], y=5.0, custom_label=0.02538071, min_label=0, max_label=197, instance_name='p18.txt');0.025380710139870644;0.21659959852695465;0.2606629729270935;0.12605628371238708
Data(x=[44, 7], edge_index=[2, 4], edge_attr=[4, 5], y=4.0, custom_label=0.020304568, min_label=0, max_label=197, instance_name='p18.txt');0.020304568111896515;0.21659959852695465;0.2606629729270935;0.12605628371238708
Data(x=[45, 7], edge_index=[2, 6], edge_attr=[6, 5], y=3.0, custom_label=0.015228426, min_label=0, max_label=197, instance_name='p18.txt');0.015228426083922386;0.13344472646713257;0.11060284078121185;0.12605628371238708
Data(x=[45, 7], edge_index=[2, 6], edge_attr=[6, 5], y=2.0, custom_label=0.010152284, min_label=0, max_label=197, instance_name='p18.txt');0.010152284055948257;0.13344472646713257;0.11060284078121185;0.12605628371238708
Data(x=[45, 7], edge_index=[2, 6], edge_attr=[6, 5], y=1.0, custom_label=0.005076142, min_label=0, max_label=197, instance_name='p18.txt');0.005076142027974129;0.13344472646713257;0.11060284078121185;0.12605628371238708
Data(x=[46, 7], edge_index=[2, 8], edge_attr=[8, 5], y=0.0, custom_label=0.0, min_label=0, max_label=197, instance_name='p18.txt');0.0;0.002916133962571621;0.0004547115240711719;0.12605628371238708
Data(x=[25, 7], edge_index=[2, 18], edge_attr=[18, 5], y=0.0, custom_label=0.0, min_label=0, max_label=8, instance_name='p19.txt');0.0;5.977855107630603e-05;7.304934115381911e-05;5.132396793359808e-18
Data(x=[22, 7], edge_index=[2, 16], edge_attr=[16, 5], y=0.0, custom_label=0.0, min_label=0, max_label=8, instance_name='p19.txt');0.0;0.0002841381647158414;0.0004081345396116376;0.12605628371238708
Data(x=[27, 7], edge_index=[2, 12], edge_attr=[12, 5], y=0.0, custom_label=0.0, min_label=0, max_label=8, instance_name='p19.txt');0.0;8.232066466007382e-05;5.0262260629097e-05;4.857524800172541e-06
Data(x=[25, 7], edge_index=[2, 14], edge_attr=[14, 5], y=0.0, custom_label=0.0, min_label=0, max_label=8, instance_name='p19.txt');0.0;5.464552668854594e-05;4.806802098755725e-05;3.764807843253948e-05
Data(x=[22, 7], edge_index=[2, 12], edge_attr=[12, 5], y=0.0, custom_label=0.0, min_label=0, max_label=8, instance_name='p19.txt');0.0;0.0003563030913937837;0.0002573637175373733;1.6133069948409684e-05
Data(x=[24, 7], edge_index=[2, 12], edge_attr=[12, 5], y=0.0, custom_label=0.0, min_label=0, max_label=8, instance_name='p19.txt');0.0;0.0003650300204753876;0.0002887803711928427;1.6133069948409684e-05
Data(x=[27, 7], edge_index=[2, 14], edge_attr=[14, 5], y=0.0, custom_label=0.0, min_label=0, max_label=8, instance_name='p19.txt');0.0;8.563639858039096e-05;6.100850077928044e-05;3.764807843253948e-05
Data(x=[22, 7], edge_index=[2, 18], edge_attr=[18, 5], y=0.0, custom_label=0.0, min_label=0, max_label=8, instance_name='p19.txt');0.0;9.646673424867913e-05;0.00011778400221373886;6.252767889236566e-06
Data(x=[26, 7], edge_index=[2, 20], edge_attr=[20, 5], y=0.0, custom_label=0.0, min_label=0, max_label=8, instance_name='p19.txt');0.0;0.0082669947296381;0.02185104414820671;0.12605628371238708
Data(x=[30, 7], edge_index=[2, 14], edge_attr=[14, 5], y=0.0, custom_label=0.0, min_label=0, max_label=8, instance_name='p19.txt');0.0;0.0008655107812955976;0.0004571154713630676;0.12605628371238708
Data(x=[24, 7], edge_index=[2, 10], edge_attr=[10, 5], y=6.0, custom_label=0.75, min_label=0, max_label=8, instance_name='p19.txt');0.75;0.36711594462394714;0.42338454723358154;0.12605628371238708
Data(x=[24, 7], edge_index=[2, 10], edge_attr=[10, 5], y=5.0, custom_label=0.625, min_label=0, max_label=8, instance_name='p19.txt');0.625;0.34670886397361755;0.3911912441253662;0.12605628371238708
Data(x=[25, 7], edge_index=[2, 12], edge_attr=[12, 5], y=4.0, custom_label=0.5, min_label=0, max_label=8, instance_name='p19.txt');0.5;0.13773226737976074;0.14915592968463898;3.764807843253948e-05
Data(x=[24, 7], edge_index=[2, 10], edge_attr=[10, 5], y=3.0, custom_label=0.375, min_label=0, max_label=8, instance_name='p19.txt');0.375;0.15562592446804047;0.18733245134353638;3.764807843253948e-05
Data(x=[24, 7], edge_index=[2, 10], edge_attr=[10, 5], y=2.0, custom_label=0.25, min_label=0, max_label=8, instance_name='p19.txt');0.25;0.16984011232852936;0.24266621470451355;4.678575714933686e-05
Data(x=[24, 7], edge_index=[2, 10], edge_attr=[10, 5], y=1.0, custom_label=0.125, min_label=0, max_label=8, instance_name='p19.txt');0.125;0.1552065908908844;0.17584094405174255;3.764807843253948e-05
Data(x=[25, 7], edge_index=[2, 12], edge_attr=[12, 5], y=0.0, custom_label=0.0, min_label=0, max_label=8, instance_name='p19.txt');0.0;7.107902638381347e-05;3.948771336581558e-05;3.764807843253948e-05
Data(x=[29, 7], edge_index=[2, 12], edge_attr=[12, 5], y=0.0, custom_label=0.0, min_label=0, max_label=8, instance_name='p19.txt');0.0;0.0007427799282595515;0.00036919134436175227;0.12605628371238708
Data(x=[29, 7], edge_index=[2, 10], edge_attr=[10, 5], y=0.0, custom_label=0.0, min_label=0, max_label=8, instance_name='p19.txt');0.0;0.0007161839166656137;0.00030826812144368887;4.857524800172541e-06
Data(x=[22, 7], edge_index=[2, 16], edge_attr=[16, 5], y=0.0, custom_label=0.0, min_label=0, max_label=8, instance_name='p19.txt');0.0;2.5467425075476058e-05;3.9312581066042185e-05;0.12605628371238708
Data(x=[18, 7], edge_index=[2, 10], edge_attr=[10, 5], y=0.0, custom_label=0.0, min_label=0, max_label=8, instance_name='p19.txt');0.0;9.198134648613632e-05;0.0001343016338068992;6.252767889236566e-06
Data(x=[23, 7], edge_index=[2, 14], edge_attr=[14, 5], y=0.0, custom_label=0.0, min_label=0, max_label=8, instance_name='p19.txt');0.0;7.817459118086845e-05;0.00024742670939303935;0.12605628371238708
Data(x=[26, 7], edge_index=[2, 18], edge_attr=[18, 5], y=0.0, custom_label=0.0, min_label=0, max_label=8, instance_name='p19.txt');0.0;0.00016345862240996212;0.0004439226759131998;4.177625259615958e-11
Data(x=[27, 7], edge_index=[2, 14], edge_attr=[14, 5], y=0.0, custom_label=0.0, min_label=0, max_label=8, instance_name='p19.txt');0.0;0.0005987720796838403;0.0004106218402739614;4.678575714933686e-05
Data(x=[24, 7], edge_index=[2, 10], edge_attr=[10, 5], y=0.0, custom_label=0.0, min_label=0, max_label=8, instance_name='p19.txt');0.0;0.00034788166522048414;0.00023223093012347817;1.6133069948409684e-05
Data(x=[26, 7], edge_index=[2, 12], edge_attr=[12, 5], y=0.0, custom_label=0.0, min_label=0, max_label=8, instance_name='p19.txt');0.0;6.617382314288989e-05;4.4486558181233704e-05;1.173686541733332e-05
Data(x=[30, 7], edge_index=[2, 12], edge_attr=[12, 5], y=0.0, custom_label=0.0, min_label=0, max_label=8, instance_name='p19.txt');0.0;0.0010835850844159722;0.00038805336225777864;0.12605628371238708
Data(x=[28, 7], edge_index=[2, 10], edge_attr=[10, 5], y=0.0, custom_label=0.0, min_label=0, max_label=8, instance_name='p19.txt');0.0;9.717451030155644e-05;4.670075577450916e-05;0.12605628371238708
Data(x=[34, 7], edge_index=[2, 20], edge_attr=[20, 5], y=0.0, custom_label=0.0, min_label=0, max_label=8, instance_name='p19.txt');0.0;0.0005675306892953813;0.000654227624181658;0.12605628371238708
Data(x=[30, 7], edge_index=[2, 16], edge_attr=[16, 5], y=0.0, custom_label=0.0, min_label=0, max_label=8, instance_name='p19.txt');0.0;0.00015622125647496432;9.78444586507976e-05;4.857524800172541e-06
Data(x=[22, 7], edge_index=[2, 8], edge_attr=[8, 5], y=0.0, custom_label=0.0, min_label=0, max_label=8, instance_name='p19.txt');0.0;0.00022782575979363173;0.00015768730372656137;0.12605628371238708
Data(x=[25, 7], edge_index=[2, 10], edge_attr=[10, 5], y=0.0, custom_label=0.0, min_label=0, max_label=8, instance_name='p19.txt');0.0;0.0004102534439880401;0.00024800418759696186;0.12605628371238708
Data(x=[22, 7], edge_index=[2, 14], edge_attr=[14, 5], y=0.0, custom_label=0.0, min_label=0, max_label=8, instance_name='p19.txt');0.0;2.4176115402951837e-05;3.099245805060491e-05;0.12605628371238708
Data(x=[23, 7], edge_index=[2, 16], edge_attr=[16, 5], y=0.0, custom_label=0.0, min_label=0, max_label=8, instance_name='p19.txt');0.0;0.011263566091656685;0.014023649506270885;1.6836214854265563e-05
Data(x=[22, 7], edge_index=[2, 14], edge_attr=[14, 5], y=0.0, custom_label=0.0, min_label=0, max_label=8, instance_name='p19.txt');0.0;6.043299435987137e-05;0.00023028595023788512;0.12605628371238708
Data(x=[22, 7], edge_index=[2, 12], edge_attr=[12, 5], y=2.0, custom_label=0.25, min_label=0, max_label=8, instance_name='p19.txt');0.25;0.17086565494537354;0.2107023447751999;2.2753611142798305e-17
Data(x=[21, 7], edge_index=[2, 8], edge_attr=[8, 5], y=1.0, custom_label=0.125, min_label=0, max_label=8, instance_name='p19.txt');0.125;0.18690216541290283;0.2132987082004547;1.6133069948409684e-05
Data(x=[22, 7], edge_index=[2, 10], edge_attr=[10, 5], y=0.0, custom_label=0.0, min_label=0, max_label=8, instance_name='p19.txt');0.0;0.00023981579579412937;0.00020001252414658666;1.6133069948409684e-05
Data(x=[27, 7], edge_index=[2, 14], edge_attr=[14, 5], y=0.0, custom_label=0.0, min_label=0, max_label=8, instance_name='p19.txt');0.0;0.0005987720796838403;0.0004106218402739614;6.252767889236566e-06
Data(x=[29, 7], edge_index=[2, 14], edge_attr=[14, 5], y=0.0, custom_label=0.0, min_label=0, max_label=8, instance_name='p19.txt');0.0;0.00012646106188185513;7.492770964745432e-05;0.12605628371238708
Data(x=[25, 7], edge_index=[2, 12], edge_attr=[12, 5], y=0.0, custom_label=0.0, min_label=0, max_label=8, instance_name='p19.txt');0.0;0.00042943801963701844;0.0003057165304198861;1.6133069948409684e-05
Data(x=[26, 7], edge_index=[2, 14], edge_attr=[14, 5], y=0.0, custom_label=0.0, min_label=0, max_label=8, instance_name='p19.txt');0.0;6.895948172314093e-05;5.4401934903580695e-05;4.678575714933686e-05
Data(x=[25, 7], edge_index=[2, 12], edge_attr=[12, 5], y=0.0, custom_label=0.0, min_label=0, max_label=8, instance_name='p19.txt');0.0;0.00042943801963701844;0.0003057165304198861;0.12605628371238708
Data(x=[28, 7], edge_index=[2, 12], edge_attr=[12, 5], y=0.0, custom_label=0.0, min_label=0, max_label=8, instance_name='p19.txt');0.0;0.0006562402122654021;0.0003539676545187831;0.12605628371238708
Data(x=[27, 7], edge_index=[2, 16], edge_attr=[16, 5], y=0.0, custom_label=0.0, min_label=0, max_label=8, instance_name='p19.txt');0.0;8.908313611755148e-05;7.405215728795156e-05;1.7112587388790068e-12
Data(x=[24, 7], edge_index=[2, 8], edge_attr=[8, 5], y=0.0, custom_label=0.0, min_label=0, max_label=8, instance_name='p19.txt');0.0;0.0003318093076813966;0.00018675280443858355;0.12605628371238708
Data(x=[28, 7], edge_index=[2, 14], edge_attr=[14, 5], y=0.0, custom_label=0.0, min_label=0, max_label=8, instance_name='p19.txt');0.0;0.0006818384863436222;0.00042665787623263896;0.12605628371238708
Data(x=[30, 7], edge_index=[2, 16], edge_attr=[16, 5], y=0.0, custom_label=0.0, min_label=0, max_label=8, instance_name='p19.txt');0.0;0.00015622111095581204;9.78444586507976e-05;6.252767889236566e-06
Data(x=[25, 7], edge_index=[2, 14], edge_attr=[14, 5], y=0.0, custom_label=0.0, min_label=0, max_label=8, instance_name='p19.txt');0.0;5.464552668854594e-05;4.806802098755725e-05;4.411139553376339e-18
Data(x=[22, 7], edge_index=[2, 10], edge_attr=[10, 5], y=0.0, custom_label=0.0, min_label=0, max_label=8, instance_name='p19.txt');0.0;0.00023981579579412937;0.00020001252414658666;4.857524800172541e-06
Data(x=[30, 7], edge_index=[2, 18], edge_attr=[18, 5], y=0.0, custom_label=0.0, min_label=0, max_label=8, instance_name='p19.txt');0.0;0.0003220629005227238;0.0005068759783171117;0.12605628371238708
Data(x=[19, 7], edge_index=[2, 14], edge_attr=[14, 5], y=0.0, custom_label=0.0, min_label=0, max_label=8, instance_name='p19.txt');0.0;1.2420116036082618e-05;1.7688209482003003e-05;1.6836214854265563e-05
Data(x=[28, 7], edge_index=[2, 16], edge_attr=[16, 5], y=0.0, custom_label=0.0, min_label=0, max_label=8, instance_name='p19.txt');0.0;0.0001087775599444285;8.179974247468635e-05;1.3850466606957212e-10
Data(x=[27, 7], edge_index=[2, 14], edge_attr=[14, 5], y=0.0, custom_label=0.0, min_label=0, max_label=8, instance_name='p19.txt');0.0;0.0005987714976072311;0.0004106218402739614;6.852552379699173e-12
Data(x=[27, 7], edge_index=[2, 14], edge_attr=[14, 5], y=0.0, custom_label=0.0, min_label=0, max_label=8, instance_name='p19.txt');0.0;0.0005987720796838403;0.0004106218402739614;1.6836214854265563e-05
Data(x=[17, 7], edge_index=[2, 8], edge_attr=[8, 5], y=0.0, custom_label=0.0, min_label=0, max_label=8, instance_name='p19.txt');0.0;6.280038360273466e-05;8.679114398546517e-05;0.12605628371238708
Data(x=[20, 7], edge_index=[2, 12], edge_attr=[12, 5], y=0.0, custom_label=0.0, min_label=0, max_label=8, instance_name='p19.txt');0.0;0.00041135013452731073;0.0010533418972045183;0.12605628371238708
Data(x=[24, 7], edge_index=[2, 12], edge_attr=[12, 5], y=0.0, custom_label=0.0, min_label=0, max_label=8, instance_name='p19.txt');0.0;4.062067819177173e-05;3.3802502002799883e-05;4.658041689253878e-06
Data(x=[22, 7], edge_index=[2, 10], edge_attr=[10, 5], y=0.0, custom_label=0.0, min_label=0, max_label=8, instance_name='p19.txt');0.0;0.00023981579579412937;0.00020001252414658666;4.857524800172541e-06
Data(x=[24, 7], edge_index=[2, 12], edge_attr=[12, 5], y=0.0, custom_label=0.0, min_label=0, max_label=8, instance_name='p19.txt');0.0;0.0003650300204753876;0.0002887803711928427;1.6836214854265563e-05
Data(x=[29, 7], edge_index=[2, 14], edge_attr=[14, 5], y=0.0, custom_label=0.0, min_label=0, max_label=8, instance_name='p19.txt');0.0;0.00012646106188185513;7.492770964745432e-05;2.328730307546434e-12
Data(x=[27, 7], edge_index=[2, 12], edge_attr=[12, 5], y=0.0, custom_label=0.0, min_label=0, max_label=8, instance_name='p19.txt');0.0;0.0005747604300267994;0.0003383141884114593;0.12605628371238708
Data(x=[24, 7], edge_index=[2, 12], edge_attr=[12, 5], y=0.0, custom_label=0.0, min_label=0, max_label=8, instance_name='p19.txt');0.0;0.0003650300204753876;0.0002887803711928427;0.12605628371238708
Data(x=[24, 7], edge_index=[2, 20], edge_attr=[20, 5], y=0.0, custom_label=0.0, min_label=0, max_label=8, instance_name='p19.txt');0.0;0.00011374777386663482;0.000508087279740721;1.7093715332094916e-10
Data(x=[23, 7], edge_index=[2, 10], edge_attr=[10, 5], y=0.0, custom_label=0.0, min_label=0, max_label=8, instance_name='p19.txt');0.0;0.0002909431350417435;0.00021622137865051627;4.678575714933686e-05
Data(x=[28, 7], edge_index=[2, 12], edge_attr=[12, 5], y=0.0, custom_label=0.0, min_label=0, max_label=8, instance_name='p19.txt');0.0;0.0006562402122654021;0.0003539673052728176;1.6836214854265563e-05
Data(x=[29, 7], edge_index=[2, 12], edge_attr=[12, 5], y=0.0, custom_label=0.0, min_label=0, max_label=8, instance_name='p19.txt');0.0;0.00012194948794785887;6.256021879380569e-05;0.12605628371238708
Data(x=[24, 7], edge_index=[2, 12], edge_attr=[12, 5], y=0.0, custom_label=0.0, min_label=0, max_label=8, instance_name='p19.txt');0.0;4.062064181198366e-05;3.3802502002799883e-05;4.857524800172541e-06
Data(x=[24, 7], edge_index=[2, 16], edge_attr=[16, 5], y=0.0, custom_label=0.0, min_label=0, max_label=8, instance_name='p19.txt');0.0;0.0001036068206303753;0.0003286033752374351;1.6133069948409684e-05
Data(x=[23, 7], edge_index=[2, 12], edge_attr=[12, 5], y=0.0, custom_label=0.0, min_label=0, max_label=8, instance_name='p19.txt');0.0;3.08731323457323e-05;2.8942058634129353e-05;4.857524800172541e-06
Data(x=[24, 7], edge_index=[2, 14], edge_attr=[14, 5], y=0.0, custom_label=0.0, min_label=0, max_label=8, instance_name='p19.txt');0.0;4.254307350493036e-05;4.203562639304437e-05;1.0493140103537329e-17
Data(x=[27, 7], edge_index=[2, 12], edge_attr=[12, 5], y=0.0, custom_label=0.0, min_label=0, max_label=8, instance_name='p19.txt');0.0;0.0005747604300267994;0.0003383141884114593;1.6133069948409684e-05
Data(x=[23, 7], edge_index=[2, 12], edge_attr=[12, 5], y=0.0, custom_label=0.0, min_label=0, max_label=8, instance_name='p19.txt');0.0;3.08731323457323e-05;2.89420313492883e-05;6.252767889236566e-06
Data(x=[25, 7], edge_index=[2, 14], edge_attr=[14, 5], y=0.0, custom_label=0.0, min_label=0, max_label=8, instance_name='p19.txt');0.0;5.464552668854594e-05;4.806802098755725e-05;0.12605628371238708
Data(x=[22, 7], edge_index=[2, 12], edge_attr=[12, 5], y=0.0, custom_label=0.0, min_label=0, max_label=8, instance_name='p19.txt');0.0;0.0002535406674724072;0.0002536954125389457;0.12605628371238708
Data(x=[20, 7], edge_index=[2, 12], edge_attr=[12, 5], y=0.0, custom_label=0.0, min_label=0, max_label=8, instance_name='p19.txt');0.0;1.160648935183417e-05;1.6550715372432023e-05;1.4819005397792573e-12
Data(x=[31, 7], edge_index=[2, 10], edge_attr=[10, 5], y=8.0, custom_label=1.0, min_label=0, max_label=8, instance_name='p19.txt');1.0;0.13749966025352478;0.14562496542930603;0.12605628371238708
Data(x=[30, 7], edge_index=[2, 8], edge_attr=[8, 5], y=7.0, custom_label=0.875, min_label=0, max_label=8, instance_name='p19.txt');0.875;0.1492985188961029;0.17441222071647644;0.12605628371238708
Data(x=[30, 7], edge_index=[2, 8], edge_attr=[8, 5], y=6.0, custom_label=0.75, min_label=0, max_label=8, instance_name='p19.txt');0.75;0.1492985188961029;0.17441222071647644;0.12605628371238708
Data(x=[30, 7], edge_index=[2, 8], edge_attr=[8, 5], y=5.0, custom_label=0.625, min_label=0, max_label=8, instance_name='p19.txt');0.625;0.1492985188961029;0.17441222071647644;0.12605628371238708
Data(x=[30, 7], edge_index=[2, 8], edge_attr=[8, 5], y=4.0, custom_label=0.5, min_label=0, max_label=8, instance_name='p19.txt');0.5;0.1492985188961029;0.17441222071647644;0.12605628371238708
Data(x=[30, 7], edge_index=[2, 8], edge_attr=[8, 5], y=3.0, custom_label=0.375, min_label=0, max_label=8, instance_name='p19.txt');0.375;0.1492985188961029;0.17441222071647644;0.12605628371238708
Data(x=[30, 7], edge_index=[2, 8], edge_attr=[8, 5], y=2.0, custom_label=0.25, min_label=0, max_label=8, instance_name='p19.txt');0.25;0.1492985188961029;0.17441222071647644;0.12605628371238708
Data(x=[30, 7], edge_index=[2, 8], edge_attr=[8, 5], y=1.0, custom_label=0.125, min_label=0, max_label=8, instance_name='p19.txt');0.125;0.1492985188961029;0.17441222071647644;0.12605628371238708
Data(x=[31, 7], edge_index=[2, 10], edge_attr=[10, 5], y=0.0, custom_label=0.0, min_label=0, max_label=8, instance_name='p19.txt');0.0;0.0009053805260919034;0.00033652663114480674;0.12605628371238708
Data(x=[24, 7], edge_index=[2, 12], edge_attr=[12, 5], y=0.0, custom_label=0.0, min_label=0, max_label=8, instance_name='p19.txt');0.0;0.0003650300204753876;0.0002887803711928427;1.6133069948409684e-05
Data(x=[31, 7], edge_index=[2, 12], edge_attr=[12, 5], y=0.0, custom_label=0.0, min_label=0, max_label=8, instance_name='p19.txt');0.0;0.0009362167911604047;0.00039837046642787755;0.12605628371238708
Data(x=[24, 7], edge_index=[2, 10], edge_attr=[10, 5], y=0.0, custom_label=0.0, min_label=0, max_label=8, instance_name='p19.txt');0.0;0.0005481907282955945;0.0008544888696633279;0.12605628371238708
Data(x=[21, 7], edge_index=[2, 12], edge_attr=[12, 5], y=0.0, custom_label=0.0, min_label=0, max_label=8, instance_name='p19.txt');0.0;0.0002952933718916029;0.00023916525242384523;1.6133069948409684e-05
Data(x=[25, 7], edge_index=[2, 14], edge_attr=[14, 5], y=0.0, custom_label=0.0, min_label=0, max_label=8, instance_name='p19.txt');0.0;7.419344910886139e-05;4.867924144491553e-05;0.12605628371238708
Data(x=[26, 7], edge_index=[2, 14], edge_attr=[14, 5], y=0.0, custom_label=0.0, min_label=0, max_label=8, instance_name='p19.txt');0.0;0.0005215801065787673;0.00039402549737133086;0.12605628371238708
Data(x=[25, 7], edge_index=[2, 10], edge_attr=[10, 5], y=0.0, custom_label=0.0, min_label=0, max_label=8, instance_name='p19.txt');0.0;0.0004102534439880401;0.00024800418759696186;0.12605628371238708
Data(x=[31, 7], edge_index=[2, 16], edge_attr=[16, 5], y=6.0, custom_label=0.75, min_label=0, max_label=8, instance_name='p19.txt');0.75;0.15064701437950134;0.16111727058887482;1.4819005397792573e-12
Data(x=[30, 7], edge_index=[2, 14], edge_attr=[14, 5], y=5.0, custom_label=0.625, min_label=0, max_label=8, instance_name='p19.txt');0.625;0.16328175365924835;0.18588361144065857;6.252767889236566e-06
Data(x=[30, 7], edge_index=[2, 14], edge_attr=[14, 5], y=4.0, custom_label=0.5, min_label=0, max_label=8, instance_name='p19.txt');0.5;0.16328175365924835;0.18588361144065857;6.252767889236566e-06
Data(x=[30, 7], edge_index=[2, 14], edge_attr=[14, 5], y=3.0, custom_label=0.375, min_label=0, max_label=8, instance_name='p19.txt');0.375;0.16328175365924835;0.18588361144065857;6.252767889236566e-06
Data(x=[30, 7], edge_index=[2, 14], edge_attr=[14, 5], y=2.0, custom_label=0.25, min_label=0, max_label=8, instance_name='p19.txt');0.25;0.17139801383018494;0.22714272141456604;6.252767889236566e-06
Data(x=[30, 7], edge_index=[2, 14], edge_attr=[14, 5], y=1.0, custom_label=0.125, min_label=0, max_label=8, instance_name='p19.txt');0.125;0.16328175365924835;0.18588361144065857;6.252767889236566e-06
Data(x=[31, 7], edge_index=[2, 16], edge_attr=[16, 5], y=0.0, custom_label=0.0, min_label=0, max_label=8, instance_name='p19.txt');0.0;0.00036052815266884863;0.0004402689228300005;6.252767889236566e-06
Data(x=[22, 7], edge_index=[2, 12], edge_attr=[12, 5], y=4.0, custom_label=0.5, min_label=0, max_label=8, instance_name='p19.txt');0.5;0.14811943471431732;0.16260772943496704;0.12605628371238708
Data(x=[21, 7], edge_index=[2, 10], edge_attr=[10, 5], y=3.0, custom_label=0.375, min_label=0, max_label=8, instance_name='p19.txt');0.375;0.1690925657749176;0.1884370595216751;0.12605628371238708
Data(x=[20, 7], edge_index=[2, 8], edge_attr=[8, 5], y=2.0, custom_label=0.25, min_label=0, max_label=8, instance_name='p19.txt');0.25;0.19397898018360138;0.2203601896762848;0.12605628371238708
Data(x=[20, 7], edge_index=[2, 8], edge_attr=[8, 5], y=1.0, custom_label=0.125, min_label=0, max_label=8, instance_name='p19.txt');0.125;0.19397898018360138;0.2203601896762848;0.12605628371238708
Data(x=[21, 7], edge_index=[2, 10], edge_attr=[10, 5], y=0.0, custom_label=0.0, min_label=0, max_label=8, instance_name='p19.txt');0.0;0.00019504713418427855;0.00018365039431955665;0.12605628371238708
Data(x=[217, 7], edge_index=[2, 217], y=429.0, edge_attr=[217, 5], custom_label=1.0, min_label=0, max_label=429, instance_name='p20.txt');1.0;0.4601989686489105;0.4957265853881836;0.6659550070762634
Data(x=[217, 7], edge_index=[2, 217], y=428.0, edge_attr=[217, 5], custom_label=0.997669, min_label=0, max_label=429, instance_name='p20.txt');0.997668981552124;0.4601989686489105;0.4957265853881836;0.6659550070762634
Data(x=[217, 7], edge_index=[2, 217], y=427.0, edge_attr=[217, 5], custom_label=0.995338, min_label=0, max_label=429, instance_name='p20.txt');0.9953380227088928;0.4601989686489105;0.4957265853881836;0.6659550070762634
Data(x=[217, 7], edge_index=[2, 217], y=426.0, edge_attr=[217, 5], custom_label=0.993007, min_label=0, max_label=429, instance_name='p20.txt');0.9930070042610168;0.4601989686489105;0.4957265853881836;0.6659550070762634
Data(x=[217, 7], edge_index=[2, 217], y=425.0, edge_attr=[217, 5], custom_label=0.990676, min_label=0, max_label=429, instance_name='p20.txt');0.9906759858131409;0.4601989686489105;0.4957265853881836;0.6659550070762634
Data(x=[217, 7], edge_index=[2, 217], y=424.0, edge_attr=[217, 5], custom_label=0.98834497, min_label=0, max_label=429, instance_name='p20.txt');0.9883449673652649;0.4601989686489105;0.4957265853881836;0.6659550070762634
Data(x=[217, 7], edge_index=[2, 217], y=423.0, edge_attr=[217, 5], custom_label=0.986014, min_label=0, max_label=429, instance_name='p20.txt');0.9860140085220337;0.4601989686489105;0.4957265853881836;0.6659550070762634
Data(x=[217, 7], edge_index=[2, 217], y=422.0, edge_attr=[217, 5], custom_label=0.983683, min_label=0, max_label=429, instance_name='p20.txt');0.9836829900741577;0.4601989686489105;0.4957265853881836;0.6659550070762634
Data(x=[217, 7], edge_index=[2, 217], y=421.0, edge_attr=[217, 5], custom_label=0.981352, min_label=0, max_label=429, instance_name='p20.txt');0.9813519716262817;0.4601989686489105;0.4957265853881836;0.6659550070762634
Data(x=[217, 7], edge_index=[2, 217], y=420.0, edge_attr=[217, 5], custom_label=0.97902095, min_label=0, max_label=429, instance_name='p20.txt');0.9790209531784058;0.4601989686489105;0.4957265853881836;0.6659550070762634
Data(x=[217, 7], edge_index=[2, 217], y=419.0, edge_attr=[217, 5], custom_label=0.97669, min_label=0, max_label=429, instance_name='p20.txt');0.9766899943351746;0.4601989686489105;0.4957265853881836;0.6659550070762634
Data(x=[217, 7], edge_index=[2, 217], y=418.0, edge_attr=[217, 5], custom_label=0.974359, min_label=0, max_label=429, instance_name='p20.txt');0.9743589758872986;0.4601989686489105;0.4957265853881836;0.6659550070762634
Data(x=[217, 7], edge_index=[2, 217], y=417.0, edge_attr=[217, 5], custom_label=0.97202796, min_label=0, max_label=429, instance_name='p20.txt');0.9720279574394226;0.4601989686489105;0.4957265853881836;0.6659550070762634
Data(x=[217, 7], edge_index=[2, 217], y=416.0, edge_attr=[217, 5], custom_label=0.969697, min_label=0, max_label=429, instance_name='p20.txt');0.9696969985961914;0.4601989686489105;0.4957265853881836;0.6659550070762634
Data(x=[217, 7], edge_index=[2, 217], y=415.0, edge_attr=[217, 5], custom_label=0.967366, min_label=0, max_label=429, instance_name='p20.txt');0.9673659801483154;0.4601989686489105;0.4957265853881836;0.6659550070762634
Data(x=[217, 7], edge_index=[2, 217], y=414.0, edge_attr=[217, 5], custom_label=0.96503496, min_label=0, max_label=429, instance_name='p20.txt');0.9650349617004395;0.4601989686489105;0.4957265853881836;0.6659550070762634
Data(x=[217, 7], edge_index=[2, 217], y=413.0, edge_attr=[217, 5], custom_label=0.96270394, min_label=0, max_label=429, instance_name='p20.txt');0.9627039432525635;0.4601989686489105;0.4957265853881836;0.6659550070762634
Data(x=[217, 7], edge_index=[2, 217], y=412.0, edge_attr=[217, 5], custom_label=0.960373, min_label=0, max_label=429, instance_name='p20.txt');0.9603729844093323;0.4601989686489105;0.4957265853881836;0.6659550070762634
Data(x=[217, 7], edge_index=[2, 217], y=411.0, edge_attr=[217, 5], custom_label=0.95804197, min_label=0, max_label=429, instance_name='p20.txt');0.9580419659614563;0.4601989686489105;0.4957265853881836;0.6659550070762634
Data(x=[217, 7], edge_index=[2, 217], y=410.0, edge_attr=[217, 5], custom_label=0.95571095, min_label=0, max_label=429, instance_name='p20.txt');0.9557109475135803;0.4601989686489105;0.4957265853881836;0.6659550070762634
Data(x=[217, 7], edge_index=[2, 217], y=409.0, edge_attr=[217, 5], custom_label=0.9533799, min_label=0, max_label=429, instance_name='p20.txt');0.9533799290657043;0.4601989686489105;0.4957265853881836;0.6659550070762634
Data(x=[217, 7], edge_index=[2, 217], y=408.0, edge_attr=[217, 5], custom_label=0.951049, min_label=0, max_label=429, instance_name='p20.txt');0.9510489702224731;0.4601989686489105;0.4957265853881836;0.6659550070762634
Data(x=[217, 7], edge_index=[2, 217], y=407.0, edge_attr=[217, 5], custom_label=0.94871795, min_label=0, max_label=429, instance_name='p20.txt');0.9487179517745972;0.4601989686489105;0.4957265853881836;0.6659550070762634
Data(x=[217, 7], edge_index=[2, 217], y=406.0, edge_attr=[217, 5], custom_label=0.94638693, min_label=0, max_label=429, instance_name='p20.txt');0.9463869333267212;0.4601989686489105;0.4957265853881836;0.6659550070762634
Data(x=[217, 7], edge_index=[2, 217], y=405.0, edge_attr=[217, 5], custom_label=0.9440559, min_label=0, max_label=429, instance_name='p20.txt');0.9440559148788452;0.4601989686489105;0.4957265853881836;0.6659550070762634
Data(x=[217, 7], edge_index=[2, 217], y=404.0, edge_attr=[217, 5], custom_label=0.94172496, min_label=0, max_label=429, instance_name='p20.txt');0.941724956035614;0.4601989686489105;0.4957265853881836;0.6659550070762634
Data(x=[217, 7], edge_index=[2, 217], y=403.0, edge_attr=[217, 5], custom_label=0.93939394, min_label=0, max_label=429, instance_name='p20.txt');0.939393937587738;0.4601989686489105;0.4957265853881836;0.6659550070762634
Data(x=[217, 7], edge_index=[2, 217], y=402.0, edge_attr=[217, 5], custom_label=0.9370629, min_label=0, max_label=429, instance_name='p20.txt');0.9370629191398621;0.4601989686489105;0.4957265853881836;0.6659550070762634
Data(x=[217, 7], edge_index=[2, 217], y=401.0, edge_attr=[217, 5], custom_label=0.93473196, min_label=0, max_label=429, instance_name='p20.txt');0.9347319602966309;0.4601989686489105;0.4957265853881836;0.6659550070762634
Data(x=[217, 7], edge_index=[2, 217], y=400.0, edge_attr=[217, 5], custom_label=0.93240094, min_label=0, max_label=429, instance_name='p20.txt');0.9324009418487549;0.4601989686489105;0.4957265853881836;0.6659550070762634
Data(x=[217, 7], edge_index=[2, 217], y=399.0, edge_attr=[217, 5], custom_label=0.9300699, min_label=0, max_label=429, instance_name='p20.txt');0.9300699234008789;0.4601989686489105;0.4957265853881836;0.6659550070762634
Data(x=[217, 7], edge_index=[2, 217], y=398.0, edge_attr=[217, 5], custom_label=0.9277389, min_label=0, max_label=429, instance_name='p20.txt');0.9277389049530029;0.4601989686489105;0.4957265853881836;0.6659550070762634
Data(x=[217, 7], edge_index=[2, 217], y=397.0, edge_attr=[217, 5], custom_label=0.92540795, min_label=0, max_label=429, instance_name='p20.txt');0.9254079461097717;0.4601989686489105;0.4957265853881836;0.6659550070762634
Data(x=[217, 7], edge_index=[2, 217], y=396.0, edge_attr=[217, 5], custom_label=0.9230769, min_label=0, max_label=429, instance_name='p20.txt');0.9230769276618958;0.4601989686489105;0.4957265853881836;0.6659550070762634
Data(x=[217, 7], edge_index=[2, 217], y=395.0, edge_attr=[217, 5], custom_label=0.9207459, min_label=0, max_label=429, instance_name='p20.txt');0.9207459092140198;0.4601989686489105;0.4957265853881836;0.6659550070762634
Data(x=[217, 7], edge_index=[2, 217], y=394.0, edge_attr=[217, 5], custom_label=0.9184149, min_label=0, max_label=429, instance_name='p20.txt');0.9184148907661438;0.4601989686489105;0.4957265853881836;0.6659550070762634
Data(x=[217, 7], edge_index=[2, 217], y=393.0, edge_attr=[217, 5], custom_label=0.91608393, min_label=0, max_label=429, instance_name='p20.txt');0.9160839319229126;0.4601989686489105;0.4957265853881836;0.6659550070762634
Data(x=[217, 7], edge_index=[2, 217], y=392.0, edge_attr=[217, 5], custom_label=0.9137529, min_label=0, max_label=429, instance_name='p20.txt');0.9137529134750366;0.4601989686489105;0.4957265853881836;0.6659550070762634
Data(x=[217, 7], edge_index=[2, 217], y=391.0, edge_attr=[217, 5], custom_label=0.9114219, min_label=0, max_label=429, instance_name='p20.txt');0.9114218950271606;0.4601989686489105;0.4957265853881836;0.6659550070762634
Data(x=[217, 7], edge_index=[2, 217], y=390.0, edge_attr=[217, 5], custom_label=0.90909094, min_label=0, max_label=429, instance_name='p20.txt');0.9090909361839294;0.4601989686489105;0.4957265853881836;0.6659550070762634
Data(x=[217, 7], edge_index=[2, 217], y=389.0, edge_attr=[217, 5], custom_label=0.9067599, min_label=0, max_label=429, instance_name='p20.txt');0.9067599177360535;0.4601989686489105;0.4957265853881836;0.6659550070762634
Data(x=[217, 7], edge_index=[2, 217], y=388.0, edge_attr=[217, 5], custom_label=0.9044289, min_label=0, max_label=429, instance_name='p20.txt');0.9044288992881775;0.4601989686489105;0.4957265853881836;0.6659550070762634
Data(x=[217, 7], edge_index=[2, 217], y=387.0, edge_attr=[217, 5], custom_label=0.9020979, min_label=0, max_label=429, instance_name='p20.txt');0.9020978808403015;0.4601989686489105;0.4957265853881836;0.6659550070762634
Data(x=[217, 7], edge_index=[2, 217], y=386.0, edge_attr=[217, 5], custom_label=0.8997669, min_label=0, max_label=429, instance_name='p20.txt');0.8997669219970703;0.4601989686489105;0.4957265853881836;0.6659550070762634
Data(x=[217, 7], edge_index=[2, 217], y=385.0, edge_attr=[217, 5], custom_label=0.8974359, min_label=0, max_label=429, instance_name='p20.txt');0.8974359035491943;0.4601989686489105;0.4957265853881836;0.6659550070762634
Data(x=[217, 7], edge_index=[2, 217], y=384.0, edge_attr=[217, 5], custom_label=0.8951049, min_label=0, max_label=429, instance_name='p20.txt');0.8951048851013184;0.4601989686489105;0.4957265853881836;0.6659550070762634
Data(x=[217, 7], edge_index=[2, 217], y=383.0, edge_attr=[217, 5], custom_label=0.89277387, min_label=0, max_label=429, instance_name='p20.txt');0.8927738666534424;0.4601989686489105;0.4957265853881836;0.6659550070762634
Data(x=[217, 7], edge_index=[2, 217], y=382.0, edge_attr=[217, 5], custom_label=0.8904429, min_label=0, max_label=429, instance_name='p20.txt');0.8904429078102112;0.4601989686489105;0.4957265853881836;0.6659550070762634
Data(x=[217, 7], edge_index=[2, 217], y=381.0, edge_attr=[217, 5], custom_label=0.8881119, min_label=0, max_label=429, instance_name='p20.txt');0.8881118893623352;0.4601989686489105;0.4957265853881836;0.6659550070762634
Data(x=[217, 7], edge_index=[2, 217], y=380.0, edge_attr=[217, 5], custom_label=0.8857809, min_label=0, max_label=429, instance_name='p20.txt');0.8857808709144592;0.4601989686489105;0.4957265853881836;0.6659550070762634
Data(x=[217, 7], edge_index=[2, 217], y=379.0, edge_attr=[217, 5], custom_label=0.8834499, min_label=0, max_label=429, instance_name='p20.txt');0.883449912071228;0.4601989686489105;0.4957265853881836;0.6659550070762634
Data(x=[217, 7], edge_index=[2, 217], y=378.0, edge_attr=[217, 5], custom_label=0.8811189, min_label=0, max_label=429, instance_name='p20.txt');0.881118893623352;0.4601989686489105;0.4957265853881836;0.6659550070762634
Data(x=[217, 7], edge_index=[2, 217], y=377.0, edge_attr=[217, 5], custom_label=0.8787879, min_label=0, max_label=429, instance_name='p20.txt');0.8787878751754761;0.4601989686489105;0.4957265853881836;0.6659550070762634
Data(x=[217, 7], edge_index=[2, 217], y=376.0, edge_attr=[217, 5], custom_label=0.87645686, min_label=0, max_label=429, instance_name='p20.txt');0.8764568567276001;0.4601989686489105;0.4957265853881836;0.6659550070762634
Data(x=[217, 7], edge_index=[2, 217], y=375.0, edge_attr=[217, 5], custom_label=0.8741259, min_label=0, max_label=429, instance_name='p20.txt');0.8741258978843689;0.4601989686489105;0.4957265853881836;0.6659550070762634
Data(x=[217, 7], edge_index=[2, 217], y=374.0, edge_attr=[217, 5], custom_label=0.8717949, min_label=0, max_label=429, instance_name='p20.txt');0.8717948794364929;0.4601989686489105;0.4957265853881836;0.6659550070762634
Data(x=[217, 7], edge_index=[2, 217], y=373.0, edge_attr=[217, 5], custom_label=0.86946386, min_label=0, max_label=429, instance_name='p20.txt');0.8694638609886169;0.4601989686489105;0.4957265853881836;0.6659550070762634
Data(x=[217, 7], edge_index=[2, 217], y=372.0, edge_attr=[217, 5], custom_label=0.86713284, min_label=0, max_label=429, instance_name='p20.txt');0.867132842540741;0.4601989686489105;0.4957265853881836;0.6659550070762634
Data(x=[217, 7], edge_index=[2, 217], y=371.0, edge_attr=[217, 5], custom_label=0.8648019, min_label=0, max_label=429, instance_name='p20.txt');0.8648018836975098;0.4601989686489105;0.4957265853881836;0.6659550070762634
Data(x=[217, 7], edge_index=[2, 217], y=370.0, edge_attr=[217, 5], custom_label=0.86247087, min_label=0, max_label=429, instance_name='p20.txt');0.8624708652496338;0.4601989686489105;0.4957265853881836;0.6659550070762634
Data(x=[217, 7], edge_index=[2, 217], y=369.0, edge_attr=[217, 5], custom_label=0.86013985, min_label=0, max_label=429, instance_name='p20.txt');0.8601398468017578;0.4601989686489105;0.4957265853881836;0.6659550070762634
Data(x=[217, 7], edge_index=[2, 217], y=368.0, edge_attr=[217, 5], custom_label=0.8578088, min_label=0, max_label=429, instance_name='p20.txt');0.8578088283538818;0.4601989686489105;0.4957265853881836;0.6659550070762634
Data(x=[217, 7], edge_index=[2, 217], y=367.0, edge_attr=[217, 5], custom_label=0.85547787, min_label=0, max_label=429, instance_name='p20.txt');0.8554778695106506;0.4601989686489105;0.4957265853881836;0.6659550070762634
Data(x=[217, 7], edge_index=[2, 217], y=366.0, edge_attr=[217, 5], custom_label=0.85314685, min_label=0, max_label=429, instance_name='p20.txt');0.8531468510627747;0.4601989686489105;0.4957265853881836;0.6659550070762634
Data(x=[217, 7], edge_index=[2, 217], y=365.0, edge_attr=[217, 5], custom_label=0.85081583, min_label=0, max_label=429, instance_name='p20.txt');0.8508158326148987;0.4601989686489105;0.4957265853881836;0.6659550070762634
Data(x=[217, 7], edge_index=[2, 217], y=364.0, edge_attr=[217, 5], custom_label=0.8484849, min_label=0, max_label=429, instance_name='p20.txt');0.8484848737716675;0.4601989686489105;0.4957265853881836;0.6659550070762634
Data(x=[217, 7], edge_index=[2, 217], y=363.0, edge_attr=[217, 5], custom_label=0.84615386, min_label=0, max_label=429, instance_name='p20.txt');0.8461538553237915;0.4601989686489105;0.4957265853881836;0.6659550070762634
Data(x=[217, 7], edge_index=[2, 217], y=362.0, edge_attr=[217, 5], custom_label=0.84382284, min_label=0, max_label=429, instance_name='p20.txt');0.8438228368759155;0.4601989686489105;0.4957265853881836;0.6659550070762634
Data(x=[217, 7], edge_index=[2, 217], y=361.0, edge_attr=[217, 5], custom_label=0.8414918, min_label=0, max_label=429, instance_name='p20.txt');0.8414918184280396;0.4601989686489105;0.4957265853881836;0.6659550070762634
Data(x=[217, 7], edge_index=[2, 217], y=360.0, edge_attr=[217, 5], custom_label=0.83916086, min_label=0, max_label=429, instance_name='p20.txt');0.8391608595848083;0.4601989686489105;0.4957265853881836;0.6659550070762634
Data(x=[217, 7], edge_index=[2, 217], y=359.0, edge_attr=[217, 5], custom_label=0.83682984, min_label=0, max_label=429, instance_name='p20.txt');0.8368298411369324;0.4601989686489105;0.4957265853881836;0.6659550070762634
Data(x=[217, 7], edge_index=[2, 217], y=358.0, edge_attr=[217, 5], custom_label=0.8344988, min_label=0, max_label=429, instance_name='p20.txt');0.8344988226890564;0.4601989686489105;0.4957265853881836;0.6659550070762634
Data(x=[217, 7], edge_index=[2, 217], y=357.0, edge_attr=[217, 5], custom_label=0.8321678, min_label=0, max_label=429, instance_name='p20.txt');0.8321678042411804;0.4601989686489105;0.4957265853881836;0.6659550070762634
Data(x=[217, 7], edge_index=[2, 217], y=356.0, edge_attr=[217, 5], custom_label=0.82983685, min_label=0, max_label=429, instance_name='p20.txt');0.8298368453979492;0.4601989686489105;0.4957265853881836;0.6659550070762634
Data(x=[217, 7], edge_index=[2, 217], y=355.0, edge_attr=[217, 5], custom_label=0.8275058, min_label=0, max_label=429, instance_name='p20.txt');0.8275058269500732;0.4601989686489105;0.4957265853881836;0.6659550070762634
Data(x=[217, 7], edge_index=[2, 217], y=354.0, edge_attr=[217, 5], custom_label=0.8251748, min_label=0, max_label=429, instance_name='p20.txt');0.8251748085021973;0.4601989686489105;0.4957265853881836;0.6659550070762634
Data(x=[217, 7], edge_index=[2, 217], y=353.0, edge_attr=[217, 5], custom_label=0.82284385, min_label=0, max_label=429, instance_name='p20.txt');0.8228438496589661;0.4601989686489105;0.4957265853881836;0.6659550070762634
Data(x=[217, 7], edge_index=[2, 217], y=352.0, edge_attr=[217, 5], custom_label=0.82051283, min_label=0, max_label=429, instance_name='p20.txt');0.8205128312110901;0.4601989686489105;0.4957265853881836;0.6659550070762634
Data(x=[217, 7], edge_index=[2, 217], y=351.0, edge_attr=[217, 5], custom_label=0.8181818, min_label=0, max_label=429, instance_name='p20.txt');0.8181818127632141;0.4601989686489105;0.4957265853881836;0.6659550070762634
Data(x=[217, 7], edge_index=[2, 217], y=350.0, edge_attr=[217, 5], custom_label=0.8158508, min_label=0, max_label=429, instance_name='p20.txt');0.8158507943153381;0.4601989686489105;0.4957265853881836;0.6659550070762634
Data(x=[217, 7], edge_index=[2, 217], y=349.0, edge_attr=[217, 5], custom_label=0.81351984, min_label=0, max_label=429, instance_name='p20.txt');0.8135198354721069;0.4601989686489105;0.4957265853881836;0.6659550070762634
Data(x=[217, 7], edge_index=[2, 217], y=348.0, edge_attr=[217, 5], custom_label=0.8111888, min_label=0, max_label=429, instance_name='p20.txt');0.811188817024231;0.4601989686489105;0.4957265853881836;0.6659550070762634
Data(x=[217, 7], edge_index=[2, 217], y=347.0, edge_attr=[217, 5], custom_label=0.8088578, min_label=0, max_label=429, instance_name='p20.txt');0.808857798576355;0.4601989686489105;0.4957265853881836;0.6659550070762634
Data(x=[217, 7], edge_index=[2, 217], y=346.0, edge_attr=[217, 5], custom_label=0.8065268, min_label=0, max_label=429, instance_name='p20.txt');0.806526780128479;0.4601989686489105;0.4957265853881836;0.6659550070762634
Data(x=[217, 7], edge_index=[2, 217], y=345.0, edge_attr=[217, 5], custom_label=0.8041958, min_label=0, max_label=429, instance_name='p20.txt');0.8041958212852478;0.4601989686489105;0.4957265853881836;0.6659550070762634
Data(x=[217, 7], edge_index=[2, 217], y=344.0, edge_attr=[217, 5], custom_label=0.8018648, min_label=0, max_label=429, instance_name='p20.txt');0.8018648028373718;0.4601989686489105;0.4957265853881836;0.6659550070762634
Data(x=[217, 7], edge_index=[2, 217], y=343.0, edge_attr=[217, 5], custom_label=0.7995338, min_label=0, max_label=429, instance_name='p20.txt');0.7995337843894958;0.4601989686489105;0.4957265853881836;0.6659550070762634
Data(x=[217, 7], edge_index=[2, 217], y=342.0, edge_attr=[217, 5], custom_label=0.7972028, min_label=0, max_label=429, instance_name='p20.txt');0.7972028255462646;0.4601989686489105;0.4957265853881836;0.6659550070762634
Data(x=[217, 7], edge_index=[2, 217], y=341.0, edge_attr=[217, 5], custom_label=0.7948718, min_label=0, max_label=429, instance_name='p20.txt');0.7948718070983887;0.4601989686489105;0.4957265853881836;0.6659550070762634
Data(x=[217, 7], edge_index=[2, 217], y=340.0, edge_attr=[217, 5], custom_label=0.7925408, min_label=0, max_label=429, instance_name='p20.txt');0.7925407886505127;0.4601989686489105;0.4957265853881836;0.6659550070762634
Data(x=[217, 7], edge_index=[2, 217], y=339.0, edge_attr=[217, 5], custom_label=0.7902098, min_label=0, max_label=429, instance_name='p20.txt');0.7902097702026367;0.4601989686489105;0.4957265853881836;0.6659550070762634
Data(x=[217, 7], edge_index=[2, 217], y=338.0, edge_attr=[217, 5], custom_label=0.7878788, min_label=0, max_label=429, instance_name='p20.txt');0.7878788113594055;0.4601989686489105;0.4957265853881836;0.6659550070762634
Data(x=[217, 7], edge_index=[2, 217], y=337.0, edge_attr=[217, 5], custom_label=0.7855478, min_label=0, max_label=429, instance_name='p20.txt');0.7855477929115295;0.4601989686489105;0.4957265853881836;0.6659550070762634
Data(x=[217, 7], edge_index=[2, 217], y=336.0, edge_attr=[217, 5], custom_label=0.7832168, min_label=0, max_label=429, instance_name='p20.txt');0.7832167744636536;0.4601989686489105;0.4957265853881836;0.6659550070762634
Data(x=[217, 7], edge_index=[2, 217], y=335.0, edge_attr=[217, 5], custom_label=0.78088576, min_label=0, max_label=429, instance_name='p20.txt');0.7808857560157776;0.4601989686489105;0.4957265853881836;0.6659550070762634
Data(x=[217, 7], edge_index=[2, 217], y=334.0, edge_attr=[217, 5], custom_label=0.7785548, min_label=0, max_label=429, instance_name='p20.txt');0.7785547971725464;0.4601989686489105;0.4957265853881836;0.6659550070762634
Data(x=[217, 7], edge_index=[2, 217], y=333.0, edge_attr=[217, 5], custom_label=0.7762238, min_label=0, max_label=429, instance_name='p20.txt');0.7762237787246704;0.4601989686489105;0.4957265853881836;0.6659550070762634
Data(x=[217, 7], edge_index=[2, 217], y=332.0, edge_attr=[217, 5], custom_label=0.77389276, min_label=0, max_label=429, instance_name='p20.txt');0.7738927602767944;0.4601989686489105;0.4957265853881836;0.6659550070762634
Data(x=[217, 7], edge_index=[2, 217], y=331.0, edge_attr=[217, 5], custom_label=0.77156174, min_label=0, max_label=429, instance_name='p20.txt');0.7715617418289185;0.4601989686489105;0.4957265853881836;0.6659550070762634
Data(x=[217, 7], edge_index=[2, 217], y=330.0, edge_attr=[217, 5], custom_label=0.7692308, min_label=0, max_label=429, instance_name='p20.txt');0.7692307829856873;0.4601989686489105;0.4957265853881836;0.6659550070762634
Data(x=[217, 7], edge_index=[2, 217], y=329.0, edge_attr=[217, 5], custom_label=0.76689976, min_label=0, max_label=429, instance_name='p20.txt');0.7668997645378113;0.4601989686489105;0.4957265853881836;0.6659550070762634
Data(x=[217, 7], edge_index=[2, 217], y=328.0, edge_attr=[217, 5], custom_label=0.76456875, min_label=0, max_label=429, instance_name='p20.txt');0.7645687460899353;0.4601989686489105;0.4957265853881836;0.6659550070762634
Data(x=[217, 7], edge_index=[2, 217], y=327.0, edge_attr=[217, 5], custom_label=0.7622378, min_label=0, max_label=429, instance_name='p20.txt');0.7622377872467041;0.4601989686489105;0.4957265853881836;0.6659550070762634
Data(x=[217, 7], edge_index=[2, 217], y=326.0, edge_attr=[217, 5], custom_label=0.75990677, min_label=0, max_label=429, instance_name='p20.txt');0.7599067687988281;0.4601989686489105;0.4957265853881836;0.6659550070762634
Data(x=[217, 7], edge_index=[2, 217], y=325.0, edge_attr=[217, 5], custom_label=0.75757575, min_label=0, max_label=429, instance_name='p20.txt');0.7575757503509521;0.4601989686489105;0.4957265853881836;0.6659550070762634
Data(x=[217, 7], edge_index=[2, 217], y=324.0, edge_attr=[217, 5], custom_label=0.75524473, min_label=0, max_label=429, instance_name='p20.txt');0.7552447319030762;0.4601989686489105;0.4957265853881836;0.6659550070762634
Data(x=[217, 7], edge_index=[2, 217], y=323.0, edge_attr=[217, 5], custom_label=0.7529138, min_label=0, max_label=429, instance_name='p20.txt');0.752913773059845;0.4601989686489105;0.4957265853881836;0.6659550070762634
Data(x=[217, 7], edge_index=[2, 217], y=322.0, edge_attr=[217, 5], custom_label=0.75058275, min_label=0, max_label=429, instance_name='p20.txt');0.750582754611969;0.4601989686489105;0.4957265853881836;0.6659550070762634
Data(x=[217, 7], edge_index=[2, 217], y=321.0, edge_attr=[217, 5], custom_label=0.74825174, min_label=0, max_label=429, instance_name='p20.txt');0.748251736164093;0.4601989686489105;0.4957265853881836;0.6659550070762634
Data(x=[217, 7], edge_index=[2, 217], y=320.0, edge_attr=[217, 5], custom_label=0.7459207, min_label=0, max_label=429, instance_name='p20.txt');0.745920717716217;0.4601989686489105;0.4957265853881836;0.6659550070762634
Data(x=[217, 7], edge_index=[2, 217], y=319.0, edge_attr=[217, 5], custom_label=0.74358976, min_label=0, max_label=429, instance_name='p20.txt');0.7435897588729858;0.4601989686489105;0.4957265853881836;0.6659550070762634
Data(x=[217, 7], edge_index=[2, 217], y=318.0, edge_attr=[217, 5], custom_label=0.74125874, min_label=0, max_label=429, instance_name='p20.txt');0.7412587404251099;0.4601989686489105;0.4957265853881836;0.6659550070762634
Data(x=[217, 7], edge_index=[2, 217], y=317.0, edge_attr=[217, 5], custom_label=0.7389277, min_label=0, max_label=429, instance_name='p20.txt');0.7389277219772339;0.4601989686489105;0.4957265853881836;0.6659550070762634
Data(x=[217, 7], edge_index=[2, 217], y=316.0, edge_attr=[217, 5], custom_label=0.73659676, min_label=0, max_label=429, instance_name='p20.txt');0.7365967631340027;0.4601989686489105;0.4957265853881836;0.6659550070762634
Data(x=[217, 7], edge_index=[2, 217], y=315.0, edge_attr=[217, 5], custom_label=0.73426574, min_label=0, max_label=429, instance_name='p20.txt');0.7342657446861267;0.4601989686489105;0.4957265853881836;0.6659550070762634
Data(x=[217, 7], edge_index=[2, 217], y=314.0, edge_attr=[217, 5], custom_label=0.7319347, min_label=0, max_label=429, instance_name='p20.txt');0.7319347262382507;0.4601989686489105;0.4957265853881836;0.6659550070762634
Data(x=[217, 7], edge_index=[2, 217], y=313.0, edge_attr=[217, 5], custom_label=0.7296037, min_label=0, max_label=429, instance_name='p20.txt');0.7296037077903748;0.4601989686489105;0.4957265853881836;0.6659550070762634
Data(x=[217, 7], edge_index=[2, 217], y=312.0, edge_attr=[217, 5], custom_label=0.72727275, min_label=0, max_label=429, instance_name='p20.txt');0.7272727489471436;0.4601989686489105;0.4957265853881836;0.6659550070762634
Data(x=[217, 7], edge_index=[2, 217], y=311.0, edge_attr=[217, 5], custom_label=0.72494173, min_label=0, max_label=429, instance_name='p20.txt');0.7249417304992676;0.4601989686489105;0.4957265853881836;0.6659550070762634
Data(x=[217, 7], edge_index=[2, 217], y=310.0, edge_attr=[217, 5], custom_label=0.7226107, min_label=0, max_label=429, instance_name='p20.txt');0.7226107120513916;0.4601989686489105;0.4957265853881836;0.6659550070762634
Data(x=[217, 7], edge_index=[2, 217], y=309.0, edge_attr=[217, 5], custom_label=0.7202797, min_label=0, max_label=429, instance_name='p20.txt');0.7202796936035156;0.4601989686489105;0.4957265853881836;0.6659550070762634
Data(x=[217, 7], edge_index=[2, 217], y=308.0, edge_attr=[217, 5], custom_label=0.71794873, min_label=0, max_label=429, instance_name='p20.txt');0.7179487347602844;0.4601989686489105;0.4957265853881836;0.6659550070762634
Data(x=[217, 7], edge_index=[2, 217], y=307.0, edge_attr=[217, 5], custom_label=0.7156177, min_label=0, max_label=429, instance_name='p20.txt');0.7156177163124084;0.4601989686489105;0.4957265853881836;0.6659550070762634
Data(x=[217, 7], edge_index=[2, 217], y=306.0, edge_attr=[217, 5], custom_label=0.7132867, min_label=0, max_label=429, instance_name='p20.txt');0.7132866978645325;0.4601989686489105;0.4957265853881836;0.6659550070762634
Data(x=[217, 7], edge_index=[2, 217], y=305.0, edge_attr=[217, 5], custom_label=0.71095574, min_label=0, max_label=429, instance_name='p20.txt');0.7109557390213013;0.4601989686489105;0.4957265853881836;0.6659550070762634
Data(x=[217, 7], edge_index=[2, 217], y=304.0, edge_attr=[217, 5], custom_label=0.7086247, min_label=0, max_label=429, instance_name='p20.txt');0.7086247205734253;0.4601989686489105;0.4957265853881836;0.6659550070762634
Data(x=[217, 7], edge_index=[2, 217], y=303.0, edge_attr=[217, 5], custom_label=0.7062937, min_label=0, max_label=429, instance_name='p20.txt');0.7062937021255493;0.4601989686489105;0.4957265853881836;0.6659550070762634
Data(x=[217, 7], edge_index=[2, 217], y=302.0, edge_attr=[217, 5], custom_label=0.7039627, min_label=0, max_label=429, instance_name='p20.txt');0.7039626836776733;0.4601989686489105;0.4957265853881836;0.6659550070762634
Data(x=[217, 7], edge_index=[2, 217], y=301.0, edge_attr=[217, 5], custom_label=0.7016317, min_label=0, max_label=429, instance_name='p20.txt');0.7016317248344421;0.4601989686489105;0.4957265853881836;0.6659550070762634
Data(x=[217, 7], edge_index=[2, 217], y=300.0, edge_attr=[217, 5], custom_label=0.6993007, min_label=0, max_label=429, instance_name='p20.txt');0.6993007063865662;0.4601989686489105;0.4957265853881836;0.6659550070762634
Data(x=[217, 7], edge_index=[2, 217], y=299.0, edge_attr=[217, 5], custom_label=0.6969697, min_label=0, max_label=429, instance_name='p20.txt');0.6969696879386902;0.4601989686489105;0.4957265853881836;0.6659550070762634
Data(x=[217, 7], edge_index=[2, 217], y=298.0, edge_attr=[217, 5], custom_label=0.69463867, min_label=0, max_label=429, instance_name='p20.txt');0.6946386694908142;0.4601989686489105;0.4957265853881836;0.6659550070762634
Data(x=[217, 7], edge_index=[2, 217], y=297.0, edge_attr=[217, 5], custom_label=0.6923077, min_label=0, max_label=429, instance_name='p20.txt');0.692307710647583;0.4601989686489105;0.4957265853881836;0.6659550070762634
Data(x=[217, 7], edge_index=[2, 217], y=296.0, edge_attr=[217, 5], custom_label=0.6899767, min_label=0, max_label=429, instance_name='p20.txt');0.689976692199707;0.4601989686489105;0.4957265853881836;0.6659550070762634
Data(x=[217, 7], edge_index=[2, 217], y=295.0, edge_attr=[217, 5], custom_label=0.6876457, min_label=0, max_label=429, instance_name='p20.txt');0.687645673751831;0.4601989686489105;0.4957265853881836;0.6659550070762634
Data(x=[217, 7], edge_index=[2, 217], y=294.0, edge_attr=[217, 5], custom_label=0.6853147, min_label=0, max_label=429, instance_name='p20.txt');0.6853147149085999;0.4601989686489105;0.4957265853881836;0.6659550070762634
Data(x=[217, 7], edge_index=[2, 217], y=293.0, edge_attr=[217, 5], custom_label=0.6829837, min_label=0, max_label=429, instance_name='p20.txt');0.6829836964607239;0.4601989686489105;0.4957265853881836;0.6659550070762634
Data(x=[217, 7], edge_index=[2, 217], y=292.0, edge_attr=[217, 5], custom_label=0.6806527, min_label=0, max_label=429, instance_name='p20.txt');0.6806526780128479;0.4601989686489105;0.4957265853881836;0.6659550070762634
Data(x=[217, 7], edge_index=[2, 217], y=291.0, edge_attr=[217, 5], custom_label=0.67832166, min_label=0, max_label=429, instance_name='p20.txt');0.6783216595649719;0.4601989686489105;0.4957265853881836;0.6659550070762634
Data(x=[217, 7], edge_index=[2, 217], y=290.0, edge_attr=[217, 5], custom_label=0.6759907, min_label=0, max_label=429, instance_name='p20.txt');0.6759907007217407;0.4601989686489105;0.4957265853881836;0.6659550070762634
Data(x=[217, 7], edge_index=[2, 217], y=289.0, edge_attr=[217, 5], custom_label=0.6736597, min_label=0, max_label=429, instance_name='p20.txt');0.6736596822738647;0.4601989686489105;0.4957265853881836;0.6659550070762634
Data(x=[217, 7], edge_index=[2, 217], y=288.0, edge_attr=[217, 5], custom_label=0.67132866, min_label=0, max_label=429, instance_name='p20.txt');0.6713286638259888;0.4601989686489105;0.4957265853881836;0.6659550070762634
Data(x=[217, 7], edge_index=[2, 217], y=287.0, edge_attr=[217, 5], custom_label=0.66899765, min_label=0, max_label=429, instance_name='p20.txt');0.6689976453781128;0.4601989686489105;0.4957265853881836;0.6659550070762634
Data(x=[217, 7], edge_index=[2, 217], y=286.0, edge_attr=[217, 5], custom_label=0.6666667, min_label=0, max_label=429, instance_name='p20.txt');0.6666666865348816;0.4601989686489105;0.4957265853881836;0.6659550070762634
Data(x=[217, 7], edge_index=[2, 217], y=285.0, edge_attr=[217, 5], custom_label=0.66433567, min_label=0, max_label=429, instance_name='p20.txt');0.6643356680870056;0.4601989686489105;0.4957265853881836;0.6659550070762634
Data(x=[217, 7], edge_index=[2, 217], y=284.0, edge_attr=[217, 5], custom_label=0.66200465, min_label=0, max_label=429, instance_name='p20.txt');0.6620046496391296;0.4601989686489105;0.4957265853881836;0.6659550070762634
Data(x=[217, 7], edge_index=[2, 217], y=283.0, edge_attr=[217, 5], custom_label=0.65967363, min_label=0, max_label=429, instance_name='p20.txt');0.6596736311912537;0.4601989686489105;0.4957265853881836;0.6659550070762634
Data(x=[217, 7], edge_index=[2, 217], y=282.0, edge_attr=[217, 5], custom_label=0.6573427, min_label=0, max_label=429, instance_name='p20.txt');0.6573426723480225;0.4601989686489105;0.4957265853881836;0.6659550070762634
Data(x=[217, 7], edge_index=[2, 217], y=281.0, edge_attr=[217, 5], custom_label=0.65501165, min_label=0, max_label=429, instance_name='p20.txt');0.6550116539001465;0.4601989686489105;0.4957265853881836;0.6659550070762634
Data(x=[217, 7], edge_index=[2, 217], y=280.0, edge_attr=[217, 5], custom_label=0.65268064, min_label=0, max_label=429, instance_name='p20.txt');0.6526806354522705;0.4601989686489105;0.4957265853881836;0.6659550070762634
Data(x=[217, 7], edge_index=[2, 217], y=279.0, edge_attr=[217, 5], custom_label=0.6503497, min_label=0, max_label=429, instance_name='p20.txt');0.6503496766090393;0.4601989686489105;0.4957265853881836;0.6659550070762634
Data(x=[217, 7], edge_index=[2, 217], y=278.0, edge_attr=[217, 5], custom_label=0.64801866, min_label=0, max_label=429, instance_name='p20.txt');0.6480186581611633;0.4601989686489105;0.4957265853881836;0.6659550070762634
Data(x=[217, 7], edge_index=[2, 217], y=277.0, edge_attr=[217, 5], custom_label=0.64568764, min_label=0, max_label=429, instance_name='p20.txt');0.6456876397132874;0.4601989686489105;0.4957265853881836;0.6659550070762634
Data(x=[217, 7], edge_index=[2, 217], y=276.0, edge_attr=[217, 5], custom_label=0.6433566, min_label=0, max_label=429, instance_name='p20.txt');0.6433566212654114;0.4601989686489105;0.4957265853881836;0.6659550070762634
Data(x=[217, 7], edge_index=[2, 217], y=275.0, edge_attr=[217, 5], custom_label=0.64102566, min_label=0, max_label=429, instance_name='p20.txt');0.6410256624221802;0.4601989686489105;0.4957265853881836;0.6659550070762634
Data(x=[217, 7], edge_index=[2, 217], y=274.0, edge_attr=[217, 5], custom_label=0.63869464, min_label=0, max_label=429, instance_name='p20.txt');0.6386946439743042;0.4601989686489105;0.4957265853881836;0.6659550070762634
Data(x=[217, 7], edge_index=[2, 217], y=273.0, edge_attr=[217, 5], custom_label=0.6363636, min_label=0, max_label=429, instance_name='p20.txt');0.6363636255264282;0.4601989686489105;0.4957265853881836;0.6659550070762634
Data(x=[217, 7], edge_index=[2, 217], y=272.0, edge_attr=[217, 5], custom_label=0.6340326, min_label=0, max_label=429, instance_name='p20.txt');0.6340326070785522;0.4601989686489105;0.4957265853881836;0.6659550070762634
Data(x=[217, 7], edge_index=[2, 217], y=271.0, edge_attr=[217, 5], custom_label=0.63170165, min_label=0, max_label=429, instance_name='p20.txt');0.631701648235321;0.4601989686489105;0.4957265853881836;0.6659550070762634
Data(x=[217, 7], edge_index=[2, 217], y=270.0, edge_attr=[217, 5], custom_label=0.6293706, min_label=0, max_label=429, instance_name='p20.txt');0.6293706297874451;0.4601989686489105;0.4957265853881836;0.6659550070762634
Data(x=[217, 7], edge_index=[2, 217], y=269.0, edge_attr=[217, 5], custom_label=0.6270396, min_label=0, max_label=429, instance_name='p20.txt');0.6270396113395691;0.4601989686489105;0.4957265853881836;0.6659550070762634
Data(x=[217, 7], edge_index=[2, 217], y=268.0, edge_attr=[217, 5], custom_label=0.62470865, min_label=0, max_label=429, instance_name='p20.txt');0.6247086524963379;0.4601989686489105;0.4957265853881836;0.6659550070762634
Data(x=[217, 7], edge_index=[2, 217], y=267.0, edge_attr=[217, 5], custom_label=0.62237763, min_label=0, max_label=429, instance_name='p20.txt');0.6223776340484619;0.4601989686489105;0.4957265853881836;0.6659550070762634
Data(x=[217, 7], edge_index=[2, 217], y=266.0, edge_attr=[217, 5], custom_label=0.6200466, min_label=0, max_label=429, instance_name='p20.txt');0.6200466156005859;0.4601989686489105;0.4957265853881836;0.6659550070762634
Data(x=[217, 7], edge_index=[2, 217], y=265.0, edge_attr=[217, 5], custom_label=0.6177156, min_label=0, max_label=429, instance_name='p20.txt');0.61771559715271;0.4601989686489105;0.4957265853881836;0.6659550070762634
Data(x=[217, 7], edge_index=[2, 217], y=264.0, edge_attr=[217, 5], custom_label=0.61538464, min_label=0, max_label=429, instance_name='p20.txt');0.6153846383094788;0.4601989686489105;0.4957265853881836;0.6659550070762634
Data(x=[217, 7], edge_index=[2, 217], y=263.0, edge_attr=[217, 5], custom_label=0.6130536, min_label=0, max_label=429, instance_name='p20.txt');0.6130536198616028;0.4601989686489105;0.4957265853881836;0.6659550070762634
Data(x=[217, 7], edge_index=[2, 217], y=262.0, edge_attr=[217, 5], custom_label=0.6107226, min_label=0, max_label=429, instance_name='p20.txt');0.6107226014137268;0.4601989686489105;0.4957265853881836;0.6659550070762634
Data(x=[217, 7], edge_index=[2, 217], y=261.0, edge_attr=[217, 5], custom_label=0.6083916, min_label=0, max_label=429, instance_name='p20.txt');0.6083915829658508;0.4601989686489105;0.4957265853881836;0.6659550070762634
Data(x=[217, 7], edge_index=[2, 217], y=260.0, edge_attr=[217, 5], custom_label=0.6060606, min_label=0, max_label=429, instance_name='p20.txt');0.6060606241226196;0.4601989686489105;0.4957265853881836;0.6659550070762634
Data(x=[217, 7], edge_index=[2, 217], y=259.0, edge_attr=[217, 5], custom_label=0.6037296, min_label=0, max_label=429, instance_name='p20.txt');0.6037296056747437;0.4601989686489105;0.4957265853881836;0.6659550070762634
Data(x=[217, 7], edge_index=[2, 217], y=258.0, edge_attr=[217, 5], custom_label=0.6013986, min_label=0, max_label=429, instance_name='p20.txt');0.6013985872268677;0.4601989686489105;0.4957265853881836;0.6659550070762634
Data(x=[217, 7], edge_index=[2, 217], y=257.0, edge_attr=[217, 5], custom_label=0.5990676, min_label=0, max_label=429, instance_name='p20.txt');0.5990676283836365;0.4601989686489105;0.4957265853881836;0.6659550070762634
Data(x=[217, 7], edge_index=[2, 217], y=256.0, edge_attr=[217, 5], custom_label=0.5967366, min_label=0, max_label=429, instance_name='p20.txt');0.5967366099357605;0.4601989686489105;0.4957265853881836;0.6659550070762634
Data(x=[217, 7], edge_index=[2, 217], y=255.0, edge_attr=[217, 5], custom_label=0.5944056, min_label=0, max_label=429, instance_name='p20.txt');0.5944055914878845;0.4601989686489105;0.4957265853881836;0.6659550070762634
Data(x=[217, 7], edge_index=[2, 217], y=254.0, edge_attr=[217, 5], custom_label=0.5920746, min_label=0, max_label=429, instance_name='p20.txt');0.5920745730400085;0.4601989686489105;0.4957265853881836;0.6659550070762634
Data(x=[217, 7], edge_index=[2, 217], y=253.0, edge_attr=[217, 5], custom_label=0.5897436, min_label=0, max_label=429, instance_name='p20.txt');0.5897436141967773;0.4601989686489105;0.4957265853881836;0.6659550070762634
Data(x=[217, 7], edge_index=[2, 217], y=252.0, edge_attr=[217, 5], custom_label=0.5874126, min_label=0, max_label=429, instance_name='p20.txt');0.5874125957489014;0.4601989686489105;0.4957265853881836;0.6659550070762634
Data(x=[217, 7], edge_index=[2, 217], y=251.0, edge_attr=[217, 5], custom_label=0.5850816, min_label=0, max_label=429, instance_name='p20.txt');0.5850815773010254;0.4601989686489105;0.4957265853881836;0.6659550070762634
Data(x=[217, 7], edge_index=[2, 217], y=250.0, edge_attr=[217, 5], custom_label=0.58275056, min_label=0, max_label=429, instance_name='p20.txt');0.5827505588531494;0.4601989686489105;0.4957265853881836;0.6659550070762634
Data(x=[217, 7], edge_index=[2, 217], y=249.0, edge_attr=[217, 5], custom_label=0.5804196, min_label=0, max_label=429, instance_name='p20.txt');0.5804196000099182;0.4601989686489105;0.4957265853881836;0.6659550070762634
Data(x=[217, 7], edge_index=[2, 217], y=248.0, edge_attr=[217, 5], custom_label=0.5780886, min_label=0, max_label=429, instance_name='p20.txt');0.5780885815620422;0.4601989686489105;0.4957265853881836;0.6659550070762634
Data(x=[217, 7], edge_index=[2, 217], y=247.0, edge_attr=[217, 5], custom_label=0.57575756, min_label=0, max_label=429, instance_name='p20.txt');0.5757575631141663;0.4601989686489105;0.4957265853881836;0.6659550070762634
Data(x=[217, 7], edge_index=[2, 217], y=246.0, edge_attr=[217, 5], custom_label=0.57342654, min_label=0, max_label=429, instance_name='p20.txt');0.5734265446662903;0.4601989686489105;0.4957265853881836;0.6659550070762634
Data(x=[217, 7], edge_index=[2, 217], y=245.0, edge_attr=[217, 5], custom_label=0.5710956, min_label=0, max_label=429, instance_name='p20.txt');0.5710955858230591;0.4601989686489105;0.4957265853881836;0.6659550070762634
Data(x=[217, 7], edge_index=[2, 217], y=244.0, edge_attr=[217, 5], custom_label=0.56876457, min_label=0, max_label=429, instance_name='p20.txt');0.5687645673751831;0.4601989686489105;0.4957265853881836;0.6659550070762634
Data(x=[217, 7], edge_index=[2, 217], y=243.0, edge_attr=[217, 5], custom_label=0.56643355, min_label=0, max_label=429, instance_name='p20.txt');0.5664335489273071;0.4601989686489105;0.4957265853881836;0.6659550070762634
Data(x=[217, 7], edge_index=[2, 217], y=242.0, edge_attr=[217, 5], custom_label=0.5641026, min_label=0, max_label=429, instance_name='p20.txt');0.5641025900840759;0.4601989686489105;0.4957265853881836;0.6659550070762634
Data(x=[217, 7], edge_index=[2, 217], y=241.0, edge_attr=[217, 5], custom_label=0.5617716, min_label=0, max_label=429, instance_name='p20.txt');0.5617715716362;0.4601989686489105;0.4957265853881836;0.6659550070762634
Data(x=[217, 7], edge_index=[2, 217], y=240.0, edge_attr=[217, 5], custom_label=0.55944055, min_label=0, max_label=429, instance_name='p20.txt');0.559440553188324;0.4601989686489105;0.4957265853881836;0.6659550070762634
Data(x=[217, 7], edge_index=[2, 217], y=239.0, edge_attr=[217, 5], custom_label=0.55710953, min_label=0, max_label=429, instance_name='p20.txt');0.557109534740448;0.4601989686489105;0.4957265853881836;0.6659550070762634
Data(x=[217, 7], edge_index=[2, 217], y=238.0, edge_attr=[217, 5], custom_label=0.5547786, min_label=0, max_label=429, instance_name='p20.txt');0.5547785758972168;0.4601989686489105;0.4957265853881836;0.6659550070762634
Data(x=[217, 7], edge_index=[2, 217], y=237.0, edge_attr=[217, 5], custom_label=0.55244756, min_label=0, max_label=429, instance_name='p20.txt');0.5524475574493408;0.4601989686489105;0.4957265853881836;0.6659550070762634
Data(x=[217, 7], edge_index=[2, 217], y=236.0, edge_attr=[217, 5], custom_label=0.55011654, min_label=0, max_label=429, instance_name='p20.txt');0.5501165390014648;0.4601989686489105;0.4957265853881836;0.6659550070762634
Data(x=[217, 7], edge_index=[2, 217], y=235.0, edge_attr=[217, 5], custom_label=0.5477855, min_label=0, max_label=429, instance_name='p20.txt');0.5477855205535889;0.4601989686489105;0.4957265853881836;0.6659550070762634
Data(x=[217, 7], edge_index=[2, 217], y=234.0, edge_attr=[217, 5], custom_label=0.54545456, min_label=0, max_label=429, instance_name='p20.txt');0.5454545617103577;0.4601989686489105;0.4957265853881836;0.6659550070762634
Data(x=[217, 7], edge_index=[2, 217], y=233.0, edge_attr=[217, 5], custom_label=0.54312354, min_label=0, max_label=429, instance_name='p20.txt');0.5431235432624817;0.4601989686489105;0.4957265853881836;0.6659550070762634
Data(x=[217, 7], edge_index=[2, 217], y=232.0, edge_attr=[217, 5], custom_label=0.5407925, min_label=0, max_label=429, instance_name='p20.txt');0.5407925248146057;0.4601989686489105;0.4957265853881836;0.6659550070762634
Data(x=[217, 7], edge_index=[2, 217], y=231.0, edge_attr=[217, 5], custom_label=0.53846157, min_label=0, max_label=429, instance_name='p20.txt');0.5384615659713745;0.4601989686489105;0.4957265853881836;0.6659550070762634
Data(x=[217, 7], edge_index=[2, 217], y=230.0, edge_attr=[217, 5], custom_label=0.53613055, min_label=0, max_label=429, instance_name='p20.txt');0.5361305475234985;0.4601989686489105;0.4957265853881836;0.6659550070762634
Data(x=[217, 7], edge_index=[2, 217], y=229.0, edge_attr=[217, 5], custom_label=0.5337995, min_label=0, max_label=429, instance_name='p20.txt');0.5337995290756226;0.4601989686489105;0.4957265853881836;0.6659550070762634
Data(x=[217, 7], edge_index=[2, 217], y=228.0, edge_attr=[217, 5], custom_label=0.5314685, min_label=0, max_label=429, instance_name='p20.txt');0.5314685106277466;0.4601989686489105;0.4957265853881836;0.6659550070762634
Data(x=[217, 7], edge_index=[2, 217], y=227.0, edge_attr=[217, 5], custom_label=0.52913755, min_label=0, max_label=429, instance_name='p20.txt');0.5291375517845154;0.4601989686489105;0.4957265853881836;0.6659550070762634
Data(x=[217, 7], edge_index=[2, 217], y=226.0, edge_attr=[217, 5], custom_label=0.52680653, min_label=0, max_label=429, instance_name='p20.txt');0.5268065333366394;0.4601989686489105;0.4957265853881836;0.6659550070762634
Data(x=[217, 7], edge_index=[2, 217], y=225.0, edge_attr=[217, 5], custom_label=0.5244755, min_label=0, max_label=429, instance_name='p20.txt');0.5244755148887634;0.4601989686489105;0.4957265853881836;0.6659550070762634
Data(x=[217, 7], edge_index=[2, 217], y=224.0, edge_attr=[217, 5], custom_label=0.5221445, min_label=0, max_label=429, instance_name='p20.txt');0.5221444964408875;0.4601989686489105;0.4957265853881836;0.6659550070762634
Data(x=[217, 7], edge_index=[2, 217], y=223.0, edge_attr=[217, 5], custom_label=0.51981354, min_label=0, max_label=429, instance_name='p20.txt');0.5198135375976562;0.4601989686489105;0.4957265853881836;0.6659550070762634
Data(x=[217, 7], edge_index=[2, 217], y=222.0, edge_attr=[217, 5], custom_label=0.5174825, min_label=0, max_label=429, instance_name='p20.txt');0.5174825191497803;0.4601989686489105;0.4957265853881836;0.6659550070762634
Data(x=[217, 7], edge_index=[2, 217], y=221.0, edge_attr=[217, 5], custom_label=0.5151515, min_label=0, max_label=429, instance_name='p20.txt');0.5151515007019043;0.4601989686489105;0.4957265853881836;0.6659550070762634
Data(x=[217, 7], edge_index=[2, 217], y=220.0, edge_attr=[217, 5], custom_label=0.51282054, min_label=0, max_label=429, instance_name='p20.txt');0.5128205418586731;0.4601989686489105;0.4957265853881836;0.6659550070762634
Data(x=[217, 7], edge_index=[2, 217], y=219.0, edge_attr=[217, 5], custom_label=0.5104895, min_label=0, max_label=429, instance_name='p20.txt');0.5104895234107971;0.4601989686489105;0.4957265853881836;0.6659550070762634
Data(x=[217, 7], edge_index=[2, 217], y=218.0, edge_attr=[217, 5], custom_label=0.5081585, min_label=0, max_label=429, instance_name='p20.txt');0.5081585049629211;0.4601989686489105;0.4957265853881836;0.6659550070762634
Data(x=[217, 7], edge_index=[2, 217], y=217.0, edge_attr=[217, 5], custom_label=0.5058275, min_label=0, max_label=429, instance_name='p20.txt');0.5058274865150452;0.4601989686489105;0.4957265853881836;0.6659550070762634
Data(x=[217, 7], edge_index=[2, 217], y=216.0, edge_attr=[217, 5], custom_label=0.5034965, min_label=0, max_label=429, instance_name='p20.txt');0.503496527671814;0.4601989686489105;0.4957265853881836;0.6659550070762634
Data(x=[217, 7], edge_index=[2, 217], y=215.0, edge_attr=[217, 5], custom_label=0.5011655, min_label=0, max_label=429, instance_name='p20.txt');0.501165509223938;0.4601989686489105;0.4957265853881836;0.6659550070762634
Data(x=[217, 7], edge_index=[2, 217], y=214.0, edge_attr=[217, 5], custom_label=0.4988345, min_label=0, max_label=429, instance_name='p20.txt');0.498834490776062;0.4601989686489105;0.4957265853881836;0.6659550070762634
Data(x=[217, 7], edge_index=[2, 217], y=213.0, edge_attr=[217, 5], custom_label=0.4965035, min_label=0, max_label=429, instance_name='p20.txt');0.4965035021305084;0.4601989686489105;0.4957265853881836;0.6659550070762634
Data(x=[217, 7], edge_index=[2, 217], y=212.0, edge_attr=[217, 5], custom_label=0.49417248, min_label=0, max_label=429, instance_name='p20.txt');0.49417248368263245;0.4601989686489105;0.4957265853881836;0.6659550070762634
Data(x=[217, 7], edge_index=[2, 217], y=211.0, edge_attr=[217, 5], custom_label=0.4918415, min_label=0, max_label=429, instance_name='p20.txt');0.49184149503707886;0.4601989686489105;0.4957265853881836;0.6659550070762634
Data(x=[217, 7], edge_index=[2, 217], y=210.0, edge_attr=[217, 5], custom_label=0.48951048, min_label=0, max_label=429, instance_name='p20.txt');0.4895104765892029;0.4601989686489105;0.4957265853881836;0.6659550070762634
Data(x=[217, 7], edge_index=[2, 217], y=209.0, edge_attr=[217, 5], custom_label=0.4871795, min_label=0, max_label=429, instance_name='p20.txt');0.4871794879436493;0.4601989686489105;0.4957265853881836;0.6659550070762634
Data(x=[217, 7], edge_index=[2, 217], y=208.0, edge_attr=[217, 5], custom_label=0.4848485, min_label=0, max_label=429, instance_name='p20.txt');0.4848484992980957;0.4601989686489105;0.4957265853881836;0.6659550070762634
Data(x=[217, 7], edge_index=[2, 217], y=207.0, edge_attr=[217, 5], custom_label=0.48251748, min_label=0, max_label=429, instance_name='p20.txt');0.4825174808502197;0.4601989686489105;0.4957265853881836;0.6659550070762634
Data(x=[217, 7], edge_index=[2, 217], y=206.0, edge_attr=[217, 5], custom_label=0.4801865, min_label=0, max_label=429, instance_name='p20.txt');0.48018649220466614;0.4601989686489105;0.4957265853881836;0.6659550070762634
Data(x=[217, 7], edge_index=[2, 217], y=205.0, edge_attr=[217, 5], custom_label=0.47785547, min_label=0, max_label=429, instance_name='p20.txt');0.47785547375679016;0.4601989686489105;0.4957265853881836;0.6659550070762634
Data(x=[217, 7], edge_index=[2, 217], y=204.0, edge_attr=[217, 5], custom_label=0.4755245, min_label=0, max_label=429, instance_name='p20.txt');0.4755244851112366;0.4601989686489105;0.4957265853881836;0.6659550070762634
Data(x=[217, 7], edge_index=[2, 217], y=203.0, edge_attr=[217, 5], custom_label=0.47319347, min_label=0, max_label=429, instance_name='p20.txt');0.4731934666633606;0.4601989686489105;0.4957265853881836;0.6659550070762634
Data(x=[217, 7], edge_index=[2, 217], y=202.0, edge_attr=[217, 5], custom_label=0.47086248, min_label=0, max_label=429, instance_name='p20.txt');0.470862478017807;0.4601989686489105;0.4957265853881836;0.6659550070762634
Data(x=[217, 7], edge_index=[2, 217], y=201.0, edge_attr=[217, 5], custom_label=0.46853146, min_label=0, max_label=429, instance_name='p20.txt');0.46853145956993103;0.4601989686489105;0.4957265853881836;0.6659550070762634
Data(x=[217, 7], edge_index=[2, 217], y=200.0, edge_attr=[217, 5], custom_label=0.46620047, min_label=0, max_label=429, instance_name='p20.txt');0.46620047092437744;0.4601989686489105;0.4957265853881836;0.6659550070762634
Data(x=[217, 7], edge_index=[2, 217], y=199.0, edge_attr=[217, 5], custom_label=0.46386945, min_label=0, max_label=429, instance_name='p20.txt');0.46386945247650146;0.4601989686489105;0.4957265853881836;0.6659550070762634
Data(x=[217, 7], edge_index=[2, 217], y=198.0, edge_attr=[217, 5], custom_label=0.46153846, min_label=0, max_label=429, instance_name='p20.txt');0.4615384638309479;0.4601989686489105;0.4957265853881836;0.6659550070762634
Data(x=[217, 7], edge_index=[2, 217], y=197.0, edge_attr=[217, 5], custom_label=0.45920745, min_label=0, max_label=429, instance_name='p20.txt');0.4592074453830719;0.4601989686489105;0.4957265853881836;0.6659550070762634
Data(x=[217, 7], edge_index=[2, 217], y=196.0, edge_attr=[217, 5], custom_label=0.45687646, min_label=0, max_label=429, instance_name='p20.txt');0.4568764567375183;0.4601989686489105;0.4957265853881836;0.6659550070762634
Data(x=[217, 7], edge_index=[2, 217], y=195.0, edge_attr=[217, 5], custom_label=0.45454547, min_label=0, max_label=429, instance_name='p20.txt');0.4545454680919647;0.4601989686489105;0.4957265853881836;0.6659550070762634
Data(x=[217, 7], edge_index=[2, 217], y=194.0, edge_attr=[217, 5], custom_label=0.45221445, min_label=0, max_label=429, instance_name='p20.txt');0.45221444964408875;0.4601989686489105;0.4957265853881836;0.6659550070762634
Data(x=[217, 7], edge_index=[2, 217], y=193.0, edge_attr=[217, 5], custom_label=0.44988346, min_label=0, max_label=429, instance_name='p20.txt');0.44988346099853516;0.4601989686489105;0.4957265853881836;0.6659550070762634
Data(x=[217, 7], edge_index=[2, 217], y=192.0, edge_attr=[217, 5], custom_label=0.44755244, min_label=0, max_label=429, instance_name='p20.txt');0.4475524425506592;0.4601989686489105;0.4957265853881836;0.6659550070762634
Data(x=[217, 7], edge_index=[2, 217], y=191.0, edge_attr=[217, 5], custom_label=0.44522145, min_label=0, max_label=429, instance_name='p20.txt');0.4452214539051056;0.4601989686489105;0.4957265853881836;0.6659550070762634
Data(x=[217, 7], edge_index=[2, 217], y=190.0, edge_attr=[217, 5], custom_label=0.44289044, min_label=0, max_label=429, instance_name='p20.txt');0.4428904354572296;0.4601989686489105;0.4957265853881836;0.6659550070762634
Data(x=[217, 7], edge_index=[2, 217], y=189.0, edge_attr=[217, 5], custom_label=0.44055945, min_label=0, max_label=429, instance_name='p20.txt');0.440559446811676;0.4601989686489105;0.4957265853881836;0.6659550070762634
Data(x=[217, 7], edge_index=[2, 217], y=188.0, edge_attr=[217, 5], custom_label=0.43822843, min_label=0, max_label=429, instance_name='p20.txt');0.43822842836380005;0.4601989686489105;0.4957265853881836;0.6659550070762634
Data(x=[217, 7], edge_index=[2, 217], y=187.0, edge_attr=[217, 5], custom_label=0.43589744, min_label=0, max_label=429, instance_name='p20.txt');0.43589743971824646;0.4601989686489105;0.4957265853881836;0.6659550070762634
Data(x=[217, 7], edge_index=[2, 217], y=186.0, edge_attr=[217, 5], custom_label=0.43356642, min_label=0, max_label=429, instance_name='p20.txt');0.4335664212703705;0.4601989686489105;0.4957265853881836;0.6659550070762634
Data(x=[217, 7], edge_index=[2, 217], y=185.0, edge_attr=[217, 5], custom_label=0.43123543, min_label=0, max_label=429, instance_name='p20.txt');0.4312354326248169;0.4601989686489105;0.4957265853881836;0.6659550070762634
Data(x=[217, 7], edge_index=[2, 217], y=184.0, edge_attr=[217, 5], custom_label=0.4289044, min_label=0, max_label=429, instance_name='p20.txt');0.4289044141769409;0.4601989686489105;0.4957265853881836;0.6659550070762634
Data(x=[217, 7], edge_index=[2, 217], y=183.0, edge_attr=[217, 5], custom_label=0.42657343, min_label=0, max_label=429, instance_name='p20.txt');0.42657342553138733;0.4601989686489105;0.4957265853881836;0.6659550070762634
Data(x=[217, 7], edge_index=[2, 217], y=182.0, edge_attr=[217, 5], custom_label=0.42424244, min_label=0, max_label=429, instance_name='p20.txt');0.42424243688583374;0.4601989686489105;0.4957265853881836;0.6659550070762634
Data(x=[217, 7], edge_index=[2, 217], y=181.0, edge_attr=[217, 5], custom_label=0.42191142, min_label=0, max_label=429, instance_name='p20.txt');0.42191141843795776;0.4601989686489105;0.4957265853881836;0.6659550070762634
Data(x=[217, 7], edge_index=[2, 217], y=180.0, edge_attr=[217, 5], custom_label=0.41958043, min_label=0, max_label=429, instance_name='p20.txt');0.4195804297924042;0.4601989686489105;0.4957265853881836;0.6659550070762634
Data(x=[217, 7], edge_index=[2, 217], y=179.0, edge_attr=[217, 5], custom_label=0.4172494, min_label=0, max_label=429, instance_name='p20.txt');0.4172494113445282;0.4601989686489105;0.4957265853881836;0.6659550070762634
Data(x=[217, 7], edge_index=[2, 217], y=178.0, edge_attr=[217, 5], custom_label=0.41491842, min_label=0, max_label=429, instance_name='p20.txt');0.4149184226989746;0.4601989686489105;0.4957265853881836;0.6659550070762634
Data(x=[217, 7], edge_index=[2, 217], y=177.0, edge_attr=[217, 5], custom_label=0.4125874, min_label=0, max_label=429, instance_name='p20.txt');0.41258740425109863;0.4601989686489105;0.4957265853881836;0.6659550070762634
Data(x=[217, 7], edge_index=[2, 217], y=176.0, edge_attr=[217, 5], custom_label=0.41025642, min_label=0, max_label=429, instance_name='p20.txt');0.41025641560554504;0.4601989686489105;0.4957265853881836;0.6659550070762634
Data(x=[217, 7], edge_index=[2, 217], y=175.0, edge_attr=[217, 5], custom_label=0.4079254, min_label=0, max_label=429, instance_name='p20.txt');0.40792539715766907;0.4601989686489105;0.4957265853881836;0.6659550070762634
Data(x=[217, 7], edge_index=[2, 217], y=174.0, edge_attr=[217, 5], custom_label=0.4055944, min_label=0, max_label=429, instance_name='p20.txt');0.4055944085121155;0.4601989686489105;0.4957265853881836;0.6659550070762634
Data(x=[217, 7], edge_index=[2, 217], y=173.0, edge_attr=[217, 5], custom_label=0.4032634, min_label=0, max_label=429, instance_name='p20.txt');0.4032633900642395;0.4601989686489105;0.4957265853881836;0.6659550070762634
Data(x=[217, 7], edge_index=[2, 217], y=172.0, edge_attr=[217, 5], custom_label=0.4009324, min_label=0, max_label=429, instance_name='p20.txt');0.4009324014186859;0.4601989686489105;0.4957265853881836;0.6659550070762634
Data(x=[217, 7], edge_index=[2, 217], y=171.0, edge_attr=[217, 5], custom_label=0.3986014, min_label=0, max_label=429, instance_name='p20.txt');0.3986014127731323;0.4601989686489105;0.4957265853881836;0.6659550070762634
Data(x=[217, 7], edge_index=[2, 217], y=170.0, edge_attr=[217, 5], custom_label=0.3962704, min_label=0, max_label=429, instance_name='p20.txt');0.39627039432525635;0.4601989686489105;0.4957265853881836;0.6659550070762634
Data(x=[217, 7], edge_index=[2, 217], y=169.0, edge_attr=[217, 5], custom_label=0.3939394, min_label=0, max_label=429, instance_name='p20.txt');0.39393940567970276;0.4601989686489105;0.4957265853881836;0.6659550070762634
Data(x=[217, 7], edge_index=[2, 217], y=168.0, edge_attr=[217, 5], custom_label=0.3916084, min_label=0, max_label=429, instance_name='p20.txt');0.3916083872318268;0.4601989686489105;0.4957265853881836;0.6659550070762634
Data(x=[217, 7], edge_index=[2, 217], y=167.0, edge_attr=[217, 5], custom_label=0.3892774, min_label=0, max_label=429, instance_name='p20.txt');0.3892773985862732;0.4601989686489105;0.4957265853881836;0.6659550070762634
Data(x=[217, 7], edge_index=[2, 217], y=166.0, edge_attr=[217, 5], custom_label=0.38694638, min_label=0, max_label=429, instance_name='p20.txt');0.3869463801383972;0.4601989686489105;0.4957265853881836;0.6659550070762634
Data(x=[217, 7], edge_index=[2, 217], y=165.0, edge_attr=[217, 5], custom_label=0.3846154, min_label=0, max_label=429, instance_name='p20.txt');0.38461539149284363;0.4601989686489105;0.4957265853881836;0.6659550070762634
Data(x=[217, 7], edge_index=[2, 217], y=164.0, edge_attr=[217, 5], custom_label=0.38228437, min_label=0, max_label=429, instance_name='p20.txt');0.38228437304496765;0.4601989686489105;0.4957265853881836;0.6659550070762634
Data(x=[217, 7], edge_index=[2, 217], y=163.0, edge_attr=[217, 5], custom_label=0.37995338, min_label=0, max_label=429, instance_name='p20.txt');0.37995338439941406;0.4601989686489105;0.4957265853881836;0.6659550070762634
Data(x=[217, 7], edge_index=[2, 217], y=162.0, edge_attr=[217, 5], custom_label=0.37762237, min_label=0, max_label=429, instance_name='p20.txt');0.3776223659515381;0.4601989686489105;0.4957265853881836;0.6659550070762634
Data(x=[217, 7], edge_index=[2, 217], y=161.0, edge_attr=[217, 5], custom_label=0.37529138, min_label=0, max_label=429, instance_name='p20.txt');0.3752913773059845;0.4601989686489105;0.4957265853881836;0.6659550070762634
Data(x=[217, 7], edge_index=[2, 217], y=160.0, edge_attr=[217, 5], custom_label=0.37296036, min_label=0, max_label=429, instance_name='p20.txt');0.3729603588581085;0.4601989686489105;0.4957265853881836;0.6659550070762634
Data(x=[217, 7], edge_index=[2, 217], y=159.0, edge_attr=[217, 5], custom_label=0.37062937, min_label=0, max_label=429, instance_name='p20.txt');0.37062937021255493;0.4601989686489105;0.4957265853881836;0.6659550070762634
Data(x=[217, 7], edge_index=[2, 217], y=158.0, edge_attr=[217, 5], custom_label=0.36829838, min_label=0, max_label=429, instance_name='p20.txt');0.36829838156700134;0.4601989686489105;0.4957265853881836;0.6659550070762634
Data(x=[217, 7], edge_index=[2, 217], y=157.0, edge_attr=[217, 5], custom_label=0.36596736, min_label=0, max_label=429, instance_name='p20.txt');0.36596736311912537;0.4601989686489105;0.4957265853881836;0.6659550070762634
Data(x=[217, 7], edge_index=[2, 217], y=156.0, edge_attr=[217, 5], custom_label=0.36363637, min_label=0, max_label=429, instance_name='p20.txt');0.3636363744735718;0.4601989686489105;0.4957265853881836;0.6659550070762634
Data(x=[217, 7], edge_index=[2, 217], y=155.0, edge_attr=[217, 5], custom_label=0.36130536, min_label=0, max_label=429, instance_name='p20.txt');0.3613053560256958;0.4601989686489105;0.4957265853881836;0.6659550070762634
Data(x=[217, 7], edge_index=[2, 217], y=154.0, edge_attr=[217, 5], custom_label=0.35897437, min_label=0, max_label=429, instance_name='p20.txt');0.3589743673801422;0.4601989686489105;0.4957265853881836;0.6659550070762634
Data(x=[217, 7], edge_index=[2, 217], y=153.0, edge_attr=[217, 5], custom_label=0.35664335, min_label=0, max_label=429, instance_name='p20.txt');0.35664334893226624;0.4601989686489105;0.4957265853881836;0.6659550070762634
Data(x=[217, 7], edge_index=[2, 217], y=152.0, edge_attr=[217, 5], custom_label=0.35431236, min_label=0, max_label=429, instance_name='p20.txt');0.35431236028671265;0.4601989686489105;0.4957265853881836;0.6659550070762634
Data(x=[217, 7], edge_index=[2, 217], y=151.0, edge_attr=[217, 5], custom_label=0.35198134, min_label=0, max_label=429, instance_name='p20.txt');0.35198134183883667;0.4601989686489105;0.4957265853881836;0.6659550070762634
Data(x=[217, 7], edge_index=[2, 217], y=150.0, edge_attr=[217, 5], custom_label=0.34965035, min_label=0, max_label=429, instance_name='p20.txt');0.3496503531932831;0.4601989686489105;0.4957265853881836;0.6659550070762634
Data(x=[217, 7], edge_index=[2, 217], y=149.0, edge_attr=[217, 5], custom_label=0.34731933, min_label=0, max_label=429, instance_name='p20.txt');0.3473193347454071;0.4601989686489105;0.4957265853881836;0.6659550070762634
Data(x=[217, 7], edge_index=[2, 217], y=148.0, edge_attr=[217, 5], custom_label=0.34498835, min_label=0, max_label=429, instance_name='p20.txt');0.3449883460998535;0.4601989686489105;0.4957265853881836;0.6659550070762634
Data(x=[217, 7], edge_index=[2, 217], y=147.0, edge_attr=[217, 5], custom_label=0.34265736, min_label=0, max_label=429, instance_name='p20.txt');0.3426573574542999;0.4601989686489105;0.4957265853881836;0.6659550070762634
Data(x=[217, 7], edge_index=[2, 217], y=146.0, edge_attr=[217, 5], custom_label=0.34032634, min_label=0, max_label=429, instance_name='p20.txt');0.34032633900642395;0.4601989686489105;0.4957265853881836;0.6659550070762634
Data(x=[217, 7], edge_index=[2, 217], y=145.0, edge_attr=[217, 5], custom_label=0.33799535, min_label=0, max_label=429, instance_name='p20.txt');0.33799535036087036;0.4601989686489105;0.4957265853881836;0.6659550070762634
Data(x=[217, 7], edge_index=[2, 217], y=144.0, edge_attr=[217, 5], custom_label=0.33566433, min_label=0, max_label=429, instance_name='p20.txt');0.3356643319129944;0.4601989686489105;0.4957265853881836;0.6659550070762634
Data(x=[217, 7], edge_index=[2, 217], y=143.0, edge_attr=[217, 5], custom_label=0.33333334, min_label=0, max_label=429, instance_name='p20.txt');0.3333333432674408;0.4601989686489105;0.4957265853881836;0.6659550070762634
Data(x=[217, 7], edge_index=[2, 217], y=142.0, edge_attr=[217, 5], custom_label=0.33100232, min_label=0, max_label=429, instance_name='p20.txt');0.3310023248195648;0.4601989686489105;0.4957265853881836;0.6659550070762634
Data(x=[217, 7], edge_index=[2, 217], y=141.0, edge_attr=[217, 5], custom_label=0.32867134, min_label=0, max_label=429, instance_name='p20.txt');0.32867133617401123;0.4601989686489105;0.4957265853881836;0.6659550070762634
Data(x=[217, 7], edge_index=[2, 217], y=140.0, edge_attr=[217, 5], custom_label=0.32634032, min_label=0, max_label=429, instance_name='p20.txt');0.32634031772613525;0.4601989686489105;0.4957265853881836;0.6659550070762634
Data(x=[217, 7], edge_index=[2, 217], y=139.0, edge_attr=[217, 5], custom_label=0.32400933, min_label=0, max_label=429, instance_name='p20.txt');0.32400932908058167;0.4601989686489105;0.4957265853881836;0.6659550070762634
Data(x=[217, 7], edge_index=[2, 217], y=138.0, edge_attr=[217, 5], custom_label=0.3216783, min_label=0, max_label=429, instance_name='p20.txt');0.3216783106327057;0.4601989686489105;0.4957265853881836;0.6659550070762634
Data(x=[217, 7], edge_index=[2, 217], y=137.0, edge_attr=[217, 5], custom_label=0.31934732, min_label=0, max_label=429, instance_name='p20.txt');0.3193473219871521;0.4601989686489105;0.4957265853881836;0.6659550070762634
Data(x=[217, 7], edge_index=[2, 217], y=136.0, edge_attr=[217, 5], custom_label=0.3170163, min_label=0, max_label=429, instance_name='p20.txt');0.3170163035392761;0.4601989686489105;0.4957265853881836;0.6659550070762634
Data(x=[217, 7], edge_index=[2, 217], y=135.0, edge_attr=[217, 5], custom_label=0.3146853, min_label=0, max_label=429, instance_name='p20.txt');0.31468531489372253;0.4601989686489105;0.4957265853881836;0.6659550070762634
Data(x=[217, 7], edge_index=[2, 217], y=134.0, edge_attr=[217, 5], custom_label=0.31235433, min_label=0, max_label=429, instance_name='p20.txt');0.31235432624816895;0.4601989686489105;0.4957265853881836;0.6659550070762634
Data(x=[217, 7], edge_index=[2, 217], y=133.0, edge_attr=[217, 5], custom_label=0.3100233, min_label=0, max_label=429, instance_name='p20.txt');0.31002330780029297;0.4601989686489105;0.4957265853881836;0.6659550070762634
Data(x=[217, 7], edge_index=[2, 217], y=132.0, edge_attr=[217, 5], custom_label=0.30769232, min_label=0, max_label=429, instance_name='p20.txt');0.3076923191547394;0.4601989686489105;0.4957265853881836;0.6659550070762634
Data(x=[217, 7], edge_index=[2, 217], y=131.0, edge_attr=[217, 5], custom_label=0.3053613, min_label=0, max_label=429, instance_name='p20.txt');0.3053613007068634;0.4601989686489105;0.4957265853881836;0.6659550070762634
Data(x=[217, 7], edge_index=[2, 217], y=130.0, edge_attr=[217, 5], custom_label=0.3030303, min_label=0, max_label=429, instance_name='p20.txt');0.3030303120613098;0.4601989686489105;0.4957265853881836;0.6659550070762634
Data(x=[217, 7], edge_index=[2, 217], y=129.0, edge_attr=[217, 5], custom_label=0.3006993, min_label=0, max_label=429, instance_name='p20.txt');0.30069929361343384;0.4601989686489105;0.4957265853881836;0.6659550070762634
Data(x=[217, 7], edge_index=[2, 217], y=128.0, edge_attr=[217, 5], custom_label=0.2983683, min_label=0, max_label=429, instance_name='p20.txt');0.29836830496788025;0.4601989686489105;0.4957265853881836;0.6659550070762634
Data(x=[217, 7], edge_index=[2, 217], y=127.0, edge_attr=[217, 5], custom_label=0.2960373, min_label=0, max_label=429, instance_name='p20.txt');0.2960372865200043;0.4601989686489105;0.4957265853881836;0.6659550070762634
Data(x=[217, 7], edge_index=[2, 217], y=126.0, edge_attr=[217, 5], custom_label=0.2937063, min_label=0, max_label=429, instance_name='p20.txt');0.2937062978744507;0.4601989686489105;0.4957265853881836;0.6659550070762634
Data(x=[217, 7], edge_index=[2, 217], y=125.0, edge_attr=[217, 5], custom_label=0.29137528, min_label=0, max_label=429, instance_name='p20.txt');0.2913752794265747;0.4601989686489105;0.4957265853881836;0.6659550070762634
Data(x=[217, 7], edge_index=[2, 217], y=124.0, edge_attr=[217, 5], custom_label=0.2890443, min_label=0, max_label=429, instance_name='p20.txt');0.2890442907810211;0.4601989686489105;0.4957265853881836;0.6659550070762634
Data(x=[217, 7], edge_index=[2, 217], y=123.0, edge_attr=[217, 5], custom_label=0.28671327, min_label=0, max_label=429, instance_name='p20.txt');0.28671327233314514;0.4601989686489105;0.4957265853881836;0.6659550070762634
Data(x=[217, 7], edge_index=[2, 217], y=122.0, edge_attr=[217, 5], custom_label=0.28438228, min_label=0, max_label=429, instance_name='p20.txt');0.28438228368759155;0.4601989686489105;0.4957265853881836;0.6659550070762634
Data(x=[217, 7], edge_index=[2, 217], y=121.0, edge_attr=[217, 5], custom_label=0.2820513, min_label=0, max_label=429, instance_name='p20.txt');0.28205129504203796;0.4601989686489105;0.4957265853881836;0.6659550070762634
Data(x=[217, 7], edge_index=[2, 217], y=120.0, edge_attr=[217, 5], custom_label=0.27972028, min_label=0, max_label=429, instance_name='p20.txt');0.279720276594162;0.4601989686489105;0.4957265853881836;0.6659550070762634
Data(x=[217, 7], edge_index=[2, 217], y=119.0, edge_attr=[217, 5], custom_label=0.2773893, min_label=0, max_label=429, instance_name='p20.txt');0.2773892879486084;0.4601989686489105;0.4957265853881836;0.6659550070762634
Data(x=[217, 7], edge_index=[2, 217], y=118.0, edge_attr=[217, 5], custom_label=0.27505827, min_label=0, max_label=429, instance_name='p20.txt');0.2750582695007324;0.4601989686489105;0.4957265853881836;0.6659550070762634
Data(x=[217, 7], edge_index=[2, 217], y=117.0, edge_attr=[217, 5], custom_label=0.27272728, min_label=0, max_label=429, instance_name='p20.txt');0.27272728085517883;0.4601989686489105;0.4957265853881836;0.6659550070762634
Data(x=[217, 7], edge_index=[2, 217], y=116.0, edge_attr=[217, 5], custom_label=0.27039626, min_label=0, max_label=429, instance_name='p20.txt');0.27039626240730286;0.4601989686489105;0.4957265853881836;0.6659550070762634
Data(x=[217, 7], edge_index=[2, 217], y=115.0, edge_attr=[217, 5], custom_label=0.26806527, min_label=0, max_label=429, instance_name='p20.txt');0.26806527376174927;0.4601989686489105;0.4957265853881836;0.6659550070762634
Data(x=[217, 7], edge_index=[2, 217], y=114.0, edge_attr=[217, 5], custom_label=0.26573426, min_label=0, max_label=429, instance_name='p20.txt');0.2657342553138733;0.4601989686489105;0.4957265853881836;0.6659550070762634
Data(x=[217, 7], edge_index=[2, 217], y=113.0, edge_attr=[217, 5], custom_label=0.26340327, min_label=0, max_label=429, instance_name='p20.txt');0.2634032666683197;0.4601989686489105;0.4957265853881836;0.6659550070762634
Data(x=[217, 7], edge_index=[2, 217], y=112.0, edge_attr=[217, 5], custom_label=0.26107225, min_label=0, max_label=429, instance_name='p20.txt');0.2610722482204437;0.4601989686489105;0.4957265853881836;0.6659550070762634
Data(x=[217, 7], edge_index=[2, 217], y=111.0, edge_attr=[217, 5], custom_label=0.25874126, min_label=0, max_label=429, instance_name='p20.txt');0.25874125957489014;0.4601989686489105;0.4957265853881836;0.6659550070762634
Data(x=[217, 7], edge_index=[2, 217], y=110.0, edge_attr=[217, 5], custom_label=0.25641027, min_label=0, max_label=429, instance_name='p20.txt');0.25641027092933655;0.4601989686489105;0.4957265853881836;0.6659550070762634
Data(x=[217, 7], edge_index=[2, 217], y=109.0, edge_attr=[217, 5], custom_label=0.25407925, min_label=0, max_label=429, instance_name='p20.txt');0.25407925248146057;0.4601989686489105;0.4957265853881836;0.6659550070762634
Data(x=[217, 7], edge_index=[2, 217], y=108.0, edge_attr=[217, 5], custom_label=0.25174826, min_label=0, max_label=429, instance_name='p20.txt');0.251748263835907;0.4601989686489105;0.4957265853881836;0.6659550070762634
Data(x=[217, 7], edge_index=[2, 217], y=107.0, edge_attr=[217, 5], custom_label=0.24941725, min_label=0, max_label=429, instance_name='p20.txt');0.249417245388031;0.4601989686489105;0.4957265853881836;0.6659550070762634
Data(x=[217, 7], edge_index=[2, 217], y=106.0, edge_attr=[217, 5], custom_label=0.24708624, min_label=0, max_label=429, instance_name='p20.txt');0.24708624184131622;0.4601989686489105;0.4957265853881836;0.6659550070762634
Data(x=[217, 7], edge_index=[2, 217], y=105.0, edge_attr=[217, 5], custom_label=0.24475524, min_label=0, max_label=429, instance_name='p20.txt');0.24475523829460144;0.4601989686489105;0.4957265853881836;0.6659550070762634
Data(x=[217, 7], edge_index=[2, 217], y=104.0, edge_attr=[217, 5], custom_label=0.24242425, min_label=0, max_label=429, instance_name='p20.txt');0.24242424964904785;0.4601989686489105;0.4957265853881836;0.6659550070762634
Data(x=[217, 7], edge_index=[2, 217], y=103.0, edge_attr=[217, 5], custom_label=0.24009325, min_label=0, max_label=429, instance_name='p20.txt');0.24009324610233307;0.4601989686489105;0.4957265853881836;0.6659550070762634
Data(x=[217, 7], edge_index=[2, 217], y=102.0, edge_attr=[217, 5], custom_label=0.23776224, min_label=0, max_label=429, instance_name='p20.txt');0.2377622425556183;0.4601989686489105;0.4957265853881836;0.6659550070762634
Data(x=[217, 7], edge_index=[2, 217], y=101.0, edge_attr=[217, 5], custom_label=0.23543124, min_label=0, max_label=429, instance_name='p20.txt');0.2354312390089035;0.4601989686489105;0.4957265853881836;0.6659550070762634
Data(x=[217, 7], edge_index=[2, 217], y=100.0, edge_attr=[217, 5], custom_label=0.23310024, min_label=0, max_label=429, instance_name='p20.txt');0.23310023546218872;0.4601989686489105;0.4957265853881836;0.6659550070762634
Data(x=[217, 7], edge_index=[2, 217], y=99.0, edge_attr=[217, 5], custom_label=0.23076923, min_label=0, max_label=429, instance_name='p20.txt');0.23076923191547394;0.4601989686489105;0.4957265853881836;0.6659550070762634
Data(x=[217, 7], edge_index=[2, 217], y=98.0, edge_attr=[217, 5], custom_label=0.22843823, min_label=0, max_label=429, instance_name='p20.txt');0.22843822836875916;0.4601989686489105;0.4957265853881836;0.6659550070762634
Data(x=[217, 7], edge_index=[2, 217], y=97.0, edge_attr=[217, 5], custom_label=0.22610722, min_label=0, max_label=429, instance_name='p20.txt');0.22610722482204437;0.4601989686489105;0.4957265853881836;0.6659550070762634
Data(x=[217, 7], edge_index=[2, 217], y=96.0, edge_attr=[217, 5], custom_label=0.22377622, min_label=0, max_label=429, instance_name='p20.txt');0.2237762212753296;0.4601989686489105;0.4957265853881836;0.6659550070762634
Data(x=[217, 7], edge_index=[2, 217], y=95.0, edge_attr=[217, 5], custom_label=0.22144522, min_label=0, max_label=429, instance_name='p20.txt');0.2214452177286148;0.4601989686489105;0.4957265853881836;0.6659550070762634
Data(x=[217, 7], edge_index=[2, 217], y=94.0, edge_attr=[217, 5], custom_label=0.21911421, min_label=0, max_label=429, instance_name='p20.txt');0.21911421418190002;0.4601989686489105;0.4957265853881836;0.6659550070762634
Data(x=[217, 7], edge_index=[2, 217], y=93.0, edge_attr=[217, 5], custom_label=0.21678321, min_label=0, max_label=429, instance_name='p20.txt');0.21678321063518524;0.4601989686489105;0.4957265853881836;0.6659550070762634
Data(x=[217, 7], edge_index=[2, 217], y=92.0, edge_attr=[217, 5], custom_label=0.2144522, min_label=0, max_label=429, instance_name='p20.txt');0.21445220708847046;0.4601989686489105;0.4957265853881836;0.6659550070762634
Data(x=[217, 7], edge_index=[2, 217], y=91.0, edge_attr=[217, 5], custom_label=0.21212122, min_label=0, max_label=429, instance_name='p20.txt');0.21212121844291687;0.4601989686489105;0.4957265853881836;0.6659550070762634
Data(x=[217, 7], edge_index=[2, 217], y=90.0, edge_attr=[217, 5], custom_label=0.20979021, min_label=0, max_label=429, instance_name='p20.txt');0.2097902148962021;0.4601989686489105;0.4957265853881836;0.6659550070762634
Data(x=[217, 7], edge_index=[2, 217], y=89.0, edge_attr=[217, 5], custom_label=0.20745921, min_label=0, max_label=429, instance_name='p20.txt');0.2074592113494873;0.4601989686489105;0.4957265853881836;0.6659550070762634
Data(x=[217, 7], edge_index=[2, 217], y=88.0, edge_attr=[217, 5], custom_label=0.20512821, min_label=0, max_label=429, instance_name='p20.txt');0.20512820780277252;0.4601989686489105;0.4957265853881836;0.6659550070762634
Data(x=[217, 7], edge_index=[2, 217], y=87.0, edge_attr=[217, 5], custom_label=0.2027972, min_label=0, max_label=429, instance_name='p20.txt');0.20279720425605774;0.4601989686489105;0.4957265853881836;0.6659550070762634
Data(x=[217, 7], edge_index=[2, 217], y=86.0, edge_attr=[217, 5], custom_label=0.2004662, min_label=0, max_label=429, instance_name='p20.txt');0.20046620070934296;0.4601989686489105;0.4957265853881836;0.6659550070762634
Data(x=[217, 7], edge_index=[2, 217], y=85.0, edge_attr=[217, 5], custom_label=0.1981352, min_label=0, max_label=429, instance_name='p20.txt');0.19813519716262817;0.4601989686489105;0.4957265853881836;0.6659550070762634
Data(x=[217, 7], edge_index=[2, 217], y=84.0, edge_attr=[217, 5], custom_label=0.1958042, min_label=0, max_label=429, instance_name='p20.txt');0.1958041936159134;0.4601989686489105;0.4957265853881836;0.6659550070762634
Data(x=[217, 7], edge_index=[2, 217], y=83.0, edge_attr=[217, 5], custom_label=0.19347319, min_label=0, max_label=429, instance_name='p20.txt');0.1934731900691986;0.4601989686489105;0.4957265853881836;0.6659550070762634
Data(x=[217, 7], edge_index=[2, 217], y=82.0, edge_attr=[217, 5], custom_label=0.19114219, min_label=0, max_label=429, instance_name='p20.txt');0.19114218652248383;0.4601989686489105;0.4957265853881836;0.6659550070762634
Data(x=[217, 7], edge_index=[2, 217], y=81.0, edge_attr=[217, 5], custom_label=0.18881118, min_label=0, max_label=429, instance_name='p20.txt');0.18881118297576904;0.4601989686489105;0.4957265853881836;0.6659550070762634
Data(x=[217, 7], edge_index=[2, 217], y=80.0, edge_attr=[217, 5], custom_label=0.18648018, min_label=0, max_label=429, instance_name='p20.txt');0.18648017942905426;0.4601989686489105;0.4957265853881836;0.6659550070762634
Data(x=[217, 7], edge_index=[2, 217], y=79.0, edge_attr=[217, 5], custom_label=0.18414919, min_label=0, max_label=429, instance_name='p20.txt');0.18414919078350067;0.4601989686489105;0.4957265853881836;0.6659550070762634
Data(x=[217, 7], edge_index=[2, 217], y=78.0, edge_attr=[217, 5], custom_label=0.18181819, min_label=0, max_label=429, instance_name='p20.txt');0.1818181872367859;0.4601989686489105;0.4957265853881836;0.6659550070762634
Data(x=[217, 7], edge_index=[2, 217], y=77.0, edge_attr=[217, 5], custom_label=0.17948718, min_label=0, max_label=429, instance_name='p20.txt');0.1794871836900711;0.4601989686489105;0.4957265853881836;0.6659550070762634
Data(x=[217, 7], edge_index=[2, 217], y=76.0, edge_attr=[217, 5], custom_label=0.17715618, min_label=0, max_label=429, instance_name='p20.txt');0.17715618014335632;0.4601989686489105;0.4957265853881836;0.6659550070762634
Data(x=[217, 7], edge_index=[2, 217], y=75.0, edge_attr=[217, 5], custom_label=0.17482518, min_label=0, max_label=429, instance_name='p20.txt');0.17482517659664154;0.4601989686489105;0.4957265853881836;0.6659550070762634
Data(x=[217, 7], edge_index=[2, 217], y=74.0, edge_attr=[217, 5], custom_label=0.17249417, min_label=0, max_label=429, instance_name='p20.txt');0.17249417304992676;0.4601989686489105;0.4957265853881836;0.6659550070762634
Data(x=[217, 7], edge_index=[2, 217], y=73.0, edge_attr=[217, 5], custom_label=0.17016317, min_label=0, max_label=429, instance_name='p20.txt');0.17016316950321198;0.4601989686489105;0.4957265853881836;0.6659550070762634
Data(x=[217, 7], edge_index=[2, 217], y=72.0, edge_attr=[217, 5], custom_label=0.16783217, min_label=0, max_label=429, instance_name='p20.txt');0.1678321659564972;0.4601989686489105;0.4957265853881836;0.6659550070762634
Data(x=[217, 7], edge_index=[2, 217], y=71.0, edge_attr=[217, 5], custom_label=0.16550116, min_label=0, max_label=429, instance_name='p20.txt');0.1655011624097824;0.4601989686489105;0.4957265853881836;0.6659550070762634
Data(x=[217, 7], edge_index=[2, 217], y=70.0, edge_attr=[217, 5], custom_label=0.16317016, min_label=0, max_label=429, instance_name='p20.txt');0.16317015886306763;0.4601989686489105;0.4957265853881836;0.6659550070762634
Data(x=[217, 7], edge_index=[2, 217], y=69.0, edge_attr=[217, 5], custom_label=0.16083916, min_label=0, max_label=429, instance_name='p20.txt');0.16083915531635284;0.4601989686489105;0.4957265853881836;0.6659550070762634
Data(x=[217, 7], edge_index=[2, 217], y=68.0, edge_attr=[217, 5], custom_label=0.15850815, min_label=0, max_label=429, instance_name='p20.txt');0.15850815176963806;0.4601989686489105;0.4957265853881836;0.6659550070762634
Data(x=[217, 7], edge_index=[2, 217], y=67.0, edge_attr=[217, 5], custom_label=0.15617716, min_label=0, max_label=429, instance_name='p20.txt');0.15617716312408447;0.4601989686489105;0.4957265853881836;0.6659550070762634
Data(x=[217, 7], edge_index=[2, 217], y=66.0, edge_attr=[217, 5], custom_label=0.15384616, min_label=0, max_label=429, instance_name='p20.txt');0.1538461595773697;0.4601989686489105;0.4957265853881836;0.6659550070762634
Data(x=[217, 7], edge_index=[2, 217], y=65.0, edge_attr=[217, 5], custom_label=0.15151516, min_label=0, max_label=429, instance_name='p20.txt');0.1515151560306549;0.4601989686489105;0.4957265853881836;0.6659550070762634
Data(x=[217, 7], edge_index=[2, 217], y=64.0, edge_attr=[217, 5], custom_label=0.14918415, min_label=0, max_label=429, instance_name='p20.txt');0.14918415248394012;0.4601989686489105;0.4957265853881836;0.6659550070762634
Data(x=[217, 7], edge_index=[2, 217], y=63.0, edge_attr=[217, 5], custom_label=0.14685315, min_label=0, max_label=429, instance_name='p20.txt');0.14685314893722534;0.4601989686489105;0.4957265853881836;0.6659550070762634
Data(x=[217, 7], edge_index=[2, 217], y=62.0, edge_attr=[217, 5], custom_label=0.14452215, min_label=0, max_label=429, instance_name='p20.txt');0.14452214539051056;0.4601989686489105;0.4957265853881836;0.6659550070762634
Data(x=[217, 7], edge_index=[2, 217], y=61.0, edge_attr=[217, 5], custom_label=0.14219114, min_label=0, max_label=429, instance_name='p20.txt');0.14219114184379578;0.4601989686489105;0.4957265853881836;0.6659550070762634
Data(x=[217, 7], edge_index=[2, 217], y=60.0, edge_attr=[217, 5], custom_label=0.13986014, min_label=0, max_label=429, instance_name='p20.txt');0.139860138297081;0.4601989686489105;0.4957265853881836;0.6659550070762634
Data(x=[217, 7], edge_index=[2, 217], y=59.0, edge_attr=[217, 5], custom_label=0.13752913, min_label=0, max_label=429, instance_name='p20.txt');0.1375291347503662;0.4601989686489105;0.4957265853881836;0.6659550070762634
Data(x=[217, 7], edge_index=[2, 217], y=58.0, edge_attr=[217, 5], custom_label=0.13519813, min_label=0, max_label=429, instance_name='p20.txt');0.13519813120365143;0.4601989686489105;0.4957265853881836;0.6659550070762634
Data(x=[217, 7], edge_index=[2, 217], y=57.0, edge_attr=[217, 5], custom_label=0.13286713, min_label=0, max_label=429, instance_name='p20.txt');0.13286712765693665;0.4601989686489105;0.4957265853881836;0.6659550070762634
Data(x=[217, 7], edge_index=[2, 217], y=56.0, edge_attr=[217, 5], custom_label=0.13053612, min_label=0, max_label=429, instance_name='p20.txt');0.13053612411022186;0.4601989686489105;0.4957265853881836;0.6659550070762634
Data(x=[217, 7], edge_index=[2, 217], y=55.0, edge_attr=[217, 5], custom_label=0.12820514, min_label=0, max_label=429, instance_name='p20.txt');0.12820513546466827;0.4601989686489105;0.4957265853881836;0.6659550070762634
Data(x=[217, 7], edge_index=[2, 217], y=54.0, edge_attr=[217, 5], custom_label=0.12587413, min_label=0, max_label=429, instance_name='p20.txt');0.1258741319179535;0.4601989686489105;0.4957265853881836;0.6659550070762634
Data(x=[217, 7], edge_index=[2, 217], y=53.0, edge_attr=[217, 5], custom_label=0.12354312, min_label=0, max_label=429, instance_name='p20.txt');0.12354312092065811;0.4601989686489105;0.4957265853881836;0.6659550070762634
Data(x=[217, 7], edge_index=[2, 217], y=52.0, edge_attr=[217, 5], custom_label=0.121212125, min_label=0, max_label=429, instance_name='p20.txt');0.12121212482452393;0.4601989686489105;0.4957265853881836;0.6659550070762634
Data(x=[217, 7], edge_index=[2, 217], y=51.0, edge_attr=[217, 5], custom_label=0.11888112, min_label=0, max_label=429, instance_name='p20.txt');0.11888112127780914;0.4601989686489105;0.4957265853881836;0.6659550070762634
Data(x=[217, 7], edge_index=[2, 217], y=50.0, edge_attr=[217, 5], custom_label=0.11655012, min_label=0, max_label=429, instance_name='p20.txt');0.11655011773109436;0.4601989686489105;0.4957265853881836;0.6659550070762634
Data(x=[217, 7], edge_index=[2, 217], y=49.0, edge_attr=[217, 5], custom_label=0.114219114, min_label=0, max_label=429, instance_name='p20.txt');0.11421911418437958;0.4601989686489105;0.4957265853881836;0.6659550070762634
Data(x=[217, 7], edge_index=[2, 217], y=48.0, edge_attr=[217, 5], custom_label=0.11188811, min_label=0, max_label=429, instance_name='p20.txt');0.1118881106376648;0.4601989686489105;0.4957265853881836;0.6659550070762634
Data(x=[217, 7], edge_index=[2, 217], y=47.0, edge_attr=[217, 5], custom_label=0.10955711, min_label=0, max_label=429, instance_name='p20.txt');0.10955710709095001;0.4601989686489105;0.4957265853881836;0.6659550070762634
Data(x=[217, 7], edge_index=[2, 217], y=46.0, edge_attr=[217, 5], custom_label=0.1072261, min_label=0, max_label=429, instance_name='p20.txt');0.10722610354423523;0.4601989686489105;0.4957265853881836;0.6659550070762634
Data(x=[217, 7], edge_index=[2, 217], y=45.0, edge_attr=[217, 5], custom_label=0.10489511, min_label=0, max_label=429, instance_name='p20.txt');0.10489510744810104;0.4601989686489105;0.4957265853881836;0.6659550070762634
Data(x=[217, 7], edge_index=[2, 217], y=44.0, edge_attr=[217, 5], custom_label=0.102564104, min_label=0, max_label=429, instance_name='p20.txt');0.10256410390138626;0.4601989686489105;0.4957265853881836;0.6659550070762634
Data(x=[217, 7], edge_index=[2, 217], y=43.0, edge_attr=[217, 5], custom_label=0.1002331, min_label=0, max_label=429, instance_name='p20.txt');0.10023310035467148;0.4601989686489105;0.4957265853881836;0.6659550070762634
Data(x=[217, 7], edge_index=[2, 217], y=42.0, edge_attr=[217, 5], custom_label=0.0979021, min_label=0, max_label=429, instance_name='p20.txt');0.0979020968079567;0.4601989686489105;0.4957265853881836;0.6659550070762634
Data(x=[217, 7], edge_index=[2, 217], y=41.0, edge_attr=[217, 5], custom_label=0.09557109, min_label=0, max_label=429, instance_name='p20.txt');0.09557109326124191;0.4601989686489105;0.4957265853881836;0.6659550070762634
Data(x=[217, 7], edge_index=[2, 217], y=40.0, edge_attr=[217, 5], custom_label=0.09324009, min_label=0, max_label=429, instance_name='p20.txt');0.09324008971452713;0.4601989686489105;0.4957265853881836;0.6659550070762634
Data(x=[217, 7], edge_index=[2, 217], y=39.0, edge_attr=[217, 5], custom_label=0.09090909, min_label=0, max_label=429, instance_name='p20.txt');0.09090909361839294;0.4601989686489105;0.4957265853881836;0.6659550070762634
Data(x=[217, 7], edge_index=[2, 217], y=38.0, edge_attr=[217, 5], custom_label=0.08857809, min_label=0, max_label=429, instance_name='p20.txt');0.08857809007167816;0.4601989686489105;0.4957265853881836;0.6659550070762634
Data(x=[217, 7], edge_index=[2, 217], y=37.0, edge_attr=[217, 5], custom_label=0.08624709, min_label=0, max_label=429, instance_name='p20.txt');0.08624708652496338;0.4601989686489105;0.4957265853881836;0.6659550070762634
Data(x=[217, 7], edge_index=[2, 217], y=36.0, edge_attr=[217, 5], custom_label=0.08391608, min_label=0, max_label=429, instance_name='p20.txt');0.0839160829782486;0.4601989686489105;0.4957265853881836;0.6659550070762634
Data(x=[217, 7], edge_index=[2, 217], y=35.0, edge_attr=[217, 5], custom_label=0.08158508, min_label=0, max_label=429, instance_name='p20.txt');0.08158507943153381;0.4601989686489105;0.4957265853881836;0.6659550070762634
Data(x=[217, 7], edge_index=[2, 217], y=34.0, edge_attr=[217, 5], custom_label=0.079254076, min_label=0, max_label=429, instance_name='p20.txt');0.07925407588481903;0.4601989686489105;0.4957265853881836;0.6659550070762634
Data(x=[217, 7], edge_index=[2, 217], y=33.0, edge_attr=[217, 5], custom_label=0.07692308, min_label=0, max_label=429, instance_name='p20.txt');0.07692307978868484;0.4601989686489105;0.4957265853881836;0.6659550070762634
Data(x=[217, 7], edge_index=[2, 217], y=32.0, edge_attr=[217, 5], custom_label=0.074592076, min_label=0, max_label=429, instance_name='p20.txt');0.07459207624197006;0.4601989686489105;0.4957265853881836;0.6659550070762634
Data(x=[217, 7], edge_index=[2, 217], y=31.0, edge_attr=[217, 5], custom_label=0.07226107, min_label=0, max_label=429, instance_name='p20.txt');0.07226107269525528;0.4601989686489105;0.4957265853881836;0.6659550070762634
Data(x=[217, 7], edge_index=[2, 217], y=30.0, edge_attr=[217, 5], custom_label=0.06993007, min_label=0, max_label=429, instance_name='p20.txt');0.0699300691485405;0.4601989686489105;0.4957265853881836;0.6659550070762634
Data(x=[217, 7], edge_index=[2, 217], y=29.0, edge_attr=[217, 5], custom_label=0.067599066, min_label=0, max_label=429, instance_name='p20.txt');0.06759906560182571;0.4601989686489105;0.4957265853881836;0.6659550070762634
Data(x=[217, 7], edge_index=[2, 217], y=28.0, edge_attr=[217, 5], custom_label=0.06526806, min_label=0, max_label=429, instance_name='p20.txt');0.06526806205511093;0.4601989686489105;0.4957265853881836;0.6659550070762634
Data(x=[217, 7], edge_index=[2, 217], y=27.0, edge_attr=[217, 5], custom_label=0.062937066, min_label=0, max_label=429, instance_name='p20.txt');0.06293706595897675;0.4601989686489105;0.4957265853881836;0.6659550070762634
Data(x=[217, 7], edge_index=[2, 217], y=26.0, edge_attr=[217, 5], custom_label=0.060606062, min_label=0, max_label=429, instance_name='p20.txt');0.06060606241226196;0.4601989686489105;0.4957265853881836;0.6659550070762634
Data(x=[217, 7], edge_index=[2, 217], y=25.0, edge_attr=[217, 5], custom_label=0.05827506, min_label=0, max_label=429, instance_name='p20.txt');0.05827505886554718;0.4601989686489105;0.4957265853881836;0.6659550070762634
Data(x=[217, 7], edge_index=[2, 217], y=24.0, edge_attr=[217, 5], custom_label=0.055944055, min_label=0, max_label=429, instance_name='p20.txt');0.0559440553188324;0.4601989686489105;0.4957265853881836;0.6659550070762634
Data(x=[217, 7], edge_index=[2, 217], y=23.0, edge_attr=[217, 5], custom_label=0.05361305, min_label=0, max_label=429, instance_name='p20.txt');0.053613051772117615;0.4601989686489105;0.4957265853881836;0.6659550070762634
Data(x=[217, 7], edge_index=[2, 217], y=22.0, edge_attr=[217, 5], custom_label=0.051282052, min_label=0, max_label=429, instance_name='p20.txt');0.05128205195069313;0.4601989686489105;0.4957265853881836;0.6659550070762634
Data(x=[217, 7], edge_index=[2, 217], y=21.0, edge_attr=[217, 5], custom_label=0.04895105, min_label=0, max_label=429, instance_name='p20.txt');0.04895104840397835;0.4601989686489105;0.4957265853881836;0.6659550070762634
Data(x=[217, 7], edge_index=[2, 217], y=20.0, edge_attr=[217, 5], custom_label=0.046620045, min_label=0, max_label=429, instance_name='p20.txt');0.046620044857263565;0.4601989686489105;0.4957265853881836;0.6659550070762634
Data(x=[217, 7], edge_index=[2, 217], y=19.0, edge_attr=[217, 5], custom_label=0.044289045, min_label=0, max_label=429, instance_name='p20.txt');0.04428904503583908;0.4601989686489105;0.4957265853881836;0.6659550070762634
Data(x=[217, 7], edge_index=[2, 217], y=18.0, edge_attr=[217, 5], custom_label=0.04195804, min_label=0, max_label=429, instance_name='p20.txt');0.0419580414891243;0.4601989686489105;0.4957265853881836;0.6659550070762634
Data(x=[217, 7], edge_index=[2, 217], y=17.0, edge_attr=[217, 5], custom_label=0.039627038, min_label=0, max_label=429, instance_name='p20.txt');0.039627037942409515;0.4601989686489105;0.4957265853881836;0.6659550070762634
Data(x=[217, 7], edge_index=[2, 217], y=16.0, edge_attr=[217, 5], custom_label=0.037296038, min_label=0, max_label=429, instance_name='p20.txt');0.03729603812098503;0.4601989686489105;0.4957265853881836;0.6659550070762634
Data(x=[217, 7], edge_index=[2, 217], y=15.0, edge_attr=[217, 5], custom_label=0.034965035, min_label=0, max_label=429, instance_name='p20.txt');0.03496503457427025;0.4601989686489105;0.4957265853881836;0.6659550070762634
Data(x=[217, 7], edge_index=[2, 217], y=14.0, edge_attr=[217, 5], custom_label=0.03263403, min_label=0, max_label=429, instance_name='p20.txt');0.032634031027555466;0.4601989686489105;0.4957265853881836;0.6659550070762634
Data(x=[217, 7], edge_index=[2, 217], y=13.0, edge_attr=[217, 5], custom_label=0.030303031, min_label=0, max_label=429, instance_name='p20.txt');0.03030303120613098;0.4601989686489105;0.4957265853881836;0.6659550070762634
Data(x=[217, 7], edge_index=[2, 217], y=12.0, edge_attr=[217, 5], custom_label=0.027972028, min_label=0, max_label=429, instance_name='p20.txt');0.0279720276594162;0.4601989686489105;0.4957265853881836;0.6659550070762634
Data(x=[217, 7], edge_index=[2, 217], y=11.0, edge_attr=[217, 5], custom_label=0.025641026, min_label=0, max_label=429, instance_name='p20.txt');0.025641025975346565;0.4601989686489105;0.4957265853881836;0.6659550070762634
Data(x=[217, 7], edge_index=[2, 217], y=10.0, edge_attr=[217, 5], custom_label=0.023310022, min_label=0, max_label=429, instance_name='p20.txt');0.023310022428631783;0.4601989686489105;0.4957265853881836;0.6659550070762634
Data(x=[217, 7], edge_index=[2, 217], y=9.0, edge_attr=[217, 5], custom_label=0.02097902, min_label=0, max_label=429, instance_name='p20.txt');0.02097902074456215;0.4601989686489105;0.4957265853881836;0.6659550070762634
Data(x=[217, 7], edge_index=[2, 217], y=8.0, edge_attr=[217, 5], custom_label=0.018648019, min_label=0, max_label=429, instance_name='p20.txt');0.018648019060492516;0.4601989686489105;0.4957265853881836;0.6659550070762634
Data(x=[217, 7], edge_index=[2, 217], y=7.0, edge_attr=[217, 5], custom_label=0.016317016, min_label=0, max_label=429, instance_name='p20.txt');0.016317015513777733;0.4601989686489105;0.4957265853881836;0.6659550070762634
Data(x=[217, 7], edge_index=[2, 217], y=6.0, edge_attr=[217, 5], custom_label=0.013986014, min_label=0, max_label=429, instance_name='p20.txt');0.0139860138297081;0.4601989686489105;0.4957265853881836;0.6659550070762634
Data(x=[217, 7], edge_index=[2, 217], y=5.0, edge_attr=[217, 5], custom_label=0.011655011, min_label=0, max_label=429, instance_name='p20.txt');0.011655011214315891;0.4601989686489105;0.4957265853881836;0.6659550070762634
Data(x=[217, 7], edge_index=[2, 217], y=4.0, edge_attr=[217, 5], custom_label=0.0093240095, min_label=0, max_label=429, instance_name='p20.txt');0.009324009530246258;0.4601989686489105;0.4957265853881836;0.6659550070762634
Data(x=[217, 7], edge_index=[2, 217], y=3.0, edge_attr=[217, 5], custom_label=0.006993007, min_label=0, max_label=429, instance_name='p20.txt');0.00699300691485405;0.4601989686489105;0.4957265853881836;0.6659550070762634
Data(x=[217, 7], edge_index=[2, 217], y=2.0, edge_attr=[217, 5], custom_label=0.0046620048, min_label=0, max_label=429, instance_name='p20.txt');0.004662004765123129;0.4601989686489105;0.4957265853881836;0.6659550070762634
Data(x=[217, 7], edge_index=[2, 217], y=1.0, edge_attr=[217, 5], custom_label=0.0023310024, min_label=0, max_label=429, instance_name='p20.txt');0.0023310023825615644;0.4601989686489105;0.4957265853881836;0.6659550070762634
Data(x=[218, 7], edge_index=[2, 2], edge_attr=[2, 5], y=0.0, custom_label=0.0, min_label=0, max_label=429, instance_name='p20.txt');0.0;0.18312124907970428;0.0024354022461920977;0.12605628371238708
Data(x=[46, 7], edge_index=[2, 20], edge_attr=[20, 5], y=38.0, custom_label=1.0, min_label=0, max_label=38, instance_name='p21.txt');1.0;9.541032341076061e-06;9.595132723916322e-06;0.12605628371238708
Data(x=[46, 7], edge_index=[2, 20], edge_attr=[20, 5], y=37.0, custom_label=0.9736842, min_label=0, max_label=38, instance_name='p21.txt');0.9736841917037964;9.541032341076061e-06;9.595132723916322e-06;0.12605628371238708
Data(x=[46, 7], edge_index=[2, 20], edge_attr=[20, 5], y=36.0, custom_label=0.94736844, min_label=0, max_label=38, instance_name='p21.txt');0.9473684430122375;9.541032341076061e-06;9.595132723916322e-06;0.12605628371238708
Data(x=[46, 7], edge_index=[2, 20], edge_attr=[20, 5], y=35.0, custom_label=0.92105263, min_label=0, max_label=38, instance_name='p21.txt');0.9210526347160339;9.541032341076061e-06;9.595132723916322e-06;0.12605628371238708
Data(x=[45, 7], edge_index=[2, 18], edge_attr=[18, 5], y=34.0, custom_label=0.8947368, min_label=0, max_label=38, instance_name='p21.txt');0.8947368264198303;0.00507968058809638;0.005095288623124361;0.12605628371238708
Data(x=[45, 7], edge_index=[2, 18], edge_attr=[18, 5], y=33.0, custom_label=0.8684211, min_label=0, max_label=38, instance_name='p21.txt');0.8684210777282715;0.00507968058809638;0.005095288623124361;0.12605628371238708
Data(x=[45, 7], edge_index=[2, 18], edge_attr=[18, 5], y=32.0, custom_label=0.84210527, min_label=0, max_label=38, instance_name='p21.txt');0.8421052694320679;0.005079682916402817;0.005095288623124361;0.12605628371238708
Data(x=[45, 7], edge_index=[2, 18], edge_attr=[18, 5], y=31.0, custom_label=0.81578946, min_label=0, max_label=38, instance_name='p21.txt');0.8157894611358643;0.005079682916402817;0.005095288623124361;0.12605628371238708
Data(x=[45, 7], edge_index=[2, 18], edge_attr=[18, 5], y=30.0, custom_label=0.7894737, min_label=0, max_label=38, instance_name='p21.txt');0.7894737124443054;0.005079682916402817;0.005095288623124361;0.12605628371238708
Data(x=[45, 7], edge_index=[2, 18], edge_attr=[18, 5], y=29.0, custom_label=0.7631579, min_label=0, max_label=38, instance_name='p21.txt');0.7631579041481018;0.005079682916402817;0.005095288623124361;0.12605628371238708
Data(x=[45, 7], edge_index=[2, 18], edge_attr=[18, 5], y=28.0, custom_label=0.7368421, min_label=0, max_label=38, instance_name='p21.txt');0.7368420958518982;0.00507968058809638;0.005095288623124361;0.12605628371238708
Data(x=[45, 7], edge_index=[2, 18], edge_attr=[18, 5], y=27.0, custom_label=0.7105263, min_label=0, max_label=38, instance_name='p21.txt');0.7105262875556946;0.00507968058809638;0.005095288623124361;0.12605628371238708
Data(x=[45, 7], edge_index=[2, 18], edge_attr=[18, 5], y=26.0, custom_label=0.68421054, min_label=0, max_label=38, instance_name='p21.txt');0.6842105388641357;0.005079682916402817;0.005095288623124361;0.12605628371238708
Data(x=[45, 7], edge_index=[2, 18], edge_attr=[18, 5], y=25.0, custom_label=0.65789473, min_label=0, max_label=38, instance_name='p21.txt');0.6578947305679321;0.005079682916402817;0.005095288623124361;0.12605628371238708
Data(x=[45, 7], edge_index=[2, 18], edge_attr=[18, 5], y=24.0, custom_label=0.6315789, min_label=0, max_label=38, instance_name='p21.txt');0.6315789222717285;0.005079682916402817;0.005095288623124361;0.12605628371238708
Data(x=[45, 7], edge_index=[2, 18], edge_attr=[18, 5], y=23.0, custom_label=0.6052632, min_label=0, max_label=38, instance_name='p21.txt');0.6052631735801697;0.005079682916402817;0.005095288623124361;0.12605628371238708
Data(x=[44, 7], edge_index=[2, 16], edge_attr=[16, 5], y=22.0, custom_label=0.57894737, min_label=0, max_label=38, instance_name='p21.txt');0.5789473652839661;0.10880644619464874;0.1328512728214264;0.12605628371238708
Data(x=[44, 7], edge_index=[2, 16], edge_attr=[16, 5], y=21.0, custom_label=0.55263156, min_label=0, max_label=38, instance_name='p21.txt');0.5526315569877625;0.10880644619464874;0.13285128772258759;0.12605628371238708
Data(x=[45, 7], edge_index=[2, 18], edge_attr=[18, 5], y=20.0, custom_label=0.5263158, min_label=0, max_label=38, instance_name='p21.txt');0.5263158082962036;0.00507968058809638;0.005095288623124361;0.12605628371238708
Data(x=[45, 7], edge_index=[2, 18], edge_attr=[18, 5], y=19.0, custom_label=0.5, min_label=0, max_label=38, instance_name='p21.txt');0.5;0.00507968058809638;0.005095288623124361;0.12605628371238708
Data(x=[45, 7], edge_index=[2, 18], edge_attr=[18, 5], y=18.0, custom_label=0.47368422, min_label=0, max_label=38, instance_name='p21.txt');0.4736842215061188;0.00507968058809638;0.005095288623124361;0.12605628371238708
Data(x=[45, 7], edge_index=[2, 18], edge_attr=[18, 5], y=17.0, custom_label=0.4473684, min_label=0, max_label=38, instance_name='p21.txt');0.44736841320991516;0.00507968058809638;0.005095288623124361;0.12605628371238708
Data(x=[45, 7], edge_index=[2, 18], edge_attr=[18, 5], y=16.0, custom_label=0.42105263, min_label=0, max_label=38, instance_name='p21.txt');0.42105263471603394;0.00507968058809638;0.005095288623124361;0.12605628371238708
Data(x=[45, 7], edge_index=[2, 18], edge_attr=[18, 5], y=15.0, custom_label=0.39473686, min_label=0, max_label=38, instance_name='p21.txt');0.3947368562221527;0.00507968058809638;0.005095288623124361;0.12605628371238708
Data(x=[45, 7], edge_index=[2, 18], edge_attr=[18, 5], y=14.0, custom_label=0.36842105, min_label=0, max_label=38, instance_name='p21.txt');0.3684210479259491;0.00507968058809638;0.005095288623124361;0.12605628371238708
Data(x=[45, 7], edge_index=[2, 18], edge_attr=[18, 5], y=13.0, custom_label=0.34210527, min_label=0, max_label=38, instance_name='p21.txt');0.34210526943206787;0.00507968058809638;0.005095288623124361;0.12605628371238708
Data(x=[45, 7], edge_index=[2, 18], edge_attr=[18, 5], y=12.0, custom_label=0.31578946, min_label=0, max_label=38, instance_name='p21.txt');0.31578946113586426;0.00507968058809638;0.005095288623124361;0.12605628371238708
Data(x=[44, 7], edge_index=[2, 16], edge_attr=[16, 5], y=11.0, custom_label=0.28947368, min_label=0, max_label=38, instance_name='p21.txt');0.28947368264198303;0.10880644619464874;0.13285130262374878;0.12605628371238708
Data(x=[44, 7], edge_index=[2, 16], edge_attr=[16, 5], y=10.0, custom_label=0.2631579, min_label=0, max_label=38, instance_name='p21.txt');0.2631579041481018;0.10880644619464874;0.13285130262374878;0.12605628371238708
Data(x=[45, 7], edge_index=[2, 18], edge_attr=[18, 5], y=9.0, custom_label=0.23684211, min_label=0, max_label=38, instance_name='p21.txt');0.2368421107530594;0.00507968058809638;0.005095288623124361;0.12605628371238708
Data(x=[45, 7], edge_index=[2, 18], edge_attr=[18, 5], y=8.0, custom_label=0.21052632, min_label=0, max_label=38, instance_name='p21.txt');0.21052631735801697;0.00507968058809638;0.005095288623124361;0.12605628371238708
Data(x=[46, 7], edge_index=[2, 20], edge_attr=[20, 5], y=7.0, custom_label=0.18421052, min_label=0, max_label=38, instance_name='p21.txt');0.18421052396297455;9.541032341076061e-06;9.595132723916322e-06;0.12605628371238708
Data(x=[46, 7], edge_index=[2, 20], edge_attr=[20, 5], y=6.0, custom_label=0.15789473, min_label=0, max_label=38, instance_name='p21.txt');0.15789473056793213;9.541032341076061e-06;9.595132723916322e-06;0.12605628371238708
Data(x=[46, 7], edge_index=[2, 20], edge_attr=[20, 5], y=5.0, custom_label=0.13157895, min_label=0, max_label=38, instance_name='p21.txt');0.1315789520740509;9.541032341076061e-06;9.595132723916322e-06;0.12605628371238708
Data(x=[46, 7], edge_index=[2, 20], edge_attr=[20, 5], y=4.0, custom_label=0.10526316, min_label=0, max_label=38, instance_name='p21.txt');0.10526315867900848;9.541032341076061e-06;9.595140909368638e-06;0.12605628371238708
Data(x=[46, 7], edge_index=[2, 20], edge_attr=[20, 5], y=3.0, custom_label=0.078947365, min_label=0, max_label=38, instance_name='p21.txt');0.07894736528396606;9.541032341076061e-06;9.595140909368638e-06;0.12605628371238708
Data(x=[46, 7], edge_index=[2, 20], edge_attr=[20, 5], y=2.0, custom_label=0.05263158, min_label=0, max_label=38, instance_name='p21.txt');0.05263157933950424;9.541032341076061e-06;9.595140909368638e-06;0.12605628371238708
Data(x=[46, 7], edge_index=[2, 20], edge_attr=[20, 5], y=1.0, custom_label=0.02631579, min_label=0, max_label=38, instance_name='p21.txt');0.02631578966975212;9.541032341076061e-06;9.595140909368638e-06;0.12605628371238708
Data(x=[47, 7], edge_index=[2, 22], edge_attr=[22, 5], y=0.0, custom_label=0.0, min_label=0, max_label=38, instance_name='p21.txt');0.0;2.4246300966979106e-08;2.3484412636776142e-08;0.12605628371238708
Data(x=[40, 7], edge_index=[2, 36], edge_attr=[36, 5], y=6.0, custom_label=0.15789473, min_label=0, max_label=38, instance_name='p21.txt');0.15789473056793213;3.932077561330516e-06;1.3238405699667055e-05;2.4437347867561833e-16
Data(x=[40, 7], edge_index=[2, 36], edge_attr=[36, 5], y=5.0, custom_label=0.13157895, min_label=0, max_label=38, instance_name='p21.txt');0.1315789520740509;3.932077561330516e-06;1.3238405699667055e-05;2.4437347867561833e-16
Data(x=[40, 7], edge_index=[2, 36], edge_attr=[36, 5], y=4.0, custom_label=0.10526316, min_label=0, max_label=38, instance_name='p21.txt');0.10526315867900848;5.143171620147768e-06;2.8937671231688e-05;2.4437347867561833e-16
Data(x=[40, 7], edge_index=[2, 36], edge_attr=[36, 5], y=3.0, custom_label=0.078947365, min_label=0, max_label=38, instance_name='p21.txt');0.07894736528396606;3.932077561330516e-06;1.3238405699667055e-05;2.4437347867561833e-16
Data(x=[40, 7], edge_index=[2, 36], edge_attr=[36, 5], y=2.0, custom_label=0.05263158, min_label=0, max_label=38, instance_name='p21.txt');0.05263157933950424;3.932077561330516e-06;1.3238405699667055e-05;2.4437347867561833e-16
Data(x=[40, 7], edge_index=[2, 36], edge_attr=[36, 5], y=1.0, custom_label=0.02631579, min_label=0, max_label=38, instance_name='p21.txt');0.02631578966975212;3.932081654056674e-06;1.3238405699667055e-05;2.4437347867561833e-16
Data(x=[41, 7], edge_index=[2, 38], edge_attr=[38, 5], y=0.0, custom_label=0.0, min_label=0, max_label=38, instance_name='p21.txt');0.0;4.863107250230314e-09;1.3438948620603242e-08;2.4437347867561833e-16
Data(x=[37, 7], edge_index=[2, 26], edge_attr=[26, 5], y=30.0, custom_label=0.7894737, min_label=0, max_label=38, instance_name='p21.txt');0.7894737124443054;0.677960216999054;0.6077104806900024;0.12605628371238708
Data(x=[37, 7], edge_index=[2, 26], edge_attr=[26, 5], y=29.0, custom_label=0.7631579, min_label=0, max_label=38, instance_name='p21.txt');0.7631579041481018;0.5607951879501343;0.5142084956169128;0.12605628371238708
Data(x=[36, 7], edge_index=[2, 24], edge_attr=[24, 5], y=28.0, custom_label=0.7368421, min_label=0, max_label=38, instance_name='p21.txt');0.7368420958518982;0.5861254930496216;0.5273873805999756;0.12605628371238708
Data(x=[36, 7], edge_index=[2, 24], edge_attr=[24, 5], y=27.0, custom_label=0.7105263, min_label=0, max_label=38, instance_name='p21.txt');0.7105262875556946;0.5861254930496216;0.5273873805999756;0.12605628371238708
Data(x=[36, 7], edge_index=[2, 24], edge_attr=[24, 5], y=26.0, custom_label=0.68421054, min_label=0, max_label=38, instance_name='p21.txt');0.6842105388641357;0.5861254930496216;0.5273873805999756;0.12605628371238708
Data(x=[37, 7], edge_index=[2, 26], edge_attr=[26, 5], y=25.0, custom_label=0.65789473, min_label=0, max_label=38, instance_name='p21.txt');0.6578947305679321;0.4058646857738495;0.41115501523017883;0.12605628371238708
Data(x=[37, 7], edge_index=[2, 26], edge_attr=[26, 5], y=24.0, custom_label=0.6315789, min_label=0, max_label=38, instance_name='p21.txt');0.6315789222717285;0.4058646857738495;0.41115501523017883;0.12605628371238708
Data(x=[38, 7], edge_index=[2, 28], edge_attr=[28, 5], y=23.0, custom_label=0.6052632, min_label=0, max_label=38, instance_name='p21.txt');0.6052631735801697;0.2554258704185486;0.31961625814437866;0.12605628371238708
Data(x=[38, 7], edge_index=[2, 28], edge_attr=[28, 5], y=22.0, custom_label=0.57894737, min_label=0, max_label=38, instance_name='p21.txt');0.5789473652839661;0.24466033279895782;0.2772676348686218;0.12605628371238708
Data(x=[38, 7], edge_index=[2, 28], edge_attr=[28, 5], y=21.0, custom_label=0.55263156, min_label=0, max_label=38, instance_name='p21.txt');0.5526315569877625;0.24455490708351135;0.2871624827384949;0.12605628371238708
Data(x=[37, 7], edge_index=[2, 26], edge_attr=[26, 5], y=20.0, custom_label=0.5263158, min_label=0, max_label=38, instance_name='p21.txt');0.5263158082962036;0.40597400069236755;0.39369097352027893;0.12605628371238708
Data(x=[37, 7], edge_index=[2, 26], edge_attr=[26, 5], y=19.0, custom_label=0.5, min_label=0, max_label=38, instance_name='p21.txt');0.5;0.4062948524951935;0.39065295457839966;0.12605628371238708
Data(x=[37, 7], edge_index=[2, 26], edge_attr=[26, 5], y=18.0, custom_label=0.47368422, min_label=0, max_label=38, instance_name='p21.txt');0.4736842215061188;0.4062948524951935;0.39065295457839966;4.678575714933686e-05
Data(x=[37, 7], edge_index=[2, 26], edge_attr=[26, 5], y=17.0, custom_label=0.4473684, min_label=0, max_label=38, instance_name='p21.txt');0.44736841320991516;0.4062948524951935;0.39065295457839966;4.678575714933686e-05
Data(x=[37, 7], edge_index=[2, 26], edge_attr=[26, 5], y=16.0, custom_label=0.42105263, min_label=0, max_label=38, instance_name='p21.txt');0.42105263471603394;0.4062947928905487;0.39065295457839966;4.678575714933686e-05
Data(x=[38, 7], edge_index=[2, 28], edge_attr=[28, 5], y=15.0, custom_label=0.39473686, min_label=0, max_label=38, instance_name='p21.txt');0.3947368562221527;0.24466030299663544;0.2772676646709442;0.12605628371238708
Data(x=[38, 7], edge_index=[2, 28], edge_attr=[28, 5], y=14.0, custom_label=0.36842105, min_label=0, max_label=38, instance_name='p21.txt');0.3684210479259491;0.24466030299663544;0.2772676646709442;4.678575714933686e-05
Data(x=[38, 7], edge_index=[2, 28], edge_attr=[28, 5], y=13.0, custom_label=0.34210527, min_label=0, max_label=38, instance_name='p21.txt');0.34210526943206787;0.24466030299663544;0.2772676646709442;0.12605628371238708
Data(x=[38, 7], edge_index=[2, 28], edge_attr=[28, 5], y=12.0, custom_label=0.31578946, min_label=0, max_label=38, instance_name='p21.txt');0.31578946113586426;0.24466033279895782;0.2772676348686218;0.12605628371238708
Data(x=[38, 7], edge_index=[2, 28], edge_attr=[28, 5], y=11.0, custom_label=0.28947368, min_label=0, max_label=38, instance_name='p21.txt');0.28947368264198303;0.24466033279895782;0.2772676646709442;0.12605628371238708
Data(x=[38, 7], edge_index=[2, 28], edge_attr=[28, 5], y=10.0, custom_label=0.2631579, min_label=0, max_label=38, instance_name='p21.txt');0.2631579041481018;0.2481253445148468;0.32141953706741333;0.12605628371238708
Data(x=[38, 7], edge_index=[2, 28], edge_attr=[28, 5], y=9.0, custom_label=0.23684211, min_label=0, max_label=38, instance_name='p21.txt');0.2368421107530594;0.24466033279895782;0.2772676646709442;0.12605628371238708
Data(x=[38, 7], edge_index=[2, 28], edge_attr=[28, 5], y=8.0, custom_label=0.21052632, min_label=0, max_label=38, instance_name='p21.txt');0.21052631735801697;0.24466033279895782;0.2772676646709442;0.12605628371238708
Data(x=[38, 7], edge_index=[2, 28], edge_attr=[28, 5], y=7.0, custom_label=0.18421052, min_label=0, max_label=38, instance_name='p21.txt');0.18421052396297455;0.24466033279895782;0.2772676646709442;0.12605628371238708
Data(x=[38, 7], edge_index=[2, 28], edge_attr=[28, 5], y=6.0, custom_label=0.15789473, min_label=0, max_label=38, instance_name='p21.txt');0.15789473056793213;0.24466030299663544;0.2772676646709442;0.12605628371238708
Data(x=[37, 7], edge_index=[2, 24], edge_attr=[24, 5], y=5.0, custom_label=0.13157895, min_label=0, max_label=38, instance_name='p21.txt');0.1315789520740509;0.25378111004829407;0.3137761354446411;0.12605628371238708
Data(x=[38, 7], edge_index=[2, 26], edge_attr=[26, 5], y=4.0, custom_label=0.10526316, min_label=0, max_label=38, instance_name='p21.txt');0.10526315867900848;0.1175888255238533;0.12888668477535248;0.12605628371238708
Data(x=[39, 7], edge_index=[2, 28], edge_attr=[28, 5], y=3.0, custom_label=0.078947365, min_label=0, max_label=38, instance_name='p21.txt');0.07894736528396606;0.00047247030306607485;0.0009067035280168056;0.12605628371238708
Data(x=[38, 7], edge_index=[2, 26], edge_attr=[26, 5], y=2.0, custom_label=0.05263158, min_label=0, max_label=38, instance_name='p21.txt');0.05263157933950424;0.0016892714193090796;0.0030339055228978395;0.12605628371238708
Data(x=[39, 7], edge_index=[2, 28], edge_attr=[28, 5], y=1.0, custom_label=0.02631579, min_label=0, max_label=38, instance_name='p21.txt');0.02631578966975212;1.0445403404446552e-06;1.8718213823376573e-06;0.12605628371238708
Data(x=[40, 7], edge_index=[2, 30], edge_attr=[30, 5], y=0.0, custom_label=0.0, min_label=0, max_label=38, instance_name='p21.txt');0.0;9.62458779341091e-10;1.6663260771210275e-09;0.12605628371238708
Data(x=[40, 7], edge_index=[2, 36], edge_attr=[36, 5], y=7.0, custom_label=0.18421052, min_label=0, max_label=38, instance_name='p21.txt');0.18421052396297455;0.011360766366124153;0.02668820321559906;4.177625259615958e-11
Data(x=[40, 7], edge_index=[2, 36], edge_attr=[36, 5], y=6.0, custom_label=0.15789473, min_label=0, max_label=38, instance_name='p21.txt');0.15789473056793213;0.014693282544612885;0.04731743037700653;4.177625259615958e-11
Data(x=[40, 7], edge_index=[2, 36], edge_attr=[36, 5], y=5.0, custom_label=0.13157895, min_label=0, max_label=38, instance_name='p21.txt');0.1315789520740509;0.014693282544612885;0.047317441552877426;4.177625259615958e-11
Data(x=[41, 7], edge_index=[2, 38], edge_attr=[38, 5], y=4.0, custom_label=0.10526316, min_label=0, max_label=38, instance_name='p21.txt');0.10526315867900848;1.1810249816335272e-05;2.6832383809960447e-05;4.177625259615958e-11
Data(x=[41, 7], edge_index=[2, 38], edge_attr=[38, 5], y=3.0, custom_label=0.078947365, min_label=0, max_label=38, instance_name='p21.txt');0.07894736528396606;3.223429530407884e-06;7.643008757440839e-06;4.177625259615958e-11
Data(x=[40, 7], edge_index=[2, 36], edge_attr=[36, 5], y=2.0, custom_label=0.05263158, min_label=0, max_label=38, instance_name='p21.txt');0.05263157933950424;1.2470510228013154e-05;4.679571065935306e-05;4.177625259615958e-11
Data(x=[40, 7], edge_index=[2, 36], edge_attr=[36, 5], y=1.0, custom_label=0.02631579, min_label=0, max_label=38, instance_name='p21.txt');0.02631578966975212;9.535929166304413e-06;2.140833021258004e-05;4.177625259615958e-11
Data(x=[41, 7], edge_index=[2, 38], edge_attr=[38, 5], y=0.0, custom_label=0.0, min_label=0, max_label=38, instance_name='p21.txt');0.0;9.697414427023432e-09;2.1314599862876094e-08;4.177625259615958e-11
Data(x=[40, 7], edge_index=[2, 40], edge_attr=[40, 5], y=15.0, custom_label=0.39473686, min_label=0, max_label=38, instance_name='p21.txt');0.3947368562221527;0.18814972043037415;0.1917656511068344;0.12605628371238708
Data(x=[39, 7], edge_index=[2, 38], edge_attr=[38, 5], y=14.0, custom_label=0.36842105, min_label=0, max_label=38, instance_name='p21.txt');0.3684210479259491;0.2019391655921936;0.20797288417816162;0.12605628371238708
Data(x=[40, 7], edge_index=[2, 40], edge_attr=[40, 5], y=13.0, custom_label=0.34210527, min_label=0, max_label=38, instance_name='p21.txt');0.34210526943206787;0.01458984985947609;0.07345207035541534;0.12605628371238708
Data(x=[39, 7], edge_index=[2, 36], edge_attr=[36, 5], y=12.0, custom_label=0.31578946, min_label=0, max_label=38, instance_name='p21.txt');0.31578946113586426;0.029828950762748718;0.0726991593837738;0.12605628371238708
Data(x=[39, 7], edge_index=[2, 36], edge_attr=[36, 5], y=11.0, custom_label=0.28947368, min_label=0, max_label=38, instance_name='p21.txt');0.28947368264198303;0.03766398876905441;0.09010038524866104;0.12605628371238708
Data(x=[39, 7], edge_index=[2, 36], edge_attr=[36, 5], y=10.0, custom_label=0.2631579, min_label=0, max_label=38, instance_name='p21.txt');0.2631579041481018;0.02982894331216812;0.0726991593837738;0.12605628371238708
Data(x=[39, 7], edge_index=[2, 36], edge_attr=[36, 5], y=9.0, custom_label=0.23684211, min_label=0, max_label=38, instance_name='p21.txt');0.2368421107530594;0.02982894331216812;0.0726991593837738;0.12605628371238708
Data(x=[39, 7], edge_index=[2, 36], edge_attr=[36, 5], y=8.0, custom_label=0.21052632, min_label=0, max_label=38, instance_name='p21.txt');0.21052631735801697;0.04482260346412659;0.12221387773752213;0.12605628371238708
Data(x=[39, 7], edge_index=[2, 36], edge_attr=[36, 5], y=7.0, custom_label=0.18421052, min_label=0, max_label=38, instance_name='p21.txt');0.18421052396297455;0.02982894331216812;0.0726991593837738;0.12605628371238708
Data(x=[40, 7], edge_index=[2, 38], edge_attr=[38, 5], y=6.0, custom_label=0.15789473, min_label=0, max_label=38, instance_name='p21.txt');0.15789473056793213;2.2468648239737377e-05;0.0001405610382789746;0.12605628371238708
Data(x=[39, 7], edge_index=[2, 32], edge_attr=[32, 5], y=5.0, custom_label=0.13157895, min_label=0, max_label=38, instance_name='p21.txt');0.1315789520740509;6.09495373282698e-06;1.4645359442511108e-05;0.12605628371238708
Data(x=[39, 7], edge_index=[2, 32], edge_attr=[32, 5], y=4.0, custom_label=0.10526316, min_label=0, max_label=38, instance_name='p21.txt');0.10526315867900848;7.3827732194331475e-06;1.4764460502192378e-05;0.12605628371238708
Data(x=[38, 7], edge_index=[2, 30], edge_attr=[30, 5], y=3.0, custom_label=0.078947365, min_label=0, max_label=38, instance_name='p21.txt');0.07894736528396606;0.0030865005683153868;0.006495226174592972;0.12605628371238708
Data(x=[38, 7], edge_index=[2, 30], edge_attr=[30, 5], y=2.0, custom_label=0.05263158, min_label=0, max_label=38, instance_name='p21.txt');0.05263157933950424;7.089722203090787e-06;1.1554782759048976e-05;0.12605628371238708
Data(x=[38, 7], edge_index=[2, 30], edge_attr=[30, 5], y=1.0, custom_label=0.02631579, min_label=0, max_label=38, instance_name='p21.txt');0.02631578966975212;7.089722203090787e-06;1.1554782759048976e-05;0.12605628371238708
Data(x=[39, 7], edge_index=[2, 32], edge_attr=[32, 5], y=0.0, custom_label=0.0, min_label=0, max_label=38, instance_name='p21.txt');0.0;5.1509752019285315e-09;8.199269707631629e-09;0.12605628371238708
Data(x=[27, 7], edge_index=[2, 10], edge_attr=[10, 5], y=0.0, custom_label=0.0, min_label=0, max_label=5, instance_name='p22.txt');0.0;0.0005521283601410687;0.0002787361736409366;0.12605628371238708
Data(x=[27, 7], edge_index=[2, 8], edge_attr=[8, 5], y=0.0, custom_label=0.0, min_label=0, max_label=5, instance_name='p22.txt');0.0;0.0005306443199515343;0.0002296474704053253;0.12605628371238708
Data(x=[28, 7], edge_index=[2, 14], edge_attr=[14, 5], y=0.0, custom_label=0.0, min_label=0, max_label=5, instance_name='p22.txt');0.0;0.0006818384863436222;0.00042665787623263896;9.288618485481237e-12
Data(x=[35, 7], edge_index=[2, 16], edge_attr=[16, 5], y=0.0, custom_label=0.0, min_label=0, max_label=5, instance_name='p22.txt');0.0;0.0003316091315355152;0.0001399913599016145;1.6133069948409684e-05
Data(x=[28, 7], edge_index=[2, 16], edge_attr=[16, 5], y=0.0, custom_label=0.0, min_label=0, max_label=5, instance_name='p22.txt');0.0;0.00014323432696983218;8.272773993667215e-05;1.6133069948409684e-05
Data(x=[29, 7], edge_index=[2, 14], edge_attr=[14, 5], y=0.0, custom_label=0.0, min_label=0, max_label=5, instance_name='p22.txt');0.0;0.0007707336917519569;0.0004421497869770974;0.12605628371238708
Data(x=[27, 7], edge_index=[2, 12], edge_attr=[12, 5], y=0.0, custom_label=0.0, min_label=0, max_label=5, instance_name='p22.txt');0.0;0.0005747604300267994;0.0003383141884114593;0.12605628371238708
Data(x=[28, 7], edge_index=[2, 14], edge_attr=[14, 5], y=0.0, custom_label=0.0, min_label=0, max_label=5, instance_name='p22.txt');0.0;0.001011772663332522;0.00130283844191581;4.678575714933686e-05
Data(x=[29, 7], edge_index=[2, 14], edge_attr=[14, 5], y=0.0, custom_label=0.0, min_label=0, max_label=5, instance_name='p22.txt');0.0;0.00012646106188185513;7.492770964745432e-05;1.7446174713220408e-12
Data(x=[32, 7], edge_index=[2, 16], edge_attr=[16, 5], y=0.0, custom_label=0.0, min_label=0, max_label=5, instance_name='p22.txt');0.0;0.0002163197350455448;0.00011444506526459008;0.12605628371238708
Data(x=[25, 7], edge_index=[2, 12], edge_attr=[12, 5], y=0.0, custom_label=0.0, min_label=0, max_label=5, instance_name='p22.txt');0.0;0.0006644761306233704;0.0010675849625840783;0.12605628371238708
Data(x=[31, 7], edge_index=[2, 12], edge_attr=[12, 5], y=0.0, custom_label=0.0, min_label=0, max_label=5, instance_name='p22.txt');0.0;0.0009362167911604047;0.0003983708447776735;0.12605628371238708
Data(x=[29, 7], edge_index=[2, 12], edge_attr=[12, 5], y=0.0, custom_label=0.0, min_label=0, max_label=5, instance_name='p22.txt');0.0;0.00012194948794785887;6.256021879380569e-05;1.272016470466042e-05
Data(x=[24, 7], edge_index=[2, 14], edge_attr=[14, 5], y=0.0, custom_label=0.0, min_label=0, max_label=5, instance_name='p22.txt');0.0;5.84504050493706e-05;4.2592557292664424e-05;0.12605628371238708
Data(x=[29, 7], edge_index=[2, 14], edge_attr=[14, 5], y=0.0, custom_label=0.0, min_label=0, max_label=5, instance_name='p22.txt');0.0;0.00012646106188185513;7.492770964745432e-05;0.12605628371238708
Data(x=[25, 7], edge_index=[2, 12], edge_attr=[12, 5], y=0.0, custom_label=0.0, min_label=0, max_label=5, instance_name='p22.txt');0.0;5.2301224059192464e-05;3.8991936889942735e-05;1.173686541733332e-05
Data(x=[36, 7], edge_index=[2, 12], edge_attr=[12, 5], y=0.0, custom_label=0.0, min_label=0, max_label=5, instance_name='p22.txt');0.0;0.00035848209518007934;0.00011112583160866052;0.12605628371238708
Data(x=[26, 7], edge_index=[2, 14], edge_attr=[14, 5], y=0.0, custom_label=0.0, min_label=0, max_label=5, instance_name='p22.txt');0.0;9.264561231248081e-05;5.506689558387734e-05;0.12605628371238708
Data(x=[25, 7], edge_index=[2, 10], edge_attr=[10, 5], y=0.0, custom_label=0.0, min_label=0, max_label=5, instance_name='p22.txt');0.0;0.0004102534439880401;0.00024800392566248775;0.12605628371238708
Data(x=[24, 7], edge_index=[2, 12], edge_attr=[12, 5], y=0.0, custom_label=0.0, min_label=0, max_label=5, instance_name='p22.txt');0.0;0.00036502984585240483;0.0002887803711928427;1.6836214854265563e-05
Data(x=[29, 7], edge_index=[2, 10], edge_attr=[10, 5], y=0.0, custom_label=0.0, min_label=0, max_label=5, instance_name='p22.txt');0.0;0.0007161842659115791;0.00030826812144368887;1.6133069948409684e-05
Data(x=[31, 7], edge_index=[2, 14], edge_attr=[14, 5], y=0.0, custom_label=0.0, min_label=0, max_label=5, instance_name='p22.txt');0.0;0.00017861550441011786;8.961436833487824e-05;1.272016470466042e-05
Data(x=[29, 7], edge_index=[2, 14], edge_attr=[14, 5], y=0.0, custom_label=0.0, min_label=0, max_label=5, instance_name='p22.txt');0.0;0.0007707336917519569;0.00044214996160008013;0.12605628371238708
Data(x=[28, 7], edge_index=[2, 16], edge_attr=[16, 5], y=0.0, custom_label=0.0, min_label=0, max_label=5, instance_name='p22.txt');0.0;0.0001087775599444285;8.179974247468635e-05;0.12605628371238708
Data(x=[31, 7], edge_index=[2, 16], edge_attr=[16, 5], y=0.0, custom_label=0.0, min_label=0, max_label=5, instance_name='p22.txt');0.0;0.0010010979603976011;0.0005582225858233869;9.288618485481237e-12
Data(x=[29, 7], edge_index=[2, 16], edge_attr=[16, 5], y=0.0, custom_label=0.0, min_label=0, max_label=5, instance_name='p22.txt');0.0;0.00013111691805534065;8.973990770755336e-05;8.034736070916537e-12
Data(x=[30, 7], edge_index=[2, 14], edge_attr=[14, 5], y=2.0, custom_label=0.4, min_label=0, max_label=5, instance_name='p22.txt');0.4000000059604645;0.18939325213432312;0.22879253327846527;0.12605628371238708
Data(x=[30, 7], edge_index=[2, 14], edge_attr=[14, 5], y=1.0, custom_label=0.2, min_label=0, max_label=5, instance_name='p22.txt');0.20000000298023224;0.17696112394332886;0.17646624147891998;0.12605628371238708
Data(x=[31, 7], edge_index=[2, 16], edge_attr=[16, 5], y=0.0, custom_label=0.0, min_label=0, max_label=5, instance_name='p22.txt');0.0;0.0001846832747105509;0.00010608760203467682;0.12605628371238708
Data(x=[24, 7], edge_index=[2, 12], edge_attr=[12, 5], y=0.0, custom_label=0.0, min_label=0, max_label=5, instance_name='p22.txt');0.0;0.0005001921090297401;0.0002926055167336017;6.252767889236566e-06
Data(x=[34, 7], edge_index=[2, 14], edge_attr=[14, 5], y=0.0, custom_label=0.0, min_label=0, max_label=5, instance_name='p22.txt');0.0;0.0002817303757183254;0.00011267568334005773;0.12605628371238708
Data(x=[30, 7], edge_index=[2, 14], edge_attr=[14, 5], y=0.0, custom_label=0.0, min_label=0, max_label=5, instance_name='p22.txt');0.0;0.002251802245154977;0.0008582473383285105;0.12605628371238708
Data(x=[30, 7], edge_index=[2, 10], edge_attr=[10, 5], y=0.0, custom_label=0.0, min_label=0, max_label=5, instance_name='p22.txt');0.0;0.0008076240192167461;0.0003225585678592324;0.12605628371238708
Data(x=[28, 7], edge_index=[2, 12], edge_attr=[12, 5], y=0.0, custom_label=0.0, min_label=0, max_label=5, instance_name='p22.txt');0.0;0.00010090039722854272;5.629469160339795e-05;4.857524800172541e-06
Data(x=[28, 7], edge_index=[2, 14], edge_attr=[14, 5], y=0.0, custom_label=0.0, min_label=0, max_label=5, instance_name='p22.txt');0.0;0.00010476931493030861;6.785942969145253e-05;6.252767889236566e-06
Data(x=[27, 7], edge_index=[2, 14], edge_attr=[14, 5], y=0.0, custom_label=0.0, min_label=0, max_label=5, instance_name='p22.txt');0.0;8.563639858039096e-05;6.100850077928044e-05;1.6133069948409684e-05
Data(x=[21, 7], edge_index=[2, 10], edge_attr=[10, 5], y=0.0, custom_label=0.0, min_label=0, max_label=5, instance_name='p22.txt');0.0;0.00019504713418427855;0.00018365039431955665;1.6133069948409684e-05
Data(x=[36, 7], edge_index=[2, 14], edge_attr=[14, 5], y=0.0, custom_label=0.0, min_label=0, max_label=5, instance_name='p22.txt');0.0;0.0021658886689692736;0.0012792240595445037;0.12605628371238708
Data(x=[26, 7], edge_index=[2, 14], edge_attr=[14, 5], y=0.0, custom_label=0.0, min_label=0, max_label=5, instance_name='p22.txt');0.0;6.895948172314093e-05;5.4401934903580695e-05;0.12605628371238708
Data(x=[25, 7], edge_index=[2, 12], edge_attr=[12, 5], y=0.0, custom_label=0.0, min_label=0, max_label=5, instance_name='p22.txt');0.0;0.00042943801963701844;0.0003057165304198861;6.252767889236566e-06
Data(x=[31, 7], edge_index=[2, 10], edge_attr=[10, 5], y=0.0, custom_label=0.0, min_label=0, max_label=5, instance_name='p22.txt');0.0;0.0009053805260919034;0.00033652663114480674;1.6133069948409684e-05
Data(x=[27, 7], edge_index=[2, 16], edge_attr=[16, 5], y=0.0, custom_label=0.0, min_label=0, max_label=5, instance_name='p22.txt');0.0;0.00018917929264716804;0.000379479315597564;6.252767889236566e-06
Data(x=[31, 7], edge_index=[2, 10], edge_attr=[10, 5], y=0.0, custom_label=0.0, min_label=0, max_label=5, instance_name='p22.txt');0.0;0.0009053805260919034;0.00033652663114480674;0.12605628371238708
Data(x=[31, 7], edge_index=[2, 16], edge_attr=[16, 5], y=0.0, custom_label=0.0, min_label=0, max_label=5, instance_name='p22.txt');0.0;0.0001846832747105509;0.00010608760203467682;0.12605628371238708
Data(x=[27, 7], edge_index=[2, 12], edge_attr=[12, 5], y=0.0, custom_label=0.0, min_label=0, max_label=5, instance_name='p22.txt');0.0;8.232066466007382e-05;5.0262260629097e-05;0.12605628371238708
Data(x=[28, 7], edge_index=[2, 12], edge_attr=[12, 5], y=0.0, custom_label=0.0, min_label=0, max_label=5, instance_name='p22.txt');0.0;0.0006562402122654021;0.0003539676545187831;0.12605628371238708
Data(x=[22, 7], edge_index=[2, 12], edge_attr=[12, 5], y=0.0, custom_label=0.0, min_label=0, max_label=5, instance_name='p22.txt');0.0;0.00041405297815799713;0.0010507105616852641;0.12605628371238708
Data(x=[27, 7], edge_index=[2, 12], edge_attr=[12, 5], y=0.0, custom_label=0.0, min_label=0, max_label=5, instance_name='p22.txt');0.0;0.0005747604300267994;0.00033831436303444207;0.12605628371238708
Data(x=[30, 7], edge_index=[2, 14], edge_attr=[14, 5], y=0.0, custom_label=0.0, min_label=0, max_label=5, instance_name='p22.txt');0.0;0.0001509243156760931;8.218755101552233e-05;1.173686541733332e-05
Data(x=[28, 7], edge_index=[2, 8], edge_attr=[8, 5], y=1.0, custom_label=0.2, min_label=0, max_label=5, instance_name='p22.txt');0.20000000298023224;0.12478102743625641;0.15118178725242615;0.12605628371238708
Data(x=[28, 7], edge_index=[2, 8], edge_attr=[8, 5], y=0.0, custom_label=0.0, min_label=0, max_label=5, instance_name='p22.txt');0.0;0.000607996538747102;0.00024362161639146507;0.12605628371238708
Data(x=[24, 7], edge_index=[2, 16], edge_attr=[16, 5], y=0.0, custom_label=0.0, min_label=0, max_label=5, instance_name='p22.txt');0.0;4.4613247155211866e-05;5.2273953770054504e-05;9.288618485481237e-12
Data(x=[25, 7], edge_index=[2, 12], edge_attr=[12, 5], y=0.0, custom_label=0.0, min_label=0, max_label=5, instance_name='p22.txt');0.0;5.2301224059192464e-05;3.8991936889942735e-05;0.12605628371238708
Data(x=[29, 7], edge_index=[2, 16], edge_attr=[16, 5], y=0.0, custom_label=0.0, min_label=0, max_label=5, instance_name='p22.txt');0.0;0.001176169840618968;0.0015555936843156815;4.857524800172541e-06
Data(x=[29, 7], edge_index=[2, 12], edge_attr=[12, 5], y=0.0, custom_label=0.0, min_label=0, max_label=5, instance_name='p22.txt');0.0;0.0007427799282595515;0.00036919134436175227;0.12605628371238708
Data(x=[27, 7], edge_index=[2, 20], edge_attr=[20, 5], y=0.0, custom_label=0.0, min_label=0, max_label=5, instance_name='p22.txt');0.0;0.0002755700843408704;0.00021976555581204593;1.6836214854265563e-05
Data(x=[32, 7], edge_index=[2, 10], edge_attr=[10, 5], y=0.0, custom_label=0.0, min_label=0, max_label=5, instance_name='p22.txt');0.0;0.0010077351471409202;0.00035017007030546665;0.12605628371238708
Data(x=[27, 7], edge_index=[2, 14], edge_attr=[14, 5], y=0.0, custom_label=0.0, min_label=0, max_label=5, instance_name='p22.txt');0.0;8.563639858039096e-05;6.100850077928044e-05;6.97503036231617e-12
Data(x=[27, 7], edge_index=[2, 16], edge_attr=[16, 5], y=0.0, custom_label=0.0, min_label=0, max_label=5, instance_name='p22.txt');0.0;8.908313611755148e-05;7.405215728795156e-05;1.6133069948409684e-05
Data(x=[29, 7], edge_index=[2, 16], edge_attr=[16, 5], y=0.0, custom_label=0.0, min_label=0, max_label=5, instance_name='p22.txt');0.0;0.00017103448044508696;9.07227658899501e-05;6.252767889236566e-06
Data(x=[31, 7], edge_index=[2, 16], edge_attr=[16, 5], y=0.0, custom_label=0.0, min_label=0, max_label=5, instance_name='p22.txt');0.0;0.0010010984260588884;0.0005582228768616915;1.7200447880241776e-12
Data(x=[27, 7], edge_index=[2, 18], edge_attr=[18, 5], y=2.0, custom_label=0.4, min_label=0, max_label=5, instance_name='p22.txt');0.4000000059604645;0.18677639961242676;0.1766817718744278;0.12605628371238708
Data(x=[26, 7], edge_index=[2, 16], edge_attr=[16, 5], y=1.0, custom_label=0.2, min_label=0, max_label=5, instance_name='p22.txt');0.20000000298023224;0.2070574164390564;0.19928491115570068;0.12605628371238708
Data(x=[27, 7], edge_index=[2, 18], edge_attr=[18, 5], y=0.0, custom_label=0.0, min_label=0, max_label=5, instance_name='p22.txt');0.0;0.00026506674475967884;0.00018106000788975507;0.12605628371238708
Data(x=[28, 7], edge_index=[2, 14], edge_attr=[14, 5], y=0.0, custom_label=0.0, min_label=0, max_label=5, instance_name='p22.txt');0.0;0.0006818384863436222;0.00042665787623263896;6.252767889236566e-06
Data(x=[29, 7], edge_index=[2, 16], edge_attr=[16, 5], y=0.0, custom_label=0.0, min_label=0, max_label=5, instance_name='p22.txt');0.0;0.00013111691805534065;8.973990770755336e-05;0.12605628371238708
Data(x=[26, 7], edge_index=[2, 14], edge_attr=[14, 5], y=0.0, custom_label=0.0, min_label=0, max_label=5, instance_name='p22.txt');0.0;6.895948172314093e-05;5.4401934903580695e-05;3.764807843253948e-05
Data(x=[28, 7], edge_index=[2, 14], edge_attr=[14, 5], y=0.0, custom_label=0.0, min_label=0, max_label=5, instance_name='p22.txt');0.0;0.0006818384863436222;0.00042665787623263896;4.857524800172541e-06
Data(x=[30, 7], edge_index=[2, 14], edge_attr=[14, 5], y=0.0, custom_label=0.0, min_label=0, max_label=5, instance_name='p22.txt');0.0;0.00019564523245207965;8.305736992042512e-05;6.252767889236566e-06
Data(x=[32, 7], edge_index=[2, 14], edge_attr=[14, 5], y=0.0, custom_label=0.0, min_label=0, max_label=5, instance_name='p22.txt');0.0;0.00020930335449520499;9.718524961499497e-05;3.764807843253948e-05
Data(x=[29, 7], edge_index=[2, 10], edge_attr=[10, 5], y=0.0, custom_label=0.0, min_label=0, max_label=5, instance_name='p22.txt');0.0;0.0001175988363684155;5.223398329690099e-05;0.12605628371238708
Data(x=[27, 7], edge_index=[2, 10], edge_attr=[10, 5], y=0.0, custom_label=0.0, min_label=0, max_label=5, instance_name='p22.txt');0.0;0.0005521280691027641;0.0002787361736409366;0.12605628371238708
Data(x=[29, 7], edge_index=[2, 14], edge_attr=[14, 5], y=0.0, custom_label=0.0, min_label=0, max_label=5, instance_name='p22.txt');0.0;0.00012646106188185513;7.492770964745432e-05;6.97503036231617e-12
Data(x=[29, 7], edge_index=[2, 14], edge_attr=[14, 5], y=0.0, custom_label=0.0, min_label=0, max_label=5, instance_name='p22.txt');0.0;0.00012646106188185513;7.492770964745432e-05;3.764807843253948e-05
Data(x=[24, 7], edge_index=[2, 14], edge_attr=[14, 5], y=0.0, custom_label=0.0, min_label=0, max_label=5, instance_name='p22.txt');0.0;4.254307350493036e-05;4.203562639304437e-05;0.12605628371238708
Data(x=[27, 7], edge_index=[2, 14], edge_attr=[14, 5], y=0.0, custom_label=0.0, min_label=0, max_label=5, instance_name='p22.txt');0.0;0.0005987714976072311;0.0004106218402739614;0.12605628371238708
Data(x=[29, 7], edge_index=[2, 18], edge_attr=[18, 5], y=0.0, custom_label=0.0, min_label=0, max_label=5, instance_name='p22.txt');0.0;0.0022171500604599714;0.0012165571097284555;9.477769284183587e-19
Data(x=[26, 7], edge_index=[2, 14], edge_attr=[14, 5], y=0.0, custom_label=0.0, min_label=0, max_label=5, instance_name='p22.txt');0.0;6.895948172314093e-05;5.4401934903580695e-05;0.12605628371238708
Data(x=[30, 7], edge_index=[2, 18], edge_attr=[18, 5], y=0.0, custom_label=0.0, min_label=0, max_label=5, instance_name='p22.txt');0.0;0.0003220629005227238;0.0005068759783171117;0.12605628371238708
Data(x=[29, 7], edge_index=[2, 14], edge_attr=[14, 5], y=0.0, custom_label=0.0, min_label=0, max_label=5, instance_name='p22.txt');0.0;0.00016493296425323933;7.574835763080046e-05;0.12605628371238708
Data(x=[33, 7], edge_index=[2, 12], edge_attr=[12, 5], y=0.0, custom_label=0.0, min_label=0, max_label=5, instance_name='p22.txt');0.0;0.0011519831605255604;0.00042590973316691816;1.6133069948409684e-05
Data(x=[27, 7], edge_index=[2, 6], edge_attr=[6, 5], y=5.0, custom_label=1.0, min_label=0, max_label=5, instance_name='p22.txt');1.0;0.13728399574756622;0.17390987277030945;0.12605628371238708
Data(x=[27, 7], edge_index=[2, 6], edge_attr=[6, 5], y=4.0, custom_label=0.8, min_label=0, max_label=5, instance_name='p22.txt');0.800000011920929;0.13728399574756622;0.17390987277030945;0.12605628371238708
Data(x=[27, 7], edge_index=[2, 6], edge_attr=[6, 5], y=3.0, custom_label=0.6, min_label=0, max_label=5, instance_name='p22.txt');0.6000000238418579;0.13728399574756622;0.17390987277030945;0.12605628371238708
Data(x=[27, 7], edge_index=[2, 6], edge_attr=[6, 5], y=2.0, custom_label=0.4, min_label=0, max_label=5, instance_name='p22.txt');0.4000000059604645;0.13728399574756622;0.17390987277030945;0.12605628371238708
Data(x=[27, 7], edge_index=[2, 6], edge_attr=[6, 5], y=1.0, custom_label=0.2, min_label=0, max_label=5, instance_name='p22.txt');0.20000000298023224;0.13728399574756622;0.17390987277030945;0.12605628371238708
Data(x=[28, 7], edge_index=[2, 8], edge_attr=[8, 5], y=0.0, custom_label=0.0, min_label=0, max_label=5, instance_name='p22.txt');0.0;0.000607996538747102;0.00024362161639146507;0.12605628371238708
Data(x=[28, 7], edge_index=[2, 16], edge_attr=[16, 5], y=0.0, custom_label=0.0, min_label=0, max_label=5, instance_name='p22.txt');0.0;0.0001087775599444285;8.179974247468635e-05;4.857524800172541e-06
Data(x=[31, 7], edge_index=[2, 16], edge_attr=[16, 5], y=0.0, custom_label=0.0, min_label=0, max_label=5, instance_name='p22.txt');0.0;0.0001846832747105509;0.0001060876966221258;4.857524800172541e-06
Data(x=[33, 7], edge_index=[2, 12], edge_attr=[12, 5], y=0.0, custom_label=0.0, min_label=0, max_label=5, instance_name='p22.txt');0.0;0.0011519831605255604;0.00042590973316691816;0.12605628371238708
Data(x=[27, 7], edge_index=[2, 14], edge_attr=[14, 5], y=0.0, custom_label=0.0, min_label=0, max_label=5, instance_name='p22.txt');0.0;8.563639858039096e-05;6.1008442571619526e-05;1.6133069948409684e-05
Data(x=[25, 7], edge_index=[2, 10], edge_attr=[10, 5], y=0.0, custom_label=0.0, min_label=0, max_label=5, instance_name='p22.txt');0.0;0.0004102534439880401;0.00024800392566248775;6.252767889236566e-06
Data(x=[29, 7], edge_index=[2, 14], edge_attr=[14, 5], y=0.0, custom_label=0.0, min_label=0, max_label=5, instance_name='p22.txt');0.0;0.00016493296425323933;7.574835763080046e-05;1.6133069948409684e-05
Data(x=[30, 7], edge_index=[2, 16], edge_attr=[16, 5], y=0.0, custom_label=0.0, min_label=0, max_label=5, instance_name='p22.txt');0.0;0.0001562214019941166;9.784454596228898e-05;0.12605628371238708
Data(x=[26, 7], edge_index=[2, 14], edge_attr=[14, 5], y=0.0, custom_label=0.0, min_label=0, max_label=5, instance_name='p22.txt');0.0;0.0005215798737481236;0.0003940258757211268;4.678575714933686e-05
Data(x=[29, 7], edge_index=[2, 12], edge_attr=[12, 5], y=0.0, custom_label=0.0, min_label=0, max_label=5, instance_name='p22.txt');0.0;0.000742779637221247;0.00036919134436175227;1.6836214854265563e-05
Data(x=[32, 7], edge_index=[2, 14], edge_attr=[14, 5], y=0.0, custom_label=0.0, min_label=0, max_label=5, instance_name='p22.txt');0.0;0.0019705062732100487;0.0013022783678025007;4.857524800172541e-06
Data(x=[25, 7], edge_index=[2, 14], edge_attr=[14, 5], y=0.0, custom_label=0.0, min_label=0, max_label=5, instance_name='p22.txt');0.0;5.464552668854594e-05;4.806802098755725e-05;1.6836214854265563e-05
Data(x=[27, 7], edge_index=[2, 12], edge_attr=[12, 5], y=0.0, custom_label=0.0, min_label=0, max_label=5, instance_name='p22.txt');0.0;0.0005747604300267994;0.0003383141884114593;0.12605628371238708
Data(x=[31, 7], edge_index=[2, 12], edge_attr=[12, 5], y=3.0, custom_label=0.6, min_label=0, max_label=5, instance_name='p22.txt');0.6000000238418579;0.1275676041841507;0.10634970664978027;1.6133069948409684e-05
Data(x=[30, 7], edge_index=[2, 10], edge_attr=[10, 5], y=2.0, custom_label=0.4, min_label=0, max_label=5, instance_name='p22.txt');0.4000000059604645;0.13870619237422943;0.15124115347862244;1.6133069948409684e-05
Data(x=[30, 7], edge_index=[2, 10], edge_attr=[10, 5], y=1.0, custom_label=0.2, min_label=0, max_label=5, instance_name='p22.txt');0.20000000298023224;0.13870619237422943;0.15124115347862244;1.6133069948409684e-05
Data(x=[31, 7], edge_index=[2, 12], edge_attr=[12, 5], y=0.0, custom_label=0.0, min_label=0, max_label=5, instance_name='p22.txt');0.0;0.0001728513598209247;7.569875015178695e-05;1.6133069948409684e-05
Data(x=[24, 7], edge_index=[2, 24], y=77.0, edge_attr=[24, 5], custom_label=1.0, min_label=0, max_label=77, instance_name='p23.txt');1.0;0.8794257044792175;0.8676706552505493;0.6659550070762634
Data(x=[24, 7], edge_index=[2, 24], y=76.0, edge_attr=[24, 5], custom_label=0.987013, min_label=0, max_label=77, instance_name='p23.txt');0.9870129823684692;0.8794257044792175;0.8676706552505493;0.6659550070762634
Data(x=[24, 7], edge_index=[2, 24], y=75.0, edge_attr=[24, 5], custom_label=0.97402596, min_label=0, max_label=77, instance_name='p23.txt');0.9740259647369385;0.8794257044792175;0.8676706552505493;0.6659550070762634
Data(x=[24, 7], edge_index=[2, 24], y=74.0, edge_attr=[24, 5], custom_label=0.96103895, min_label=0, max_label=77, instance_name='p23.txt');0.9610389471054077;0.8794257044792175;0.8676706552505493;0.6659550070762634
Data(x=[24, 7], edge_index=[2, 24], y=73.0, edge_attr=[24, 5], custom_label=0.9480519, min_label=0, max_label=77, instance_name='p23.txt');0.948051929473877;0.8794257044792175;0.8676706552505493;0.6659550070762634
Data(x=[24, 7], edge_index=[2, 24], y=72.0, edge_attr=[24, 5], custom_label=0.9350649, min_label=0, max_label=77, instance_name='p23.txt');0.9350649118423462;0.8794257044792175;0.8676706552505493;0.6659550070762634
Data(x=[24, 7], edge_index=[2, 24], y=71.0, edge_attr=[24, 5], custom_label=0.9220779, min_label=0, max_label=77, instance_name='p23.txt');0.9220778942108154;0.8794257044792175;0.8676706552505493;0.6659550070762634
Data(x=[24, 7], edge_index=[2, 24], y=70.0, edge_attr=[24, 5], custom_label=0.90909094, min_label=0, max_label=77, instance_name='p23.txt');0.9090909361839294;0.8794257044792175;0.8676706552505493;0.6659550070762634
Data(x=[24, 7], edge_index=[2, 24], y=69.0, edge_attr=[24, 5], custom_label=0.8961039, min_label=0, max_label=77, instance_name='p23.txt');0.8961039185523987;0.8794257044792175;0.8676706552505493;0.6659550070762634
Data(x=[24, 7], edge_index=[2, 24], y=68.0, edge_attr=[24, 5], custom_label=0.8831169, min_label=0, max_label=77, instance_name='p23.txt');0.8831169009208679;0.8794257044792175;0.8676706552505493;0.6659550070762634
Data(x=[24, 7], edge_index=[2, 24], y=67.0, edge_attr=[24, 5], custom_label=0.8701299, min_label=0, max_label=77, instance_name='p23.txt');0.8701298832893372;0.8794257044792175;0.8676706552505493;0.6659550070762634
Data(x=[25, 7], edge_index=[2, 2], edge_attr=[2, 5], y=66.0, custom_label=0.85714287, min_label=0, max_label=77, instance_name='p23.txt');0.8571428656578064;0.7037120461463928;0.6359463930130005;0.12605628371238708
Data(x=[25, 7], edge_index=[2, 2], edge_attr=[2, 5], y=65.0, custom_label=0.84415585, min_label=0, max_label=77, instance_name='p23.txt');0.8441558480262756;0.7037120461463928;0.6359463930130005;0.12605628371238708
Data(x=[25, 7], edge_index=[2, 2], edge_attr=[2, 5], y=64.0, custom_label=0.83116883, min_label=0, max_label=77, instance_name='p23.txt');0.8311688303947449;0.7037120461463928;0.6359463930130005;0.12605628371238708
Data(x=[25, 7], edge_index=[2, 2], edge_attr=[2, 5], y=63.0, custom_label=0.8181818, min_label=0, max_label=77, instance_name='p23.txt');0.8181818127632141;0.7037120461463928;0.6359463930130005;0.12605628371238708
Data(x=[25, 7], edge_index=[2, 2], edge_attr=[2, 5], y=62.0, custom_label=0.8051948, min_label=0, max_label=77, instance_name='p23.txt');0.8051947951316833;0.7037120461463928;0.6359463930130005;0.12605628371238708
Data(x=[25, 7], edge_index=[2, 2], edge_attr=[2, 5], y=61.0, custom_label=0.7922078, min_label=0, max_label=77, instance_name='p23.txt');0.7922077775001526;0.7037120461463928;0.6359463930130005;0.12605628371238708
Data(x=[25, 7], edge_index=[2, 2], edge_attr=[2, 5], y=60.0, custom_label=0.77922076, min_label=0, max_label=77, instance_name='p23.txt');0.7792207598686218;0.7037120461463928;0.6359463930130005;0.12605628371238708
Data(x=[25, 7], edge_index=[2, 2], edge_attr=[2, 5], y=59.0, custom_label=0.76623374, min_label=0, max_label=77, instance_name='p23.txt');0.7662337422370911;0.7037120461463928;0.6359463930130005;0.12605628371238708
Data(x=[25, 7], edge_index=[2, 2], edge_attr=[2, 5], y=58.0, custom_label=0.7532467, min_label=0, max_label=77, instance_name='p23.txt');0.7532467246055603;0.7037120461463928;0.6359463930130005;0.12605628371238708
Data(x=[25, 7], edge_index=[2, 2], edge_attr=[2, 5], y=57.0, custom_label=0.74025977, min_label=0, max_label=77, instance_name='p23.txt');0.7402597665786743;0.7037120461463928;0.6359463930130005;0.12605628371238708
Data(x=[25, 7], edge_index=[2, 2], edge_attr=[2, 5], y=56.0, custom_label=0.72727275, min_label=0, max_label=77, instance_name='p23.txt');0.7272727489471436;0.7037120461463928;0.6359463930130005;0.12605628371238708
Data(x=[25, 7], edge_index=[2, 2], edge_attr=[2, 5], y=55.0, custom_label=0.71428573, min_label=0, max_label=77, instance_name='p23.txt');0.7142857313156128;0.7037120461463928;0.6359463930130005;0.12605628371238708
Data(x=[25, 7], edge_index=[2, 2], edge_attr=[2, 5], y=54.0, custom_label=0.7012987, min_label=0, max_label=77, instance_name='p23.txt');0.701298713684082;0.7037120461463928;0.6359463930130005;0.12605628371238708
Data(x=[26, 7], edge_index=[2, 4], edge_attr=[4, 5], y=53.0, custom_label=0.6883117, min_label=0, max_label=77, instance_name='p23.txt');0.6883116960525513;0.48613137006759644;0.4795915186405182;0.12605628371238708
Data(x=[26, 7], edge_index=[2, 4], edge_attr=[4, 5], y=52.0, custom_label=0.6753247, min_label=0, max_label=77, instance_name='p23.txt');0.6753246784210205;0.48613137006759644;0.4795915186405182;0.12605628371238708
Data(x=[26, 7], edge_index=[2, 4], edge_attr=[4, 5], y=51.0, custom_label=0.66233766, min_label=0, max_label=77, instance_name='p23.txt');0.6623376607894897;0.48613137006759644;0.4795915186405182;0.12605628371238708
Data(x=[26, 7], edge_index=[2, 4], edge_attr=[4, 5], y=50.0, custom_label=0.64935064, min_label=0, max_label=77, instance_name='p23.txt');0.649350643157959;0.48613137006759644;0.4795915186405182;0.12605628371238708
Data(x=[26, 7], edge_index=[2, 4], edge_attr=[4, 5], y=49.0, custom_label=0.6363636, min_label=0, max_label=77, instance_name='p23.txt');0.6363636255264282;0.48613137006759644;0.4795915186405182;0.12605628371238708
Data(x=[26, 7], edge_index=[2, 4], edge_attr=[4, 5], y=48.0, custom_label=0.6233766, min_label=0, max_label=77, instance_name='p23.txt');0.6233766078948975;0.48613137006759644;0.4795915186405182;0.12605628371238708
Data(x=[26, 7], edge_index=[2, 4], edge_attr=[4, 5], y=47.0, custom_label=0.6103896, min_label=0, max_label=77, instance_name='p23.txt');0.6103895902633667;0.48613137006759644;0.4795915186405182;0.12605628371238708
Data(x=[26, 7], edge_index=[2, 4], edge_attr=[4, 5], y=46.0, custom_label=0.5974026, min_label=0, max_label=77, instance_name='p23.txt');0.5974025726318359;0.48613137006759644;0.4795915186405182;0.12605628371238708
Data(x=[26, 7], edge_index=[2, 4], edge_attr=[4, 5], y=45.0, custom_label=0.58441556, min_label=0, max_label=77, instance_name='p23.txt');0.5844155550003052;0.48613137006759644;0.4795915186405182;0.12605628371238708
Data(x=[27, 7], edge_index=[2, 6], edge_attr=[6, 5], y=44.0, custom_label=0.5714286, min_label=0, max_label=77, instance_name='p23.txt');0.5714285969734192;0.2516513168811798;0.32747799158096313;0.12605628371238708
Data(x=[27, 7], edge_index=[2, 6], edge_attr=[6, 5], y=43.0, custom_label=0.5584416, min_label=0, max_label=77, instance_name='p23.txt');0.5584415793418884;0.2516513466835022;0.32747799158096313;0.12605628371238708
Data(x=[27, 7], edge_index=[2, 6], edge_attr=[6, 5], y=42.0, custom_label=0.54545456, min_label=0, max_label=77, instance_name='p23.txt');0.5454545617103577;0.2516513466835022;0.32747799158096313;0.12605628371238708
Data(x=[27, 7], edge_index=[2, 6], edge_attr=[6, 5], y=41.0, custom_label=0.53246754, min_label=0, max_label=77, instance_name='p23.txt');0.5324675440788269;0.2516513168811798;0.32747799158096313;0.12605628371238708
Data(x=[27, 7], edge_index=[2, 6], edge_attr=[6, 5], y=40.0, custom_label=0.5194805, min_label=0, max_label=77, instance_name='p23.txt');0.5194805264472961;0.2516513466835022;0.32747799158096313;0.12605628371238708
Data(x=[27, 7], edge_index=[2, 6], edge_attr=[6, 5], y=39.0, custom_label=0.5064935, min_label=0, max_label=77, instance_name='p23.txt');0.5064935088157654;0.2516513466835022;0.32747799158096313;0.12605628371238708
Data(x=[27, 7], edge_index=[2, 6], edge_attr=[6, 5], y=38.0, custom_label=0.4935065, min_label=0, max_label=77, instance_name='p23.txt');0.4935064911842346;0.2516513466835022;0.32747799158096313;0.12605628371238708
Data(x=[27, 7], edge_index=[2, 6], edge_attr=[6, 5], y=37.0, custom_label=0.48051947, min_label=0, max_label=77, instance_name='p23.txt');0.48051947355270386;0.2516513466835022;0.32747799158096313;0.12605628371238708
Data(x=[27, 7], edge_index=[2, 6], edge_attr=[6, 5], y=36.0, custom_label=0.46753246, min_label=0, max_label=77, instance_name='p23.txt');0.4675324559211731;0.2516513466835022;0.32747799158096313;0.12605628371238708
Data(x=[27, 7], edge_index=[2, 6], edge_attr=[6, 5], y=35.0, custom_label=0.45454547, min_label=0, max_label=77, instance_name='p23.txt');0.4545454680919647;0.2516513466835022;0.32747799158096313;0.12605628371238708
Data(x=[27, 7], edge_index=[2, 6], edge_attr=[6, 5], y=34.0, custom_label=0.44155845, min_label=0, max_label=77, instance_name='p23.txt');0.44155845046043396;0.2516513466835022;0.32747799158096313;0.12605628371238708
Data(x=[27, 7], edge_index=[2, 6], edge_attr=[6, 5], y=33.0, custom_label=0.42857143, min_label=0, max_label=77, instance_name='p23.txt');0.4285714328289032;0.2516513466835022;0.32747799158096313;0.12605628371238708
Data(x=[27, 7], edge_index=[2, 6], edge_attr=[6, 5], y=32.0, custom_label=0.41558442, min_label=0, max_label=77, instance_name='p23.txt');0.41558441519737244;0.2516513466835022;0.32747799158096313;0.12605628371238708
Data(x=[27, 7], edge_index=[2, 6], edge_attr=[6, 5], y=31.0, custom_label=0.4025974, min_label=0, max_label=77, instance_name='p23.txt');0.4025973975658417;0.2516513466835022;0.32747799158096313;0.12605628371238708
Data(x=[27, 7], edge_index=[2, 6], edge_attr=[6, 5], y=30.0, custom_label=0.38961038, min_label=0, max_label=77, instance_name='p23.txt');0.3896103799343109;0.2516513466835022;0.32747799158096313;0.12605628371238708
Data(x=[27, 7], edge_index=[2, 6], edge_attr=[6, 5], y=29.0, custom_label=0.37662336, min_label=0, max_label=77, instance_name='p23.txt');0.37662336230278015;0.2516513466835022;0.32747799158096313;0.12605628371238708
Data(x=[27, 7], edge_index=[2, 6], edge_attr=[6, 5], y=28.0, custom_label=0.36363637, min_label=0, max_label=77, instance_name='p23.txt');0.3636363744735718;0.2516513466835022;0.32747799158096313;0.12605628371238708
Data(x=[27, 7], edge_index=[2, 6], edge_attr=[6, 5], y=27.0, custom_label=0.35064936, min_label=0, max_label=77, instance_name='p23.txt');0.350649356842041;0.2516513168811798;0.32747799158096313;0.12605628371238708
Data(x=[27, 7], edge_index=[2, 6], edge_attr=[6, 5], y=26.0, custom_label=0.33766234, min_label=0, max_label=77, instance_name='p23.txt');0.33766233921051025;0.2516513168811798;0.32747799158096313;0.12605628371238708
Data(x=[28, 7], edge_index=[2, 8], edge_attr=[8, 5], y=25.0, custom_label=0.32467532, min_label=0, max_label=77, instance_name='p23.txt');0.3246753215789795;0.10254836827516556;0.12216529250144958;0.12605628371238708
Data(x=[28, 7], edge_index=[2, 8], edge_attr=[8, 5], y=24.0, custom_label=0.3116883, min_label=0, max_label=77, instance_name='p23.txt');0.31168830394744873;0.10254836827516556;0.12216529250144958;0.12605628371238708
Data(x=[28, 7], edge_index=[2, 8], edge_attr=[8, 5], y=23.0, custom_label=0.2987013, min_label=0, max_label=77, instance_name='p23.txt');0.29870128631591797;0.10254836827516556;0.12216529250144958;0.12605628371238708
Data(x=[28, 7], edge_index=[2, 8], edge_attr=[8, 5], y=22.0, custom_label=0.2857143, min_label=0, max_label=77, instance_name='p23.txt');0.2857142984867096;0.10254836827516556;0.12216529250144958;0.12605628371238708
Data(x=[28, 7], edge_index=[2, 8], edge_attr=[8, 5], y=21.0, custom_label=0.27272728, min_label=0, max_label=77, instance_name='p23.txt');0.27272728085517883;0.10254836827516556;0.1221652626991272;0.12605628371238708
Data(x=[28, 7], edge_index=[2, 8], edge_attr=[8, 5], y=20.0, custom_label=0.25974026, min_label=0, max_label=77, instance_name='p23.txt');0.25974026322364807;0.10254836827516556;0.12216527760028839;0.12605628371238708
Data(x=[28, 7], edge_index=[2, 8], edge_attr=[8, 5], y=19.0, custom_label=0.24675325, min_label=0, max_label=77, instance_name='p23.txt');0.2467532455921173;0.10254836827516556;0.12216527760028839;0.12605628371238708
Data(x=[28, 7], edge_index=[2, 8], edge_attr=[8, 5], y=18.0, custom_label=0.23376623, min_label=0, max_label=77, instance_name='p23.txt');0.23376622796058655;0.10254836827516556;0.12216527760028839;0.12605628371238708
Data(x=[28, 7], edge_index=[2, 8], edge_attr=[8, 5], y=17.0, custom_label=0.22077923, min_label=0, max_label=77, instance_name='p23.txt');0.22077922523021698;0.10254836827516556;0.12216529250144958;0.12605628371238708
Data(x=[28, 7], edge_index=[2, 8], edge_attr=[8, 5], y=16.0, custom_label=0.20779221, min_label=0, max_label=77, instance_name='p23.txt');0.20779220759868622;0.10254836827516556;0.12216529250144958;0.12605628371238708
Data(x=[28, 7], edge_index=[2, 8], edge_attr=[8, 5], y=15.0, custom_label=0.19480519, min_label=0, max_label=77, instance_name='p23.txt');0.19480518996715546;0.10254836827516556;0.12216529250144958;0.12605628371238708
Data(x=[28, 7], edge_index=[2, 8], edge_attr=[8, 5], y=14.0, custom_label=0.18181819, min_label=0, max_label=77, instance_name='p23.txt');0.1818181872367859;0.10254836827516556;0.12216529250144958;0.12605628371238708
Data(x=[28, 7], edge_index=[2, 8], edge_attr=[8, 5], y=13.0, custom_label=0.16883117, min_label=0, max_label=77, instance_name='p23.txt');0.16883116960525513;0.10254836827516556;0.12216529250144958;0.12605628371238708
Data(x=[28, 7], edge_index=[2, 8], edge_attr=[8, 5], y=12.0, custom_label=0.15584415, min_label=0, max_label=77, instance_name='p23.txt');0.15584415197372437;0.10254836827516556;0.12216529250144958;0.12605628371238708
Data(x=[28, 7], edge_index=[2, 8], edge_attr=[8, 5], y=11.0, custom_label=0.14285715, min_label=0, max_label=77, instance_name='p23.txt');0.1428571492433548;0.10254836827516556;0.12216529250144958;0.12605628371238708
Data(x=[28, 7], edge_index=[2, 8], edge_attr=[8, 5], y=10.0, custom_label=0.12987013, min_label=0, max_label=77, instance_name='p23.txt');0.12987013161182404;0.10254836827516556;0.12216529250144958;0.12605628371238708
Data(x=[28, 7], edge_index=[2, 8], edge_attr=[8, 5], y=9.0, custom_label=0.116883114, min_label=0, max_label=77, instance_name='p23.txt');0.11688311398029327;0.10254836827516556;0.12216529250144958;0.12605628371238708
Data(x=[28, 7], edge_index=[2, 8], edge_attr=[8, 5], y=8.0, custom_label=0.103896104, min_label=0, max_label=77, instance_name='p23.txt');0.10389610379934311;0.10254836827516556;0.12216529250144958;0.12605628371238708
Data(x=[28, 7], edge_index=[2, 8], edge_attr=[8, 5], y=7.0, custom_label=0.09090909, min_label=0, max_label=77, instance_name='p23.txt');0.09090909361839294;0.10254836827516556;0.12216529250144958;0.12605628371238708
Data(x=[28, 7], edge_index=[2, 8], edge_attr=[8, 5], y=6.0, custom_label=0.077922076, min_label=0, max_label=77, instance_name='p23.txt');0.07792207598686218;0.10254836827516556;0.12216529250144958;0.12605628371238708
Data(x=[28, 7], edge_index=[2, 8], edge_attr=[8, 5], y=5.0, custom_label=0.064935066, min_label=0, max_label=77, instance_name='p23.txt');0.06493506580591202;0.10254836827516556;0.12216529250144958;0.12605628371238708
Data(x=[28, 7], edge_index=[2, 8], edge_attr=[8, 5], y=4.0, custom_label=0.051948052, min_label=0, max_label=77, instance_name='p23.txt');0.051948051899671555;0.10254836827516556;0.12216529250144958;0.12605628371238708
Data(x=[28, 7], edge_index=[2, 8], edge_attr=[8, 5], y=3.0, custom_label=0.038961038, min_label=0, max_label=77, instance_name='p23.txt');0.03896103799343109;0.10254836827516556;0.12216529250144958;0.12605628371238708
Data(x=[28, 7], edge_index=[2, 8], edge_attr=[8, 5], y=2.0, custom_label=0.025974026, min_label=0, max_label=77, instance_name='p23.txt');0.025974025949835777;0.10254836827516556;0.1221652626991272;0.12605628371238708
Data(x=[28, 7], edge_index=[2, 8], edge_attr=[8, 5], y=1.0, custom_label=0.012987013, min_label=0, max_label=77, instance_name='p23.txt');0.012987012974917889;0.10254836827516556;0.12216529250144958;0.12605628371238708
Data(x=[29, 7], edge_index=[2, 10], edge_attr=[10, 5], y=0.0, custom_label=0.0, min_label=0, max_label=77, instance_name='p23.txt');0.0;4.6934481360949576e-05;2.606344423838891e-05;0.12605628371238708
Data(x=[24, 7], edge_index=[2, 16], edge_attr=[16, 5], y=3.0, custom_label=0.038961038, min_label=0, max_label=77, instance_name='p23.txt');0.03896103799343109;0.13703963160514832;0.13054029643535614;2.5695466587816185e-11
Data(x=[23, 7], edge_index=[2, 14], edge_attr=[14, 5], y=2.0, custom_label=0.025974026, min_label=0, max_label=77, instance_name='p23.txt');0.025974025949835777;0.17443422973155975;0.16148750483989716;2.5695466587816185e-11
Data(x=[23, 7], edge_index=[2, 14], edge_attr=[14, 5], y=1.0, custom_label=0.012987013, min_label=0, max_label=77, instance_name='p23.txt');0.012987012974917889;0.17380689084529877;0.17271703481674194;4.857524800172541e-06
Data(x=[24, 7], edge_index=[2, 16], edge_attr=[16, 5], y=0.0, custom_label=0.0, min_label=0, max_label=77, instance_name='p23.txt');0.0;1.5215151506708935e-05;2.2566438929061405e-05;2.5695466587816185e-11
Data(x=[24, 7], edge_index=[2, 16], edge_attr=[16, 5], y=0.0, custom_label=0.0, min_label=0, max_label=77, instance_name='p23.txt');0.0;1.5215151506708935e-05;2.2566438929061405e-05;2.1275368619622093e-11
Data(x=[26, 7], edge_index=[2, 18], edge_attr=[18, 5], y=0.0, custom_label=0.0, min_label=0, max_label=77, instance_name='p23.txt');0.0;2.7627302188193426e-05;3.7465386412804946e-05;1.6133069948409684e-05
Data(x=[23, 7], edge_index=[2, 14], edge_attr=[14, 5], y=0.0, custom_label=0.0, min_label=0, max_label=77, instance_name='p23.txt');0.0;1.0598128937999718e-05;1.5122584045457188e-05;4.678575714933686e-05
Data(x=[21, 7], edge_index=[2, 14], edge_attr=[14, 5], y=4.0, custom_label=0.051948052, min_label=0, max_label=77, instance_name='p23.txt');0.051948051899671555;0.34890016913414;0.36302176117897034;2.060872479614506e-11
Data(x=[22, 7], edge_index=[2, 16], edge_attr=[16, 5], y=3.0, custom_label=0.038961038, min_label=0, max_label=77, instance_name='p23.txt');0.03896103799343109;0.03404449298977852;0.06417392194271088;2.060872479614506e-11
Data(x=[21, 7], edge_index=[2, 14], edge_attr=[14, 5], y=2.0, custom_label=0.025974026, min_label=0, max_label=77, instance_name='p23.txt');0.025974025949835777;0.15742605924606323;0.2012483924627304;4.857524800172541e-06
Data(x=[21, 7], edge_index=[2, 14], edge_attr=[14, 5], y=1.0, custom_label=0.012987013, min_label=0, max_label=77, instance_name='p23.txt');0.012987012974917889;0.1301390528678894;0.13251611590385437;4.857524800172541e-06
Data(x=[22, 7], edge_index=[2, 16], edge_attr=[16, 5], y=0.0, custom_label=0.0, min_label=0, max_label=77, instance_name='p23.txt');0.0;7.117811264834017e-07;1.5139565903155017e-06;4.857524800172541e-06
Data(x=[21, 7], edge_index=[2, 16], edge_attr=[16, 5], y=0.0, custom_label=0.0, min_label=0, max_label=77, instance_name='p23.txt');0.0;5.53689733351348e-06;1.2789949323632754e-05;1.6836214854265563e-05
Data(x=[22, 7], edge_index=[2, 14], edge_attr=[14, 5], y=0.0, custom_label=0.0, min_label=0, max_label=77, instance_name='p23.txt');0.0;7.556681794085307e-06;1.2395445082802325e-05;6.252767889236566e-06
Data(x=[24, 7], edge_index=[2, 20], edge_attr=[20, 5], y=0.0, custom_label=0.0, min_label=0, max_label=77, instance_name='p23.txt');0.0;5.411801612353884e-05;7.673340587643906e-05;4.177625259615958e-11
Data(x=[21, 7], edge_index=[2, 14], edge_attr=[14, 5], y=0.0, custom_label=0.0, min_label=0, max_label=77, instance_name='p23.txt');0.0;5.219254489929881e-06;9.969489838113077e-06;0.12605628371238708
Data(x=[26, 7], edge_index=[2, 10], edge_attr=[10, 5], y=13.0, custom_label=0.16883117, min_label=0, max_label=77, instance_name='p23.txt');0.16883116960525513;0.2737073004245758;0.3274975121021271;1.6836214854265563e-05
Data(x=[26, 7], edge_index=[2, 10], edge_attr=[10, 5], y=12.0, custom_label=0.15584415, min_label=0, max_label=77, instance_name='p23.txt');0.15584415197372437;0.2737073004245758;0.3274975121021271;1.6836214854265563e-05
Data(x=[26, 7], edge_index=[2, 10], edge_attr=[10, 5], y=11.0, custom_label=0.14285715, min_label=0, max_label=77, instance_name='p23.txt');0.1428571492433548;0.2737073004245758;0.3274975121021271;1.6836214854265563e-05
Data(x=[26, 7], edge_index=[2, 10], edge_attr=[10, 5], y=10.0, custom_label=0.12987013, min_label=0, max_label=77, instance_name='p23.txt');0.12987013161182404;0.2737073004245758;0.3274975121021271;1.6836214854265563e-05
Data(x=[26, 7], edge_index=[2, 10], edge_attr=[10, 5], y=9.0, custom_label=0.116883114, min_label=0, max_label=77, instance_name='p23.txt');0.11688311398029327;0.2737073004245758;0.3274975121021271;1.6836214854265563e-05
Data(x=[26, 7], edge_index=[2, 10], edge_attr=[10, 5], y=8.0, custom_label=0.103896104, min_label=0, max_label=77, instance_name='p23.txt');0.10389610379934311;0.2737073004245758;0.3274975121021271;1.6836214854265563e-05
Data(x=[27, 7], edge_index=[2, 12], edge_attr=[12, 5], y=7.0, custom_label=0.09090909, min_label=0, max_label=77, instance_name='p23.txt');0.09090909361839294;0.09772980958223343;0.09241224080324173;1.6836214854265563e-05
Data(x=[27, 7], edge_index=[2, 12], edge_attr=[12, 5], y=6.0, custom_label=0.077922076, min_label=0, max_label=77, instance_name='p23.txt');0.07792207598686218;0.11914458125829697;0.16586506366729736;1.6836214854265563e-05
Data(x=[27, 7], edge_index=[2, 12], edge_attr=[12, 5], y=5.0, custom_label=0.064935066, min_label=0, max_label=77, instance_name='p23.txt');0.06493506580591202;0.09772980958223343;0.09241227060556412;1.6836214854265563e-05
Data(x=[27, 7], edge_index=[2, 12], edge_attr=[12, 5], y=4.0, custom_label=0.051948052, min_label=0, max_label=77, instance_name='p23.txt');0.051948051899671555;0.09772980958223343;0.09241224080324173;1.6836214854265563e-05
Data(x=[26, 7], edge_index=[2, 10], edge_attr=[10, 5], y=3.0, custom_label=0.038961038, min_label=0, max_label=77, instance_name='p23.txt');0.03896103799343109;0.1208583265542984;0.1364240050315857;1.6836214854265563e-05
Data(x=[26, 7], edge_index=[2, 10], edge_attr=[10, 5], y=2.0, custom_label=0.025974026, min_label=0, max_label=77, instance_name='p23.txt');0.025974025949835777;0.1208583265542984;0.1364240199327469;1.6836214854265563e-05
Data(x=[26, 7], edge_index=[2, 10], edge_attr=[10, 5], y=1.0, custom_label=0.012987013, min_label=0, max_label=77, instance_name='p23.txt');0.012987012974917889;0.1208583265542984;0.1364240199327469;1.6836214854265563e-05
Data(x=[27, 7], edge_index=[2, 12], edge_attr=[12, 5], y=0.0, custom_label=0.0, min_label=0, max_label=77, instance_name='p23.txt');0.0;3.1008388759801164e-05;2.382072307227645e-05;1.6836214854265563e-05
Data(x=[32, 7], edge_index=[2, 26], edge_attr=[26, 5], y=0.0, custom_label=0.0, min_label=0, max_label=7, instance_name='p24.txt');0.0;9.7478179668542e-05;0.0001980108063435182;4.678575714933686e-05
Data(x=[28, 7], edge_index=[2, 18], edge_attr=[18, 5], y=0.0, custom_label=0.0, min_label=0, max_label=7, instance_name='p24.txt');0.0;6.733536338288104e-06;7.63115895097144e-06;6.252767889236566e-06
Data(x=[27, 7], edge_index=[2, 20], edge_attr=[20, 5], y=0.0, custom_label=0.0, min_label=0, max_label=7, instance_name='p24.txt');0.0;5.201207386562601e-06;7.680169801460579e-06;9.294649078173123e-11
Data(x=[28, 7], edge_index=[2, 18], edge_attr=[18, 5], y=0.0, custom_label=0.0, min_label=0, max_label=7, instance_name='p24.txt');0.0;6.733536338288104e-06;7.631150765519124e-06;4.658041689253878e-06
Data(x=[31, 7], edge_index=[2, 26], edge_attr=[26, 5], y=0.0, custom_label=0.0, min_label=0, max_label=7, instance_name='p24.txt');0.0;8.15527600934729e-05;0.00018682691734284163;5.38641799149597e-21
Data(x=[24, 7], edge_index=[2, 16], edge_attr=[16, 5], y=0.0, custom_label=0.0, min_label=0, max_label=7, instance_name='p24.txt');0.0;1.5215151506708935e-05;2.2566438929061405e-05;1.6836214854265563e-05
Data(x=[33, 7], edge_index=[2, 16], edge_attr=[16, 5], y=0.0, custom_label=0.0, min_label=0, max_label=7, instance_name='p24.txt');0.0;0.00010986084816977382;6.671486335108057e-05;0.12605628371238708
Data(x=[28, 7], edge_index=[2, 18], edge_attr=[18, 5], y=0.0, custom_label=0.0, min_label=0, max_label=7, instance_name='p24.txt');0.0;6.733536338288104e-06;7.63115895097144e-06;4.857524800172541e-06
Data(x=[26, 7], edge_index=[2, 12], edge_attr=[12, 5], y=0.0, custom_label=0.0, min_label=0, max_label=7, instance_name='p24.txt');0.0;2.4121578462654725e-05;2.0486499124672264e-05;0.12605628371238708
Data(x=[28, 7], edge_index=[2, 18], edge_attr=[18, 5], y=0.0, custom_label=0.0, min_label=0, max_label=7, instance_name='p24.txt');0.0;6.733536338288104e-06;7.63115895097144e-06;4.658041689253878e-06
Data(x=[29, 7], edge_index=[2, 20], edge_attr=[20, 5], y=0.0, custom_label=0.0, min_label=0, max_label=7, instance_name='p24.txt');0.0;1.8600358089315705e-05;4.983286635251716e-05;1.841531388964521e-19
Data(x=[28, 7], edge_index=[2, 12], edge_attr=[12, 5], y=3.0, custom_label=0.42857143, min_label=0, max_label=7, instance_name='p24.txt');0.4285714328289032;0.10740439593791962;0.15871787071228027;0.12605628371238708
Data(x=[28, 7], edge_index=[2, 12], edge_attr=[12, 5], y=2.0, custom_label=0.2857143, min_label=0, max_label=7, instance_name='p24.txt');0.2857142984867096;0.09216567873954773;0.08536574244499207;0.12605628371238708
Data(x=[28, 7], edge_index=[2, 12], edge_attr=[12, 5], y=1.0, custom_label=0.14285715, min_label=0, max_label=7, instance_name='p24.txt');0.1428571492433548;0.09216567873954773;0.08536574244499207;0.12605628371238708
Data(x=[28, 7], edge_index=[2, 12], edge_attr=[12, 5], y=0.0, custom_label=0.0, min_label=0, max_label=7, instance_name='p24.txt');0.0;5.142719965078868e-05;2.7711688744602725e-05;0.12605628371238708
Data(x=[26, 7], edge_index=[2, 16], edge_attr=[16, 5], y=0.0, custom_label=0.0, min_label=0, max_label=7, instance_name='p24.txt');0.0;7.78137327870354e-05;6.340248364722356e-05;9.477769284183587e-19
Data(x=[25, 7], edge_index=[2, 16], edge_attr=[16, 5], y=0.0, custom_label=0.0, min_label=0, max_label=7, instance_name='p24.txt');0.0;3.308870418550214e-06;3.4162274005211657e-06;1.173686541733332e-05
Data(x=[27, 7], edge_index=[2, 14], edge_attr=[14, 5], y=0.0, custom_label=0.0, min_label=0, max_label=7, instance_name='p24.txt');0.0;3.23638814734295e-05;2.8913835194543935e-05;1.7200447880241776e-12
Data(x=[35, 7], edge_index=[2, 22], edge_attr=[22, 5], y=0.0, custom_label=0.0, min_label=0, max_label=7, instance_name='p24.txt');0.0;3.646831100923009e-05;2.8302954888204113e-05;0.12605628371238708
Data(x=[32, 7], edge_index=[2, 16], edge_attr=[16, 5], y=1.0, custom_label=0.14285715, min_label=0, max_label=7, instance_name='p24.txt');0.1428571492433548;0.10973924398422241;0.08753307908773422;0.12605628371238708
Data(x=[33, 7], edge_index=[2, 18], edge_attr=[18, 5], y=0.0, custom_label=0.0, min_label=0, max_label=7, instance_name='p24.txt');0.0;2.3152653739089146e-05;1.642387724132277e-05;0.12605628371238708
Data(x=[21, 7], edge_index=[2, 18], edge_attr=[18, 5], y=0.0, custom_label=0.0, min_label=0, max_label=7, instance_name='p24.txt');0.0;8.383444765058812e-06;1.665702620812226e-05;4.253997984458109e-18
Data(x=[26, 7], edge_index=[2, 14], edge_attr=[14, 5], y=0.0, custom_label=0.0, min_label=0, max_label=7, instance_name='p24.txt');0.0;2.521748137951363e-05;2.5052784621948376e-05;0.12605628371238708
Data(x=[30, 7], edge_index=[2, 12], edge_attr=[12, 5], y=0.0, custom_label=0.0, min_label=0, max_label=7, instance_name='p24.txt');0.0;5.9805341152241454e-05;3.5254906833870336e-05;1.6836214854265563e-05
Data(x=[30, 7], edge_index=[2, 16], edge_attr=[16, 5], y=2.0, custom_label=0.2857143, min_label=0, max_label=7, instance_name='p24.txt');0.2857142984867096;0.1072605550289154;0.10717758536338806;0.12605628371238708
Data(x=[29, 7], edge_index=[2, 12], edge_attr=[12, 5], y=1.0, custom_label=0.14285715, min_label=0, max_label=7, instance_name='p24.txt');0.1428571492433548;0.0944061130285263;0.08431051671504974;0.12605628371238708
Data(x=[30, 7], edge_index=[2, 14], edge_attr=[14, 5], y=0.0, custom_label=0.0, min_label=0, max_label=7, instance_name='p24.txt');0.0;1.3902714272262529e-05;7.623579222126864e-06;0.12605628371238708
Data(x=[30, 7], edge_index=[2, 16], edge_attr=[16, 5], y=0.0, custom_label=0.0, min_label=0, max_label=7, instance_name='p24.txt');0.0;6.437330011976883e-05;4.9967678933171555e-05;6.252767889236566e-06
Data(x=[31, 7], edge_index=[2, 14], edge_attr=[14, 5], y=3.0, custom_label=0.42857143, min_label=0, max_label=7, instance_name='p24.txt');0.4285714328289032;0.027305273339152336;0.020803900435566902;6.252767889236566e-06
Data(x=[30, 7], edge_index=[2, 12], edge_attr=[12, 5], y=2.0, custom_label=0.2857143, min_label=0, max_label=7, instance_name='p24.txt');0.2857142984867096;0.09287017583847046;0.08027882874011993;6.252767889236566e-06
Data(x=[30, 7], edge_index=[2, 12], edge_attr=[12, 5], y=1.0, custom_label=0.14285715, min_label=0, max_label=7, instance_name='p24.txt');0.1428571492433548;0.09287017583847046;0.08027882874011993;6.252767889236566e-06
Data(x=[31, 7], edge_index=[2, 14], edge_attr=[14, 5], y=0.0, custom_label=0.0, min_label=0, max_label=7, instance_name='p24.txt');0.0;1.3801656677969731e-05;8.88423983269604e-06;6.252767889236566e-06
Data(x=[31, 7], edge_index=[2, 22], edge_attr=[22, 5], y=3.0, custom_label=0.42857143, min_label=0, max_label=7, instance_name='p24.txt');0.4285714328289032;0.05798693001270294;0.10671497136354446;6.252767889236566e-06
Data(x=[30, 7], edge_index=[2, 20], edge_attr=[20, 5], y=2.0, custom_label=0.2857143, min_label=0, max_label=7, instance_name='p24.txt');0.2857142984867096;0.16527487337589264;0.19289575517177582;6.252767889236566e-06
Data(x=[30, 7], edge_index=[2, 20], edge_attr=[20, 5], y=1.0, custom_label=0.14285715, min_label=0, max_label=7, instance_name='p24.txt');0.1428571492433548;0.14732974767684937;0.16494402289390564;0.12605628371238708
Data(x=[31, 7], edge_index=[2, 22], edge_attr=[22, 5], y=0.0, custom_label=0.0, min_label=0, max_label=7, instance_name='p24.txt');0.0;3.0480654459097423e-05;7.243861182359979e-05;6.252767889236566e-06
Data(x=[28, 7], edge_index=[2, 20], edge_attr=[20, 5], y=0.0, custom_label=0.0, min_label=0, max_label=7, instance_name='p24.txt');0.0;2.522638169466518e-05;1.827882442739792e-05;0.12605628371238708
Data(x=[27, 7], edge_index=[2, 14], edge_attr=[14, 5], y=0.0, custom_label=0.0, min_label=0, max_label=7, instance_name='p24.txt');0.0;4.592950972437393e-06;4.294502559787361e-06;0.12605628371238708
Data(x=[30, 7], edge_index=[2, 18], edge_attr=[18, 5], y=3.0, custom_label=0.42857143, min_label=0, max_label=7, instance_name='p24.txt');0.4285714328289032;0.17599345743656158;0.16112607717514038;4.678575714933686e-05
Data(x=[30, 7], edge_index=[2, 18], edge_attr=[18, 5], y=2.0, custom_label=0.2857143, min_label=0, max_label=7, instance_name='p24.txt');0.2857142984867096;0.17599345743656158;0.16112607717514038;4.678575714933686e-05
Data(x=[30, 7], edge_index=[2, 18], edge_attr=[18, 5], y=1.0, custom_label=0.14285715, min_label=0, max_label=7, instance_name='p24.txt');0.1428571492433548;0.17599345743656158;0.16112607717514038;4.678575714933686e-05
Data(x=[31, 7], edge_index=[2, 20], edge_attr=[20, 5], y=0.0, custom_label=0.0, min_label=0, max_label=7, instance_name='p24.txt');0.0;0.00020759370818268508;0.00014279576134867966;4.678575714933686e-05
Data(x=[27, 7], edge_index=[2, 12], edge_attr=[12, 5], y=0.0, custom_label=0.0, min_label=0, max_label=7, instance_name='p24.txt');0.0;3.1008388759801164e-05;2.382072307227645e-05;0.12605628371238708
Data(x=[34, 7], edge_index=[2, 18], edge_attr=[18, 5], y=0.0, custom_label=0.0, min_label=0, max_label=7, instance_name='p24.txt');0.0;0.00013279655831865966;8.471622277284041e-05;0.12605628371238708
Data(x=[27, 7], edge_index=[2, 14], edge_attr=[14, 5], y=0.0, custom_label=0.0, min_label=0, max_label=7, instance_name='p24.txt');0.0;3.23638814734295e-05;2.8913835194543935e-05;1.6836214854265563e-05
Data(x=[25, 7], edge_index=[2, 14], edge_attr=[14, 5], y=1.0, custom_label=0.14285715, min_label=0, max_label=7, instance_name='p24.txt');0.1428571492433548;0.11652024835348129;0.11512928456068039;0.12605628371238708
Data(x=[25, 7], edge_index=[2, 14], edge_attr=[14, 5], y=0.0, custom_label=0.0, min_label=0, max_label=7, instance_name='p24.txt');0.0;1.9265453374828212e-05;2.1459820345626213e-05;0.12605628371238708
Data(x=[27, 7], edge_index=[2, 14], edge_attr=[14, 5], y=0.0, custom_label=0.0, min_label=0, max_label=7, instance_name='p24.txt');0.0;3.2363852369599044e-05;2.8913835194543935e-05;4.857524800172541e-06
Data(x=[23, 7], edge_index=[2, 12], edge_attr=[12, 5], y=0.0, custom_label=0.0, min_label=0, max_label=7, instance_name='p24.txt');0.0;1.0041903806268238e-05;1.2045883522660006e-05;0.12605628371238708
Data(x=[24, 7], edge_index=[2, 16], edge_attr=[16, 5], y=7.0, custom_label=1.0, min_label=0, max_label=7, instance_name='p24.txt');1.0;0.29002225399017334;0.3463486135005951;0.12605628371238708
Data(x=[23, 7], edge_index=[2, 14], edge_attr=[14, 5], y=6.0, custom_label=0.85714287, min_label=0, max_label=7, instance_name='p24.txt');0.8571428656578064;0.3264285922050476;0.3997066020965576;0.12605628371238708
Data(x=[23, 7], edge_index=[2, 14], edge_attr=[14, 5], y=5.0, custom_label=0.71428573, min_label=0, max_label=7, instance_name='p24.txt');0.7142857313156128;0.32073673605918884;0.3641228675842285;0.12605628371238708
Data(x=[24, 7], edge_index=[2, 16], edge_attr=[16, 5], y=4.0, custom_label=0.5714286, min_label=0, max_label=7, instance_name='p24.txt');0.5714285969734192;0.11902368068695068;0.13669940829277039;0.12605628371238708
Data(x=[23, 7], edge_index=[2, 12], edge_attr=[12, 5], y=3.0, custom_label=0.42857143, min_label=0, max_label=7, instance_name='p24.txt');0.4285714328289032;0.10503996163606644;0.11341143399477005;0.12605628371238708
Data(x=[23, 7], edge_index=[2, 12], edge_attr=[12, 5], y=2.0, custom_label=0.2857143, min_label=0, max_label=7, instance_name='p24.txt');0.2857142984867096;0.12688550353050232;0.17880035936832428;0.12605628371238708
Data(x=[23, 7], edge_index=[2, 12], edge_attr=[12, 5], y=1.0, custom_label=0.14285715, min_label=0, max_label=7, instance_name='p24.txt');0.1428571492433548;0.10503996163606644;0.11341143399477005;0.12605628371238708
Data(x=[24, 7], edge_index=[2, 14], edge_attr=[14, 5], y=0.0, custom_label=0.0, min_label=0, max_label=7, instance_name='p24.txt');0.0;1.5967997342158924e-06;2.1235850908851717e-06;0.12605628371238708
Data(x=[26, 7], edge_index=[2, 16], edge_attr=[16, 5], y=0.0, custom_label=0.0, min_label=0, max_label=7, instance_name='p24.txt');0.0;3.4656991374504287e-06;4.228600118949544e-06;0.12605628371238708
Data(x=[32, 7], edge_index=[2, 18], edge_attr=[18, 5], y=2.0, custom_label=0.2857143, min_label=0, max_label=7, instance_name='p24.txt');0.2857142984867096;0.029171107336878777;0.02622728794813156;0.12605628371238708
Data(x=[31, 7], edge_index=[2, 16], edge_attr=[16, 5], y=1.0, custom_label=0.14285715, min_label=0, max_label=7, instance_name='p24.txt');0.1428571492433548;0.11261344701051712;0.09291935712099075;0.12605628371238708
Data(x=[32, 7], edge_index=[2, 18], edge_attr=[18, 5], y=0.0, custom_label=0.0, min_label=0, max_label=7, instance_name='p24.txt');0.0;1.8625847587827593e-05;1.4362190995598212e-05;0.12605628371238708
Data(x=[25, 7], edge_index=[2, 16], edge_attr=[16, 5], y=0.0, custom_label=0.0, min_label=0, max_label=7, instance_name='p24.txt');0.0;2.4449486772937234e-06;3.373331310285721e-06;2.060872479614506e-11
Data(x=[29, 7], edge_index=[2, 20], edge_attr=[20, 5], y=0.0, custom_label=0.0, min_label=0, max_label=7, instance_name='p24.txt');0.0;9.234991011908278e-06;1.088178305508336e-05;2.4437347867561833e-16
Data(x=[29, 7], edge_index=[2, 14], edge_attr=[14, 5], y=0.0, custom_label=0.0, min_label=0, max_label=7, instance_name='p24.txt');0.0;5.063167918706313e-05;3.7387468182714656e-05;4.857524800172541e-06
Data(x=[25, 7], edge_index=[2, 14], edge_attr=[14, 5], y=0.0, custom_label=0.0, min_label=0, max_label=7, instance_name='p24.txt');0.0;2.3346358375420095e-06;2.73636374004127e-06;0.12605628371238708
Data(x=[29, 7], edge_index=[2, 22], edge_attr=[22, 5], y=0.0, custom_label=0.0, min_label=0, max_label=7, instance_name='p24.txt');0.0;9.580796358932275e-06;1.3033117284066975e-05;4.857524800172541e-06
Data(x=[32, 7], edge_index=[2, 20], edge_attr=[20, 5], y=0.0, custom_label=0.0, min_label=0, max_label=7, instance_name='p24.txt');0.0;0.00024078265414573252;0.00015262055967468768;0.12605628371238708
Data(x=[29, 7], edge_index=[2, 20], edge_attr=[20, 5], y=0.0, custom_label=0.0, min_label=0, max_label=7, instance_name='p24.txt');0.0;9.234982826455962e-06;1.088178305508336e-05;0.12605628371238708
Data(x=[31, 7], edge_index=[2, 14], edge_attr=[14, 5], y=0.0, custom_label=0.0, min_label=0, max_label=7, instance_name='p24.txt');0.0;7.50233739381656e-05;4.676734170061536e-05;0.12605628371238708
Data(x=[31, 7], edge_index=[2, 18], edge_attr=[18, 5], y=0.0, custom_label=0.0, min_label=0, max_label=7, instance_name='p24.txt');0.0;8.056229853536934e-05;6.554265564773232e-05;1.7093715332094916e-10
Data(x=[25, 7], edge_index=[2, 14], edge_attr=[14, 5], y=0.0, custom_label=0.0, min_label=0, max_label=7, instance_name='p24.txt');0.0;1.9265453374828212e-05;2.1459820345626213e-05;1.6133069948409684e-05
Data(x=[28, 7], edge_index=[2, 16], edge_attr=[16, 5], y=0.0, custom_label=0.0, min_label=0, max_label=7, instance_name='p24.txt');0.0;4.251707287039608e-05;3.9815666241338477e-05;0.12605628371238708
Data(x=[33, 7], edge_index=[2, 18], edge_attr=[18, 5], y=0.0, custom_label=0.0, min_label=0, max_label=7, instance_name='p24.txt');0.0;2.3152653739089146e-05;1.642387724132277e-05;4.678575714933686e-05
Data(x=[30, 7], edge_index=[2, 14], edge_attr=[14, 5], y=0.0, custom_label=0.0, min_label=0, max_label=7, instance_name='p24.txt');0.0;0.00011541309504536912;0.00012032048834953457;0.12605628371238708
Data(x=[31, 7], edge_index=[2, 14], edge_attr=[14, 5], y=2.0, custom_label=0.2857143, min_label=0, max_label=7, instance_name='p24.txt');0.2857142984867096;0.10186997801065445;0.08395174890756607;0.12605628371238708
Data(x=[30, 7], edge_index=[2, 12], edge_attr=[12, 5], y=1.0, custom_label=0.14285715, min_label=0, max_label=7, instance_name='p24.txt');0.1428571492433548;0.12966695427894592;0.1343647688627243;0.12605628371238708
Data(x=[31, 7], edge_index=[2, 14], edge_attr=[14, 5], y=0.0, custom_label=0.0, min_label=0, max_label=7, instance_name='p24.txt');0.0;7.50233739381656e-05;4.676734170061536e-05;0.12605628371238708
Data(x=[30, 7], edge_index=[2, 18], edge_attr=[18, 5], y=3.0, custom_label=0.42857143, min_label=0, max_label=7, instance_name='p24.txt');0.4285714328289032;0.030018407851457596;0.0320759192109108;6.252767889236566e-06
Data(x=[29, 7], edge_index=[2, 16], edge_attr=[16, 5], y=2.0, custom_label=0.2857143, min_label=0, max_label=7, instance_name='p24.txt');0.2857142984867096;0.11836381256580353;0.1030498817563057;6.252767889236566e-06
Data(x=[29, 7], edge_index=[2, 16], edge_attr=[16, 5], y=1.0, custom_label=0.14285715, min_label=0, max_label=7, instance_name='p24.txt');0.1428571492433548;0.1261318475008011;0.13551107048988342;6.252767889236566e-06
Data(x=[30, 7], edge_index=[2, 18], edge_attr=[18, 5], y=0.0, custom_label=0.0, min_label=0, max_label=7, instance_name='p24.txt');0.0;1.1557558536878787e-05;1.0692042451410089e-05;6.252767889236566e-06
Data(x=[29, 7], edge_index=[2, 14], edge_attr=[14, 5], y=1.0, custom_label=0.14285715, min_label=0, max_label=7, instance_name='p24.txt');0.1428571492433548;0.14954598248004913;0.14823457598686218;0.12605628371238708
Data(x=[30, 7], edge_index=[2, 16], edge_attr=[16, 5], y=0.0, custom_label=0.0, min_label=0, max_label=7, instance_name='p24.txt');0.0;6.437330011976883e-05;4.996763163944706e-05;0.12605628371238708
Data(x=[28, 7], edge_index=[2, 14], edge_attr=[14, 5], y=2.0, custom_label=0.2857143, min_label=0, max_label=7, instance_name='p24.txt');0.2857142984867096;0.10524173080921173;0.0947529748082161;0.12605628371238708
Data(x=[28, 7], edge_index=[2, 14], edge_attr=[14, 5], y=1.0, custom_label=0.14285715, min_label=0, max_label=7, instance_name='p24.txt');0.1428571492433548;0.10524173080921173;0.0947529748082161;0.12605628371238708
Data(x=[29, 7], edge_index=[2, 16], edge_attr=[16, 5], y=0.0, custom_label=0.0, min_label=0, max_label=7, instance_name='p24.txt');0.0;1.115735631174175e-05;7.668898433621507e-06;0.12605628371238708
Data(x=[21, 7], edge_index=[2, 14], edge_attr=[14, 5], y=0.0, custom_label=0.0, min_label=0, max_label=7, instance_name='p24.txt');0.0;7.4464337558310945e-06;1.0120596016349737e-05;0.12605628371238708
Data(x=[26, 7], edge_index=[2, 16], edge_attr=[16, 5], y=4.0, custom_label=0.5714286, min_label=0, max_label=7, instance_name='p24.txt');0.5714285969734192;0.031096750870347023;0.043193116784095764;3.764807843253948e-05
Data(x=[25, 7], edge_index=[2, 14], edge_attr=[14, 5], y=3.0, custom_label=0.42857143, min_label=0, max_label=7, instance_name='p24.txt');0.4285714328289032;0.11652024835348129;0.11512923240661621;0.12605628371238708
Data(x=[25, 7], edge_index=[2, 14], edge_attr=[14, 5], y=2.0, custom_label=0.2857143, min_label=0, max_label=7, instance_name='p24.txt');0.2857142984867096;0.14249347150325775;0.18244795501232147;0.12605628371238708
Data(x=[25, 7], edge_index=[2, 14], edge_attr=[14, 5], y=1.0, custom_label=0.14285715, min_label=0, max_label=7, instance_name='p24.txt');0.1428571492433548;0.11652024835348129;0.11512923240661621;0.12605628371238708
Data(x=[26, 7], edge_index=[2, 16], edge_attr=[16, 5], y=0.0, custom_label=0.0, min_label=0, max_label=7, instance_name='p24.txt');0.0;3.4656991374504287e-06;4.228600118949544e-06;0.12605628371238708
Data(x=[29, 7], edge_index=[2, 22], edge_attr=[22, 5], y=0.0, custom_label=0.0, min_label=0, max_label=7, instance_name='p24.txt');0.0;9.580796358932275e-06;1.3033117284066975e-05;0.12605628371238708
Data(x=[24, 7], edge_index=[2, 16], edge_attr=[16, 5], y=0.0, custom_label=0.0, min_label=0, max_label=7, instance_name='p24.txt');0.0;2.296262891832157e-06;2.6758300464280182e-06;0.12605628371238708
Data(x=[28, 7], edge_index=[2, 18], edge_attr=[18, 5], y=0.0, custom_label=0.0, min_label=0, max_label=7, instance_name='p24.txt');0.0;8.838580470182933e-06;7.717740118096117e-06;0.12605628371238708
Data(x=[28, 7], edge_index=[2, 14], edge_attr=[14, 5], y=0.0, custom_label=0.0, min_label=0, max_label=7, instance_name='p24.txt');0.0;4.080171129317023e-05;3.303001358290203e-05;0.12605628371238708
Data(x=[30, 7], edge_index=[2, 20], edge_attr=[20, 5], y=0.0, custom_label=0.0, min_label=0, max_label=7, instance_name='p24.txt');0.0;3.045194534934126e-05;5.599598807748407e-05;3.5848398385448436e-16
Data(x=[29, 7], edge_index=[2, 18], edge_attr=[18, 5], y=0.0, custom_label=0.0, min_label=0, max_label=7, instance_name='p24.txt');0.0;7.970416481839493e-05;0.00015770085155963898;0.12605628371238708
Data(x=[30, 7], edge_index=[2, 18], edge_attr=[18, 5], y=0.0, custom_label=0.0, min_label=0, max_label=7, instance_name='p24.txt');0.0;9.615118324290961e-05;0.00016874121502041817;4.857524800172541e-06
Data(x=[24, 7], edge_index=[2, 14], edge_attr=[14, 5], y=0.0, custom_label=0.0, min_label=0, max_label=7, instance_name='p24.txt');0.0;1.596798256287002e-06;2.1235850908851717e-06;4.1228686313843355e-06
Data(x=[24, 7], edge_index=[2, 16], edge_attr=[16, 5], y=0.0, custom_label=0.0, min_label=0, max_label=8, instance_name='p25.txt');0.0;4.884064037469216e-05;4.961942613590509e-05;4.834297940516315e-17
Data(x=[26, 7], edge_index=[2, 20], edge_attr=[20, 5], y=0.0, custom_label=0.0, min_label=0, max_label=8, instance_name='p25.txt');0.0;1.1177504347870126e-05;1.3087295883451588e-05;6.252767889236566e-06
Data(x=[27, 7], edge_index=[2, 18], edge_attr=[18, 5], y=0.0, custom_label=0.0, min_label=0, max_label=8, instance_name='p25.txt');0.0;4.994631581212161e-06;6.327294158836594e-06;0.12605628371238708
Data(x=[28, 7], edge_index=[2, 16], edge_attr=[16, 5], y=0.0, custom_label=0.0, min_label=0, max_label=8, instance_name='p25.txt');0.0;6.470123025792418e-06;6.330576979962643e-06;9.288618485481237e-12
Data(x=[25, 7], edge_index=[2, 18], edge_attr=[18, 5], y=0.0, custom_label=0.0, min_label=0, max_label=8, instance_name='p25.txt');0.0;3.265657869633287e-05;0.0001139649175456725;6.252767889236566e-06
Data(x=[26, 7], edge_index=[2, 18], edge_attr=[18, 5], y=0.0, custom_label=0.0, min_label=0, max_label=8, instance_name='p25.txt');0.0;4.180005635134876e-05;0.00012476896517910063;9.288618485481237e-12
Data(x=[26, 7], edge_index=[2, 16], edge_attr=[16, 5], y=0.0, custom_label=0.0, min_label=0, max_label=8, instance_name='p25.txt');0.0;3.4656991374504287e-06;4.228600118949544e-06;4.658041689253878e-06
Data(x=[30, 7], edge_index=[2, 20], edge_attr=[20, 5], y=0.0, custom_label=0.0, min_label=0, max_label=8, instance_name='p25.txt');0.0;6.944630149519071e-05;7.082002412062138e-05;7.226366960037987e-17
Data(x=[28, 7], edge_index=[2, 16], edge_attr=[16, 5], y=0.0, custom_label=0.0, min_label=0, max_label=8, instance_name='p25.txt');0.0;4.251711652614176e-05;3.98156262235716e-05;0.12605628371238708
Data(x=[27, 7], edge_index=[2, 18], edge_attr=[18, 5], y=0.0, custom_label=0.0, min_label=0, max_label=8, instance_name='p25.txt');0.0;4.994627488486003e-06;6.327294158836594e-06;5.331055475538138e-12
Data(x=[25, 7], edge_index=[2, 20], edge_attr=[20, 5], y=0.0, custom_label=0.0, min_label=0, max_label=8, instance_name='p25.txt');0.0;2.6741054170997813e-06;5.126595169713255e-06;5.132396793359808e-18
Data(x=[26, 7], edge_index=[2, 16], edge_attr=[16, 5], y=3.0, custom_label=0.375, min_label=0, max_label=8, instance_name='p25.txt');0.375;0.031096750870347023;0.04319312423467636;1.2376040470218896e-10
Data(x=[25, 7], edge_index=[2, 14], edge_attr=[14, 5], y=2.0, custom_label=0.25, min_label=0, max_label=8, instance_name='p25.txt');0.25;0.11652024835348129;0.1151292622089386;1.2376040470218896e-10
Data(x=[25, 7], edge_index=[2, 14], edge_attr=[14, 5], y=1.0, custom_label=0.125, min_label=0, max_label=8, instance_name='p25.txt');0.125;0.11652027815580368;0.1151292622089386;1.2376040470218896e-10
Data(x=[26, 7], edge_index=[2, 16], edge_attr=[16, 5], y=0.0, custom_label=0.0, min_label=0, max_label=8, instance_name='p25.txt');0.0;3.4656991374504287e-06;4.228600118949544e-06;2.328730307546434e-12
Data(x=[32, 7], edge_index=[2, 16], edge_attr=[16, 5], y=0.0, custom_label=0.0, min_label=0, max_label=8, instance_name='p25.txt');0.0;9.285354462917894e-05;6.095279604778625e-05;1.6836214854265563e-05
Data(x=[30, 7], edge_index=[2, 18], edge_attr=[18, 5], y=0.0, custom_label=0.0, min_label=0, max_label=8, instance_name='p25.txt');0.0;2.274279722769279e-05;4.654248186852783e-05;0.12605628371238708
Data(x=[25, 7], edge_index=[2, 18], edge_attr=[18, 5], y=0.0, custom_label=0.0, min_label=0, max_label=8, instance_name='p25.txt');0.0;5.7343204389326274e-06;2.429410051263403e-05;1.7084238350931143e-24
Data(x=[26, 7], edge_index=[2, 18], edge_attr=[18, 5], y=0.0, custom_label=0.0, min_label=0, max_label=8, instance_name='p25.txt');0.0;4.846442152484087e-06;5.234353011474013e-06;6.252767889236566e-06
Data(x=[29, 7], edge_index=[2, 18], edge_attr=[18, 5], y=0.0, custom_label=0.0, min_label=0, max_label=8, instance_name='p25.txt');0.0;8.899155545805115e-06;9.085541933018249e-06;6.252767889236566e-06
Data(x=[32, 7], edge_index=[2, 18], edge_attr=[18, 5], y=0.0, custom_label=0.0, min_label=0, max_label=8, instance_name='p25.txt');0.0;9.599525219528005e-05;7.177835504990071e-05;0.12605628371238708
Data(x=[22, 7], edge_index=[2, 12], edge_attr=[12, 5], y=0.0, custom_label=0.0, min_label=0, max_label=8, instance_name='p25.txt');0.0;7.1416488935938105e-06;9.772022167453542e-06;0.12605628371238708
Data(x=[31, 7], edge_index=[2, 16], edge_attr=[16, 5], y=8.0, custom_label=1.0, min_label=0, max_label=8, instance_name='p25.txt');1.0;0.12337147444486618;0.10465619713068008;0.12605628371238708
Data(x=[31, 7], edge_index=[2, 16], edge_attr=[16, 5], y=7.0, custom_label=0.875, min_label=0, max_label=8, instance_name='p25.txt');0.875;0.12337147444486618;0.10465619713068008;0.12605628371238708
Data(x=[31, 7], edge_index=[2, 16], edge_attr=[16, 5], y=6.0, custom_label=0.75, min_label=0, max_label=8, instance_name='p25.txt');0.75;0.12337147444486618;0.10465619713068008;0.12605628371238708
Data(x=[31, 7], edge_index=[2, 16], edge_attr=[16, 5], y=5.0, custom_label=0.625, min_label=0, max_label=8, instance_name='p25.txt');0.625;0.12337147444486618;0.10465619713068008;0.12605628371238708
Data(x=[31, 7], edge_index=[2, 16], edge_attr=[16, 5], y=4.0, custom_label=0.5, min_label=0, max_label=8, instance_name='p25.txt');0.5;0.12337147444486618;0.10465619713068008;0.12605628371238708
Data(x=[31, 7], edge_index=[2, 16], edge_attr=[16, 5], y=3.0, custom_label=0.375, min_label=0, max_label=8, instance_name='p25.txt');0.375;0.12337147444486618;0.10465619713068008;0.12605628371238708
Data(x=[31, 7], edge_index=[2, 16], edge_attr=[16, 5], y=2.0, custom_label=0.25, min_label=0, max_label=8, instance_name='p25.txt');0.25;0.12337147444486618;0.10465619713068008;0.12605628371238708
Data(x=[31, 7], edge_index=[2, 16], edge_attr=[16, 5], y=1.0, custom_label=0.125, min_label=0, max_label=8, instance_name='p25.txt');0.125;0.12337147444486618;0.10465619713068008;0.12605628371238708
Data(x=[32, 7], edge_index=[2, 18], edge_attr=[18, 5], y=0.0, custom_label=0.0, min_label=0, max_label=8, instance_name='p25.txt');0.0;4.3884312617592514e-05;0.00016493942530360073;0.12605628371238708
Data(x=[30, 7], edge_index=[2, 14], edge_attr=[14, 5], y=0.0, custom_label=0.0, min_label=0, max_label=8, instance_name='p25.txt');0.0;6.203103112056851e-05;4.1971496102632955e-05;0.12605628371238708
Data(x=[27, 7], edge_index=[2, 16], edge_attr=[16, 5], y=0.0, custom_label=0.0, min_label=0, max_label=8, instance_name='p25.txt');0.0;3.3774955227272585e-05;3.509593807393685e-05;1.405418076471894e-17
Data(x=[27, 7], edge_index=[2, 16], edge_attr=[16, 5], y=0.0, custom_label=0.0, min_label=0, max_label=8, instance_name='p25.txt');0.0;9.578229219187051e-05;7.069998537190259e-05;0.12605628371238708
Data(x=[27, 7], edge_index=[2, 18], edge_attr=[18, 5], y=0.0, custom_label=0.0, min_label=0, max_label=8, instance_name='p25.txt');0.0;9.996901644626632e-05;8.581567090004683e-05;4.678575714933686e-05
Data(x=[25, 7], edge_index=[2, 18], edge_attr=[18, 5], y=0.0, custom_label=0.0, min_label=0, max_label=8, instance_name='p25.txt');0.0;2.1257174012134783e-05;3.2613104849588126e-05;1.6836214854265563e-05
Data(x=[27, 7], edge_index=[2, 20], edge_attr=[20, 5], y=0.0, custom_label=0.0, min_label=0, max_label=8, instance_name='p25.txt');0.0;1.1002537576132454e-05;3.9367732824757695e-05;6.252767889236566e-06
Data(x=[27, 7], edge_index=[2, 10], edge_attr=[10, 5], y=3.0, custom_label=0.375, min_label=0, max_label=8, instance_name='p25.txt');0.375;0.1084480881690979;0.131094291806221;0.12605628371238708
Data(x=[27, 7], edge_index=[2, 10], edge_attr=[10, 5], y=2.0, custom_label=0.25, min_label=0, max_label=8, instance_name='p25.txt');0.25;0.1084480881690979;0.131094291806221;0.12605628371238708
Data(x=[27, 7], edge_index=[2, 10], edge_attr=[10, 5], y=1.0, custom_label=0.125, min_label=0, max_label=8, instance_name='p25.txt');0.125;0.10844806581735611;0.131094291806221;0.12605628371238708
Data(x=[28, 7], edge_index=[2, 12], edge_attr=[12, 5], y=0.0, custom_label=0.0, min_label=0, max_label=8, instance_name='p25.txt');0.0;5.142715235706419e-05;2.7711688744602725e-05;0.12605628371238708
Data(x=[29, 7], edge_index=[2, 14], edge_attr=[14, 5], y=0.0, custom_label=0.0, min_label=0, max_label=8, instance_name='p25.txt');0.0;5.063167918706313e-05;3.7387508200481534e-05;6.252767889236566e-06
Data(x=[32, 7], edge_index=[2, 18], edge_attr=[18, 5], y=5.0, custom_label=0.625, min_label=0, max_label=8, instance_name='p25.txt');0.625;0.029171107336878777;0.02622729353606701;1.6836214854265563e-05
Data(x=[31, 7], edge_index=[2, 16], edge_attr=[16, 5], y=4.0, custom_label=0.5, min_label=0, max_label=8, instance_name='p25.txt');0.5;0.1437293440103531;0.17310753464698792;1.6836214854265563e-05
Data(x=[30, 7], edge_index=[2, 14], edge_attr=[14, 5], y=3.0, custom_label=0.375, min_label=0, max_label=8, instance_name='p25.txt');0.375;0.28958189487457275;0.31307610869407654;1.6836214854265563e-05
Data(x=[31, 7], edge_index=[2, 16], edge_attr=[16, 5], y=2.0, custom_label=0.25, min_label=0, max_label=8, instance_name='p25.txt');0.25;0.11261344701051712;0.09291937202215195;1.6836214854265563e-05
Data(x=[31, 7], edge_index=[2, 16], edge_attr=[16, 5], y=1.0, custom_label=0.125, min_label=0, max_label=8, instance_name='p25.txt');0.125;0.11261344701051712;0.09291937202215195;1.6836214854265563e-05
Data(x=[32, 7], edge_index=[2, 18], edge_attr=[18, 5], y=0.0, custom_label=0.0, min_label=0, max_label=8, instance_name='p25.txt');0.0;1.8625847587827593e-05;1.4362190995598212e-05;1.6836214854265563e-05
Data(x=[27, 7], edge_index=[2, 24], edge_attr=[24, 5], y=0.0, custom_label=0.0, min_label=0, max_label=8, instance_name='p25.txt');0.0;3.399631168576889e-05;0.00011684010678436607;2.2753611142798305e-17
Data(x=[30, 7], edge_index=[2, 16], edge_attr=[16, 5], y=0.0, custom_label=0.0, min_label=0, max_label=8, instance_name='p25.txt');0.0;6.43732346361503e-05;4.996763163944706e-05;4.857524800172541e-06
Data(x=[25, 7], edge_index=[2, 18], edge_attr=[18, 5], y=0.0, custom_label=0.0, min_label=0, max_label=8, instance_name='p25.txt');0.0;2.1257195840007626e-05;3.2613104849588126e-05;1.6836214854265563e-05
Data(x=[27, 7], edge_index=[2, 14], edge_attr=[14, 5], y=0.0, custom_label=0.0, min_label=0, max_label=8, instance_name='p25.txt');0.0;3.2363852369599044e-05;2.8913835194543935e-05;0.12605628371238708
Data(x=[29, 7], edge_index=[2, 16], edge_attr=[16, 5], y=0.0, custom_label=0.0, min_label=0, max_label=8, instance_name='p25.txt');0.0;8.57142913446296e-06;7.585809271404287e-06;0.12605628371238708
Data(x=[26, 7], edge_index=[2, 18], edge_attr=[18, 5], y=0.0, custom_label=0.0, min_label=0, max_label=8, instance_name='p25.txt');0.0;3.621709765866399e-06;5.171141310711391e-06;4.1228686313843355e-06
Data(x=[33, 7], edge_index=[2, 14], edge_attr=[14, 5], y=7.0, custom_label=0.875, min_label=0, max_label=8, instance_name='p25.txt');0.875;0.09754018485546112;0.07465023547410965;1.6133069948409684e-05
Data(x=[33, 7], edge_index=[2, 14], edge_attr=[14, 5], y=6.0, custom_label=0.75, min_label=0, max_label=8, instance_name='p25.txt');0.75;0.09754018485546112;0.07465023547410965;1.6133069948409684e-05
Data(x=[33, 7], edge_index=[2, 14], edge_attr=[14, 5], y=5.0, custom_label=0.625, min_label=0, max_label=8, instance_name='p25.txt');0.625;0.09754018485546112;0.07465023547410965;1.6133069948409684e-05
Data(x=[33, 7], edge_index=[2, 14], edge_attr=[14, 5], y=4.0, custom_label=0.5, min_label=0, max_label=8, instance_name='p25.txt');0.5;0.09754018485546112;0.07465023547410965;1.6133069948409684e-05
Data(x=[33, 7], edge_index=[2, 14], edge_attr=[14, 5], y=3.0, custom_label=0.375, min_label=0, max_label=8, instance_name='p25.txt');0.375;0.09754018485546112;0.07465023547410965;1.6133069948409684e-05
Data(x=[33, 7], edge_index=[2, 14], edge_attr=[14, 5], y=2.0, custom_label=0.25, min_label=0, max_label=8, instance_name='p25.txt');0.25;0.12417036294937134;0.16053099930286407;1.6133069948409684e-05
Data(x=[33, 7], edge_index=[2, 14], edge_attr=[14, 5], y=1.0, custom_label=0.125, min_label=0, max_label=8, instance_name='p25.txt');0.125;0.09754018485546112;0.07465023547410965;1.6133069948409684e-05
Data(x=[34, 7], edge_index=[2, 16], edge_attr=[16, 5], y=0.0, custom_label=0.0, min_label=0, max_label=8, instance_name='p25.txt');0.0;2.755497371254023e-05;1.5976351278368384e-05;1.6133069948409684e-05
Data(x=[22, 7], edge_index=[2, 14], edge_attr=[14, 5], y=0.0, custom_label=0.0, min_label=0, max_label=8, instance_name='p25.txt');0.0;7.55668861529557e-06;1.2395445082802325e-05;1.6836214854265563e-05
Data(x=[24, 7], edge_index=[2, 16], edge_attr=[16, 5], y=0.0, custom_label=0.0, min_label=0, max_label=8, instance_name='p25.txt');0.0;1.5215151506708935e-05;2.2566438929061405e-05;4.857524800172541e-06
Data(x=[29, 7], edge_index=[2, 12], edge_attr=[12, 5], y=0.0, custom_label=0.0, min_label=0, max_label=8, instance_name='p25.txt');0.0;4.874260412179865e-05;3.12161682813894e-05;0.12605628371238708
Data(x=[32, 7], edge_index=[2, 20], edge_attr=[20, 5], y=0.0, custom_label=0.0, min_label=0, max_label=8, instance_name='p25.txt');0.0;0.00013990102161187679;0.00022463344794232398;2.328730307546434e-12
Data(x=[27, 7], edge_index=[2, 14], edge_attr=[14, 5], y=6.0, custom_label=0.75, min_label=0, max_label=8, instance_name='p25.txt');0.75;0.111060731112957;0.10287877917289734;4.857524800172541e-06
Data(x=[26, 7], edge_index=[2, 12], edge_attr=[12, 5], y=5.0, custom_label=0.625, min_label=0, max_label=8, instance_name='p25.txt');0.625;0.13956418633460999;0.14498251676559448;4.857524800172541e-06
Data(x=[26, 7], edge_index=[2, 12], edge_attr=[12, 5], y=4.0, custom_label=0.5, min_label=0, max_label=8, instance_name='p25.txt');0.5;0.13956418633460999;0.14498251676559448;4.857524800172541e-06
Data(x=[26, 7], edge_index=[2, 12], edge_attr=[12, 5], y=3.0, custom_label=0.375, min_label=0, max_label=8, instance_name='p25.txt');0.375;0.13956418633460999;0.14498251676559448;4.857524800172541e-06
Data(x=[26, 7], edge_index=[2, 12], edge_attr=[12, 5], y=2.0, custom_label=0.25, min_label=0, max_label=8, instance_name='p25.txt');0.25;0.13956418633460999;0.14498251676559448;4.857524800172541e-06
Data(x=[26, 7], edge_index=[2, 12], edge_attr=[12, 5], y=1.0, custom_label=0.125, min_label=0, max_label=8, instance_name='p25.txt');0.125;0.13994166254997253;0.1540592610836029;4.857524800172541e-06
Data(x=[27, 7], edge_index=[2, 14], edge_attr=[14, 5], y=0.0, custom_label=0.0, min_label=0, max_label=8, instance_name='p25.txt');0.0;4.836279549635947e-05;9.209589188685641e-05;4.857524800172541e-06
Data(x=[29, 7], edge_index=[2, 18], edge_attr=[18, 5], y=0.0, custom_label=0.0, min_label=0, max_label=8, instance_name='p25.txt');0.0;8.899155545805115e-06;9.085541933018249e-06;9.294649078173123e-11
Data(x=[26, 7], edge_index=[2, 14], edge_attr=[14, 5], y=0.0, custom_label=0.0, min_label=0, max_label=8, instance_name='p25.txt');0.0;2.521748137951363e-05;2.5052784621948376e-05;0.12605628371238708
Data(x=[28, 7], edge_index=[2, 18], edge_attr=[18, 5], y=0.0, custom_label=0.0, min_label=0, max_label=8, instance_name='p25.txt');0.0;0.0001210551563417539;9.429603233002126e-05;0.12605628371238708
Data(x=[33, 7], edge_index=[2, 18], edge_attr=[18, 5], y=0.0, custom_label=0.0, min_label=0, max_label=8, instance_name='p25.txt');0.0;2.924461296061054e-05;1.6581854652031325e-05;1.6133069948409684e-05
Data(x=[30, 7], edge_index=[2, 18], edge_attr=[18, 5], y=0.0, custom_label=0.0, min_label=0, max_label=8, instance_name='p25.txt');0.0;9.615118324290961e-05;0.00016874121502041817;4.857524800172541e-06
Data(x=[30, 7], edge_index=[2, 22], edge_attr=[22, 5], y=2.0, custom_label=0.25, min_label=0, max_label=8, instance_name='p25.txt');0.25;0.06009326130151749;0.111969955265522;0.12605628371238708
Data(x=[29, 7], edge_index=[2, 20], edge_attr=[20, 5], y=1.0, custom_label=0.125, min_label=0, max_label=8, instance_name='p25.txt');0.125;0.15124750137329102;0.15867166221141815;3.5848398385448436e-16
Data(x=[30, 7], edge_index=[2, 22], edge_attr=[22, 5], y=0.0, custom_label=0.0, min_label=0, max_label=8, instance_name='p25.txt');0.0;2.4436139938188717e-05;6.596552702831104e-05;0.12605628371238708
Data(x=[23, 7], edge_index=[2, 18], edge_attr=[18, 5], y=0.0, custom_label=0.0, min_label=0, max_label=8, instance_name='p25.txt');0.0;1.1681706837407546e-06;2.540790319471853e-06;2.5695466587816185e-11
Data(x=[30, 7], edge_index=[2, 16], edge_attr=[16, 5], y=0.0, custom_label=0.0, min_label=0, max_label=8, instance_name='p25.txt');0.0;1.1154525964229833e-05;8.980960956250783e-06;1.272016470466042e-05
Data(x=[28, 7], edge_index=[2, 16], edge_attr=[16, 5], y=1.0, custom_label=0.125, min_label=0, max_label=8, instance_name='p25.txt');0.125;0.17278192937374115;0.158571258187294;6.252767889236566e-06
Data(x=[29, 7], edge_index=[2, 18], edge_attr=[18, 5], y=0.0, custom_label=0.0, min_label=0, max_label=8, instance_name='p25.txt');0.0;5.4800097132101655e-05;5.363133459468372e-05;4.678575714933686e-05
Data(x=[29, 7], edge_index=[2, 18], edge_attr=[18, 5], y=0.0, custom_label=0.0, min_label=0, max_label=8, instance_name='p25.txt');0.0;8.899155545805115e-06;9.085541933018249e-06;0.12605628371238708
Data(x=[28, 7], edge_index=[2, 14], edge_attr=[14, 5], y=6.0, custom_label=0.75, min_label=0, max_label=8, instance_name='p25.txt');0.75;0.15372444689273834;0.15864457190036774;0.12605628371238708
Data(x=[28, 7], edge_index=[2, 14], edge_attr=[14, 5], y=5.0, custom_label=0.625, min_label=0, max_label=8, instance_name='p25.txt');0.625;0.15372444689273834;0.15864455699920654;0.12605628371238708
Data(x=[28, 7], edge_index=[2, 14], edge_attr=[14, 5], y=4.0, custom_label=0.5, min_label=0, max_label=8, instance_name='p25.txt');0.5;0.15372444689273834;0.15864457190036774;0.12605628371238708
Data(x=[28, 7], edge_index=[2, 14], edge_attr=[14, 5], y=3.0, custom_label=0.375, min_label=0, max_label=8, instance_name='p25.txt');0.375;0.15372444689273834;0.15864455699920654;0.12605628371238708
Data(x=[28, 7], edge_index=[2, 14], edge_attr=[14, 5], y=2.0, custom_label=0.25, min_label=0, max_label=8, instance_name='p25.txt');0.25;0.15372444689273834;0.15864457190036774;0.12605628371238708
Data(x=[28, 7], edge_index=[2, 14], edge_attr=[14, 5], y=1.0, custom_label=0.125, min_label=0, max_label=8, instance_name='p25.txt');0.125;0.15372444689273834;0.15864457190036774;0.12605628371238708
Data(x=[29, 7], edge_index=[2, 16], edge_attr=[16, 5], y=0.0, custom_label=0.0, min_label=0, max_label=8, instance_name='p25.txt');0.0;5.2678944484796375e-05;4.47787570010405e-05;0.12605628371238708
Data(x=[34, 7], edge_index=[2, 18], edge_attr=[18, 5], y=1.0, custom_label=0.125, min_label=0, max_label=8, instance_name='p25.txt');0.125;0.02851819433271885;0.021938804537057877;2.5695466587816185e-11
Data(x=[34, 7], edge_index=[2, 18], edge_attr=[18, 5], y=0.0, custom_label=0.0, min_label=0, max_label=8, instance_name='p25.txt');0.0;3.564975850167684e-05;1.8807857486535795e-05;2.5695466587816185e-11
Data(x=[28, 7], edge_index=[2, 10], edge_attr=[10, 5], y=5.0, custom_label=0.625, min_label=0, max_label=8, instance_name='p25.txt');0.625;0.29799631237983704;0.3455324172973633;0.12605628371238708
Data(x=[29, 7], edge_index=[2, 12], edge_attr=[12, 5], y=4.0, custom_label=0.5, min_label=0, max_label=8, instance_name='p25.txt');0.5;0.131832093000412;0.13941429555416107;0.12605628371238708
Data(x=[28, 7], edge_index=[2, 10], edge_attr=[10, 5], y=3.0, custom_label=0.375, min_label=0, max_label=8, instance_name='p25.txt');0.375;0.29799628257751465;0.34553247690200806;0.12605628371238708
Data(x=[29, 7], edge_index=[2, 12], edge_attr=[12, 5], y=2.0, custom_label=0.25, min_label=0, max_label=8, instance_name='p25.txt');0.25;0.131832093000412;0.13941432535648346;0.12605628371238708
Data(x=[29, 7], edge_index=[2, 12], edge_attr=[12, 5], y=1.0, custom_label=0.125, min_label=0, max_label=8, instance_name='p25.txt');0.125;0.131832093000412;0.13941429555416107;0.12605628371238708
Data(x=[30, 7], edge_index=[2, 14], edge_attr=[14, 5], y=0.0, custom_label=0.0, min_label=0, max_label=8, instance_name='p25.txt');0.0;6.203103112056851e-05;4.1971532482421026e-05;0.12605628371238708
Data(x=[31, 7], edge_index=[2, 18], edge_attr=[18, 5], y=0.0, custom_label=0.0, min_label=0, max_label=6, instance_name='p26.txt');0.0;1.4785438906983472e-05;1.2451103430066723e-05;0.12605628371238708
Data(x=[27, 7], edge_index=[2, 12], edge_attr=[12, 5], y=0.0, custom_label=0.0, min_label=0, max_label=6, instance_name='p26.txt');0.0;3.1008388759801164e-05;2.382072307227645e-05;0.12605628371238708
Data(x=[27, 7], edge_index=[2, 16], edge_attr=[16, 5], y=0.0, custom_label=0.0, min_label=0, max_label=6, instance_name='p26.txt');0.0;4.7871667447907384e-06;5.212727955949958e-06;0.12605628371238708
Data(x=[25, 7], edge_index=[2, 18], edge_attr=[18, 5], y=0.0, custom_label=0.0, min_label=0, max_label=6, instance_name='p26.txt');0.0;2.5595118131604977e-06;4.158566298428923e-06;2.1275368619622093e-11
Data(x=[30, 7], edge_index=[2, 16], edge_attr=[16, 5], y=0.0, custom_label=0.0, min_label=0, max_label=6, instance_name='p26.txt');0.0;6.437330011976883e-05;4.9967678933171555e-05;0.12605628371238708
Data(x=[24, 7], edge_index=[2, 12], edge_attr=[12, 5], y=2.0, custom_label=0.33333334, min_label=0, max_label=6, instance_name='p26.txt');0.3333333432674408;0.12467993795871735;0.17508447170257568;4.857524800172541e-06
Data(x=[24, 7], edge_index=[2, 12], edge_attr=[12, 5], y=1.0, custom_label=0.16666667, min_label=0, max_label=6, instance_name='p26.txt');0.1666666716337204;0.10293655842542648;0.10889087617397308;4.857524800172541e-06
Data(x=[25, 7], edge_index=[2, 14], edge_attr=[14, 5], y=0.0, custom_label=0.0, min_label=0, max_label=6, instance_name='p26.txt');0.0;2.3346358375420095e-06;2.73636374004127e-06;4.857524800172541e-06
Data(x=[25, 7], edge_index=[2, 14], edge_attr=[14, 5], y=0.0, custom_label=0.0, min_label=0, max_label=6, instance_name='p26.txt');0.0;1.9265453374828212e-05;2.1459802155732177e-05;4.678575714933686e-05
Data(x=[31, 7], edge_index=[2, 16], edge_attr=[16, 5], y=0.0, custom_label=0.0, min_label=0, max_label=6, instance_name='p26.txt');0.0;1.8306893252884038e-05;1.0625270078890026e-05;1.173686541733332e-05
Data(x=[26, 7], edge_index=[2, 14], edge_attr=[14, 5], y=0.0, custom_label=0.0, min_label=0, max_label=6, instance_name='p26.txt');0.0;2.521748137951363e-05;2.5052784621948376e-05;0.12605628371238708
Data(x=[29, 7], edge_index=[2, 20], edge_attr=[20, 5], y=0.0, custom_label=0.0, min_label=0, max_label=6, instance_name='p26.txt');0.0;5.7006549468496814e-05;6.423379818443209e-05;1.6133069948409684e-05
Data(x=[30, 7], edge_index=[2, 16], edge_attr=[16, 5], y=0.0, custom_label=0.0, min_label=0, max_label=6, instance_name='p26.txt');0.0;1.1154525964229833e-05;8.980969141703099e-06;8.034736070916537e-12
Data(x=[26, 7], edge_index=[2, 14], edge_attr=[14, 5], y=0.0, custom_label=0.0, min_label=0, max_label=6, instance_name='p26.txt');0.0;3.3151088700833498e-06;3.4578549730213126e-06;0.12605628371238708
Data(x=[27, 7], edge_index=[2, 12], edge_attr=[12, 5], y=0.0, custom_label=0.0, min_label=0, max_label=6, instance_name='p26.txt');0.0;4.106778942514211e-05;2.4101047529256903e-05;0.12605628371238708
Data(x=[28, 7], edge_index=[2, 16], edge_attr=[16, 5], y=0.0, custom_label=0.0, min_label=0, max_label=6, instance_name='p26.txt');0.0;6.470129847002681e-06;6.330571522994433e-06;4.678575714933686e-05
Data(x=[34, 7], edge_index=[2, 18], edge_attr=[18, 5], y=0.0, custom_label=0.0, min_label=0, max_label=6, instance_name='p26.txt');0.0;2.841884816007223e-05;1.863389479694888e-05;4.678575714933686e-05
Data(x=[33, 7], edge_index=[2, 16], edge_attr=[16, 5], y=0.0, custom_label=0.0, min_label=0, max_label=6, instance_name='p26.txt');0.0;0.00010986084816977382;6.671486335108057e-05;0.12605628371238708
Data(x=[29, 7], edge_index=[2, 14], edge_attr=[14, 5], y=0.0, custom_label=0.0, min_label=0, max_label=6, instance_name='p26.txt');0.0;8.253464329754934e-06;6.333632427413249e-06;4.678575714933686e-05
Data(x=[26, 7], edge_index=[2, 18], edge_attr=[18, 5], y=0.0, custom_label=0.0, min_label=0, max_label=6, instance_name='p26.txt');0.0;8.134786185109988e-05;7.753366662655026e-05;9.477769284183587e-19
Data(x=[29, 7], edge_index=[2, 18], edge_attr=[18, 5], y=0.0, custom_label=0.0, min_label=0, max_label=6, instance_name='p26.txt');0.0;5.4800046200398356e-05;5.363133459468372e-05;1.6836214854265563e-05
Data(x=[26, 7], edge_index=[2, 16], edge_attr=[16, 5], y=0.0, custom_label=0.0, min_label=0, max_label=6, instance_name='p26.txt');0.0;3.4656991374504287e-06;4.228600118949544e-06;0.12605628371238708
Data(x=[28, 7], edge_index=[2, 18], edge_attr=[18, 5], y=2.0, custom_label=0.33333334, min_label=0, max_label=6, instance_name='p26.txt');0.3333333432674408;0.134463369846344;0.11997011303901672;1.7200447880241776e-12
Data(x=[27, 7], edge_index=[2, 16], edge_attr=[16, 5], y=1.0, custom_label=0.16666667, min_label=0, max_label=6, instance_name='p26.txt');0.1666666716337204;0.17743588984012604;0.1608976274728775;1.7200447880241776e-12
Data(x=[28, 7], edge_index=[2, 18], edge_attr=[18, 5], y=0.0, custom_label=0.0, min_label=0, max_label=6, instance_name='p26.txt');0.0;4.429145701578818e-05;4.799528687726706e-05;1.7200447880241776e-12
Data(x=[30, 7], edge_index=[2, 18], edge_attr=[18, 5], y=0.0, custom_label=0.0, min_label=0, max_label=6, instance_name='p26.txt');0.0;6.685166590614244e-05;5.9487108956091106e-05;2.1934608643303655e-11
Data(x=[27, 7], edge_index=[2, 14], edge_attr=[14, 5], y=3.0, custom_label=0.5, min_label=0, max_label=6, instance_name='p26.txt');0.5;0.111060731112957;0.10287877917289734;4.678575714933686e-05
Data(x=[27, 7], edge_index=[2, 14], edge_attr=[14, 5], y=2.0, custom_label=0.33333334, min_label=0, max_label=6, instance_name='p26.txt');0.3333333432674408;0.1367531567811966;0.17551454901695251;4.678575714933686e-05
Data(x=[27, 7], edge_index=[2, 14], edge_attr=[14, 5], y=1.0, custom_label=0.16666667, min_label=0, max_label=6, instance_name='p26.txt');0.1666666716337204;0.11588606983423233;0.13675875961780548;0.12605628371238708
Data(x=[28, 7], edge_index=[2, 16], edge_attr=[16, 5], y=0.0, custom_label=0.0, min_label=0, max_label=6, instance_name='p26.txt');0.0;6.470123025792418e-06;6.330571522994433e-06;4.678575714933686e-05
Data(x=[25, 7], edge_index=[2, 16], edge_attr=[16, 5], y=0.0, custom_label=0.0, min_label=0, max_label=6, instance_name='p26.txt');0.0;2.4449486772937234e-06;3.373331310285721e-06;1.7875961128011042e-11
Data(x=[32, 7], edge_index=[2, 20], edge_attr=[20, 5], y=0.0, custom_label=0.0, min_label=0, max_label=6, instance_name='p26.txt');0.0;2.4483775632688776e-05;1.708093441266101e-05;6.252767889236566e-06
Data(x=[31, 7], edge_index=[2, 18], edge_attr=[18, 5], y=0.0, custom_label=0.0, min_label=0, max_label=6, instance_name='p26.txt');0.0;1.894439810712356e-05;1.257864096260164e-05;4.857524800172541e-06
Data(x=[24, 7], edge_index=[2, 14], edge_attr=[14, 5], y=0.0, custom_label=0.0, min_label=0, max_label=6, instance_name='p26.txt');0.0;1.5967997342158924e-06;2.1235850908851717e-06;0.12605628371238708
Data(x=[30, 7], edge_index=[2, 12], edge_attr=[12, 5], y=0.0, custom_label=0.0, min_label=0, max_label=6, instance_name='p26.txt');0.0;5.980528658255935e-05;3.525487409206107e-05;0.12605628371238708
Data(x=[28, 7], edge_index=[2, 16], edge_attr=[16, 5], y=0.0, custom_label=0.0, min_label=0, max_label=6, instance_name='p26.txt');0.0;6.470123025792418e-06;6.330571522994433e-06;6.252767889236566e-06
Data(x=[23, 7], edge_index=[2, 14], edge_attr=[14, 5], y=0.0, custom_label=0.0, min_label=0, max_label=6, instance_name='p26.txt');0.0;1.0598128937999718e-05;1.512260041636182e-05;4.678575714933686e-05
Data(x=[23, 7], edge_index=[2, 16], edge_attr=[16, 5], y=0.0, custom_label=0.0, min_label=0, max_label=6, instance_name='p26.txt');0.0;1.1111758340121014e-06;2.023859451583121e-06;3.764807843253948e-05
Data(x=[29, 7], edge_index=[2, 18], edge_attr=[18, 5], y=0.0, custom_label=0.0, min_label=0, max_label=6, instance_name='p26.txt');0.0;8.899155545805115e-06;9.085541933018249e-06;0.12605628371238708
Data(x=[27, 7], edge_index=[2, 18], edge_attr=[18, 5], y=0.0, custom_label=0.0, min_label=0, max_label=6, instance_name='p26.txt');0.0;9.996901644626632e-05;8.581559086451307e-05;1.6133069948409684e-05
Data(x=[31, 7], edge_index=[2, 14], edge_attr=[14, 5], y=0.0, custom_label=0.0, min_label=0, max_label=6, instance_name='p26.txt');0.0;7.50233739381656e-05;4.676734170061536e-05;1.6133069948409684e-05
Data(x=[26, 7], edge_index=[2, 16], edge_attr=[16, 5], y=0.0, custom_label=0.0, min_label=0, max_label=6, instance_name='p26.txt');0.0;3.4656991374504287e-06;4.228600118949544e-06;2.1923149060021352e-11
Data(x=[28, 7], edge_index=[2, 12], edge_attr=[12, 5], y=0.0, custom_label=0.0, min_label=0, max_label=6, instance_name='p26.txt');0.0;3.9157082937890664e-05;2.7400863473303616e-05;1.6133069948409684e-05
Data(x=[24, 7], edge_index=[2, 18], edge_attr=[18, 5], y=0.0, custom_label=0.0, min_label=0, max_label=6, instance_name='p26.txt');0.0;4.071689545526169e-06;2.0649655198212713e-05;0.12605628371238708
Data(x=[20, 7], edge_index=[2, 18], edge_attr=[18, 5], y=0.0, custom_label=0.0, min_label=0, max_label=6, instance_name='p26.txt');0.0;2.7449652861832874e-07;1.0087082955578808e-06;2.3712780002612744e-17
Data(x=[28, 7], edge_index=[2, 16], edge_attr=[16, 5], y=0.0, custom_label=0.0, min_label=0, max_label=6, instance_name='p26.txt');0.0;4.251707287039608e-05;3.98156262235716e-05;0.12605628371238708
Data(x=[25, 7], edge_index=[2, 14], edge_attr=[14, 5], y=0.0, custom_label=0.0, min_label=0, max_label=6, instance_name='p26.txt');0.0;1.9265453374828212e-05;2.1459820345626213e-05;1.6133069948409684e-05
Data(x=[33, 7], edge_index=[2, 22], edge_attr=[22, 5], y=0.0, custom_label=0.0, min_label=0, max_label=6, instance_name='p26.txt');0.0;0.00028582458617165685;0.0001903708471218124;6.252767889236566e-06
Data(x=[28, 7], edge_index=[2, 18], edge_attr=[18, 5], y=0.0, custom_label=0.0, min_label=0, max_label=6, instance_name='p26.txt');0.0;6.733536338288104e-06;7.631150765519124e-06;4.678575714933686e-05
Data(x=[31, 7], edge_index=[2, 20], edge_attr=[20, 5], y=0.0, custom_label=0.0, min_label=0, max_label=6, instance_name='p26.txt');0.0;3.822163853328675e-05;2.7128533474751748e-05;0.12605628371238708
Data(x=[29, 7], edge_index=[2, 18], edge_attr=[18, 5], y=0.0, custom_label=0.0, min_label=0, max_label=6, instance_name='p26.txt');0.0;8.899155545805115e-06;9.085541933018249e-06;4.658041689253878e-06
Data(x=[32, 7], edge_index=[2, 20], edge_attr=[20, 5], y=0.0, custom_label=0.0, min_label=0, max_label=6, instance_name='p26.txt');0.0;1.922273077070713e-05;1.6913138097152114e-05;0.12605628371238708
Data(x=[25, 7], edge_index=[2, 14], edge_attr=[14, 5], y=4.0, custom_label=0.6666667, min_label=0, max_label=6, instance_name='p26.txt');0.6666666865348816;0.029721848666667938;0.0406157448887825;0.12605628371238708
Data(x=[24, 7], edge_index=[2, 12], edge_attr=[12, 5], y=3.0, custom_label=0.5, min_label=0, max_label=6, instance_name='p26.txt');0.5;0.10293655842542648;0.10889087617397308;0.12605628371238708
Data(x=[24, 7], edge_index=[2, 12], edge_attr=[12, 5], y=2.0, custom_label=0.33333334, min_label=0, max_label=6, instance_name='p26.txt');0.3333333432674408;0.12467995285987854;0.17508447170257568;0.12605628371238708
Data(x=[24, 7], edge_index=[2, 12], edge_attr=[12, 5], y=1.0, custom_label=0.16666667, min_label=0, max_label=6, instance_name='p26.txt');0.1666666716337204;0.10606306791305542;0.13246555626392365;0.12605628371238708
Data(x=[25, 7], edge_index=[2, 14], edge_attr=[14, 5], y=0.0, custom_label=0.0, min_label=0, max_label=6, instance_name='p26.txt');0.0;2.3346358375420095e-06;2.73636374004127e-06;0.12605628371238708
Data(x=[28, 7], edge_index=[2, 22], edge_attr=[22, 5], y=6.0, custom_label=1.0, min_label=0, max_label=6, instance_name='p26.txt');1.0;0.18992020189762115;0.20149025321006775;0.12605628371238708
Data(x=[28, 7], edge_index=[2, 22], edge_attr=[22, 5], y=5.0, custom_label=0.8333333, min_label=0, max_label=6, instance_name='p26.txt');0.8333333134651184;0.18992018699645996;0.20149025321006775;0.12605628371238708
Data(x=[28, 7], edge_index=[2, 22], edge_attr=[22, 5], y=4.0, custom_label=0.6666667, min_label=0, max_label=6, instance_name='p26.txt');0.6666666865348816;0.18992021679878235;0.20149025321006775;0.12605628371238708
Data(x=[28, 7], edge_index=[2, 22], edge_attr=[22, 5], y=3.0, custom_label=0.5, min_label=0, max_label=6, instance_name='p26.txt');0.5;0.18893550336360931;0.2532140612602234;0.12605628371238708
Data(x=[28, 7], edge_index=[2, 22], edge_attr=[22, 5], y=2.0, custom_label=0.33333334, min_label=0, max_label=6, instance_name='p26.txt');0.3333333432674408;0.18992020189762115;0.20149025321006775;0.12605628371238708
Data(x=[28, 7], edge_index=[2, 22], edge_attr=[22, 5], y=1.0, custom_label=0.16666667, min_label=0, max_label=6, instance_name='p26.txt');0.1666666716337204;0.18992018699645996;0.20149025321006775;0.12605628371238708
Data(x=[28, 7], edge_index=[2, 18], edge_attr=[18, 5], y=0.0, custom_label=0.0, min_label=0, max_label=6, instance_name='p26.txt');0.0;0.0001210551563417539;9.429593046661466e-05;0.12605628371238708
Data(x=[32, 7], edge_index=[2, 16], edge_attr=[16, 5], y=0.0, custom_label=0.0, min_label=0, max_label=6, instance_name='p26.txt');0.0;9.28536246647127e-05;6.0952854255447164e-05;1.6836214854265563e-05
Data(x=[26, 7], edge_index=[2, 12], edge_attr=[12, 5], y=0.0, custom_label=0.0, min_label=0, max_label=6, instance_name='p26.txt');0.0;2.4121578462654725e-05;2.0486499124672264e-05;0.12605628371238708
Data(x=[30, 7], edge_index=[2, 24], edge_attr=[24, 5], y=0.0, custom_label=0.0, min_label=0, max_label=6, instance_name='p26.txt');0.0;8.521101699443534e-05;6.364624277921394e-05;0.12605628371238708
Data(x=[27, 7], edge_index=[2, 12], edge_attr=[12, 5], y=2.0, custom_label=0.33333334, min_label=0, max_label=6, instance_name='p26.txt');0.3333333432674408;0.09772980958223343;0.09241224080324173;1.6133069948409684e-05
Data(x=[26, 7], edge_index=[2, 10], edge_attr=[10, 5], y=1.0, custom_label=0.16666667, min_label=0, max_label=6, instance_name='p26.txt');0.1666666716337204;0.1208583265542984;0.1364240050315857;1.6133069948409684e-05
Data(x=[27, 7], edge_index=[2, 12], edge_attr=[12, 5], y=0.0, custom_label=0.0, min_label=0, max_label=6, instance_name='p26.txt');0.0;4.106778942514211e-05;2.4101047529256903e-05;0.12605628371238708
Data(x=[24, 7], edge_index=[2, 16], edge_attr=[16, 5], y=0.0, custom_label=0.0, min_label=0, max_label=6, instance_name='p26.txt');0.0;3.8803423194622155e-06;1.66051322594285e-05;0.12605628371238708
Data(x=[30, 7], edge_index=[2, 16], edge_attr=[16, 5], y=0.0, custom_label=0.0, min_label=0, max_label=6, instance_name='p26.txt');0.0;1.1154525964229833e-05;8.980960956250783e-06;1.643547277441204e-11
Data(x=[26, 7], edge_index=[2, 20], edge_attr=[20, 5], y=0.0, custom_label=0.0, min_label=0, max_label=6, instance_name='p26.txt');0.0;8.517292008036748e-05;9.481412416789681e-05;6.252767889236566e-06
Data(x=[33, 7], edge_index=[2, 18], edge_attr=[18, 5], y=6.0, custom_label=1.0, min_label=0, max_label=6, instance_name='p26.txt');1.0;0.1332286149263382;0.10470022261142731;4.2276145625123627e-17
Data(x=[33, 7], edge_index=[2, 18], edge_attr=[18, 5], y=5.0, custom_label=0.8333333, min_label=0, max_label=6, instance_name='p26.txt');0.8333333134651184;0.1332286149263382;0.10470022261142731;4.2276145625123627e-17
Data(x=[33, 7], edge_index=[2, 18], edge_attr=[18, 5], y=4.0, custom_label=0.6666667, min_label=0, max_label=6, instance_name='p26.txt');0.6666666865348816;0.13423635065555573;0.13319304585456848;4.2276145625123627e-17
Data(x=[33, 7], edge_index=[2, 18], edge_attr=[18, 5], y=3.0, custom_label=0.5, min_label=0, max_label=6, instance_name='p26.txt');0.5;0.133228600025177;0.10470020771026611;4.2276145625123627e-17
Data(x=[33, 7], edge_index=[2, 18], edge_attr=[18, 5], y=2.0, custom_label=0.33333334, min_label=0, max_label=6, instance_name='p26.txt');0.3333333432674408;0.14813508093357086;0.1746765673160553;4.2276145625123627e-17
Data(x=[33, 7], edge_index=[2, 18], edge_attr=[18, 5], y=1.0, custom_label=0.16666667, min_label=0, max_label=6, instance_name='p26.txt');0.1666666716337204;0.133228600025177;0.10470020771026611;4.2276145625123627e-17
Data(x=[34, 7], edge_index=[2, 20], edge_attr=[20, 5], y=0.0, custom_label=0.0, min_label=0, max_label=6, instance_name='p26.txt');0.0;6.762757402611896e-05;3.790327536989935e-05;4.2276145625123627e-17
Data(x=[33, 7], edge_index=[2, 20], edge_attr=[20, 5], y=0.0, custom_label=0.0, min_label=0, max_label=6, instance_name='p26.txt');0.0;3.0188764867489226e-05;1.943053757713642e-05;2.1934608643303655e-11
Data(x=[28, 7], edge_index=[2, 14], edge_attr=[14, 5], y=0.0, custom_label=0.0, min_label=0, max_label=6, instance_name='p26.txt');0.0;6.221700459718704e-06;5.251647962722927e-06;1.6836214854265563e-05
Data(x=[34, 7], edge_index=[2, 18], edge_attr=[18, 5], y=0.0, custom_label=0.0, min_label=0, max_label=6, instance_name='p26.txt');0.0;2.841884816007223e-05;1.863389479694888e-05;0.12605628371238708
Data(x=[30, 7], edge_index=[2, 14], edge_attr=[14, 5], y=0.0, custom_label=0.0, min_label=0, max_label=6, instance_name='p26.txt');0.0;6.203103112056851e-05;4.1971532482421026e-05;1.7093715332094916e-10
Data(x=[28, 7], edge_index=[2, 16], edge_attr=[16, 5], y=0.0, custom_label=0.0, min_label=0, max_label=6, instance_name='p26.txt');0.0;6.470123025792418e-06;6.330571522994433e-06;0.12605628371238708
Data(x=[26, 7], edge_index=[2, 14], edge_attr=[14, 5], y=0.0, custom_label=0.0, min_label=0, max_label=6, instance_name='p26.txt');0.0;3.82634716515895e-05;8.343427907675505e-05;0.12605628371238708
Data(x=[29, 7], edge_index=[2, 16], edge_attr=[16, 5], y=0.0, custom_label=0.0, min_label=0, max_label=6, instance_name='p26.txt');0.0;5.2678944484796375e-05;4.47787570010405e-05;2.1934608643303655e-11
Data(x=[30, 7], edge_index=[2, 16], edge_attr=[16, 5], y=0.0, custom_label=0.0, min_label=0, max_label=6, instance_name='p26.txt');0.0;6.437330011976883e-05;4.9967678933171555e-05;0.12605628371238708
Data(x=[24, 7], edge_index=[2, 18], edge_attr=[18, 5], y=0.0, custom_label=0.0, min_label=0, max_label=6, instance_name='p26.txt');0.0;5.679525656887563e-06;7.221264240797609e-06;0.12605628371238708
Data(x=[20, 7], edge_index=[2, 14], edge_attr=[14, 5], y=0.0, custom_label=0.0, min_label=0, max_label=6, instance_name='p26.txt');0.0;3.47606987816107e-06;7.845573236409109e-06;1.6133069948409684e-05
Data(x=[25, 7], edge_index=[2, 16], edge_attr=[16, 5], y=0.0, custom_label=0.0, min_label=0, max_label=6, instance_name='p26.txt');0.0;2.4449486772937234e-06;3.373331310285721e-06;0.12605628371238708
Data(x=[30, 7], edge_index=[2, 14], edge_attr=[14, 5], y=3.0, custom_label=0.5, min_label=0, max_label=6, instance_name='p26.txt');0.5;0.10399652272462845;0.0891931876540184;1.272016470466042e-05
Data(x=[30, 7], edge_index=[2, 14], edge_attr=[14, 5], y=2.0, custom_label=0.33333334, min_label=0, max_label=6, instance_name='p26.txt');0.3333333432674408;0.10399652272462845;0.0891931876540184;1.272016470466042e-05
Data(x=[30, 7], edge_index=[2, 14], edge_attr=[14, 5], y=1.0, custom_label=0.16666667, min_label=0, max_label=6, instance_name='p26.txt');0.1666666716337204;0.10399652272462845;0.0891931876540184;1.272016470466042e-05
Data(x=[31, 7], edge_index=[2, 16], edge_attr=[16, 5], y=0.0, custom_label=0.0, min_label=0, max_label=6, instance_name='p26.txt');0.0;1.4285817997006234e-05;1.0517548616917338e-05;1.173686541733332e-05
Data(x=[30, 7], edge_index=[2, 18], edge_attr=[18, 5], y=0.0, custom_label=0.0, min_label=0, max_label=6, instance_name='p26.txt');0.0;1.155757036030991e-05;1.0692020623537246e-05;2.328730307546434e-12
Data(x=[27, 7], edge_index=[2, 16], edge_attr=[16, 5], y=0.0, custom_label=0.0, min_label=0, max_label=6, instance_name='p26.txt');0.0;4.7871667447907384e-06;5.212727955949958e-06;0.12605628371238708
Data(x=[34, 7], edge_index=[2, 18], edge_attr=[18, 5], y=0.0, custom_label=0.0, min_label=0, max_label=6, instance_name='p26.txt');0.0;3.5649791243486106e-05;1.8807857486535795e-05;4.678575714933686e-05
Data(x=[35, 7], edge_index=[2, 20], edge_attr=[20, 5], y=0.0, custom_label=0.0, min_label=0, max_label=6, instance_name='p26.txt');0.0;6.376812234520912e-05;8.598753629485145e-05;0.12605628371238708
Data(x=[29, 7], edge_index=[2, 10], edge_attr=[10, 5], y=6.0, custom_label=1.0, min_label=0, max_label=6, instance_name='p26.txt');1.0;0.11588475108146667;0.12835170328617096;0.12605628371238708
Data(x=[29, 7], edge_index=[2, 10], edge_attr=[10, 5], y=5.0, custom_label=0.8333333, min_label=0, max_label=6, instance_name='p26.txt');0.8333333134651184;0.11588475108146667;0.12835170328617096;0.12605628371238708
Data(x=[29, 7], edge_index=[2, 10], edge_attr=[10, 5], y=4.0, custom_label=0.6666667, min_label=0, max_label=6, instance_name='p26.txt');0.6666666865348816;0.11588475108146667;0.12835170328617096;0.12605628371238708
Data(x=[29, 7], edge_index=[2, 10], edge_attr=[10, 5], y=3.0, custom_label=0.5, min_label=0, max_label=6, instance_name='p26.txt');0.5;0.11588475108146667;0.12835170328617096;0.12605628371238708
Data(x=[29, 7], edge_index=[2, 10], edge_attr=[10, 5], y=2.0, custom_label=0.33333334, min_label=0, max_label=6, instance_name='p26.txt');0.3333333432674408;0.11588475108146667;0.12835170328617096;0.12605628371238708
Data(x=[29, 7], edge_index=[2, 10], edge_attr=[10, 5], y=1.0, custom_label=0.16666667, min_label=0, max_label=6, instance_name='p26.txt');0.1666666716337204;0.11588475108146667;0.12835170328617096;0.12605628371238708
Data(x=[30, 7], edge_index=[2, 12], edge_attr=[12, 5], y=0.0, custom_label=0.0, min_label=0, max_label=6, instance_name='p26.txt');0.0;5.9805341152241454e-05;3.5254906833870336e-05;0.12605628371238708
Data(x=[36, 7], edge_index=[2, 40], edge_attr=[40, 5], y=0.0, custom_label=0.0, min_label=0, max_label=13, instance_name='p27.txt');0.0;0.000217593798879534;0.013479018583893776;4.857524800172541e-06
Data(x=[34, 7], edge_index=[2, 24], edge_attr=[24, 5], y=0.0, custom_label=0.0, min_label=0, max_label=13, instance_name='p27.txt');0.0;1.7696294207780738e-06;2.0048241822223645e-06;1.7200447880241776e-12
Data(x=[35, 7], edge_index=[2, 24], edge_attr=[24, 5], y=0.0, custom_label=0.0, min_label=0, max_label=13, instance_name='p27.txt');0.0;2.541112507969956e-06;5.829979727423051e-06;4.678575714933686e-05
Data(x=[30, 7], edge_index=[2, 24], edge_attr=[24, 5], y=0.0, custom_label=0.0, min_label=0, max_label=13, instance_name='p27.txt');0.0;3.935788868147938e-07;8.455857596345595e-07;6.252767889236566e-06
Data(x=[33, 7], edge_index=[2, 18], edge_attr=[18, 5], y=1.0, custom_label=0.07692308, min_label=0, max_label=13, instance_name='p27.txt');0.07692307978868484;0.0012706461129710078;0.0015150164254009724;0.12605628371238708
Data(x=[33, 7], edge_index=[2, 18], edge_attr=[18, 5], y=0.0, custom_label=0.0, min_label=0, max_label=13, instance_name='p27.txt');0.0;9.534368814456684e-07;1.0166962738367147e-06;0.12605628371238708
Data(x=[30, 7], edge_index=[2, 22], edge_attr=[22, 5], y=0.0, custom_label=0.0, min_label=0, max_label=13, instance_name='p27.txt');0.0;5.428595954981574e-07;2.0149541342107113e-06;2.5695466587816185e-11
Data(x=[34, 7], edge_index=[2, 26], edge_attr=[26, 5], y=0.0, custom_label=0.0, min_label=0, max_label=13, instance_name='p27.txt');0.0;7.078480734890036e-07;8.886492537385493e-07;1.6836214854265563e-05
Data(x=[33, 7], edge_index=[2, 24], edge_attr=[24, 5], y=0.0, custom_label=0.0, min_label=0, max_label=13, instance_name='p27.txt');0.0;2.1276484574173082e-07;3.436593658534548e-07;6.852552379699173e-12
Data(x=[33, 7], edge_index=[2, 30], edge_attr=[30, 5], y=4.0, custom_label=0.30769232, min_label=0, max_label=13, instance_name='p27.txt');0.3076923191547394;0.0013566057896241546;0.005543210078030825;9.30317395912267e-35
Data(x=[32, 7], edge_index=[2, 28], edge_attr=[28, 5], y=3.0, custom_label=0.23076923, min_label=0, max_label=13, instance_name='p27.txt');0.23076923191547394;0.021513069048523903;0.10577205568552017;9.477769284183587e-19
Data(x=[32, 7], edge_index=[2, 28], edge_attr=[28, 5], y=2.0, custom_label=0.15384616, min_label=0, max_label=13, instance_name='p27.txt');0.1538461595773697;0.006331618409603834;0.024089640006422997;9.30317395912267e-35
Data(x=[32, 7], edge_index=[2, 28], edge_attr=[28, 5], y=1.0, custom_label=0.07692308, min_label=0, max_label=13, instance_name='p27.txt');0.07692307978868484;0.006331621669232845;0.024089640006422997;9.30317395912267e-35
Data(x=[32, 7], edge_index=[2, 26], edge_attr=[26, 5], y=0.0, custom_label=0.0, min_label=0, max_label=13, instance_name='p27.txt');0.0;1.9398150925553637e-06;2.8303741146373795e-06;4.677407480367601e-22
Data(x=[33, 7], edge_index=[2, 24], edge_attr=[24, 5], y=0.0, custom_label=0.0, min_label=0, max_label=13, instance_name='p27.txt');0.0;2.4838250283210073e-06;2.9014956908213207e-06;4.857524800172541e-06
Data(x=[32, 7], edge_index=[2, 22], edge_attr=[22, 5], y=0.0, custom_label=0.0, min_label=0, max_label=13, instance_name='p27.txt');0.0;9.491783998782921e-07;1.1414921345931361e-06;0.12605628371238708
Data(x=[31, 7], edge_index=[2, 22], edge_attr=[22, 5], y=0.0, custom_label=0.0, min_label=0, max_label=13, instance_name='p27.txt');0.0;1.3346257219382096e-06;1.6614463902442367e-06;4.857524800172541e-06
Data(x=[31, 7], edge_index=[2, 24], edge_attr=[24, 5], y=1.0, custom_label=0.07692308, min_label=0, max_label=13, instance_name='p27.txt');0.07692307978868484;0.00230600917711854;0.010498285293579102;6.252767889236566e-06
Data(x=[32, 7], edge_index=[2, 26], edge_attr=[26, 5], y=0.0, custom_label=0.0, min_label=0, max_label=13, instance_name='p27.txt');0.0;3.67654763522296e-07;1.2576616654769168e-06;6.252767889236566e-06
Data(x=[32, 7], edge_index=[2, 18], edge_attr=[18, 5], y=0.0, custom_label=0.0, min_label=0, max_label=13, instance_name='p27.txt');0.0;9.78465550360852e-07;2.1663033749064198e-06;0.12605628371238708
Data(x=[31, 7], edge_index=[2, 28], edge_attr=[28, 5], y=0.0, custom_label=0.0, min_label=0, max_label=13, instance_name='p27.txt');0.0;2.7014885972675984e-07;5.236391871221713e-07;4.857524800172541e-06
Data(x=[28, 7], edge_index=[2, 18], edge_attr=[18, 5], y=13.0, custom_label=1.0, min_label=0, max_label=13, instance_name='p27.txt');1.0;0.5506492853164673;0.5097692012786865;0.12605628371238708
Data(x=[28, 7], edge_index=[2, 18], edge_attr=[18, 5], y=12.0, custom_label=0.9230769, min_label=0, max_label=13, instance_name='p27.txt');0.9230769276618958;0.5506492853164673;0.5097692012786865;0.12605628371238708
Data(x=[28, 7], edge_index=[2, 18], edge_attr=[18, 5], y=11.0, custom_label=0.84615386, min_label=0, max_label=13, instance_name='p27.txt');0.8461538553237915;0.5506493449211121;0.5097692012786865;0.12605628371238708
Data(x=[28, 7], edge_index=[2, 18], edge_attr=[18, 5], y=10.0, custom_label=0.7692308, min_label=0, max_label=13, instance_name='p27.txt');0.7692307829856873;0.5510786175727844;0.5135310888290405;0.12605628371238708
Data(x=[29, 7], edge_index=[2, 20], edge_attr=[20, 5], y=9.0, custom_label=0.6923077, min_label=0, max_label=13, instance_name='p27.txt');0.692307710647583;0.3770902454853058;0.4081105589866638;0.12605628371238708
Data(x=[29, 7], edge_index=[2, 20], edge_attr=[20, 5], y=8.0, custom_label=0.61538464, min_label=0, max_label=13, instance_name='p27.txt');0.6153846383094788;0.3709002435207367;0.4001379907131195;0.12605628371238708
Data(x=[29, 7], edge_index=[2, 20], edge_attr=[20, 5], y=7.0, custom_label=0.53846157, min_label=0, max_label=13, instance_name='p27.txt');0.5384615659713745;0.36128994822502136;0.37961345911026;0.12605628371238708
Data(x=[30, 7], edge_index=[2, 22], edge_attr=[22, 5], y=6.0, custom_label=0.46153846, min_label=0, max_label=13, instance_name='p27.txt');0.4615384638309479;0.1842479705810547;0.20316874980926514;0.12605628371238708
Data(x=[30, 7], edge_index=[2, 22], edge_attr=[22, 5], y=5.0, custom_label=0.3846154, min_label=0, max_label=13, instance_name='p27.txt');0.38461539149284363;0.19743530452251434;0.24915017187595367;0.12605628371238708
Data(x=[30, 7], edge_index=[2, 22], edge_attr=[22, 5], y=4.0, custom_label=0.30769232, min_label=0, max_label=13, instance_name='p27.txt');0.3076923191547394;0.1842479705810547;0.20316877961158752;0.12605628371238708
Data(x=[31, 7], edge_index=[2, 24], edge_attr=[24, 5], y=3.0, custom_label=0.23076923, min_label=0, max_label=13, instance_name='p27.txt');0.23076923191547394;0.0005265312502160668;0.002031911164522171;0.12605628371238708
Data(x=[30, 7], edge_index=[2, 22], edge_attr=[22, 5], y=2.0, custom_label=0.15384616, min_label=0, max_label=13, instance_name='p27.txt');0.1538461595773697;0.009997129440307617;0.0803939625620842;0.12605628371238708
Data(x=[30, 7], edge_index=[2, 22], edge_attr=[22, 5], y=1.0, custom_label=0.07692308, min_label=0, max_label=13, instance_name='p27.txt');0.07692307978868484;0.002652264665812254;0.009591484442353249;0.12605628371238708
Data(x=[31, 7], edge_index=[2, 24], edge_attr=[24, 5], y=0.0, custom_label=0.0, min_label=0, max_label=13, instance_name='p27.txt');0.0;2.492053283731366e-07;8.51407037316676e-07;0.12605628371238708
Data(x=[27, 7], edge_index=[2, 22], edge_attr=[22, 5], y=0.0, custom_label=0.0, min_label=0, max_label=13, instance_name='p27.txt');0.0;2.96618452466646e-07;1.0140304311789805e-06;0.12605628371238708
Data(x=[34, 7], edge_index=[2, 20], edge_attr=[20, 5], y=3.0, custom_label=0.23076923, min_label=0, max_label=13, instance_name='p27.txt');0.23076923191547394;0.0014232444809749722;0.0017545201117172837;1.6133069948409684e-05
Data(x=[34, 7], edge_index=[2, 20], edge_attr=[20, 5], y=2.0, custom_label=0.15384616, min_label=0, max_label=13, instance_name='p27.txt');0.1538461595773697;0.0065491413697600365;0.04427947849035263;1.6133069948409684e-05
Data(x=[34, 7], edge_index=[2, 20], edge_attr=[20, 5], y=1.0, custom_label=0.07692308, min_label=0, max_label=13, instance_name='p27.txt');0.07692307978868484;0.0014232444809749722;0.0017545201117172837;1.6133069948409684e-05
Data(x=[35, 7], edge_index=[2, 22], edge_attr=[22, 5], y=0.0, custom_label=0.0, min_label=0, max_label=13, instance_name='p27.txt');0.0;3.9848001165410096e-07;4.717341539617337e-07;1.6133069948409684e-05
Data(x=[33, 7], edge_index=[2, 28], edge_attr=[28, 5], y=2.0, custom_label=0.15384616, min_label=0, max_label=13, instance_name='p27.txt');0.1538461595773697;0.0005604778416454792;0.0026747698429971933;0.12605628371238708
Data(x=[32, 7], edge_index=[2, 24], edge_attr=[24, 5], y=1.0, custom_label=0.07692308, min_label=0, max_label=13, instance_name='p27.txt');0.07692307978868484;0.0013146839337423444;0.002489862497895956;0.12605628371238708
Data(x=[33, 7], edge_index=[2, 26], edge_attr=[26, 5], y=0.0, custom_label=0.0, min_label=0, max_label=13, instance_name='p27.txt');0.0;2.7710387939805514e-07;4.065726955104765e-07;0.12605628371238708
Data(x=[32, 7], edge_index=[2, 20], edge_attr=[20, 5], y=0.0, custom_label=0.0, min_label=0, max_label=13, instance_name='p27.txt');0.0;7.22805282293848e-07;9.598011274647433e-07;0.12605628371238708
Data(x=[34, 7], edge_index=[2, 24], edge_attr=[24, 5], y=0.0, custom_label=0.0, min_label=0, max_label=13, instance_name='p27.txt');0.0;5.425283688964555e-07;1.599563006493554e-06;4.857524800172541e-06
Data(x=[31, 7], edge_index=[2, 18], edge_attr=[18, 5], y=0.0, custom_label=0.0, min_label=0, max_label=13, instance_name='p27.txt');0.0;7.092171472322661e-07;1.766873992892215e-06;0.12605628371238708
Data(x=[37, 7], edge_index=[2, 26], edge_attr=[26, 5], y=0.0, custom_label=0.0, min_label=0, max_label=13, instance_name='p27.txt');0.0;7.611176329191949e-07;9.563601679474232e-07;1.8642226375133728e-16
Data(x=[27, 7], edge_index=[2, 20], edge_attr=[20, 5], y=0.0, custom_label=0.0, min_label=0, max_label=13, instance_name='p27.txt');0.0;2.0247263421424577e-08;3.849906704544992e-08;9.294649078173123e-11
Data(x=[36, 7], edge_index=[2, 22], edge_attr=[22, 5], y=2.0, custom_label=0.15384616, min_label=0, max_label=13, instance_name='p27.txt');0.1538461595773697;0.00268264627084136;0.0032570641487836838;6.252767889236566e-06
Data(x=[35, 7], edge_index=[2, 18], edge_attr=[18, 5], y=1.0, custom_label=0.07692308, min_label=0, max_label=13, instance_name='p27.txt');0.07692307978868484;0.0014766678214073181;0.0014949655160307884;6.252767889236566e-06
Data(x=[36, 7], edge_index=[2, 20], edge_attr=[20, 5], y=0.0, custom_label=0.0, min_label=0, max_label=13, instance_name='p27.txt');0.0;5.24870586104953e-07;5.072159297014878e-07;6.252767889236566e-06
Data(x=[37, 7], edge_index=[2, 24], edge_attr=[24, 5], y=0.0, custom_label=0.0, min_label=0, max_label=13, instance_name='p27.txt');0.0;3.0848839287500596e-06;3.3386950235581025e-06;6.852552379699173e-12
Data(x=[28, 7], edge_index=[2, 22], edge_attr=[22, 5], y=0.0, custom_label=0.0, min_label=0, max_label=13, instance_name='p27.txt');0.0;4.7509453793281864e-07;8.206272923416691e-07;4.1246807906363367e-22
Data(x=[32, 7], edge_index=[2, 22], edge_attr=[22, 5], y=3.0, custom_label=0.23076923, min_label=0, max_label=13, instance_name='p27.txt');0.23076923191547394;0.0017676404677331448;0.005602181423455477;0.12605628371238708
Data(x=[31, 7], edge_index=[2, 20], edge_attr=[20, 5], y=2.0, custom_label=0.15384616, min_label=0, max_label=13, instance_name='p27.txt');0.1538461595773697;0.012219005264341831;0.051747746765613556;0.12605628371238708
Data(x=[31, 7], edge_index=[2, 20], edge_attr=[20, 5], y=1.0, custom_label=0.07692308, min_label=0, max_label=13, instance_name='p27.txt');0.07692307978868484;0.00872794445604086;0.025501413270831108;0.12605628371238708
Data(x=[32, 7], edge_index=[2, 22], edge_attr=[22, 5], y=0.0, custom_label=0.0, min_label=0, max_label=13, instance_name='p27.txt');0.0;1.051290951181727e-06;3.0041919671930373e-06;0.12605628371238708
Data(x=[33, 7], edge_index=[2, 24], edge_attr=[24, 5], y=0.0, custom_label=0.0, min_label=0, max_label=13, instance_name='p27.txt');0.0;1.0567512163106585e-06;1.635872195038246e-06;2.1934608643303655e-11
Data(x=[34, 7], edge_index=[2, 24], edge_attr=[24, 5], y=0.0, custom_label=0.0, min_label=0, max_label=13, instance_name='p27.txt');0.0;3.737295060091128e-07;4.409459393173165e-07;6.252767889236566e-06
Data(x=[30, 7], edge_index=[2, 16], edge_attr=[16, 5], y=0.0, custom_label=0.0, min_label=0, max_label=12, instance_name='p28.txt');0.0;6.437330011976883e-05;4.996763163944706e-05;4.857524800172541e-06
Data(x=[35, 7], edge_index=[2, 18], edge_attr=[18, 5], y=0.0, custom_label=0.0, min_label=0, max_label=12, instance_name='p28.txt');0.0;3.447670314926654e-05;2.098934055538848e-05;0.12605628371238708
Data(x=[29, 7], edge_index=[2, 18], edge_attr=[18, 5], y=0.0, custom_label=0.0, min_label=0, max_label=12, instance_name='p28.txt');0.0;7.115355401765555e-05;5.4218591685639694e-05;6.252767889236566e-06
Data(x=[29, 7], edge_index=[2, 16], edge_attr=[16, 5], y=0.0, custom_label=0.0, min_label=0, max_label=12, instance_name='p28.txt');0.0;7.672725769225508e-05;0.00013167258293833584;0.12605628371238708
Data(x=[28, 7], edge_index=[2, 16], edge_attr=[16, 5], y=0.0, custom_label=0.0, min_label=0, max_label=12, instance_name='p28.txt');0.0;4.251711652614176e-05;3.9815666241338477e-05;4.857524800172541e-06
Data(x=[30, 7], edge_index=[2, 14], edge_attr=[14, 5], y=4.0, custom_label=0.33333334, min_label=0, max_label=12, instance_name='p28.txt');0.3333333432674408;0.10399653762578964;0.0891931876540184;8.034736070916537e-12
Data(x=[30, 7], edge_index=[2, 14], edge_attr=[14, 5], y=3.0, custom_label=0.25, min_label=0, max_label=12, instance_name='p28.txt');0.25;0.10399653762578964;0.0891931876540184;8.034736070916537e-12
Data(x=[30, 7], edge_index=[2, 14], edge_attr=[14, 5], y=2.0, custom_label=0.16666667, min_label=0, max_label=12, instance_name='p28.txt');0.1666666716337204;0.10399653762578964;0.0891931876540184;8.034736070916537e-12
Data(x=[30, 7], edge_index=[2, 14], edge_attr=[14, 5], y=1.0, custom_label=0.083333336, min_label=0, max_label=12, instance_name='p28.txt');0.0833333358168602;0.10399653762578964;0.0891931876540184;8.034736070916537e-12
Data(x=[31, 7], edge_index=[2, 16], edge_attr=[16, 5], y=0.0, custom_label=0.0, min_label=0, max_label=12, instance_name='p28.txt');0.0;1.4285817997006234e-05;1.0517548616917338e-05;8.034736070916537e-12
Data(x=[31, 7], edge_index=[2, 12], edge_attr=[12, 5], y=0.0, custom_label=0.0, min_label=0, max_label=12, instance_name='p28.txt');0.0;7.244386506499723e-05;3.950492464355193e-05;0.12605628371238708
Data(x=[33, 7], edge_index=[2, 16], edge_attr=[16, 5], y=0.0, custom_label=0.0, min_label=0, max_label=12, instance_name='p28.txt');0.0;0.00015345436986535788;0.0001721293228911236;1.6133069948409684e-05
Data(x=[34, 7], edge_index=[2, 14], edge_attr=[14, 5], y=0.0, custom_label=0.0, min_label=0, max_label=12, instance_name='p28.txt');0.0;2.6714173145592213e-05;1.3697791473532561e-05;0.12605628371238708
Data(x=[34, 7], edge_index=[2, 16], edge_attr=[16, 5], y=0.0, custom_label=0.0, min_label=0, max_label=12, instance_name='p28.txt');0.0;0.00017827724514063448;0.00018224961240775883;6.252767889236566e-06
Data(x=[33, 7], edge_index=[2, 18], edge_attr=[18, 5], y=0.0, custom_label=0.0, min_label=0, max_label=12, instance_name='p28.txt');0.0;2.3152653739089146e-05;1.642387724132277e-05;2.1275368619622093e-11
Data(x=[32, 7], edge_index=[2, 12], edge_attr=[12, 5], y=2.0, custom_label=0.16666667, min_label=0, max_label=12, instance_name='p28.txt');0.1666666716337204;0.08990448713302612;0.0715489611029625;6.252767889236566e-06
Data(x=[31, 7], edge_index=[2, 10], edge_attr=[10, 5], y=1.0, custom_label=0.083333336, min_label=0, max_label=12, instance_name='p28.txt');0.0833333358168602;0.11400727927684784;0.13617461919784546;0.12605628371238708
Data(x=[32, 7], edge_index=[2, 12], edge_attr=[12, 5], y=0.0, custom_label=0.0, min_label=0, max_label=12, instance_name='p28.txt');0.0;8.683584746904671e-05;4.395346331875771e-05;6.252767889236566e-06
Data(x=[38, 7], edge_index=[2, 16], edge_attr=[16, 5], y=0.0, custom_label=0.0, min_label=0, max_label=12, instance_name='p28.txt');0.0;6.995050352998078e-05;2.5384933906025253e-05;0.12605628371238708
Data(x=[36, 7], edge_index=[2, 16], edge_attr=[16, 5], y=0.0, custom_label=0.0, min_label=0, max_label=12, instance_name='p28.txt');0.0;0.00017236336134374142;8.488531602779403e-05;0.12605628371238708
Data(x=[26, 7], edge_index=[2, 14], edge_attr=[14, 5], y=0.0, custom_label=0.0, min_label=0, max_label=12, instance_name='p28.txt');0.0;3.3151088700833498e-06;3.4578549730213126e-06;1.272016470466042e-05
Data(x=[35, 7], edge_index=[2, 20], edge_attr=[20, 5], y=0.0, custom_label=0.0, min_label=0, max_label=12, instance_name='p28.txt');0.0;0.00035905034746974707;0.00018213721341453493;0.12605628371238708
Data(x=[34, 7], edge_index=[2, 18], edge_attr=[18, 5], y=0.0, custom_label=0.0, min_label=0, max_label=12, instance_name='p28.txt');0.0;0.0001665166491875425;8.550690108677372e-05;6.252767889236566e-06
Data(x=[30, 7], edge_index=[2, 22], edge_attr=[22, 5], y=0.0, custom_label=0.0, min_label=0, max_label=12, instance_name='p28.txt');0.0;3.193603333784267e-05;2.846351890184451e-05;0.12605628371238708
Data(x=[28, 7], edge_index=[2, 14], edge_attr=[14, 5], y=0.0, custom_label=0.0, min_label=0, max_label=12, instance_name='p28.txt');0.0;4.080171129317023e-05;3.303001358290203e-05;0.12605628371238708
Data(x=[34, 7], edge_index=[2, 16], edge_attr=[16, 5], y=0.0, custom_label=0.0, min_label=0, max_label=12, instance_name='p28.txt');0.0;0.0001287105114897713;7.263471343321726e-05;1.6836214854265563e-05
Data(x=[29, 7], edge_index=[2, 20], edge_attr=[20, 5], y=0.0, custom_label=0.0, min_label=0, max_label=12, instance_name='p28.txt');0.0;9.234991011908278e-06;1.088178305508336e-05;6.252767889236566e-06
Data(x=[34, 7], edge_index=[2, 18], edge_attr=[18, 5], y=12.0, custom_label=1.0, min_label=0, max_label=12, instance_name='p28.txt');1.0;0.1096712201833725;0.08609150350093842;0.12605628371238708
Data(x=[34, 7], edge_index=[2, 18], edge_attr=[18, 5], y=11.0, custom_label=0.9166667, min_label=0, max_label=12, instance_name='p28.txt');0.9166666865348816;0.1096712201833725;0.0860915258526802;0.12605628371238708
Data(x=[34, 7], edge_index=[2, 18], edge_attr=[18, 5], y=10.0, custom_label=0.8333333, min_label=0, max_label=12, instance_name='p28.txt');0.8333333134651184;0.1096711978316307;0.0860915258526802;0.12605628371238708
Data(x=[34, 7], edge_index=[2, 18], edge_attr=[18, 5], y=9.0, custom_label=0.75, min_label=0, max_label=12, instance_name='p28.txt');0.75;0.15148833394050598;0.17361989617347717;0.12605628371238708
Data(x=[34, 7], edge_index=[2, 18], edge_attr=[18, 5], y=8.0, custom_label=0.6666667, min_label=0, max_label=12, instance_name='p28.txt');0.6666666865348816;0.1096712201833725;0.08609150350093842;0.12605628371238708
Data(x=[34, 7], edge_index=[2, 18], edge_attr=[18, 5], y=7.0, custom_label=0.5833333, min_label=0, max_label=12, instance_name='p28.txt');0.5833333134651184;0.1096712201833725;0.0860915258526802;0.12605628371238708
Data(x=[33, 7], edge_index=[2, 16], edge_attr=[16, 5], y=6.0, custom_label=0.5, min_label=0, max_label=12, instance_name='p28.txt');0.5;0.1542111486196518;0.1374325007200241;0.12605628371238708
Data(x=[33, 7], edge_index=[2, 16], edge_attr=[16, 5], y=5.0, custom_label=0.41666666, min_label=0, max_label=12, instance_name='p28.txt');0.4166666567325592;0.15421117842197418;0.1374325007200241;0.12605628371238708
Data(x=[33, 7], edge_index=[2, 16], edge_attr=[16, 5], y=4.0, custom_label=0.33333334, min_label=0, max_label=12, instance_name='p28.txt');0.3333333432674408;0.15421117842197418;0.1374325007200241;0.12605628371238708
Data(x=[33, 7], edge_index=[2, 16], edge_attr=[16, 5], y=3.0, custom_label=0.25, min_label=0, max_label=12, instance_name='p28.txt');0.25;0.15421117842197418;0.1374325007200241;0.12605628371238708
Data(x=[33, 7], edge_index=[2, 16], edge_attr=[16, 5], y=2.0, custom_label=0.16666667, min_label=0, max_label=12, instance_name='p28.txt');0.1666666716337204;0.15530012547969818;0.1566256582736969;0.12605628371238708
Data(x=[33, 7], edge_index=[2, 16], edge_attr=[16, 5], y=1.0, custom_label=0.083333336, min_label=0, max_label=12, instance_name='p28.txt');0.0833333358168602;0.1542111486196518;0.1374325007200241;0.12605628371238708
Data(x=[34, 7], edge_index=[2, 18], edge_attr=[18, 5], y=0.0, custom_label=0.0, min_label=0, max_label=12, instance_name='p28.txt');0.0;0.00013279655831865966;8.471622277284041e-05;0.12605628371238708
Data(x=[38, 7], edge_index=[2, 20], edge_attr=[20, 5], y=0.0, custom_label=0.0, min_label=0, max_label=12, instance_name='p28.txt');0.0;0.00012779890676029027;0.00010676938836695626;0.12605628371238708
Data(x=[36, 7], edge_index=[2, 20], edge_attr=[20, 5], y=0.0, custom_label=0.0, min_label=0, max_label=12, instance_name='p28.txt');0.0;0.00018261228979099542;0.00011351417197147384;1.6836214854265563e-05
Data(x=[31, 7], edge_index=[2, 14], edge_attr=[14, 5], y=0.0, custom_label=0.0, min_label=0, max_label=12, instance_name='p28.txt');0.0;7.502329390263185e-05;4.676734170061536e-05;0.12605628371238708
Data(x=[31, 7], edge_index=[2, 18], edge_attr=[18, 5], y=0.0, custom_label=0.0, min_label=0, max_label=12, instance_name='p28.txt');0.0;1.4785438906983472e-05;1.2451103430066723e-05;0.12605628371238708
Data(x=[36, 7], edge_index=[2, 16], edge_attr=[16, 5], y=0.0, custom_label=0.0, min_label=0, max_label=12, instance_name='p28.txt');0.0;0.00017236336134374142;8.488539606332779e-05;0.12605628371238708
Data(x=[32, 7], edge_index=[2, 16], edge_attr=[16, 5], y=0.0, custom_label=0.0, min_label=0, max_label=12, instance_name='p28.txt');0.0;1.8022285075858235e-05;1.2196012903586961e-05;0.12605628371238708
Data(x=[31, 7], edge_index=[2, 14], edge_attr=[14, 5], y=0.0, custom_label=0.0, min_label=0, max_label=12, instance_name='p28.txt');0.0;7.50233739381656e-05;4.676734170061536e-05;0.12605628371238708
Data(x=[28, 7], edge_index=[2, 16], edge_attr=[16, 5], y=0.0, custom_label=0.0, min_label=0, max_label=12, instance_name='p28.txt');0.0;8.4992207121104e-06;6.402402959793108e-06;0.12605628371238708
Data(x=[38, 7], edge_index=[2, 16], edge_attr=[16, 5], y=0.0, custom_label=0.0, min_label=0, max_label=12, instance_name='p28.txt');0.0;5.682998016709462e-05;2.5174782422254793e-05;0.12605628371238708
Data(x=[33, 7], edge_index=[2, 18], edge_attr=[18, 5], y=0.0, custom_label=0.0, min_label=0, max_label=12, instance_name='p28.txt');0.0;2.3152653739089146e-05;1.642387724132277e-05;4.1228686313843355e-06
Data(x=[33, 7], edge_index=[2, 18], edge_attr=[18, 5], y=0.0, custom_label=0.0, min_label=0, max_label=12, instance_name='p28.txt');0.0;0.00011345974053256214;7.81754933996126e-05;1.6133069948409684e-05
Data(x=[39, 7], edge_index=[2, 16], edge_attr=[16, 5], y=0.0, custom_label=0.0, min_label=0, max_label=12, instance_name='p28.txt');0.0;0.0002551924844738096;0.00010407510126242414;6.252767889236566e-06
Data(x=[32, 7], edge_index=[2, 16], edge_attr=[16, 5], y=0.0, custom_label=0.0, min_label=0, max_label=12, instance_name='p28.txt');0.0;0.00022528163390234113;0.00011005849955836311;0.12605628371238708
Data(x=[31, 7], edge_index=[2, 20], edge_attr=[20, 5], y=0.0, custom_label=0.0, min_label=0, max_label=12, instance_name='p28.txt');0.0;2.9471977541106753e-05;6.118993769632652e-05;0.12605628371238708
Data(x=[36, 7], edge_index=[2, 18], edge_attr=[18, 5], y=7.0, custom_label=0.5833333, min_label=0, max_label=12, instance_name='p28.txt');0.5833333134651184;0.12143844366073608;0.1137862503528595;0.12605628371238708
Data(x=[35, 7], edge_index=[2, 14], edge_attr=[14, 5], y=6.0, custom_label=0.5, min_label=0, max_label=12, instance_name='p28.txt');0.5;0.13663224875926971;0.13791827857494354;0.12605628371238708
Data(x=[35, 7], edge_index=[2, 14], edge_attr=[14, 5], y=5.0, custom_label=0.41666666, min_label=0, max_label=12, instance_name='p28.txt');0.4166666567325592;0.13514554500579834;0.11532467603683472;0.12605628371238708
Data(x=[35, 7], edge_index=[2, 14], edge_attr=[14, 5], y=4.0, custom_label=0.33333334, min_label=0, max_label=12, instance_name='p28.txt');0.3333333432674408;0.13514554500579834;0.11532467603683472;0.12605628371238708
Data(x=[35, 7], edge_index=[2, 14], edge_attr=[14, 5], y=3.0, custom_label=0.25, min_label=0, max_label=12, instance_name='p28.txt');0.25;0.13663223385810852;0.13791827857494354;0.12605628371238708
Data(x=[35, 7], edge_index=[2, 14], edge_attr=[14, 5], y=2.0, custom_label=0.16666667, min_label=0, max_label=12, instance_name='p28.txt');0.1666666716337204;0.13514554500579834;0.11532467603683472;0.12605628371238708
Data(x=[35, 7], edge_index=[2, 14], edge_attr=[14, 5], y=1.0, custom_label=0.083333336, min_label=0, max_label=12, instance_name='p28.txt');0.0833333358168602;0.13514555990695953;0.11532467603683472;0.12605628371238708
Data(x=[36, 7], edge_index=[2, 16], edge_attr=[16, 5], y=0.0, custom_label=0.0, min_label=0, max_label=12, instance_name='p28.txt');0.0;0.00017236336134374142;8.488539606332779e-05;0.12605628371238708
Data(x=[33, 7], edge_index=[2, 16], edge_attr=[16, 5], y=0.0, custom_label=0.0, min_label=0, max_label=12, instance_name='p28.txt');0.0;0.00015345436986535788;0.0001721293228911236;0.12605628371238708
Data(x=[34, 7], edge_index=[2, 14], edge_attr=[14, 5], y=0.0, custom_label=0.0, min_label=0, max_label=12, instance_name='p28.txt');0.0;0.00012478358985390514;6.227605626918375e-05;0.12605628371238708
Data(x=[28, 7], edge_index=[2, 20], edge_attr=[20, 5], y=0.0, custom_label=0.0, min_label=0, max_label=12, instance_name='p28.txt');0.0;6.999845481914235e-06;9.198935003951192e-06;6.252767889236566e-06
Data(x=[34, 7], edge_index=[2, 22], edge_attr=[22, 5], y=0.0, custom_label=0.0, min_label=0, max_label=12, instance_name='p28.txt');0.0;3.0110562875051983e-05;2.5348717827000655e-05;6.252767889236566e-06
Data(x=[29, 7], edge_index=[2, 14], edge_attr=[14, 5], y=0.0, custom_label=0.0, min_label=0, max_label=12, instance_name='p28.txt');0.0;5.063167918706313e-05;3.7387468182714656e-05;0.12605628371238708
Data(x=[37, 7], edge_index=[2, 16], edge_attr=[16, 5], y=0.0, custom_label=0.0, min_label=0, max_label=12, instance_name='p28.txt');0.0;0.0001977790961973369;9.118696470977738e-05;0.12605628371238708
Data(x=[26, 7], edge_index=[2, 18], edge_attr=[18, 5], y=0.0, custom_label=0.0, min_label=0, max_label=12, instance_name='p28.txt');0.0;7.866347914387006e-06;2.8226619178894907e-05;0.12605628371238708
Data(x=[32, 7], edge_index=[2, 18], edge_attr=[18, 5], y=0.0, custom_label=0.0, min_label=0, max_label=12, instance_name='p28.txt');0.0;0.00023289257660508156;0.00012960426101926714;0.12605628371238708
Data(x=[31, 7], edge_index=[2, 16], edge_attr=[16, 5], y=0.0, custom_label=0.0, min_label=0, max_label=12, instance_name='p28.txt');0.0;7.77237000875175e-05;5.5364816944347695e-05;0.12605628371238708
Data(x=[30, 7], edge_index=[2, 20], edge_attr=[20, 5], y=0.0, custom_label=0.0, min_label=0, max_label=12, instance_name='p28.txt');0.0;2.3567537937196903e-05;5.540950587601401e-05;0.12605628371238708
Data(x=[31, 7], edge_index=[2, 14], edge_attr=[14, 5], y=0.0, custom_label=0.0, min_label=0, max_label=12, instance_name='p28.txt');0.0;7.50233739381656e-05;4.676734170061536e-05;2.1934608643303655e-11
Data(x=[29, 7], edge_index=[2, 12], edge_attr=[12, 5], y=0.0, custom_label=0.0, min_label=0, max_label=12, instance_name='p28.txt');0.0;6.342842971207574e-05;3.155805097776465e-05;0.12605628371238708
Data(x=[29, 7], edge_index=[2, 14], edge_attr=[14, 5], y=0.0, custom_label=0.0, min_label=0, max_label=12, instance_name='p28.txt');0.0;1.0752381967904512e-05;6.403000952559523e-06;4.1228686313843355e-06
Data(x=[31, 7], edge_index=[2, 14], edge_attr=[14, 5], y=0.0, custom_label=0.0, min_label=0, max_label=12, instance_name='p28.txt');0.0;7.50233739381656e-05;4.676734170061536e-05;1.6836214854265563e-05
Data(x=[29, 7], edge_index=[2, 16], edge_attr=[16, 5], y=0.0, custom_label=0.0, min_label=0, max_label=12, instance_name='p28.txt');0.0;5.2678944484796375e-05;4.477879701880738e-05;0.12605628371238708
Data(x=[33, 7], edge_index=[2, 14], edge_attr=[14, 5], y=4.0, custom_label=0.33333334, min_label=0, max_label=12, instance_name='p28.txt');0.3333333432674408;0.09690805524587631;0.07428763061761856;0.12605628371238708
Data(x=[32, 7], edge_index=[2, 12], edge_attr=[12, 5], y=3.0, custom_label=0.25, min_label=0, max_label=12, instance_name='p28.txt');0.25;0.11675958335399628;0.11832593381404877;0.12605628371238708
Data(x=[32, 7], edge_index=[2, 12], edge_attr=[12, 5], y=2.0, custom_label=0.16666667, min_label=0, max_label=12, instance_name='p28.txt');0.1666666716337204;0.11675958335399628;0.11832595616579056;0.12605628371238708
Data(x=[32, 7], edge_index=[2, 12], edge_attr=[12, 5], y=1.0, custom_label=0.083333336, min_label=0, max_label=12, instance_name='p28.txt');0.0833333358168602;0.11675958335399628;0.11832593381404877;0.12605628371238708
Data(x=[33, 7], edge_index=[2, 14], edge_attr=[14, 5], y=0.0, custom_label=0.0, min_label=0, max_label=12, instance_name='p28.txt');0.0;0.00013428012607619166;5.748196053900756e-05;0.12605628371238708
Data(x=[34, 7], edge_index=[2, 16], edge_attr=[16, 5], y=2.0, custom_label=0.16666667, min_label=0, max_label=12, instance_name='p28.txt');0.1666666716337204;0.1010565385222435;0.09022027254104614;4.857524800172541e-06
Data(x=[33, 7], edge_index=[2, 12], edge_attr=[12, 5], y=1.0, custom_label=0.083333336, min_label=0, max_label=12, instance_name='p28.txt');0.0833333358168602;0.08838732540607452;0.06584430485963821;4.857524800172541e-06
Data(x=[34, 7], edge_index=[2, 14], edge_attr=[14, 5], y=0.0, custom_label=0.0, min_label=0, max_label=12, instance_name='p28.txt');0.0;2.6714173145592213e-05;1.3697791473532561e-05;4.857524800172541e-06
Data(x=[34, 7], edge_index=[2, 18], edge_attr=[18, 5], y=0.0, custom_label=0.0, min_label=0, max_label=12, instance_name='p28.txt');0.0;0.00013279655831865966;8.471630280837417e-05;1.6836214854265563e-05
Data(x=[30, 7], edge_index=[2, 22], edge_attr=[22, 5], y=0.0, custom_label=0.0, min_label=0, max_label=12, instance_name='p28.txt');0.0;2.4436163585050963e-05;6.596552702831104e-05;0.12605628371238708
Data(x=[25, 7], edge_index=[2, 20], edge_attr=[20, 5], y=2.0, custom_label=0.16666667, min_label=0, max_label=12, instance_name='p28.txt');0.1666666716337204;0.07073143869638443;0.12979194521903992;4.1228686313843355e-06
Data(x=[24, 7], edge_index=[2, 16], edge_attr=[16, 5], y=1.0, custom_label=0.083333336, min_label=0, max_label=12, instance_name='p28.txt');0.0833333358168602;0.13703960180282593;0.13054029643535614;1.2861929576946096e-10
Data(x=[25, 7], edge_index=[2, 18], edge_attr=[18, 5], y=0.0, custom_label=0.0, min_label=0, max_label=12, instance_name='p28.txt');0.0;2.5595118131604977e-06;4.158570391155081e-06;1.2861929576946096e-10
Data(x=[31, 7], edge_index=[2, 24], edge_attr=[24, 5], y=2.0, custom_label=0.16666667, min_label=0, max_label=12, instance_name='p28.txt');0.1666666716337204;0.14502614736557007;0.17161588370800018;0.12605628371238708
Data(x=[30, 7], edge_index=[2, 18], edge_attr=[18, 5], y=1.0, custom_label=0.083333336, min_label=0, max_label=12, instance_name='p28.txt');0.0833333358168602;0.1326187551021576;0.14866195619106293;0.12605628371238708
Data(x=[31, 7], edge_index=[2, 20], edge_attr=[20, 5], y=0.0, custom_label=0.0, min_label=0, max_label=12, instance_name='p28.txt');0.0;2.9471977541106753e-05;6.118993769632652e-05;0.12605628371238708
Data(x=[32, 7], edge_index=[2, 22], edge_attr=[22, 5], y=0.0, custom_label=0.0, min_label=0, max_label=12, instance_name='p28.txt');0.0;4.8326048272429034e-05;3.59642508556135e-05;0.12605628371238708
Data(x=[31, 7], edge_index=[2, 14], edge_attr=[14, 5], y=0.0, custom_label=0.0, min_label=0, max_label=12, instance_name='p28.txt');0.0;9.606585808796808e-05;4.7246358008123934e-05;0.12605628371238708
Data(x=[24, 7], edge_index=[2, 12], edge_attr=[12, 5], y=0.0, custom_label=0.0, min_label=0, max_label=12, instance_name='p28.txt');0.0;1.375291139993351e-05;1.4592227671528235e-05;0.12605628371238708
Data(x=[35, 7], edge_index=[2, 14], edge_attr=[14, 5], y=0.0, custom_label=0.0, min_label=0, max_label=12, instance_name='p28.txt');0.0;0.00014511108747683465;6.777069938834757e-05;6.252767889236566e-06
Data(x=[35, 7], edge_index=[2, 16], edge_attr=[16, 5], y=0.0, custom_label=0.0, min_label=0, max_label=12, instance_name='p28.txt');0.0;0.00018635738524608314;7.941003423184156e-05;0.12605628371238708
Data(x=[35, 7], edge_index=[2, 20], edge_attr=[20, 5], y=0.0, custom_label=0.0, min_label=0, max_label=12, instance_name='p28.txt');0.0;3.5465596738504246e-05;2.4373324777116068e-05;8.692248589206027e-19
Data(x=[34, 7], edge_index=[2, 16], edge_attr=[16, 5], y=5.0, custom_label=0.41666666, min_label=0, max_label=12, instance_name='p28.txt');0.4166666567325592;0.027672823518514633;0.01886889711022377;0.12605628371238708
Data(x=[33, 7], edge_index=[2, 14], edge_attr=[14, 5], y=4.0, custom_label=0.33333334, min_label=0, max_label=12, instance_name='p28.txt');0.3333333432674408;0.09754018485546112;0.07465023547410965;0.12605628371238708
Data(x=[33, 7], edge_index=[2, 14], edge_attr=[14, 5], y=3.0, custom_label=0.25, min_label=0, max_label=12, instance_name='p28.txt');0.25;0.10496623814105988;0.10160306841135025;0.12605628371238708
Data(x=[33, 7], edge_index=[2, 14], edge_attr=[14, 5], y=2.0, custom_label=0.16666667, min_label=0, max_label=12, instance_name='p28.txt');0.1666666716337204;0.09754018485546112;0.07465022057294846;0.12605628371238708
Data(x=[33, 7], edge_index=[2, 14], edge_attr=[14, 5], y=1.0, custom_label=0.083333336, min_label=0, max_label=12, instance_name='p28.txt');0.0833333358168602;0.140130415558815;0.14732535183429718;0.12605628371238708
Data(x=[34, 7], edge_index=[2, 16], edge_attr=[16, 5], y=0.0, custom_label=0.0, min_label=0, max_label=12, instance_name='p28.txt');0.0;0.00017827707051765174;0.0001822494377847761;0.12605628371238708
Data(x=[48, 7], edge_index=[2, 38], edge_attr=[38, 5], y=16.0, custom_label=0.9411765, min_label=0, max_label=17, instance_name='p29.txt');0.9411764740943909;0.11106579005718231;0.11922404915094376;4.678575714933686e-05
Data(x=[47, 7], edge_index=[2, 34], edge_attr=[34, 5], y=15.0, custom_label=0.88235295, min_label=0, max_label=17, instance_name='p29.txt');0.8823529481887817;0.13039040565490723;0.11936185508966446;4.678575714933686e-05
Data(x=[47, 7], edge_index=[2, 34], edge_attr=[34, 5], y=14.0, custom_label=0.8235294, min_label=0, max_label=17, instance_name='p29.txt');0.8235294222831726;0.150055393576622;0.15479104220867157;4.678575714933686e-05
Data(x=[47, 7], edge_index=[2, 34], edge_attr=[34, 5], y=13.0, custom_label=0.7647059, min_label=0, max_label=17, instance_name='p29.txt');0.7647058963775635;0.150055393576622;0.15479104220867157;4.678575714933686e-05
Data(x=[48, 7], edge_index=[2, 36], edge_attr=[36, 5], y=12.0, custom_label=0.7058824, min_label=0, max_label=17, instance_name='p29.txt');0.7058823704719543;0.0009344812715426087;0.0014297011075541377;4.678575714933686e-05
Data(x=[48, 7], edge_index=[2, 36], edge_attr=[36, 5], y=11.0, custom_label=0.64705884, min_label=0, max_label=17, instance_name='p29.txt');0.6470588445663452;0.0009344812715426087;0.0014297011075541377;4.678575714933686e-05
Data(x=[48, 7], edge_index=[2, 36], edge_attr=[36, 5], y=10.0, custom_label=0.5882353, min_label=0, max_label=17, instance_name='p29.txt');0.5882353186607361;6.5281860770483036e-06;9.414924534212332e-06;4.678575714933686e-05
Data(x=[48, 7], edge_index=[2, 36], edge_attr=[36, 5], y=9.0, custom_label=0.5294118, min_label=0, max_label=17, instance_name='p29.txt');0.529411792755127;6.5281860770483036e-06;9.414924534212332e-06;4.678575714933686e-05
Data(x=[48, 7], edge_index=[2, 36], edge_attr=[36, 5], y=8.0, custom_label=0.47058824, min_label=0, max_label=17, instance_name='p29.txt');0.47058823704719543;8.166299267031718e-06;1.806518412195146e-05;4.678575714933686e-05
Data(x=[48, 7], edge_index=[2, 36], edge_attr=[36, 5], y=7.0, custom_label=0.4117647, min_label=0, max_label=17, instance_name='p29.txt');0.4117647111415863;6.5281860770483036e-06;9.41493362915935e-06;4.678575714933686e-05
Data(x=[48, 7], edge_index=[2, 36], edge_attr=[36, 5], y=6.0, custom_label=0.3529412, min_label=0, max_label=17, instance_name='p29.txt');0.3529411852359772;8.166299267031718e-06;1.806516775104683e-05;0.12605628371238708
Data(x=[48, 7], edge_index=[2, 36], edge_attr=[36, 5], y=5.0, custom_label=0.29411766, min_label=0, max_label=17, instance_name='p29.txt');0.29411765933036804;6.5281860770483036e-06;9.41493362915935e-06;4.678575714933686e-05
Data(x=[48, 7], edge_index=[2, 36], edge_attr=[36, 5], y=4.0, custom_label=0.23529412, min_label=0, max_label=17, instance_name='p29.txt');0.23529411852359772;6.5281860770483036e-06;9.414924534212332e-06;4.678575714933686e-05
Data(x=[48, 7], edge_index=[2, 36], edge_attr=[36, 5], y=3.0, custom_label=0.1764706, min_label=0, max_label=17, instance_name='p29.txt');0.1764705926179886;6.5281860770483036e-06;9.414924534212332e-06;4.678575714933686e-05
Data(x=[48, 7], edge_index=[2, 36], edge_attr=[36, 5], y=2.0, custom_label=0.11764706, min_label=0, max_label=17, instance_name='p29.txt');0.11764705926179886;6.5281860770483036e-06;9.414924534212332e-06;4.678575714933686e-05
Data(x=[48, 7], edge_index=[2, 36], edge_attr=[36, 5], y=1.0, custom_label=0.05882353, min_label=0, max_label=17, instance_name='p29.txt');0.05882352963089943;1.9721974240383133e-05;3.402699076104909e-05;4.678575714933686e-05
Data(x=[49, 7], edge_index=[2, 38], edge_attr=[38, 5], y=0.0, custom_label=0.0, min_label=0, max_label=17, instance_name='p29.txt');0.0;2.1076766998362473e-08;2.9464315431937393e-08;4.678575714933686e-05
Data(x=[51, 7], edge_index=[2, 40], edge_attr=[40, 5], y=10.0, custom_label=0.5882353, min_label=0, max_label=17, instance_name='p29.txt');0.5882353186607361;0.000351116934325546;0.001038262969814241;2.5695466587816185e-11
Data(x=[51, 7], edge_index=[2, 40], edge_attr=[40, 5], y=9.0, custom_label=0.5294118, min_label=0, max_label=17, instance_name='p29.txt');0.529411792755127;0.0009738611406646669;0.009574386291205883;2.5695466587816185e-11
Data(x=[51, 7], edge_index=[2, 40], edge_attr=[40, 5], y=8.0, custom_label=0.47058824, min_label=0, max_label=17, instance_name='p29.txt');0.47058823704719543;0.00035111678880639374;0.001038262969814241;2.5695466587816185e-11
Data(x=[52, 7], edge_index=[2, 42], edge_attr=[42, 5], y=7.0, custom_label=0.4117647, min_label=0, max_label=17, instance_name='p29.txt');0.4117647111415863;1.450222043786198e-06;4.144155354879331e-06;2.5695466587816185e-11
Data(x=[51, 7], edge_index=[2, 40], edge_attr=[40, 5], y=6.0, custom_label=0.3529412, min_label=0, max_label=17, instance_name='p29.txt');0.3529411852359772;3.305262680441956e-06;9.184699592879042e-06;2.5695466587816185e-11
Data(x=[51, 7], edge_index=[2, 40], edge_attr=[40, 5], y=5.0, custom_label=0.29411766, min_label=0, max_label=17, instance_name='p29.txt');0.29411765933036804;3.305262680441956e-06;9.184699592879042e-06;2.5695466587816185e-11
Data(x=[51, 7], edge_index=[2, 40], edge_attr=[40, 5], y=4.0, custom_label=0.23529412, min_label=0, max_label=17, instance_name='p29.txt');0.23529411852359772;4.088315563421929e-06;1.6960593711701222e-05;2.5695466587816185e-11
Data(x=[51, 7], edge_index=[2, 40], edge_attr=[40, 5], y=3.0, custom_label=0.1764706, min_label=0, max_label=17, instance_name='p29.txt');0.1764705926179886;7.2164243647421245e-06;5.407426942838356e-05;2.5695466587816185e-11
Data(x=[51, 7], edge_index=[2, 40], edge_attr=[40, 5], y=2.0, custom_label=0.11764706, min_label=0, max_label=17, instance_name='p29.txt');0.11764705926179886;3.305262680441956e-06;9.184699592879042e-06;2.5695466587816185e-11
Data(x=[51, 7], edge_index=[2, 40], edge_attr=[40, 5], y=1.0, custom_label=0.05882353, min_label=0, max_label=17, instance_name='p29.txt');0.05882352963089943;4.088315563421929e-06;1.6960593711701222e-05;2.5695466587816185e-11
Data(x=[51, 7], edge_index=[2, 38], edge_attr=[38, 5], y=0.0, custom_label=0.0, min_label=0, max_label=17, instance_name='p29.txt');0.0;2.5785990231952383e-08;5.694277049883567e-08;2.5695466587816185e-11
Data(x=[55, 7], edge_index=[2, 42], edge_attr=[42, 5], y=16.0, custom_label=0.9411765, min_label=0, max_label=17, instance_name='p29.txt');0.9411764740943909;2.657799268490635e-05;8.745853847358376e-05;1.3133610302641287e-32
Data(x=[55, 7], edge_index=[2, 42], edge_attr=[42, 5], y=15.0, custom_label=0.88235295, min_label=0, max_label=17, instance_name='p29.txt');0.8823529481887817;2.657799268490635e-05;8.745853847358376e-05;0.12605628371238708
Data(x=[55, 7], edge_index=[2, 42], edge_attr=[42, 5], y=14.0, custom_label=0.8235294, min_label=0, max_label=17, instance_name='p29.txt');0.8235294222831726;2.657799268490635e-05;8.745853847358376e-05;0.12605628371238708
Data(x=[55, 7], edge_index=[2, 42], edge_attr=[42, 5], y=13.0, custom_label=0.7647059, min_label=0, max_label=17, instance_name='p29.txt');0.7647058963775635;2.657799268490635e-05;8.745845116209239e-05;0.12605628371238708
Data(x=[55, 7], edge_index=[2, 42], edge_attr=[42, 5], y=12.0, custom_label=0.7058824, min_label=0, max_label=17, instance_name='p29.txt');0.7058823704719543;2.657799268490635e-05;8.745853847358376e-05;0.12605628371238708
Data(x=[55, 7], edge_index=[2, 42], edge_attr=[42, 5], y=11.0, custom_label=0.64705884, min_label=0, max_label=17, instance_name='p29.txt');0.6470588445663452;6.7937646235805e-05;0.0006912440294399858;0.12605628371238708
Data(x=[55, 7], edge_index=[2, 42], edge_attr=[42, 5], y=10.0, custom_label=0.5882353, min_label=0, max_label=17, instance_name='p29.txt');0.5882353186607361;3.049780752917286e-05;8.796220936346799e-05;0.12605628371238708
Data(x=[55, 7], edge_index=[2, 42], edge_attr=[42, 5], y=9.0, custom_label=0.5294118, min_label=0, max_label=17, instance_name='p29.txt');0.529411792755127;3.714247577590868e-05;0.00015533657278865576;0.12605628371238708
Data(x=[55, 7], edge_index=[2, 42], edge_attr=[42, 5], y=8.0, custom_label=0.47058824, min_label=0, max_label=17, instance_name='p29.txt');0.47058823704719543;3.049780752917286e-05;8.796220936346799e-05;0.12605628371238708
Data(x=[55, 7], edge_index=[2, 42], edge_attr=[42, 5], y=7.0, custom_label=0.4117647, min_label=0, max_label=17, instance_name='p29.txt');0.4117647111415863;3.049780752917286e-05;8.796220936346799e-05;1.3133610302641287e-32
Data(x=[54, 7], edge_index=[2, 40], edge_attr=[40, 5], y=6.0, custom_label=0.3529412, min_label=0, max_label=17, instance_name='p29.txt');0.3529411852359772;0.014922798611223698;0.07454081624746323;0.12605628371238708
Data(x=[55, 7], edge_index=[2, 42], edge_attr=[42, 5], y=5.0, custom_label=0.29411766, min_label=0, max_label=17, instance_name='p29.txt');0.29411765933036804;7.792905671522021e-05;0.0006952228723093867;0.12605628371238708
Data(x=[55, 7], edge_index=[2, 42], edge_attr=[42, 5], y=4.0, custom_label=0.23529412, min_label=0, max_label=17, instance_name='p29.txt');0.23529411852359772;3.049780752917286e-05;8.796220936346799e-05;0.12605628371238708
Data(x=[55, 7], edge_index=[2, 42], edge_attr=[42, 5], y=3.0, custom_label=0.1764706, min_label=0, max_label=17, instance_name='p29.txt');0.1764705926179886;3.049780752917286e-05;8.796213660389185e-05;0.12605628371238708
Data(x=[54, 7], edge_index=[2, 40], edge_attr=[40, 5], y=2.0, custom_label=0.11764706, min_label=0, max_label=17, instance_name='p29.txt');0.11764705926179886;7.024208025541157e-05;0.0001973556209122762;0.12605628371238708
Data(x=[54, 7], edge_index=[2, 40], edge_attr=[40, 5], y=1.0, custom_label=0.05882353, min_label=0, max_label=17, instance_name='p29.txt');0.05882352963089943;8.586306648794562e-05;0.00035217864206060767;0.12605628371238708
Data(x=[55, 7], edge_index=[2, 42], edge_attr=[42, 5], y=0.0, custom_label=0.0, min_label=0, max_label=17, instance_name='p29.txt');0.0;4.1229682778975985e-07;1.0964857892759028e-06;0.12605628371238708
Data(x=[49, 7], edge_index=[2, 28], edge_attr=[28, 5], y=17.0, custom_label=1.0, min_label=0, max_label=17, instance_name='p29.txt');1.0;0.27912262082099915;0.3045339584350586;1.6836214854265563e-05
Data(x=[50, 7], edge_index=[2, 30], edge_attr=[30, 5], y=16.0, custom_label=0.9411765, min_label=0, max_label=17, instance_name='p29.txt');0.9411764740943909;0.16909942030906677;0.17923197150230408;1.6836214854265563e-05
Data(x=[49, 7], edge_index=[2, 28], edge_attr=[28, 5], y=15.0, custom_label=0.88235295, min_label=0, max_label=17, instance_name='p29.txt');0.8823529481887817;0.1790735125541687;0.19114996492862701;1.6836214854265563e-05
Data(x=[49, 7], edge_index=[2, 28], edge_attr=[28, 5], y=14.0, custom_label=0.8235294, min_label=0, max_label=17, instance_name='p29.txt');0.8235294222831726;0.1790735125541687;0.19114996492862701;1.6836214854265563e-05
Data(x=[49, 7], edge_index=[2, 28], edge_attr=[28, 5], y=13.0, custom_label=0.7647059, min_label=0, max_label=17, instance_name='p29.txt');0.7647058963775635;0.18695053458213806;0.22384965419769287;1.6836214854265563e-05
Data(x=[49, 7], edge_index=[2, 28], edge_attr=[28, 5], y=12.0, custom_label=0.7058824, min_label=0, max_label=17, instance_name='p29.txt');0.7058823704719543;0.1790735125541687;0.19114995002746582;1.6836214854265563e-05
Data(x=[49, 7], edge_index=[2, 28], edge_attr=[28, 5], y=11.0, custom_label=0.64705884, min_label=0, max_label=17, instance_name='p29.txt');0.6470588445663452;0.1790735125541687;0.19114996492862701;1.6836214854265563e-05
Data(x=[49, 7], edge_index=[2, 28], edge_attr=[28, 5], y=10.0, custom_label=0.5882353, min_label=0, max_label=17, instance_name='p29.txt');0.5882353186607361;0.09501776844263077;0.0960114523768425;1.6836214854265563e-05
Data(x=[49, 7], edge_index=[2, 28], edge_attr=[28, 5], y=9.0, custom_label=0.5294118, min_label=0, max_label=17, instance_name='p29.txt');0.529411792755127;0.09501776844263077;0.0960114523768425;1.6836214854265563e-05
Data(x=[50, 7], edge_index=[2, 30], edge_attr=[30, 5], y=8.0, custom_label=0.47058824, min_label=0, max_label=17, instance_name='p29.txt');0.47058823704719543;0.0005578742129728198;0.0007110910373739898;1.6836214854265563e-05
Data(x=[50, 7], edge_index=[2, 30], edge_attr=[30, 5], y=7.0, custom_label=0.4117647, min_label=0, max_label=17, instance_name='p29.txt');0.4117647111415863;0.0005578742129728198;0.0007110910373739898;1.6836214854265563e-05
Data(x=[51, 7], edge_index=[2, 32], edge_attr=[32, 5], y=6.0, custom_label=0.3529412, min_label=0, max_label=17, instance_name='p29.txt');0.3529411852359772;2.3613426947122207e-06;2.5809695216594264e-06;1.6836214854265563e-05
Data(x=[51, 7], edge_index=[2, 32], edge_attr=[32, 5], y=5.0, custom_label=0.29411766, min_label=0, max_label=17, instance_name='p29.txt');0.29411765933036804;2.3613426947122207e-06;2.5809695216594264e-06;1.6836214854265563e-05
Data(x=[51, 7], edge_index=[2, 32], edge_attr=[32, 5], y=4.0, custom_label=0.23529412, min_label=0, max_label=17, instance_name='p29.txt');0.23529411852359772;2.3613426947122207e-06;2.5809695216594264e-06;1.6836214854265563e-05
Data(x=[51, 7], edge_index=[2, 32], edge_attr=[32, 5], y=3.0, custom_label=0.1764706, min_label=0, max_label=17, instance_name='p29.txt');0.1764705926179886;6.506481895485194e-06;2.4005141312954947e-05;1.6836214854265563e-05
Data(x=[51, 7], edge_index=[2, 32], edge_attr=[32, 5], y=2.0, custom_label=0.11764706, min_label=0, max_label=17, instance_name='p29.txt');0.11764705926179886;2.3613426947122207e-06;2.5809695216594264e-06;1.6836214854265563e-05
Data(x=[51, 7], edge_index=[2, 32], edge_attr=[32, 5], y=1.0, custom_label=0.05882353, min_label=0, max_label=17, instance_name='p29.txt');0.05882352963089943;2.3613426947122207e-06;2.5809695216594264e-06;1.6836214854265563e-05
Data(x=[51, 7], edge_index=[2, 32], edge_attr=[32, 5], y=0.0, custom_label=0.0, min_label=0, max_label=17, instance_name='p29.txt');0.0;2.2700135104969377e-08;2.2808331223700407e-08;1.6836214854265563e-05
Data(x=[54, 7], edge_index=[2, 48], edge_attr=[48, 5], y=4.0, custom_label=0.23529412, min_label=0, max_label=17, instance_name='p29.txt');0.23529411852359772;2.100119490933139e-05;5.775394674856216e-05;6.252767889236566e-06
Data(x=[53, 7], edge_index=[2, 42], edge_attr=[42, 5], y=3.0, custom_label=0.1764706, min_label=0, max_label=17, instance_name='p29.txt');0.1764705926179886;9.891812624118757e-06;1.9403094484005123e-05;6.252767889236566e-06
Data(x=[52, 7], edge_index=[2, 40], edge_attr=[40, 5], y=2.0, custom_label=0.11764706, min_label=0, max_label=17, instance_name='p29.txt');0.11764705926179886;0.001818697084672749;0.002463902346789837;6.252767889236566e-06
Data(x=[53, 7], edge_index=[2, 42], edge_attr=[42, 5], y=1.0, custom_label=0.05882353, min_label=0, max_label=17, instance_name='p29.txt');0.05882352963089943;8.061628250288777e-06;1.075343789125327e-05;6.252767889236566e-06
Data(x=[54, 7], edge_index=[2, 44], edge_attr=[44, 5], y=0.0, custom_label=0.0, min_label=0, max_label=17, instance_name='p29.txt');0.0;4.43457182086604e-08;5.726089824520386e-08;6.252767889236566e-06
