item;Label;GATModel;GENModel;GINEModel
Data(x=[26, 11], edge_index=[2, 6], edge_attr=[6, 2], y=49.0, custom_label=1.0, min_label=0, max_label=49, instance_name='p01.txt');1.0;0.8289269208908081;0.7363185286521912;0.03679678961634636
Data(x=[26, 11], edge_index=[2, 6], edge_attr=[6, 2], y=48.0, custom_label=0.97959185, min_label=0, max_label=49, instance_name='p01.txt');0.9795918464660645;0.8289269208908081;0.7363185286521912;0.03679678961634636
Data(x=[26, 11], edge_index=[2, 6], edge_attr=[6, 2], y=47.0, custom_label=0.9591837, min_label=0, max_label=49, instance_name='p01.txt');0.9591836929321289;0.8289269208908081;0.7363185286521912;0.03679678961634636
Data(x=[26, 11], edge_index=[2, 6], edge_attr=[6, 2], y=46.0, custom_label=0.93877554, min_label=0, max_label=49, instance_name='p01.txt');0.9387755393981934;0.8289269208908081;0.7363185286521912;0.03679678961634636
Data(x=[26, 11], edge_index=[2, 6], edge_attr=[6, 2], y=45.0, custom_label=0.9183673, min_label=0, max_label=49, instance_name='p01.txt');0.918367326259613;0.8289269208908081;0.7363185286521912;0.03679678961634636
Data(x=[26, 11], edge_index=[2, 6], edge_attr=[6, 2], y=44.0, custom_label=0.8979592, min_label=0, max_label=49, instance_name='p01.txt');0.8979591727256775;0.8289269208908081;0.7363185286521912;0.03679678961634636
Data(x=[26, 11], edge_index=[2, 6], edge_attr=[6, 2], y=43.0, custom_label=0.877551, min_label=0, max_label=49, instance_name='p01.txt');0.8775510191917419;0.8289269208908081;0.7363185286521912;0.03679678961634636
Data(x=[26, 11], edge_index=[2, 6], edge_attr=[6, 2], y=42.0, custom_label=0.85714287, min_label=0, max_label=49, instance_name='p01.txt');0.8571428656578064;0.8289269208908081;0.7363185286521912;0.03679678961634636
Data(x=[26, 11], edge_index=[2, 6], edge_attr=[6, 2], y=41.0, custom_label=0.8367347, min_label=0, max_label=49, instance_name='p01.txt');0.8367347121238708;0.8289269208908081;0.7363185286521912;0.03679678961634636
Data(x=[26, 11], edge_index=[2, 6], edge_attr=[6, 2], y=40.0, custom_label=0.81632656, min_label=0, max_label=49, instance_name='p01.txt');0.8163265585899353;0.8289269208908081;0.7363185286521912;0.03679678961634636
Data(x=[26, 11], edge_index=[2, 6], edge_attr=[6, 2], y=39.0, custom_label=0.79591835, min_label=0, max_label=49, instance_name='p01.txt');0.795918345451355;0.8289269208908081;0.7363185286521912;0.03679678961634636
Data(x=[26, 11], edge_index=[2, 6], edge_attr=[6, 2], y=38.0, custom_label=0.7755102, min_label=0, max_label=49, instance_name='p01.txt');0.7755101919174194;0.8289269208908081;0.7363185286521912;0.03679678961634636
Data(x=[26, 11], edge_index=[2, 6], edge_attr=[6, 2], y=37.0, custom_label=0.75510204, min_label=0, max_label=49, instance_name='p01.txt');0.7551020383834839;0.8289269208908081;0.7363185286521912;0.03679678961634636
Data(x=[26, 11], edge_index=[2, 6], edge_attr=[6, 2], y=36.0, custom_label=0.7346939, min_label=0, max_label=49, instance_name='p01.txt');0.7346938848495483;0.8289269208908081;0.7363185286521912;0.03679678961634636
Data(x=[26, 11], edge_index=[2, 6], edge_attr=[6, 2], y=35.0, custom_label=0.71428573, min_label=0, max_label=49, instance_name='p01.txt');0.7142857313156128;0.8289269208908081;0.7363185286521912;0.03679678961634636
Data(x=[26, 11], edge_index=[2, 6], edge_attr=[6, 2], y=34.0, custom_label=0.6938776, min_label=0, max_label=49, instance_name='p01.txt');0.6938775777816772;0.8289269208908081;0.7363185286521912;0.03679678961634636
Data(x=[26, 11], edge_index=[2, 6], edge_attr=[6, 2], y=33.0, custom_label=0.67346936, min_label=0, max_label=49, instance_name='p01.txt');0.6734693646430969;0.8289269208908081;0.7363185286521912;0.03679678961634636
Data(x=[26, 11], edge_index=[2, 6], edge_attr=[6, 2], y=32.0, custom_label=0.6530612, min_label=0, max_label=49, instance_name='p01.txt');0.6530612111091614;0.8289269208908081;0.7363185286521912;0.03679678961634636
Data(x=[26, 11], edge_index=[2, 6], edge_attr=[6, 2], y=31.0, custom_label=0.63265306, min_label=0, max_label=49, instance_name='p01.txt');0.6326530575752258;0.8289269208908081;0.7363185286521912;0.03679678961634636
Data(x=[26, 11], edge_index=[2, 6], edge_attr=[6, 2], y=30.0, custom_label=0.6122449, min_label=0, max_label=49, instance_name='p01.txt');0.6122449040412903;0.8289269208908081;0.7363185286521912;0.03679678961634636
Data(x=[26, 11], edge_index=[2, 6], edge_attr=[6, 2], y=29.0, custom_label=0.59183675, min_label=0, max_label=49, instance_name='p01.txt');0.5918367505073547;0.8289269208908081;0.7363185286521912;0.03679678961634636
Data(x=[26, 11], edge_index=[2, 6], edge_attr=[6, 2], y=28.0, custom_label=0.5714286, min_label=0, max_label=49, instance_name='p01.txt');0.5714285969734192;0.8289269208908081;0.7363185286521912;0.03679678961634636
Data(x=[26, 11], edge_index=[2, 6], edge_attr=[6, 2], y=27.0, custom_label=0.5510204, min_label=0, max_label=49, instance_name='p01.txt');0.5510203838348389;0.8289269208908081;0.7363185286521912;0.03679678961634636
Data(x=[26, 11], edge_index=[2, 6], edge_attr=[6, 2], y=26.0, custom_label=0.53061223, min_label=0, max_label=49, instance_name='p01.txt');0.5306122303009033;0.8289269208908081;0.7363185286521912;0.03679678961634636
Data(x=[26, 11], edge_index=[2, 6], edge_attr=[6, 2], y=25.0, custom_label=0.5102041, min_label=0, max_label=49, instance_name='p01.txt');0.5102040767669678;0.8289269208908081;0.7363185286521912;0.03679678961634636
Data(x=[26, 11], edge_index=[2, 6], edge_attr=[6, 2], y=24.0, custom_label=0.48979592, min_label=0, max_label=49, instance_name='p01.txt');0.4897959232330322;0.3927108943462372;0.2735811173915863;0.03679678961634636
Data(x=[26, 11], edge_index=[2, 6], edge_attr=[6, 2], y=23.0, custom_label=0.46938777, min_label=0, max_label=49, instance_name='p01.txt');0.4693877696990967;0.3927108943462372;0.2735811173915863;0.03679678961634636
Data(x=[26, 11], edge_index=[2, 6], edge_attr=[6, 2], y=22.0, custom_label=0.4489796, min_label=0, max_label=49, instance_name='p01.txt');0.44897958636283875;0.3927108943462372;0.2735811173915863;0.03679678961634636
Data(x=[26, 11], edge_index=[2, 6], edge_attr=[6, 2], y=21.0, custom_label=0.42857143, min_label=0, max_label=49, instance_name='p01.txt');0.4285714328289032;0.3927108943462372;0.2735811173915863;0.03679678961634636
Data(x=[26, 11], edge_index=[2, 6], edge_attr=[6, 2], y=20.0, custom_label=0.40816328, min_label=0, max_label=49, instance_name='p01.txt');0.40816327929496765;0.3927108943462372;0.2735811173915863;0.03679678961634636
Data(x=[26, 11], edge_index=[2, 6], edge_attr=[6, 2], y=19.0, custom_label=0.3877551, min_label=0, max_label=49, instance_name='p01.txt');0.3877550959587097;0.3927108943462372;0.2735811173915863;0.03679678961634636
Data(x=[26, 11], edge_index=[2, 6], edge_attr=[6, 2], y=18.0, custom_label=0.36734694, min_label=0, max_label=49, instance_name='p01.txt');0.36734694242477417;0.3927108943462372;0.2735811173915863;0.03679678961634636
Data(x=[26, 11], edge_index=[2, 6], edge_attr=[6, 2], y=17.0, custom_label=0.3469388, min_label=0, max_label=49, instance_name='p01.txt');0.3469387888908386;0.3927108943462372;0.2735811173915863;0.03679678961634636
Data(x=[26, 11], edge_index=[2, 6], edge_attr=[6, 2], y=16.0, custom_label=0.3265306, min_label=0, max_label=49, instance_name='p01.txt');0.3265306055545807;0.3927108943462372;0.2735811173915863;0.03679678961634636
Data(x=[26, 11], edge_index=[2, 6], edge_attr=[6, 2], y=15.0, custom_label=0.30612245, min_label=0, max_label=49, instance_name='p01.txt');0.30612245202064514;0.3927108943462372;0.2735811173915863;0.03679678961634636
Data(x=[26, 11], edge_index=[2, 6], edge_attr=[6, 2], y=14.0, custom_label=0.2857143, min_label=0, max_label=49, instance_name='p01.txt');0.2857142984867096;0.3927108943462372;0.2735811173915863;0.03679678961634636
Data(x=[26, 11], edge_index=[2, 6], edge_attr=[6, 2], y=13.0, custom_label=0.26530612, min_label=0, max_label=49, instance_name='p01.txt');0.26530611515045166;0.3927108943462372;0.2735811173915863;0.03679678961634636
Data(x=[26, 11], edge_index=[2, 6], edge_attr=[6, 2], y=12.0, custom_label=0.24489796, min_label=0, max_label=49, instance_name='p01.txt');0.2448979616165161;0.3927108943462372;0.2735811173915863;0.03679678961634636
Data(x=[26, 11], edge_index=[2, 6], edge_attr=[6, 2], y=11.0, custom_label=0.2244898, min_label=0, max_label=49, instance_name='p01.txt');0.22448979318141937;0.3927108943462372;0.2735811173915863;0.03679678961634636
Data(x=[26, 11], edge_index=[2, 6], edge_attr=[6, 2], y=10.0, custom_label=0.20408164, min_label=0, max_label=49, instance_name='p01.txt');0.20408163964748383;0.3927108943462372;0.2735811173915863;0.03679678961634636
Data(x=[26, 11], edge_index=[2, 6], edge_attr=[6, 2], y=9.0, custom_label=0.18367347, min_label=0, max_label=49, instance_name='p01.txt');0.18367347121238708;0.3927108943462372;0.2735811173915863;0.03679678961634636
Data(x=[26, 11], edge_index=[2, 6], edge_attr=[6, 2], y=8.0, custom_label=0.1632653, min_label=0, max_label=49, instance_name='p01.txt');0.16326530277729034;0.3927108943462372;0.2735811173915863;0.03679678961634636
Data(x=[26, 11], edge_index=[2, 6], edge_attr=[6, 2], y=7.0, custom_label=0.14285715, min_label=0, max_label=49, instance_name='p01.txt');0.1428571492433548;0.3927108943462372;0.2735811173915863;0.03679678961634636
Data(x=[26, 11], edge_index=[2, 6], edge_attr=[6, 2], y=6.0, custom_label=0.12244898, min_label=0, max_label=49, instance_name='p01.txt');0.12244898080825806;0.3927108943462372;0.2735811173915863;0.03679678961634636
Data(x=[26, 11], edge_index=[2, 6], edge_attr=[6, 2], y=5.0, custom_label=0.10204082, min_label=0, max_label=49, instance_name='p01.txt');0.10204081982374191;0.3927108943462372;0.2735811173915863;0.03679678961634636
Data(x=[26, 11], edge_index=[2, 6], edge_attr=[6, 2], y=4.0, custom_label=0.08163265, min_label=0, max_label=49, instance_name='p01.txt');0.08163265138864517;0.3927108943462372;0.2735811173915863;0.03679678961634636
Data(x=[26, 11], edge_index=[2, 6], edge_attr=[6, 2], y=3.0, custom_label=0.06122449, min_label=0, max_label=49, instance_name='p01.txt');0.06122449040412903;0.3927108943462372;0.2735811173915863;0.03679678961634636
Data(x=[26, 11], edge_index=[2, 6], edge_attr=[6, 2], y=2.0, custom_label=0.040816326, min_label=0, max_label=49, instance_name='p01.txt');0.040816325694322586;0.3927108943462372;0.2735811173915863;0.03679678961634636
Data(x=[26, 11], edge_index=[2, 6], edge_attr=[6, 2], y=1.0, custom_label=0.020408163, min_label=0, max_label=49, instance_name='p01.txt');0.020408162847161293;0.3927108943462372;0.2735811173915863;0.03679678961634636
Data(x=[26, 11], edge_index=[2, 6], edge_attr=[6, 2], y=0.0, custom_label=0.0, min_label=0, max_label=49, instance_name='p01.txt');0.0;0.14889484643936157;0.05186150223016739;0.03679678961634636
Data(x=[15, 11], edge_index=[2, 6], edge_attr=[6, 2], y=0.0, custom_label=0.0, min_label=0, max_label=49, instance_name='p01.txt');0.0;0.05974115431308746;0.009659559465944767;0.03679680824279785
Data(x=[15, 11], edge_index=[2, 6], edge_attr=[6, 2], y=0.0, custom_label=0.0, min_label=0, max_label=49, instance_name='p01.txt');0.0;0.11175082623958588;0.0663275495171547;0.03679680824279785
Data(x=[14, 11], edge_index=[2, 6], edge_attr=[6, 2], y=0.0, custom_label=0.0, min_label=0, max_label=49, instance_name='p01.txt');0.0;0.10447732359170914;0.0582464225590229;0.03679680824279785
Data(x=[14, 11], edge_index=[2, 6], edge_attr=[6, 2], y=0.0, custom_label=0.0, min_label=0, max_label=49, instance_name='p01.txt');0.0;0.1014050617814064;0.06523295491933823;4.900197955873354e-22
Data(x=[12, 11], edge_index=[2, 6], edge_attr=[6, 2], y=0.0, custom_label=0.0, min_label=0, max_label=49, instance_name='p01.txt');0.0;0.07076390087604523;0.05521848797798157;0.03679680824279785
Data(x=[15, 11], edge_index=[2, 6], edge_attr=[6, 2], y=0.0, custom_label=0.0, min_label=0, max_label=49, instance_name='p01.txt');0.0;0.1161726787686348;0.052102670073509216;0.03679680824279785
Data(x=[19, 11], edge_index=[2, 6], edge_attr=[6, 2], y=0.0, custom_label=0.0, min_label=0, max_label=49, instance_name='p01.txt');0.0;0.0932881161570549;0.015430063009262085;7.030002885296269e-16
Data(x=[16, 11], edge_index=[2, 6], edge_attr=[6, 2], y=0.0, custom_label=0.0, min_label=0, max_label=49, instance_name='p01.txt');0.0;0.07610519975423813;0.007439663168042898;2.9461104584150375e-31
Data(x=[20, 11], edge_index=[2, 6], edge_attr=[6, 2], y=0.0, custom_label=0.0, min_label=0, max_label=49, instance_name='p01.txt');0.0;0.12830789387226105;0.0613536462187767;0.03679678961634636
Data(x=[14, 11], edge_index=[2, 6], edge_attr=[6, 2], y=0.0, custom_label=0.0, min_label=0, max_label=49, instance_name='p01.txt');0.0;0.10447732359170914;0.0582464225590229;0.03679680824279785
Data(x=[15, 11], edge_index=[2, 6], edge_attr=[6, 2], y=0.0, custom_label=0.0, min_label=0, max_label=49, instance_name='p01.txt');0.0;0.05974113941192627;0.00965956412255764;0.03679680824279785
Data(x=[15, 11], edge_index=[2, 6], edge_attr=[6, 2], y=0.0, custom_label=0.0, min_label=0, max_label=49, instance_name='p01.txt');0.0;0.06264560669660568;0.0068672276102006435;7.030002885296269e-16
Data(x=[13, 11], edge_index=[2, 6], edge_attr=[6, 2], y=0.0, custom_label=0.0, min_label=0, max_label=49, instance_name='p01.txt');0.0;0.027993349358439445;0.008351231925189495;1.161746383218574e-24
Data(x=[13, 11], edge_index=[2, 6], edge_attr=[6, 2], y=0.0, custom_label=0.0, min_label=0, max_label=49, instance_name='p01.txt');0.0;0.08801497519016266;0.06399088352918625;6.701115960351247e-32
Data(x=[14, 11], edge_index=[2, 6], edge_attr=[6, 2], y=0.0, custom_label=0.0, min_label=0, max_label=49, instance_name='p01.txt');0.0;0.04592833295464516;0.006275436840951443;0.03679680824279785
Data(x=[14, 11], edge_index=[2, 6], edge_attr=[6, 2], y=0.0, custom_label=0.0, min_label=0, max_label=49, instance_name='p01.txt');0.0;0.04322106018662453;0.0090134022757411;0.03679680824279785
Data(x=[16, 11], edge_index=[2, 6], edge_attr=[6, 2], y=0.0, custom_label=0.0, min_label=0, max_label=49, instance_name='p01.txt');0.0;0.1187596395611763;0.06023024395108223;0.03679680824279785
Data(x=[13, 11], edge_index=[2, 6], edge_attr=[6, 2], y=0.0, custom_label=0.0, min_label=0, max_label=49, instance_name='p01.txt');0.0;0.09506812691688538;0.04982160031795502;0.03679680824279785
Data(x=[17, 11], edge_index=[2, 6], edge_attr=[6, 2], y=0.0, custom_label=0.0, min_label=0, max_label=49, instance_name='p01.txt');0.0;0.08155782520771027;0.014574235305190086;7.030002885296269e-16
Data(x=[18, 11], edge_index=[2, 6], edge_attr=[6, 2], y=0.0, custom_label=0.0, min_label=0, max_label=49, instance_name='p01.txt');0.0;0.12650993466377258;0.05415557697415352;0.03679678961634636
Data(x=[18, 11], edge_index=[2, 6], edge_attr=[6, 2], y=0.0, custom_label=0.0, min_label=0, max_label=49, instance_name='p01.txt');0.0;0.08859244734048843;0.015041060745716095;0.03679678961634636
Data(x=[19, 11], edge_index=[2, 6], edge_attr=[6, 2], y=0.0, custom_label=0.0, min_label=0, max_label=49, instance_name='p01.txt');0.0;0.09470345824956894;0.011779741384088993;0.03679678961634636
Data(x=[17, 11], edge_index=[2, 6], edge_attr=[6, 2], y=0.0, custom_label=0.0, min_label=0, max_label=49, instance_name='p01.txt');0.0;0.1818784773349762;0.0037402340676635504;0.03679678961634636
Data(x=[19, 11], edge_index=[2, 6], edge_attr=[6, 2], y=0.0, custom_label=0.0, min_label=0, max_label=49, instance_name='p01.txt');0.0;0.0932881161570549;0.015430063009262085;4.900197955873354e-22
Data(x=[14, 11], edge_index=[2, 6], edge_attr=[6, 2], y=0.0, custom_label=0.0, min_label=0, max_label=49, instance_name='p01.txt');0.0;0.04592834413051605;0.006275436840951443;0.03679680824279785
Data(x=[19, 11], edge_index=[2, 6], edge_attr=[6, 2], y=12.0, custom_label=0.24489796, min_label=0, max_label=49, instance_name='p01.txt');0.2448979616165161;0.40297120809555054;0.294277161359787;0.03679678961634636
Data(x=[19, 11], edge_index=[2, 6], edge_attr=[6, 2], y=11.0, custom_label=0.2244898, min_label=0, max_label=49, instance_name='p01.txt');0.22448979318141937;0.40297120809555054;0.294277161359787;0.03679678961634636
Data(x=[19, 11], edge_index=[2, 6], edge_attr=[6, 2], y=10.0, custom_label=0.20408164, min_label=0, max_label=49, instance_name='p01.txt');0.20408163964748383;0.40297120809555054;0.294277161359787;0.03679678961634636
Data(x=[19, 11], edge_index=[2, 6], edge_attr=[6, 2], y=9.0, custom_label=0.18367347, min_label=0, max_label=49, instance_name='p01.txt');0.18367347121238708;0.34222182631492615;0.43911826610565186;0.03679678961634636
Data(x=[19, 11], edge_index=[2, 6], edge_attr=[6, 2], y=8.0, custom_label=0.1632653, min_label=0, max_label=49, instance_name='p01.txt');0.16326530277729034;0.40297120809555054;0.294277161359787;0.03679678961634636
Data(x=[19, 11], edge_index=[2, 6], edge_attr=[6, 2], y=7.0, custom_label=0.14285715, min_label=0, max_label=49, instance_name='p01.txt');0.1428571492433548;0.40297120809555054;0.294277161359787;0.03679678961634636
Data(x=[19, 11], edge_index=[2, 6], edge_attr=[6, 2], y=6.0, custom_label=0.12244898, min_label=0, max_label=49, instance_name='p01.txt');0.12244898080825806;0.4493112564086914;0.3285699784755707;0.03679678961634636
Data(x=[19, 11], edge_index=[2, 6], edge_attr=[6, 2], y=5.0, custom_label=0.10204082, min_label=0, max_label=49, instance_name='p01.txt');0.10204081982374191;0.4493112564086914;0.3285699784755707;0.03679678961634636
Data(x=[19, 11], edge_index=[2, 6], edge_attr=[6, 2], y=4.0, custom_label=0.08163265, min_label=0, max_label=49, instance_name='p01.txt');0.08163265138864517;0.4493112564086914;0.3285699784755707;0.03679678961634636
Data(x=[19, 11], edge_index=[2, 6], edge_attr=[6, 2], y=3.0, custom_label=0.06122449, min_label=0, max_label=49, instance_name='p01.txt');0.06122449040412903;0.4493112564086914;0.3285699784755707;0.03679678961634636
Data(x=[19, 11], edge_index=[2, 6], edge_attr=[6, 2], y=2.0, custom_label=0.040816326, min_label=0, max_label=49, instance_name='p01.txt');0.040816325694322586;0.4493112564086914;0.3285699784755707;0.03679678961634636
Data(x=[19, 11], edge_index=[2, 6], edge_attr=[6, 2], y=1.0, custom_label=0.020408163, min_label=0, max_label=49, instance_name='p01.txt');0.020408162847161293;0.4493112564086914;0.3285699784755707;0.03679678961634636
Data(x=[19, 11], edge_index=[2, 6], edge_attr=[6, 2], y=0.0, custom_label=0.0, min_label=0, max_label=49, instance_name='p01.txt');0.0;0.1282246857881546;0.05422542989253998;0.03679678961634636
Data(x=[20, 11], edge_index=[2, 6], edge_attr=[6, 2], y=0.0, custom_label=0.0, min_label=0, max_label=49, instance_name='p01.txt');0.0;0.09751185774803162;0.015832658857107162;0.03679678961634636
Data(x=[19, 11], edge_index=[2, 6], edge_attr=[6, 2], y=0.0, custom_label=0.0, min_label=0, max_label=49, instance_name='p01.txt');0.0;0.12516377866268158;0.0689350888133049;0.03679678961634636
Data(x=[15, 11], edge_index=[2, 6], edge_attr=[6, 2], y=0.0, custom_label=0.0, min_label=0, max_label=49, instance_name='p01.txt');0.0;0.1161726787686348;0.052102670073509216;0.03679680824279785
Data(x=[18, 11], edge_index=[2, 6], edge_attr=[6, 2], y=0.0, custom_label=0.0, min_label=0, max_label=49, instance_name='p01.txt');0.0;0.08859244734048843;0.015041067264974117;0.03679678961634636
Data(x=[13, 11], edge_index=[2, 6], edge_attr=[6, 2], y=0.0, custom_label=0.0, min_label=0, max_label=49, instance_name='p01.txt');0.0;0.025951175019145012;0.012285275384783745;0.0
Data(x=[15, 11], edge_index=[2, 6], edge_attr=[6, 2], y=0.0, custom_label=0.0, min_label=0, max_label=49, instance_name='p01.txt');0.0;0.11397922039031982;0.05916450172662735;6.701115960351247e-32
Data(x=[17, 11], edge_index=[2, 6], edge_attr=[6, 2], y=0.0, custom_label=0.0, min_label=0, max_label=49, instance_name='p01.txt');0.0;0.12461642920970917;0.05359983444213867;0.03679678961634636
Data(x=[14, 11], edge_index=[2, 6], edge_attr=[6, 2], y=0.0, custom_label=0.0, min_label=0, max_label=49, instance_name='p01.txt');0.0;0.04322107136249542;0.009013392962515354;2.9461104584150375e-31
Data(x=[16, 11], edge_index=[2, 6], edge_attr=[6, 2], y=0.0, custom_label=0.0, min_label=0, max_label=49, instance_name='p01.txt');0.0;0.1458101123571396;0.0306260883808136;0.03679680824279785
Data(x=[15, 11], edge_index=[2, 6], edge_attr=[6, 2], y=0.0, custom_label=0.0, min_label=0, max_label=49, instance_name='p01.txt');0.0;0.05685298517346382;0.013501103036105633;4.900197955873354e-22
Data(x=[12, 11], edge_index=[2, 6], edge_attr=[6, 2], y=0.0, custom_label=0.0, min_label=0, max_label=49, instance_name='p01.txt');0.0;0.06660383194684982;0.062136370688676834;0.0
Data(x=[14, 11], edge_index=[2, 6], edge_attr=[6, 2], y=0.0, custom_label=0.0, min_label=0, max_label=49, instance_name='p01.txt');0.0;0.10447732359170914;0.0582464225590229;0.03679680824279785
Data(x=[22, 11], edge_index=[2, 6], edge_attr=[6, 2], y=35.0, custom_label=1.0, min_label=0, max_label=35, instance_name='p02.txt');1.0;0.8561787009239197;0.7498310208320618;0.03679678961634636
Data(x=[22, 11], edge_index=[2, 6], edge_attr=[6, 2], y=34.0, custom_label=0.9714286, min_label=0, max_label=35, instance_name='p02.txt');0.9714285731315613;0.8561787009239197;0.7498310208320618;0.03679678961634636
Data(x=[22, 11], edge_index=[2, 6], edge_attr=[6, 2], y=33.0, custom_label=0.94285715, min_label=0, max_label=35, instance_name='p02.txt');0.9428571462631226;0.8561787009239197;0.7498310208320618;0.03679678961634636
Data(x=[22, 11], edge_index=[2, 6], edge_attr=[6, 2], y=32.0, custom_label=0.9142857, min_label=0, max_label=35, instance_name='p02.txt');0.9142857193946838;0.8561787009239197;0.7498310208320618;0.03679678961634636
Data(x=[22, 11], edge_index=[2, 6], edge_attr=[6, 2], y=31.0, custom_label=0.8857143, min_label=0, max_label=35, instance_name='p02.txt');0.8857142925262451;0.8561787009239197;0.7498310208320618;0.03679678961634636
Data(x=[22, 11], edge_index=[2, 6], edge_attr=[6, 2], y=30.0, custom_label=0.85714287, min_label=0, max_label=35, instance_name='p02.txt');0.8571428656578064;0.8561787009239197;0.7498310208320618;0.03679678961634636
Data(x=[22, 11], edge_index=[2, 6], edge_attr=[6, 2], y=29.0, custom_label=0.82857144, min_label=0, max_label=35, instance_name='p02.txt');0.8285714387893677;0.8561787009239197;0.7498310208320618;0.03679678961634636
Data(x=[22, 11], edge_index=[2, 6], edge_attr=[6, 2], y=28.0, custom_label=0.8, min_label=0, max_label=35, instance_name='p02.txt');0.800000011920929;0.8561787009239197;0.7498310208320618;0.03679678961634636
Data(x=[22, 11], edge_index=[2, 6], edge_attr=[6, 2], y=27.0, custom_label=0.7714286, min_label=0, max_label=35, instance_name='p02.txt');0.7714285850524902;0.8561787009239197;0.7498310208320618;0.03679678961634636
Data(x=[22, 11], edge_index=[2, 6], edge_attr=[6, 2], y=26.0, custom_label=0.74285716, min_label=0, max_label=35, instance_name='p02.txt');0.7428571581840515;0.8561787009239197;0.7498310208320618;0.03679678961634636
Data(x=[22, 11], edge_index=[2, 6], edge_attr=[6, 2], y=25.0, custom_label=0.71428573, min_label=0, max_label=35, instance_name='p02.txt');0.7142857313156128;0.8561787009239197;0.7498310208320618;0.03679678961634636
Data(x=[22, 11], edge_index=[2, 6], edge_attr=[6, 2], y=24.0, custom_label=0.6857143, min_label=0, max_label=35, instance_name='p02.txt');0.6857143044471741;0.8561787009239197;0.7498310208320618;0.03679678961634636
Data(x=[22, 11], edge_index=[2, 6], edge_attr=[6, 2], y=23.0, custom_label=0.6571429, min_label=0, max_label=35, instance_name='p02.txt');0.6571428775787354;0.8561787009239197;0.7498310208320618;0.03679678961634636
Data(x=[22, 11], edge_index=[2, 6], edge_attr=[6, 2], y=22.0, custom_label=0.62857145, min_label=0, max_label=35, instance_name='p02.txt');0.6285714507102966;0.8561787009239197;0.7498310208320618;0.03679678961634636
Data(x=[22, 11], edge_index=[2, 6], edge_attr=[6, 2], y=21.0, custom_label=0.6, min_label=0, max_label=35, instance_name='p02.txt');0.6000000238418579;0.8561787009239197;0.7498310208320618;0.03679678961634636
Data(x=[22, 11], edge_index=[2, 6], edge_attr=[6, 2], y=20.0, custom_label=0.5714286, min_label=0, max_label=35, instance_name='p02.txt');0.5714285969734192;0.8561787009239197;0.7498310208320618;0.03679678961634636
Data(x=[22, 11], edge_index=[2, 6], edge_attr=[6, 2], y=19.0, custom_label=0.54285717, min_label=0, max_label=35, instance_name='p02.txt');0.5428571701049805;0.8561787009239197;0.7498310208320618;0.03679678961634636
Data(x=[22, 11], edge_index=[2, 6], edge_attr=[6, 2], y=18.0, custom_label=0.51428574, min_label=0, max_label=35, instance_name='p02.txt');0.5142857432365417;0.8561787009239197;0.7498310208320618;0.03679678961634636
Data(x=[22, 11], edge_index=[2, 6], edge_attr=[6, 2], y=17.0, custom_label=0.4857143, min_label=0, max_label=35, instance_name='p02.txt');0.48571428656578064;0.8561787009239197;0.7498310208320618;0.03679678961634636
Data(x=[22, 11], edge_index=[2, 6], edge_attr=[6, 2], y=16.0, custom_label=0.45714286, min_label=0, max_label=35, instance_name='p02.txt');0.4571428596973419;0.8561787009239197;0.7498310208320618;0.03679678961634636
Data(x=[22, 11], edge_index=[2, 6], edge_attr=[6, 2], y=15.0, custom_label=0.42857143, min_label=0, max_label=35, instance_name='p02.txt');0.4285714328289032;0.8561787009239197;0.7498310208320618;0.03679678961634636
Data(x=[22, 11], edge_index=[2, 6], edge_attr=[6, 2], y=14.0, custom_label=0.4, min_label=0, max_label=35, instance_name='p02.txt');0.4000000059604645;0.8561787009239197;0.7498310208320618;0.03679678961634636
Data(x=[22, 11], edge_index=[2, 6], edge_attr=[6, 2], y=13.0, custom_label=0.37142858, min_label=0, max_label=35, instance_name='p02.txt');0.37142857909202576;0.8561787009239197;0.7498310208320618;0.03679678961634636
Data(x=[22, 11], edge_index=[2, 6], edge_attr=[6, 2], y=12.0, custom_label=0.34285715, min_label=0, max_label=35, instance_name='p02.txt');0.34285715222358704;0.8561787009239197;0.7498310208320618;0.03679678961634636
Data(x=[22, 11], edge_index=[2, 6], edge_attr=[6, 2], y=11.0, custom_label=0.31428573, min_label=0, max_label=35, instance_name='p02.txt');0.3142857253551483;0.8561787009239197;0.7498310208320618;0.03679678961634636
Data(x=[22, 11], edge_index=[2, 6], edge_attr=[6, 2], y=10.0, custom_label=0.2857143, min_label=0, max_label=35, instance_name='p02.txt');0.2857142984867096;0.8561787009239197;0.7498310208320618;0.03679678961634636
Data(x=[22, 11], edge_index=[2, 6], edge_attr=[6, 2], y=9.0, custom_label=0.25714287, min_label=0, max_label=35, instance_name='p02.txt');0.2571428716182709;0.8561787009239197;0.7498310208320618;0.03679678961634636
Data(x=[22, 11], edge_index=[2, 6], edge_attr=[6, 2], y=8.0, custom_label=0.22857143, min_label=0, max_label=35, instance_name='p02.txt');0.22857142984867096;0.8561787009239197;0.7498310208320618;0.03679678961634636
Data(x=[22, 11], edge_index=[2, 6], edge_attr=[6, 2], y=7.0, custom_label=0.2, min_label=0, max_label=35, instance_name='p02.txt');0.20000000298023224;0.8561787009239197;0.7498310208320618;0.03679678961634636
Data(x=[22, 11], edge_index=[2, 6], edge_attr=[6, 2], y=6.0, custom_label=0.17142858, min_label=0, max_label=35, instance_name='p02.txt');0.17142857611179352;0.8561787009239197;0.7498310208320618;0.03679678961634636
Data(x=[22, 11], edge_index=[2, 6], edge_attr=[6, 2], y=5.0, custom_label=0.14285715, min_label=0, max_label=35, instance_name='p02.txt');0.1428571492433548;0.8561787009239197;0.7498310208320618;0.03679678961634636
Data(x=[22, 11], edge_index=[2, 6], edge_attr=[6, 2], y=4.0, custom_label=0.114285715, min_label=0, max_label=35, instance_name='p02.txt');0.11428571492433548;0.40655434131622314;0.2962251901626587;0.03679678961634636
Data(x=[22, 11], edge_index=[2, 6], edge_attr=[6, 2], y=3.0, custom_label=0.08571429, min_label=0, max_label=35, instance_name='p02.txt');0.08571428805589676;0.40655434131622314;0.2962251901626587;0.03679678961634636
Data(x=[22, 11], edge_index=[2, 6], edge_attr=[6, 2], y=2.0, custom_label=0.057142857, min_label=0, max_label=35, instance_name='p02.txt');0.05714285746216774;0.40655434131622314;0.2962251901626587;0.03679678961634636
Data(x=[22, 11], edge_index=[2, 6], edge_attr=[6, 2], y=1.0, custom_label=0.028571429, min_label=0, max_label=35, instance_name='p02.txt');0.02857142873108387;0.40655434131622314;0.2962251901626587;0.03679678961634636
Data(x=[22, 11], edge_index=[2, 6], edge_attr=[6, 2], y=0.0, custom_label=0.0, min_label=0, max_label=35, instance_name='p02.txt');0.0;0.13029278814792633;0.05297476425766945;0.03679678961634636
Data(x=[14, 11], edge_index=[2, 6], edge_attr=[6, 2], y=0.0, custom_label=0.0, min_label=0, max_label=35, instance_name='p02.txt');0.0;0.10763151198625565;0.05124152824282646;0.03679680824279785
Data(x=[14, 11], edge_index=[2, 6], edge_attr=[6, 2], y=0.0, custom_label=0.0, min_label=0, max_label=35, instance_name='p02.txt');0.0;0.10447732359170914;0.0582464225590229;0.03679680824279785
Data(x=[16, 11], edge_index=[2, 6], edge_attr=[6, 2], y=5.0, custom_label=0.14285715, min_label=0, max_label=35, instance_name='p02.txt');0.1428571492433548;0.47705891728401184;0.33487072587013245;0.03679680824279785
Data(x=[16, 11], edge_index=[2, 6], edge_attr=[6, 2], y=4.0, custom_label=0.114285715, min_label=0, max_label=35, instance_name='p02.txt');0.11428571492433548;0.47705891728401184;0.33487072587013245;0.03679680824279785
Data(x=[16, 11], edge_index=[2, 6], edge_attr=[6, 2], y=3.0, custom_label=0.08571429, min_label=0, max_label=35, instance_name='p02.txt');0.08571428805589676;0.3804217576980591;0.496898353099823;0.03679680824279785
Data(x=[16, 11], edge_index=[2, 6], edge_attr=[6, 2], y=2.0, custom_label=0.057142857, min_label=0, max_label=35, instance_name='p02.txt');0.05714285746216774;0.47705891728401184;0.33487072587013245;0.03679680824279785
Data(x=[16, 11], edge_index=[2, 6], edge_attr=[6, 2], y=1.0, custom_label=0.028571429, min_label=0, max_label=35, instance_name='p02.txt');0.02857142873108387;0.47705891728401184;0.33487072587013245;0.03679680824279785
Data(x=[16, 11], edge_index=[2, 6], edge_attr=[6, 2], y=0.0, custom_label=0.0, min_label=0, max_label=35, instance_name='p02.txt');0.0;0.12082242220640182;0.05283387377858162;0.03679680824279785
Data(x=[10, 11], edge_index=[2, 6], edge_attr=[6, 2], y=0.0, custom_label=0.0, min_label=0, max_label=35, instance_name='p02.txt');0.0;0.004226559307426214;0.0037089900579303503;7.030002885296269e-16
Data(x=[12, 11], edge_index=[2, 6], edge_attr=[6, 2], y=0.0, custom_label=0.0, min_label=0, max_label=35, instance_name='p02.txt');0.0;0.20850205421447754;0.0015798925887793303;0.03679680824279785
Data(x=[13, 11], edge_index=[2, 6], edge_attr=[6, 2], y=0.0, custom_label=0.0, min_label=0, max_label=35, instance_name='p02.txt');0.0;0.09174605458974838;0.05704199895262718;0.0
Data(x=[15, 11], edge_index=[2, 6], edge_attr=[6, 2], y=0.0, custom_label=0.0, min_label=0, max_label=35, instance_name='p02.txt');0.0;0.06264560669660568;0.0068672276102006435;0.03679680824279785
Data(x=[10, 11], edge_index=[2, 6], edge_attr=[6, 2], y=0.0, custom_label=0.0, min_label=0, max_label=35, instance_name='p02.txt');0.0;0.027461273595690727;0.05072099715471268;0.03679680824279785
Data(x=[13, 11], edge_index=[2, 6], edge_attr=[6, 2], y=2.0, custom_label=0.057142857, min_label=0, max_label=35, instance_name='p02.txt');0.05714285746216774;0.5813760757446289;0.4008168578147888;0.0
Data(x=[13, 11], edge_index=[2, 6], edge_attr=[6, 2], y=1.0, custom_label=0.028571429, min_label=0, max_label=35, instance_name='p02.txt');0.02857142873108387;0.6378157138824463;0.442349910736084;0.0
Data(x=[13, 11], edge_index=[2, 6], edge_attr=[6, 2], y=0.0, custom_label=0.0, min_label=0, max_label=35, instance_name='p02.txt');0.0;0.09174605458974838;0.05704199895262718;0.0
Data(x=[13, 11], edge_index=[2, 6], edge_attr=[6, 2], y=0.0, custom_label=0.0, min_label=0, max_label=35, instance_name='p02.txt');0.0;0.09174605458974838;0.05704199895262718;6.701115960351247e-32
Data(x=[15, 11], edge_index=[2, 6], edge_attr=[6, 2], y=0.0, custom_label=0.0, min_label=0, max_label=35, instance_name='p02.txt');0.0;0.1161726787686348;0.052102670073509216;0.03679680824279785
Data(x=[12, 11], edge_index=[2, 6], edge_attr=[6, 2], y=0.0, custom_label=0.0, min_label=0, max_label=35, instance_name='p02.txt');0.0;0.01492941752076149;0.011647097766399384;0.0
Data(x=[19, 11], edge_index=[2, 6], edge_attr=[6, 2], y=0.0, custom_label=0.0, min_label=0, max_label=35, instance_name='p02.txt');0.0;0.09470344334840775;0.011779741384088993;0.03679678961634636
Data(x=[12, 11], edge_index=[2, 6], edge_attr=[6, 2], y=0.0, custom_label=0.0, min_label=0, max_label=35, instance_name='p02.txt');0.0;0.07076390087604523;0.05521848797798157;6.701115960351247e-32
Data(x=[17, 11], edge_index=[2, 6], edge_attr=[6, 2], y=0.0, custom_label=0.0, min_label=0, max_label=35, instance_name='p02.txt');0.0;0.08155782520771027;0.014574235305190086;6.701167094355508e-32
Data(x=[18, 11], edge_index=[2, 6], edge_attr=[6, 2], y=0.0, custom_label=0.0, min_label=0, max_label=35, instance_name='p02.txt');0.0;0.12331791967153549;0.06875970959663391;0.03679678961634636
Data(x=[9, 11], edge_index=[2, 6], edge_attr=[6, 2], y=0.0, custom_label=0.0, min_label=0, max_label=35, instance_name='p02.txt');0.0;0.001434630947187543;0.005280166398733854;2.9461104584150375e-31
Data(x=[12, 11], edge_index=[2, 6], edge_attr=[6, 2], y=0.0, custom_label=0.0, min_label=0, max_label=35, instance_name='p02.txt');0.0;0.01764216460287571;0.005034202244132757;0.03679680824279785
Data(x=[13, 11], edge_index=[2, 6], edge_attr=[6, 2], y=0.0, custom_label=0.0, min_label=0, max_label=35, instance_name='p02.txt');0.0;0.025951175019145012;0.012285275384783745;2.9461104584150375e-31
Data(x=[14, 11], edge_index=[2, 6], edge_attr=[6, 2], y=0.0, custom_label=0.0, min_label=0, max_label=35, instance_name='p02.txt');0.0;0.04066656529903412;0.012902254238724709;6.701115960351247e-32
Data(x=[15, 11], edge_index=[2, 6], edge_attr=[6, 2], y=0.0, custom_label=0.0, min_label=0, max_label=35, instance_name='p02.txt');0.0;0.11397922039031982;0.05916450172662735;4.900197955873354e-22
Data(x=[13, 11], edge_index=[2, 6], edge_attr=[6, 2], y=3.0, custom_label=0.08571429, min_label=0, max_label=35, instance_name='p02.txt');0.08571428805589676;0.5813760757446289;0.4008168578147888;4.900197955873354e-22
Data(x=[13, 11], edge_index=[2, 6], edge_attr=[6, 2], y=2.0, custom_label=0.057142857, min_label=0, max_label=35, instance_name='p02.txt');0.05714285746216774;0.6378157734870911;0.442349910736084;4.900197955873354e-22
Data(x=[13, 11], edge_index=[2, 6], edge_attr=[6, 2], y=1.0, custom_label=0.028571429, min_label=0, max_label=35, instance_name='p02.txt');0.02857142873108387;0.6378157734870911;0.442349910736084;4.900197955873354e-22
Data(x=[13, 11], edge_index=[2, 6], edge_attr=[6, 2], y=0.0, custom_label=0.0, min_label=0, max_label=35, instance_name='p02.txt');0.0;0.09174605458974838;0.05704199895262718;4.900197955873354e-22
Data(x=[14, 11], edge_index=[2, 6], edge_attr=[6, 2], y=0.0, custom_label=0.0, min_label=0, max_label=35, instance_name='p02.txt');0.0;0.10447732359170914;0.0582464225590229;0.03679680824279785
Data(x=[14, 11], edge_index=[2, 6], edge_attr=[6, 2], y=0.0, custom_label=0.0, min_label=0, max_label=35, instance_name='p02.txt');0.0;0.14597879350185394;0.042106933891773224;0.0
Data(x=[13, 11], edge_index=[2, 6], edge_attr=[6, 2], y=0.0, custom_label=0.0, min_label=0, max_label=35, instance_name='p02.txt');0.0;0.14801281690597534;0.029855988919734955;7.030002885296269e-16
Data(x=[13, 11], edge_index=[2, 6], edge_attr=[6, 2], y=0.0, custom_label=0.0, min_label=0, max_label=35, instance_name='p02.txt');0.0;0.09174605458974838;0.05704197287559509;4.900197955873354e-22
Data(x=[18, 11], edge_index=[2, 6], edge_attr=[6, 2], y=0.0, custom_label=0.0, min_label=0, max_label=35, instance_name='p02.txt');0.0;0.09175995737314224;0.008496956899762154;0.03679678961634636
Data(x=[11, 11], edge_index=[2, 6], edge_attr=[6, 2], y=0.0, custom_label=0.0, min_label=0, max_label=35, instance_name='p02.txt');0.0;0.048404011875391006;0.05315566807985306;0.0
Data(x=[12, 11], edge_index=[2, 6], edge_attr=[6, 2], y=0.0, custom_label=0.0, min_label=0, max_label=35, instance_name='p02.txt');0.0;0.14321184158325195;5.725204027839936e-05;0.03679680824279785
Data(x=[18, 11], edge_index=[2, 6], edge_attr=[6, 2], y=0.0, custom_label=0.0, min_label=0, max_label=35, instance_name='p02.txt');0.0;0.09022115916013718;0.011310468427836895;0.03679678961634636
Data(x=[12, 11], edge_index=[2, 6], edge_attr=[6, 2], y=0.0, custom_label=0.0, min_label=0, max_label=35, instance_name='p02.txt');0.0;0.016232214868068695;0.007672486361116171;0.03679680824279785
Data(x=[13, 11], edge_index=[2, 6], edge_attr=[6, 2], y=0.0, custom_label=0.0, min_label=0, max_label=35, instance_name='p02.txt');0.0;0.2012723684310913;0.001956481486558914;0.03679680824279785
Data(x=[14, 11], edge_index=[2, 6], edge_attr=[6, 2], y=0.0, custom_label=0.0, min_label=0, max_label=35, instance_name='p02.txt');0.0;0.04066656529903412;0.012902254238724709;0.03679680824279785
Data(x=[14, 11], edge_index=[2, 6], edge_attr=[6, 2], y=0.0, custom_label=0.0, min_label=0, max_label=35, instance_name='p02.txt');0.0;0.10447732359170914;0.0582464225590229;0.03679680824279785
Data(x=[15, 11], edge_index=[2, 6], edge_attr=[6, 2], y=0.0, custom_label=0.0, min_label=0, max_label=35, instance_name='p02.txt');0.0;0.06264560669660568;0.0068672276102006435;0.03679680824279785
Data(x=[15, 11], edge_index=[2, 6], edge_attr=[6, 2], y=0.0, custom_label=0.0, min_label=0, max_label=35, instance_name='p02.txt');0.0;0.06264560669660568;0.0068672276102006435;0.03679680824279785
Data(x=[13, 11], edge_index=[2, 6], edge_attr=[6, 2], y=3.0, custom_label=0.08571429, min_label=0, max_label=35, instance_name='p02.txt');0.08571428805589676;0.5813760757446289;0.4008168578147888;0.03679680824279785
Data(x=[13, 11], edge_index=[2, 6], edge_attr=[6, 2], y=2.0, custom_label=0.057142857, min_label=0, max_label=35, instance_name='p02.txt');0.05714285746216774;0.5813760757446289;0.4008168578147888;0.03679680824279785
Data(x=[13, 11], edge_index=[2, 6], edge_attr=[6, 2], y=1.0, custom_label=0.028571429, min_label=0, max_label=35, instance_name='p02.txt');0.02857142873108387;0.5813760757446289;0.4008168578147888;0.03679680824279785
Data(x=[13, 11], edge_index=[2, 6], edge_attr=[6, 2], y=0.0, custom_label=0.0, min_label=0, max_label=35, instance_name='p02.txt');0.0;0.027993354946374893;0.008351231925189495;0.03679680824279785
Data(x=[17, 11], edge_index=[2, 6], edge_attr=[6, 2], y=0.0, custom_label=0.0, min_label=0, max_label=35, instance_name='p02.txt');0.0;0.08155781030654907;0.014574235305190086;0.03679678961634636
Data(x=[15, 11], edge_index=[2, 6], edge_attr=[6, 2], y=0.0, custom_label=0.0, min_label=0, max_label=35, instance_name='p02.txt');0.0;0.1161726787686348;0.052102670073509216;0.03679680824279785
Data(x=[13, 11], edge_index=[2, 6], edge_attr=[6, 2], y=0.0, custom_label=0.0, min_label=0, max_label=35, instance_name='p02.txt');0.0;0.03018958680331707;0.0056594680063426495;0.03679680824279785
Data(x=[13, 11], edge_index=[2, 6], edge_attr=[6, 2], y=0.0, custom_label=0.0, min_label=0, max_label=35, instance_name='p02.txt');0.0;0.09174605458974838;0.05704199895262718;0.03679680824279785
Data(x=[15, 11], edge_index=[2, 6], edge_attr=[6, 2], y=0.0, custom_label=0.0, min_label=0, max_label=35, instance_name='p02.txt');0.0;0.05974115431308746;0.00965956412255764;2.9461104584150375e-31
Data(x=[10, 11], edge_index=[2, 6], edge_attr=[6, 2], y=0.0, custom_label=0.0, min_label=0, max_label=35, instance_name='p02.txt');0.0;0.13372153043746948;0.39076942205429077;0.0
Data(x=[12, 11], edge_index=[2, 6], edge_attr=[6, 2], y=0.0, custom_label=0.0, min_label=0, max_label=35, instance_name='p02.txt');0.0;0.01764216460287571;0.005034202244132757;0.03679680824279785
Data(x=[11, 11], edge_index=[2, 6], edge_attr=[6, 2], y=0.0, custom_label=0.0, min_label=0, max_label=35, instance_name='p02.txt');0.0;0.04840400069952011;0.05315566807985306;6.701115960351247e-32
Data(x=[11, 11], edge_index=[2, 6], edge_attr=[6, 2], y=0.0, custom_label=0.0, min_label=0, max_label=35, instance_name='p02.txt');0.0;0.008437440730631351;0.006933997850865126;2.9734336491055507e-31
Data(x=[18, 11], edge_index=[2, 6], edge_attr=[6, 2], y=0.0, custom_label=0.0, min_label=0, max_label=35, instance_name='p02.txt');0.0;0.09022115916013718;0.011310468427836895;0.03679678961634636
Data(x=[12, 11], edge_index=[2, 6], edge_attr=[6, 2], y=0.0, custom_label=0.0, min_label=0, max_label=35, instance_name='p02.txt');0.0;0.20850205421447754;0.001579893403686583;0.03679680824279785
Data(x=[16, 11], edge_index=[2, 6], edge_attr=[6, 2], y=0.0, custom_label=0.0, min_label=0, max_label=35, instance_name='p02.txt');0.0;0.1187596544623375;0.06023024395108223;0.03679680824279785
Data(x=[12, 11], edge_index=[2, 6], edge_attr=[6, 2], y=0.0, custom_label=0.0, min_label=0, max_label=35, instance_name='p02.txt');0.0;0.20914067327976227;0.07491779327392578;0.03679680824279785
Data(x=[15, 11], edge_index=[2, 6], edge_attr=[6, 2], y=0.0, custom_label=0.0, min_label=0, max_label=35, instance_name='p02.txt');0.0;0.11397922039031982;0.05916450172662735;0.03679680824279785
Data(x=[19, 11], edge_index=[2, 6], edge_attr=[6, 2], y=51.0, custom_label=1.0, min_label=0, max_label=51, instance_name='p03.txt');1.0;0.4493112564086914;0.3285699784755707;0.03679678961634636
Data(x=[19, 11], edge_index=[2, 6], edge_attr=[6, 2], y=50.0, custom_label=0.98039216, min_label=0, max_label=51, instance_name='p03.txt');0.9803921580314636;0.4493112564086914;0.3285699784755707;0.03679678961634636
Data(x=[19, 11], edge_index=[2, 6], edge_attr=[6, 2], y=49.0, custom_label=0.9607843, min_label=0, max_label=51, instance_name='p03.txt');0.9607843160629272;0.4493112564086914;0.3285699784755707;0.03679678961634636
Data(x=[19, 11], edge_index=[2, 6], edge_attr=[6, 2], y=48.0, custom_label=0.9411765, min_label=0, max_label=51, instance_name='p03.txt');0.9411764740943909;0.4493112564086914;0.3285699784755707;0.03679678961634636
Data(x=[19, 11], edge_index=[2, 6], edge_attr=[6, 2], y=47.0, custom_label=0.92156863, min_label=0, max_label=51, instance_name='p03.txt');0.9215686321258545;0.4493112564086914;0.3285699784755707;0.03679678961634636
Data(x=[19, 11], edge_index=[2, 6], edge_attr=[6, 2], y=46.0, custom_label=0.9019608, min_label=0, max_label=51, instance_name='p03.txt');0.9019607901573181;0.4493112564086914;0.3285699784755707;0.03679678961634636
Data(x=[19, 11], edge_index=[2, 6], edge_attr=[6, 2], y=45.0, custom_label=0.88235295, min_label=0, max_label=51, instance_name='p03.txt');0.8823529481887817;0.4493112564086914;0.3285699784755707;0.03679678961634636
Data(x=[19, 11], edge_index=[2, 6], edge_attr=[6, 2], y=44.0, custom_label=0.8627451, min_label=0, max_label=51, instance_name='p03.txt');0.8627451062202454;0.4493112564086914;0.3285699784755707;0.03679678961634636
Data(x=[19, 11], edge_index=[2, 6], edge_attr=[6, 2], y=43.0, custom_label=0.84313726, min_label=0, max_label=51, instance_name='p03.txt');0.843137264251709;0.4493112564086914;0.3285699784755707;0.03679678961634636
Data(x=[19, 11], edge_index=[2, 6], edge_attr=[6, 2], y=42.0, custom_label=0.8235294, min_label=0, max_label=51, instance_name='p03.txt');0.8235294222831726;0.4493112564086914;0.3285699784755707;0.03679678961634636
Data(x=[19, 11], edge_index=[2, 6], edge_attr=[6, 2], y=41.0, custom_label=0.8039216, min_label=0, max_label=51, instance_name='p03.txt');0.8039215803146362;0.4493112564086914;0.3285699784755707;0.03679678961634636
Data(x=[19, 11], edge_index=[2, 6], edge_attr=[6, 2], y=40.0, custom_label=0.78431374, min_label=0, max_label=51, instance_name='p03.txt');0.7843137383460999;0.4493112564086914;0.3285699784755707;0.03679678961634636
Data(x=[19, 11], edge_index=[2, 6], edge_attr=[6, 2], y=39.0, custom_label=0.7647059, min_label=0, max_label=51, instance_name='p03.txt');0.7647058963775635;0.4493112564086914;0.3285699784755707;0.03679678961634636
Data(x=[19, 11], edge_index=[2, 6], edge_attr=[6, 2], y=38.0, custom_label=0.74509805, min_label=0, max_label=51, instance_name='p03.txt');0.7450980544090271;0.4493112564086914;0.3285699784755707;0.03679678961634636
Data(x=[19, 11], edge_index=[2, 6], edge_attr=[6, 2], y=37.0, custom_label=0.7254902, min_label=0, max_label=51, instance_name='p03.txt');0.7254902124404907;0.4493112564086914;0.3285699784755707;0.03679678961634636
Data(x=[19, 11], edge_index=[2, 6], edge_attr=[6, 2], y=36.0, custom_label=0.7058824, min_label=0, max_label=51, instance_name='p03.txt');0.7058823704719543;0.4493112564086914;0.3285699784755707;0.03679678961634636
Data(x=[19, 11], edge_index=[2, 6], edge_attr=[6, 2], y=35.0, custom_label=0.6862745, min_label=0, max_label=51, instance_name='p03.txt');0.686274528503418;0.4493112564086914;0.3285699784755707;0.03679678961634636
Data(x=[19, 11], edge_index=[2, 6], edge_attr=[6, 2], y=34.0, custom_label=0.6666667, min_label=0, max_label=51, instance_name='p03.txt');0.6666666865348816;0.4493112564086914;0.3285699784755707;0.03679678961634636
Data(x=[19, 11], edge_index=[2, 6], edge_attr=[6, 2], y=33.0, custom_label=0.64705884, min_label=0, max_label=51, instance_name='p03.txt');0.6470588445663452;0.4493112564086914;0.3285699784755707;0.03679678961634636
Data(x=[19, 11], edge_index=[2, 6], edge_attr=[6, 2], y=32.0, custom_label=0.627451, min_label=0, max_label=51, instance_name='p03.txt');0.6274510025978088;0.4493112564086914;0.3285699784755707;0.03679678961634636
Data(x=[19, 11], edge_index=[2, 6], edge_attr=[6, 2], y=31.0, custom_label=0.60784316, min_label=0, max_label=51, instance_name='p03.txt');0.6078431606292725;0.4493112564086914;0.3285699784755707;0.03679678961634636
Data(x=[19, 11], edge_index=[2, 6], edge_attr=[6, 2], y=30.0, custom_label=0.5882353, min_label=0, max_label=51, instance_name='p03.txt');0.5882353186607361;0.4493112564086914;0.3285699784755707;0.03679678961634636
Data(x=[19, 11], edge_index=[2, 6], edge_attr=[6, 2], y=29.0, custom_label=0.5686275, min_label=0, max_label=51, instance_name='p03.txt');0.5686274766921997;0.4493112564086914;0.3285699784755707;0.03679678961634636
Data(x=[19, 11], edge_index=[2, 6], edge_attr=[6, 2], y=28.0, custom_label=0.54901963, min_label=0, max_label=51, instance_name='p03.txt');0.5490196347236633;0.8824858665466309;0.7660982012748718;0.03679678961634636
Data(x=[19, 11], edge_index=[2, 6], edge_attr=[6, 2], y=27.0, custom_label=0.5294118, min_label=0, max_label=51, instance_name='p03.txt');0.529411792755127;0.8824858665466309;0.7660982012748718;0.03679678961634636
Data(x=[19, 11], edge_index=[2, 6], edge_attr=[6, 2], y=26.0, custom_label=0.50980395, min_label=0, max_label=51, instance_name='p03.txt');0.5098039507865906;0.4493112564086914;0.3285699784755707;0.03679678961634636
Data(x=[19, 11], edge_index=[2, 6], edge_attr=[6, 2], y=25.0, custom_label=0.49019608, min_label=0, max_label=51, instance_name='p03.txt');0.4901960790157318;0.4493112564086914;0.3285699784755707;0.03679678961634636
Data(x=[19, 11], edge_index=[2, 6], edge_attr=[6, 2], y=24.0, custom_label=0.47058824, min_label=0, max_label=51, instance_name='p03.txt');0.47058823704719543;0.4493112564086914;0.3285699784755707;0.03679678961634636
Data(x=[19, 11], edge_index=[2, 6], edge_attr=[6, 2], y=23.0, custom_label=0.4509804, min_label=0, max_label=51, instance_name='p03.txt');0.45098039507865906;0.4493112564086914;0.3285699784755707;0.03679678961634636
Data(x=[19, 11], edge_index=[2, 6], edge_attr=[6, 2], y=22.0, custom_label=0.43137255, min_label=0, max_label=51, instance_name='p03.txt');0.4313725531101227;0.4493112564086914;0.3285699784755707;0.03679678961634636
Data(x=[19, 11], edge_index=[2, 6], edge_attr=[6, 2], y=21.0, custom_label=0.4117647, min_label=0, max_label=51, instance_name='p03.txt');0.4117647111415863;0.4493112564086914;0.3285699784755707;0.03679678961634636
Data(x=[19, 11], edge_index=[2, 6], edge_attr=[6, 2], y=20.0, custom_label=0.39215687, min_label=0, max_label=51, instance_name='p03.txt');0.3921568691730499;0.4493112564086914;0.3285699784755707;0.03679678961634636
Data(x=[19, 11], edge_index=[2, 6], edge_attr=[6, 2], y=19.0, custom_label=0.37254903, min_label=0, max_label=51, instance_name='p03.txt');0.37254902720451355;0.4493112564086914;0.3285699784755707;0.03679678961634636
Data(x=[19, 11], edge_index=[2, 6], edge_attr=[6, 2], y=18.0, custom_label=0.3529412, min_label=0, max_label=51, instance_name='p03.txt');0.3529411852359772;0.4493112564086914;0.3285699784755707;0.03679678961634636
Data(x=[19, 11], edge_index=[2, 6], edge_attr=[6, 2], y=17.0, custom_label=0.33333334, min_label=0, max_label=51, instance_name='p03.txt');0.3333333432674408;0.4493112564086914;0.3285699784755707;0.03679678961634636
Data(x=[19, 11], edge_index=[2, 6], edge_attr=[6, 2], y=16.0, custom_label=0.3137255, min_label=0, max_label=51, instance_name='p03.txt');0.3137255012989044;0.4493112564086914;0.3285699784755707;0.03679678961634636
Data(x=[19, 11], edge_index=[2, 6], edge_attr=[6, 2], y=15.0, custom_label=0.29411766, min_label=0, max_label=51, instance_name='p03.txt');0.29411765933036804;0.4493112564086914;0.3285699784755707;0.03679678961634636
Data(x=[19, 11], edge_index=[2, 6], edge_attr=[6, 2], y=14.0, custom_label=0.27450982, min_label=0, max_label=51, instance_name='p03.txt');0.27450981736183167;0.4493112564086914;0.3285699784755707;0.03679678961634636
Data(x=[19, 11], edge_index=[2, 6], edge_attr=[6, 2], y=13.0, custom_label=0.25490198, min_label=0, max_label=51, instance_name='p03.txt');0.2549019753932953;0.4493112564086914;0.3285699784755707;0.03679678961634636
Data(x=[19, 11], edge_index=[2, 6], edge_attr=[6, 2], y=12.0, custom_label=0.23529412, min_label=0, max_label=51, instance_name='p03.txt');0.23529411852359772;0.4493112564086914;0.3285699784755707;0.03679678961634636
Data(x=[19, 11], edge_index=[2, 6], edge_attr=[6, 2], y=11.0, custom_label=0.21568628, min_label=0, max_label=51, instance_name='p03.txt');0.21568627655506134;0.4493112564086914;0.3285699784755707;0.03679678961634636
Data(x=[19, 11], edge_index=[2, 6], edge_attr=[6, 2], y=10.0, custom_label=0.19607843, min_label=0, max_label=51, instance_name='p03.txt');0.19607843458652496;0.4493112564086914;0.3285699784755707;0.03679678961634636
Data(x=[19, 11], edge_index=[2, 6], edge_attr=[6, 2], y=9.0, custom_label=0.1764706, min_label=0, max_label=51, instance_name='p03.txt');0.1764705926179886;0.4493112564086914;0.3285699784755707;0.03679678961634636
Data(x=[19, 11], edge_index=[2, 6], edge_attr=[6, 2], y=8.0, custom_label=0.15686275, min_label=0, max_label=51, instance_name='p03.txt');0.1568627506494522;0.4493112564086914;0.3285699784755707;0.03679678961634636
Data(x=[19, 11], edge_index=[2, 6], edge_attr=[6, 2], y=7.0, custom_label=0.13725491, min_label=0, max_label=51, instance_name='p03.txt');0.13725490868091583;0.8824858665466309;0.7660982012748718;0.03679678961634636
Data(x=[19, 11], edge_index=[2, 6], edge_attr=[6, 2], y=6.0, custom_label=0.11764706, min_label=0, max_label=51, instance_name='p03.txt');0.11764705926179886;0.8824858665466309;0.7660982012748718;0.03679678961634636
Data(x=[19, 11], edge_index=[2, 6], edge_attr=[6, 2], y=5.0, custom_label=0.09803922, min_label=0, max_label=51, instance_name='p03.txt');0.09803921729326248;0.4493112564086914;0.3285699784755707;0.03679678961634636
Data(x=[19, 11], edge_index=[2, 6], edge_attr=[6, 2], y=4.0, custom_label=0.078431375, min_label=0, max_label=51, instance_name='p03.txt');0.0784313753247261;0.4493112564086914;0.3285699784755707;0.03679678961634636
Data(x=[19, 11], edge_index=[2, 6], edge_attr=[6, 2], y=3.0, custom_label=0.05882353, min_label=0, max_label=51, instance_name='p03.txt');0.05882352963089943;0.4493112564086914;0.3285699784755707;0.03679678961634636
Data(x=[19, 11], edge_index=[2, 6], edge_attr=[6, 2], y=2.0, custom_label=0.039215688, min_label=0, max_label=51, instance_name='p03.txt');0.03921568766236305;0.4493112564086914;0.3285699784755707;0.03679678961634636
Data(x=[19, 11], edge_index=[2, 6], edge_attr=[6, 2], y=1.0, custom_label=0.019607844, min_label=0, max_label=51, instance_name='p03.txt');0.019607843831181526;0.4493112564086914;0.3285699784755707;0.03679678961634636
Data(x=[19, 11], edge_index=[2, 6], edge_attr=[6, 2], y=0.0, custom_label=0.0, min_label=0, max_label=51, instance_name='p03.txt');0.0;0.1282246857881546;0.05422542989253998;0.03679678961634636
Data(x=[16, 11], edge_index=[2, 6], edge_attr=[6, 2], y=0.0, custom_label=0.0, min_label=0, max_label=51, instance_name='p03.txt');0.0;0.07084894925355911;0.014061114750802517;0.03679680824279785
Data(x=[13, 11], edge_index=[2, 6], edge_attr=[6, 2], y=0.0, custom_label=0.0, min_label=0, max_label=51, instance_name='p03.txt');0.0;0.14717432856559753;6.080364983063191e-05;0.0
Data(x=[15, 11], edge_index=[2, 6], edge_attr=[6, 2], y=0.0, custom_label=0.0, min_label=0, max_label=51, instance_name='p03.txt');0.0;0.06264560669660568;0.0068672276102006435;5.218116193696491e-25
Data(x=[14, 11], edge_index=[2, 6], edge_attr=[6, 2], y=0.0, custom_label=0.0, min_label=0, max_label=51, instance_name='p03.txt');0.0;0.10763153433799744;0.05124152824282646;0.03679680824279785
Data(x=[14, 11], edge_index=[2, 6], edge_attr=[6, 2], y=0.0, custom_label=0.0, min_label=0, max_label=51, instance_name='p03.txt');0.0;0.10763153433799744;0.05124152824282646;0.03679680824279785
Data(x=[10, 11], edge_index=[2, 6], edge_attr=[6, 2], y=0.0, custom_label=0.0, min_label=0, max_label=51, instance_name='p03.txt');0.0;0.22512002289295197;0.0009144459618255496;0.03679680824279785
Data(x=[17, 11], edge_index=[2, 6], edge_attr=[6, 2], y=4.0, custom_label=0.078431375, min_label=0, max_label=51, instance_name='p03.txt');0.0784313753247261;0.4012783467769623;0.2919921576976776;1.161746383218574e-24
Data(x=[17, 11], edge_index=[2, 6], edge_attr=[6, 2], y=3.0, custom_label=0.05882353, min_label=0, max_label=51, instance_name='p03.txt');0.05882352963089943;0.44797587394714355;0.3305578827857971;1.161746383218574e-24
Data(x=[17, 11], edge_index=[2, 6], edge_attr=[6, 2], y=2.0, custom_label=0.039215688, min_label=0, max_label=51, instance_name='p03.txt');0.03921568766236305;0.35694485902786255;0.4843023121356964;0.03679678961634636
Data(x=[17, 11], edge_index=[2, 6], edge_attr=[6, 2], y=1.0, custom_label=0.019607844, min_label=0, max_label=51, instance_name='p03.txt');0.019607843831181526;0.44797587394714355;0.3305578827857971;1.161746383218574e-24
Data(x=[17, 11], edge_index=[2, 6], edge_attr=[6, 2], y=0.0, custom_label=0.0, min_label=0, max_label=51, instance_name='p03.txt');0.0;0.0835718885064125;0.010807029902935028;1.161746383218574e-24
Data(x=[12, 11], edge_index=[2, 6], edge_attr=[6, 2], y=0.0, custom_label=0.0, min_label=0, max_label=51, instance_name='p03.txt');0.0;0.06660383194684982;0.06213640049099922;0.0
Data(x=[11, 11], edge_index=[2, 6], edge_attr=[6, 2], y=0.0, custom_label=0.0, min_label=0, max_label=51, instance_name='p03.txt');0.0;0.13988275825977325;3.2781390473246574e-05;0.0
Data(x=[13, 11], edge_index=[2, 6], edge_attr=[6, 2], y=0.0, custom_label=0.0, min_label=0, max_label=51, instance_name='p03.txt');0.0;0.03018958680331707;0.0056594680063426495;0.03679680824279785
Data(x=[11, 11], edge_index=[2, 6], edge_attr=[6, 2], y=0.0, custom_label=0.0, min_label=0, max_label=51, instance_name='p03.txt');0.0;0.14435555040836334;0.028838317841291428;2.9461104584150375e-31
Data(x=[11, 11], edge_index=[2, 6], edge_attr=[6, 2], y=0.0, custom_label=0.0, min_label=0, max_label=51, instance_name='p03.txt');0.0;0.13988277316093445;3.2781390473246574e-05;0.0
Data(x=[13, 11], edge_index=[2, 6], edge_attr=[6, 2], y=0.0, custom_label=0.0, min_label=0, max_label=51, instance_name='p03.txt');0.0;0.09506812691688538;0.04982160031795502;0.03679680824279785
Data(x=[12, 11], edge_index=[2, 6], edge_attr=[6, 2], y=0.0, custom_label=0.0, min_label=0, max_label=51, instance_name='p03.txt');0.0;0.01764216460287571;0.005034199915826321;0.03679680824279785
Data(x=[15, 11], edge_index=[2, 6], edge_attr=[6, 2], y=0.0, custom_label=0.0, min_label=0, max_label=51, instance_name='p03.txt');0.0;0.06264560669660568;0.0068672276102006435;0.03679680824279785
Data(x=[11, 11], edge_index=[2, 6], edge_attr=[6, 2], y=0.0, custom_label=0.0, min_label=0, max_label=51, instance_name='p03.txt');0.0;0.008437437005341053;0.006933999713510275;0.0
Data(x=[16, 11], edge_index=[2, 6], edge_attr=[6, 2], y=0.0, custom_label=0.0, min_label=0, max_label=51, instance_name='p03.txt');0.0;0.07610517740249634;0.007439663168042898;0.03679680824279785
Data(x=[9, 11], edge_index=[2, 6], edge_attr=[6, 2], y=0.0, custom_label=0.0, min_label=0, max_label=51, instance_name='p03.txt');0.0;0.0014346301322802901;0.005280164070427418;0.0
Data(x=[13, 11], edge_index=[2, 6], edge_attr=[6, 2], y=0.0, custom_label=0.0, min_label=0, max_label=51, instance_name='p03.txt');0.0;0.09174605458974838;0.05704199895262718;0.03679680824279785
Data(x=[12, 11], edge_index=[2, 6], edge_attr=[6, 2], y=0.0, custom_label=0.0, min_label=0, max_label=51, instance_name='p03.txt');0.0;0.01492941752076149;0.011647097766399384;5.218116193696491e-25
Data(x=[12, 11], edge_index=[2, 6], edge_attr=[6, 2], y=0.0, custom_label=0.0, min_label=0, max_label=51, instance_name='p03.txt');0.0;0.06660383194684982;0.06213640049099922;0.0
Data(x=[14, 11], edge_index=[2, 6], edge_attr=[6, 2], y=4.0, custom_label=0.078431375, min_label=0, max_label=51, instance_name='p03.txt');0.0784313753247261;0.6646738648414612;0.37152546644210815;0.0
Data(x=[14, 11], edge_index=[2, 6], edge_attr=[6, 2], y=3.0, custom_label=0.05882353, min_label=0, max_label=51, instance_name='p03.txt');0.05882352963089943;0.6646738648414612;0.37152546644210815;0.0
Data(x=[14, 11], edge_index=[2, 6], edge_attr=[6, 2], y=2.0, custom_label=0.039215688, min_label=0, max_label=51, instance_name='p03.txt');0.03921568766236305;0.6646738648414612;0.37152546644210815;0.0
Data(x=[14, 11], edge_index=[2, 6], edge_attr=[6, 2], y=1.0, custom_label=0.019607844, min_label=0, max_label=51, instance_name='p03.txt');0.019607843831181526;0.6646738648414612;0.37152546644210815;0.0
Data(x=[14, 11], edge_index=[2, 6], edge_attr=[6, 2], y=0.0, custom_label=0.0, min_label=0, max_label=51, instance_name='p03.txt');0.0;0.14754578471183777;9.433389641344547e-05;0.0
Data(x=[14, 11], edge_index=[2, 6], edge_attr=[6, 2], y=0.0, custom_label=0.0, min_label=0, max_label=51, instance_name='p03.txt');0.0;0.10447732359170914;0.0582464225590229;0.0
Data(x=[15, 11], edge_index=[2, 6], edge_attr=[6, 2], y=0.0, custom_label=0.0, min_label=0, max_label=51, instance_name='p03.txt');0.0;0.06264560669660568;0.0068672276102006435;0.03679680824279785
Data(x=[11, 11], edge_index=[2, 6], edge_attr=[6, 2], y=0.0, custom_label=0.0, min_label=0, max_label=51, instance_name='p03.txt');0.0;0.14325059950351715;2.013981247728225e-05;0.0
Data(x=[13, 11], edge_index=[2, 6], edge_attr=[6, 2], y=2.0, custom_label=0.039215688, min_label=0, max_label=51, instance_name='p03.txt');0.03921568766236305;0.5833397507667542;0.3880707621574402;7.030002885296269e-16
Data(x=[13, 11], edge_index=[2, 6], edge_attr=[6, 2], y=1.0, custom_label=0.019607844, min_label=0, max_label=51, instance_name='p03.txt');0.019607843831181526;0.6396148204803467;0.43113866448402405;0.03679680824279785
Data(x=[13, 11], edge_index=[2, 6], edge_attr=[6, 2], y=0.0, custom_label=0.0, min_label=0, max_label=51, instance_name='p03.txt');0.0;0.09506812691688538;0.04982160031795502;0.03679680824279785
Data(x=[12, 11], edge_index=[2, 6], edge_attr=[6, 2], y=0.0, custom_label=0.0, min_label=0, max_label=51, instance_name='p03.txt');0.0;0.075162872672081;0.04818790405988693;0.03679680824279785
Data(x=[13, 11], edge_index=[2, 6], edge_attr=[6, 2], y=0.0, custom_label=0.0, min_label=0, max_label=51, instance_name='p03.txt');0.0;0.09174605458974838;0.05704199895262718;0.03679680824279785
Data(x=[11, 11], edge_index=[2, 6], edge_attr=[6, 2], y=0.0, custom_label=0.0, min_label=0, max_label=51, instance_name='p03.txt');0.0;0.007695927284657955;0.010932980105280876;0.0
Data(x=[12, 11], edge_index=[2, 6], edge_attr=[6, 2], y=0.0, custom_label=0.0, min_label=0, max_label=51, instance_name='p03.txt');0.0;0.016232214868068695;0.007672486361116171;1.161746383218574e-24
Data(x=[11, 11], edge_index=[2, 6], edge_attr=[6, 2], y=0.0, custom_label=0.0, min_label=0, max_label=51, instance_name='p03.txt');0.0;0.052011944353580475;0.0463106632232666;0.03679680824279785
Data(x=[13, 11], edge_index=[2, 6], edge_attr=[6, 2], y=0.0, custom_label=0.0, min_label=0, max_label=51, instance_name='p03.txt');0.0;0.027993349358439445;0.008351227268576622;0.03679680824279785
Data(x=[13, 11], edge_index=[2, 6], edge_attr=[6, 2], y=0.0, custom_label=0.0, min_label=0, max_label=51, instance_name='p03.txt');0.0;0.19892668724060059;0.0840313583612442;0.0
Data(x=[16, 11], edge_index=[2, 6], edge_attr=[6, 2], y=0.0, custom_label=0.0, min_label=0, max_label=51, instance_name='p03.txt');0.0;0.14522917568683624;0.00019699578115250915;0.03679680824279785
Data(x=[12, 11], edge_index=[2, 6], edge_attr=[6, 2], y=0.0, custom_label=0.0, min_label=0, max_label=51, instance_name='p03.txt');0.0;0.075162872672081;0.04818790405988693;0.03679680824279785
Data(x=[11, 11], edge_index=[2, 6], edge_attr=[6, 2], y=0.0, custom_label=0.0, min_label=0, max_label=51, instance_name='p03.txt');0.0;0.008437440730631351;0.006933999713510275;0.03679680824279785
Data(x=[14, 11], edge_index=[2, 6], edge_attr=[6, 2], y=0.0, custom_label=0.0, min_label=0, max_label=51, instance_name='p03.txt');0.0;0.1014050617814064;0.06523298472166061;0.03679680824279785
Data(x=[15, 11], edge_index=[2, 6], edge_attr=[6, 2], y=0.0, custom_label=0.0, min_label=0, max_label=51, instance_name='p03.txt');0.0;0.11397922039031982;0.05916450172662735;0.03679680824279785
Data(x=[32, 11], edge_index=[2, 8], edge_attr=[8, 2], y=107.0, custom_label=1.0, min_label=0, max_label=107, instance_name='p04.txt');1.0;0.8417499661445618;0.7417296171188354;0.03679678961634636
Data(x=[32, 11], edge_index=[2, 8], edge_attr=[8, 2], y=106.0, custom_label=0.99065423, min_label=0, max_label=107, instance_name='p04.txt');0.9906542301177979;0.8417499661445618;0.7417296171188354;0.03679678961634636
Data(x=[32, 11], edge_index=[2, 8], edge_attr=[8, 2], y=105.0, custom_label=0.9813084, min_label=0, max_label=107, instance_name='p04.txt');0.9813084006309509;0.8417499661445618;0.7417296171188354;0.03679678961634636
Data(x=[32, 11], edge_index=[2, 8], edge_attr=[8, 2], y=104.0, custom_label=0.97196263, min_label=0, max_label=107, instance_name='p04.txt');0.9719626307487488;0.8417499661445618;0.7417296171188354;0.03679678961634636
Data(x=[32, 11], edge_index=[2, 8], edge_attr=[8, 2], y=103.0, custom_label=0.9626168, min_label=0, max_label=107, instance_name='p04.txt');0.9626168012619019;0.8417499661445618;0.7417296171188354;0.03679678961634636
Data(x=[32, 11], edge_index=[2, 8], edge_attr=[8, 2], y=102.0, custom_label=0.95327103, min_label=0, max_label=107, instance_name='p04.txt');0.9532710313796997;0.8417499661445618;0.7417296171188354;0.03679678961634636
Data(x=[32, 11], edge_index=[2, 8], edge_attr=[8, 2], y=101.0, custom_label=0.94392526, min_label=0, max_label=107, instance_name='p04.txt');0.9439252614974976;0.8417499661445618;0.7417296171188354;0.03679678961634636
Data(x=[32, 11], edge_index=[2, 8], edge_attr=[8, 2], y=100.0, custom_label=0.93457943, min_label=0, max_label=107, instance_name='p04.txt');0.9345794320106506;0.8417499661445618;0.7417296171188354;0.03679678961634636
Data(x=[32, 11], edge_index=[2, 8], edge_attr=[8, 2], y=99.0, custom_label=0.92523366, min_label=0, max_label=107, instance_name='p04.txt');0.9252336621284485;0.8417499661445618;0.7417296171188354;0.03679678961634636
Data(x=[32, 11], edge_index=[2, 8], edge_attr=[8, 2], y=98.0, custom_label=0.91588783, min_label=0, max_label=107, instance_name='p04.txt');0.9158878326416016;0.8417499661445618;0.7417296171188354;0.03679678961634636
Data(x=[32, 11], edge_index=[2, 8], edge_attr=[8, 2], y=97.0, custom_label=0.90654206, min_label=0, max_label=107, instance_name='p04.txt');0.9065420627593994;0.8417499661445618;0.7417296171188354;0.03679678961634636
Data(x=[32, 11], edge_index=[2, 8], edge_attr=[8, 2], y=96.0, custom_label=0.89719623, min_label=0, max_label=107, instance_name='p04.txt');0.8971962332725525;0.8417499661445618;0.7417296171188354;0.03679678961634636
Data(x=[32, 11], edge_index=[2, 8], edge_attr=[8, 2], y=95.0, custom_label=0.88785046, min_label=0, max_label=107, instance_name='p04.txt');0.8878504633903503;0.8417499661445618;0.7417296171188354;0.03679678961634636
Data(x=[32, 11], edge_index=[2, 8], edge_attr=[8, 2], y=94.0, custom_label=0.8785047, min_label=0, max_label=107, instance_name='p04.txt');0.8785046935081482;0.8417499661445618;0.7417296171188354;0.03679678961634636
Data(x=[32, 11], edge_index=[2, 8], edge_attr=[8, 2], y=93.0, custom_label=0.86915886, min_label=0, max_label=107, instance_name='p04.txt');0.8691588640213013;0.8417499661445618;0.7417296171188354;0.03679678961634636
Data(x=[32, 11], edge_index=[2, 8], edge_attr=[8, 2], y=92.0, custom_label=0.8598131, min_label=0, max_label=107, instance_name='p04.txt');0.8598130941390991;0.8417499661445618;0.7417296171188354;0.03679678961634636
Data(x=[32, 11], edge_index=[2, 8], edge_attr=[8, 2], y=91.0, custom_label=0.85046726, min_label=0, max_label=107, instance_name='p04.txt');0.8504672646522522;0.8417499661445618;0.7417296171188354;0.03679678961634636
Data(x=[32, 11], edge_index=[2, 8], edge_attr=[8, 2], y=90.0, custom_label=0.8411215, min_label=0, max_label=107, instance_name='p04.txt');0.84112149477005;0.8417499661445618;0.7417296171188354;0.03679678961634636
Data(x=[32, 11], edge_index=[2, 8], edge_attr=[8, 2], y=89.0, custom_label=0.8317757, min_label=0, max_label=107, instance_name='p04.txt');0.8317757248878479;0.8417499661445618;0.7417296171188354;0.03679678961634636
Data(x=[32, 11], edge_index=[2, 8], edge_attr=[8, 2], y=88.0, custom_label=0.8224299, min_label=0, max_label=107, instance_name='p04.txt');0.822429895401001;0.8417499661445618;0.7417296171188354;0.03679678961634636
Data(x=[32, 11], edge_index=[2, 8], edge_attr=[8, 2], y=87.0, custom_label=0.8130841, min_label=0, max_label=107, instance_name='p04.txt');0.8130841255187988;0.8417499661445618;0.7417296171188354;0.03679678961634636
Data(x=[32, 11], edge_index=[2, 8], edge_attr=[8, 2], y=86.0, custom_label=0.8037383, min_label=0, max_label=107, instance_name='p04.txt');0.8037382960319519;0.8417499661445618;0.7417296171188354;0.03679678961634636
Data(x=[32, 11], edge_index=[2, 8], edge_attr=[8, 2], y=85.0, custom_label=0.7943925, min_label=0, max_label=107, instance_name='p04.txt');0.7943925261497498;0.8417499661445618;0.7417296171188354;0.03679678961634636
Data(x=[32, 11], edge_index=[2, 8], edge_attr=[8, 2], y=84.0, custom_label=0.78504676, min_label=0, max_label=107, instance_name='p04.txt');0.7850467562675476;0.8417499661445618;0.7417296171188354;0.03679678961634636
Data(x=[32, 11], edge_index=[2, 8], edge_attr=[8, 2], y=83.0, custom_label=0.7757009, min_label=0, max_label=107, instance_name='p04.txt');0.7757009267807007;0.8417499661445618;0.7417296171188354;0.03679678961634636
Data(x=[32, 11], edge_index=[2, 8], edge_attr=[8, 2], y=82.0, custom_label=0.76635516, min_label=0, max_label=107, instance_name='p04.txt');0.7663551568984985;0.8417499661445618;0.7417296171188354;0.03679678961634636
Data(x=[32, 11], edge_index=[2, 8], edge_attr=[8, 2], y=81.0, custom_label=0.7570093, min_label=0, max_label=107, instance_name='p04.txt');0.7570093274116516;0.8417499661445618;0.7417296171188354;0.03679678961634636
Data(x=[32, 11], edge_index=[2, 8], edge_attr=[8, 2], y=80.0, custom_label=0.74766356, min_label=0, max_label=107, instance_name='p04.txt');0.7476635575294495;0.8417499661445618;0.7417296171188354;0.03679678961634636
Data(x=[32, 11], edge_index=[2, 8], edge_attr=[8, 2], y=79.0, custom_label=0.7383177, min_label=0, max_label=107, instance_name='p04.txt');0.7383177280426025;0.8417499661445618;0.7417296171188354;0.03679678961634636
Data(x=[32, 11], edge_index=[2, 8], edge_attr=[8, 2], y=78.0, custom_label=0.72897196, min_label=0, max_label=107, instance_name='p04.txt');0.7289719581604004;0.8417499661445618;0.7417296171188354;0.03679678961634636
Data(x=[32, 11], edge_index=[2, 8], edge_attr=[8, 2], y=77.0, custom_label=0.7196262, min_label=0, max_label=107, instance_name='p04.txt');0.7196261882781982;0.8417499661445618;0.7417296171188354;0.03679678961634636
Data(x=[32, 11], edge_index=[2, 8], edge_attr=[8, 2], y=76.0, custom_label=0.71028036, min_label=0, max_label=107, instance_name='p04.txt');0.7102803587913513;0.8417499661445618;0.7417296171188354;0.03679678961634636
Data(x=[32, 11], edge_index=[2, 8], edge_attr=[8, 2], y=75.0, custom_label=0.7009346, min_label=0, max_label=107, instance_name='p04.txt');0.7009345889091492;0.8417499661445618;0.7417296171188354;0.03679678961634636
Data(x=[32, 11], edge_index=[2, 8], edge_attr=[8, 2], y=74.0, custom_label=0.69158876, min_label=0, max_label=107, instance_name='p04.txt');0.6915887594223022;0.8417499661445618;0.7417296171188354;0.03679678961634636
Data(x=[32, 11], edge_index=[2, 8], edge_attr=[8, 2], y=73.0, custom_label=0.682243, min_label=0, max_label=107, instance_name='p04.txt');0.6822429895401001;0.8417499661445618;0.7417296171188354;0.03679678961634636
Data(x=[32, 11], edge_index=[2, 8], edge_attr=[8, 2], y=72.0, custom_label=0.6728972, min_label=0, max_label=107, instance_name='p04.txt');0.672897219657898;0.8417499661445618;0.7417296171188354;0.03679678961634636
Data(x=[32, 11], edge_index=[2, 8], edge_attr=[8, 2], y=71.0, custom_label=0.6635514, min_label=0, max_label=107, instance_name='p04.txt');0.663551390171051;0.8417499661445618;0.7417296171188354;0.03679678961634636
Data(x=[32, 11], edge_index=[2, 8], edge_attr=[8, 2], y=70.0, custom_label=0.6542056, min_label=0, max_label=107, instance_name='p04.txt');0.6542056202888489;0.5157830715179443;0.35091066360473633;0.03679678961634636
Data(x=[32, 11], edge_index=[2, 8], edge_attr=[8, 2], y=69.0, custom_label=0.6448598, min_label=0, max_label=107, instance_name='p04.txt');0.644859790802002;0.5157830715179443;0.35091066360473633;0.03679678961634636
Data(x=[32, 11], edge_index=[2, 8], edge_attr=[8, 2], y=68.0, custom_label=0.635514, min_label=0, max_label=107, instance_name='p04.txt');0.6355140209197998;0.5157830715179443;0.35091066360473633;0.03679678961634636
Data(x=[32, 11], edge_index=[2, 8], edge_attr=[8, 2], y=67.0, custom_label=0.62616825, min_label=0, max_label=107, instance_name='p04.txt');0.6261682510375977;0.5157830715179443;0.35091066360473633;0.03679678961634636
Data(x=[32, 11], edge_index=[2, 8], edge_attr=[8, 2], y=66.0, custom_label=0.6168224, min_label=0, max_label=107, instance_name='p04.txt');0.6168224215507507;0.5157830715179443;0.35091066360473633;0.03679678961634636
Data(x=[32, 11], edge_index=[2, 8], edge_attr=[8, 2], y=65.0, custom_label=0.60747665, min_label=0, max_label=107, instance_name='p04.txt');0.6074766516685486;0.5157830715179443;0.35091066360473633;0.03679678961634636
Data(x=[32, 11], edge_index=[2, 8], edge_attr=[8, 2], y=64.0, custom_label=0.5981308, min_label=0, max_label=107, instance_name='p04.txt');0.5981308221817017;0.5157830715179443;0.35091066360473633;0.03679678961634636
Data(x=[32, 11], edge_index=[2, 8], edge_attr=[8, 2], y=63.0, custom_label=0.58878505, min_label=0, max_label=107, instance_name='p04.txt');0.5887850522994995;0.5157830715179443;0.35091066360473633;0.03679678961634636
Data(x=[32, 11], edge_index=[2, 8], edge_attr=[8, 2], y=62.0, custom_label=0.5794392, min_label=0, max_label=107, instance_name='p04.txt');0.5794392228126526;0.5157830715179443;0.35091066360473633;0.03679678961634636
Data(x=[32, 11], edge_index=[2, 8], edge_attr=[8, 2], y=61.0, custom_label=0.57009345, min_label=0, max_label=107, instance_name='p04.txt');0.5700934529304504;0.5157830715179443;0.35091066360473633;0.03679678961634636
Data(x=[32, 11], edge_index=[2, 8], edge_attr=[8, 2], y=60.0, custom_label=0.5607477, min_label=0, max_label=107, instance_name='p04.txt');0.5607476830482483;0.5157830715179443;0.35091066360473633;0.03679678961634636
Data(x=[32, 11], edge_index=[2, 8], edge_attr=[8, 2], y=59.0, custom_label=0.55140185, min_label=0, max_label=107, instance_name='p04.txt');0.5514018535614014;0.5157830715179443;0.35091066360473633;0.03679678961634636
Data(x=[32, 11], edge_index=[2, 8], edge_attr=[8, 2], y=58.0, custom_label=0.5420561, min_label=0, max_label=107, instance_name='p04.txt');0.5420560836791992;0.5157830715179443;0.35091066360473633;0.03679678961634636
Data(x=[32, 11], edge_index=[2, 8], edge_attr=[8, 2], y=57.0, custom_label=0.53271025, min_label=0, max_label=107, instance_name='p04.txt');0.5327102541923523;0.5157830715179443;0.35091066360473633;0.03679678961634636
Data(x=[32, 11], edge_index=[2, 8], edge_attr=[8, 2], y=56.0, custom_label=0.5233645, min_label=0, max_label=107, instance_name='p04.txt');0.5233644843101501;0.5157830715179443;0.35091066360473633;0.03679678961634636
Data(x=[32, 11], edge_index=[2, 8], edge_attr=[8, 2], y=55.0, custom_label=0.5140187, min_label=0, max_label=107, instance_name='p04.txt');0.514018714427948;0.5157830715179443;0.35091066360473633;0.03679678961634636
Data(x=[32, 11], edge_index=[2, 8], edge_attr=[8, 2], y=54.0, custom_label=0.5046729, min_label=0, max_label=107, instance_name='p04.txt');0.5046728849411011;0.5157830715179443;0.35091066360473633;0.03679678961634636
Data(x=[32, 11], edge_index=[2, 8], edge_attr=[8, 2], y=53.0, custom_label=0.49532712, min_label=0, max_label=107, instance_name='p04.txt');0.4953271150588989;0.5157830715179443;0.35091066360473633;0.03679678961634636
Data(x=[32, 11], edge_index=[2, 8], edge_attr=[8, 2], y=52.0, custom_label=0.48598132, min_label=0, max_label=107, instance_name='p04.txt');0.4859813153743744;0.5157830715179443;0.35091066360473633;0.03679678961634636
Data(x=[32, 11], edge_index=[2, 8], edge_attr=[8, 2], y=51.0, custom_label=0.47663552, min_label=0, max_label=107, instance_name='p04.txt');0.47663551568984985;0.5157830715179443;0.35091066360473633;0.03679678961634636
Data(x=[32, 11], edge_index=[2, 8], edge_attr=[8, 2], y=50.0, custom_label=0.46728972, min_label=0, max_label=107, instance_name='p04.txt');0.4672897160053253;0.5157830715179443;0.35091066360473633;0.03679678961634636
Data(x=[32, 11], edge_index=[2, 8], edge_attr=[8, 2], y=49.0, custom_label=0.45794392, min_label=0, max_label=107, instance_name='p04.txt');0.4579439163208008;0.5157830715179443;0.35091066360473633;0.03679678961634636
Data(x=[32, 11], edge_index=[2, 8], edge_attr=[8, 2], y=48.0, custom_label=0.44859812, min_label=0, max_label=107, instance_name='p04.txt');0.44859811663627625;0.5157830715179443;0.35091066360473633;0.03679678961634636
Data(x=[32, 11], edge_index=[2, 8], edge_attr=[8, 2], y=47.0, custom_label=0.43925235, min_label=0, max_label=107, instance_name='p04.txt');0.4392523467540741;0.5157830715179443;0.35091066360473633;0.03679678961634636
Data(x=[32, 11], edge_index=[2, 8], edge_attr=[8, 2], y=46.0, custom_label=0.42990655, min_label=0, max_label=107, instance_name='p04.txt');0.42990654706954956;0.5157830715179443;0.35091066360473633;0.03679678961634636
Data(x=[32, 11], edge_index=[2, 8], edge_attr=[8, 2], y=45.0, custom_label=0.42056075, min_label=0, max_label=107, instance_name='p04.txt');0.420560747385025;0.5157830715179443;0.35091066360473633;0.03679678961634636
Data(x=[32, 11], edge_index=[2, 8], edge_attr=[8, 2], y=44.0, custom_label=0.41121495, min_label=0, max_label=107, instance_name='p04.txt');0.4112149477005005;0.5157830715179443;0.35091066360473633;0.03679678961634636
Data(x=[32, 11], edge_index=[2, 8], edge_attr=[8, 2], y=43.0, custom_label=0.40186915, min_label=0, max_label=107, instance_name='p04.txt');0.40186914801597595;0.5157830715179443;0.35091066360473633;0.03679678961634636
Data(x=[32, 11], edge_index=[2, 8], edge_attr=[8, 2], y=42.0, custom_label=0.39252338, min_label=0, max_label=107, instance_name='p04.txt');0.3925233781337738;0.5157830715179443;0.35091066360473633;0.03679678961634636
Data(x=[32, 11], edge_index=[2, 8], edge_attr=[8, 2], y=41.0, custom_label=0.38317758, min_label=0, max_label=107, instance_name='p04.txt');0.38317757844924927;0.5157830715179443;0.35091066360473633;0.03679678961634636
Data(x=[32, 11], edge_index=[2, 8], edge_attr=[8, 2], y=40.0, custom_label=0.37383178, min_label=0, max_label=107, instance_name='p04.txt');0.37383177876472473;0.5157830715179443;0.35091066360473633;0.03679678961634636
Data(x=[32, 11], edge_index=[2, 8], edge_attr=[8, 2], y=39.0, custom_label=0.36448598, min_label=0, max_label=107, instance_name='p04.txt');0.3644859790802002;0.5157830715179443;0.35091066360473633;0.03679678961634636
Data(x=[32, 11], edge_index=[2, 8], edge_attr=[8, 2], y=38.0, custom_label=0.35514018, min_label=0, max_label=107, instance_name='p04.txt');0.35514017939567566;0.5157830715179443;0.35091066360473633;0.03679678961634636
Data(x=[32, 11], edge_index=[2, 8], edge_attr=[8, 2], y=37.0, custom_label=0.34579438, min_label=0, max_label=107, instance_name='p04.txt');0.3457943797111511;0.5157830715179443;0.35091066360473633;0.03679678961634636
Data(x=[32, 11], edge_index=[2, 8], edge_attr=[8, 2], y=36.0, custom_label=0.3364486, min_label=0, max_label=107, instance_name='p04.txt');0.336448609828949;0.5157830715179443;0.35091066360473633;0.03679678961634636
Data(x=[32, 11], edge_index=[2, 8], edge_attr=[8, 2], y=35.0, custom_label=0.3271028, min_label=0, max_label=107, instance_name='p04.txt');0.32710281014442444;0.5157830715179443;0.35091066360473633;0.03679678961634636
Data(x=[32, 11], edge_index=[2, 8], edge_attr=[8, 2], y=34.0, custom_label=0.317757, min_label=0, max_label=107, instance_name='p04.txt');0.3177570104598999;0.2593986690044403;0.16236434876918793;0.03679678961634636
Data(x=[32, 11], edge_index=[2, 8], edge_attr=[8, 2], y=33.0, custom_label=0.3084112, min_label=0, max_label=107, instance_name='p04.txt');0.30841121077537537;0.2593986690044403;0.16236434876918793;0.03679678961634636
Data(x=[32, 11], edge_index=[2, 8], edge_attr=[8, 2], y=32.0, custom_label=0.2990654, min_label=0, max_label=107, instance_name='p04.txt');0.29906541109085083;0.2593986690044403;0.16236434876918793;0.03679678961634636
Data(x=[32, 11], edge_index=[2, 8], edge_attr=[8, 2], y=31.0, custom_label=0.2897196, min_label=0, max_label=107, instance_name='p04.txt');0.2897196114063263;0.2593986690044403;0.16236434876918793;0.03679678961634636
Data(x=[32, 11], edge_index=[2, 8], edge_attr=[8, 2], y=30.0, custom_label=0.28037384, min_label=0, max_label=107, instance_name='p04.txt');0.28037384152412415;0.2593986690044403;0.16236434876918793;0.03679678961634636
Data(x=[32, 11], edge_index=[2, 8], edge_attr=[8, 2], y=29.0, custom_label=0.27102804, min_label=0, max_label=107, instance_name='p04.txt');0.2710280418395996;0.2593986690044403;0.16236434876918793;0.03679678961634636
Data(x=[32, 11], edge_index=[2, 8], edge_attr=[8, 2], y=28.0, custom_label=0.26168224, min_label=0, max_label=107, instance_name='p04.txt');0.2616822421550751;0.2593986690044403;0.16236434876918793;0.03679678961634636
Data(x=[32, 11], edge_index=[2, 8], edge_attr=[8, 2], y=27.0, custom_label=0.25233644, min_label=0, max_label=107, instance_name='p04.txt');0.25233644247055054;0.2593986690044403;0.16236434876918793;0.03679678961634636
Data(x=[32, 11], edge_index=[2, 8], edge_attr=[8, 2], y=26.0, custom_label=0.24299066, min_label=0, max_label=107, instance_name='p04.txt');0.2429906576871872;0.2593986690044403;0.16236434876918793;0.03679678961634636
Data(x=[32, 11], edge_index=[2, 8], edge_attr=[8, 2], y=25.0, custom_label=0.23364486, min_label=0, max_label=107, instance_name='p04.txt');0.23364485800266266;0.2593986690044403;0.16236434876918793;0.03679678961634636
Data(x=[32, 11], edge_index=[2, 8], edge_attr=[8, 2], y=24.0, custom_label=0.22429906, min_label=0, max_label=107, instance_name='p04.txt');0.22429905831813812;0.2593986690044403;0.16236434876918793;0.03679678961634636
Data(x=[32, 11], edge_index=[2, 8], edge_attr=[8, 2], y=23.0, custom_label=0.21495327, min_label=0, max_label=107, instance_name='p04.txt');0.21495327353477478;0.2593986690044403;0.16236434876918793;0.03679678961634636
Data(x=[32, 11], edge_index=[2, 8], edge_attr=[8, 2], y=22.0, custom_label=0.20560747, min_label=0, max_label=107, instance_name='p04.txt');0.20560747385025024;0.2593986690044403;0.16236434876918793;0.03679678961634636
Data(x=[32, 11], edge_index=[2, 8], edge_attr=[8, 2], y=21.0, custom_label=0.19626169, min_label=0, max_label=107, instance_name='p04.txt');0.1962616890668869;0.2593986690044403;0.16236434876918793;0.03679678961634636
Data(x=[32, 11], edge_index=[2, 8], edge_attr=[8, 2], y=20.0, custom_label=0.18691589, min_label=0, max_label=107, instance_name='p04.txt');0.18691588938236237;0.2593986690044403;0.16236434876918793;0.03679678961634636
Data(x=[32, 11], edge_index=[2, 8], edge_attr=[8, 2], y=19.0, custom_label=0.17757009, min_label=0, max_label=107, instance_name='p04.txt');0.17757008969783783;0.2593986690044403;0.16236434876918793;0.03679678961634636
Data(x=[32, 11], edge_index=[2, 8], edge_attr=[8, 2], y=18.0, custom_label=0.1682243, min_label=0, max_label=107, instance_name='p04.txt');0.1682243049144745;0.2593986690044403;0.16236434876918793;0.03679678961634636
Data(x=[32, 11], edge_index=[2, 8], edge_attr=[8, 2], y=17.0, custom_label=0.1588785, min_label=0, max_label=107, instance_name='p04.txt');0.15887850522994995;0.2593986690044403;0.16236434876918793;0.03679678961634636
Data(x=[32, 11], edge_index=[2, 8], edge_attr=[8, 2], y=16.0, custom_label=0.1495327, min_label=0, max_label=107, instance_name='p04.txt');0.14953270554542542;0.2593986690044403;0.16236434876918793;0.03679678961634636
Data(x=[32, 11], edge_index=[2, 8], edge_attr=[8, 2], y=15.0, custom_label=0.14018692, min_label=0, max_label=107, instance_name='p04.txt');0.14018692076206207;0.2593986690044403;0.16236434876918793;0.03679678961634636
Data(x=[32, 11], edge_index=[2, 8], edge_attr=[8, 2], y=14.0, custom_label=0.13084112, min_label=0, max_label=107, instance_name='p04.txt');0.13084112107753754;0.2593986690044403;0.16236434876918793;0.03679678961634636
Data(x=[32, 11], edge_index=[2, 8], edge_attr=[8, 2], y=13.0, custom_label=0.12149533, min_label=0, max_label=107, instance_name='p04.txt');0.1214953288435936;0.2593986690044403;0.16236434876918793;0.03679678961634636
Data(x=[32, 11], edge_index=[2, 8], edge_attr=[8, 2], y=12.0, custom_label=0.11214953, min_label=0, max_label=107, instance_name='p04.txt');0.11214952915906906;0.2593986690044403;0.16236434876918793;0.03679678961634636
Data(x=[32, 11], edge_index=[2, 8], edge_attr=[8, 2], y=11.0, custom_label=0.10280374, min_label=0, max_label=107, instance_name='p04.txt');0.10280373692512512;0.2593986690044403;0.16236434876918793;0.03679678961634636
Data(x=[32, 11], edge_index=[2, 8], edge_attr=[8, 2], y=10.0, custom_label=0.093457945, min_label=0, max_label=107, instance_name='p04.txt');0.09345794469118118;0.2593986690044403;0.16236434876918793;0.03679678961634636
Data(x=[32, 11], edge_index=[2, 8], edge_attr=[8, 2], y=9.0, custom_label=0.08411215, min_label=0, max_label=107, instance_name='p04.txt');0.08411215245723724;0.2593986690044403;0.16236434876918793;0.03679678961634636
Data(x=[32, 11], edge_index=[2, 8], edge_attr=[8, 2], y=8.0, custom_label=0.07476635, min_label=0, max_label=107, instance_name='p04.txt');0.07476635277271271;0.2593986690044403;0.16236434876918793;0.03679678961634636
Data(x=[32, 11], edge_index=[2, 8], edge_attr=[8, 2], y=7.0, custom_label=0.06542056, min_label=0, max_label=107, instance_name='p04.txt');0.06542056053876877;0.2593986690044403;0.16236434876918793;0.03679678961634636
Data(x=[32, 11], edge_index=[2, 8], edge_attr=[8, 2], y=6.0, custom_label=0.056074765, min_label=0, max_label=107, instance_name='p04.txt');0.05607476457953453;0.2593986690044403;0.16236434876918793;0.03679678961634636
Data(x=[32, 11], edge_index=[2, 8], edge_attr=[8, 2], y=5.0, custom_label=0.046728972, min_label=0, max_label=107, instance_name='p04.txt');0.04672897234559059;0.2593986690044403;0.16236434876918793;0.03679678961634636
Data(x=[32, 11], edge_index=[2, 8], edge_attr=[8, 2], y=4.0, custom_label=0.037383176, min_label=0, max_label=107, instance_name='p04.txt');0.037383176386356354;0.2593986690044403;0.16236434876918793;0.03679678961634636
Data(x=[32, 11], edge_index=[2, 8], edge_attr=[8, 2], y=3.0, custom_label=0.028037382, min_label=0, max_label=107, instance_name='p04.txt');0.028037382289767265;0.2593986690044403;0.16236434876918793;0.03679678961634636
Data(x=[32, 11], edge_index=[2, 8], edge_attr=[8, 2], y=2.0, custom_label=0.018691588, min_label=0, max_label=107, instance_name='p04.txt');0.018691588193178177;0.2593986690044403;0.16236434876918793;0.03679678961634636
Data(x=[32, 11], edge_index=[2, 8], edge_attr=[8, 2], y=1.0, custom_label=0.009345794, min_label=0, max_label=107, instance_name='p04.txt');0.009345794096589088;0.2593986690044403;0.16236434876918793;0.03679678961634636
Data(x=[32, 11], edge_index=[2, 8], edge_attr=[8, 2], y=0.0, custom_label=0.0, min_label=0, max_label=107, instance_name='p04.txt');0.0;0.08270852267742157;0.002263956004753709;0.03679678961634636
Data(x=[45, 11], edge_index=[2, 18], edge_attr=[18, 2], y=25.0, custom_label=1.0, min_label=0, max_label=25, instance_name='p05.txt');1.0;0.9405323266983032;0.8041804432868958;0.03679678961634636
Data(x=[45, 11], edge_index=[2, 18], edge_attr=[18, 2], y=24.0, custom_label=0.96, min_label=0, max_label=25, instance_name='p05.txt');0.9599999785423279;0.9405323266983032;0.8041804432868958;0.03679678961634636
Data(x=[45, 11], edge_index=[2, 18], edge_attr=[18, 2], y=23.0, custom_label=0.92, min_label=0, max_label=25, instance_name='p05.txt');0.9200000166893005;0.9405323266983032;0.8041804432868958;0.03679678961634636
Data(x=[45, 11], edge_index=[2, 18], edge_attr=[18, 2], y=22.0, custom_label=0.88, min_label=0, max_label=25, instance_name='p05.txt');0.8799999952316284;0.8681442737579346;0.5791532397270203;0.03679678961634636
Data(x=[45, 11], edge_index=[2, 18], edge_attr=[18, 2], y=21.0, custom_label=0.84, min_label=0, max_label=25, instance_name='p05.txt');0.8399999737739563;0.7485342621803284;0.506488025188446;0.03679678961634636
Data(x=[45, 11], edge_index=[2, 18], edge_attr=[18, 2], y=20.0, custom_label=0.8, min_label=0, max_label=25, instance_name='p05.txt');0.800000011920929;0.7485342621803284;0.506488025188446;0.03679678961634636
Data(x=[45, 11], edge_index=[2, 18], edge_attr=[18, 2], y=19.0, custom_label=0.76, min_label=0, max_label=25, instance_name='p05.txt');0.7599999904632568;0.7485342621803284;0.506488025188446;0.03679678961634636
Data(x=[45, 11], edge_index=[2, 18], edge_attr=[18, 2], y=18.0, custom_label=0.72, min_label=0, max_label=25, instance_name='p05.txt');0.7200000286102295;0.7485342621803284;0.506488025188446;0.03679678961634636
Data(x=[45, 11], edge_index=[2, 18], edge_attr=[18, 2], y=17.0, custom_label=0.68, min_label=0, max_label=25, instance_name='p05.txt');0.6800000071525574;0.7485342621803284;0.506488025188446;0.03679678961634636
Data(x=[45, 11], edge_index=[2, 18], edge_attr=[18, 2], y=16.0, custom_label=0.64, min_label=0, max_label=25, instance_name='p05.txt');0.6399999856948853;0.7485342621803284;0.506488025188446;0.03679678961634636
Data(x=[45, 11], edge_index=[2, 18], edge_attr=[18, 2], y=15.0, custom_label=0.6, min_label=0, max_label=25, instance_name='p05.txt');0.6000000238418579;0.5632522702217102;0.38810527324676514;0.03679678961634636
Data(x=[45, 11], edge_index=[2, 18], edge_attr=[18, 2], y=14.0, custom_label=0.56, min_label=0, max_label=25, instance_name='p05.txt');0.5600000023841858;0.4329858422279358;0.2521848678588867;0.03679678961634636
Data(x=[45, 11], edge_index=[2, 18], edge_attr=[18, 2], y=13.0, custom_label=0.52, min_label=0, max_label=25, instance_name='p05.txt');0.5199999809265137;0.4329858422279358;0.2521848678588867;0.03679678961634636
Data(x=[45, 11], edge_index=[2, 18], edge_attr=[18, 2], y=12.0, custom_label=0.48, min_label=0, max_label=25, instance_name='p05.txt');0.47999998927116394;0.4329858422279358;0.2521848678588867;0.03679678961634636
Data(x=[45, 11], edge_index=[2, 18], edge_attr=[18, 2], y=11.0, custom_label=0.44, min_label=0, max_label=25, instance_name='p05.txt');0.4399999976158142;0.4329858422279358;0.2521848678588867;0.03679678961634636
Data(x=[45, 11], edge_index=[2, 18], edge_attr=[18, 2], y=10.0, custom_label=0.4, min_label=0, max_label=25, instance_name='p05.txt');0.4000000059604645;0.4329858422279358;0.2521848678588867;0.03679678961634636
Data(x=[45, 11], edge_index=[2, 18], edge_attr=[18, 2], y=9.0, custom_label=0.36, min_label=0, max_label=25, instance_name='p05.txt');0.36000001430511475;0.4329858422279358;0.2521848678588867;0.03679678961634636
Data(x=[45, 11], edge_index=[2, 18], edge_attr=[18, 2], y=8.0, custom_label=0.32, min_label=0, max_label=25, instance_name='p05.txt');0.3199999928474426;0.2726767659187317;0.13664375245571136;0.03679678961634636
Data(x=[45, 11], edge_index=[2, 18], edge_attr=[18, 2], y=7.0, custom_label=0.28, min_label=0, max_label=25, instance_name='p05.txt');0.2800000011920929;0.116172656416893;0.05210276320576668;0.03679678961634636
Data(x=[45, 11], edge_index=[2, 18], edge_attr=[18, 2], y=6.0, custom_label=0.24, min_label=0, max_label=25, instance_name='p05.txt');0.23999999463558197;0.116172656416893;0.05210276320576668;0.03679678961634636
Data(x=[45, 11], edge_index=[2, 18], edge_attr=[18, 2], y=5.0, custom_label=0.2, min_label=0, max_label=25, instance_name='p05.txt');0.20000000298023224;0.116172656416893;0.05210276320576668;0.03679678961634636
Data(x=[45, 11], edge_index=[2, 18], edge_attr=[18, 2], y=4.0, custom_label=0.16, min_label=0, max_label=25, instance_name='p05.txt');0.1599999964237213;0.116172656416893;0.05210276320576668;0.03679678961634636
Data(x=[45, 11], edge_index=[2, 18], edge_attr=[18, 2], y=3.0, custom_label=0.12, min_label=0, max_label=25, instance_name='p05.txt');0.11999999731779099;0.116172656416893;0.05210276320576668;0.03679678961634636
Data(x=[45, 11], edge_index=[2, 18], edge_attr=[18, 2], y=2.0, custom_label=0.08, min_label=0, max_label=25, instance_name='p05.txt');0.07999999821186066;0.116172656416893;0.05210276320576668;0.03679678961634636
Data(x=[45, 11], edge_index=[2, 18], edge_attr=[18, 2], y=1.0, custom_label=0.04, min_label=0, max_label=25, instance_name='p05.txt');0.03999999910593033;0.00269796559587121;8.61662338138558e-05;0.03679678961634636
Data(x=[45, 11], edge_index=[2, 18], edge_attr=[18, 2], y=0.0, custom_label=0.0, min_label=0, max_label=25, instance_name='p05.txt');0.0;2.473012136761099e-05;6.050379397493089e-08;0.03679678961634636
Data(x=[32, 11], edge_index=[2, 18], edge_attr=[18, 2], y=5.0, custom_label=0.2, min_label=0, max_label=25, instance_name='p05.txt');0.20000000298023224;0.00013742982991971076;7.154109880502801e-06;0.03679678961634636
Data(x=[32, 11], edge_index=[2, 18], edge_attr=[18, 2], y=4.0, custom_label=0.16, min_label=0, max_label=25, instance_name='p05.txt');0.1599999964237213;0.00025822248426266015;2.716379276535008e-05;0.03679678961634636
Data(x=[32, 11], edge_index=[2, 18], edge_attr=[18, 2], y=3.0, custom_label=0.12, min_label=0, max_label=25, instance_name='p05.txt');0.11999999731779099;0.00025822248426266015;2.716379276535008e-05;0.03679678961634636
Data(x=[32, 11], edge_index=[2, 18], edge_attr=[18, 2], y=2.0, custom_label=0.08, min_label=0, max_label=25, instance_name='p05.txt');0.07999999821186066;0.0002570400247350335;2.055804998235544e-06;0.03679678961634636
Data(x=[32, 11], edge_index=[2, 18], edge_attr=[18, 2], y=1.0, custom_label=0.04, min_label=0, max_label=25, instance_name='p05.txt');0.03999999910593033;0.0002570400247350335;2.0558031792461406e-06;0.03679678961634636
Data(x=[32, 11], edge_index=[2, 18], edge_attr=[18, 2], y=0.0, custom_label=0.0, min_label=0, max_label=25, instance_name='p05.txt');0.0;3.4674769722187193e-07;9.851023330398334e-10;0.03679678961634636
Data(x=[35, 11], edge_index=[2, 18], edge_attr=[18, 2], y=0.0, custom_label=0.0, min_label=0, max_label=25, instance_name='p05.txt');0.0;2.2065169957841135e-07;1.1220263607114589e-09;0.0
Data(x=[30, 11], edge_index=[2, 18], edge_attr=[18, 2], y=11.0, custom_label=0.44, min_label=0, max_label=25, instance_name='p05.txt');0.4399999976158142;0.283892959356308;0.3812722861766815;0.03679678961634636
Data(x=[30, 11], edge_index=[2, 18], edge_attr=[18, 2], y=10.0, custom_label=0.4, min_label=0, max_label=25, instance_name='p05.txt');0.4000000059604645;0.3308461606502533;0.3756595253944397;0.03679678961634636
Data(x=[30, 11], edge_index=[2, 18], edge_attr=[18, 2], y=9.0, custom_label=0.36, min_label=0, max_label=25, instance_name='p05.txt');0.36000001430511475;0.2414100170135498;0.5321189761161804;0.03679678961634636
Data(x=[30, 11], edge_index=[2, 18], edge_attr=[18, 2], y=8.0, custom_label=0.32, min_label=0, max_label=25, instance_name='p05.txt');0.3199999928474426;0.283892959356308;0.3812722861766815;0.03679678961634636
Data(x=[30, 11], edge_index=[2, 18], edge_attr=[18, 2], y=7.0, custom_label=0.28, min_label=0, max_label=25, instance_name='p05.txt');0.2800000011920929;0.016896717250347137;0.18701793253421783;0.03679678961634636
Data(x=[30, 11], edge_index=[2, 18], edge_attr=[18, 2], y=6.0, custom_label=0.24, min_label=0, max_label=25, instance_name='p05.txt');0.23999999463558197;0.1032547727227211;0.10268712043762207;0.03679678961634636
Data(x=[30, 11], edge_index=[2, 18], edge_attr=[18, 2], y=5.0, custom_label=0.2, min_label=0, max_label=25, instance_name='p05.txt');0.20000000298023224;0.000697456591296941;0.000672797323204577;0.03679678961634636
Data(x=[30, 11], edge_index=[2, 18], edge_attr=[18, 2], y=4.0, custom_label=0.16, min_label=0, max_label=25, instance_name='p05.txt');0.1599999964237213;0.00028928331448696554;0.017275922000408173;0.03679678961634636
Data(x=[30, 11], edge_index=[2, 18], edge_attr=[18, 2], y=3.0, custom_label=0.12, min_label=0, max_label=25, instance_name='p05.txt');0.11999999731779099;0.00028928302344866097;0.01727592945098877;0.03679678961634636
Data(x=[30, 11], edge_index=[2, 18], edge_attr=[18, 2], y=2.0, custom_label=0.08, min_label=0, max_label=25, instance_name='p05.txt');0.07999999821186066;8.08300101198256e-05;0.046156175434589386;0.03679678961634636
Data(x=[30, 11], edge_index=[2, 18], edge_attr=[18, 2], y=1.0, custom_label=0.04, min_label=0, max_label=25, instance_name='p05.txt');0.03999999910593033;0.00028928331448696554;0.017275922000408173;0.03679678961634636
Data(x=[30, 11], edge_index=[2, 18], edge_attr=[18, 2], y=0.0, custom_label=0.0, min_label=0, max_label=25, instance_name='p05.txt');0.0;2.500022731055651e-07;8.621362304617186e-12;0.03679678961634636
Data(x=[30, 11], edge_index=[2, 18], edge_attr=[18, 2], y=0.0, custom_label=0.0, min_label=0, max_label=25, instance_name='p05.txt');0.0;5.241052747351205e-08;8.007537688481392e-11;0.03679678961634636
Data(x=[33, 11], edge_index=[2, 18], edge_attr=[18, 2], y=9.0, custom_label=0.36, min_label=0, max_label=25, instance_name='p05.txt');0.36000001430511475;0.2508128881454468;0.11935104429721832;2.9734562185970865e-31
Data(x=[33, 11], edge_index=[2, 18], edge_attr=[18, 2], y=8.0, custom_label=0.32, min_label=0, max_label=25, instance_name='p05.txt');0.3199999928474426;0.19666944444179535;0.18500074744224548;2.9734562185970865e-31
Data(x=[33, 11], edge_index=[2, 18], edge_attr=[18, 2], y=7.0, custom_label=0.28, min_label=0, max_label=25, instance_name='p05.txt');0.2800000011920929;0.2920640707015991;0.11442729085683823;2.9734562185970865e-31
Data(x=[33, 11], edge_index=[2, 18], edge_attr=[18, 2], y=6.0, custom_label=0.24, min_label=0, max_label=25, instance_name='p05.txt');0.23999999463558197;0.008437437005341053;0.006934007164090872;2.9734562185970865e-31
Data(x=[33, 11], edge_index=[2, 18], edge_attr=[18, 2], y=5.0, custom_label=0.2, min_label=0, max_label=25, instance_name='p05.txt');0.20000000298023224;0.000191558210644871;0.01713491603732109;2.9734562185970865e-31
Data(x=[33, 11], edge_index=[2, 18], edge_attr=[18, 2], y=4.0, custom_label=0.16, min_label=0, max_label=25, instance_name='p05.txt');0.1599999964237213;0.0003530903486534953;0.035355523228645325;2.9734562185970865e-31
Data(x=[33, 11], edge_index=[2, 18], edge_attr=[18, 2], y=3.0, custom_label=0.12, min_label=0, max_label=25, instance_name='p05.txt');0.11999999731779099;0.0003530903486534953;0.035355523228645325;2.9734562185970865e-31
Data(x=[33, 11], edge_index=[2, 18], edge_attr=[18, 2], y=2.0, custom_label=0.08, min_label=0, max_label=25, instance_name='p05.txt');0.07999999821186066;0.0003530903486534953;0.035355523228645325;2.9734562185970865e-31
Data(x=[33, 11], edge_index=[2, 18], edge_attr=[18, 2], y=1.0, custom_label=0.04, min_label=0, max_label=25, instance_name='p05.txt');0.03999999910593033;0.0003530903486534953;0.035355523228645325;2.9734562185970865e-31
Data(x=[33, 11], edge_index=[2, 18], edge_attr=[18, 2], y=0.0, custom_label=0.0, min_label=0, max_label=25, instance_name='p05.txt');0.0;5.796394475510169e-07;1.5873945213851215e-10;2.9734562185970865e-31
Data(x=[37, 11], edge_index=[2, 18], edge_attr=[18, 2], y=9.0, custom_label=0.36, min_label=0, max_label=25, instance_name='p05.txt');0.36000001430511475;0.2476542443037033;0.20360541343688965;4.900197955873354e-22
Data(x=[37, 11], edge_index=[2, 18], edge_attr=[18, 2], y=8.0, custom_label=0.32, min_label=0, max_label=25, instance_name='p05.txt');0.3199999928474426;0.061186183243989944;0.0012625589733943343;4.900197955873354e-22
Data(x=[37, 11], edge_index=[2, 18], edge_attr=[18, 2], y=7.0, custom_label=0.28, min_label=0, max_label=25, instance_name='p05.txt');0.2800000011920929;0.034087520092725754;0.019119644537568092;4.900197955873354e-22
Data(x=[37, 11], edge_index=[2, 18], edge_attr=[18, 2], y=6.0, custom_label=0.24, min_label=0, max_label=25, instance_name='p05.txt');0.23999999463558197;0.034087520092725754;0.019119637086987495;4.900197955873354e-22
Data(x=[37, 11], edge_index=[2, 18], edge_attr=[18, 2], y=5.0, custom_label=0.2, min_label=0, max_label=25, instance_name='p05.txt');0.20000000298023224;0.034087520092725754;0.019119644537568092;4.900197955873354e-22
Data(x=[37, 11], edge_index=[2, 18], edge_attr=[18, 2], y=4.0, custom_label=0.16, min_label=0, max_label=25, instance_name='p05.txt');0.1599999964237213;0.00011872863251483068;3.420256689423695e-06;4.900197955873354e-22
Data(x=[37, 11], edge_index=[2, 18], edge_attr=[18, 2], y=3.0, custom_label=0.12, min_label=0, max_label=25, instance_name='p05.txt');0.11999999731779099;0.00020490802126005292;1.078588411473902e-05;4.900197955873354e-22
Data(x=[37, 11], edge_index=[2, 18], edge_attr=[18, 2], y=2.0, custom_label=0.08, min_label=0, max_label=25, instance_name='p05.txt');0.07999999821186066;7.112716411938891e-05;0.003792376257479191;4.900197955873354e-22
Data(x=[37, 11], edge_index=[2, 18], edge_attr=[18, 2], y=1.0, custom_label=0.04, min_label=0, max_label=25, instance_name='p05.txt');0.03999999910593033;0.00020490802126005292;1.0785873200802598e-05;4.900197955873354e-22
Data(x=[37, 11], edge_index=[2, 18], edge_attr=[18, 2], y=0.0, custom_label=0.0, min_label=0, max_label=25, instance_name='p05.txt');0.0;6.740422122675227e-07;1.5651953066964097e-09;4.900197955873354e-22
Data(x=[34, 11], edge_index=[2, 18], edge_attr=[18, 2], y=3.0, custom_label=0.12, min_label=0, max_label=25, instance_name='p05.txt');0.11999999731779099;0.000974294904153794;0.06576227396726608;0.03679678961634636
Data(x=[34, 11], edge_index=[2, 18], edge_attr=[18, 2], y=2.0, custom_label=0.08, min_label=0, max_label=25, instance_name='p05.txt');0.07999999821186066;0.0009773573838174343;3.578304131224286e-06;0.03679678961634636
Data(x=[34, 11], edge_index=[2, 18], edge_attr=[18, 2], y=1.0, custom_label=0.04, min_label=0, max_label=25, instance_name='p05.txt');0.03999999910593033;0.00024719160865060985;2.2427608200814575e-05;0.03679678961634636
Data(x=[34, 11], edge_index=[2, 18], edge_attr=[18, 2], y=0.0, custom_label=0.0, min_label=0, max_label=25, instance_name='p05.txt');0.0;4.906049753117259e-07;1.4953498439496116e-09;0.03679678961634636
Data(x=[33, 11], edge_index=[2, 18], edge_attr=[18, 2], y=4.0, custom_label=0.16, min_label=0, max_label=25, instance_name='p05.txt');0.1599999964237213;0.0001924129028338939;1.0728209417720791e-05;4.900197955873354e-22
Data(x=[33, 11], edge_index=[2, 18], edge_attr=[18, 2], y=3.0, custom_label=0.12, min_label=0, max_label=25, instance_name='p05.txt');0.11999999731779099;0.0001924129028338939;1.0728209417720791e-05;0.0
Data(x=[33, 11], edge_index=[2, 18], edge_attr=[18, 2], y=2.0, custom_label=0.08, min_label=0, max_label=25, instance_name='p05.txt');0.07999999821186066;0.0007932512671686709;1.6145224890351528e-06;0.0
Data(x=[33, 11], edge_index=[2, 18], edge_attr=[18, 2], y=1.0, custom_label=0.04, min_label=0, max_label=25, instance_name='p05.txt');0.03999999910593033;0.0001924129028338939;1.0728209417720791e-05;0.0
Data(x=[33, 11], edge_index=[2, 18], edge_attr=[18, 2], y=0.0, custom_label=0.0, min_label=0, max_label=25, instance_name='p05.txt');0.0;3.159233585847687e-07;5.326649676895556e-10;0.0
Data(x=[34, 11], edge_index=[2, 18], edge_attr=[18, 2], y=15.0, custom_label=0.6, min_label=0, max_label=25, instance_name='p05.txt');0.6000000238418579;0.2727523148059845;0.13067887723445892;0.03679678961634636
Data(x=[34, 11], edge_index=[2, 18], edge_attr=[18, 2], y=14.0, custom_label=0.56, min_label=0, max_label=25, instance_name='p05.txt');0.5600000023841858;0.2727523148059845;0.13067887723445892;0.03679678961634636
Data(x=[34, 11], edge_index=[2, 18], edge_attr=[18, 2], y=13.0, custom_label=0.52, min_label=0, max_label=25, instance_name='p05.txt');0.5199999809265137;0.2222377210855484;0.19723069667816162;0.03679678961634636
Data(x=[34, 11], edge_index=[2, 18], edge_attr=[18, 2], y=12.0, custom_label=0.48, min_label=0, max_label=25, instance_name='p05.txt');0.47999998927116394;0.2727522850036621;0.13067887723445892;0.03679678961634636
Data(x=[34, 11], edge_index=[2, 18], edge_attr=[18, 2], y=11.0, custom_label=0.44, min_label=0, max_label=25, instance_name='p05.txt');0.4399999976158142;0.2727523148059845;0.13067887723445892;0.03679678961634636
Data(x=[34, 11], edge_index=[2, 18], edge_attr=[18, 2], y=10.0, custom_label=0.4, min_label=0, max_label=25, instance_name='p05.txt');0.4000000059604645;0.2222377210855484;0.19723068177700043;0.03679678961634636
Data(x=[34, 11], edge_index=[2, 18], edge_attr=[18, 2], y=9.0, custom_label=0.36, min_label=0, max_label=25, instance_name='p05.txt');0.36000001430511475;0.2727523148059845;0.13067887723445892;0.03679678961634636
Data(x=[34, 11], edge_index=[2, 18], edge_attr=[18, 2], y=8.0, custom_label=0.32, min_label=0, max_label=25, instance_name='p05.txt');0.3199999928474426;0.2727523148059845;0.13067887723445892;0.03679678961634636
Data(x=[34, 11], edge_index=[2, 18], edge_attr=[18, 2], y=7.0, custom_label=0.28, min_label=0, max_label=25, instance_name='p05.txt');0.2800000011920929;0.2727522850036621;0.13067887723445892;0.03679678961634636
Data(x=[34, 11], edge_index=[2, 18], edge_attr=[18, 2], y=6.0, custom_label=0.24, min_label=0, max_label=25, instance_name='p05.txt');0.23999999463558197;0.01900716871023178;0.020704980939626694;0.03679678961634636
Data(x=[34, 11], edge_index=[2, 18], edge_attr=[18, 2], y=5.0, custom_label=0.2, min_label=0, max_label=25, instance_name='p05.txt');0.20000000298023224;0.01900716871023178;0.020704980939626694;0.03679678961634636
Data(x=[34, 11], edge_index=[2, 18], edge_attr=[18, 2], y=4.0, custom_label=0.16, min_label=0, max_label=25, instance_name='p05.txt');0.1599999964237213;0.006141895428299904;0.08095338195562363;0.03679678961634636
Data(x=[34, 11], edge_index=[2, 18], edge_attr=[18, 2], y=3.0, custom_label=0.12, min_label=0, max_label=25, instance_name='p05.txt');0.11999999731779099;0.01900716871023178;0.020704980939626694;0.03679678961634636
Data(x=[34, 11], edge_index=[2, 18], edge_attr=[18, 2], y=2.0, custom_label=0.08, min_label=0, max_label=25, instance_name='p05.txt');0.07999999821186066;0.01900716871023178;0.020704980939626694;0.03679678961634636
Data(x=[34, 11], edge_index=[2, 18], edge_attr=[18, 2], y=1.0, custom_label=0.04, min_label=0, max_label=25, instance_name='p05.txt');0.03999999910593033;3.896249472745694e-05;1.831996996770613e-06;0.03679678961634636
Data(x=[34, 11], edge_index=[2, 18], edge_attr=[18, 2], y=0.0, custom_label=0.0, min_label=0, max_label=25, instance_name='p05.txt');0.0;1.3978059598684922e-07;4.255589769464052e-10;0.03679678961634636
Data(x=[27, 11], edge_index=[2, 18], edge_attr=[18, 2], y=10.0, custom_label=0.4, min_label=0, max_label=25, instance_name='p05.txt');0.4000000059604645;0.5503635406494141;0.37798717617988586;0.03679678961634636
Data(x=[27, 11], edge_index=[2, 18], edge_attr=[18, 2], y=9.0, custom_label=0.36, min_label=0, max_label=25, instance_name='p05.txt');0.36000001430511475;0.5503635406494141;0.37798717617988586;0.03679678961634636
Data(x=[27, 11], edge_index=[2, 18], edge_attr=[18, 2], y=8.0, custom_label=0.32, min_label=0, max_label=25, instance_name='p05.txt');0.3199999928474426;0.4832150936126709;0.4807853400707245;0.03679678961634636
Data(x=[27, 11], edge_index=[2, 18], edge_attr=[18, 2], y=7.0, custom_label=0.28, min_label=0, max_label=25, instance_name='p05.txt');0.2800000011920929;0.5503635406494141;0.3779870569705963;0.03679678961634636
Data(x=[27, 11], edge_index=[2, 18], edge_attr=[18, 2], y=6.0, custom_label=0.24, min_label=0, max_label=25, instance_name='p05.txt');0.23999999463558197;0.22594678401947021;0.16994047164916992;0.03679678961634636
Data(x=[27, 11], edge_index=[2, 18], edge_attr=[18, 2], y=5.0, custom_label=0.2, min_label=0, max_label=25, instance_name='p05.txt');0.20000000298023224;0.26331308484077454;0.18702268600463867;0.03679678961634636
Data(x=[27, 11], edge_index=[2, 18], edge_attr=[18, 2], y=4.0, custom_label=0.16, min_label=0, max_label=25, instance_name='p05.txt');0.1599999964237213;0.26331308484077454;0.18702277541160583;0.03679678961634636
Data(x=[27, 11], edge_index=[2, 18], edge_attr=[18, 2], y=3.0, custom_label=0.12, min_label=0, max_label=25, instance_name='p05.txt');0.11999999731779099;0.0018222531070932746;0.05893945321440697;0.03679678961634636
Data(x=[27, 11], edge_index=[2, 18], edge_attr=[18, 2], y=2.0, custom_label=0.08, min_label=0, max_label=25, instance_name='p05.txt');0.07999999821186066;1.527212134533329e-06;0.00018055696273222566;0.03679678961634636
Data(x=[27, 11], edge_index=[2, 18], edge_attr=[18, 2], y=1.0, custom_label=0.04, min_label=0, max_label=25, instance_name='p05.txt');0.03999999910593033;1.5636938769603148e-05;1.0910720220635994e-06;0.03679678961634636
Data(x=[27, 11], edge_index=[2, 18], edge_attr=[18, 2], y=0.0, custom_label=0.0, min_label=0, max_label=25, instance_name='p05.txt');0.0;6.1543250495788016e-09;5.8449989639997035e-12;0.03679678961634636
Data(x=[21, 11], edge_index=[2, 8], edge_attr=[8, 2], y=35.0, custom_label=1.0, min_label=0, max_label=35, instance_name='p06.txt');1.0;0.33903130888938904;0.18553727865219116;0.03679678961634636
Data(x=[21, 11], edge_index=[2, 8], edge_attr=[8, 2], y=34.0, custom_label=0.9714286, min_label=0, max_label=35, instance_name='p06.txt');0.9714285731315613;0.33903130888938904;0.18553727865219116;0.03679678961634636
Data(x=[21, 11], edge_index=[2, 8], edge_attr=[8, 2], y=33.0, custom_label=0.94285715, min_label=0, max_label=35, instance_name='p06.txt');0.9428571462631226;0.33903130888938904;0.18553727865219116;0.03679678961634636
Data(x=[21, 11], edge_index=[2, 8], edge_attr=[8, 2], y=32.0, custom_label=0.9142857, min_label=0, max_label=35, instance_name='p06.txt');0.9142857193946838;0.33903130888938904;0.18553727865219116;0.03679678961634636
Data(x=[21, 11], edge_index=[2, 8], edge_attr=[8, 2], y=31.0, custom_label=0.8857143, min_label=0, max_label=35, instance_name='p06.txt');0.8857142925262451;0.6787290573120117;0.46229177713394165;0.03679678961634636
Data(x=[21, 11], edge_index=[2, 8], edge_attr=[8, 2], y=30.0, custom_label=0.85714287, min_label=0, max_label=35, instance_name='p06.txt');0.8571428656578064;0.6787290573120117;0.46229177713394165;0.03679678961634636
Data(x=[21, 11], edge_index=[2, 8], edge_attr=[8, 2], y=29.0, custom_label=0.82857144, min_label=0, max_label=35, instance_name='p06.txt');0.8285714387893677;0.6787290573120117;0.46229177713394165;0.03679678961634636
Data(x=[21, 11], edge_index=[2, 8], edge_attr=[8, 2], y=28.0, custom_label=0.8, min_label=0, max_label=35, instance_name='p06.txt');0.800000011920929;0.6787290573120117;0.46229177713394165;0.03679678961634636
Data(x=[21, 11], edge_index=[2, 8], edge_attr=[8, 2], y=27.0, custom_label=0.7714286, min_label=0, max_label=35, instance_name='p06.txt');0.7714285850524902;0.6787290573120117;0.46229177713394165;0.03679678961634636
Data(x=[21, 11], edge_index=[2, 8], edge_attr=[8, 2], y=26.0, custom_label=0.74285716, min_label=0, max_label=35, instance_name='p06.txt');0.7428571581840515;0.6787290573120117;0.46229177713394165;0.03679678961634636
Data(x=[21, 11], edge_index=[2, 8], edge_attr=[8, 2], y=25.0, custom_label=0.71428573, min_label=0, max_label=35, instance_name='p06.txt');0.7142857313156128;0.6787290573120117;0.46229177713394165;0.03679678961634636
Data(x=[21, 11], edge_index=[2, 8], edge_attr=[8, 2], y=24.0, custom_label=0.6857143, min_label=0, max_label=35, instance_name='p06.txt');0.6857143044471741;0.9293258190155029;0.7947503924369812;0.03679678961634636
Data(x=[21, 11], edge_index=[2, 8], edge_attr=[8, 2], y=23.0, custom_label=0.6571429, min_label=0, max_label=35, instance_name='p06.txt');0.6571428775787354;0.9293258190155029;0.7947503924369812;0.03679678961634636
Data(x=[21, 11], edge_index=[2, 8], edge_attr=[8, 2], y=22.0, custom_label=0.62857145, min_label=0, max_label=35, instance_name='p06.txt');0.6285714507102966;0.9293258190155029;0.7947503924369812;0.03679678961634636
Data(x=[21, 11], edge_index=[2, 8], edge_attr=[8, 2], y=21.0, custom_label=0.6, min_label=0, max_label=35, instance_name='p06.txt');0.6000000238418579;0.9293258190155029;0.7947503924369812;0.03679678961634636
Data(x=[21, 11], edge_index=[2, 8], edge_attr=[8, 2], y=20.0, custom_label=0.5714286, min_label=0, max_label=35, instance_name='p06.txt');0.5714285969734192;0.9293258190155029;0.7947503924369812;0.03679678961634636
Data(x=[21, 11], edge_index=[2, 8], edge_attr=[8, 2], y=19.0, custom_label=0.54285717, min_label=0, max_label=35, instance_name='p06.txt');0.5428571701049805;0.9293258190155029;0.7947503924369812;0.03679678961634636
Data(x=[21, 11], edge_index=[2, 8], edge_attr=[8, 2], y=18.0, custom_label=0.51428574, min_label=0, max_label=35, instance_name='p06.txt');0.5142857432365417;0.6787290573120117;0.46229177713394165;0.03679678961634636
Data(x=[21, 11], edge_index=[2, 8], edge_attr=[8, 2], y=17.0, custom_label=0.4857143, min_label=0, max_label=35, instance_name='p06.txt');0.48571428656578064;0.6787290573120117;0.46229177713394165;0.03679678961634636
Data(x=[21, 11], edge_index=[2, 8], edge_attr=[8, 2], y=16.0, custom_label=0.45714286, min_label=0, max_label=35, instance_name='p06.txt');0.4571428596973419;0.6787290573120117;0.46229177713394165;0.03679678961634636
Data(x=[21, 11], edge_index=[2, 8], edge_attr=[8, 2], y=15.0, custom_label=0.42857143, min_label=0, max_label=35, instance_name='p06.txt');0.4285714328289032;0.6787290573120117;0.46229177713394165;0.03679678961634636
Data(x=[21, 11], edge_index=[2, 8], edge_attr=[8, 2], y=14.0, custom_label=0.4, min_label=0, max_label=35, instance_name='p06.txt');0.4000000059604645;0.6787290573120117;0.46229177713394165;0.03679678961634636
Data(x=[21, 11], edge_index=[2, 8], edge_attr=[8, 2], y=13.0, custom_label=0.37142858, min_label=0, max_label=35, instance_name='p06.txt');0.37142857909202576;0.6787290573120117;0.46229177713394165;0.03679678961634636
Data(x=[21, 11], edge_index=[2, 8], edge_attr=[8, 2], y=12.0, custom_label=0.34285715, min_label=0, max_label=35, instance_name='p06.txt');0.34285715222358704;0.33903130888938904;0.18553727865219116;0.03679678961634636
Data(x=[21, 11], edge_index=[2, 8], edge_attr=[8, 2], y=11.0, custom_label=0.31428573, min_label=0, max_label=35, instance_name='p06.txt');0.3142857253551483;0.33903130888938904;0.18553727865219116;0.03679678961634636
Data(x=[21, 11], edge_index=[2, 8], edge_attr=[8, 2], y=10.0, custom_label=0.2857143, min_label=0, max_label=35, instance_name='p06.txt');0.2857142984867096;0.33903130888938904;0.18553727865219116;0.03679678961634636
Data(x=[21, 11], edge_index=[2, 8], edge_attr=[8, 2], y=9.0, custom_label=0.25714287, min_label=0, max_label=35, instance_name='p06.txt');0.2571428716182709;0.6787290573120117;0.46229177713394165;0.03679678961634636
Data(x=[21, 11], edge_index=[2, 8], edge_attr=[8, 2], y=8.0, custom_label=0.22857143, min_label=0, max_label=35, instance_name='p06.txt');0.22857142984867096;0.6787290573120117;0.46229177713394165;0.03679678961634636
Data(x=[21, 11], edge_index=[2, 8], edge_attr=[8, 2], y=7.0, custom_label=0.2, min_label=0, max_label=35, instance_name='p06.txt');0.20000000298023224;0.6787290573120117;0.46229177713394165;0.03679678961634636
Data(x=[21, 11], edge_index=[2, 8], edge_attr=[8, 2], y=6.0, custom_label=0.17142858, min_label=0, max_label=35, instance_name='p06.txt');0.17142857611179352;0.6787290573120117;0.46229177713394165;0.03679678961634636
Data(x=[21, 11], edge_index=[2, 8], edge_attr=[8, 2], y=5.0, custom_label=0.14285715, min_label=0, max_label=35, instance_name='p06.txt');0.1428571492433548;0.33903130888938904;0.18553727865219116;0.03679678961634636
Data(x=[21, 11], edge_index=[2, 8], edge_attr=[8, 2], y=4.0, custom_label=0.114285715, min_label=0, max_label=35, instance_name='p06.txt');0.11428571492433548;0.33903130888938904;0.18553727865219116;0.03679678961634636
Data(x=[21, 11], edge_index=[2, 8], edge_attr=[8, 2], y=3.0, custom_label=0.08571429, min_label=0, max_label=35, instance_name='p06.txt');0.08571428805589676;0.33903130888938904;0.18553727865219116;0.03679678961634636
Data(x=[21, 11], edge_index=[2, 8], edge_attr=[8, 2], y=2.0, custom_label=0.057142857, min_label=0, max_label=35, instance_name='p06.txt');0.05714285746216774;0.33903130888938904;0.18553727865219116;0.03679678961634636
Data(x=[21, 11], edge_index=[2, 8], edge_attr=[8, 2], y=1.0, custom_label=0.028571429, min_label=0, max_label=35, instance_name='p06.txt');0.02857142873108387;0.33903130888938904;0.18553727865219116;0.03679678961634636
Data(x=[21, 11], edge_index=[2, 8], edge_attr=[8, 2], y=0.0, custom_label=0.0, min_label=0, max_label=35, instance_name='p06.txt');0.0;0.012560849077999592;0.0006334474310278893;0.03679678961634636
Data(x=[13, 11], edge_index=[2, 8], edge_attr=[8, 2], y=0.0, custom_label=0.0, min_label=0, max_label=35, instance_name='p06.txt');0.0;2.151131229766179e-05;5.9712506299547385e-06;3.022583521757888e-33
Data(x=[13, 11], edge_index=[2, 8], edge_attr=[8, 2], y=1.0, custom_label=0.028571429, min_label=0, max_label=35, instance_name='p06.txt');0.02857142873108387;0.6017051935195923;0.6014080047607422;6.701115960351247e-32
Data(x=[13, 11], edge_index=[2, 8], edge_attr=[8, 2], y=0.0, custom_label=0.0, min_label=0, max_label=35, instance_name='p06.txt');0.0;0.0037013168912380934;1.266787307940831e-06;0.03679680824279785
Data(x=[13, 11], edge_index=[2, 8], edge_attr=[8, 2], y=0.0, custom_label=0.0, min_label=0, max_label=35, instance_name='p06.txt');0.0;2.328135997231584e-05;3.954475687351078e-06;0.0
Data(x=[14, 11], edge_index=[2, 8], edge_attr=[8, 2], y=1.0, custom_label=0.028571429, min_label=0, max_label=35, instance_name='p06.txt');0.02857142873108387;0.5024425983428955;0.19156628847122192;0.03679680824279785
Data(x=[14, 11], edge_index=[2, 8], edge_attr=[8, 2], y=0.0, custom_label=0.0, min_label=0, max_label=35, instance_name='p06.txt');0.0;0.0016295267269015312;1.0023317287277678e-07;0.03679680824279785
Data(x=[12, 11], edge_index=[2, 8], edge_attr=[8, 2], y=0.0, custom_label=0.0, min_label=0, max_label=35, instance_name='p06.txt');0.0;0.0016220099059864879;0.0009311523754149675;4.900197955873354e-22
Data(x=[11, 11], edge_index=[2, 8], edge_attr=[8, 2], y=0.0, custom_label=0.0, min_label=0, max_label=35, instance_name='p06.txt');0.0;0.0001203531792270951;8.116608114505652e-06;0.0
Data(x=[18, 11], edge_index=[2, 8], edge_attr=[8, 2], y=0.0, custom_label=0.0, min_label=0, max_label=35, instance_name='p06.txt');0.0;0.001108931959606707;4.385958891361952e-05;0.0
Data(x=[12, 11], edge_index=[2, 8], edge_attr=[8, 2], y=1.0, custom_label=0.028571429, min_label=0, max_label=35, instance_name='p06.txt');0.02857142873108387;0.4840492308139801;0.21449656784534454;0.0
Data(x=[12, 11], edge_index=[2, 8], edge_attr=[8, 2], y=0.0, custom_label=0.0, min_label=0, max_label=35, instance_name='p06.txt');0.0;7.285024821612751e-06;1.931869064719649e-06;6.701115960351247e-32
Data(x=[17, 11], edge_index=[2, 8], edge_attr=[8, 2], y=0.0, custom_label=0.0, min_label=0, max_label=35, instance_name='p06.txt');0.0;0.0088616032153368;8.956557735473325e-07;0.03679678961634636
Data(x=[13, 11], edge_index=[2, 8], edge_attr=[8, 2], y=0.0, custom_label=0.0, min_label=0, max_label=35, instance_name='p06.txt');0.0;2.5197026843670756e-05;2.618859753056313e-06;7.030002885296269e-16
Data(x=[14, 11], edge_index=[2, 8], edge_attr=[8, 2], y=0.0, custom_label=0.0, min_label=0, max_label=35, instance_name='p06.txt');0.0;6.293605838436633e-05;7.312735306186369e-06;0.0
Data(x=[17, 11], edge_index=[2, 8], edge_attr=[8, 2], y=0.0, custom_label=0.0, min_label=0, max_label=35, instance_name='p06.txt');0.0;0.0020118658430874348;0.000369108107406646;0.03679678961634636
Data(x=[14, 11], edge_index=[2, 8], edge_attr=[8, 2], y=0.0, custom_label=0.0, min_label=0, max_label=35, instance_name='p06.txt');0.0;6.293605838436633e-05;7.312743036891334e-06;0.03679680824279785
Data(x=[14, 11], edge_index=[2, 8], edge_attr=[8, 2], y=0.0, custom_label=0.0, min_label=0, max_label=35, instance_name='p06.txt');0.0;0.0002298160979989916;0.0003310525498818606;0.0
Data(x=[14, 11], edge_index=[2, 8], edge_attr=[8, 2], y=0.0, custom_label=0.0, min_label=0, max_label=35, instance_name='p06.txt');0.0;5.848452929058112e-05;1.0721887520048767e-05;0.0
Data(x=[17, 11], edge_index=[2, 8], edge_attr=[8, 2], y=0.0, custom_label=0.0, min_label=0, max_label=35, instance_name='p06.txt');0.0;0.0020118646789342165;0.0003691083111334592;0.03679678961634636
Data(x=[17, 11], edge_index=[2, 8], edge_attr=[8, 2], y=0.0, custom_label=0.0, min_label=0, max_label=35, instance_name='p06.txt');0.0;0.0020118658430874348;0.000369108107406646;0.03679678961634636
Data(x=[11, 11], edge_index=[2, 8], edge_attr=[8, 2], y=0.0, custom_label=0.0, min_label=0, max_label=35, instance_name='p06.txt');0.0;0.00010767897038022056;1.4994031516835093e-05;0.0
Data(x=[17, 11], edge_index=[2, 8], edge_attr=[8, 2], y=0.0, custom_label=0.0, min_label=0, max_label=35, instance_name='p06.txt');0.0;0.02865905500948429;0.0015889194328337908;6.701167094355508e-32
Data(x=[13, 11], edge_index=[2, 8], edge_attr=[8, 2], y=0.0, custom_label=0.0, min_label=0, max_label=35, instance_name='p06.txt');0.0;0.00011898885713890195;6.994523573666811e-05;0.03679680824279785
Data(x=[14, 11], edge_index=[2, 8], edge_attr=[8, 2], y=0.0, custom_label=0.0, min_label=0, max_label=35, instance_name='p06.txt');0.0;0.0002472986525390297;0.0002262658381368965;0.03679680824279785
Data(x=[14, 11], edge_index=[2, 8], edge_attr=[8, 2], y=0.0, custom_label=0.0, min_label=0, max_label=35, instance_name='p06.txt');0.0;0.00641907611861825;0.0014592529041692615;0.0
Data(x=[15, 11], edge_index=[2, 8], edge_attr=[8, 2], y=0.0, custom_label=0.0, min_label=0, max_label=35, instance_name='p06.txt');0.0;0.00012984608474653214;2.5450332032050937e-05;2.9734336491055507e-31
Data(x=[12, 11], edge_index=[2, 8], edge_attr=[8, 2], y=0.0, custom_label=0.0, min_label=0, max_label=35, instance_name='p06.txt');0.0;6.1376158555503935e-06;4.719830485555576e-06;0.0
Data(x=[15, 11], edge_index=[2, 8], edge_attr=[8, 2], y=0.0, custom_label=0.0, min_label=0, max_label=35, instance_name='p06.txt');0.0;0.00014889937301632017;1.2458669516490772e-05;0.0
Data(x=[13, 11], edge_index=[2, 8], edge_attr=[8, 2], y=0.0, custom_label=0.0, min_label=0, max_label=35, instance_name='p06.txt');0.0;0.00010995422780979425;0.00010561380622675642;2.9734336491055507e-31
Data(x=[13, 11], edge_index=[2, 8], edge_attr=[8, 2], y=0.0, custom_label=0.0, min_label=0, max_label=35, instance_name='p06.txt');0.0;0.00010160551755689085;0.00015946882194839418;0.0
Data(x=[13, 11], edge_index=[2, 8], edge_attr=[8, 2], y=0.0, custom_label=0.0, min_label=0, max_label=35, instance_name='p06.txt');0.0;0.0904216468334198;0.3571724593639374;0.03679680824279785
Data(x=[15, 11], edge_index=[2, 8], edge_attr=[8, 2], y=0.0, custom_label=0.0, min_label=0, max_label=35, instance_name='p06.txt');0.0;0.011975944973528385;0.0011213078396394849;0.03679680824279785
Data(x=[12, 11], edge_index=[2, 8], edge_attr=[8, 2], y=0.0, custom_label=0.0, min_label=0, max_label=35, instance_name='p06.txt');0.0;3.3026579330908135e-05;0.00016520229110028595;2.9734336491055507e-31
Data(x=[15, 11], edge_index=[2, 8], edge_attr=[8, 2], y=0.0, custom_label=0.0, min_label=0, max_label=35, instance_name='p06.txt');0.0;0.0005338839255273342;0.00030662110657431185;0.03679680824279785
Data(x=[15, 11], edge_index=[2, 8], edge_attr=[8, 2], y=0.0, custom_label=0.0, min_label=0, max_label=35, instance_name='p06.txt');0.0;0.0006121466285549104;0.00015012155927252024;0.03679680824279785
Data(x=[17, 11], edge_index=[2, 8], edge_attr=[8, 2], y=0.0, custom_label=0.0, min_label=0, max_label=35, instance_name='p06.txt');0.0;0.0020118658430874348;0.00036910842754878104;0.03679678961634636
Data(x=[11, 11], edge_index=[2, 8], edge_attr=[8, 2], y=0.0, custom_label=0.0, min_label=0, max_label=35, instance_name='p06.txt');0.0;0.0007524172542616725;0.00038272529491223395;2.9734336491055507e-31
Data(x=[15, 11], edge_index=[2, 8], edge_attr=[8, 2], y=0.0, custom_label=0.0, min_label=0, max_label=35, instance_name='p06.txt');0.0;0.0005338836344890296;0.00030662110657431185;6.701115960351247e-32
Data(x=[14, 11], edge_index=[2, 8], edge_attr=[8, 2], y=0.0, custom_label=0.0, min_label=0, max_label=35, instance_name='p06.txt');0.0;6.772631604690105e-05;4.987558440916473e-06;2.9461104584150375e-31
Data(x=[14, 11], edge_index=[2, 8], edge_attr=[8, 2], y=0.0, custom_label=0.0, min_label=0, max_label=35, instance_name='p06.txt');0.0;0.0002472986525390297;0.0002262658381368965;0.0
Data(x=[14, 11], edge_index=[2, 8], edge_attr=[8, 2], y=3.0, custom_label=0.08571429, min_label=0, max_label=35, instance_name='p06.txt');0.08571428805589676;0.3514229953289032;0.15628880262374878;0.03679680824279785
Data(x=[14, 11], edge_index=[2, 8], edge_attr=[8, 2], y=2.0, custom_label=0.057142857, min_label=0, max_label=35, instance_name='p06.txt');0.05714285746216774;0.28503167629241943;0.3866705000400543;0.03679680824279785
Data(x=[14, 11], edge_index=[2, 8], edge_attr=[8, 2], y=1.0, custom_label=0.028571429, min_label=0, max_label=35, instance_name='p06.txt');0.02857142873108387;0.426676869392395;0.19007356464862823;0.03679680824279785
Data(x=[14, 11], edge_index=[2, 8], edge_attr=[8, 2], y=0.0, custom_label=0.0, min_label=0, max_label=35, instance_name='p06.txt');0.0;6.772631604690105e-05;4.987558440916473e-06;0.03679680824279785
Data(x=[13, 11], edge_index=[2, 8], edge_attr=[8, 2], y=2.0, custom_label=0.057142857, min_label=0, max_label=35, instance_name='p06.txt');0.05714285746216774;0.3688186705112457;0.16905060410499573;0.0
Data(x=[13, 11], edge_index=[2, 8], edge_attr=[8, 2], y=1.0, custom_label=0.028571429, min_label=0, max_label=35, instance_name='p06.txt');0.02857142873108387;0.4511660635471344;0.2062988132238388;2.9461104584150375e-31
Data(x=[13, 11], edge_index=[2, 8], edge_attr=[8, 2], y=0.0, custom_label=0.0, min_label=0, max_label=35, instance_name='p06.txt');0.0;2.328135997231584e-05;3.954468411393464e-06;1.161746383218574e-24
Data(x=[17, 11], edge_index=[2, 8], edge_attr=[8, 2], y=0.0, custom_label=0.0, min_label=0, max_label=35, instance_name='p06.txt');0.0;0.028659045696258545;0.0015889194328337908;0.03679678961634636
Data(x=[16, 11], edge_index=[2, 8], edge_attr=[8, 2], y=0.0, custom_label=0.0, min_label=0, max_label=35, instance_name='p06.txt');0.0;0.00031621495145373046;1.9924440493923612e-05;0.03679680824279785
Data(x=[14, 11], edge_index=[2, 8], edge_attr=[8, 2], y=0.0, custom_label=0.0, min_label=0, max_label=35, instance_name='p06.txt');0.0;0.0002661107573658228;0.00015433247608598322;4.900197955873354e-22
Data(x=[15, 11], edge_index=[2, 8], edge_attr=[8, 2], y=0.0, custom_label=0.0, min_label=0, max_label=35, instance_name='p06.txt');0.0;0.000498586508911103;0.0004372958210296929;4.900197955873354e-22
Data(x=[16, 11], edge_index=[2, 8], edge_attr=[8, 2], y=5.0, custom_label=0.14285715, min_label=0, max_label=35, instance_name='p06.txt');0.1428571492433548;0.7772618532180786;0.5379499793052673;0.03679680824279785
Data(x=[16, 11], edge_index=[2, 8], edge_attr=[8, 2], y=4.0, custom_label=0.114285715, min_label=0, max_label=35, instance_name='p06.txt');0.11428571492433548;0.7772618532180786;0.5379499793052673;0.03679680824279785
Data(x=[16, 11], edge_index=[2, 8], edge_attr=[8, 2], y=3.0, custom_label=0.08571429, min_label=0, max_label=35, instance_name='p06.txt');0.08571428805589676;0.37678518891334534;0.18853740394115448;0.03679680824279785
Data(x=[16, 11], edge_index=[2, 8], edge_attr=[8, 2], y=2.0, custom_label=0.057142857, min_label=0, max_label=35, instance_name='p06.txt');0.05714285746216774;0.2590823173522949;0.36154481768608093;0.03679680824279785
Data(x=[16, 11], edge_index=[2, 8], edge_attr=[8, 2], y=1.0, custom_label=0.028571429, min_label=0, max_label=35, instance_name='p06.txt');0.02857142873108387;0.37678518891334534;0.18853740394115448;0.03679680824279785
Data(x=[16, 11], edge_index=[2, 8], edge_attr=[8, 2], y=0.0, custom_label=0.0, min_label=0, max_label=35, instance_name='p06.txt');0.0;0.00031621495145373046;1.9924440493923612e-05;0.03679680824279785
Data(x=[14, 11], edge_index=[2, 8], edge_attr=[8, 2], y=0.0, custom_label=0.0, min_label=0, max_label=35, instance_name='p06.txt');0.0;0.006925866007804871;2.560110033300589e-06;0.03679680824279785
Data(x=[17, 11], edge_index=[2, 8], edge_attr=[8, 2], y=0.0, custom_label=0.0, min_label=0, max_label=35, instance_name='p06.txt');0.0;0.03034220077097416;0.001164963934570551;0.03679678961634636
Data(x=[15, 11], edge_index=[2, 8], edge_attr=[8, 2], y=2.0, custom_label=0.057142857, min_label=0, max_label=35, instance_name='p06.txt');0.05714285746216774;0.3964374363422394;0.20245230197906494;0.03679680824279785
Data(x=[15, 11], edge_index=[2, 8], edge_attr=[8, 2], y=1.0, custom_label=0.028571429, min_label=0, max_label=35, instance_name='p06.txt');0.02857142873108387;0.4686599373817444;0.1890769898891449;0.03679680824279785
Data(x=[15, 11], edge_index=[2, 8], edge_attr=[8, 2], y=0.0, custom_label=0.0, min_label=0, max_label=35, instance_name='p06.txt');0.0;0.003162846202030778;6.644813402090222e-05;0.03679680824279785
Data(x=[16, 11], edge_index=[2, 8], edge_attr=[8, 2], y=0.0, custom_label=0.0, min_label=0, max_label=35, instance_name='p06.txt');0.0;0.00031621495145373046;1.9924420485040173e-05;2.9734336491055507e-31
Data(x=[14, 11], edge_index=[2, 8], edge_attr=[8, 2], y=0.0, custom_label=0.0, min_label=0, max_label=35, instance_name='p06.txt');0.0;0.0002472986525390297;0.0002262658381368965;0.0
Data(x=[50, 11], edge_index=[2, 8], edge_attr=[8, 2], y=69.0, custom_label=1.0, min_label=0, max_label=69, instance_name='p07.txt');1.0;0.7681651711463928;0.6957095861434937;0.03679678961634636
Data(x=[50, 11], edge_index=[2, 8], edge_attr=[8, 2], y=68.0, custom_label=0.98550725, min_label=0, max_label=69, instance_name='p07.txt');0.9855072498321533;0.4862963557243347;0.2994909882545471;0.03679678961634636
Data(x=[50, 11], edge_index=[2, 8], edge_attr=[8, 2], y=67.0, custom_label=0.9710145, min_label=0, max_label=69, instance_name='p07.txt');0.9710144996643066;0.7681651711463928;0.6957095861434937;0.03679678961634636
Data(x=[50, 11], edge_index=[2, 8], edge_attr=[8, 2], y=66.0, custom_label=0.95652175, min_label=0, max_label=69, instance_name='p07.txt');0.95652174949646;0.7681651711463928;0.6957095861434937;0.03679678961634636
Data(x=[50, 11], edge_index=[2, 8], edge_attr=[8, 2], y=65.0, custom_label=0.942029, min_label=0, max_label=69, instance_name='p07.txt');0.9420289993286133;0.7681651711463928;0.6957095861434937;0.03679678961634636
Data(x=[50, 11], edge_index=[2, 8], edge_attr=[8, 2], y=64.0, custom_label=0.92753625, min_label=0, max_label=69, instance_name='p07.txt');0.9275362491607666;0.7681651711463928;0.6957095861434937;0.03679678961634636
Data(x=[50, 11], edge_index=[2, 8], edge_attr=[8, 2], y=63.0, custom_label=0.9130435, min_label=0, max_label=69, instance_name='p07.txt');0.9130434989929199;0.7681651711463928;0.6957095861434937;0.03679678961634636
Data(x=[50, 11], edge_index=[2, 8], edge_attr=[8, 2], y=62.0, custom_label=0.89855075, min_label=0, max_label=69, instance_name='p07.txt');0.8985507488250732;0.7681651711463928;0.6957095861434937;0.03679678961634636
Data(x=[50, 11], edge_index=[2, 8], edge_attr=[8, 2], y=61.0, custom_label=0.884058, min_label=0, max_label=69, instance_name='p07.txt');0.8840579986572266;0.7681651711463928;0.6957095861434937;0.03679678961634636
Data(x=[50, 11], edge_index=[2, 8], edge_attr=[8, 2], y=60.0, custom_label=0.8695652, min_label=0, max_label=69, instance_name='p07.txt');0.8695651888847351;0.7681651711463928;0.6957095861434937;0.03679678961634636
Data(x=[50, 11], edge_index=[2, 8], edge_attr=[8, 2], y=59.0, custom_label=0.85507244, min_label=0, max_label=69, instance_name='p07.txt');0.8550724387168884;0.7681651711463928;0.6957095861434937;0.03679678961634636
Data(x=[50, 11], edge_index=[2, 8], edge_attr=[8, 2], y=58.0, custom_label=0.8405797, min_label=0, max_label=69, instance_name='p07.txt');0.8405796885490417;0.7681651711463928;0.6957095861434937;0.03679678961634636
Data(x=[50, 11], edge_index=[2, 8], edge_attr=[8, 2], y=57.0, custom_label=0.82608694, min_label=0, max_label=69, instance_name='p07.txt');0.8260869383811951;0.7681651711463928;0.6957095861434937;0.03679678961634636
Data(x=[50, 11], edge_index=[2, 8], edge_attr=[8, 2], y=56.0, custom_label=0.8115942, min_label=0, max_label=69, instance_name='p07.txt');0.8115941882133484;0.7681651711463928;0.6957095861434937;0.03679678961634636
Data(x=[50, 11], edge_index=[2, 8], edge_attr=[8, 2], y=55.0, custom_label=0.79710144, min_label=0, max_label=69, instance_name='p07.txt');0.7971014380455017;0.7681651711463928;0.6957095861434937;0.03679678961634636
Data(x=[50, 11], edge_index=[2, 8], edge_attr=[8, 2], y=54.0, custom_label=0.7826087, min_label=0, max_label=69, instance_name='p07.txt');0.782608687877655;0.7681651711463928;0.6957095861434937;0.03679678961634636
Data(x=[50, 11], edge_index=[2, 8], edge_attr=[8, 2], y=53.0, custom_label=0.76811594, min_label=0, max_label=69, instance_name='p07.txt');0.7681159377098083;0.7681651711463928;0.6957095861434937;0.03679678961634636
Data(x=[50, 11], edge_index=[2, 8], edge_attr=[8, 2], y=52.0, custom_label=0.7536232, min_label=0, max_label=69, instance_name='p07.txt');0.7536231875419617;0.7681651711463928;0.6957095861434937;0.03679678961634636
Data(x=[50, 11], edge_index=[2, 8], edge_attr=[8, 2], y=51.0, custom_label=0.73913044, min_label=0, max_label=69, instance_name='p07.txt');0.739130437374115;0.7681651711463928;0.6957095861434937;0.03679678961634636
Data(x=[50, 11], edge_index=[2, 8], edge_attr=[8, 2], y=50.0, custom_label=0.7246377, min_label=0, max_label=69, instance_name='p07.txt');0.7246376872062683;0.7681651711463928;0.6957095861434937;0.03679678961634636
Data(x=[50, 11], edge_index=[2, 8], edge_attr=[8, 2], y=49.0, custom_label=0.71014494, min_label=0, max_label=69, instance_name='p07.txt');0.7101449370384216;0.7681651711463928;0.6957095861434937;0.03679678961634636
Data(x=[50, 11], edge_index=[2, 8], edge_attr=[8, 2], y=48.0, custom_label=0.6956522, min_label=0, max_label=69, instance_name='p07.txt');0.695652186870575;0.7681651711463928;0.6957095861434937;0.03679678961634636
Data(x=[50, 11], edge_index=[2, 8], edge_attr=[8, 2], y=47.0, custom_label=0.68115944, min_label=0, max_label=69, instance_name='p07.txt');0.6811594367027283;0.7681651711463928;0.6957095861434937;0.03679678961634636
Data(x=[50, 11], edge_index=[2, 8], edge_attr=[8, 2], y=46.0, custom_label=0.6666667, min_label=0, max_label=69, instance_name='p07.txt');0.6666666865348816;0.7681651711463928;0.6957095861434937;0.03679678961634636
Data(x=[50, 11], edge_index=[2, 8], edge_attr=[8, 2], y=45.0, custom_label=0.65217394, min_label=0, max_label=69, instance_name='p07.txt');0.6521739363670349;0.7681651711463928;0.6957095861434937;0.03679678961634636
Data(x=[50, 11], edge_index=[2, 8], edge_attr=[8, 2], y=44.0, custom_label=0.6376812, min_label=0, max_label=69, instance_name='p07.txt');0.6376811861991882;0.7681651711463928;0.6957095861434937;0.03679678961634636
Data(x=[50, 11], edge_index=[2, 8], edge_attr=[8, 2], y=43.0, custom_label=0.6231884, min_label=0, max_label=69, instance_name='p07.txt');0.6231883764266968;0.7681651711463928;0.6957095861434937;0.03679678961634636
Data(x=[50, 11], edge_index=[2, 8], edge_attr=[8, 2], y=42.0, custom_label=0.6086956, min_label=0, max_label=69, instance_name='p07.txt');0.6086956262588501;0.4862963557243347;0.2994909882545471;0.03679678961634636
Data(x=[50, 11], edge_index=[2, 8], edge_attr=[8, 2], y=41.0, custom_label=0.5942029, min_label=0, max_label=69, instance_name='p07.txt');0.5942028760910034;0.4862963557243347;0.2994909882545471;0.03679678961634636
Data(x=[50, 11], edge_index=[2, 8], edge_attr=[8, 2], y=40.0, custom_label=0.5797101, min_label=0, max_label=69, instance_name='p07.txt');0.5797101259231567;0.4862963557243347;0.2994909882545471;0.03679678961634636
Data(x=[50, 11], edge_index=[2, 8], edge_attr=[8, 2], y=39.0, custom_label=0.5652174, min_label=0, max_label=69, instance_name='p07.txt');0.5652173757553101;0.4862963557243347;0.2994909882545471;0.03679678961634636
Data(x=[50, 11], edge_index=[2, 8], edge_attr=[8, 2], y=38.0, custom_label=0.5507246, min_label=0, max_label=69, instance_name='p07.txt');0.5507246255874634;0.4862963557243347;0.2994909882545471;0.03679678961634636
Data(x=[50, 11], edge_index=[2, 8], edge_attr=[8, 2], y=37.0, custom_label=0.5362319, min_label=0, max_label=69, instance_name='p07.txt');0.5362318754196167;0.4862963557243347;0.2994909882545471;0.03679678961634636
Data(x=[50, 11], edge_index=[2, 8], edge_attr=[8, 2], y=36.0, custom_label=0.5217391, min_label=0, max_label=69, instance_name='p07.txt');0.52173912525177;0.4862963557243347;0.2994909882545471;0.03679678961634636
Data(x=[50, 11], edge_index=[2, 8], edge_attr=[8, 2], y=35.0, custom_label=0.5072464, min_label=0, max_label=69, instance_name='p07.txt');0.5072463750839233;0.4862963557243347;0.2994909882545471;0.03679678961634636
Data(x=[50, 11], edge_index=[2, 8], edge_attr=[8, 2], y=34.0, custom_label=0.49275362, min_label=0, max_label=69, instance_name='p07.txt');0.49275362491607666;0.4862963557243347;0.2994909882545471;0.03679678961634636
Data(x=[50, 11], edge_index=[2, 8], edge_attr=[8, 2], y=33.0, custom_label=0.47826087, min_label=0, max_label=69, instance_name='p07.txt');0.47826087474823;0.4862963557243347;0.2994909882545471;0.03679678961634636
Data(x=[50, 11], edge_index=[2, 8], edge_attr=[8, 2], y=32.0, custom_label=0.46376812, min_label=0, max_label=69, instance_name='p07.txt');0.4637681245803833;0.4862963557243347;0.2994909882545471;0.03679678961634636
Data(x=[50, 11], edge_index=[2, 8], edge_attr=[8, 2], y=31.0, custom_label=0.44927537, min_label=0, max_label=69, instance_name='p07.txt');0.4492753744125366;0.4862963557243347;0.2994909882545471;0.03679678961634636
Data(x=[50, 11], edge_index=[2, 8], edge_attr=[8, 2], y=30.0, custom_label=0.4347826, min_label=0, max_label=69, instance_name='p07.txt');0.43478259444236755;0.4862963557243347;0.2994909882545471;0.03679678961634636
Data(x=[50, 11], edge_index=[2, 8], edge_attr=[8, 2], y=29.0, custom_label=0.42028984, min_label=0, max_label=69, instance_name='p07.txt');0.4202898442745209;0.4862963557243347;0.2994909882545471;0.03679678961634636
Data(x=[50, 11], edge_index=[2, 8], edge_attr=[8, 2], y=28.0, custom_label=0.4057971, min_label=0, max_label=69, instance_name='p07.txt');0.4057970941066742;0.4862963557243347;0.2994909882545471;0.03679678961634636
Data(x=[50, 11], edge_index=[2, 8], edge_attr=[8, 2], y=27.0, custom_label=0.39130434, min_label=0, max_label=69, instance_name='p07.txt');0.3913043439388275;0.4862963557243347;0.2994909882545471;0.03679678961634636
Data(x=[50, 11], edge_index=[2, 8], edge_attr=[8, 2], y=26.0, custom_label=0.3768116, min_label=0, max_label=69, instance_name='p07.txt');0.37681159377098083;0.4862963557243347;0.2994909882545471;0.03679678961634636
Data(x=[50, 11], edge_index=[2, 8], edge_attr=[8, 2], y=25.0, custom_label=0.36231884, min_label=0, max_label=69, instance_name='p07.txt');0.36231884360313416;0.4862963557243347;0.2994909882545471;0.03679678961634636
Data(x=[50, 11], edge_index=[2, 8], edge_attr=[8, 2], y=24.0, custom_label=0.3478261, min_label=0, max_label=69, instance_name='p07.txt');0.3478260934352875;0.4862963557243347;0.2994909882545471;0.03679678961634636
Data(x=[50, 11], edge_index=[2, 8], edge_attr=[8, 2], y=23.0, custom_label=0.33333334, min_label=0, max_label=69, instance_name='p07.txt');0.3333333432674408;0.4862963557243347;0.2994909882545471;0.03679678961634636
Data(x=[50, 11], edge_index=[2, 8], edge_attr=[8, 2], y=22.0, custom_label=0.3188406, min_label=0, max_label=69, instance_name='p07.txt');0.3188405930995941;0.4862963557243347;0.2994909882545471;0.03679678961634636
Data(x=[50, 11], edge_index=[2, 8], edge_attr=[8, 2], y=21.0, custom_label=0.3043478, min_label=0, max_label=69, instance_name='p07.txt');0.30434781312942505;0.4862963557243347;0.2994909882545471;0.03679678961634636
Data(x=[50, 11], edge_index=[2, 8], edge_attr=[8, 2], y=20.0, custom_label=0.28985506, min_label=0, max_label=69, instance_name='p07.txt');0.28985506296157837;0.4862963557243347;0.2994909882545471;0.03679678961634636
Data(x=[50, 11], edge_index=[2, 8], edge_attr=[8, 2], y=19.0, custom_label=0.2753623, min_label=0, max_label=69, instance_name='p07.txt');0.2753623127937317;0.4862963557243347;0.2994909882545471;0.03679678961634636
Data(x=[50, 11], edge_index=[2, 8], edge_attr=[8, 2], y=18.0, custom_label=0.26086956, min_label=0, max_label=69, instance_name='p07.txt');0.260869562625885;0.4862963557243347;0.2994909882545471;0.03679678961634636
Data(x=[50, 11], edge_index=[2, 8], edge_attr=[8, 2], y=17.0, custom_label=0.24637681, min_label=0, max_label=69, instance_name='p07.txt');0.24637681245803833;0.4862963557243347;0.2994909882545471;0.03679678961634636
Data(x=[50, 11], edge_index=[2, 8], edge_attr=[8, 2], y=16.0, custom_label=0.23188406, min_label=0, max_label=69, instance_name='p07.txt');0.23188406229019165;0.4862963557243347;0.2994909882545471;0.03679678961634636
Data(x=[50, 11], edge_index=[2, 8], edge_attr=[8, 2], y=15.0, custom_label=0.2173913, min_label=0, max_label=69, instance_name='p07.txt');0.21739129722118378;0.4862963557243347;0.2994909882545471;0.03679678961634636
Data(x=[50, 11], edge_index=[2, 8], edge_attr=[8, 2], y=14.0, custom_label=0.20289855, min_label=0, max_label=69, instance_name='p07.txt');0.2028985470533371;0.4862963557243347;0.2994909882545471;0.03679678961634636
Data(x=[50, 11], edge_index=[2, 8], edge_attr=[8, 2], y=13.0, custom_label=0.1884058, min_label=0, max_label=69, instance_name='p07.txt');0.18840579688549042;0.7681651711463928;0.6957095861434937;0.03679678961634636
Data(x=[50, 11], edge_index=[2, 8], edge_attr=[8, 2], y=12.0, custom_label=0.17391305, min_label=0, max_label=69, instance_name='p07.txt');0.17391304671764374;0.4862963557243347;0.2994909882545471;0.03679678961634636
Data(x=[50, 11], edge_index=[2, 8], edge_attr=[8, 2], y=11.0, custom_label=0.1594203, min_label=0, max_label=69, instance_name='p07.txt');0.15942029654979706;0.4862963557243347;0.2994909882545471;0.03679678961634636
Data(x=[50, 11], edge_index=[2, 8], edge_attr=[8, 2], y=10.0, custom_label=0.14492753, min_label=0, max_label=69, instance_name='p07.txt');0.14492753148078918;0.4862963557243347;0.2994909882545471;0.03679678961634636
Data(x=[50, 11], edge_index=[2, 8], edge_attr=[8, 2], y=9.0, custom_label=0.13043478, min_label=0, max_label=69, instance_name='p07.txt');0.1304347813129425;0.4862963557243347;0.2994909882545471;0.03679678961634636
Data(x=[50, 11], edge_index=[2, 8], edge_attr=[8, 2], y=8.0, custom_label=0.11594203, min_label=0, max_label=69, instance_name='p07.txt');0.11594203114509583;0.2802976667881012;0.1648431420326233;0.03679678961634636
Data(x=[50, 11], edge_index=[2, 8], edge_attr=[8, 2], y=7.0, custom_label=0.10144927, min_label=0, max_label=69, instance_name='p07.txt');0.10144927352666855;0.2802976667881012;0.1648431420326233;0.03679678961634636
Data(x=[50, 11], edge_index=[2, 8], edge_attr=[8, 2], y=6.0, custom_label=0.08695652, min_label=0, max_label=69, instance_name='p07.txt');0.08695652335882187;0.2802976667881012;0.1648431420326233;0.03679678961634636
Data(x=[50, 11], edge_index=[2, 8], edge_attr=[8, 2], y=5.0, custom_label=0.072463766, min_label=0, max_label=69, instance_name='p07.txt');0.07246376574039459;0.2802976667881012;0.1648431420326233;0.03679678961634636
Data(x=[50, 11], edge_index=[2, 8], edge_attr=[8, 2], y=4.0, custom_label=0.057971016, min_label=0, max_label=69, instance_name='p07.txt');0.05797101557254791;0.2802976667881012;0.1648431420326233;0.03679678961634636
Data(x=[50, 11], edge_index=[2, 8], edge_attr=[8, 2], y=3.0, custom_label=0.04347826, min_label=0, max_label=69, instance_name='p07.txt');0.043478261679410934;0.2802976667881012;0.1648431420326233;0.03679678961634636
Data(x=[50, 11], edge_index=[2, 8], edge_attr=[8, 2], y=2.0, custom_label=0.028985508, min_label=0, max_label=69, instance_name='p07.txt');0.028985507786273956;0.2802976667881012;0.1648431420326233;0.03679678961634636
Data(x=[50, 11], edge_index=[2, 8], edge_attr=[8, 2], y=1.0, custom_label=0.014492754, min_label=0, max_label=69, instance_name='p07.txt');0.014492753893136978;0.2802976667881012;0.1648431420326233;0.03679678961634636
Data(x=[50, 11], edge_index=[2, 8], edge_attr=[8, 2], y=0.0, custom_label=0.0, min_label=0, max_label=69, instance_name='p07.txt');0.0;0.16041037440299988;0.006126848049461842;0.03679678961634636
Data(x=[28, 11], edge_index=[2, 8], edge_attr=[8, 2], y=0.0, custom_label=0.0, min_label=0, max_label=69, instance_name='p07.txt');0.0;0.036963410675525665;0.00042224014759995043;0.03679678961634636
Data(x=[33, 11], edge_index=[2, 8], edge_attr=[8, 2], y=0.0, custom_label=0.0, min_label=0, max_label=69, instance_name='p07.txt');0.0;0.07411506026983261;0.0008088062750175595;0.03679678961634636
Data(x=[34, 11], edge_index=[2, 8], edge_attr=[8, 2], y=0.0, custom_label=0.0, min_label=0, max_label=69, instance_name='p07.txt');0.0;0.0928197130560875;0.0031061589252203703;0.03679678961634636
Data(x=[29, 11], edge_index=[2, 8], edge_attr=[8, 2], y=0.0, custom_label=0.0, min_label=0, max_label=69, instance_name='p07.txt');0.0;0.04305772855877876;0.0005878353258594871;7.030002885296269e-16
Data(x=[32, 11], edge_index=[2, 8], edge_attr=[8, 2], y=0.0, custom_label=0.0, min_label=0, max_label=69, instance_name='p07.txt');0.0;0.08085711300373077;0.0031713920179754496;0.03679678961634636
Data(x=[31, 11], edge_index=[2, 8], edge_attr=[8, 2], y=0.0, custom_label=0.0, min_label=0, max_label=69, instance_name='p07.txt');0.0;0.058623552322387695;0.0006354149081744254;0.03679678961634636
Data(x=[31, 11], edge_index=[2, 8], edge_attr=[8, 2], y=0.0, custom_label=0.0, min_label=0, max_label=69, instance_name='p07.txt');0.0;0.07662784308195114;0.002951740985736251;0.03679678961634636
Data(x=[33, 11], edge_index=[2, 8], edge_attr=[8, 2], y=0.0, custom_label=0.0, min_label=0, max_label=69, instance_name='p07.txt');0.0;0.07300642132759094;0.0009550701943226159;0.03679678961634636
Data(x=[31, 11], edge_index=[2, 8], edge_attr=[8, 2], y=0.0, custom_label=0.0, min_label=0, max_label=69, instance_name='p07.txt');0.0;0.07749490439891815;0.0024809171445667744;0.03679678961634636
Data(x=[30, 11], edge_index=[2, 8], edge_attr=[8, 2], y=0.0, custom_label=0.0, min_label=0, max_label=69, instance_name='p07.txt');0.0;0.05268628150224686;0.0004671890346799046;0.03679678961634636
Data(x=[30, 11], edge_index=[2, 8], edge_attr=[8, 2], y=0.0, custom_label=0.0, min_label=0, max_label=69, instance_name='p07.txt');0.0;0.04932519793510437;0.0008015446364879608;0.03679678961634636
Data(x=[27, 11], edge_index=[2, 8], edge_attr=[8, 2], y=0.0, custom_label=0.0, min_label=0, max_label=69, instance_name='p07.txt');0.0;0.02896421030163765;0.00044158383389003575;0.03679678961634636
Data(x=[22, 11], edge_index=[2, 8], edge_attr=[8, 2], y=0.0, custom_label=0.0, min_label=0, max_label=69, instance_name='p07.txt');0.0;0.016070345416665077;0.0012169205583631992;0.03679678961634636
Data(x=[29, 11], edge_index=[2, 8], edge_attr=[8, 2], y=0.0, custom_label=0.0, min_label=0, max_label=69, instance_name='p07.txt');0.0;0.04305772855877876;0.0005878350930288434;0.03679678961634636
Data(x=[26, 11], edge_index=[2, 8], edge_attr=[8, 2], y=0.0, custom_label=0.0, min_label=0, max_label=69, instance_name='p07.txt');0.0;0.046453047543764114;0.0015706754056736827;0.03679678961634636
Data(x=[29, 11], edge_index=[2, 8], edge_attr=[8, 2], y=0.0, custom_label=0.0, min_label=0, max_label=69, instance_name='p07.txt');0.0;0.06831090152263641;0.002096389653161168;0.03679678961634636
Data(x=[22, 11], edge_index=[2, 8], edge_attr=[8, 2], y=0.0, custom_label=0.0, min_label=0, max_label=69, instance_name='p07.txt');0.0;0.016817690804600716;0.0009543233318254352;0.03679678961634636
Data(x=[27, 11], edge_index=[2, 8], edge_attr=[8, 2], y=0.0, custom_label=0.0, min_label=0, max_label=69, instance_name='p07.txt');0.0;0.02797853574156761;0.0005387021810747683;0.03679678961634636
Data(x=[26, 11], edge_index=[2, 8], edge_attr=[8, 2], y=0.0, custom_label=0.0, min_label=0, max_label=69, instance_name='p07.txt');0.0;0.0969054326415062;0.004090207628905773;0.03679678961634636
Data(x=[29, 11], edge_index=[2, 8], edge_attr=[8, 2], y=0.0, custom_label=0.0, min_label=0, max_label=69, instance_name='p07.txt');0.0;0.06709950417280197;0.0025217817164957523;0.03679678961634636
Data(x=[26, 11], edge_index=[2, 8], edge_attr=[8, 2], y=0.0, custom_label=0.0, min_label=0, max_label=69, instance_name='p07.txt');0.0;0.02362019009888172;0.00030680300551466644;2.9460878889235017e-31
Data(x=[30, 11], edge_index=[2, 8], edge_attr=[8, 2], y=0.0, custom_label=0.0, min_label=0, max_label=69, instance_name='p07.txt');0.0;0.11737038940191269;0.004440397955477238;0.03679678961634636
Data(x=[31, 11], edge_index=[2, 8], edge_attr=[8, 2], y=0.0, custom_label=0.0, min_label=0, max_label=69, instance_name='p07.txt');0.0;0.07662782818078995;0.002951740985736251;0.03679678961634636
Data(x=[26, 11], edge_index=[2, 8], edge_attr=[8, 2], y=0.0, custom_label=0.0, min_label=0, max_label=69, instance_name='p07.txt');0.0;0.04501965269446373;0.0019290485652163625;0.03679678961634636
Data(x=[26, 11], edge_index=[2, 8], edge_attr=[8, 2], y=0.0, custom_label=0.0, min_label=0, max_label=69, instance_name='p07.txt');0.0;0.04501965269446373;0.0019290485652163625;0.03679678961634636
Data(x=[34, 11], edge_index=[2, 8], edge_attr=[8, 2], y=0.0, custom_label=0.0, min_label=0, max_label=69, instance_name='p07.txt');0.0;0.12557892501354218;0.002032692776992917;0.03679678961634636
Data(x=[28, 11], edge_index=[2, 8], edge_attr=[8, 2], y=0.0, custom_label=0.0, min_label=0, max_label=69, instance_name='p07.txt');0.0;0.03696340322494507;0.0004222403222229332;0.03679678961634636
Data(x=[30, 11], edge_index=[2, 8], edge_attr=[8, 2], y=0.0, custom_label=0.0, min_label=0, max_label=69, instance_name='p07.txt');0.0;0.0732184424996376;0.002285589464008808;0.03679678961634636
Data(x=[26, 11], edge_index=[2, 8], edge_attr=[8, 2], y=0.0, custom_label=0.0, min_label=0, max_label=69, instance_name='p07.txt');0.0;0.046453047543764114;0.0015706754056736827;0.03679678961634636
Data(x=[31, 11], edge_index=[2, 8], edge_attr=[8, 2], y=0.0, custom_label=0.0, min_label=0, max_label=69, instance_name='p07.txt');0.0;0.05741526931524277;0.0007564828847534955;0.03679678961634636
Data(x=[23, 11], edge_index=[2, 10], edge_attr=[10, 2], y=0.0, custom_label=0.0, min_label=0, max_label=10, instance_name='p08.txt');0.0;0.00040188292041420937;1.737162165227346e-05;0.03679678961634636
Data(x=[16, 11], edge_index=[2, 10], edge_attr=[10, 2], y=0.0, custom_label=0.0, min_label=0, max_label=10, instance_name='p08.txt');0.0;1.6884661818039604e-05;1.78764878455695e-07;2.9461104584150375e-31
Data(x=[23, 11], edge_index=[2, 10], edge_attr=[10, 2], y=0.0, custom_label=0.0, min_label=0, max_label=10, instance_name='p08.txt');0.0;0.0030549948569387197;4.3705731513909996e-05;0.03679678961634636
Data(x=[25, 11], edge_index=[2, 10], edge_attr=[10, 2], y=0.0, custom_label=0.0, min_label=0, max_label=10, instance_name='p08.txt');0.0;0.0010137399658560753;2.5032673875102773e-05;0.03679678961634636
Data(x=[22, 11], edge_index=[2, 10], edge_attr=[10, 2], y=10.0, custom_label=1.0, min_label=0, max_label=10, instance_name='p08.txt');1.0;0.43902966380119324;0.2610054314136505;0.03679678961634636
Data(x=[22, 11], edge_index=[2, 10], edge_attr=[10, 2], y=9.0, custom_label=0.9, min_label=0, max_label=10, instance_name='p08.txt');0.8999999761581421;0.40191179513931274;0.4199932813644409;0.03679678961634636
Data(x=[22, 11], edge_index=[2, 10], edge_attr=[10, 2], y=8.0, custom_label=0.8, min_label=0, max_label=10, instance_name='p08.txt');0.800000011920929;0.4782908856868744;0.28937846422195435;0.03679678961634636
Data(x=[22, 11], edge_index=[2, 10], edge_attr=[10, 2], y=7.0, custom_label=0.7, min_label=0, max_label=10, instance_name='p08.txt');0.699999988079071;0.5015433430671692;0.2804408073425293;0.03679678961634636
Data(x=[22, 11], edge_index=[2, 10], edge_attr=[10, 2], y=6.0, custom_label=0.6, min_label=0, max_label=10, instance_name='p08.txt');0.6000000238418579;0.40191179513931274;0.4199932813644409;0.03679678961634636
Data(x=[22, 11], edge_index=[2, 10], edge_attr=[10, 2], y=5.0, custom_label=0.5, min_label=0, max_label=10, instance_name='p08.txt');0.5;0.4782908856868744;0.28937843441963196;0.03679678961634636
Data(x=[22, 11], edge_index=[2, 10], edge_attr=[10, 2], y=4.0, custom_label=0.4, min_label=0, max_label=10, instance_name='p08.txt');0.4000000059604645;0.5015433430671692;0.2804408073425293;0.03679678961634636
Data(x=[22, 11], edge_index=[2, 10], edge_attr=[10, 2], y=3.0, custom_label=0.3, min_label=0, max_label=10, instance_name='p08.txt');0.30000001192092896;0.537577748298645;0.3095986545085907;0.03679678961634636
Data(x=[22, 11], edge_index=[2, 10], edge_attr=[10, 2], y=2.0, custom_label=0.2, min_label=0, max_label=10, instance_name='p08.txt');0.20000000298023224;0.27369028329849243;0.3059000074863434;0.03679678961634636
Data(x=[22, 11], edge_index=[2, 10], edge_attr=[10, 2], y=1.0, custom_label=0.1, min_label=0, max_label=10, instance_name='p08.txt');0.10000000149011612;0.27369028329849243;0.10394854098558426;0.03679678961634636
Data(x=[22, 11], edge_index=[2, 10], edge_attr=[10, 2], y=0.0, custom_label=0.0, min_label=0, max_label=10, instance_name='p08.txt');0.0;0.00024313015455845743;1.2503448488132562e-05;0.03679678961634636
Data(x=[20, 11], edge_index=[2, 10], edge_attr=[10, 2], y=0.0, custom_label=0.0, min_label=0, max_label=10, instance_name='p08.txt');0.0;2.6453784812474623e-05;9.155604629995651e-07;2.9734562185970865e-31
Data(x=[20, 11], edge_index=[2, 10], edge_attr=[10, 2], y=0.0, custom_label=0.0, min_label=0, max_label=10, instance_name='p08.txt');0.0;7.265902968356386e-05;7.667640602448955e-06;2.9734562185970865e-31
Data(x=[24, 11], edge_index=[2, 10], edge_attr=[10, 2], y=0.0, custom_label=0.0, min_label=0, max_label=10, instance_name='p08.txt');0.0;0.0006103352061472833;2.9353606805671006e-05;0.03679678961634636
Data(x=[22, 11], edge_index=[2, 10], edge_attr=[10, 2], y=0.0, custom_label=0.0, min_label=0, max_label=10, instance_name='p08.txt');0.0;0.0008117193356156349;4.752903350890847e-06;0.03679678961634636
Data(x=[24, 11], edge_index=[2, 10], edge_attr=[10, 2], y=0.0, custom_label=0.0, min_label=0, max_label=10, instance_name='p08.txt');0.0;0.0002635617565829307;4.998506028641714e-06;6.701167094355508e-32
Data(x=[25, 11], edge_index=[2, 10], edge_attr=[10, 2], y=0.0, custom_label=0.0, min_label=0, max_label=10, instance_name='p08.txt');0.0;0.00043499298044480383;5.667573987011565e-06;0.03679678961634636
Data(x=[22, 11], edge_index=[2, 10], edge_attr=[10, 2], y=0.0, custom_label=0.0, min_label=0, max_label=10, instance_name='p08.txt');0.0;0.0007708119228482246;1.1866702465113121e-07;0.03679678961634636
Data(x=[23, 11], edge_index=[2, 10], edge_attr=[10, 2], y=0.0, custom_label=0.0, min_label=0, max_label=10, instance_name='p08.txt');0.0;0.00016711711941752583;2.7358366878615925e-06;0.03679678961634636
Data(x=[24, 11], edge_index=[2, 10], edge_attr=[10, 2], y=0.0, custom_label=0.0, min_label=0, max_label=10, instance_name='p08.txt');0.0;0.0006369899492710829;2.3482196411350742e-05;4.900197955873354e-22
Data(x=[30, 11], edge_index=[2, 10], edge_attr=[10, 2], y=2.0, custom_label=0.2, min_label=0, max_label=10, instance_name='p08.txt');0.20000000298023224;0.18945564329624176;0.110776886343956;0.03679678961634636
Data(x=[30, 11], edge_index=[2, 10], edge_attr=[10, 2], y=1.0, custom_label=0.1, min_label=0, max_label=10, instance_name='p08.txt');0.10000000149011612;0.18945564329624176;0.110776886343956;0.03679678961634636
Data(x=[30, 11], edge_index=[2, 10], edge_attr=[10, 2], y=0.0, custom_label=0.0, min_label=0, max_label=10, instance_name='p08.txt');0.0;0.005294225178658962;9.429845522390679e-05;0.03679678961634636
Data(x=[21, 11], edge_index=[2, 10], edge_attr=[10, 2], y=0.0, custom_label=0.0, min_label=0, max_label=10, instance_name='p08.txt');0.0;5.101961869513616e-05;1.4862918078506482e-06;0.0
Data(x=[22, 11], edge_index=[2, 10], edge_attr=[10, 2], y=0.0, custom_label=0.0, min_label=0, max_label=10, instance_name='p08.txt');0.0;0.0008117193356156349;4.752907898364356e-06;0.03679678961634636
Data(x=[22, 11], edge_index=[2, 10], edge_attr=[10, 2], y=0.0, custom_label=0.0, min_label=0, max_label=10, instance_name='p08.txt');0.0;0.001940851449035108;9.333992920801393e-07;0.03679678961634636
Data(x=[18, 11], edge_index=[2, 10], edge_attr=[10, 2], y=0.0, custom_label=0.0, min_label=0, max_label=10, instance_name='p08.txt');0.0;5.7115939853247255e-06;2.956057869596407e-07;7.030002885296269e-16
Data(x=[23, 11], edge_index=[2, 10], edge_attr=[10, 2], y=0.0, custom_label=0.0, min_label=0, max_label=10, instance_name='p08.txt');0.0;0.0013434686698019505;5.141621841175947e-06;0.03679678961634636
Data(x=[23, 11], edge_index=[2, 10], edge_attr=[10, 2], y=0.0, custom_label=0.0, min_label=0, max_label=10, instance_name='p08.txt');0.0;0.0030812483746558428;4.1145049181068316e-05;0.03679678961634636
Data(x=[18, 11], edge_index=[2, 10], edge_attr=[10, 2], y=0.0, custom_label=0.0, min_label=0, max_label=10, instance_name='p08.txt');0.0;8.126133616315201e-05;7.131584425223991e-07;0.03679678961634636
Data(x=[25, 11], edge_index=[2, 10], edge_attr=[10, 2], y=0.0, custom_label=0.0, min_label=0, max_label=10, instance_name='p08.txt');0.0;0.0009338893578387797;3.842366277240217e-05;0.03679678961634636
Data(x=[19, 11], edge_index=[2, 10], edge_attr=[10, 2], y=0.0, custom_label=0.0, min_label=0, max_label=10, instance_name='p08.txt');0.0;3.9144833863247186e-05;3.796764076469117e-06;0.0
Data(x=[23, 11], edge_index=[2, 10], edge_attr=[10, 2], y=0.0, custom_label=0.0, min_label=0, max_label=10, instance_name='p08.txt');0.0;0.002928435569629073;1.4527164466926479e-06;0.03679678961634636
Data(x=[20, 11], edge_index=[2, 10], edge_attr=[10, 2], y=0.0, custom_label=0.0, min_label=0, max_label=10, instance_name='p08.txt');0.0;0.00027650725678540766;2.467374315529014e-06;1.161746383218574e-24
Data(x=[29, 11], edge_index=[2, 10], edge_attr=[10, 2], y=0.0, custom_label=0.0, min_label=0, max_label=10, instance_name='p08.txt');0.0;0.04451509565114975;0.0014499780954793096;0.03679678961634636
Data(x=[24, 11], edge_index=[2, 10], edge_attr=[10, 2], y=0.0, custom_label=0.0, min_label=0, max_label=10, instance_name='p08.txt');0.0;0.0006369899492710829;2.34821745834779e-05;2.9734562185970865e-31
Data(x=[20, 11], edge_index=[2, 10], edge_attr=[10, 2], y=0.0, custom_label=0.0, min_label=0, max_label=10, instance_name='p08.txt');0.0;7.648742757737637e-05;5.86648320677341e-06;0.0
Data(x=[20, 11], edge_index=[2, 10], edge_attr=[10, 2], y=0.0, custom_label=0.0, min_label=0, max_label=10, instance_name='p08.txt');0.0;8.051752229221165e-05;4.4884259295940865e-06;0.03679678961634636
Data(x=[24, 11], edge_index=[2, 10], edge_attr=[10, 2], y=0.0, custom_label=0.0, min_label=0, max_label=10, instance_name='p08.txt');0.0;0.0005847951397299767;3.66931089956779e-05;0.0
Data(x=[24, 11], edge_index=[2, 10], edge_attr=[10, 2], y=0.0, custom_label=0.0, min_label=0, max_label=10, instance_name='p08.txt');0.0;0.0006938404403626919;1.502824579802109e-05;0.03679678961634636
Data(x=[24, 11], edge_index=[2, 10], edge_attr=[10, 2], y=0.0, custom_label=0.0, min_label=0, max_label=10, instance_name='p08.txt');0.0;0.0044534592889249325;1.742835479490168e-06;0.03679678961634636
Data(x=[24, 11], edge_index=[2, 10], edge_attr=[10, 2], y=8.0, custom_label=0.8, min_label=0, max_label=10, instance_name='p08.txt');0.800000011920929;0.25736331939697266;0.1085701584815979;0.03679678961634636
Data(x=[24, 11], edge_index=[2, 10], edge_attr=[10, 2], y=7.0, custom_label=0.7, min_label=0, max_label=10, instance_name='p08.txt');0.699999988079071;0.20627418160438538;0.11408107727766037;0.03679678961634636
Data(x=[24, 11], edge_index=[2, 10], edge_attr=[10, 2], y=6.0, custom_label=0.6, min_label=0, max_label=10, instance_name='p08.txt');0.6000000238418579;0.20627418160438538;0.11408107727766037;0.03679678961634636
Data(x=[24, 11], edge_index=[2, 10], edge_attr=[10, 2], y=5.0, custom_label=0.5, min_label=0, max_label=10, instance_name='p08.txt');0.5;0.20627418160438538;0.11408107727766037;0.03679678961634636
Data(x=[24, 11], edge_index=[2, 10], edge_attr=[10, 2], y=4.0, custom_label=0.4, min_label=0, max_label=10, instance_name='p08.txt');0.4000000059604645;0.20627418160438538;0.11408107727766037;0.03679678961634636
Data(x=[24, 11], edge_index=[2, 10], edge_attr=[10, 2], y=3.0, custom_label=0.3, min_label=0, max_label=10, instance_name='p08.txt');0.30000001192092896;0.20627418160438538;0.11408107727766037;0.03679678961634636
Data(x=[24, 11], edge_index=[2, 10], edge_attr=[10, 2], y=2.0, custom_label=0.2, min_label=0, max_label=10, instance_name='p08.txt');0.20000000298023224;0.25736331939697266;0.1085701584815979;0.03679678961634636
Data(x=[24, 11], edge_index=[2, 10], edge_attr=[10, 2], y=1.0, custom_label=0.1, min_label=0, max_label=10, instance_name='p08.txt');0.10000000149011612;0.20627418160438538;0.11408107727766037;0.03679678961634636
Data(x=[24, 11], edge_index=[2, 10], edge_attr=[10, 2], y=0.0, custom_label=0.0, min_label=0, max_label=10, instance_name='p08.txt');0.0;0.0006103352061472833;2.9353668651310727e-05;0.03679678961634636
Data(x=[19, 11], edge_index=[2, 10], edge_attr=[10, 2], y=0.0, custom_label=0.0, min_label=0, max_label=10, instance_name='p08.txt');0.0;0.00014202066813595593;2.1698865566577297e-06;0.0
Data(x=[24, 11], edge_index=[2, 10], edge_attr=[10, 2], y=0.0, custom_label=0.0, min_label=0, max_label=10, instance_name='p08.txt');0.0;0.000275075261015445;3.997912244813051e-06;0.03679678961634636
Data(x=[24, 11], edge_index=[2, 10], edge_attr=[10, 2], y=0.0, custom_label=0.0, min_label=0, max_label=10, instance_name='p08.txt');0.0;0.0006369899492710829;2.3482196411350742e-05;0.03679678961634636
Data(x=[20, 11], edge_index=[2, 10], edge_attr=[10, 2], y=0.0, custom_label=0.0, min_label=0, max_label=10, instance_name='p08.txt');0.0;0.00028820772422477603;2.023436763920472e-06;5.218116193696491e-25
Data(x=[24, 11], edge_index=[2, 10], edge_attr=[10, 2], y=2.0, custom_label=0.2, min_label=0, max_label=10, instance_name='p08.txt');0.20000000298023224;0.16447781026363373;0.19745536148548126;0.03679678961634636
Data(x=[24, 11], edge_index=[2, 10], edge_attr=[10, 2], y=1.0, custom_label=0.1, min_label=0, max_label=10, instance_name='p08.txt');0.10000000149011612;0.22315973043441772;0.10663943737745285;0.03679678961634636
Data(x=[24, 11], edge_index=[2, 10], edge_attr=[10, 2], y=0.0, custom_label=0.0, min_label=0, max_label=10, instance_name='p08.txt');0.0;0.0019253019709140062;9.693397259979974e-06;0.03679678961634636
Data(x=[22, 11], edge_index=[2, 10], edge_attr=[10, 2], y=0.0, custom_label=0.0, min_label=0, max_label=10, instance_name='p08.txt');0.0;0.0002547405892983079;9.80206641543191e-06;0.03679678961634636
Data(x=[22, 11], edge_index=[2, 10], edge_attr=[10, 2], y=0.0, custom_label=0.0, min_label=0, max_label=10, instance_name='p08.txt');0.0;9.267441055271775e-05;2.3088343823474133e-06;0.0
Data(x=[23, 11], edge_index=[2, 10], edge_attr=[10, 2], y=0.0, custom_label=0.0, min_label=0, max_label=10, instance_name='p08.txt');0.0;0.0004018830950371921;1.737162165227346e-05;0.0
Data(x=[25, 11], edge_index=[2, 10], edge_attr=[10, 2], y=0.0, custom_label=0.0, min_label=0, max_label=10, instance_name='p08.txt');0.0;0.002701425226405263;1.6432775737484917e-05;2.9460878889235017e-31
Data(x=[22, 11], edge_index=[2, 10], edge_attr=[10, 2], y=0.0, custom_label=0.0, min_label=0, max_label=10, instance_name='p08.txt');0.0;0.0002547405892983079;9.80206641543191e-06;0.03679678961634636
Data(x=[26, 11], edge_index=[2, 10], edge_attr=[10, 2], y=0.0, custom_label=0.0, min_label=0, max_label=10, instance_name='p08.txt');0.0;0.0006383025902323425;9.61280966293998e-06;7.030002885296269e-16
Data(x=[22, 11], edge_index=[2, 10], edge_attr=[10, 2], y=0.0, custom_label=0.0, min_label=0, max_label=10, instance_name='p08.txt');0.0;9.267441055271775e-05;2.3088343823474133e-06;6.701167094355508e-32
Data(x=[23, 11], edge_index=[2, 10], edge_attr=[10, 2], y=0.0, custom_label=0.0, min_label=0, max_label=10, instance_name='p08.txt');0.0;0.00015982412151060998;3.4538504678494064e-06;0.0
Data(x=[23, 11], edge_index=[2, 10], edge_attr=[10, 2], y=3.0, custom_label=0.3, min_label=0, max_label=10, instance_name='p08.txt');0.30000001192092896;0.23922836780548096;0.2619398236274719;0.03679678961634636
Data(x=[23, 11], edge_index=[2, 10], edge_attr=[10, 2], y=2.0, custom_label=0.2, min_label=0, max_label=10, instance_name='p08.txt');0.20000000298023224;0.2101498246192932;0.33215680718421936;0.03679678961634636
Data(x=[23, 11], edge_index=[2, 10], edge_attr=[10, 2], y=1.0, custom_label=0.1, min_label=0, max_label=10, instance_name='p08.txt');0.10000000149011612;0.273235559463501;0.2893647253513336;0.03679678961634636
Data(x=[23, 11], edge_index=[2, 10], edge_attr=[10, 2], y=0.0, custom_label=0.0, min_label=0, max_label=10, instance_name='p08.txt');0.0;0.009137644432485104;5.115754220241797e-07;0.03679678961634636
Data(x=[27, 11], edge_index=[2, 10], edge_attr=[10, 2], y=0.0, custom_label=0.0, min_label=0, max_label=10, instance_name='p08.txt');0.0;0.0022304102312773466;3.419999484322034e-05;0.03679678961634636
Data(x=[23, 11], edge_index=[2, 10], edge_attr=[10, 2], y=0.0, custom_label=0.0, min_label=0, max_label=10, instance_name='p08.txt');0.0;0.00015982412151060998;3.4538504678494064e-06;4.900197955873354e-22
Data(x=[22, 11], edge_index=[2, 10], edge_attr=[10, 2], y=0.0, custom_label=0.0, min_label=0, max_label=10, instance_name='p08.txt');0.0;0.0021445334423333406;2.412454705336131e-05;0.03679678961634636
Data(x=[25, 11], edge_index=[2, 10], edge_attr=[10, 2], y=0.0, custom_label=0.0, min_label=0, max_label=10, instance_name='p08.txt');0.0;0.006014535203576088;8.989964408101514e-05;0.03679678961634636
Data(x=[23, 11], edge_index=[2, 10], edge_attr=[10, 2], y=0.0, custom_label=0.0, min_label=0, max_label=10, instance_name='p08.txt');0.0;0.0001598242815816775;3.4538504678494064e-06;0.03679678961634636
Data(x=[26, 11], edge_index=[2, 10], edge_attr=[10, 2], y=0.0, custom_label=0.0, min_label=0, max_label=10, instance_name='p08.txt');0.0;0.004024186171591282;1.679428169154562e-05;0.0
Data(x=[25, 11], edge_index=[2, 10], edge_attr=[10, 2], y=3.0, custom_label=0.3, min_label=0, max_label=10, instance_name='p08.txt');0.30000001192092896;0.47234994173049927;0.2855285108089447;0.03679678961634636
Data(x=[25, 11], edge_index=[2, 10], edge_attr=[10, 2], y=2.0, custom_label=0.2, min_label=0, max_label=10, instance_name='p08.txt');0.20000000298023224;0.21832557022571564;0.08085016906261444;0.03679678961634636
Data(x=[25, 11], edge_index=[2, 10], edge_attr=[10, 2], y=1.0, custom_label=0.1, min_label=0, max_label=10, instance_name='p08.txt');0.10000000149011612;0.2039039134979248;0.1103685200214386;0.03679678961634636
Data(x=[25, 11], edge_index=[2, 10], edge_attr=[10, 2], y=0.0, custom_label=0.0, min_label=0, max_label=10, instance_name='p08.txt');0.0;0.0009729971643537283;3.1013652915135026e-05;0.03679678961634636
Data(x=[19, 11], edge_index=[2, 10], edge_attr=[10, 2], y=0.0, custom_label=0.0, min_label=0, max_label=10, instance_name='p08.txt');0.0;4.361741230241023e-05;2.1602213564619888e-06;0.03679678961634636
Data(x=[26, 11], edge_index=[2, 10], edge_attr=[10, 2], y=4.0, custom_label=0.4, min_label=0, max_label=10, instance_name='p08.txt');0.4000000059604645;0.4373253285884857;0.2748747169971466;0.03679678961634636
Data(x=[26, 11], edge_index=[2, 10], edge_attr=[10, 2], y=3.0, custom_label=0.3, min_label=0, max_label=10, instance_name='p08.txt');0.30000001192092896;0.37389567494392395;0.38667842745780945;0.03679678961634636
Data(x=[26, 11], edge_index=[2, 10], edge_attr=[10, 2], y=2.0, custom_label=0.2, min_label=0, max_label=10, instance_name='p08.txt');0.20000000298023224;0.12526927888393402;0.16584306955337524;0.03679678961634636
Data(x=[26, 11], edge_index=[2, 10], edge_attr=[10, 2], y=1.0, custom_label=0.1, min_label=0, max_label=10, instance_name='p08.txt');0.10000000149011612;0.1753951758146286;0.09035347402095795;0.03679678961634636
Data(x=[26, 11], edge_index=[2, 10], edge_attr=[10, 2], y=0.0, custom_label=0.0, min_label=0, max_label=10, instance_name='p08.txt');0.0;0.000718458613846451;5.1784700190182775e-06;0.03679678961634636
Data(x=[22, 11], edge_index=[2, 10], edge_attr=[10, 2], y=0.0, custom_label=0.0, min_label=0, max_label=10, instance_name='p08.txt');0.0;0.00024313015455845743;1.2503448488132562e-05;0.03679678961634636
Data(x=[20, 11], edge_index=[2, 10], edge_attr=[10, 2], y=0.0, custom_label=0.0, min_label=0, max_label=10, instance_name='p08.txt');0.0;0.0007923446828499436;2.5794605562623474e-07;0.03679678961634636
Data(x=[26, 11], edge_index=[2, 10], edge_attr=[10, 2], y=0.0, custom_label=0.0, min_label=0, max_label=10, instance_name='p08.txt');0.0;0.0038399402983486652;2.1764419216196984e-05;2.9460878889235017e-31
Data(x=[20, 11], edge_index=[2, 10], edge_attr=[10, 2], y=0.0, custom_label=0.0, min_label=0, max_label=10, instance_name='p08.txt');0.0;2.6453784812474623e-05;9.155604629995651e-07;0.0
Data(x=[24, 11], edge_index=[2, 10], edge_attr=[10, 2], y=2.0, custom_label=0.2, min_label=0, max_label=10, instance_name='p08.txt');0.20000000298023224;0.17817924916744232;0.09255596995353699;0.03679678961634636
Data(x=[24, 11], edge_index=[2, 10], edge_attr=[10, 2], y=1.0, custom_label=0.1, min_label=0, max_label=10, instance_name='p08.txt');0.10000000149011612;0.17817924916744232;0.09255596995353699;0.03679678961634636
Data(x=[24, 11], edge_index=[2, 10], edge_attr=[10, 2], y=0.0, custom_label=0.0, min_label=0, max_label=10, instance_name='p08.txt');0.0;0.00028709127218462527;3.1975730507838307e-06;0.03679678961634636
Data(x=[23, 11], edge_index=[2, 10], edge_attr=[10, 2], y=0.0, custom_label=0.0, min_label=0, max_label=10, instance_name='p08.txt');0.0;0.0003675762563943863;2.7672896976582706e-05;0.03679678961634636
Data(x=[24, 11], edge_index=[2, 10], edge_attr=[10, 2], y=0.0, custom_label=0.0, min_label=0, max_label=10, instance_name='p08.txt');0.0;0.0006648083217442036;1.878514558484312e-05;0.03679678961634636
Data(x=[23, 11], edge_index=[2, 10], edge_attr=[10, 2], y=0.0, custom_label=0.0, min_label=0, max_label=10, instance_name='p08.txt');0.0;0.0004202185373287648;1.376364343741443e-05;0.03679678961634636
Data(x=[25, 11], edge_index=[2, 10], edge_attr=[10, 2], y=0.0, custom_label=0.0, min_label=0, max_label=10, instance_name='p08.txt');0.0;0.006014535203576088;8.989973139250651e-05;0.03679678961634636
Data(x=[38, 11], edge_index=[2, 10], edge_attr=[10, 2], y=88.0, custom_label=1.0, min_label=0, max_label=88, instance_name='p09.txt');1.0;0.34222182631492615;0.23475566506385803;0.03679678961634636
Data(x=[38, 11], edge_index=[2, 10], edge_attr=[10, 2], y=87.0, custom_label=0.9886364, min_label=0, max_label=88, instance_name='p09.txt');0.9886363744735718;0.34222185611724854;0.23475566506385803;0.03679678961634636
Data(x=[38, 11], edge_index=[2, 10], edge_attr=[10, 2], y=86.0, custom_label=0.97727275, min_label=0, max_label=88, instance_name='p09.txt');0.9772727489471436;0.34222185611724854;0.23475566506385803;0.03679678961634636
Data(x=[38, 11], edge_index=[2, 10], edge_attr=[10, 2], y=85.0, custom_label=0.96590906, min_label=0, max_label=88, instance_name='p09.txt');0.9659090638160706;0.34222185611724854;0.23475566506385803;0.03679678961634636
Data(x=[38, 11], edge_index=[2, 10], edge_attr=[10, 2], y=84.0, custom_label=0.95454544, min_label=0, max_label=88, instance_name='p09.txt');0.9545454382896423;0.34222185611724854;0.23475566506385803;0.03679678961634636
Data(x=[38, 11], edge_index=[2, 10], edge_attr=[10, 2], y=83.0, custom_label=0.9431818, min_label=0, max_label=88, instance_name='p09.txt');0.9431818127632141;0.34222185611724854;0.23475566506385803;0.03679678961634636
Data(x=[38, 11], edge_index=[2, 10], edge_attr=[10, 2], y=82.0, custom_label=0.9318182, min_label=0, max_label=88, instance_name='p09.txt');0.9318181872367859;0.34222185611724854;0.23475566506385803;0.03679678961634636
Data(x=[38, 11], edge_index=[2, 10], edge_attr=[10, 2], y=81.0, custom_label=0.92045456, min_label=0, max_label=88, instance_name='p09.txt');0.9204545617103577;0.34222185611724854;0.23475566506385803;0.03679678961634636
Data(x=[38, 11], edge_index=[2, 10], edge_attr=[10, 2], y=80.0, custom_label=0.90909094, min_label=0, max_label=88, instance_name='p09.txt');0.9090909361839294;0.34222185611724854;0.23475566506385803;0.03679678961634636
Data(x=[38, 11], edge_index=[2, 10], edge_attr=[10, 2], y=79.0, custom_label=0.89772725, min_label=0, max_label=88, instance_name='p09.txt');0.8977272510528564;0.34222185611724854;0.23475566506385803;0.03679678961634636
Data(x=[38, 11], edge_index=[2, 10], edge_attr=[10, 2], y=78.0, custom_label=0.8863636, min_label=0, max_label=88, instance_name='p09.txt');0.8863636255264282;0.34222185611724854;0.23475566506385803;0.03679678961634636
Data(x=[38, 11], edge_index=[2, 10], edge_attr=[10, 2], y=77.0, custom_label=0.875, min_label=0, max_label=88, instance_name='p09.txt');0.875;0.34222185611724854;0.23475566506385803;0.03679678961634636
Data(x=[38, 11], edge_index=[2, 10], edge_attr=[10, 2], y=76.0, custom_label=0.8636364, min_label=0, max_label=88, instance_name='p09.txt');0.8636363744735718;0.34222185611724854;0.23475566506385803;0.03679678961634636
Data(x=[38, 11], edge_index=[2, 10], edge_attr=[10, 2], y=75.0, custom_label=0.85227275, min_label=0, max_label=88, instance_name='p09.txt');0.8522727489471436;0.34222185611724854;0.23475566506385803;0.03679678961634636
Data(x=[38, 11], edge_index=[2, 10], edge_attr=[10, 2], y=74.0, custom_label=0.84090906, min_label=0, max_label=88, instance_name='p09.txt');0.8409090638160706;0.34222185611724854;0.23475566506385803;0.03679678961634636
Data(x=[38, 11], edge_index=[2, 10], edge_attr=[10, 2], y=73.0, custom_label=0.82954544, min_label=0, max_label=88, instance_name='p09.txt');0.8295454382896423;0.34222185611724854;0.23475566506385803;0.03679678961634636
Data(x=[38, 11], edge_index=[2, 10], edge_attr=[10, 2], y=72.0, custom_label=0.8181818, min_label=0, max_label=88, instance_name='p09.txt');0.8181818127632141;0.17918774485588074;0.10834313184022903;0.03679678961634636
Data(x=[38, 11], edge_index=[2, 10], edge_attr=[10, 2], y=71.0, custom_label=0.8068182, min_label=0, max_label=88, instance_name='p09.txt');0.8068181872367859;0.17918774485588074;0.10834313184022903;0.03679678961634636
Data(x=[38, 11], edge_index=[2, 10], edge_attr=[10, 2], y=70.0, custom_label=0.79545456, min_label=0, max_label=88, instance_name='p09.txt');0.7954545617103577;0.17918774485588074;0.10834313184022903;0.03679678961634636
Data(x=[38, 11], edge_index=[2, 10], edge_attr=[10, 2], y=69.0, custom_label=0.78409094, min_label=0, max_label=88, instance_name='p09.txt');0.7840909361839294;0.17918774485588074;0.10834313184022903;0.03679678961634636
Data(x=[38, 11], edge_index=[2, 10], edge_attr=[10, 2], y=68.0, custom_label=0.77272725, min_label=0, max_label=88, instance_name='p09.txt');0.7727272510528564;0.17918774485588074;0.10834313184022903;0.03679678961634636
Data(x=[38, 11], edge_index=[2, 10], edge_attr=[10, 2], y=67.0, custom_label=0.7613636, min_label=0, max_label=88, instance_name='p09.txt');0.7613636255264282;0.17918774485588074;0.10834313184022903;0.03679678961634636
Data(x=[38, 11], edge_index=[2, 10], edge_attr=[10, 2], y=66.0, custom_label=0.75, min_label=0, max_label=88, instance_name='p09.txt');0.75;0.17918774485588074;0.10834313184022903;0.03679678961634636
Data(x=[38, 11], edge_index=[2, 10], edge_attr=[10, 2], y=65.0, custom_label=0.7386364, min_label=0, max_label=88, instance_name='p09.txt');0.7386363744735718;0.34222182631492615;0.23475565016269684;0.03679678961634636
Data(x=[38, 11], edge_index=[2, 10], edge_attr=[10, 2], y=64.0, custom_label=0.72727275, min_label=0, max_label=88, instance_name='p09.txt');0.7272727489471436;0.34222185611724854;0.23475565016269684;0.03679678961634636
Data(x=[38, 11], edge_index=[2, 10], edge_attr=[10, 2], y=63.0, custom_label=0.71590906, min_label=0, max_label=88, instance_name='p09.txt');0.7159090638160706;0.34222185611724854;0.23475565016269684;0.03679678961634636
Data(x=[38, 11], edge_index=[2, 10], edge_attr=[10, 2], y=62.0, custom_label=0.70454544, min_label=0, max_label=88, instance_name='p09.txt');0.7045454382896423;0.34222185611724854;0.23475565016269684;0.03679678961634636
Data(x=[38, 11], edge_index=[2, 10], edge_attr=[10, 2], y=61.0, custom_label=0.6931818, min_label=0, max_label=88, instance_name='p09.txt');0.6931818127632141;0.34222185611724854;0.23475565016269684;0.03679678961634636
Data(x=[38, 11], edge_index=[2, 10], edge_attr=[10, 2], y=60.0, custom_label=0.6818182, min_label=0, max_label=88, instance_name='p09.txt');0.6818181872367859;0.34222185611724854;0.23475565016269684;0.03679678961634636
Data(x=[38, 11], edge_index=[2, 10], edge_attr=[10, 2], y=59.0, custom_label=0.67045456, min_label=0, max_label=88, instance_name='p09.txt');0.6704545617103577;0.34222185611724854;0.23475565016269684;0.03679678961634636
Data(x=[38, 11], edge_index=[2, 10], edge_attr=[10, 2], y=58.0, custom_label=0.65909094, min_label=0, max_label=88, instance_name='p09.txt');0.6590909361839294;0.34222185611724854;0.23475565016269684;0.03679678961634636
Data(x=[38, 11], edge_index=[2, 10], edge_attr=[10, 2], y=57.0, custom_label=0.64772725, min_label=0, max_label=88, instance_name='p09.txt');0.6477272510528564;0.6096707582473755;0.3993684947490692;0.03679678961634636
Data(x=[38, 11], edge_index=[2, 10], edge_attr=[10, 2], y=56.0, custom_label=0.6363636, min_label=0, max_label=88, instance_name='p09.txt');0.6363636255264282;0.6096708178520203;0.3993684947490692;0.03679678961634636
Data(x=[38, 11], edge_index=[2, 10], edge_attr=[10, 2], y=55.0, custom_label=0.625, min_label=0, max_label=88, instance_name='p09.txt');0.625;0.6096707582473755;0.3993684947490692;0.03679678961634636
Data(x=[38, 11], edge_index=[2, 10], edge_attr=[10, 2], y=54.0, custom_label=0.6136364, min_label=0, max_label=88, instance_name='p09.txt');0.6136363744735718;0.6096707582473755;0.3993684947490692;0.03679678961634636
Data(x=[38, 11], edge_index=[2, 10], edge_attr=[10, 2], y=53.0, custom_label=0.60227275, min_label=0, max_label=88, instance_name='p09.txt');0.6022727489471436;0.6096707582473755;0.3993684947490692;0.03679678961634636
Data(x=[38, 11], edge_index=[2, 10], edge_attr=[10, 2], y=52.0, custom_label=0.59090906, min_label=0, max_label=88, instance_name='p09.txt');0.5909090638160706;0.6096707582473755;0.3993684947490692;0.03679678961634636
Data(x=[38, 11], edge_index=[2, 10], edge_attr=[10, 2], y=51.0, custom_label=0.57954544, min_label=0, max_label=88, instance_name='p09.txt');0.5795454382896423;0.6096707582473755;0.3993684947490692;0.03679678961634636
Data(x=[38, 11], edge_index=[2, 10], edge_attr=[10, 2], y=50.0, custom_label=0.5681818, min_label=0, max_label=88, instance_name='p09.txt');0.5681818127632141;0.6096707582473755;0.3993684947490692;0.03679678961634636
Data(x=[38, 11], edge_index=[2, 10], edge_attr=[10, 2], y=49.0, custom_label=0.5568182, min_label=0, max_label=88, instance_name='p09.txt');0.5568181872367859;0.6096708178520203;0.3993684947490692;0.03679678961634636
Data(x=[38, 11], edge_index=[2, 10], edge_attr=[10, 2], y=48.0, custom_label=0.54545456, min_label=0, max_label=88, instance_name='p09.txt');0.5454545617103577;0.6096708178520203;0.3993684947490692;0.03679678961634636
Data(x=[38, 11], edge_index=[2, 10], edge_attr=[10, 2], y=47.0, custom_label=0.53409094, min_label=0, max_label=88, instance_name='p09.txt');0.5340909361839294;0.6096708178520203;0.3993684947490692;0.03679678961634636
Data(x=[38, 11], edge_index=[2, 10], edge_attr=[10, 2], y=46.0, custom_label=0.52272725, min_label=0, max_label=88, instance_name='p09.txt');0.5227272510528564;0.6096708178520203;0.3993684947490692;0.03679678961634636
Data(x=[38, 11], edge_index=[2, 10], edge_attr=[10, 2], y=45.0, custom_label=0.5113636, min_label=0, max_label=88, instance_name='p09.txt');0.5113636255264282;0.6096708178520203;0.3993684947490692;0.03679678961634636
Data(x=[38, 11], edge_index=[2, 10], edge_attr=[10, 2], y=44.0, custom_label=0.5, min_label=0, max_label=88, instance_name='p09.txt');0.5;0.6096708178520203;0.3993684947490692;0.03679678961634636
Data(x=[38, 11], edge_index=[2, 10], edge_attr=[10, 2], y=43.0, custom_label=0.48863637, min_label=0, max_label=88, instance_name='p09.txt');0.4886363744735718;0.6096708178520203;0.3993684947490692;0.03679678961634636
Data(x=[38, 11], edge_index=[2, 10], edge_attr=[10, 2], y=42.0, custom_label=0.47727272, min_label=0, max_label=88, instance_name='p09.txt');0.47727271914482117;0.34222185611724854;0.23475566506385803;0.03679678961634636
Data(x=[38, 11], edge_index=[2, 10], edge_attr=[10, 2], y=41.0, custom_label=0.4659091, min_label=0, max_label=88, instance_name='p09.txt');0.46590909361839294;0.34222182631492615;0.23475566506385803;0.03679678961634636
Data(x=[38, 11], edge_index=[2, 10], edge_attr=[10, 2], y=40.0, custom_label=0.45454547, min_label=0, max_label=88, instance_name='p09.txt');0.4545454680919647;0.34222185611724854;0.23475566506385803;0.03679678961634636
Data(x=[38, 11], edge_index=[2, 10], edge_attr=[10, 2], y=39.0, custom_label=0.4431818, min_label=0, max_label=88, instance_name='p09.txt');0.4431818127632141;0.6096707582473755;0.3993684947490692;0.03679678961634636
Data(x=[38, 11], edge_index=[2, 10], edge_attr=[10, 2], y=38.0, custom_label=0.4318182, min_label=0, max_label=88, instance_name='p09.txt');0.4318181872367859;0.34222185611724854;0.23475566506385803;0.03679678961634636
Data(x=[38, 11], edge_index=[2, 10], edge_attr=[10, 2], y=37.0, custom_label=0.42045453, min_label=0, max_label=88, instance_name='p09.txt');0.4204545319080353;0.34222185611724854;0.23475566506385803;0.03679678961634636
Data(x=[38, 11], edge_index=[2, 10], edge_attr=[10, 2], y=36.0, custom_label=0.4090909, min_label=0, max_label=88, instance_name='p09.txt');0.40909090638160706;0.34222185611724854;0.23475566506385803;0.03679678961634636
Data(x=[38, 11], edge_index=[2, 10], edge_attr=[10, 2], y=35.0, custom_label=0.39772728, min_label=0, max_label=88, instance_name='p09.txt');0.39772728085517883;0.34222185611724854;0.23475566506385803;0.03679678961634636
Data(x=[38, 11], edge_index=[2, 10], edge_attr=[10, 2], y=34.0, custom_label=0.38636363, min_label=0, max_label=88, instance_name='p09.txt');0.3863636255264282;0.34222185611724854;0.23475566506385803;0.03679678961634636
Data(x=[38, 11], edge_index=[2, 10], edge_attr=[10, 2], y=33.0, custom_label=0.375, min_label=0, max_label=88, instance_name='p09.txt');0.375;0.6096707582473755;0.3993684947490692;0.03679678961634636
Data(x=[38, 11], edge_index=[2, 10], edge_attr=[10, 2], y=32.0, custom_label=0.36363637, min_label=0, max_label=88, instance_name='p09.txt');0.3636363744735718;0.6096707582473755;0.3993684947490692;0.03679678961634636
Data(x=[38, 11], edge_index=[2, 10], edge_attr=[10, 2], y=31.0, custom_label=0.35227272, min_label=0, max_label=88, instance_name='p09.txt');0.35227271914482117;0.6096707582473755;0.3993684947490692;0.03679678961634636
Data(x=[38, 11], edge_index=[2, 10], edge_attr=[10, 2], y=30.0, custom_label=0.3409091, min_label=0, max_label=88, instance_name='p09.txt');0.34090909361839294;0.6096707582473755;0.3993684947490692;0.03679678961634636
Data(x=[38, 11], edge_index=[2, 10], edge_attr=[10, 2], y=29.0, custom_label=0.32954547, min_label=0, max_label=88, instance_name='p09.txt');0.3295454680919647;0.6096707582473755;0.3993684947490692;0.03679678961634636
Data(x=[38, 11], edge_index=[2, 10], edge_attr=[10, 2], y=28.0, custom_label=0.3181818, min_label=0, max_label=88, instance_name='p09.txt');0.3181818127632141;0.6096707582473755;0.3993684947490692;0.03679678961634636
Data(x=[38, 11], edge_index=[2, 10], edge_attr=[10, 2], y=27.0, custom_label=0.3068182, min_label=0, max_label=88, instance_name='p09.txt');0.3068181872367859;0.6096707582473755;0.3993684947490692;0.03679678961634636
Data(x=[38, 11], edge_index=[2, 10], edge_attr=[10, 2], y=26.0, custom_label=0.29545453, min_label=0, max_label=88, instance_name='p09.txt');0.2954545319080353;0.6096707582473755;0.3993684947490692;0.03679678961634636
Data(x=[38, 11], edge_index=[2, 10], edge_attr=[10, 2], y=25.0, custom_label=0.2840909, min_label=0, max_label=88, instance_name='p09.txt');0.28409090638160706;0.6096707582473755;0.3993684947490692;0.03679678961634636
Data(x=[38, 11], edge_index=[2, 10], edge_attr=[10, 2], y=24.0, custom_label=0.27272728, min_label=0, max_label=88, instance_name='p09.txt');0.27272728085517883;0.6096707582473755;0.3993684947490692;0.03679678961634636
Data(x=[38, 11], edge_index=[2, 10], edge_attr=[10, 2], y=23.0, custom_label=0.26136363, min_label=0, max_label=88, instance_name='p09.txt');0.2613636255264282;0.6096708178520203;0.3993684947490692;0.03679678961634636
Data(x=[38, 11], edge_index=[2, 10], edge_attr=[10, 2], y=22.0, custom_label=0.25, min_label=0, max_label=88, instance_name='p09.txt');0.25;0.6096708178520203;0.3993684947490692;0.03679678961634636
Data(x=[38, 11], edge_index=[2, 10], edge_attr=[10, 2], y=21.0, custom_label=0.23863636, min_label=0, max_label=88, instance_name='p09.txt');0.23863635957241058;0.6096708178520203;0.3993684947490692;0.03679678961634636
Data(x=[38, 11], edge_index=[2, 10], edge_attr=[10, 2], y=20.0, custom_label=0.22727273, min_label=0, max_label=88, instance_name='p09.txt');0.22727273404598236;0.34222182631492615;0.23475566506385803;0.03679678961634636
Data(x=[38, 11], edge_index=[2, 10], edge_attr=[10, 2], y=19.0, custom_label=0.2159091, min_label=0, max_label=88, instance_name='p09.txt');0.21590909361839294;0.34222182631492615;0.23475566506385803;0.03679678961634636
Data(x=[38, 11], edge_index=[2, 10], edge_attr=[10, 2], y=18.0, custom_label=0.20454545, min_label=0, max_label=88, instance_name='p09.txt');0.20454545319080353;0.34222182631492615;0.23475566506385803;0.03679678961634636
Data(x=[38, 11], edge_index=[2, 10], edge_attr=[10, 2], y=17.0, custom_label=0.19318181, min_label=0, max_label=88, instance_name='p09.txt');0.1931818127632141;0.34222182631492615;0.23475566506385803;0.03679678961634636
Data(x=[38, 11], edge_index=[2, 10], edge_attr=[10, 2], y=16.0, custom_label=0.18181819, min_label=0, max_label=88, instance_name='p09.txt');0.1818181872367859;0.34222182631492615;0.23475566506385803;0.03679678961634636
Data(x=[38, 11], edge_index=[2, 10], edge_attr=[10, 2], y=15.0, custom_label=0.17045455, min_label=0, max_label=88, instance_name='p09.txt');0.17045454680919647;0.34222182631492615;0.23475566506385803;0.03679678961634636
Data(x=[38, 11], edge_index=[2, 10], edge_attr=[10, 2], y=14.0, custom_label=0.1590909, min_label=0, max_label=88, instance_name='p09.txt');0.15909090638160706;0.34222182631492615;0.23475566506385803;0.03679678961634636
Data(x=[38, 11], edge_index=[2, 10], edge_attr=[10, 2], y=13.0, custom_label=0.14772727, min_label=0, max_label=88, instance_name='p09.txt');0.14772726595401764;0.34222182631492615;0.23475566506385803;0.03679678961634636
Data(x=[38, 11], edge_index=[2, 10], edge_attr=[10, 2], y=12.0, custom_label=0.13636364, min_label=0, max_label=88, instance_name='p09.txt');0.13636364042758942;0.17918774485588074;0.10834313184022903;0.03679678961634636
Data(x=[38, 11], edge_index=[2, 10], edge_attr=[10, 2], y=11.0, custom_label=0.125, min_label=0, max_label=88, instance_name='p09.txt');0.125;0.17918774485588074;0.10834313184022903;0.03679678961634636
Data(x=[38, 11], edge_index=[2, 10], edge_attr=[10, 2], y=10.0, custom_label=0.11363637, min_label=0, max_label=88, instance_name='p09.txt');0.11363636702299118;0.17918774485588074;0.10834313184022903;0.03679678961634636
Data(x=[38, 11], edge_index=[2, 10], edge_attr=[10, 2], y=9.0, custom_label=0.10227273, min_label=0, max_label=88, instance_name='p09.txt');0.10227272659540176;0.17918774485588074;0.10834313184022903;0.03679678961634636
Data(x=[38, 11], edge_index=[2, 10], edge_attr=[10, 2], y=8.0, custom_label=0.09090909, min_label=0, max_label=88, instance_name='p09.txt');0.09090909361839294;0.17918774485588074;0.10834313184022903;0.03679678961634636
Data(x=[38, 11], edge_index=[2, 10], edge_attr=[10, 2], y=7.0, custom_label=0.07954545, min_label=0, max_label=88, instance_name='p09.txt');0.07954545319080353;0.17918774485588074;0.10834313184022903;0.03679678961634636
Data(x=[38, 11], edge_index=[2, 10], edge_attr=[10, 2], y=6.0, custom_label=0.06818182, min_label=0, max_label=88, instance_name='p09.txt');0.06818182021379471;0.17918774485588074;0.10834313184022903;0.03679678961634636
Data(x=[38, 11], edge_index=[2, 10], edge_attr=[10, 2], y=5.0, custom_label=0.056818184, min_label=0, max_label=88, instance_name='p09.txt');0.05681818351149559;0.17918774485588074;0.10834313184022903;0.03679678961634636
Data(x=[38, 11], edge_index=[2, 10], edge_attr=[10, 2], y=4.0, custom_label=0.045454547, min_label=0, max_label=88, instance_name='p09.txt');0.04545454680919647;0.17918774485588074;0.10834313184022903;0.03679678961634636
Data(x=[38, 11], edge_index=[2, 10], edge_attr=[10, 2], y=3.0, custom_label=0.03409091, min_label=0, max_label=88, instance_name='p09.txt');0.034090910106897354;0.17918774485588074;0.10834313184022903;0.03679678961634636
Data(x=[38, 11], edge_index=[2, 10], edge_attr=[10, 2], y=2.0, custom_label=0.022727273, min_label=0, max_label=88, instance_name='p09.txt');0.022727273404598236;0.17918774485588074;0.10834313184022903;0.03679678961634636
Data(x=[38, 11], edge_index=[2, 10], edge_attr=[10, 2], y=1.0, custom_label=0.011363637, min_label=0, max_label=88, instance_name='p09.txt');0.011363636702299118;0.17918774485588074;0.10834313184022903;0.03679678961634636
Data(x=[38, 11], edge_index=[2, 10], edge_attr=[10, 2], y=0.0, custom_label=0.0, min_label=0, max_label=88, instance_name='p09.txt');0.0;0.03184770792722702;0.0002316369500476867;0.03679678961634636
Data(x=[28, 11], edge_index=[2, 10], edge_attr=[10, 2], y=0.0, custom_label=0.0, min_label=0, max_label=88, instance_name='p09.txt');0.0;0.001465131645090878;1.1478965461719781e-05;0.03679678961634636
Data(x=[29, 11], edge_index=[2, 10], edge_attr=[10, 2], y=0.0, custom_label=0.0, min_label=0, max_label=88, instance_name='p09.txt');0.0;0.0019808250945061445;1.7983365978579968e-05;6.701167094355508e-32
Data(x=[21, 11], edge_index=[2, 10], edge_attr=[10, 2], y=0.0, custom_label=0.0, min_label=0, max_label=88, instance_name='p09.txt');0.0;0.000133492547320202;1.1253188858972862e-05;0.0
Data(x=[24, 11], edge_index=[2, 10], edge_attr=[10, 2], y=0.0, custom_label=0.0, min_label=0, max_label=88, instance_name='p09.txt');0.0;0.0006369899492710829;2.3482196411350742e-05;0.03679678961634636
Data(x=[23, 11], edge_index=[2, 10], edge_attr=[10, 2], y=0.0, custom_label=0.0, min_label=0, max_label=88, instance_name='p09.txt');0.0;0.0012849352788180113;6.489923180197366e-06;0.03679678961634636
Data(x=[27, 11], edge_index=[2, 10], edge_attr=[10, 2], y=7.0, custom_label=0.07954545, min_label=0, max_label=88, instance_name='p09.txt');0.07954545319080353;0.14611555635929108;0.0862191691994667;5.218116193696491e-25
Data(x=[27, 11], edge_index=[2, 10], edge_attr=[10, 2], y=6.0, custom_label=0.06818182, min_label=0, max_label=88, instance_name='p09.txt');0.06818182021379471;0.1702955961227417;0.10064487904310226;0.03679678961634636
Data(x=[27, 11], edge_index=[2, 10], edge_attr=[10, 2], y=5.0, custom_label=0.056818184, min_label=0, max_label=88, instance_name='p09.txt');0.05681818351149559;0.1702955961227417;0.10064487904310226;0.03679678961634636
Data(x=[27, 11], edge_index=[2, 10], edge_attr=[10, 2], y=4.0, custom_label=0.045454547, min_label=0, max_label=88, instance_name='p09.txt');0.04545454680919647;0.1702955961227417;0.10064487904310226;0.03679678961634636
Data(x=[27, 11], edge_index=[2, 10], edge_attr=[10, 2], y=3.0, custom_label=0.03409091, min_label=0, max_label=88, instance_name='p09.txt');0.034090910106897354;0.1702955961227417;0.10064487904310226;0.03679678961634636
Data(x=[27, 11], edge_index=[2, 10], edge_attr=[10, 2], y=2.0, custom_label=0.022727273, min_label=0, max_label=88, instance_name='p09.txt');0.022727273404598236;0.1702955961227417;0.10064487904310226;0.03679678961634636
Data(x=[27, 11], edge_index=[2, 10], edge_attr=[10, 2], y=1.0, custom_label=0.011363637, min_label=0, max_label=88, instance_name='p09.txt');0.011363636702299118;0.1702955961227417;0.10064487904310226;0.03679678961634636
Data(x=[27, 11], edge_index=[2, 10], edge_attr=[10, 2], y=0.0, custom_label=0.0, min_label=0, max_label=88, instance_name='p09.txt');0.0;0.0009455510298721492;1.2853618500230368e-05;0.03679678961634636
Data(x=[32, 11], edge_index=[2, 10], edge_attr=[10, 2], y=95.0, custom_label=1.0, min_label=0, max_label=95, instance_name='p10.txt');1.0;0.8803848624229431;0.7648643255233765;0.03679678961634636
Data(x=[32, 11], edge_index=[2, 10], edge_attr=[10, 2], y=94.0, custom_label=0.9894737, min_label=0, max_label=95, instance_name='p10.txt');0.9894737005233765;0.8803848624229431;0.7648643255233765;0.03679678961634636
Data(x=[32, 11], edge_index=[2, 10], edge_attr=[10, 2], y=93.0, custom_label=0.97894734, min_label=0, max_label=95, instance_name='p10.txt');0.9789473414421082;0.8803848624229431;0.7648643255233765;0.03679678961634636
Data(x=[32, 11], edge_index=[2, 10], edge_attr=[10, 2], y=92.0, custom_label=0.96842104, min_label=0, max_label=95, instance_name='p10.txt');0.9684210419654846;0.8803848624229431;0.7648643255233765;0.03679678961634636
Data(x=[32, 11], edge_index=[2, 10], edge_attr=[10, 2], y=91.0, custom_label=0.95789474, min_label=0, max_label=95, instance_name='p10.txt');0.9578947424888611;0.8803848624229431;0.7648643255233765;0.03679678961634636
Data(x=[32, 11], edge_index=[2, 10], edge_attr=[10, 2], y=90.0, custom_label=0.94736844, min_label=0, max_label=95, instance_name='p10.txt');0.9473684430122375;0.8803848624229431;0.7648643255233765;0.03679678961634636
Data(x=[32, 11], edge_index=[2, 10], edge_attr=[10, 2], y=89.0, custom_label=0.9368421, min_label=0, max_label=95, instance_name='p10.txt');0.9368420839309692;0.8803848624229431;0.7648643255233765;0.03679678961634636
Data(x=[32, 11], edge_index=[2, 10], edge_attr=[10, 2], y=88.0, custom_label=0.9263158, min_label=0, max_label=95, instance_name='p10.txt');0.9263157844543457;0.8803848624229431;0.7648643255233765;0.03679678961634636
Data(x=[32, 11], edge_index=[2, 10], edge_attr=[10, 2], y=87.0, custom_label=0.9157895, min_label=0, max_label=95, instance_name='p10.txt');0.9157894849777222;0.8803848624229431;0.7648643255233765;0.03679678961634636
Data(x=[32, 11], edge_index=[2, 10], edge_attr=[10, 2], y=86.0, custom_label=0.9052632, min_label=0, max_label=95, instance_name='p10.txt');0.9052631855010986;0.8803848624229431;0.7648643255233765;0.03679678961634636
Data(x=[32, 11], edge_index=[2, 10], edge_attr=[10, 2], y=85.0, custom_label=0.8947368, min_label=0, max_label=95, instance_name='p10.txt');0.8947368264198303;0.8803848624229431;0.7648643255233765;0.03679678961634636
Data(x=[32, 11], edge_index=[2, 10], edge_attr=[10, 2], y=84.0, custom_label=0.8842105, min_label=0, max_label=95, instance_name='p10.txt');0.8842105269432068;0.8803848624229431;0.7648643255233765;0.03679678961634636
Data(x=[32, 11], edge_index=[2, 10], edge_attr=[10, 2], y=83.0, custom_label=0.8736842, min_label=0, max_label=95, instance_name='p10.txt');0.8736842274665833;0.8803848624229431;0.7648643255233765;0.03679678961634636
Data(x=[32, 11], edge_index=[2, 10], edge_attr=[10, 2], y=82.0, custom_label=0.86315787, min_label=0, max_label=95, instance_name='p10.txt');0.8631578683853149;0.8803848624229431;0.7648643255233765;0.03679678961634636
Data(x=[32, 11], edge_index=[2, 10], edge_attr=[10, 2], y=81.0, custom_label=0.85263157, min_label=0, max_label=95, instance_name='p10.txt');0.8526315689086914;0.8803848624229431;0.7648643255233765;0.03679678961634636
Data(x=[32, 11], edge_index=[2, 10], edge_attr=[10, 2], y=80.0, custom_label=0.84210527, min_label=0, max_label=95, instance_name='p10.txt');0.8421052694320679;0.8803848624229431;0.7648643255233765;0.03679678961634636
Data(x=[32, 11], edge_index=[2, 10], edge_attr=[10, 2], y=79.0, custom_label=0.83157897, min_label=0, max_label=95, instance_name='p10.txt');0.8315789699554443;0.8803848624229431;0.7648643255233765;0.03679678961634636
Data(x=[32, 11], edge_index=[2, 10], edge_attr=[10, 2], y=78.0, custom_label=0.8210526, min_label=0, max_label=95, instance_name='p10.txt');0.821052610874176;0.8803848624229431;0.7648643255233765;0.03679678961634636
Data(x=[32, 11], edge_index=[2, 10], edge_attr=[10, 2], y=77.0, custom_label=0.8105263, min_label=0, max_label=95, instance_name='p10.txt');0.8105263113975525;0.8803848624229431;0.7648643255233765;0.03679678961634636
Data(x=[32, 11], edge_index=[2, 10], edge_attr=[10, 2], y=76.0, custom_label=0.8, min_label=0, max_label=95, instance_name='p10.txt');0.800000011920929;0.8803848624229431;0.7648643255233765;0.03679678961634636
Data(x=[32, 11], edge_index=[2, 10], edge_attr=[10, 2], y=75.0, custom_label=0.7894737, min_label=0, max_label=95, instance_name='p10.txt');0.7894737124443054;0.8803848624229431;0.7648643255233765;0.03679678961634636
Data(x=[32, 11], edge_index=[2, 10], edge_attr=[10, 2], y=74.0, custom_label=0.77894735, min_label=0, max_label=95, instance_name='p10.txt');0.7789473533630371;0.8803848624229431;0.7648643255233765;0.03679678961634636
Data(x=[32, 11], edge_index=[2, 10], edge_attr=[10, 2], y=73.0, custom_label=0.76842105, min_label=0, max_label=95, instance_name='p10.txt');0.7684210538864136;0.8803848624229431;0.7648643255233765;0.03679678961634636
Data(x=[32, 11], edge_index=[2, 10], edge_attr=[10, 2], y=72.0, custom_label=0.75789475, min_label=0, max_label=95, instance_name='p10.txt');0.75789475440979;0.8803848624229431;0.7648643255233765;0.03679678961634636
Data(x=[32, 11], edge_index=[2, 10], edge_attr=[10, 2], y=71.0, custom_label=0.7473684, min_label=0, max_label=95, instance_name='p10.txt');0.7473683953285217;0.8803848624229431;0.7648643255233765;0.03679678961634636
Data(x=[32, 11], edge_index=[2, 10], edge_attr=[10, 2], y=70.0, custom_label=0.7368421, min_label=0, max_label=95, instance_name='p10.txt');0.7368420958518982;0.8803848624229431;0.7648643255233765;0.03679678961634636
Data(x=[32, 11], edge_index=[2, 10], edge_attr=[10, 2], y=69.0, custom_label=0.7263158, min_label=0, max_label=95, instance_name='p10.txt');0.7263157963752747;0.8803848624229431;0.7648643255233765;0.03679678961634636
Data(x=[32, 11], edge_index=[2, 10], edge_attr=[10, 2], y=68.0, custom_label=0.7157895, min_label=0, max_label=95, instance_name='p10.txt');0.7157894968986511;0.8803848624229431;0.7648643255233765;0.03679678961634636
Data(x=[32, 11], edge_index=[2, 10], edge_attr=[10, 2], y=67.0, custom_label=0.70526314, min_label=0, max_label=95, instance_name='p10.txt');0.7052631378173828;0.8803848624229431;0.7648643255233765;0.03679678961634636
Data(x=[32, 11], edge_index=[2, 10], edge_attr=[10, 2], y=66.0, custom_label=0.69473684, min_label=0, max_label=95, instance_name='p10.txt');0.6947368383407593;0.8803848624229431;0.7648643255233765;0.03679678961634636
Data(x=[32, 11], edge_index=[2, 10], edge_attr=[10, 2], y=65.0, custom_label=0.68421054, min_label=0, max_label=95, instance_name='p10.txt');0.6842105388641357;0.8803848624229431;0.7648643255233765;0.03679678961634636
Data(x=[32, 11], edge_index=[2, 10], edge_attr=[10, 2], y=64.0, custom_label=0.67368424, min_label=0, max_label=95, instance_name='p10.txt');0.6736842393875122;0.8803848624229431;0.7648643255233765;0.03679678961634636
Data(x=[32, 11], edge_index=[2, 10], edge_attr=[10, 2], y=63.0, custom_label=0.6631579, min_label=0, max_label=95, instance_name='p10.txt');0.6631578803062439;0.8803848624229431;0.7648643255233765;0.03679678961634636
Data(x=[32, 11], edge_index=[2, 10], edge_attr=[10, 2], y=62.0, custom_label=0.6526316, min_label=0, max_label=95, instance_name='p10.txt');0.6526315808296204;0.8803848624229431;0.7648643255233765;0.03679678961634636
Data(x=[32, 11], edge_index=[2, 10], edge_attr=[10, 2], y=61.0, custom_label=0.6421053, min_label=0, max_label=95, instance_name='p10.txt');0.6421052813529968;0.8803848624229431;0.7648643255233765;0.03679678961634636
Data(x=[32, 11], edge_index=[2, 10], edge_attr=[10, 2], y=60.0, custom_label=0.6315789, min_label=0, max_label=95, instance_name='p10.txt');0.6315789222717285;0.8803848624229431;0.7648643255233765;0.03679678961634636
Data(x=[32, 11], edge_index=[2, 10], edge_attr=[10, 2], y=59.0, custom_label=0.6210526, min_label=0, max_label=95, instance_name='p10.txt');0.621052622795105;0.8803848624229431;0.7648643255233765;0.03679678961634636
Data(x=[32, 11], edge_index=[2, 10], edge_attr=[10, 2], y=58.0, custom_label=0.6105263, min_label=0, max_label=95, instance_name='p10.txt');0.6105263233184814;0.8803848624229431;0.7648643255233765;0.03679678961634636
Data(x=[32, 11], edge_index=[2, 10], edge_attr=[10, 2], y=57.0, custom_label=0.6, min_label=0, max_label=95, instance_name='p10.txt');0.6000000238418579;0.8803848624229431;0.7648643255233765;0.03679678961634636
Data(x=[32, 11], edge_index=[2, 10], edge_attr=[10, 2], y=56.0, custom_label=0.58947366, min_label=0, max_label=95, instance_name='p10.txt');0.5894736647605896;0.6548808217048645;0.44538426399230957;0.03679678961634636
Data(x=[32, 11], edge_index=[2, 10], edge_attr=[10, 2], y=55.0, custom_label=0.57894737, min_label=0, max_label=95, instance_name='p10.txt');0.5789473652839661;0.6548808217048645;0.44538426399230957;0.03679678961634636
Data(x=[32, 11], edge_index=[2, 10], edge_attr=[10, 2], y=54.0, custom_label=0.56842107, min_label=0, max_label=95, instance_name='p10.txt');0.5684210658073425;0.6548808217048645;0.44538426399230957;0.03679678961634636
Data(x=[32, 11], edge_index=[2, 10], edge_attr=[10, 2], y=53.0, custom_label=0.55789477, min_label=0, max_label=95, instance_name='p10.txt');0.557894766330719;0.6548808217048645;0.44538426399230957;0.03679678961634636
Data(x=[32, 11], edge_index=[2, 10], edge_attr=[10, 2], y=52.0, custom_label=0.5473684, min_label=0, max_label=95, instance_name='p10.txt');0.5473684072494507;0.6548808217048645;0.44538426399230957;0.03679678961634636
Data(x=[32, 11], edge_index=[2, 10], edge_attr=[10, 2], y=51.0, custom_label=0.5368421, min_label=0, max_label=95, instance_name='p10.txt');0.5368421077728271;0.8803848624229431;0.7648643255233765;0.03679678961634636
Data(x=[32, 11], edge_index=[2, 10], edge_attr=[10, 2], y=50.0, custom_label=0.5263158, min_label=0, max_label=95, instance_name='p10.txt');0.5263158082962036;0.8803848624229431;0.7648643255233765;0.03679678961634636
Data(x=[32, 11], edge_index=[2, 10], edge_attr=[10, 2], y=49.0, custom_label=0.51578945, min_label=0, max_label=95, instance_name='p10.txt');0.5157894492149353;0.8803848624229431;0.7648643255233765;0.03679678961634636
Data(x=[32, 11], edge_index=[2, 10], edge_attr=[10, 2], y=48.0, custom_label=0.50526315, min_label=0, max_label=95, instance_name='p10.txt');0.5052631497383118;0.8803848624229431;0.7648643255233765;0.03679678961634636
Data(x=[32, 11], edge_index=[2, 10], edge_attr=[10, 2], y=47.0, custom_label=0.49473685, min_label=0, max_label=95, instance_name='p10.txt');0.49473685026168823;0.8803848624229431;0.7648643255233765;0.03679678961634636
Data(x=[32, 11], edge_index=[2, 10], edge_attr=[10, 2], y=46.0, custom_label=0.48421052, min_label=0, max_label=95, instance_name='p10.txt');0.4842105209827423;0.8803848624229431;0.7648643255233765;0.03679678961634636
Data(x=[32, 11], edge_index=[2, 10], edge_attr=[10, 2], y=45.0, custom_label=0.47368422, min_label=0, max_label=95, instance_name='p10.txt');0.4736842215061188;0.8803848624229431;0.7648643255233765;0.03679678961634636
Data(x=[32, 11], edge_index=[2, 10], edge_attr=[10, 2], y=44.0, custom_label=0.4631579, min_label=0, max_label=95, instance_name='p10.txt');0.46315789222717285;0.6548808217048645;0.44538426399230957;0.03679678961634636
Data(x=[32, 11], edge_index=[2, 10], edge_attr=[10, 2], y=43.0, custom_label=0.4526316, min_label=0, max_label=95, instance_name='p10.txt');0.4526315927505493;0.6548808217048645;0.44538426399230957;0.03679678961634636
Data(x=[32, 11], edge_index=[2, 10], edge_attr=[10, 2], y=42.0, custom_label=0.44210526, min_label=0, max_label=95, instance_name='p10.txt');0.4421052634716034;0.6548808217048645;0.44538426399230957;0.03679678961634636
Data(x=[32, 11], edge_index=[2, 10], edge_attr=[10, 2], y=41.0, custom_label=0.43157893, min_label=0, max_label=95, instance_name='p10.txt');0.43157893419265747;0.6548808217048645;0.44538426399230957;0.03679678961634636
Data(x=[32, 11], edge_index=[2, 10], edge_attr=[10, 2], y=40.0, custom_label=0.42105263, min_label=0, max_label=95, instance_name='p10.txt');0.42105263471603394;0.6548808217048645;0.44538426399230957;0.03679678961634636
Data(x=[32, 11], edge_index=[2, 10], edge_attr=[10, 2], y=39.0, custom_label=0.4105263, min_label=0, max_label=95, instance_name='p10.txt');0.410526305437088;0.6548808217048645;0.44538426399230957;0.03679678961634636
Data(x=[32, 11], edge_index=[2, 10], edge_attr=[10, 2], y=38.0, custom_label=0.4, min_label=0, max_label=95, instance_name='p10.txt');0.4000000059604645;0.6548808217048645;0.44538426399230957;0.03679678961634636
Data(x=[32, 11], edge_index=[2, 10], edge_attr=[10, 2], y=37.0, custom_label=0.38947368, min_label=0, max_label=95, instance_name='p10.txt');0.38947367668151855;0.6548808217048645;0.44538426399230957;0.03679678961634636
Data(x=[32, 11], edge_index=[2, 10], edge_attr=[10, 2], y=36.0, custom_label=0.37894738, min_label=0, max_label=95, instance_name='p10.txt');0.378947377204895;0.6548808217048645;0.44538426399230957;0.03679678961634636
Data(x=[32, 11], edge_index=[2, 10], edge_attr=[10, 2], y=35.0, custom_label=0.36842105, min_label=0, max_label=95, instance_name='p10.txt');0.3684210479259491;0.6548808217048645;0.44538426399230957;0.03679678961634636
Data(x=[32, 11], edge_index=[2, 10], edge_attr=[10, 2], y=34.0, custom_label=0.35789475, min_label=0, max_label=95, instance_name='p10.txt');0.35789474844932556;0.6548808217048645;0.44538426399230957;0.03679678961634636
Data(x=[32, 11], edge_index=[2, 10], edge_attr=[10, 2], y=33.0, custom_label=0.34736842, min_label=0, max_label=95, instance_name='p10.txt');0.34736841917037964;0.6548808217048645;0.44538426399230957;0.03679678961634636
Data(x=[32, 11], edge_index=[2, 10], edge_attr=[10, 2], y=32.0, custom_label=0.33684212, min_label=0, max_label=95, instance_name='p10.txt');0.3368421196937561;0.6548808217048645;0.44538426399230957;0.03679678961634636
Data(x=[32, 11], edge_index=[2, 10], edge_attr=[10, 2], y=31.0, custom_label=0.3263158, min_label=0, max_label=95, instance_name='p10.txt');0.3263157904148102;0.6548808217048645;0.44538426399230957;0.03679678961634636
Data(x=[32, 11], edge_index=[2, 10], edge_attr=[10, 2], y=30.0, custom_label=0.31578946, min_label=0, max_label=95, instance_name='p10.txt');0.31578946113586426;0.6548808217048645;0.44538426399230957;0.03679678961634636
Data(x=[32, 11], edge_index=[2, 10], edge_attr=[10, 2], y=29.0, custom_label=0.30526316, min_label=0, max_label=95, instance_name='p10.txt');0.3052631616592407;0.6548808217048645;0.44538426399230957;0.03679678961634636
Data(x=[32, 11], edge_index=[2, 10], edge_attr=[10, 2], y=28.0, custom_label=0.29473683, min_label=0, max_label=95, instance_name='p10.txt');0.2947368323802948;0.3804217576980591;0.25868546962738037;0.03679678961634636
Data(x=[32, 11], edge_index=[2, 10], edge_attr=[10, 2], y=27.0, custom_label=0.28421053, min_label=0, max_label=95, instance_name='p10.txt');0.28421053290367126;0.3804217576980591;0.25868546962738037;0.03679678961634636
Data(x=[32, 11], edge_index=[2, 10], edge_attr=[10, 2], y=26.0, custom_label=0.2736842, min_label=0, max_label=95, instance_name='p10.txt');0.27368420362472534;0.3804217576980591;0.25868546962738037;0.03679678961634636
Data(x=[32, 11], edge_index=[2, 10], edge_attr=[10, 2], y=25.0, custom_label=0.2631579, min_label=0, max_label=95, instance_name='p10.txt');0.2631579041481018;0.3804217576980591;0.25868546962738037;0.03679678961634636
Data(x=[32, 11], edge_index=[2, 10], edge_attr=[10, 2], y=24.0, custom_label=0.25263157, min_label=0, max_label=95, instance_name='p10.txt');0.2526315748691559;0.3804217576980591;0.25868546962738037;0.03679678961634636
Data(x=[32, 11], edge_index=[2, 10], edge_attr=[10, 2], y=23.0, custom_label=0.24210526, min_label=0, max_label=95, instance_name='p10.txt');0.24210526049137115;0.3804217576980591;0.25868546962738037;0.03679678961634636
Data(x=[32, 11], edge_index=[2, 10], edge_attr=[10, 2], y=22.0, custom_label=0.23157895, min_label=0, max_label=95, instance_name='p10.txt');0.23157894611358643;0.3804217576980591;0.25868546962738037;0.03679678961634636
Data(x=[32, 11], edge_index=[2, 10], edge_attr=[10, 2], y=21.0, custom_label=0.22105263, min_label=0, max_label=95, instance_name='p10.txt');0.2210526317358017;0.3804217576980591;0.25868546962738037;0.03679678961634636
Data(x=[32, 11], edge_index=[2, 10], edge_attr=[10, 2], y=20.0, custom_label=0.21052632, min_label=0, max_label=95, instance_name='p10.txt');0.21052631735801697;0.3804217576980591;0.25868546962738037;0.03679678961634636
Data(x=[32, 11], edge_index=[2, 10], edge_attr=[10, 2], y=19.0, custom_label=0.2, min_label=0, max_label=95, instance_name='p10.txt');0.20000000298023224;0.3804217576980591;0.25868546962738037;0.03679678961634636
Data(x=[32, 11], edge_index=[2, 10], edge_attr=[10, 2], y=18.0, custom_label=0.18947369, min_label=0, max_label=95, instance_name='p10.txt');0.1894736886024475;0.3804217576980591;0.25868546962738037;0.03679678961634636
Data(x=[32, 11], edge_index=[2, 10], edge_attr=[10, 2], y=17.0, custom_label=0.17894737, min_label=0, max_label=95, instance_name='p10.txt');0.17894737422466278;0.3804217576980591;0.25868546962738037;0.03679678961634636
Data(x=[32, 11], edge_index=[2, 10], edge_attr=[10, 2], y=16.0, custom_label=0.16842106, min_label=0, max_label=95, instance_name='p10.txt');0.16842105984687805;0.3804217576980591;0.25868546962738037;0.03679678961634636
Data(x=[32, 11], edge_index=[2, 10], edge_attr=[10, 2], y=15.0, custom_label=0.15789473, min_label=0, max_label=95, instance_name='p10.txt');0.15789473056793213;0.3804217576980591;0.25868546962738037;0.03679678961634636
Data(x=[32, 11], edge_index=[2, 10], edge_attr=[10, 2], y=14.0, custom_label=0.14736842, min_label=0, max_label=95, instance_name='p10.txt');0.1473684161901474;0.3804217576980591;0.25868546962738037;0.03679678961634636
Data(x=[32, 11], edge_index=[2, 10], edge_attr=[10, 2], y=13.0, custom_label=0.1368421, min_label=0, max_label=95, instance_name='p10.txt');0.13684210181236267;0.3804217576980591;0.25868546962738037;0.03679678961634636
Data(x=[32, 11], edge_index=[2, 10], edge_attr=[10, 2], y=12.0, custom_label=0.12631579, min_label=0, max_label=95, instance_name='p10.txt');0.12631578743457794;0.18699711561203003;0.1058301329612732;0.03679678961634636
Data(x=[32, 11], edge_index=[2, 10], edge_attr=[10, 2], y=11.0, custom_label=0.11578947, min_label=0, max_label=95, instance_name='p10.txt');0.11578947305679321;0.18699711561203003;0.1058301329612732;0.03679678961634636
Data(x=[32, 11], edge_index=[2, 10], edge_attr=[10, 2], y=10.0, custom_label=0.10526316, min_label=0, max_label=95, instance_name='p10.txt');0.10526315867900848;0.18699711561203003;0.1058301329612732;0.03679678961634636
Data(x=[32, 11], edge_index=[2, 10], edge_attr=[10, 2], y=9.0, custom_label=0.094736844, min_label=0, max_label=95, instance_name='p10.txt');0.09473684430122375;0.18699711561203003;0.1058301329612732;0.03679678961634636
Data(x=[32, 11], edge_index=[2, 10], edge_attr=[10, 2], y=8.0, custom_label=0.08421053, min_label=0, max_label=95, instance_name='p10.txt');0.08421052992343903;0.18699711561203003;0.1058301329612732;0.03679678961634636
Data(x=[32, 11], edge_index=[2, 10], edge_attr=[10, 2], y=7.0, custom_label=0.07368421, min_label=0, max_label=95, instance_name='p10.txt');0.0736842080950737;0.18699711561203003;0.1058301329612732;0.03679678961634636
Data(x=[32, 11], edge_index=[2, 10], edge_attr=[10, 2], y=6.0, custom_label=0.06315789, min_label=0, max_label=95, instance_name='p10.txt');0.06315789371728897;0.18699711561203003;0.1058301329612732;0.03679678961634636
Data(x=[32, 11], edge_index=[2, 10], edge_attr=[10, 2], y=5.0, custom_label=0.05263158, min_label=0, max_label=95, instance_name='p10.txt');0.05263157933950424;0.18699711561203003;0.1058301329612732;0.03679678961634636
Data(x=[32, 11], edge_index=[2, 10], edge_attr=[10, 2], y=4.0, custom_label=0.042105265, min_label=0, max_label=95, instance_name='p10.txt');0.04210526496171951;0.18699711561203003;0.1058301329612732;0.03679678961634636
Data(x=[32, 11], edge_index=[2, 10], edge_attr=[10, 2], y=3.0, custom_label=0.031578947, min_label=0, max_label=95, instance_name='p10.txt');0.031578946858644485;0.18699711561203003;0.1058301329612732;0.03679678961634636
Data(x=[32, 11], edge_index=[2, 10], edge_attr=[10, 2], y=2.0, custom_label=0.021052632, min_label=0, max_label=95, instance_name='p10.txt');0.021052632480859756;0.18699711561203003;0.1058301329612732;0.03679678961634636
Data(x=[32, 11], edge_index=[2, 10], edge_attr=[10, 2], y=1.0, custom_label=0.010526316, min_label=0, max_label=95, instance_name='p10.txt');0.010526316240429878;0.18699711561203003;0.1058301329612732;0.03679678961634636
Data(x=[32, 11], edge_index=[2, 10], edge_attr=[10, 2], y=0.0, custom_label=0.0, min_label=0, max_label=95, instance_name='p10.txt');0.0;0.009522381238639355;9.55031209741719e-05;0.03679678961634636
Data(x=[19, 11], edge_index=[2, 10], edge_attr=[10, 2], y=0.0, custom_label=0.0, min_label=0, max_label=95, instance_name='p10.txt');0.0;3.7083511415403336e-05;5.033512024965603e-06;0.0
Data(x=[21, 11], edge_index=[2, 10], edge_attr=[10, 2], y=0.0, custom_label=0.0, min_label=0, max_label=95, instance_name='p10.txt');0.0;0.0005254355492070317;2.2944220745557686e-06;7.030002885296269e-16
Data(x=[20, 11], edge_index=[2, 10], edge_attr=[10, 2], y=0.0, custom_label=0.0, min_label=0, max_label=95, instance_name='p10.txt');0.0;0.0007508350536227226;2.2134321625344455e-05;0.03679678961634636
Data(x=[18, 11], edge_index=[2, 10], edge_attr=[10, 2], y=0.0, custom_label=0.0, min_label=0, max_label=95, instance_name='p10.txt');0.0;0.00025016767904162407;7.215257369352912e-08;0.03679678961634636
Data(x=[38, 11], edge_index=[2, 10], edge_attr=[10, 2], y=2.0, custom_label=0.33333334, min_label=0, max_label=6, instance_name='p11.txt');0.3333333432674408;0.1766495704650879;0.116310253739357;4.900197955873354e-22
Data(x=[38, 11], edge_index=[2, 10], edge_attr=[10, 2], y=1.0, custom_label=0.16666667, min_label=0, max_label=6, instance_name='p11.txt');0.1666666716337204;0.1766495704650879;0.116310253739357;4.900197955873354e-22
Data(x=[38, 11], edge_index=[2, 10], edge_attr=[10, 2], y=0.0, custom_label=0.0, min_label=0, max_label=6, instance_name='p11.txt');0.0;0.029553182423114777;0.000354771880665794;4.900197955873354e-22
Data(x=[40, 11], edge_index=[2, 10], edge_attr=[10, 2], y=0.0, custom_label=0.0, min_label=0, max_label=6, instance_name='p11.txt');0.0;0.027054836973547935;0.0001343537587672472;0.03679678961634636
Data(x=[39, 11], edge_index=[2, 10], edge_attr=[10, 2], y=1.0, custom_label=0.16666667, min_label=0, max_label=6, instance_name='p11.txt');0.1666666716337204;0.15825240314006805;0.08027075231075287;0.03679678961634636
Data(x=[39, 11], edge_index=[2, 10], edge_attr=[10, 2], y=0.0, custom_label=0.0, min_label=0, max_label=6, instance_name='p11.txt');0.0;0.06512002646923065;0.0001715173857519403;0.03679678961634636
Data(x=[37, 11], edge_index=[2, 10], edge_attr=[10, 2], y=0.0, custom_label=0.0, min_label=0, max_label=6, instance_name='p11.txt');0.0;0.05126653611660004;0.00012965469795744866;0.03679678961634636
Data(x=[38, 11], edge_index=[2, 10], edge_attr=[10, 2], y=0.0, custom_label=0.0, min_label=0, max_label=6, instance_name='p11.txt');0.0;0.029553182423114777;0.0003547722299117595;0.03679678961634636
Data(x=[38, 11], edge_index=[2, 10], edge_attr=[10, 2], y=0.0, custom_label=0.0, min_label=0, max_label=6, instance_name='p11.txt');0.0;0.029553182423114777;0.0003547720261849463;0.03679678961634636
Data(x=[37, 11], edge_index=[2, 10], edge_attr=[10, 2], y=0.0, custom_label=0.0, min_label=0, max_label=6, instance_name='p11.txt');0.0;0.024849630892276764;0.00031489634420722723;0.03679678961634636
Data(x=[35, 11], edge_index=[2, 10], edge_attr=[10, 2], y=0.0, custom_label=0.0, min_label=0, max_label=6, instance_name='p11.txt');0.0;0.009700099937617779;7.272474613273516e-05;0.03679678961634636
Data(x=[42, 11], edge_index=[2, 10], edge_attr=[10, 2], y=0.0, custom_label=0.0, min_label=0, max_label=6, instance_name='p11.txt');0.0;0.038166824728250504;0.00017547834431752563;0.03679678961634636
Data(x=[39, 11], edge_index=[2, 10], edge_attr=[10, 2], y=0.0, custom_label=0.0, min_label=0, max_label=6, instance_name='p11.txt');0.0;0.06409309804439545;0.00019740154675673693;4.900197955873354e-22
Data(x=[34, 11], edge_index=[2, 10], edge_attr=[10, 2], y=0.0, custom_label=0.0, min_label=0, max_label=6, instance_name='p11.txt');0.0;0.007712863385677338;6.110608228482306e-05;0.03679678961634636
Data(x=[41, 11], edge_index=[2, 10], edge_attr=[10, 2], y=0.0, custom_label=0.0, min_label=0, max_label=6, instance_name='p11.txt');0.0;0.032318927347660065;0.00015400904521811754;0.03679678961634636
Data(x=[40, 11], edge_index=[2, 10], edge_attr=[10, 2], y=0.0, custom_label=0.0, min_label=0, max_label=6, instance_name='p11.txt');0.0;0.041699063032865524;0.00033767151762731373;0.03679678961634636
Data(x=[47, 11], edge_index=[2, 10], edge_attr=[10, 2], y=6.0, custom_label=1.0, min_label=0, max_label=6, instance_name='p11.txt');1.0;0.20177674293518066;0.11847719550132751;0.03679678961634636
Data(x=[47, 11], edge_index=[2, 10], edge_attr=[10, 2], y=5.0, custom_label=0.8333333, min_label=0, max_label=6, instance_name='p11.txt');0.8333333134651184;0.20177674293518066;0.11847719550132751;0.03679678961634636
Data(x=[47, 11], edge_index=[2, 10], edge_attr=[10, 2], y=4.0, custom_label=0.6666667, min_label=0, max_label=6, instance_name='p11.txt');0.6666666865348816;0.20177674293518066;0.11847719550132751;0.03679678961634636
Data(x=[47, 11], edge_index=[2, 10], edge_attr=[10, 2], y=3.0, custom_label=0.5, min_label=0, max_label=6, instance_name='p11.txt');0.5;0.20177674293518066;0.11847719550132751;0.03679678961634636
Data(x=[47, 11], edge_index=[2, 10], edge_attr=[10, 2], y=2.0, custom_label=0.33333334, min_label=0, max_label=6, instance_name='p11.txt');0.3333333432674408;0.20177674293518066;0.11847719550132751;0.03679678961634636
Data(x=[47, 11], edge_index=[2, 10], edge_attr=[10, 2], y=1.0, custom_label=0.16666667, min_label=0, max_label=6, instance_name='p11.txt');0.1666666716337204;0.23920223116874695;0.10877270996570587;0.03679678961634636
Data(x=[47, 11], edge_index=[2, 10], edge_attr=[10, 2], y=0.0, custom_label=0.0, min_label=0, max_label=6, instance_name='p11.txt');0.0;0.11636684089899063;0.00019213478663004935;0.03679678961634636
Data(x=[39, 11], edge_index=[2, 10], edge_attr=[10, 2], y=0.0, custom_label=0.0, min_label=0, max_label=6, instance_name='p11.txt');0.0;0.03556313365697861;0.00034589695860631764;0.03679678961634636
Data(x=[36, 11], edge_index=[2, 10], edge_attr=[10, 2], y=0.0, custom_label=0.0, min_label=0, max_label=6, instance_name='p11.txt');0.0;0.04210455343127251;0.0001505565014667809;0.03679678961634636
Data(x=[38, 11], edge_index=[2, 10], edge_attr=[10, 2], y=0.0, custom_label=0.0, min_label=0, max_label=6, instance_name='p11.txt');0.0;0.07225028425455093;0.0006269337609410286;0.03679678961634636
Data(x=[37, 11], edge_index=[2, 10], edge_attr=[10, 2], y=1.0, custom_label=0.16666667, min_label=0, max_label=6, instance_name='p11.txt');0.1666666716337204;0.16178789734840393;0.10296227037906647;0.03679678961634636
Data(x=[37, 11], edge_index=[2, 10], edge_attr=[10, 2], y=0.0, custom_label=0.0, min_label=0, max_label=6, instance_name='p11.txt');0.0;0.015323554165661335;8.67810522322543e-05;0.03679678961634636
Data(x=[45, 11], edge_index=[2, 10], edge_attr=[10, 2], y=0.0, custom_label=0.0, min_label=0, max_label=6, instance_name='p11.txt');0.0;0.1081654280424118;0.09757066518068314;0.03679678961634636
Data(x=[39, 11], edge_index=[2, 10], edge_attr=[10, 2], y=0.0, custom_label=0.0, min_label=0, max_label=6, instance_name='p11.txt');0.0;0.023147571831941605;0.00010182354890275747;0.03679678961634636
Data(x=[43, 11], edge_index=[2, 10], edge_attr=[10, 2], y=0.0, custom_label=0.0, min_label=0, max_label=6, instance_name='p11.txt');0.0;0.05955997481942177;0.00046465930063277483;0.03679678961634636
Data(x=[36, 11], edge_index=[2, 10], edge_attr=[10, 2], y=0.0, custom_label=0.0, min_label=0, max_label=6, instance_name='p11.txt');0.0;0.06037263944745064;0.00043596935574896634;0.03679678961634636
Data(x=[41, 11], edge_index=[2, 10], edge_attr=[10, 2], y=0.0, custom_label=0.0, min_label=0, max_label=6, instance_name='p11.txt');0.0;0.032318927347660065;0.00015400904521811754;0.03679678961634636
Data(x=[48, 11], edge_index=[2, 10], edge_attr=[10, 2], y=0.0, custom_label=0.0, min_label=0, max_label=6, instance_name='p11.txt');0.0;0.07416209578514099;0.000342470477335155;0.03679678961634636
Data(x=[40, 11], edge_index=[2, 10], edge_attr=[10, 2], y=0.0, custom_label=0.0, min_label=0, max_label=6, instance_name='p11.txt');0.0;0.027054844424128532;0.0001343537587672472;2.9734562185970865e-31
Data(x=[34, 11], edge_index=[2, 10], edge_attr=[10, 2], y=0.0, custom_label=0.0, min_label=0, max_label=6, instance_name='p11.txt');0.0;0.014615869149565697;0.00015487437485717237;0.03679678961634636
Data(x=[39, 11], edge_index=[2, 10], edge_attr=[10, 2], y=0.0, custom_label=0.0, min_label=0, max_label=6, instance_name='p11.txt');0.0;0.06305063515901566;0.00022723525762557983;0.03679678961634636
Data(x=[47, 11], edge_index=[2, 10], edge_attr=[10, 2], y=0.0, custom_label=0.0, min_label=0, max_label=6, instance_name='p11.txt');0.0;0.08123258501291275;0.0007578086806461215;0.03679678961634636
Data(x=[41, 11], edge_index=[2, 10], edge_attr=[10, 2], y=0.0, custom_label=0.0, min_label=0, max_label=6, instance_name='p11.txt');0.0;0.032318927347660065;0.00015400891425088048;0.03679678961634636
Data(x=[42, 11], edge_index=[2, 10], edge_attr=[10, 2], y=0.0, custom_label=0.0, min_label=0, max_label=6, instance_name='p11.txt');0.0;0.08099709451198578;0.00038539289380423725;0.03679678961634636
Data(x=[40, 11], edge_index=[2, 10], edge_attr=[10, 2], y=0.0, custom_label=0.0, min_label=0, max_label=6, instance_name='p11.txt');0.0;0.02772587351500988;0.00011729823745554313;0.03679678961634636
Data(x=[33, 11], edge_index=[2, 10], edge_attr=[10, 2], y=0.0, custom_label=0.0, min_label=0, max_label=6, instance_name='p11.txt');0.0;0.00642823101952672;3.668072531581856e-05;0.03679678961634636
Data(x=[39, 11], edge_index=[2, 10], edge_attr=[10, 2], y=0.0, custom_label=0.0, min_label=0, max_label=6, instance_name='p11.txt');0.0;0.021477680653333664;0.00015432172222062945;0.03679678961634636
Data(x=[40, 11], edge_index=[2, 10], edge_attr=[10, 2], y=1.0, custom_label=0.16666667, min_label=0, max_label=6, instance_name='p11.txt');0.1666666716337204;0.17120057344436646;0.10841942578554153;0.03679678961634636
Data(x=[40, 11], edge_index=[2, 10], edge_attr=[10, 2], y=0.0, custom_label=0.0, min_label=0, max_label=6, instance_name='p11.txt');0.0;0.026399603113532066;0.00015405885642394423;0.03679678961634636
Data(x=[36, 11], edge_index=[2, 10], edge_attr=[10, 2], y=0.0, custom_label=0.0, min_label=0, max_label=6, instance_name='p11.txt');0.0;0.021903282031416893;0.00020631759252864867;0.03679678961634636
Data(x=[40, 11], edge_index=[2, 10], edge_attr=[10, 2], y=0.0, custom_label=0.0, min_label=0, max_label=6, instance_name='p11.txt');0.0;0.0838393121957779;0.09939250349998474;0.03679678961634636
Data(x=[41, 11], edge_index=[2, 10], edge_attr=[10, 2], y=0.0, custom_label=0.0, min_label=0, max_label=6, instance_name='p11.txt');0.0;0.03155873343348503;0.00017609364294912666;0.03679678961634636
Data(x=[38, 11], edge_index=[2, 10], edge_attr=[10, 2], y=0.0, custom_label=0.0, min_label=0, max_label=6, instance_name='p11.txt');0.0;0.03184770420193672;0.0002316369500476867;0.03679678961634636
Data(x=[34, 11], edge_index=[2, 10], edge_attr=[10, 2], y=0.0, custom_label=0.0, min_label=0, max_label=6, instance_name='p11.txt');0.0;0.007945751771330833;5.217141006141901e-05;0.03679678961634636
Data(x=[35, 11], edge_index=[2, 10], edge_attr=[10, 2], y=0.0, custom_label=0.0, min_label=0, max_label=6, instance_name='p11.txt');0.0;0.01653052493929863;0.00028437774744816124;0.03679678961634636
Data(x=[43, 11], edge_index=[2, 10], edge_attr=[10, 2], y=0.0, custom_label=0.0, min_label=0, max_label=6, instance_name='p11.txt');0.0;0.04426157847046852;0.00019873029668815434;0.03679678961634636
Data(x=[37, 11], edge_index=[2, 10], edge_attr=[10, 2], y=0.0, custom_label=0.0, min_label=0, max_label=6, instance_name='p11.txt');0.0;0.025497442111372948;0.0002721359196584672;0.03679678961634636
Data(x=[40, 11], edge_index=[2, 10], edge_attr=[10, 2], y=0.0, custom_label=0.0, min_label=0, max_label=6, instance_name='p11.txt');0.0;0.041699063032865524;0.00033767151762731373;0.03679678961634636
Data(x=[38, 11], edge_index=[2, 10], edge_attr=[10, 2], y=0.0, custom_label=0.0, min_label=0, max_label=6, instance_name='p11.txt');0.0;0.01923890970647335;8.773292938712984e-05;0.03679678961634636
Data(x=[38, 11], edge_index=[2, 10], edge_attr=[10, 2], y=0.0, custom_label=0.0, min_label=0, max_label=6, instance_name='p11.txt');0.0;0.01823766529560089;0.00011660025484161451;5.218116193696491e-25
Data(x=[38, 11], edge_index=[2, 10], edge_attr=[10, 2], y=0.0, custom_label=0.0, min_label=0, max_label=6, instance_name='p11.txt');0.0;0.01823767088353634;0.00011660025484161451;0.03679678961634636
Data(x=[33, 11], edge_index=[2, 10], edge_attr=[10, 2], y=0.0, custom_label=0.0, min_label=0, max_label=6, instance_name='p11.txt');0.0;0.011345774866640568;0.00015625565720256418;0.03679678961634636
Data(x=[39, 11], edge_index=[2, 10], edge_attr=[10, 2], y=0.0, custom_label=0.0, min_label=0, max_label=6, instance_name='p11.txt');0.0;0.03556313365697861;0.0003458967839833349;0.03679678961634636
Data(x=[41, 11], edge_index=[2, 10], edge_attr=[10, 2], y=1.0, custom_label=0.16666667, min_label=0, max_label=6, instance_name='p11.txt');0.1666666716337204;0.17639780044555664;0.10395272076129913;0.03679678961634636
Data(x=[41, 11], edge_index=[2, 10], edge_attr=[10, 2], y=0.0, custom_label=0.0, min_label=0, max_label=6, instance_name='p11.txt');0.0;0.033096794039011;0.0001346938224742189;0.03679678961634636
Data(x=[33, 11], edge_index=[2, 10], edge_attr=[10, 2], y=0.0, custom_label=0.0, min_label=0, max_label=6, instance_name='p11.txt');0.0;0.024293888360261917;9.729727025842294e-05;0.03679678961634636
Data(x=[38, 11], edge_index=[2, 10], edge_attr=[10, 2], y=0.0, custom_label=0.0, min_label=0, max_label=6, instance_name='p11.txt');0.0;0.07338513433933258;0.0005242749466560781;0.03679678961634636
Data(x=[32, 11], edge_index=[2, 10], edge_attr=[10, 2], y=0.0, custom_label=0.0, min_label=0, max_label=6, instance_name='p11.txt');0.0;0.03417897969484329;2.7331105229677632e-05;4.900197955873354e-22
Data(x=[34, 11], edge_index=[2, 10], edge_attr=[10, 2], y=0.0, custom_label=0.0, min_label=0, max_label=6, instance_name='p11.txt');0.0;0.01377690676599741;0.00021239426860120147;0.03679678961634636
Data(x=[38, 11], edge_index=[2, 10], edge_attr=[10, 2], y=0.0, custom_label=0.0, min_label=0, max_label=6, instance_name='p11.txt');0.0;0.05713989958167076;1.9566035916795954e-05;0.03679678961634636
Data(x=[38, 11], edge_index=[2, 10], edge_attr=[10, 2], y=0.0, custom_label=0.0, min_label=0, max_label=6, instance_name='p11.txt');0.0;0.07427649945020676;0.09459195286035538;0.03679678961634636
Data(x=[39, 11], edge_index=[2, 10], edge_attr=[10, 2], y=0.0, custom_label=0.0, min_label=0, max_label=6, instance_name='p11.txt');0.0;0.03556312620639801;0.0003458967839833349;0.03679678961634636
Data(x=[39, 11], edge_index=[2, 10], edge_attr=[10, 2], y=0.0, custom_label=0.0, min_label=0, max_label=6, instance_name='p11.txt');0.0;0.06283962726593018;0.00023570416669826955;0.03679678961634636
Data(x=[33, 11], edge_index=[2, 10], edge_attr=[10, 2], y=0.0, custom_label=0.0, min_label=0, max_label=6, instance_name='p11.txt');0.0;0.00642823101952672;3.668072531581856e-05;2.9460878889235017e-31
Data(x=[38, 11], edge_index=[2, 10], edge_attr=[10, 2], y=0.0, custom_label=0.0, min_label=0, max_label=6, instance_name='p11.txt');0.0;0.01823767088353634;0.00011660025484161451;0.03679678961634636
Data(x=[41, 11], edge_index=[2, 10], edge_attr=[10, 2], y=0.0, custom_label=0.0, min_label=0, max_label=6, instance_name='p11.txt');0.0;0.03155873343348503;0.00017609346832614392;0.03679678961634636
Data(x=[41, 11], edge_index=[2, 10], edge_attr=[10, 2], y=0.0, custom_label=0.0, min_label=0, max_label=6, instance_name='p11.txt');0.0;0.033096794039011;0.00013469369150698185;5.218116193696491e-25
Data(x=[37, 11], edge_index=[2, 10], edge_attr=[10, 2], y=0.0, custom_label=0.0, min_label=0, max_label=6, instance_name='p11.txt');0.0;0.015751343220472336;7.498488412238657e-05;0.03679678961634636
Data(x=[35, 11], edge_index=[2, 10], edge_attr=[10, 2], y=0.0, custom_label=0.0, min_label=0, max_label=6, instance_name='p11.txt');0.0;0.009983919560909271;6.237239722395316e-05;0.03679678961634636
Data(x=[43, 11], edge_index=[2, 10], edge_attr=[10, 2], y=0.0, custom_label=0.0, min_label=0, max_label=6, instance_name='p11.txt');0.0;0.08790204674005508;4.703991726273671e-05;0.03679678961634636
Data(x=[44, 11], edge_index=[2, 10], edge_attr=[10, 2], y=0.0, custom_label=0.0, min_label=0, max_label=6, instance_name='p11.txt');0.0;0.10203911364078522;0.0010869462275877595;0.03679678961634636
Data(x=[38, 11], edge_index=[2, 10], edge_attr=[10, 2], y=0.0, custom_label=0.0, min_label=0, max_label=6, instance_name='p11.txt');0.0;0.01823766902089119;0.00011660025484161451;0.03679678961634636
Data(x=[41, 11], edge_index=[2, 10], edge_attr=[10, 2], y=0.0, custom_label=0.0, min_label=0, max_label=6, instance_name='p11.txt');0.0;0.07644934952259064;3.885455589625053e-05;0.03679678961634636
Data(x=[36, 11], edge_index=[2, 10], edge_attr=[10, 2], y=0.0, custom_label=0.0, min_label=0, max_label=6, instance_name='p11.txt');0.0;0.012752227485179901;6.35926189715974e-05;0.03679678961634636
Data(x=[49, 11], edge_index=[2, 10], edge_attr=[10, 2], y=0.0, custom_label=0.0, min_label=0, max_label=6, instance_name='p11.txt');0.0;0.08997378498315811;0.0008880451787263155;0.03679678961634636
Data(x=[30, 11], edge_index=[2, 10], edge_attr=[10, 2], y=0.0, custom_label=0.0, min_label=0, max_label=6, instance_name='p11.txt');0.0;0.002907638903707266;1.600155701453332e-05;0.03679678961634636
Data(x=[40, 11], edge_index=[2, 10], edge_attr=[10, 2], y=0.0, custom_label=0.0, min_label=0, max_label=6, instance_name='p11.txt');0.0;0.027054836973547935;0.0001343537587672472;0.03679678961634636
Data(x=[39, 11], edge_index=[2, 10], edge_attr=[10, 2], y=0.0, custom_label=0.0, min_label=0, max_label=6, instance_name='p11.txt');0.0;0.0225773174315691;0.0001169577008113265;0.03679678961634636
Data(x=[40, 11], edge_index=[2, 10], edge_attr=[10, 2], y=0.0, custom_label=0.0, min_label=0, max_label=6, instance_name='p11.txt');0.0;0.03999738022685051;0.00044232263462617993;0.03679678961634636
Data(x=[35, 11], edge_index=[2, 10], edge_attr=[10, 2], y=0.0, custom_label=0.0, min_label=0, max_label=6, instance_name='p11.txt');0.0;0.036334674805402756;0.00011552804062375799;0.03679678961634636
Data(x=[34, 11], edge_index=[2, 10], edge_attr=[10, 2], y=0.0, custom_label=0.0, min_label=0, max_label=6, instance_name='p11.txt');0.0;0.014190278947353363;0.00018136862490791827;0.03679678961634636
Data(x=[40, 11], edge_index=[2, 10], edge_attr=[10, 2], y=0.0, custom_label=0.0, min_label=0, max_label=6, instance_name='p11.txt');0.0;0.07188531011343002;0.06039263308048248;0.03679678961634636
Data(x=[32, 11], edge_index=[2, 10], edge_attr=[10, 2], y=0.0, custom_label=0.0, min_label=0, max_label=6, instance_name='p11.txt');0.0;0.008939867839217186;0.00013344342005439103;0.03679678961634636
Data(x=[38, 11], edge_index=[2, 10], edge_attr=[10, 2], y=0.0, custom_label=0.0, min_label=0, max_label=6, instance_name='p11.txt');0.0;0.14352641999721527;0.1468486785888672;0.03679678961634636
Data(x=[36, 11], edge_index=[2, 10], edge_attr=[10, 2], y=0.0, custom_label=0.0, min_label=0, max_label=6, instance_name='p11.txt');0.0;0.01205802708864212;8.578760753152892e-05;0.03679678961634636
Data(x=[34, 11], edge_index=[2, 10], edge_attr=[10, 2], y=0.0, custom_label=0.0, min_label=0, max_label=6, instance_name='p11.txt');0.0;0.029633261263370514;0.00011507373710628599;0.03679678961634636
Data(x=[39, 11], edge_index=[2, 10], edge_attr=[10, 2], y=0.0, custom_label=0.0, min_label=0, max_label=6, instance_name='p11.txt');0.0;0.03634631261229515;0.0003011740045621991;0.03679678961634636
Data(x=[42, 11], edge_index=[2, 10], edge_attr=[10, 2], y=0.0, custom_label=0.0, min_label=0, max_label=6, instance_name='p11.txt');0.0;0.03655267879366875;0.0002279507025377825;0.03679678961634636
Data(x=[45, 11], edge_index=[2, 10], edge_attr=[10, 2], y=0.0, custom_label=0.0, min_label=0, max_label=6, instance_name='p11.txt');0.0;0.14102497696876526;0.00035853765439242125;0.03679678961634636
Data(x=[40, 11], edge_index=[2, 10], edge_attr=[10, 2], y=0.0, custom_label=0.0, min_label=0, max_label=6, instance_name='p11.txt');0.0;0.02772587351500988;0.00011729823745554313;0.03679678961634636
Data(x=[32, 11], edge_index=[2, 10], edge_attr=[10, 2], y=0.0, custom_label=0.0, min_label=0, max_label=6, instance_name='p11.txt');0.0;0.004815311171114445;3.53607683791779e-05;0.03679678961634636
Data(x=[31, 11], edge_index=[2, 10], edge_attr=[10, 2], y=0.0, custom_label=0.0, min_label=0, max_label=6, instance_name='p11.txt');0.0;0.015669310465455055;6.767428567400202e-05;1.161746383218574e-24
Data(x=[41, 11], edge_index=[2, 10], edge_attr=[10, 2], y=0.0, custom_label=0.0, min_label=0, max_label=6, instance_name='p11.txt');0.0;0.046787079423666;0.00042978330748155713;0.03679678961634636
Data(x=[33, 11], edge_index=[2, 10], edge_attr=[10, 2], y=0.0, custom_label=0.0, min_label=0, max_label=6, instance_name='p11.txt');0.0;0.04016491770744324;0.09871072322130203;0.03679678961634636
Data(x=[39, 11], edge_index=[2, 10], edge_attr=[10, 2], y=106.0, custom_label=1.0, min_label=0, max_label=106, instance_name='p12.txt');1.0;0.8458448648452759;0.7438807487487793;0.03679678961634636
Data(x=[39, 11], edge_index=[2, 10], edge_attr=[10, 2], y=105.0, custom_label=0.990566, min_label=0, max_label=106, instance_name='p12.txt');0.9905660152435303;0.8458448648452759;0.7438807487487793;0.03679678961634636
Data(x=[39, 11], edge_index=[2, 10], edge_attr=[10, 2], y=104.0, custom_label=0.9811321, min_label=0, max_label=106, instance_name='p12.txt');0.9811320900917053;0.8458448648452759;0.7438807487487793;0.03679678961634636
Data(x=[39, 11], edge_index=[2, 10], edge_attr=[10, 2], y=103.0, custom_label=0.9716981, min_label=0, max_label=106, instance_name='p12.txt');0.9716981053352356;0.8458448648452759;0.7438807487487793;0.03679678961634636
Data(x=[39, 11], edge_index=[2, 10], edge_attr=[10, 2], y=102.0, custom_label=0.9622642, min_label=0, max_label=106, instance_name='p12.txt');0.9622641801834106;0.6047472953796387;0.393964558839798;0.03679678961634636
Data(x=[39, 11], edge_index=[2, 10], edge_attr=[10, 2], y=101.0, custom_label=0.9528302, min_label=0, max_label=106, instance_name='p12.txt');0.9528301954269409;0.6047472953796387;0.393964558839798;0.03679678961634636
Data(x=[39, 11], edge_index=[2, 10], edge_attr=[10, 2], y=100.0, custom_label=0.9433962, min_label=0, max_label=106, instance_name='p12.txt');0.9433962106704712;0.6047472953796387;0.393964558839798;0.03679678961634636
Data(x=[39, 11], edge_index=[2, 10], edge_attr=[10, 2], y=99.0, custom_label=0.9339623, min_label=0, max_label=106, instance_name='p12.txt');0.9339622855186462;0.6047472953796387;0.393964558839798;0.03679678961634636
Data(x=[39, 11], edge_index=[2, 10], edge_attr=[10, 2], y=98.0, custom_label=0.9245283, min_label=0, max_label=106, instance_name='p12.txt');0.9245283007621765;0.6047472953796387;0.393964558839798;0.03679678961634636
Data(x=[39, 11], edge_index=[2, 10], edge_attr=[10, 2], y=97.0, custom_label=0.9150943, min_label=0, max_label=106, instance_name='p12.txt');0.9150943160057068;0.8458448648452759;0.7438807487487793;0.03679678961634636
Data(x=[39, 11], edge_index=[2, 10], edge_attr=[10, 2], y=96.0, custom_label=0.9056604, min_label=0, max_label=106, instance_name='p12.txt');0.9056603908538818;0.8458448648452759;0.7438807487487793;0.03679678961634636
Data(x=[39, 11], edge_index=[2, 10], edge_attr=[10, 2], y=95.0, custom_label=0.8962264, min_label=0, max_label=106, instance_name='p12.txt');0.8962264060974121;0.8458448648452759;0.7438807487487793;0.03679678961634636
Data(x=[39, 11], edge_index=[2, 10], edge_attr=[10, 2], y=94.0, custom_label=0.8867925, min_label=0, max_label=106, instance_name='p12.txt');0.8867924809455872;0.8458448648452759;0.7438807487487793;0.03679678961634636
Data(x=[39, 11], edge_index=[2, 10], edge_attr=[10, 2], y=93.0, custom_label=0.8773585, min_label=0, max_label=106, instance_name='p12.txt');0.8773584961891174;0.8458448648452759;0.7438807487487793;0.03679678961634636
Data(x=[39, 11], edge_index=[2, 10], edge_attr=[10, 2], y=92.0, custom_label=0.8679245, min_label=0, max_label=106, instance_name='p12.txt');0.8679245114326477;0.8458448648452759;0.7438807487487793;0.03679678961634636
Data(x=[39, 11], edge_index=[2, 10], edge_attr=[10, 2], y=91.0, custom_label=0.8584906, min_label=0, max_label=106, instance_name='p12.txt');0.8584905862808228;0.8458448648452759;0.7438807487487793;0.03679678961634636
Data(x=[39, 11], edge_index=[2, 10], edge_attr=[10, 2], y=90.0, custom_label=0.8490566, min_label=0, max_label=106, instance_name='p12.txt');0.849056601524353;0.8458448648452759;0.7438807487487793;0.03679678961634636
Data(x=[39, 11], edge_index=[2, 10], edge_attr=[10, 2], y=89.0, custom_label=0.8396226, min_label=0, max_label=106, instance_name='p12.txt');0.8396226167678833;0.8458448648452759;0.7438807487487793;0.03679678961634636
Data(x=[39, 11], edge_index=[2, 10], edge_attr=[10, 2], y=88.0, custom_label=0.8301887, min_label=0, max_label=106, instance_name='p12.txt');0.8301886916160583;0.8458448648452759;0.7438807487487793;0.03679678961634636
Data(x=[39, 11], edge_index=[2, 10], edge_attr=[10, 2], y=87.0, custom_label=0.8207547, min_label=0, max_label=106, instance_name='p12.txt');0.8207547068595886;0.8458448648452759;0.7438807487487793;0.03679678961634636
Data(x=[39, 11], edge_index=[2, 10], edge_attr=[10, 2], y=86.0, custom_label=0.8113208, min_label=0, max_label=106, instance_name='p12.txt');0.8113207817077637;0.8458448648452759;0.7438807487487793;0.03679678961634636
Data(x=[39, 11], edge_index=[2, 10], edge_attr=[10, 2], y=85.0, custom_label=0.8018868, min_label=0, max_label=106, instance_name='p12.txt');0.801886796951294;0.8458448648452759;0.7438807487487793;0.03679678961634636
Data(x=[39, 11], edge_index=[2, 10], edge_attr=[10, 2], y=84.0, custom_label=0.7924528, min_label=0, max_label=106, instance_name='p12.txt');0.7924528121948242;0.8458448648452759;0.7438807487487793;0.03679678961634636
Data(x=[39, 11], edge_index=[2, 10], edge_attr=[10, 2], y=83.0, custom_label=0.7830189, min_label=0, max_label=106, instance_name='p12.txt');0.7830188870429993;0.8458448648452759;0.7438807487487793;0.03679678961634636
Data(x=[39, 11], edge_index=[2, 10], edge_attr=[10, 2], y=82.0, custom_label=0.7735849, min_label=0, max_label=106, instance_name='p12.txt');0.7735849022865295;0.8458448648452759;0.7438807487487793;0.03679678961634636
Data(x=[39, 11], edge_index=[2, 10], edge_attr=[10, 2], y=81.0, custom_label=0.7641509, min_label=0, max_label=106, instance_name='p12.txt');0.7641509175300598;0.8458448648452759;0.7438807487487793;0.03679678961634636
Data(x=[39, 11], edge_index=[2, 10], edge_attr=[10, 2], y=80.0, custom_label=0.754717, min_label=0, max_label=106, instance_name='p12.txt');0.7547169923782349;0.8458448648452759;0.7438807487487793;0.03679678961634636
Data(x=[39, 11], edge_index=[2, 10], edge_attr=[10, 2], y=79.0, custom_label=0.745283, min_label=0, max_label=106, instance_name='p12.txt');0.7452830076217651;0.8458448648452759;0.7438807487487793;0.03679678961634636
Data(x=[39, 11], edge_index=[2, 10], edge_attr=[10, 2], y=78.0, custom_label=0.7358491, min_label=0, max_label=106, instance_name='p12.txt');0.7358490824699402;0.8458448648452759;0.7438807487487793;0.03679678961634636
Data(x=[39, 11], edge_index=[2, 10], edge_attr=[10, 2], y=77.0, custom_label=0.7264151, min_label=0, max_label=106, instance_name='p12.txt');0.7264150977134705;0.8458448648452759;0.7438807487487793;0.03679678961634636
Data(x=[39, 11], edge_index=[2, 10], edge_attr=[10, 2], y=76.0, custom_label=0.7169811, min_label=0, max_label=106, instance_name='p12.txt');0.7169811129570007;0.8458448648452759;0.7438807487487793;0.03679678961634636
Data(x=[39, 11], edge_index=[2, 10], edge_attr=[10, 2], y=75.0, custom_label=0.7075472, min_label=0, max_label=106, instance_name='p12.txt');0.7075471878051758;0.8458448648452759;0.7438807487487793;0.03679678961634636
Data(x=[39, 11], edge_index=[2, 10], edge_attr=[10, 2], y=74.0, custom_label=0.6981132, min_label=0, max_label=106, instance_name='p12.txt');0.698113203048706;0.6047472953796387;0.393964558839798;0.03679678961634636
Data(x=[39, 11], edge_index=[2, 10], edge_attr=[10, 2], y=73.0, custom_label=0.6886792, min_label=0, max_label=106, instance_name='p12.txt');0.6886792182922363;0.6047472953796387;0.393964558839798;0.03679678961634636
Data(x=[39, 11], edge_index=[2, 10], edge_attr=[10, 2], y=72.0, custom_label=0.6792453, min_label=0, max_label=106, instance_name='p12.txt');0.6792452931404114;0.6047472953796387;0.393964558839798;0.03679678961634636
Data(x=[39, 11], edge_index=[2, 10], edge_attr=[10, 2], y=71.0, custom_label=0.6698113, min_label=0, max_label=106, instance_name='p12.txt');0.6698113083839417;0.6047472953796387;0.393964558839798;0.03679678961634636
Data(x=[39, 11], edge_index=[2, 10], edge_attr=[10, 2], y=70.0, custom_label=0.6603774, min_label=0, max_label=106, instance_name='p12.txt');0.6603773832321167;0.6047472953796387;0.393964558839798;0.03679678961634636
Data(x=[39, 11], edge_index=[2, 10], edge_attr=[10, 2], y=69.0, custom_label=0.6509434, min_label=0, max_label=106, instance_name='p12.txt');0.650943398475647;0.6047472953796387;0.393964558839798;0.03679678961634636
Data(x=[39, 11], edge_index=[2, 10], edge_attr=[10, 2], y=68.0, custom_label=0.6415094, min_label=0, max_label=106, instance_name='p12.txt');0.6415094137191772;0.6047472953796387;0.393964558839798;0.03679678961634636
Data(x=[39, 11], edge_index=[2, 10], edge_attr=[10, 2], y=67.0, custom_label=0.6320755, min_label=0, max_label=106, instance_name='p12.txt');0.6320754885673523;0.6047472953796387;0.393964558839798;0.03679678961634636
Data(x=[39, 11], edge_index=[2, 10], edge_attr=[10, 2], y=66.0, custom_label=0.6226415, min_label=0, max_label=106, instance_name='p12.txt');0.6226415038108826;0.6047472953796387;0.393964558839798;0.03679678961634636
Data(x=[39, 11], edge_index=[2, 10], edge_attr=[10, 2], y=65.0, custom_label=0.6132075, min_label=0, max_label=106, instance_name='p12.txt');0.6132075190544128;0.6047472953796387;0.393964558839798;0.03679678961634636
Data(x=[39, 11], edge_index=[2, 10], edge_attr=[10, 2], y=64.0, custom_label=0.6037736, min_label=0, max_label=106, instance_name='p12.txt');0.6037735939025879;0.6047472953796387;0.393964558839798;0.03679678961634636
Data(x=[39, 11], edge_index=[2, 10], edge_attr=[10, 2], y=63.0, custom_label=0.5943396, min_label=0, max_label=106, instance_name='p12.txt');0.5943396091461182;0.6047472953796387;0.393964558839798;0.03679678961634636
Data(x=[39, 11], edge_index=[2, 10], edge_attr=[10, 2], y=62.0, custom_label=0.5849057, min_label=0, max_label=106, instance_name='p12.txt');0.5849056839942932;0.6047472953796387;0.393964558839798;0.03679678961634636
Data(x=[39, 11], edge_index=[2, 10], edge_attr=[10, 2], y=61.0, custom_label=0.5754717, min_label=0, max_label=106, instance_name='p12.txt');0.5754716992378235;0.6047472953796387;0.393964558839798;0.03679678961634636
Data(x=[39, 11], edge_index=[2, 10], edge_attr=[10, 2], y=60.0, custom_label=0.5660377, min_label=0, max_label=106, instance_name='p12.txt');0.5660377144813538;0.341172456741333;0.23246432840824127;0.03679678961634636
Data(x=[39, 11], edge_index=[2, 10], edge_attr=[10, 2], y=59.0, custom_label=0.5566038, min_label=0, max_label=106, instance_name='p12.txt');0.5566037893295288;0.341172456741333;0.23246432840824127;0.03679678961634636
Data(x=[39, 11], edge_index=[2, 10], edge_attr=[10, 2], y=58.0, custom_label=0.5471698, min_label=0, max_label=106, instance_name='p12.txt');0.5471698045730591;0.341172456741333;0.23246432840824127;0.03679678961634636
Data(x=[39, 11], edge_index=[2, 10], edge_attr=[10, 2], y=57.0, custom_label=0.5377358, min_label=0, max_label=106, instance_name='p12.txt');0.5377358198165894;0.341172456741333;0.23246432840824127;0.03679678961634636
Data(x=[39, 11], edge_index=[2, 10], edge_attr=[10, 2], y=56.0, custom_label=0.5283019, min_label=0, max_label=106, instance_name='p12.txt');0.5283018946647644;0.341172456741333;0.23246432840824127;0.03679678961634636
Data(x=[39, 11], edge_index=[2, 10], edge_attr=[10, 2], y=55.0, custom_label=0.5188679, min_label=0, max_label=106, instance_name='p12.txt');0.5188679099082947;0.341172456741333;0.23246432840824127;0.03679678961634636
Data(x=[39, 11], edge_index=[2, 10], edge_attr=[10, 2], y=54.0, custom_label=0.509434, min_label=0, max_label=106, instance_name='p12.txt');0.5094339847564697;0.341172456741333;0.23246432840824127;0.03679678961634636
Data(x=[39, 11], edge_index=[2, 10], edge_attr=[10, 2], y=53.0, custom_label=0.5, min_label=0, max_label=106, instance_name='p12.txt');0.5;0.341172456741333;0.23246432840824127;0.03679678961634636
Data(x=[39, 11], edge_index=[2, 10], edge_attr=[10, 2], y=52.0, custom_label=0.49056605, min_label=0, max_label=106, instance_name='p12.txt');0.49056604504585266;0.341172456741333;0.23246432840824127;0.03679678961634636
Data(x=[39, 11], edge_index=[2, 10], edge_attr=[10, 2], y=51.0, custom_label=0.4811321, min_label=0, max_label=106, instance_name='p12.txt');0.4811320900917053;0.341172456741333;0.23246432840824127;0.03679678961634636
Data(x=[39, 11], edge_index=[2, 10], edge_attr=[10, 2], y=50.0, custom_label=0.4716981, min_label=0, max_label=106, instance_name='p12.txt');0.4716981053352356;0.341172456741333;0.23246432840824127;0.03679678961634636
Data(x=[39, 11], edge_index=[2, 10], edge_attr=[10, 2], y=49.0, custom_label=0.46226415, min_label=0, max_label=106, instance_name='p12.txt');0.46226415038108826;0.341172456741333;0.23246432840824127;0.03679678961634636
Data(x=[39, 11], edge_index=[2, 10], edge_attr=[10, 2], y=48.0, custom_label=0.4528302, min_label=0, max_label=106, instance_name='p12.txt');0.4528301954269409;0.341172456741333;0.23246432840824127;0.03679678961634636
Data(x=[39, 11], edge_index=[2, 10], edge_attr=[10, 2], y=47.0, custom_label=0.44339624, min_label=0, max_label=106, instance_name='p12.txt');0.4433962404727936;0.341172456741333;0.23246432840824127;0.03679678961634636
Data(x=[39, 11], edge_index=[2, 10], edge_attr=[10, 2], y=46.0, custom_label=0.43396226, min_label=0, max_label=106, instance_name='p12.txt');0.43396225571632385;0.341172456741333;0.23246432840824127;0.03679678961634636
Data(x=[39, 11], edge_index=[2, 10], edge_attr=[10, 2], y=45.0, custom_label=0.4245283, min_label=0, max_label=106, instance_name='p12.txt');0.4245283007621765;0.341172456741333;0.23246432840824127;0.03679678961634636
Data(x=[39, 11], edge_index=[2, 10], edge_attr=[10, 2], y=44.0, custom_label=0.41509435, min_label=0, max_label=106, instance_name='p12.txt');0.4150943458080292;0.341172456741333;0.23246432840824127;0.03679678961634636
Data(x=[39, 11], edge_index=[2, 10], edge_attr=[10, 2], y=43.0, custom_label=0.4056604, min_label=0, max_label=106, instance_name='p12.txt');0.40566039085388184;0.6047472953796387;0.393964558839798;0.03679678961634636
Data(x=[39, 11], edge_index=[2, 10], edge_attr=[10, 2], y=42.0, custom_label=0.3962264, min_label=0, max_label=106, instance_name='p12.txt');0.3962264060974121;0.6047472953796387;0.393964558839798;0.03679678961634636
Data(x=[39, 11], edge_index=[2, 10], edge_attr=[10, 2], y=41.0, custom_label=0.38679245, min_label=0, max_label=106, instance_name='p12.txt');0.38679245114326477;0.6047472953796387;0.393964558839798;0.03679678961634636
Data(x=[39, 11], edge_index=[2, 10], edge_attr=[10, 2], y=40.0, custom_label=0.3773585, min_label=0, max_label=106, instance_name='p12.txt');0.37735849618911743;0.6047472953796387;0.393964558839798;0.03679678961634636
Data(x=[39, 11], edge_index=[2, 10], edge_attr=[10, 2], y=39.0, custom_label=0.36792454, min_label=0, max_label=106, instance_name='p12.txt');0.3679245412349701;0.6047472953796387;0.393964558839798;0.03679678961634636
Data(x=[39, 11], edge_index=[2, 10], edge_attr=[10, 2], y=38.0, custom_label=0.35849056, min_label=0, max_label=106, instance_name='p12.txt');0.35849055647850037;0.6047472953796387;0.393964558839798;0.03679678961634636
Data(x=[39, 11], edge_index=[2, 10], edge_attr=[10, 2], y=37.0, custom_label=0.3490566, min_label=0, max_label=106, instance_name='p12.txt');0.349056601524353;0.6047472953796387;0.393964558839798;0.03679678961634636
Data(x=[39, 11], edge_index=[2, 10], edge_attr=[10, 2], y=36.0, custom_label=0.33962265, min_label=0, max_label=106, instance_name='p12.txt');0.3396226465702057;0.6047472953796387;0.393964558839798;0.03679678961634636
Data(x=[39, 11], edge_index=[2, 10], edge_attr=[10, 2], y=35.0, custom_label=0.3301887, min_label=0, max_label=106, instance_name='p12.txt');0.33018869161605835;0.6047472953796387;0.393964558839798;0.03679678961634636
Data(x=[39, 11], edge_index=[2, 10], edge_attr=[10, 2], y=34.0, custom_label=0.3207547, min_label=0, max_label=106, instance_name='p12.txt');0.3207547068595886;0.6047472953796387;0.393964558839798;0.03679678961634636
Data(x=[39, 11], edge_index=[2, 10], edge_attr=[10, 2], y=33.0, custom_label=0.31132075, min_label=0, max_label=106, instance_name='p12.txt');0.3113207519054413;0.6047472953796387;0.393964558839798;0.03679678961634636
Data(x=[39, 11], edge_index=[2, 10], edge_attr=[10, 2], y=32.0, custom_label=0.3018868, min_label=0, max_label=106, instance_name='p12.txt');0.30188679695129395;0.6047472953796387;0.393964558839798;0.03679678961634636
Data(x=[39, 11], edge_index=[2, 10], edge_attr=[10, 2], y=31.0, custom_label=0.29245284, min_label=0, max_label=106, instance_name='p12.txt');0.2924528419971466;0.6047472953796387;0.393964558839798;0.03679678961634636
Data(x=[39, 11], edge_index=[2, 10], edge_attr=[10, 2], y=30.0, custom_label=0.28301886, min_label=0, max_label=106, instance_name='p12.txt');0.2830188572406769;0.6047472953796387;0.393964558839798;0.03679678961634636
Data(x=[39, 11], edge_index=[2, 10], edge_attr=[10, 2], y=29.0, custom_label=0.2735849, min_label=0, max_label=106, instance_name='p12.txt');0.27358490228652954;0.6047472953796387;0.393964558839798;0.03679678961634636
Data(x=[39, 11], edge_index=[2, 10], edge_attr=[10, 2], y=28.0, custom_label=0.26415095, min_label=0, max_label=106, instance_name='p12.txt');0.2641509473323822;0.341172456741333;0.23246432840824127;0.03679678961634636
Data(x=[39, 11], edge_index=[2, 10], edge_attr=[10, 2], y=27.0, custom_label=0.254717, min_label=0, max_label=106, instance_name='p12.txt');0.25471699237823486;0.341172456741333;0.23246432840824127;0.03679678961634636
Data(x=[39, 11], edge_index=[2, 10], edge_attr=[10, 2], y=26.0, custom_label=0.24528302, min_label=0, max_label=106, instance_name='p12.txt');0.24528302252292633;0.341172456741333;0.23246432840824127;0.03679678961634636
Data(x=[39, 11], edge_index=[2, 10], edge_attr=[10, 2], y=25.0, custom_label=0.23584905, min_label=0, max_label=106, instance_name='p12.txt');0.2358490526676178;0.341172456741333;0.23246432840824127;0.03679678961634636
Data(x=[39, 11], edge_index=[2, 10], edge_attr=[10, 2], y=24.0, custom_label=0.2264151, min_label=0, max_label=106, instance_name='p12.txt');0.22641509771347046;0.341172456741333;0.23246432840824127;0.03679678961634636
Data(x=[39, 11], edge_index=[2, 10], edge_attr=[10, 2], y=23.0, custom_label=0.21698113, min_label=0, max_label=106, instance_name='p12.txt');0.21698112785816193;0.341172456741333;0.23246432840824127;0.03679678961634636
Data(x=[39, 11], edge_index=[2, 10], edge_attr=[10, 2], y=22.0, custom_label=0.20754717, min_label=0, max_label=106, instance_name='p12.txt');0.2075471729040146;0.341172456741333;0.23246432840824127;0.03679678961634636
Data(x=[39, 11], edge_index=[2, 10], edge_attr=[10, 2], y=21.0, custom_label=0.1981132, min_label=0, max_label=106, instance_name='p12.txt');0.19811320304870605;0.341172456741333;0.23246432840824127;0.03679678961634636
Data(x=[39, 11], edge_index=[2, 10], edge_attr=[10, 2], y=20.0, custom_label=0.18867925, min_label=0, max_label=106, instance_name='p12.txt');0.18867924809455872;0.341172456741333;0.23246432840824127;0.03679678961634636
Data(x=[39, 11], edge_index=[2, 10], edge_attr=[10, 2], y=19.0, custom_label=0.17924528, min_label=0, max_label=106, instance_name='p12.txt');0.17924527823925018;0.341172456741333;0.23246432840824127;0.03679678961634636
Data(x=[39, 11], edge_index=[2, 10], edge_attr=[10, 2], y=18.0, custom_label=0.16981132, min_label=0, max_label=106, instance_name='p12.txt');0.16981132328510284;0.341172456741333;0.23246432840824127;0.03679678961634636
Data(x=[39, 11], edge_index=[2, 10], edge_attr=[10, 2], y=17.0, custom_label=0.16037735, min_label=0, max_label=106, instance_name='p12.txt');0.1603773534297943;0.341172456741333;0.23246432840824127;0.03679678961634636
Data(x=[39, 11], edge_index=[2, 10], edge_attr=[10, 2], y=16.0, custom_label=0.1509434, min_label=0, max_label=106, instance_name='p12.txt');0.15094339847564697;0.341172456741333;0.23246432840824127;0.03679678961634636
Data(x=[39, 11], edge_index=[2, 10], edge_attr=[10, 2], y=15.0, custom_label=0.14150943, min_label=0, max_label=106, instance_name='p12.txt');0.14150942862033844;0.341172456741333;0.23246432840824127;0.03679678961634636
Data(x=[39, 11], edge_index=[2, 10], edge_attr=[10, 2], y=14.0, custom_label=0.13207547, min_label=0, max_label=106, instance_name='p12.txt');0.1320754736661911;0.341172456741333;0.23246432840824127;0.03679678961634636
Data(x=[39, 11], edge_index=[2, 10], edge_attr=[10, 2], y=13.0, custom_label=0.12264151, min_label=0, max_label=106, instance_name='p12.txt');0.12264151126146317;0.341172456741333;0.23246432840824127;0.03679678961634636
Data(x=[39, 11], edge_index=[2, 10], edge_attr=[10, 2], y=12.0, custom_label=0.11320755, min_label=0, max_label=106, instance_name='p12.txt');0.11320754885673523;0.341172456741333;0.23246432840824127;0.03679678961634636
Data(x=[39, 11], edge_index=[2, 10], edge_attr=[10, 2], y=11.0, custom_label=0.10377359, min_label=0, max_label=106, instance_name='p12.txt');0.1037735864520073;0.341172456741333;0.23246432840824127;0.03679678961634636
Data(x=[39, 11], edge_index=[2, 10], edge_attr=[10, 2], y=10.0, custom_label=0.094339624, min_label=0, max_label=106, instance_name='p12.txt');0.09433962404727936;0.18151728808879852;0.10899124294519424;0.03679678961634636
Data(x=[39, 11], edge_index=[2, 10], edge_attr=[10, 2], y=9.0, custom_label=0.08490566, min_label=0, max_label=106, instance_name='p12.txt');0.08490566164255142;0.18151728808879852;0.10899124294519424;0.03679678961634636
Data(x=[39, 11], edge_index=[2, 10], edge_attr=[10, 2], y=8.0, custom_label=0.0754717, min_label=0, max_label=106, instance_name='p12.txt');0.07547169923782349;0.18151728808879852;0.10899124294519424;0.03679678961634636
Data(x=[39, 11], edge_index=[2, 10], edge_attr=[10, 2], y=7.0, custom_label=0.06603774, min_label=0, max_label=106, instance_name='p12.txt');0.06603773683309555;0.18151728808879852;0.10899124294519424;0.03679678961634636
Data(x=[39, 11], edge_index=[2, 10], edge_attr=[10, 2], y=6.0, custom_label=0.056603774, min_label=0, max_label=106, instance_name='p12.txt');0.056603774428367615;0.18151728808879852;0.10899124294519424;0.03679678961634636
Data(x=[39, 11], edge_index=[2, 10], edge_attr=[10, 2], y=5.0, custom_label=0.047169812, min_label=0, max_label=106, instance_name='p12.txt');0.04716981202363968;0.18151728808879852;0.10899124294519424;0.03679678961634636
Data(x=[39, 11], edge_index=[2, 10], edge_attr=[10, 2], y=4.0, custom_label=0.03773585, min_label=0, max_label=106, instance_name='p12.txt');0.03773584961891174;0.18151728808879852;0.10899124294519424;0.03679678961634636
Data(x=[39, 11], edge_index=[2, 10], edge_attr=[10, 2], y=3.0, custom_label=0.028301887, min_label=0, max_label=106, instance_name='p12.txt');0.028301887214183807;0.18151728808879852;0.10899124294519424;0.03679678961634636
Data(x=[39, 11], edge_index=[2, 10], edge_attr=[10, 2], y=2.0, custom_label=0.018867925, min_label=0, max_label=106, instance_name='p12.txt');0.01886792480945587;0.18151728808879852;0.10899124294519424;0.03679678961634636
Data(x=[39, 11], edge_index=[2, 10], edge_attr=[10, 2], y=1.0, custom_label=0.009433962, min_label=0, max_label=106, instance_name='p12.txt');0.009433962404727936;0.18151728808879852;0.10899124294519424;0.03679678961634636
Data(x=[39, 11], edge_index=[2, 10], edge_attr=[10, 2], y=0.0, custom_label=0.0, min_label=0, max_label=106, instance_name='p12.txt');0.0;0.037145938724279404;0.0002622317988425493;0.03679678961634636
Data(x=[17, 11], edge_index=[2, 10], edge_attr=[10, 2], y=3.0, custom_label=0.1764706, min_label=0, max_label=17, instance_name='p13.txt');0.1764705926179886;0.10006239265203476;0.31352949142456055;0.03679678961634636
Data(x=[17, 11], edge_index=[2, 10], edge_attr=[10, 2], y=2.0, custom_label=0.11764706, min_label=0, max_label=17, instance_name='p13.txt');0.11764705926179886;0.2719976007938385;0.32375937700271606;0.03679678961634636
Data(x=[17, 11], edge_index=[2, 10], edge_attr=[10, 2], y=1.0, custom_label=0.05882353, min_label=0, max_label=17, instance_name='p13.txt');0.05882352963089943;0.3550631105899811;0.013057787902653217;0.03679678961634636
Data(x=[17, 11], edge_index=[2, 10], edge_attr=[10, 2], y=0.0, custom_label=0.0, min_label=0, max_label=17, instance_name='p13.txt');0.0;0.00012694409815594554;3.413984828171124e-08;0.03679678961634636
Data(x=[24, 11], edge_index=[2, 10], edge_attr=[10, 2], y=0.0, custom_label=0.0, min_label=0, max_label=17, instance_name='p13.txt');0.0;0.000275075261015445;3.997912244813051e-06;0.03679678961634636
Data(x=[20, 11], edge_index=[2, 10], edge_attr=[10, 2], y=0.0, custom_label=0.0, min_label=0, max_label=17, instance_name='p13.txt');0.0;2.6453784812474623e-05;9.155604629995651e-07;4.900197955873354e-22
Data(x=[22, 11], edge_index=[2, 10], edge_attr=[10, 2], y=0.0, custom_label=0.0, min_label=0, max_label=17, instance_name='p13.txt');0.0;9.267441055271775e-05;2.3088364287104923e-06;0.03679678961634636
Data(x=[20, 11], edge_index=[2, 10], edge_attr=[10, 2], y=12.0, custom_label=0.7058824, min_label=0, max_label=17, instance_name='p13.txt');0.7058823704719543;0.5487813353538513;0.30552685260772705;0.03679678961634636
Data(x=[20, 11], edge_index=[2, 10], edge_attr=[10, 2], y=11.0, custom_label=0.64705884, min_label=0, max_label=17, instance_name='p13.txt');0.6470588445663452;0.5487812757492065;0.30552685260772705;0.03679678961634636
Data(x=[20, 11], edge_index=[2, 10], edge_attr=[10, 2], y=10.0, custom_label=0.5882353, min_label=0, max_label=17, instance_name='p13.txt');0.5882353186607361;0.4738321602344513;0.4434451758861542;0.03679678961634636
Data(x=[20, 11], edge_index=[2, 10], edge_attr=[10, 2], y=9.0, custom_label=0.5294118, min_label=0, max_label=17, instance_name='p13.txt');0.529411792755127;0.5487812757492065;0.30552685260772705;1.161746383218574e-24
Data(x=[20, 11], edge_index=[2, 10], edge_attr=[10, 2], y=8.0, custom_label=0.47058824, min_label=0, max_label=17, instance_name='p13.txt');0.47058823704719543;0.20576637983322144;0.033133164048194885;0.03679678961634636
Data(x=[20, 11], edge_index=[2, 10], edge_attr=[10, 2], y=7.0, custom_label=0.4117647, min_label=0, max_label=17, instance_name='p13.txt');0.4117647111415863;0.586401641368866;0.3368593752384186;0.03679678961634636
Data(x=[20, 11], edge_index=[2, 10], edge_attr=[10, 2], y=6.0, custom_label=0.3529412, min_label=0, max_label=17, instance_name='p13.txt');0.3529411852359772;0.586401641368866;0.3368593752384186;0.03679678961634636
Data(x=[20, 11], edge_index=[2, 10], edge_attr=[10, 2], y=5.0, custom_label=0.29411766, min_label=0, max_label=17, instance_name='p13.txt');0.29411765933036804;0.586401641368866;0.3368593752384186;0.03679678961634636
Data(x=[20, 11], edge_index=[2, 10], edge_attr=[10, 2], y=4.0, custom_label=0.23529412, min_label=0, max_label=17, instance_name='p13.txt');0.23529411852359772;0.3091666102409363;0.09529794007539749;0.03679678961634636
Data(x=[20, 11], edge_index=[2, 10], edge_attr=[10, 2], y=3.0, custom_label=0.1764706, min_label=0, max_label=17, instance_name='p13.txt');0.1764705926179886;0.22875268757343292;0.2864958643913269;0.03679678961634636
Data(x=[20, 11], edge_index=[2, 10], edge_attr=[10, 2], y=2.0, custom_label=0.11764706, min_label=0, max_label=17, instance_name='p13.txt');0.11764705926179886;0.3091666102409363;0.09529789537191391;0.03679678961634636
Data(x=[20, 11], edge_index=[2, 10], edge_attr=[10, 2], y=1.0, custom_label=0.05882353, min_label=0, max_label=17, instance_name='p13.txt');0.05882352963089943;0.3091666102409363;0.09529794007539749;0.03679678961634636
Data(x=[20, 11], edge_index=[2, 10], edge_attr=[10, 2], y=0.0, custom_label=0.0, min_label=0, max_label=17, instance_name='p13.txt');0.0;0.0007981817470863461;1.5799232642166317e-05;0.03679678961634636
Data(x=[18, 11], edge_index=[2, 10], edge_attr=[10, 2], y=0.0, custom_label=0.0, min_label=0, max_label=17, instance_name='p13.txt');0.0;0.0002382391830906272;9.471235898672603e-06;0.03679678961634636
Data(x=[17, 11], edge_index=[2, 10], edge_attr=[10, 2], y=0.0, custom_label=0.0, min_label=0, max_label=17, instance_name='p13.txt');0.0;0.0001269439817406237;3.413984828171124e-08;0.0
Data(x=[24, 11], edge_index=[2, 10], edge_attr=[10, 2], y=1.0, custom_label=0.05882353, min_label=0, max_label=17, instance_name='p13.txt');0.05882352963089943;0.22309193015098572;0.26065948605537415;0.03679678961634636
Data(x=[24, 11], edge_index=[2, 10], edge_attr=[10, 2], y=0.0, custom_label=0.0, min_label=0, max_label=17, instance_name='p13.txt');0.0;0.029953738674521446;4.002245987066999e-06;0.03679678961634636
Data(x=[21, 11], edge_index=[2, 10], edge_attr=[10, 2], y=0.0, custom_label=0.0, min_label=0, max_label=17, instance_name='p13.txt');0.0;0.004238309804350138;0.12589356303215027;0.0
Data(x=[22, 11], edge_index=[2, 10], edge_attr=[10, 2], y=4.0, custom_label=0.23529412, min_label=0, max_label=17, instance_name='p13.txt');0.23529411852359772;0.1425662785768509;0.07946792989969254;0.03679678961634636
Data(x=[22, 11], edge_index=[2, 10], edge_attr=[10, 2], y=3.0, custom_label=0.1764706, min_label=0, max_label=17, instance_name='p13.txt');0.1764705926179886;0.17797258496284485;0.09476373344659805;0.03679678961634636
Data(x=[22, 11], edge_index=[2, 10], edge_attr=[10, 2], y=2.0, custom_label=0.11764706, min_label=0, max_label=17, instance_name='p13.txt');0.11764705926179886;0.11118233948945999;0.1882450133562088;0.03679678961634636
Data(x=[22, 11], edge_index=[2, 10], edge_attr=[10, 2], y=1.0, custom_label=0.05882353, min_label=0, max_label=17, instance_name='p13.txt');0.05882352963089943;0.17797257006168365;0.09476373344659805;0.03679678961634636
Data(x=[22, 11], edge_index=[2, 10], edge_attr=[10, 2], y=0.0, custom_label=0.0, min_label=0, max_label=17, instance_name='p13.txt');0.0;9.710300219012424e-05;1.8097662177751772e-06;0.03679678961634636
Data(x=[25, 11], edge_index=[2, 10], edge_attr=[10, 2], y=8.0, custom_label=0.47058824, min_label=0, max_label=17, instance_name='p13.txt');0.47058823704719543;0.21722903847694397;0.11019232869148254;0.0
Data(x=[25, 11], edge_index=[2, 10], edge_attr=[10, 2], y=7.0, custom_label=0.4117647, min_label=0, max_label=17, instance_name='p13.txt');0.4117647111415863;0.21722902357578278;0.11019232869148254;0.0
Data(x=[25, 11], edge_index=[2, 10], edge_attr=[10, 2], y=6.0, custom_label=0.3529412, min_label=0, max_label=17, instance_name='p13.txt');0.3529411852359772;0.21722902357578278;0.11019232869148254;0.0
Data(x=[25, 11], edge_index=[2, 10], edge_attr=[10, 2], y=5.0, custom_label=0.29411766, min_label=0, max_label=17, instance_name='p13.txt');0.29411765933036804;0.21722903847694397;0.11019232869148254;0.0
Data(x=[25, 11], edge_index=[2, 10], edge_attr=[10, 2], y=4.0, custom_label=0.23529412, min_label=0, max_label=17, instance_name='p13.txt');0.23529411852359772;0.21722903847694397;0.11019232869148254;0.0
Data(x=[25, 11], edge_index=[2, 10], edge_attr=[10, 2], y=3.0, custom_label=0.1764706, min_label=0, max_label=17, instance_name='p13.txt');0.1764705926179886;0.16182520985603333;0.19933214783668518;0.0
Data(x=[25, 11], edge_index=[2, 10], edge_attr=[10, 2], y=2.0, custom_label=0.11764706, min_label=0, max_label=17, instance_name='p13.txt');0.11764705926179886;0.21722902357578278;0.11019232869148254;0.0
Data(x=[25, 11], edge_index=[2, 10], edge_attr=[10, 2], y=1.0, custom_label=0.05882353, min_label=0, max_label=17, instance_name='p13.txt');0.05882352963089943;0.21722902357578278;0.11019232869148254;0.0
Data(x=[25, 11], edge_index=[2, 10], edge_attr=[10, 2], y=0.0, custom_label=0.0, min_label=0, max_label=17, instance_name='p13.txt');0.0;0.006014535203576088;8.989964408101514e-05;0.0
Data(x=[21, 11], edge_index=[2, 10], edge_attr=[10, 2], y=0.0, custom_label=0.0, min_label=0, max_label=17, instance_name='p13.txt');0.0;0.00014720798935741186;6.757441042282153e-06;0.03679678961634636
Data(x=[21, 11], edge_index=[2, 10], edge_attr=[10, 2], y=0.0, custom_label=0.0, min_label=0, max_label=17, instance_name='p13.txt');0.0;0.001372804748825729;1.736007834551856e-05;0.03679678961634636
Data(x=[20, 11], edge_index=[2, 10], edge_attr=[10, 2], y=0.0, custom_label=0.0, min_label=0, max_label=17, instance_name='p13.txt');0.0;0.0007981817470863461;1.5799232642166317e-05;4.900197955873354e-22
Data(x=[21, 11], edge_index=[2, 10], edge_attr=[10, 2], y=0.0, custom_label=0.0, min_label=0, max_label=17, instance_name='p13.txt');0.0;0.0004930049763061106;5.1318654215037895e-08;0.0
Data(x=[21, 11], edge_index=[2, 10], edge_attr=[10, 2], y=0.0, custom_label=0.0, min_label=0, max_label=17, instance_name='p13.txt');0.0;0.0011775161838158965;7.420675274261157e-07;0.03679678961634636
Data(x=[15, 11], edge_index=[2, 10], edge_attr=[10, 2], y=0.0, custom_label=0.0, min_label=0, max_label=17, instance_name='p13.txt');0.0;6.851401849417016e-06;1.9208648560642416e-10;0.0
Data(x=[21, 11], edge_index=[2, 10], edge_attr=[10, 2], y=0.0, custom_label=0.0, min_label=0, max_label=17, instance_name='p13.txt');0.0;5.626619895338081e-05;8.922201573113853e-07;5.218116193696491e-25
Data(x=[21, 11], edge_index=[2, 10], edge_attr=[10, 2], y=2.0, custom_label=0.11764706, min_label=0, max_label=17, instance_name='p13.txt');0.11764705926179886;0.05697806552052498;0.1434914618730545;0.0
Data(x=[21, 11], edge_index=[2, 10], edge_attr=[10, 2], y=1.0, custom_label=0.05882353, min_label=0, max_label=17, instance_name='p13.txt');0.05882352963089943;0.18045376241207123;0.09023261070251465;0.0
Data(x=[21, 11], edge_index=[2, 10], edge_attr=[10, 2], y=0.0, custom_label=0.0, min_label=0, max_label=17, instance_name='p13.txt');0.0;5.626619895338081e-05;8.922201573113853e-07;0.0
Data(x=[20, 11], edge_index=[2, 10], edge_attr=[10, 2], y=0.0, custom_label=0.0, min_label=0, max_label=17, instance_name='p13.txt');0.0;2.9318332963157445e-05;5.357783834369911e-07;0.03679678961634636
Data(x=[20, 11], edge_index=[2, 10], edge_attr=[10, 2], y=0.0, custom_label=0.0, min_label=0, max_label=17, instance_name='p13.txt');0.0;7.265902968356386e-05;7.667640602448955e-06;0.03679678961634636
Data(x=[20, 11], edge_index=[2, 10], edge_attr=[10, 2], y=0.0, custom_label=0.0, min_label=0, max_label=17, instance_name='p13.txt');0.0;7.648742757737637e-05;5.86648320677341e-06;0.03679678961634636
Data(x=[20, 11], edge_index=[2, 10], edge_attr=[10, 2], y=0.0, custom_label=0.0, min_label=0, max_label=17, instance_name='p13.txt');0.0;2.6453784812474623e-05;9.155604629995651e-07;0.03679678961634636
Data(x=[20, 11], edge_index=[2, 10], edge_attr=[10, 2], y=0.0, custom_label=0.0, min_label=0, max_label=17, instance_name='p13.txt');0.0;0.0002910657785832882;1.8878160972235491e-06;0.03679678961634636
Data(x=[19, 11], edge_index=[2, 10], edge_attr=[10, 2], y=0.0, custom_label=0.0, min_label=0, max_label=17, instance_name='p13.txt');0.0;0.0004336845886427909;1.531605448690243e-05;0.03679678961634636
Data(x=[21, 11], edge_index=[2, 10], edge_attr=[10, 2], y=0.0, custom_label=0.0, min_label=0, max_label=17, instance_name='p13.txt');0.0;5.3578729421133175e-05;1.151620494965755e-06;3.022583521757888e-33
Data(x=[17, 11], edge_index=[2, 10], edge_attr=[10, 2], y=0.0, custom_label=0.0, min_label=0, max_label=17, instance_name='p13.txt');0.0;8.087517926469445e-06;1.3727208170166705e-06;0.0
Data(x=[21, 11], edge_index=[2, 10], edge_attr=[10, 2], y=14.0, custom_label=0.8235294, min_label=0, max_label=17, instance_name='p13.txt');0.8235294222831726;0.7480883598327637;0.514370322227478;1.161746383218574e-24
Data(x=[21, 11], edge_index=[2, 10], edge_attr=[10, 2], y=13.0, custom_label=0.7647059, min_label=0, max_label=17, instance_name='p13.txt');0.7647058963775635;0.7798923850059509;0.5347659587860107;1.161746383218574e-24
Data(x=[21, 11], edge_index=[2, 10], edge_attr=[10, 2], y=12.0, custom_label=0.7058824, min_label=0, max_label=17, instance_name='p13.txt');0.7058823704719543;0.4602689743041992;0.2693639099597931;1.161746383218574e-24
Data(x=[21, 11], edge_index=[2, 10], edge_attr=[10, 2], y=11.0, custom_label=0.64705884, min_label=0, max_label=17, instance_name='p13.txt');0.6470588445663452;0.5012882947921753;0.2996232211589813;1.161746383218574e-24
Data(x=[21, 11], edge_index=[2, 10], edge_attr=[10, 2], y=10.0, custom_label=0.5882353, min_label=0, max_label=17, instance_name='p13.txt');0.5882353186607361;0.5012882947921753;0.29962319135665894;1.161746383218574e-24
Data(x=[21, 11], edge_index=[2, 10], edge_attr=[10, 2], y=9.0, custom_label=0.5294118, min_label=0, max_label=17, instance_name='p13.txt');0.529411792755127;0.5249075293540955;0.2899963855743408;1.161746383218574e-24
Data(x=[21, 11], edge_index=[2, 10], edge_attr=[10, 2], y=8.0, custom_label=0.47058824, min_label=0, max_label=17, instance_name='p13.txt');0.47058823704719543;0.5012882947921753;0.2996232211589813;1.161746383218574e-24
Data(x=[21, 11], edge_index=[2, 10], edge_attr=[10, 2], y=7.0, custom_label=0.4117647, min_label=0, max_label=17, instance_name='p13.txt');0.4117647111415863;0.42123663425445557;0.43449968099594116;0.03679678961634636
Data(x=[21, 11], edge_index=[2, 10], edge_attr=[10, 2], y=6.0, custom_label=0.3529412, min_label=0, max_label=17, instance_name='p13.txt');0.3529411852359772;0.5012882947921753;0.29962319135665894;2.9460878889235017e-31
Data(x=[21, 11], edge_index=[2, 10], edge_attr=[10, 2], y=5.0, custom_label=0.29411766, min_label=0, max_label=17, instance_name='p13.txt');0.29411765933036804;0.5012882947921753;0.2996232211589813;1.161746383218574e-24
Data(x=[21, 11], edge_index=[2, 10], edge_attr=[10, 2], y=4.0, custom_label=0.23529412, min_label=0, max_label=17, instance_name='p13.txt');0.23529411852359772;0.18045376241207123;0.09023264050483704;0.03679678961634636
Data(x=[21, 11], edge_index=[2, 10], edge_attr=[10, 2], y=3.0, custom_label=0.1764706, min_label=0, max_label=17, instance_name='p13.txt');0.1764705926179886;0.24181592464447021;0.07724031060934067;0.03679678961634636
Data(x=[21, 11], edge_index=[2, 10], edge_attr=[10, 2], y=2.0, custom_label=0.11764706, min_label=0, max_label=17, instance_name='p13.txt');0.11764705926179886;0.10551955550909042;0.18568108975887299;0.03679678961634636
Data(x=[21, 11], edge_index=[2, 10], edge_attr=[10, 2], y=1.0, custom_label=0.05882353, min_label=0, max_label=17, instance_name='p13.txt');0.05882352963089943;0.18045376241207123;0.09023261070251465;0.03679678961634636
Data(x=[21, 11], edge_index=[2, 10], edge_attr=[10, 2], y=0.0, custom_label=0.0, min_label=0, max_label=17, instance_name='p13.txt');0.0;0.0005254355492070317;2.2944220745557686e-06;0.03679678961634636
Data(x=[21, 11], edge_index=[2, 10], edge_attr=[10, 2], y=6.0, custom_label=0.3529412, min_label=0, max_label=17, instance_name='p13.txt');0.3529411852359772;0.4198358654975891;0.44145095348358154;0.0
Data(x=[21, 11], edge_index=[2, 10], edge_attr=[10, 2], y=5.0, custom_label=0.29411766, min_label=0, max_label=17, instance_name='p13.txt');0.29411765933036804;0.5000289082527161;0.3079943358898163;0.0
Data(x=[21, 11], edge_index=[2, 10], edge_attr=[10, 2], y=4.0, custom_label=0.23529412, min_label=0, max_label=17, instance_name='p13.txt');0.23529411852359772;0.13994275033473969;0.07856771349906921;0.0
Data(x=[21, 11], edge_index=[2, 10], edge_attr=[10, 2], y=3.0, custom_label=0.1764706, min_label=0, max_label=17, instance_name='p13.txt');0.1764705926179886;0.17866288125514984;0.09407050907611847;0.0
Data(x=[21, 11], edge_index=[2, 10], edge_attr=[10, 2], y=2.0, custom_label=0.11764706, min_label=0, max_label=17, instance_name='p13.txt');0.11764705926179886;0.1034441888332367;0.19176945090293884;0.0
Data(x=[21, 11], edge_index=[2, 10], edge_attr=[10, 2], y=1.0, custom_label=0.05882353, min_label=0, max_label=17, instance_name='p13.txt');0.05882352963089943;0.17866288125514984;0.09407050907611847;0.0
Data(x=[21, 11], edge_index=[2, 10], edge_attr=[10, 2], y=0.0, custom_label=0.0, min_label=0, max_label=17, instance_name='p13.txt');0.0;5.3578678489429876e-05;1.151620494965755e-06;0.0
Data(x=[23, 11], edge_index=[2, 10], edge_attr=[10, 2], y=5.0, custom_label=0.29411766, min_label=0, max_label=17, instance_name='p13.txt');0.29411765933036804;0.14585760235786438;0.07610125839710236;0.0
Data(x=[23, 11], edge_index=[2, 10], edge_attr=[10, 2], y=4.0, custom_label=0.23529412, min_label=0, max_label=17, instance_name='p13.txt');0.23529411852359772;0.17896148562431335;0.0918603166937828;0.0
Data(x=[23, 11], edge_index=[2, 10], edge_attr=[10, 2], y=3.0, custom_label=0.1764706, min_label=0, max_label=17, instance_name='p13.txt');0.1764705926179886;0.17896148562431335;0.0918603166937828;0.0
Data(x=[23, 11], edge_index=[2, 10], edge_attr=[10, 2], y=2.0, custom_label=0.11764706, min_label=0, max_label=17, instance_name='p13.txt');0.11764705926179886;0.11641019582748413;0.17963850498199463;0.0
Data(x=[23, 11], edge_index=[2, 10], edge_attr=[10, 2], y=1.0, custom_label=0.05882353, min_label=0, max_label=17, instance_name='p13.txt');0.05882352963089943;0.17896148562431335;0.0918603166937828;0.0
Data(x=[23, 11], edge_index=[2, 10], edge_attr=[10, 2], y=0.0, custom_label=0.0, min_label=0, max_label=17, instance_name='p13.txt');0.0;0.0001747426576912403;2.1670039132004604e-06;0.0
Data(x=[22, 11], edge_index=[2, 10], edge_attr=[10, 2], y=7.0, custom_label=0.4117647, min_label=0, max_label=17, instance_name='p13.txt');0.4117647111415863;0.4770912230014801;0.2972090244293213;0.03679678961634636
Data(x=[22, 11], edge_index=[2, 10], edge_attr=[10, 2], y=6.0, custom_label=0.3529412, min_label=0, max_label=17, instance_name='p13.txt');0.3529411852359772;0.4770912230014801;0.2972090244293213;0.03679678961634636
Data(x=[22, 11], edge_index=[2, 10], edge_attr=[10, 2], y=5.0, custom_label=0.29411766, min_label=0, max_label=17, instance_name='p13.txt');0.29411765933036804;0.4770912230014801;0.2972090244293213;0.03679678961634636
Data(x=[22, 11], edge_index=[2, 10], edge_attr=[10, 2], y=4.0, custom_label=0.23529412, min_label=0, max_label=17, instance_name='p13.txt');0.23529411852359772;0.19811488687992096;0.08974071592092514;0.03679678961634636
Data(x=[22, 11], edge_index=[2, 10], edge_attr=[10, 2], y=3.0, custom_label=0.1764706, min_label=0, max_label=17, instance_name='p13.txt');0.1764705926179886;0.23411530256271362;0.10539215803146362;0.03679678961634636
Data(x=[22, 11], edge_index=[2, 10], edge_attr=[10, 2], y=2.0, custom_label=0.11764706, min_label=0, max_label=17, instance_name='p13.txt');0.11764705926179886;0.16831378638744354;0.20374208688735962;0.03679678961634636
Data(x=[22, 11], edge_index=[2, 10], edge_attr=[10, 2], y=1.0, custom_label=0.05882353, min_label=0, max_label=17, instance_name='p13.txt');0.05882352963089943;0.23411525785923004;0.10539215803146362;1.161746383218574e-24
Data(x=[22, 11], edge_index=[2, 10], edge_attr=[10, 2], y=0.0, custom_label=0.0, min_label=0, max_label=17, instance_name='p13.txt');0.0;0.00081902981037274;4.4623270696320105e-06;0.03679678961634636
Data(x=[19, 11], edge_index=[2, 10], edge_attr=[10, 2], y=0.0, custom_label=0.0, min_label=0, max_label=17, instance_name='p13.txt');0.0;3.51307971868664e-05;6.6731186052493285e-06;4.900197955873354e-22
Data(x=[20, 11], edge_index=[2, 10], edge_attr=[10, 2], y=0.0, custom_label=0.0, min_label=0, max_label=17, instance_name='p13.txt');0.0;7.648742757737637e-05;5.86648866374162e-06;4.900197955873354e-22
Data(x=[24, 11], edge_index=[2, 10], edge_attr=[10, 2], y=17.0, custom_label=1.0, min_label=0, max_label=17, instance_name='p13.txt');1.0;0.40075621008872986;0.2532069683074951;0.03679678961634636
Data(x=[24, 11], edge_index=[2, 10], edge_attr=[10, 2], y=16.0, custom_label=0.9411765, min_label=0, max_label=17, instance_name='p13.txt');0.9411764740943909;0.4371393620967865;0.27880793809890747;0.03679678961634636
Data(x=[24, 11], edge_index=[2, 10], edge_attr=[10, 2], y=15.0, custom_label=0.88235295, min_label=0, max_label=17, instance_name='p13.txt');0.8823529481887817;0.4371393620967865;0.27880793809890747;0.03679678961634636
Data(x=[24, 11], edge_index=[2, 10], edge_attr=[10, 2], y=14.0, custom_label=0.8235294, min_label=0, max_label=17, instance_name='p13.txt');0.8235294222831726;0.471891850233078;0.3058381676673889;0.03679678961634636
Data(x=[24, 11], edge_index=[2, 10], edge_attr=[10, 2], y=13.0, custom_label=0.7647059, min_label=0, max_label=17, instance_name='p13.txt');0.7647058963775635;0.471891850233078;0.3058381676673889;0.03679678961634636
Data(x=[24, 11], edge_index=[2, 10], edge_attr=[10, 2], y=12.0, custom_label=0.7058824, min_label=0, max_label=17, instance_name='p13.txt');0.7058823704719543;0.40313488245010376;0.42296332120895386;0.03679678961634636
Data(x=[24, 11], edge_index=[2, 10], edge_attr=[10, 2], y=11.0, custom_label=0.64705884, min_label=0, max_label=17, instance_name='p13.txt');0.6470588445663452;0.471891850233078;0.3058381676673889;0.03679678961634636
Data(x=[24, 11], edge_index=[2, 10], edge_attr=[10, 2], y=10.0, custom_label=0.5882353, min_label=0, max_label=17, instance_name='p13.txt');0.5882353186607361;0.471891850233078;0.3058381676673889;0.03679678961634636
Data(x=[24, 11], edge_index=[2, 10], edge_attr=[10, 2], y=9.0, custom_label=0.5294118, min_label=0, max_label=17, instance_name='p13.txt');0.529411792755127;0.49209052324295044;0.29742923378944397;0.03679678961634636
Data(x=[24, 11], edge_index=[2, 10], edge_attr=[10, 2], y=8.0, custom_label=0.47058824, min_label=0, max_label=17, instance_name='p13.txt');0.47058823704719543;0.471891850233078;0.3058381676673889;0.03679678961634636
Data(x=[24, 11], edge_index=[2, 10], edge_attr=[10, 2], y=7.0, custom_label=0.4117647, min_label=0, max_label=17, instance_name='p13.txt');0.4117647111415863;0.471891850233078;0.3058381676673889;0.03679678961634636
Data(x=[24, 11], edge_index=[2, 10], edge_attr=[10, 2], y=6.0, custom_label=0.3529412, min_label=0, max_label=17, instance_name='p13.txt');0.3529411852359772;0.17673666775226593;0.09597131609916687;0.03679678961634636
Data(x=[24, 11], edge_index=[2, 10], edge_attr=[10, 2], y=5.0, custom_label=0.29411766, min_label=0, max_label=17, instance_name='p13.txt');0.29411765933036804;0.22309193015098572;0.083644337952137;0.03679678961634636
Data(x=[24, 11], edge_index=[2, 10], edge_attr=[10, 2], y=4.0, custom_label=0.23529412, min_label=0, max_label=17, instance_name='p13.txt');0.23529411852359772;0.17673666775226593;0.09597131609916687;0.03679678961634636
Data(x=[24, 11], edge_index=[2, 10], edge_attr=[10, 2], y=3.0, custom_label=0.1764706, min_label=0, max_label=17, instance_name='p13.txt');0.1764705926179886;0.17673666775226593;0.09597131609916687;0.03679678961634636
Data(x=[24, 11], edge_index=[2, 10], edge_attr=[10, 2], y=2.0, custom_label=0.11764706, min_label=0, max_label=17, instance_name='p13.txt');0.11764705926179886;0.1180720180273056;0.18202999234199524;0.03679678961634636
Data(x=[24, 11], edge_index=[2, 10], edge_attr=[10, 2], y=1.0, custom_label=0.05882353, min_label=0, max_label=17, instance_name='p13.txt');0.05882352963089943;0.22309193015098572;0.083644337952137;0.03679678961634636
Data(x=[24, 11], edge_index=[2, 10], edge_attr=[10, 2], y=0.0, custom_label=0.0, min_label=0, max_label=17, instance_name='p13.txt');0.0;0.000275075261015445;3.997908606834244e-06;0.03679678961634636
Data(x=[34, 11], edge_index=[2, 8], edge_attr=[8, 2], y=83.0, custom_label=1.0, min_label=0, max_label=83, instance_name='p14.txt');1.0;0.8320184350013733;0.7377037405967712;0.03679678961634636
Data(x=[34, 11], edge_index=[2, 8], edge_attr=[8, 2], y=82.0, custom_label=0.9879518, min_label=0, max_label=83, instance_name='p14.txt');0.9879518151283264;0.8320184350013733;0.7377037405967712;0.03679678961634636
Data(x=[34, 11], edge_index=[2, 8], edge_attr=[8, 2], y=81.0, custom_label=0.97590363, min_label=0, max_label=83, instance_name='p14.txt');0.9759036302566528;0.8320184350013733;0.7377037405967712;0.03679678961634636
Data(x=[34, 11], edge_index=[2, 8], edge_attr=[8, 2], y=80.0, custom_label=0.96385545, min_label=0, max_label=83, instance_name='p14.txt');0.9638554453849792;0.8320184350013733;0.7377037405967712;0.03679678961634636
Data(x=[34, 11], edge_index=[2, 8], edge_attr=[8, 2], y=79.0, custom_label=0.9518072, min_label=0, max_label=83, instance_name='p14.txt');0.9518072009086609;0.8320184350013733;0.7377037405967712;0.03679678961634636
Data(x=[34, 11], edge_index=[2, 8], edge_attr=[8, 2], y=78.0, custom_label=0.939759, min_label=0, max_label=83, instance_name='p14.txt');0.9397590160369873;0.8320184350013733;0.7377037405967712;0.03679678961634636
Data(x=[34, 11], edge_index=[2, 8], edge_attr=[8, 2], y=77.0, custom_label=0.92771083, min_label=0, max_label=83, instance_name='p14.txt');0.9277108311653137;0.8320184350013733;0.7377037405967712;0.03679678961634636
Data(x=[34, 11], edge_index=[2, 8], edge_attr=[8, 2], y=76.0, custom_label=0.91566265, min_label=0, max_label=83, instance_name='p14.txt');0.9156626462936401;0.8320184350013733;0.7377037405967712;0.03679678961634636
Data(x=[34, 11], edge_index=[2, 8], edge_attr=[8, 2], y=75.0, custom_label=0.90361446, min_label=0, max_label=83, instance_name='p14.txt');0.9036144614219666;0.8320184350013733;0.7377037405967712;0.03679678961634636
Data(x=[34, 11], edge_index=[2, 8], edge_attr=[8, 2], y=74.0, custom_label=0.8915663, min_label=0, max_label=83, instance_name='p14.txt');0.891566276550293;0.8320184350013733;0.7377037405967712;0.03679678961634636
Data(x=[34, 11], edge_index=[2, 8], edge_attr=[8, 2], y=73.0, custom_label=0.8795181, min_label=0, max_label=83, instance_name='p14.txt');0.8795180916786194;0.8320184350013733;0.7377037405967712;0.03679678961634636
Data(x=[34, 11], edge_index=[2, 8], edge_attr=[8, 2], y=72.0, custom_label=0.8674699, min_label=0, max_label=83, instance_name='p14.txt');0.8674699068069458;0.8320184350013733;0.7377037405967712;0.03679678961634636
Data(x=[34, 11], edge_index=[2, 8], edge_attr=[8, 2], y=71.0, custom_label=0.85542166, min_label=0, max_label=83, instance_name='p14.txt');0.8554216623306274;0.8320184350013733;0.7377037405967712;0.03679678961634636
Data(x=[34, 11], edge_index=[2, 8], edge_attr=[8, 2], y=70.0, custom_label=0.8433735, min_label=0, max_label=83, instance_name='p14.txt');0.8433734774589539;0.8320184350013733;0.7377037405967712;0.03679678961634636
Data(x=[34, 11], edge_index=[2, 8], edge_attr=[8, 2], y=69.0, custom_label=0.8313253, min_label=0, max_label=83, instance_name='p14.txt');0.8313252925872803;0.8320184350013733;0.7377037405967712;0.03679678961634636
Data(x=[34, 11], edge_index=[2, 8], edge_attr=[8, 2], y=68.0, custom_label=0.8192771, min_label=0, max_label=83, instance_name='p14.txt');0.8192771077156067;0.8320184350013733;0.7377037405967712;0.03679678961634636
Data(x=[34, 11], edge_index=[2, 8], edge_attr=[8, 2], y=67.0, custom_label=0.8072289, min_label=0, max_label=83, instance_name='p14.txt');0.8072289228439331;0.8320184350013733;0.7377037405967712;0.03679678961634636
Data(x=[34, 11], edge_index=[2, 8], edge_attr=[8, 2], y=66.0, custom_label=0.79518074, min_label=0, max_label=83, instance_name='p14.txt');0.7951807379722595;0.8320184350013733;0.7377037405967712;0.03679678961634636
Data(x=[34, 11], edge_index=[2, 8], edge_attr=[8, 2], y=65.0, custom_label=0.78313255, min_label=0, max_label=83, instance_name='p14.txt');0.7831325531005859;0.8320184350013733;0.7377037405967712;0.03679678961634636
Data(x=[34, 11], edge_index=[2, 8], edge_attr=[8, 2], y=64.0, custom_label=0.7710843, min_label=0, max_label=83, instance_name='p14.txt');0.7710843086242676;0.8320184350013733;0.7377037405967712;0.03679678961634636
Data(x=[34, 11], edge_index=[2, 8], edge_attr=[8, 2], y=63.0, custom_label=0.7590361, min_label=0, max_label=83, instance_name='p14.txt');0.759036123752594;0.8320184350013733;0.7377037405967712;0.03679678961634636
Data(x=[34, 11], edge_index=[2, 8], edge_attr=[8, 2], y=62.0, custom_label=0.74698794, min_label=0, max_label=83, instance_name='p14.txt');0.7469879388809204;0.8320184350013733;0.7377037405967712;0.03679678961634636
Data(x=[34, 11], edge_index=[2, 8], edge_attr=[8, 2], y=61.0, custom_label=0.73493975, min_label=0, max_label=83, instance_name='p14.txt');0.7349397540092468;0.8320184350013733;0.7377037405967712;0.03679678961634636
Data(x=[34, 11], edge_index=[2, 8], edge_attr=[8, 2], y=60.0, custom_label=0.72289157, min_label=0, max_label=83, instance_name='p14.txt');0.7228915691375732;0.8320184350013733;0.7377037405967712;0.03679678961634636
Data(x=[34, 11], edge_index=[2, 8], edge_attr=[8, 2], y=59.0, custom_label=0.7108434, min_label=0, max_label=83, instance_name='p14.txt');0.7108433842658997;0.8320184350013733;0.7377037405967712;0.03679678961634636
Data(x=[34, 11], edge_index=[2, 8], edge_attr=[8, 2], y=58.0, custom_label=0.6987952, min_label=0, max_label=83, instance_name='p14.txt');0.6987951993942261;0.8320184350013733;0.7377037405967712;0.03679678961634636
Data(x=[34, 11], edge_index=[2, 8], edge_attr=[8, 2], y=57.0, custom_label=0.686747, min_label=0, max_label=83, instance_name='p14.txt');0.6867470145225525;0.8320184350013733;0.7377037405967712;0.03679678961634636
Data(x=[34, 11], edge_index=[2, 8], edge_attr=[8, 2], y=56.0, custom_label=0.67469877, min_label=0, max_label=83, instance_name='p14.txt');0.6746987700462341;0.8320184350013733;0.7377037405967712;0.03679678961634636
Data(x=[34, 11], edge_index=[2, 8], edge_attr=[8, 2], y=55.0, custom_label=0.6626506, min_label=0, max_label=83, instance_name='p14.txt');0.6626505851745605;0.8320184350013733;0.7377037405967712;0.03679678961634636
Data(x=[34, 11], edge_index=[2, 8], edge_attr=[8, 2], y=54.0, custom_label=0.6506024, min_label=0, max_label=83, instance_name='p14.txt');0.650602400302887;0.8320184350013733;0.7377037405967712;0.03679678961634636
Data(x=[34, 11], edge_index=[2, 8], edge_attr=[8, 2], y=53.0, custom_label=0.6385542, min_label=0, max_label=83, instance_name='p14.txt');0.6385542154312134;0.8320184350013733;0.7377037405967712;0.03679678961634636
Data(x=[34, 11], edge_index=[2, 8], edge_attr=[8, 2], y=52.0, custom_label=0.62650603, min_label=0, max_label=83, instance_name='p14.txt');0.6265060305595398;0.8320184350013733;0.7377037405967712;0.03679678961634636
Data(x=[34, 11], edge_index=[2, 8], edge_attr=[8, 2], y=51.0, custom_label=0.61445785, min_label=0, max_label=83, instance_name='p14.txt');0.6144578456878662;0.8320184350013733;0.7377037405967712;0.03679678961634636
Data(x=[34, 11], edge_index=[2, 8], edge_attr=[8, 2], y=50.0, custom_label=0.60240966, min_label=0, max_label=83, instance_name='p14.txt');0.6024096608161926;0.8320184350013733;0.7377037405967712;0.03679678961634636
Data(x=[34, 11], edge_index=[2, 8], edge_attr=[8, 2], y=49.0, custom_label=0.5903614, min_label=0, max_label=83, instance_name='p14.txt');0.5903614163398743;0.8320184350013733;0.7377037405967712;0.03679678961634636
Data(x=[34, 11], edge_index=[2, 8], edge_attr=[8, 2], y=48.0, custom_label=0.57831323, min_label=0, max_label=83, instance_name='p14.txt');0.5783132314682007;0.5065801739692688;0.3411906063556671;0.03679678961634636
Data(x=[34, 11], edge_index=[2, 8], edge_attr=[8, 2], y=47.0, custom_label=0.56626505, min_label=0, max_label=83, instance_name='p14.txt');0.5662650465965271;0.5065801739692688;0.3411906063556671;0.03679678961634636
Data(x=[34, 11], edge_index=[2, 8], edge_attr=[8, 2], y=46.0, custom_label=0.55421686, min_label=0, max_label=83, instance_name='p14.txt');0.5542168617248535;0.5065801739692688;0.3411906063556671;0.03679678961634636
Data(x=[34, 11], edge_index=[2, 8], edge_attr=[8, 2], y=45.0, custom_label=0.5421687, min_label=0, max_label=83, instance_name='p14.txt');0.5421686768531799;0.5065801739692688;0.3411906063556671;0.03679678961634636
Data(x=[34, 11], edge_index=[2, 8], edge_attr=[8, 2], y=44.0, custom_label=0.5301205, min_label=0, max_label=83, instance_name='p14.txt');0.5301204919815063;0.5065801739692688;0.3411906063556671;0.03679678961634636
Data(x=[34, 11], edge_index=[2, 8], edge_attr=[8, 2], y=43.0, custom_label=0.5180723, min_label=0, max_label=83, instance_name='p14.txt');0.5180723071098328;0.5065801739692688;0.3411906063556671;0.03679678961634636
Data(x=[34, 11], edge_index=[2, 8], edge_attr=[8, 2], y=42.0, custom_label=0.5060241, min_label=0, max_label=83, instance_name='p14.txt');0.5060241222381592;0.5065801739692688;0.3411906063556671;0.03679678961634636
Data(x=[34, 11], edge_index=[2, 8], edge_attr=[8, 2], y=41.0, custom_label=0.4939759, min_label=0, max_label=83, instance_name='p14.txt');0.4939759075641632;0.5065801739692688;0.3411906063556671;0.03679678961634636
Data(x=[34, 11], edge_index=[2, 8], edge_attr=[8, 2], y=40.0, custom_label=0.48192772, min_label=0, max_label=83, instance_name='p14.txt');0.4819277226924896;0.5065801739692688;0.3411906063556671;0.03679678961634636
Data(x=[34, 11], edge_index=[2, 8], edge_attr=[8, 2], y=39.0, custom_label=0.4698795, min_label=0, max_label=83, instance_name='p14.txt');0.46987950801849365;0.5065801739692688;0.3411906063556671;0.03679678961634636
Data(x=[34, 11], edge_index=[2, 8], edge_attr=[8, 2], y=38.0, custom_label=0.45783132, min_label=0, max_label=83, instance_name='p14.txt');0.45783132314682007;0.5065801739692688;0.3411906063556671;0.03679678961634636
Data(x=[34, 11], edge_index=[2, 8], edge_attr=[8, 2], y=37.0, custom_label=0.44578314, min_label=0, max_label=83, instance_name='p14.txt');0.4457831382751465;0.5065801739692688;0.3411906063556671;0.03679678961634636
Data(x=[34, 11], edge_index=[2, 8], edge_attr=[8, 2], y=36.0, custom_label=0.43373495, min_label=0, max_label=83, instance_name='p14.txt');0.4337349534034729;0.5065801739692688;0.3411906063556671;0.03679678961634636
Data(x=[34, 11], edge_index=[2, 8], edge_attr=[8, 2], y=35.0, custom_label=0.42168674, min_label=0, max_label=83, instance_name='p14.txt');0.42168673872947693;0.5065801739692688;0.3411906063556671;0.03679678961634636
Data(x=[34, 11], edge_index=[2, 8], edge_attr=[8, 2], y=34.0, custom_label=0.40963855, min_label=0, max_label=83, instance_name='p14.txt');0.40963855385780334;0.5065801739692688;0.3411906063556671;0.03679678961634636
Data(x=[34, 11], edge_index=[2, 8], edge_attr=[8, 2], y=33.0, custom_label=0.39759037, min_label=0, max_label=83, instance_name='p14.txt');0.39759036898612976;0.5065801739692688;0.3411906063556671;0.03679678961634636
Data(x=[34, 11], edge_index=[2, 8], edge_attr=[8, 2], y=32.0, custom_label=0.38554215, min_label=0, max_label=83, instance_name='p14.txt');0.3855421543121338;0.5065801739692688;0.3411906063556671;0.03679678961634636
Data(x=[34, 11], edge_index=[2, 8], edge_attr=[8, 2], y=31.0, custom_label=0.37349397, min_label=0, max_label=83, instance_name='p14.txt');0.3734939694404602;0.5065801739692688;0.3411906063556671;0.03679678961634636
Data(x=[34, 11], edge_index=[2, 8], edge_attr=[8, 2], y=30.0, custom_label=0.36144578, min_label=0, max_label=83, instance_name='p14.txt');0.3614457845687866;0.5065801739692688;0.3411906063556671;0.03679678961634636
Data(x=[34, 11], edge_index=[2, 8], edge_attr=[8, 2], y=29.0, custom_label=0.3493976, min_label=0, max_label=83, instance_name='p14.txt');0.34939759969711304;0.5065801739692688;0.3411906063556671;0.03679678961634636
Data(x=[34, 11], edge_index=[2, 8], edge_attr=[8, 2], y=28.0, custom_label=0.33734939, min_label=0, max_label=83, instance_name='p14.txt');0.33734938502311707;0.26179829239845276;0.16243848204612732;0.03679678961634636
Data(x=[34, 11], edge_index=[2, 8], edge_attr=[8, 2], y=27.0, custom_label=0.3253012, min_label=0, max_label=83, instance_name='p14.txt');0.3253012001514435;0.26179829239845276;0.16243848204612732;0.03679678961634636
Data(x=[34, 11], edge_index=[2, 8], edge_attr=[8, 2], y=26.0, custom_label=0.31325302, min_label=0, max_label=83, instance_name='p14.txt');0.3132530152797699;0.26179829239845276;0.16243848204612732;0.03679678961634636
Data(x=[34, 11], edge_index=[2, 8], edge_attr=[8, 2], y=25.0, custom_label=0.30120483, min_label=0, max_label=83, instance_name='p14.txt');0.3012048304080963;0.26179829239845276;0.16243848204612732;0.03679678961634636
Data(x=[34, 11], edge_index=[2, 8], edge_attr=[8, 2], y=24.0, custom_label=0.28915662, min_label=0, max_label=83, instance_name='p14.txt');0.28915661573410034;0.26179829239845276;0.16243848204612732;0.03679678961634636
Data(x=[34, 11], edge_index=[2, 8], edge_attr=[8, 2], y=23.0, custom_label=0.27710843, min_label=0, max_label=83, instance_name='p14.txt');0.27710843086242676;0.26179829239845276;0.16243848204612732;0.03679678961634636
Data(x=[34, 11], edge_index=[2, 8], edge_attr=[8, 2], y=22.0, custom_label=0.26506025, min_label=0, max_label=83, instance_name='p14.txt');0.2650602459907532;0.26179829239845276;0.16243848204612732;0.03679678961634636
Data(x=[34, 11], edge_index=[2, 8], edge_attr=[8, 2], y=21.0, custom_label=0.25301206, min_label=0, max_label=83, instance_name='p14.txt');0.2530120611190796;0.26179829239845276;0.16243848204612732;0.03679678961634636
Data(x=[34, 11], edge_index=[2, 8], edge_attr=[8, 2], y=20.0, custom_label=0.24096386, min_label=0, max_label=83, instance_name='p14.txt');0.2409638613462448;0.26179829239845276;0.16243848204612732;0.03679678961634636
Data(x=[34, 11], edge_index=[2, 8], edge_attr=[8, 2], y=19.0, custom_label=0.22891566, min_label=0, max_label=83, instance_name='p14.txt');0.22891566157341003;0.26179829239845276;0.16243848204612732;0.03679678961634636
Data(x=[34, 11], edge_index=[2, 8], edge_attr=[8, 2], y=18.0, custom_label=0.21686748, min_label=0, max_label=83, instance_name='p14.txt');0.21686747670173645;0.26179829239845276;0.16243848204612732;0.03679678961634636
Data(x=[34, 11], edge_index=[2, 8], edge_attr=[8, 2], y=17.0, custom_label=0.20481928, min_label=0, max_label=83, instance_name='p14.txt');0.20481927692890167;0.26179829239845276;0.16243848204612732;0.03679678961634636
Data(x=[34, 11], edge_index=[2, 8], edge_attr=[8, 2], y=16.0, custom_label=0.19277108, min_label=0, max_label=83, instance_name='p14.txt');0.1927710771560669;0.26179829239845276;0.16243848204612732;0.03679678961634636
Data(x=[34, 11], edge_index=[2, 8], edge_attr=[8, 2], y=15.0, custom_label=0.18072289, min_label=0, max_label=83, instance_name='p14.txt');0.1807228922843933;0.26179829239845276;0.16243848204612732;0.03679678961634636
Data(x=[34, 11], edge_index=[2, 8], edge_attr=[8, 2], y=14.0, custom_label=0.16867469, min_label=0, max_label=83, instance_name='p14.txt');0.16867469251155853;0.26179829239845276;0.16243848204612732;0.03679678961634636
Data(x=[34, 11], edge_index=[2, 8], edge_attr=[8, 2], y=13.0, custom_label=0.15662651, min_label=0, max_label=83, instance_name='p14.txt');0.15662650763988495;0.26179829239845276;0.16243848204612732;0.03679678961634636
Data(x=[34, 11], edge_index=[2, 8], edge_attr=[8, 2], y=12.0, custom_label=0.14457831, min_label=0, max_label=83, instance_name='p14.txt');0.14457830786705017;0.26179829239845276;0.16243848204612732;0.03679678961634636
Data(x=[34, 11], edge_index=[2, 8], edge_attr=[8, 2], y=11.0, custom_label=0.13253012, min_label=0, max_label=83, instance_name='p14.txt');0.1325301229953766;0.26179829239845276;0.16243848204612732;0.03679678961634636
Data(x=[34, 11], edge_index=[2, 8], edge_attr=[8, 2], y=10.0, custom_label=0.12048193, min_label=0, max_label=83, instance_name='p14.txt');0.1204819306731224;0.26179829239845276;0.16243848204612732;0.03679678961634636
Data(x=[34, 11], edge_index=[2, 8], edge_attr=[8, 2], y=9.0, custom_label=0.10843374, min_label=0, max_label=83, instance_name='p14.txt');0.10843373835086823;0.26179829239845276;0.16243848204612732;0.03679678961634636
Data(x=[34, 11], edge_index=[2, 8], edge_attr=[8, 2], y=8.0, custom_label=0.09638554, min_label=0, max_label=83, instance_name='p14.txt');0.09638553857803345;0.26179829239845276;0.16243848204612732;0.03679678961634636
Data(x=[34, 11], edge_index=[2, 8], edge_attr=[8, 2], y=7.0, custom_label=0.084337346, min_label=0, max_label=83, instance_name='p14.txt');0.08433734625577927;0.26179829239845276;0.16243848204612732;0.03679678961634636
Data(x=[34, 11], edge_index=[2, 8], edge_attr=[8, 2], y=6.0, custom_label=0.072289154, min_label=0, max_label=83, instance_name='p14.txt');0.07228915393352509;0.26179829239845276;0.16243848204612732;0.03679678961634636
Data(x=[34, 11], edge_index=[2, 8], edge_attr=[8, 2], y=5.0, custom_label=0.060240965, min_label=0, max_label=83, instance_name='p14.txt');0.0602409653365612;0.26179829239845276;0.16243848204612732;0.03679678961634636
Data(x=[34, 11], edge_index=[2, 8], edge_attr=[8, 2], y=4.0, custom_label=0.04819277, min_label=0, max_label=83, instance_name='p14.txt');0.048192769289016724;0.26179829239845276;0.16243848204612732;0.03679678961634636
Data(x=[34, 11], edge_index=[2, 8], edge_attr=[8, 2], y=3.0, custom_label=0.036144577, min_label=0, max_label=83, instance_name='p14.txt');0.03614457696676254;0.26179829239845276;0.16243848204612732;0.03679678961634636
Data(x=[34, 11], edge_index=[2, 8], edge_attr=[8, 2], y=2.0, custom_label=0.024096385, min_label=0, max_label=83, instance_name='p14.txt');0.024096384644508362;0.26179829239845276;0.16243848204612732;0.03679678961634636
Data(x=[34, 11], edge_index=[2, 8], edge_attr=[8, 2], y=1.0, custom_label=0.012048192, min_label=0, max_label=83, instance_name='p14.txt');0.012048192322254181;0.26179829239845276;0.16243848204612732;0.03679678961634636
Data(x=[34, 11], edge_index=[2, 8], edge_attr=[8, 2], y=0.0, custom_label=0.0, min_label=0, max_label=83, instance_name='p14.txt');0.0;0.09376143664121628;0.002644103718921542;0.03679678961634636
Data(x=[23, 11], edge_index=[2, 8], edge_attr=[8, 2], y=0.0, custom_label=0.0, min_label=0, max_label=83, instance_name='p14.txt');0.0;0.02190748043358326;0.001386501477099955;4.900197955873354e-22
Data(x=[21, 11], edge_index=[2, 8], edge_attr=[8, 2], y=0.0, custom_label=0.0, min_label=0, max_label=83, instance_name='p14.txt');0.0;0.011411214247345924;0.0010546051198616624;0.0
Data(x=[17, 11], edge_index=[2, 8], edge_attr=[8, 2], y=0.0, custom_label=0.0, min_label=0, max_label=83, instance_name='p14.txt');0.0;0.0018941982416436076;0.0005057767848484218;0.03679678961634636
Data(x=[23, 11], edge_index=[2, 8], edge_attr=[8, 2], y=0.0, custom_label=0.0, min_label=0, max_label=83, instance_name='p14.txt');0.0;0.02287042699754238;0.0010989101137965918;2.9734562185970865e-31
Data(x=[20, 11], edge_index=[2, 8], edge_attr=[8, 2], y=0.0, custom_label=0.0, min_label=0, max_label=83, instance_name='p14.txt');0.0;0.007815703749656677;0.0009009324130602181;2.9734562185970865e-31
Data(x=[23, 11], edge_index=[2, 8], edge_attr=[8, 2], y=0.0, custom_label=0.0, min_label=0, max_label=83, instance_name='p14.txt');0.0;0.00973464734852314;0.00017339114856440574;0.03679678961634636
Data(x=[19, 11], edge_index=[2, 8], edge_attr=[8, 2], y=0.0, custom_label=0.0, min_label=0, max_label=83, instance_name='p14.txt');0.0;0.0017812896985560656;8.104665903374553e-05;0.03679678961634636
Data(x=[16, 11], edge_index=[2, 8], edge_attr=[8, 2], y=0.0, custom_label=0.0, min_label=0, max_label=83, instance_name='p14.txt');0.0;0.005093693733215332;6.612565925934177e-07;0.03679680824279785
Data(x=[21, 11], edge_index=[2, 8], edge_attr=[8, 2], y=0.0, custom_label=0.0, min_label=0, max_label=83, instance_name='p14.txt');0.0;0.004642425570636988;0.0001082359958672896;6.701167094355508e-32
Data(x=[21, 11], edge_index=[2, 8], edge_attr=[8, 2], y=0.0, custom_label=0.0, min_label=0, max_label=83, instance_name='p14.txt');0.0;0.03807517886161804;0.00035943271359428763;0.03679678961634636
Data(x=[23, 11], edge_index=[2, 8], edge_attr=[8, 2], y=0.0, custom_label=0.0, min_label=0, max_label=83, instance_name='p14.txt');0.0;0.02287042699754238;0.0010989101137965918;0.03679678961634636
Data(x=[19, 11], edge_index=[2, 8], edge_attr=[8, 2], y=0.0, custom_label=0.0, min_label=0, max_label=83, instance_name='p14.txt');0.0;0.005716259125620127;0.00043142089270986617;0.03679678961634636
Data(x=[20, 11], edge_index=[2, 8], edge_attr=[8, 2], y=0.0, custom_label=0.0, min_label=0, max_label=83, instance_name='p14.txt');0.0;0.003021940356120467;8.251714461948723e-05;0.03679678961634636
Data(x=[25, 11], edge_index=[2, 8], edge_attr=[8, 2], y=0.0, custom_label=0.0, min_label=0, max_label=83, instance_name='p14.txt');0.0;0.01734229177236557;0.0003190244024153799;2.351087405554225e-29
Data(x=[21, 11], edge_index=[2, 8], edge_attr=[8, 2], y=0.0, custom_label=0.0, min_label=0, max_label=83, instance_name='p14.txt');0.0;0.004642425570636988;0.0001082359958672896;4.900197955873354e-22
Data(x=[20, 11], edge_index=[2, 8], edge_attr=[8, 2], y=0.0, custom_label=0.0, min_label=0, max_label=83, instance_name='p14.txt');0.0;0.007815703749656677;0.000900931132491678;0.03679678961634636
Data(x=[28, 11], edge_index=[2, 10], edge_attr=[10, 2], y=0.0, custom_label=0.0, min_label=0, max_label=8, instance_name='p15.txt');0.0;0.001465131645090878;1.1478965461719781e-05;0.03679678961634636
Data(x=[24, 11], edge_index=[2, 10], edge_attr=[10, 2], y=0.0, custom_label=0.0, min_label=0, max_label=8, instance_name='p15.txt');0.0;0.0002635617565829307;4.998506028641714e-06;6.701167094355508e-32
Data(x=[31, 11], edge_index=[2, 10], edge_attr=[10, 2], y=0.0, custom_label=0.0, min_label=0, max_label=8, instance_name='p15.txt');0.0;0.0036502331495285034;2.863872578018345e-05;0.03679678961634636
Data(x=[33, 11], edge_index=[2, 10], edge_attr=[10, 2], y=1.0, custom_label=0.125, min_label=0, max_label=8, instance_name='p15.txt');0.125;0.18224787712097168;0.11451276391744614;0.03679678961634636
Data(x=[33, 11], edge_index=[2, 10], edge_attr=[10, 2], y=0.0, custom_label=0.0, min_label=0, max_label=8, instance_name='p15.txt');0.0;0.01100444421172142;0.00018376827938482165;0.03679678961634636
Data(x=[29, 11], edge_index=[2, 10], edge_attr=[10, 2], y=0.0, custom_label=0.0, min_label=0, max_label=8, instance_name='p15.txt');0.0;0.002125742845237255;1.2428054105839692e-05;0.03679678961634636
Data(x=[31, 11], edge_index=[2, 10], edge_attr=[10, 2], y=0.0, custom_label=0.0, min_label=0, max_label=8, instance_name='p15.txt');0.0;0.003531836438924074;3.404162998776883e-05;2.9460878889235017e-31
Data(x=[25, 11], edge_index=[2, 10], edge_attr=[10, 2], y=0.0, custom_label=0.0, min_label=0, max_label=8, instance_name='p15.txt');0.0;0.0008963527507148683;4.7604047722416e-05;0.03679678961634636
Data(x=[28, 11], edge_index=[2, 10], edge_attr=[10, 2], y=0.0, custom_label=0.0, min_label=0, max_label=8, instance_name='p15.txt');0.0;0.0014124956214800477;1.3899611985834781e-05;0.03679678961634636
Data(x=[33, 11], edge_index=[2, 10], edge_attr=[10, 2], y=0.0, custom_label=0.0, min_label=0, max_label=8, instance_name='p15.txt');0.0;0.0060454304330050945;5.080463961348869e-05;0.03679678961634636
Data(x=[29, 11], edge_index=[2, 10], edge_attr=[10, 2], y=3.0, custom_label=0.375, min_label=0, max_label=8, instance_name='p15.txt');0.375;0.14670400321483612;0.08371848613023758;0.03679678961634636
Data(x=[29, 11], edge_index=[2, 10], edge_attr=[10, 2], y=2.0, custom_label=0.25, min_label=0, max_label=8, instance_name='p15.txt');0.25;0.12674112617969513;0.16760945320129395;0.03679678961634636
Data(x=[29, 11], edge_index=[2, 10], edge_attr=[10, 2], y=1.0, custom_label=0.125, min_label=0, max_label=8, instance_name='p15.txt');0.125;0.20301459729671478;0.0834682360291481;0.03679678961634636
Data(x=[29, 11], edge_index=[2, 10], edge_attr=[10, 2], y=0.0, custom_label=0.0, min_label=0, max_label=8, instance_name='p15.txt');0.0;0.001980826025828719;1.7983365978579968e-05;0.03679678961634636
Data(x=[34, 11], edge_index=[2, 10], edge_attr=[10, 2], y=2.0, custom_label=0.25, min_label=0, max_label=8, instance_name='p15.txt');0.25;0.11462362110614777;0.13061177730560303;0.03679678961634636
Data(x=[34, 11], edge_index=[2, 10], edge_attr=[10, 2], y=1.0, custom_label=0.125, min_label=0, max_label=8, instance_name='p15.txt');0.125;0.16264775395393372;0.09798239171504974;0.03679678961634636
Data(x=[34, 11], edge_index=[2, 10], edge_attr=[10, 2], y=0.0, custom_label=0.0, min_label=0, max_label=8, instance_name='p15.txt');0.0;0.00818561390042305;4.454310328583233e-05;0.03679678961634636
Data(x=[35, 11], edge_index=[2, 10], edge_attr=[10, 2], y=0.0, custom_label=0.0, min_label=0, max_label=8, instance_name='p15.txt');0.0;0.018007641658186913;0.0001794893032638356;0.03679678961634636
Data(x=[34, 11], edge_index=[2, 10], edge_attr=[10, 2], y=0.0, custom_label=0.0, min_label=0, max_label=8, instance_name='p15.txt');0.0;0.030634978786110878;9.421845606993884e-05;0.03679678961634636
Data(x=[25, 11], edge_index=[2, 10], edge_attr=[10, 2], y=0.0, custom_label=0.0, min_label=0, max_label=8, instance_name='p15.txt');0.0;0.00041751074604690075;7.023094440228306e-06;7.030002885296269e-16
Data(x=[32, 11], edge_index=[2, 10], edge_attr=[10, 2], y=5.0, custom_label=0.625, min_label=0, max_label=8, instance_name='p15.txt');0.625;0.1860489696264267;0.10868225991725922;0.03679678961634636
Data(x=[32, 11], edge_index=[2, 10], edge_attr=[10, 2], y=4.0, custom_label=0.5, min_label=0, max_label=8, instance_name='p15.txt');0.5;0.1860489696264267;0.10868225991725922;0.03679678961634636
Data(x=[32, 11], edge_index=[2, 10], edge_attr=[10, 2], y=3.0, custom_label=0.375, min_label=0, max_label=8, instance_name='p15.txt');0.375;0.1860489696264267;0.10868225991725922;0.03679678961634636
Data(x=[32, 11], edge_index=[2, 10], edge_attr=[10, 2], y=2.0, custom_label=0.25, min_label=0, max_label=8, instance_name='p15.txt');0.25;0.1860489696264267;0.10868225991725922;0.03679678961634636
Data(x=[32, 11], edge_index=[2, 10], edge_attr=[10, 2], y=1.0, custom_label=0.125, min_label=0, max_label=8, instance_name='p15.txt');0.125;0.1860489696264267;0.10868225991725922;0.03679678961634636
Data(x=[32, 11], edge_index=[2, 10], edge_attr=[10, 2], y=0.0, custom_label=0.0, min_label=0, max_label=8, instance_name='p15.txt');0.0;0.009226571768522263;0.00011289067333564162;0.03679678961634636
Data(x=[27, 11], edge_index=[2, 10], edge_attr=[10, 2], y=0.0, custom_label=0.0, min_label=0, max_label=8, instance_name='p15.txt');0.0;0.0020675300620496273;5.0854756409535185e-05;0.03679678961634636
Data(x=[28, 11], edge_index=[2, 10], edge_attr=[10, 2], y=0.0, custom_label=0.0, min_label=0, max_label=8, instance_name='p15.txt');0.0;0.0030019115656614304;5.2376737585291266e-05;0.03679678961634636
Data(x=[33, 11], edge_index=[2, 10], edge_attr=[10, 2], y=0.0, custom_label=0.0, min_label=0, max_label=8, instance_name='p15.txt');0.0;0.04220739006996155;2.4372837287955917e-05;0.03679678961634636
Data(x=[29, 11], edge_index=[2, 10], edge_attr=[10, 2], y=0.0, custom_label=0.0, min_label=0, max_label=8, instance_name='p15.txt');0.0;0.009122899733483791;2.7911107736144913e-06;6.701167094355508e-32
Data(x=[34, 11], edge_index=[2, 10], edge_attr=[10, 2], y=0.0, custom_label=0.0, min_label=0, max_label=8, instance_name='p15.txt');0.0;0.00818561390042305;4.454310328583233e-05;0.03679678961634636
Data(x=[34, 11], edge_index=[2, 10], edge_attr=[10, 2], y=0.0, custom_label=0.0, min_label=0, max_label=8, instance_name='p15.txt');0.0;0.007712863385677338;6.110608228482306e-05;0.03679678961634636
Data(x=[27, 11], edge_index=[2, 10], edge_attr=[10, 2], y=0.0, custom_label=0.0, min_label=0, max_label=8, instance_name='p15.txt');0.0;0.0009455510298721492;1.2853618500230368e-05;4.900197955873354e-22
Data(x=[27, 11], edge_index=[2, 10], edge_attr=[10, 2], y=0.0, custom_label=0.0, min_label=0, max_label=8, instance_name='p15.txt');0.0;0.011516750790178776;5.063081971456995e-06;0.03679678961634636
Data(x=[27, 11], edge_index=[2, 10], edge_attr=[10, 2], y=0.0, custom_label=0.0, min_label=0, max_label=8, instance_name='p15.txt');0.0;0.0020675300620496273;5.0854756409535185e-05;0.03679678961634636
Data(x=[26, 11], edge_index=[2, 10], edge_attr=[10, 2], y=0.0, custom_label=0.0, min_label=0, max_label=8, instance_name='p15.txt');0.0;0.004136066883802414;5.190605065763521e-07;0.03679678961634636
Data(x=[26, 11], edge_index=[2, 10], edge_attr=[10, 2], y=0.0, custom_label=0.0, min_label=0, max_label=8, instance_name='p15.txt');0.0;0.0006906803464516997;6.364311957440805e-06;5.218116193696491e-25
Data(x=[27, 11], edge_index=[2, 10], edge_attr=[10, 2], y=0.0, custom_label=0.0, min_label=0, max_label=8, instance_name='p15.txt');0.0;0.0021474293898791075;4.170418105786666e-05;0.03679678961634636
Data(x=[37, 11], edge_index=[2, 10], edge_attr=[10, 2], y=5.0, custom_label=0.625, min_label=0, max_label=8, instance_name='p15.txt');0.625;0.16089482605457306;0.10575699806213379;0.03679678961634636
Data(x=[37, 11], edge_index=[2, 10], edge_attr=[10, 2], y=4.0, custom_label=0.5, min_label=0, max_label=8, instance_name='p15.txt');0.5;0.16089482605457306;0.10575699806213379;0.03679678961634636
Data(x=[37, 11], edge_index=[2, 10], edge_attr=[10, 2], y=3.0, custom_label=0.375, min_label=0, max_label=8, instance_name='p15.txt');0.375;0.16089482605457306;0.10575699806213379;0.03679678961634636
Data(x=[37, 11], edge_index=[2, 10], edge_attr=[10, 2], y=2.0, custom_label=0.25, min_label=0, max_label=8, instance_name='p15.txt');0.25;0.20441468060016632;0.08932977169752121;0.03679678961634636
Data(x=[37, 11], edge_index=[2, 10], edge_attr=[10, 2], y=1.0, custom_label=0.125, min_label=0, max_label=8, instance_name='p15.txt');0.125;0.20441468060016632;0.08932977169752121;0.03679678961634636
Data(x=[37, 11], edge_index=[2, 10], edge_attr=[10, 2], y=0.0, custom_label=0.0, min_label=0, max_label=8, instance_name='p15.txt');0.0;0.014905965887010098;0.00010043031943496317;0.03679678961634636
Data(x=[30, 11], edge_index=[2, 10], edge_attr=[10, 2], y=0.0, custom_label=0.0, min_label=0, max_label=8, instance_name='p15.txt');0.0;0.002907638903707266;1.600155701453332e-05;0.03679678961634636
Data(x=[35, 11], edge_index=[2, 10], edge_attr=[10, 2], y=0.0, custom_label=0.0, min_label=0, max_label=8, instance_name='p15.txt');0.0;0.017009155824780464;0.0002439377421978861;0.03679678961634636
Data(x=[29, 11], edge_index=[2, 10], edge_attr=[10, 2], y=0.0, custom_label=0.0, min_label=0, max_label=8, instance_name='p15.txt');0.0;0.003957405220717192;7.785870548104867e-05;0.03679678961634636
Data(x=[29, 11], edge_index=[2, 10], edge_attr=[10, 2], y=0.0, custom_label=0.0, min_label=0, max_label=8, instance_name='p15.txt');0.0;0.0019121088553220034;2.163239878427703e-05;0.03679678961634636
Data(x=[23, 11], edge_index=[2, 10], edge_attr=[10, 2], y=0.0, custom_label=0.0, min_label=0, max_label=8, instance_name='p15.txt');0.0;0.00015982412151060998;3.4538504678494064e-06;6.701167094355508e-32
Data(x=[28, 11], edge_index=[2, 10], edge_attr=[10, 2], y=0.0, custom_label=0.0, min_label=0, max_label=8, instance_name='p15.txt');0.0;0.002790390746667981;7.676889799768105e-05;0.03679678961634636
Data(x=[26, 11], edge_index=[2, 10], edge_attr=[10, 2], y=0.0, custom_label=0.0, min_label=0, max_label=8, instance_name='p15.txt');0.0;0.0006906799972057343;6.364306500472594e-06;1.161746383218574e-24
Data(x=[27, 11], edge_index=[2, 10], edge_attr=[10, 2], y=1.0, custom_label=0.125, min_label=0, max_label=8, instance_name='p15.txt');0.125;0.17239895462989807;0.09409639984369278;0.03679678961634636
Data(x=[27, 11], edge_index=[2, 10], edge_attr=[10, 2], y=0.0, custom_label=0.0, min_label=0, max_label=8, instance_name='p15.txt');0.0;0.001020132447592914;8.64189314597752e-06;0.03679678961634636
Data(x=[36, 11], edge_index=[2, 10], edge_attr=[10, 2], y=0.0, custom_label=0.0, min_label=0, max_label=8, instance_name='p15.txt');0.0;0.020170588046312332;0.0003227274282835424;0.03679678961634636
Data(x=[33, 11], edge_index=[2, 10], edge_attr=[10, 2], y=0.0, custom_label=0.0, min_label=0, max_label=8, instance_name='p15.txt');0.0;0.0060454304330050945;5.080463961348869e-05;0.03679678961634636
Data(x=[32, 11], edge_index=[2, 10], edge_attr=[10, 2], y=0.0, custom_label=0.0, min_label=0, max_label=8, instance_name='p15.txt');0.0;0.005130463745445013;2.5298777472926304e-05;0.03679678961634636
Data(x=[29, 11], edge_index=[2, 10], edge_attr=[10, 2], y=0.0, custom_label=0.0, min_label=0, max_label=8, instance_name='p15.txt');0.0;0.003957405220717192;7.785870548104867e-05;0.03679678961634636
Data(x=[27, 11], edge_index=[2, 10], edge_attr=[10, 2], y=0.0, custom_label=0.0, min_label=0, max_label=8, instance_name='p15.txt');0.0;0.0009455510298721492;1.2853618500230368e-05;0.03679678961634636
Data(x=[29, 11], edge_index=[2, 10], edge_attr=[10, 2], y=2.0, custom_label=0.25, min_label=0, max_label=8, instance_name='p15.txt');0.25;0.10344424843788147;0.13344219326972961;0.0
Data(x=[29, 11], edge_index=[2, 10], edge_attr=[10, 2], y=1.0, custom_label=0.125, min_label=0, max_label=8, instance_name='p15.txt');0.125;0.16905690729618073;0.09530912339687347;0.0
Data(x=[29, 11], edge_index=[2, 10], edge_attr=[10, 2], y=0.0, custom_label=0.0, min_label=0, max_label=8, instance_name='p15.txt');0.0;0.0020520086400210857;1.4949852811696474e-05;0.0
Data(x=[31, 11], edge_index=[2, 10], edge_attr=[10, 2], y=3.0, custom_label=0.375, min_label=0, max_label=8, instance_name='p15.txt');0.375;0.14710573852062225;0.0753823071718216;0.03679678961634636
Data(x=[31, 11], edge_index=[2, 10], edge_attr=[10, 2], y=2.0, custom_label=0.25, min_label=0, max_label=8, instance_name='p15.txt');0.25;0.1670842170715332;0.09366245567798615;0.03679678961634636
Data(x=[31, 11], edge_index=[2, 10], edge_attr=[10, 2], y=1.0, custom_label=0.125, min_label=0, max_label=8, instance_name='p15.txt');0.125;0.1670842170715332;0.09366245567798615;0.03679678961634636
Data(x=[31, 11], edge_index=[2, 10], edge_attr=[10, 2], y=0.0, custom_label=0.0, min_label=0, max_label=8, instance_name='p15.txt');0.0;0.0038990206085145473;2.026935362664517e-05;0.03679678961634636
Data(x=[26, 11], edge_index=[2, 10], edge_attr=[10, 2], y=0.0, custom_label=0.0, min_label=0, max_label=8, instance_name='p15.txt');0.0;0.0006639757193624973;7.82168899604585e-06;0.0
Data(x=[29, 11], edge_index=[2, 10], edge_attr=[10, 2], y=0.0, custom_label=0.0, min_label=0, max_label=8, instance_name='p15.txt');0.0;0.019317949190735817;0.0001619433896848932;0.03679678961634636
Data(x=[24, 11], edge_index=[2, 10], edge_attr=[10, 2], y=0.0, custom_label=0.0, min_label=0, max_label=8, instance_name='p15.txt');0.0;0.0006369899492710829;2.3482196411350742e-05;0.03679678961634636
Data(x=[35, 11], edge_index=[2, 10], edge_attr=[10, 2], y=0.0, custom_label=0.0, min_label=0, max_label=8, instance_name='p15.txt');0.0;0.01057643536478281;4.587878720485605e-05;0.03679678961634636
Data(x=[28, 11], edge_index=[2, 10], edge_attr=[10, 2], y=1.0, custom_label=0.125, min_label=0, max_label=8, instance_name='p15.txt');0.125;0.20598754286766052;0.11093197017908096;0.03679678961634636
Data(x=[28, 11], edge_index=[2, 10], edge_attr=[10, 2], y=0.0, custom_label=0.0, min_label=0, max_label=8, instance_name='p15.txt');0.0;0.014524116180837154;0.00016390826203860343;0.03679678961634636
Data(x=[28, 11], edge_index=[2, 10], edge_attr=[10, 2], y=0.0, custom_label=0.0, min_label=0, max_label=8, instance_name='p15.txt');0.0;0.001361747388727963;1.683070877334103e-05;0.0
Data(x=[33, 11], edge_index=[2, 10], edge_attr=[10, 2], y=0.0, custom_label=0.0, min_label=0, max_label=8, instance_name='p15.txt');0.0;0.011345774866640568;0.00015625565720256418;0.03679678961634636
Data(x=[38, 11], edge_index=[2, 10], edge_attr=[10, 2], y=0.0, custom_label=0.0, min_label=0, max_label=8, instance_name='p15.txt');0.0;0.03030148148536682;0.00030777830397710204;0.03679678961634636
Data(x=[29, 11], edge_index=[2, 10], edge_attr=[10, 2], y=4.0, custom_label=0.5, min_label=0, max_label=8, instance_name='p15.txt');0.5;0.14670400321483612;0.08371848613023758;0.03679678961634636
Data(x=[29, 11], edge_index=[2, 10], edge_attr=[10, 2], y=3.0, custom_label=0.375, min_label=0, max_label=8, instance_name='p15.txt');0.375;0.168090358376503;0.09836661070585251;0.03679678961634636
Data(x=[29, 11], edge_index=[2, 10], edge_attr=[10, 2], y=2.0, custom_label=0.25, min_label=0, max_label=8, instance_name='p15.txt');0.25;0.168090358376503;0.09836661070585251;0.03679678961634636
Data(x=[29, 11], edge_index=[2, 10], edge_attr=[10, 2], y=1.0, custom_label=0.125, min_label=0, max_label=8, instance_name='p15.txt');0.125;0.16809038817882538;0.09836661070585251;0.03679678961634636
Data(x=[29, 11], edge_index=[2, 10], edge_attr=[10, 2], y=0.0, custom_label=0.0, min_label=0, max_label=8, instance_name='p15.txt');0.0;0.001980826025828719;1.7983365978579968e-05;0.03679678961634636
Data(x=[34, 11], edge_index=[2, 10], edge_attr=[10, 2], y=0.0, custom_label=0.0, min_label=0, max_label=8, instance_name='p15.txt');0.0;0.014615869149565697;0.00015487437485717237;0.03679678961634636
Data(x=[37, 11], edge_index=[2, 10], edge_attr=[10, 2], y=0.0, custom_label=0.0, min_label=0, max_label=8, instance_name='p15.txt');0.0;0.015751343220472336;7.498481863876805e-05;0.03679678961634636
Data(x=[27, 11], edge_index=[2, 10], edge_attr=[10, 2], y=0.0, custom_label=0.0, min_label=0, max_label=8, instance_name='p15.txt');0.0;0.000982134835794568;1.0540030416450463e-05;0.03679678961634636
Data(x=[28, 11], edge_index=[2, 10], edge_attr=[10, 2], y=0.0, custom_label=0.0, min_label=0, max_label=8, instance_name='p15.txt');0.0;0.001361748087219894;1.683070877334103e-05;0.03679678961634636
Data(x=[33, 11], edge_index=[2, 10], edge_attr=[10, 2], y=0.0, custom_label=0.0, min_label=0, max_label=8, instance_name='p15.txt');0.0;0.0062339091673493385;4.316884951549582e-05;2.9460878889235017e-31
Data(x=[25, 11], edge_index=[2, 10], edge_attr=[10, 2], y=3.0, custom_label=0.375, min_label=0, max_label=8, instance_name='p15.txt');0.375;0.17505142092704773;0.09646119177341461;0.03679678961634636
Data(x=[25, 11], edge_index=[2, 10], edge_attr=[10, 2], y=2.0, custom_label=0.25, min_label=0, max_label=8, instance_name='p15.txt');0.25;0.2039039134979248;0.11036848276853561;0.03679678961634636
Data(x=[25, 11], edge_index=[2, 10], edge_attr=[10, 2], y=1.0, custom_label=0.125, min_label=0, max_label=8, instance_name='p15.txt');0.125;0.2039039134979248;0.11036848276853561;0.03679678961634636
Data(x=[25, 11], edge_index=[2, 10], edge_attr=[10, 2], y=0.0, custom_label=0.0, min_label=0, max_label=8, instance_name='p15.txt');0.0;0.000972996698692441;3.1013652915135026e-05;0.03679678961634636
Data(x=[33, 11], edge_index=[2, 10], edge_attr=[10, 2], y=0.0, custom_label=0.0, min_label=0, max_label=8, instance_name='p15.txt');0.0;0.011004448868334293;0.00018376827938482165;0.03679678961634636
Data(x=[36, 11], edge_index=[2, 10], edge_attr=[10, 2], y=0.0, custom_label=0.0, min_label=0, max_label=8, instance_name='p15.txt');0.0;0.012752234004437923;6.35926189715974e-05;6.701167094355508e-32
Data(x=[27, 11], edge_index=[2, 10], edge_attr=[10, 2], y=0.0, custom_label=0.0, min_label=0, max_label=8, instance_name='p15.txt');0.0;0.005554943345487118;2.1992886104271747e-05;0.03679678961634636
Data(x=[35, 11], edge_index=[2, 10], edge_attr=[10, 2], y=3.0, custom_label=0.375, min_label=0, max_label=8, instance_name='p15.txt');0.375;0.14499831199645996;0.08484730124473572;0.03679678961634636
Data(x=[35, 11], edge_index=[2, 10], edge_attr=[10, 2], y=2.0, custom_label=0.25, min_label=0, max_label=8, instance_name='p15.txt');0.25;0.1609223484992981;0.1014772579073906;0.03679678961634636
Data(x=[35, 11], edge_index=[2, 10], edge_attr=[10, 2], y=1.0, custom_label=0.125, min_label=0, max_label=8, instance_name='p15.txt');0.125;0.1609223484992981;0.1014772579073906;0.03679678961634636
Data(x=[35, 11], edge_index=[2, 10], edge_attr=[10, 2], y=0.0, custom_label=0.0, min_label=0, max_label=8, instance_name='p15.txt');0.0;0.009983913972973824;6.237245543161407e-05;0.03679678961634636
Data(x=[27, 11], edge_index=[2, 10], edge_attr=[10, 2], y=0.0, custom_label=0.0, min_label=0, max_label=8, instance_name='p15.txt');0.0;0.0009455510298721492;1.2853618500230368e-05;7.030002885296269e-16
Data(x=[36, 11], edge_index=[2, 10], edge_attr=[10, 2], y=0.0, custom_label=0.0, min_label=0, max_label=8, instance_name='p15.txt');0.0;0.012400329113006592;7.383180491160601e-05;0.03679678961634636
Data(x=[32, 11], edge_index=[2, 10], edge_attr=[10, 2], y=0.0, custom_label=0.0, min_label=0, max_label=8, instance_name='p15.txt');0.0;0.004815308842808008;3.53607683791779e-05;0.03679678961634636
Data(x=[26, 11], edge_index=[2, 10], edge_attr=[10, 2], y=0.0, custom_label=0.0, min_label=0, max_label=8, instance_name='p15.txt');0.0;0.0014388648560270667;4.009342592325993e-05;0.03679678961634636
Data(x=[32, 11], edge_index=[2, 10], edge_attr=[10, 2], y=8.0, custom_label=1.0, min_label=0, max_label=8, instance_name='p15.txt');1.0;0.3287080228328705;0.22578255832195282;0.03679678961634636
Data(x=[32, 11], edge_index=[2, 10], edge_attr=[10, 2], y=7.0, custom_label=0.875, min_label=0, max_label=8, instance_name='p15.txt');0.875;0.3287080228328705;0.22578255832195282;0.03679678961634636
Data(x=[32, 11], edge_index=[2, 10], edge_attr=[10, 2], y=6.0, custom_label=0.75, min_label=0, max_label=8, instance_name='p15.txt');0.75;0.3287080228328705;0.22578255832195282;0.03679678961634636
Data(x=[32, 11], edge_index=[2, 10], edge_attr=[10, 2], y=5.0, custom_label=0.625, min_label=0, max_label=8, instance_name='p15.txt');0.625;0.3287080228328705;0.22578255832195282;0.03679678961634636
Data(x=[32, 11], edge_index=[2, 10], edge_attr=[10, 2], y=4.0, custom_label=0.5, min_label=0, max_label=8, instance_name='p15.txt');0.5;0.28792089223861694;0.32119831442832947;0.03679678961634636
Data(x=[32, 11], edge_index=[2, 10], edge_attr=[10, 2], y=3.0, custom_label=0.375, min_label=0, max_label=8, instance_name='p15.txt');0.375;0.28792086243629456;0.32119831442832947;0.03679678961634636
Data(x=[32, 11], edge_index=[2, 10], edge_attr=[10, 2], y=2.0, custom_label=0.25, min_label=0, max_label=8, instance_name='p15.txt');0.25;0.3287080228328705;0.22578255832195282;0.03679678961634636
Data(x=[32, 11], edge_index=[2, 10], edge_attr=[10, 2], y=1.0, custom_label=0.125, min_label=0, max_label=8, instance_name='p15.txt');0.125;0.19449397921562195;0.08354699611663818;0.03679678961634636
Data(x=[32, 11], edge_index=[2, 10], edge_attr=[10, 2], y=0.0, custom_label=0.0, min_label=0, max_label=8, instance_name='p15.txt');0.0;0.03609418496489525;1.9465998775558546e-05;0.03679678961634636
Data(x=[46, 11], edge_index=[2, 8], edge_attr=[8, 2], y=146.0, custom_label=1.0, min_label=0, max_label=146, instance_name='p16.txt');1.0;0.7830936908721924;0.7043758630752563;0.03679678961634636
Data(x=[46, 11], edge_index=[2, 8], edge_attr=[8, 2], y=145.0, custom_label=0.9931507, min_label=0, max_label=146, instance_name='p16.txt');0.9931507110595703;0.7830936908721924;0.7043758630752563;0.03679678961634636
Data(x=[46, 11], edge_index=[2, 8], edge_attr=[8, 2], y=144.0, custom_label=0.98630136, min_label=0, max_label=146, instance_name='p16.txt');0.9863013625144958;0.7830936908721924;0.7043758630752563;0.03679678961634636
Data(x=[46, 11], edge_index=[2, 8], edge_attr=[8, 2], y=143.0, custom_label=0.9794521, min_label=0, max_label=146, instance_name='p16.txt');0.9794520735740662;0.7830936908721924;0.7043758630752563;0.03679678961634636
Data(x=[46, 11], edge_index=[2, 8], edge_attr=[8, 2], y=142.0, custom_label=0.9726027, min_label=0, max_label=146, instance_name='p16.txt');0.9726027250289917;0.7830936908721924;0.7043758630752563;0.03679678961634636
Data(x=[46, 11], edge_index=[2, 8], edge_attr=[8, 2], y=141.0, custom_label=0.96575344, min_label=0, max_label=146, instance_name='p16.txt');0.965753436088562;0.7830936908721924;0.7043758630752563;0.03679678961634636
Data(x=[46, 11], edge_index=[2, 8], edge_attr=[8, 2], y=140.0, custom_label=0.9589041, min_label=0, max_label=146, instance_name='p16.txt');0.9589040875434875;0.7830936908721924;0.7043758630752563;0.03679678961634636
Data(x=[46, 11], edge_index=[2, 8], edge_attr=[8, 2], y=139.0, custom_label=0.9520548, min_label=0, max_label=146, instance_name='p16.txt');0.9520547986030579;0.7830936908721924;0.7043758630752563;0.03679678961634636
Data(x=[46, 11], edge_index=[2, 8], edge_attr=[8, 2], y=138.0, custom_label=0.94520545, min_label=0, max_label=146, instance_name='p16.txt');0.9452054500579834;0.7830936908721924;0.7043758630752563;0.03679678961634636
Data(x=[46, 11], edge_index=[2, 8], edge_attr=[8, 2], y=137.0, custom_label=0.93835616, min_label=0, max_label=146, instance_name='p16.txt');0.9383561611175537;0.7830936908721924;0.7043758630752563;0.03679678961634636
Data(x=[46, 11], edge_index=[2, 8], edge_attr=[8, 2], y=136.0, custom_label=0.9315069, min_label=0, max_label=146, instance_name='p16.txt');0.931506872177124;0.7830936908721924;0.7043758630752563;0.03679678961634636
Data(x=[46, 11], edge_index=[2, 8], edge_attr=[8, 2], y=135.0, custom_label=0.9246575, min_label=0, max_label=146, instance_name='p16.txt');0.9246575236320496;0.7830936908721924;0.7043758630752563;0.03679678961634636
Data(x=[46, 11], edge_index=[2, 8], edge_attr=[8, 2], y=134.0, custom_label=0.91780823, min_label=0, max_label=146, instance_name='p16.txt');0.9178082346916199;0.7830936908721924;0.7043758630752563;0.03679678961634636
Data(x=[46, 11], edge_index=[2, 8], edge_attr=[8, 2], y=133.0, custom_label=0.9109589, min_label=0, max_label=146, instance_name='p16.txt');0.9109588861465454;0.7830936908721924;0.7043758630752563;0.03679678961634636
Data(x=[46, 11], edge_index=[2, 8], edge_attr=[8, 2], y=132.0, custom_label=0.9041096, min_label=0, max_label=146, instance_name='p16.txt');0.9041095972061157;0.7830936908721924;0.7043758630752563;0.03679678961634636
Data(x=[46, 11], edge_index=[2, 8], edge_attr=[8, 2], y=131.0, custom_label=0.89726025, min_label=0, max_label=146, instance_name='p16.txt');0.8972602486610413;0.7830936908721924;0.7043758630752563;0.03679678961634636
Data(x=[46, 11], edge_index=[2, 8], edge_attr=[8, 2], y=130.0, custom_label=0.89041096, min_label=0, max_label=146, instance_name='p16.txt');0.8904109597206116;0.7830936908721924;0.7043758630752563;0.03679678961634636
Data(x=[46, 11], edge_index=[2, 8], edge_attr=[8, 2], y=129.0, custom_label=0.8835617, min_label=0, max_label=146, instance_name='p16.txt');0.8835616707801819;0.7830936908721924;0.7043758630752563;0.03679678961634636
Data(x=[46, 11], edge_index=[2, 8], edge_attr=[8, 2], y=128.0, custom_label=0.8767123, min_label=0, max_label=146, instance_name='p16.txt');0.8767123222351074;0.7830936908721924;0.7043758630752563;0.03679678961634636
Data(x=[46, 11], edge_index=[2, 8], edge_attr=[8, 2], y=127.0, custom_label=0.86986303, min_label=0, max_label=146, instance_name='p16.txt');0.8698630332946777;0.7830936908721924;0.7043758630752563;0.03679678961634636
Data(x=[46, 11], edge_index=[2, 8], edge_attr=[8, 2], y=126.0, custom_label=0.8630137, min_label=0, max_label=146, instance_name='p16.txt');0.8630136847496033;0.7830936908721924;0.7043758630752563;0.03679678961634636
Data(x=[46, 11], edge_index=[2, 8], edge_attr=[8, 2], y=125.0, custom_label=0.8561644, min_label=0, max_label=146, instance_name='p16.txt');0.8561643958091736;0.7830936908721924;0.7043758630752563;0.03679678961634636
Data(x=[46, 11], edge_index=[2, 8], edge_attr=[8, 2], y=124.0, custom_label=0.84931505, min_label=0, max_label=146, instance_name='p16.txt');0.8493150472640991;0.48676085472106934;0.3070055842399597;0.03679678961634636
Data(x=[46, 11], edge_index=[2, 8], edge_attr=[8, 2], y=123.0, custom_label=0.84246576, min_label=0, max_label=146, instance_name='p16.txt');0.8424657583236694;0.7830936908721924;0.7043758630752563;0.03679678961634636
Data(x=[46, 11], edge_index=[2, 8], edge_attr=[8, 2], y=122.0, custom_label=0.8356164, min_label=0, max_label=146, instance_name='p16.txt');0.835616409778595;0.7830936908721924;0.7043758630752563;0.03679678961634636
Data(x=[46, 11], edge_index=[2, 8], edge_attr=[8, 2], y=121.0, custom_label=0.8287671, min_label=0, max_label=146, instance_name='p16.txt');0.8287671208381653;0.7830936908721924;0.7043758630752563;0.03679678961634636
Data(x=[46, 11], edge_index=[2, 8], edge_attr=[8, 2], y=120.0, custom_label=0.82191783, min_label=0, max_label=146, instance_name='p16.txt');0.8219178318977356;0.7830936908721924;0.7043758630752563;0.03679678961634636
Data(x=[46, 11], edge_index=[2, 8], edge_attr=[8, 2], y=119.0, custom_label=0.8150685, min_label=0, max_label=146, instance_name='p16.txt');0.8150684833526611;0.7830936908721924;0.7043758630752563;0.03679678961634636
Data(x=[46, 11], edge_index=[2, 8], edge_attr=[8, 2], y=118.0, custom_label=0.8082192, min_label=0, max_label=146, instance_name='p16.txt');0.8082191944122314;0.7830936908721924;0.7043758630752563;0.03679678961634636
Data(x=[46, 11], edge_index=[2, 8], edge_attr=[8, 2], y=117.0, custom_label=0.80136985, min_label=0, max_label=146, instance_name='p16.txt');0.801369845867157;0.7830936908721924;0.7043758630752563;0.03679678961634636
Data(x=[46, 11], edge_index=[2, 8], edge_attr=[8, 2], y=116.0, custom_label=0.79452056, min_label=0, max_label=146, instance_name='p16.txt');0.7945205569267273;0.7830936908721924;0.7043758630752563;0.03679678961634636
Data(x=[46, 11], edge_index=[2, 8], edge_attr=[8, 2], y=115.0, custom_label=0.7876712, min_label=0, max_label=146, instance_name='p16.txt');0.7876712083816528;0.7830936908721924;0.7043758630752563;0.03679678961634636
Data(x=[46, 11], edge_index=[2, 8], edge_attr=[8, 2], y=114.0, custom_label=0.7808219, min_label=0, max_label=146, instance_name='p16.txt');0.7808219194412231;0.7830936908721924;0.7043758630752563;0.03679678961634636
Data(x=[46, 11], edge_index=[2, 8], edge_attr=[8, 2], y=113.0, custom_label=0.77397263, min_label=0, max_label=146, instance_name='p16.txt');0.7739726305007935;0.7830936908721924;0.7043758630752563;0.03679678961634636
Data(x=[46, 11], edge_index=[2, 8], edge_attr=[8, 2], y=112.0, custom_label=0.7671233, min_label=0, max_label=146, instance_name='p16.txt');0.767123281955719;0.7830936908721924;0.7043758630752563;0.03679678961634636
Data(x=[46, 11], edge_index=[2, 8], edge_attr=[8, 2], y=111.0, custom_label=0.760274, min_label=0, max_label=146, instance_name='p16.txt');0.7602739930152893;0.7830936908721924;0.7043758630752563;0.03679678961634636
Data(x=[46, 11], edge_index=[2, 8], edge_attr=[8, 2], y=110.0, custom_label=0.75342464, min_label=0, max_label=146, instance_name='p16.txt');0.7534246444702148;0.7830936908721924;0.7043758630752563;0.03679678961634636
Data(x=[46, 11], edge_index=[2, 8], edge_attr=[8, 2], y=109.0, custom_label=0.74657536, min_label=0, max_label=146, instance_name='p16.txt');0.7465753555297852;0.7830936908721924;0.7043758630752563;0.03679678961634636
Data(x=[46, 11], edge_index=[2, 8], edge_attr=[8, 2], y=108.0, custom_label=0.739726, min_label=0, max_label=146, instance_name='p16.txt');0.7397260069847107;0.7830936908721924;0.7043758630752563;0.03679678961634636
Data(x=[46, 11], edge_index=[2, 8], edge_attr=[8, 2], y=107.0, custom_label=0.7328767, min_label=0, max_label=146, instance_name='p16.txt');0.732876718044281;0.7830936908721924;0.7043758630752563;0.03679678961634636
Data(x=[46, 11], edge_index=[2, 8], edge_attr=[8, 2], y=106.0, custom_label=0.72602737, min_label=0, max_label=146, instance_name='p16.txt');0.7260273694992065;0.7830936908721924;0.7043758630752563;0.03679678961634636
Data(x=[46, 11], edge_index=[2, 8], edge_attr=[8, 2], y=105.0, custom_label=0.7191781, min_label=0, max_label=146, instance_name='p16.txt');0.7191780805587769;0.7830936908721924;0.7043758630752563;0.03679678961634636
Data(x=[46, 11], edge_index=[2, 8], edge_attr=[8, 2], y=104.0, custom_label=0.7123288, min_label=0, max_label=146, instance_name='p16.txt');0.7123287916183472;0.7830936908721924;0.7043758630752563;0.03679678961634636
Data(x=[46, 11], edge_index=[2, 8], edge_attr=[8, 2], y=103.0, custom_label=0.70547944, min_label=0, max_label=146, instance_name='p16.txt');0.7054794430732727;0.7830936908721924;0.7043758630752563;0.03679678961634636
Data(x=[46, 11], edge_index=[2, 8], edge_attr=[8, 2], y=102.0, custom_label=0.69863015, min_label=0, max_label=146, instance_name='p16.txt');0.698630154132843;0.7830936908721924;0.7043758630752563;0.03679678961634636
Data(x=[46, 11], edge_index=[2, 8], edge_attr=[8, 2], y=101.0, custom_label=0.6917808, min_label=0, max_label=146, instance_name='p16.txt');0.6917808055877686;0.7830936908721924;0.7043758630752563;0.03679678961634636
Data(x=[46, 11], edge_index=[2, 8], edge_attr=[8, 2], y=100.0, custom_label=0.6849315, min_label=0, max_label=146, instance_name='p16.txt');0.6849315166473389;0.7830936908721924;0.7043758630752563;0.03679678961634636
Data(x=[46, 11], edge_index=[2, 8], edge_attr=[8, 2], y=99.0, custom_label=0.67808217, min_label=0, max_label=146, instance_name='p16.txt');0.6780821681022644;0.7830936908721924;0.7043758630752563;0.03679678961634636
Data(x=[46, 11], edge_index=[2, 8], edge_attr=[8, 2], y=98.0, custom_label=0.6712329, min_label=0, max_label=146, instance_name='p16.txt');0.6712328791618347;0.7830936908721924;0.7043758630752563;0.03679678961634636
Data(x=[46, 11], edge_index=[2, 8], edge_attr=[8, 2], y=97.0, custom_label=0.6643836, min_label=0, max_label=146, instance_name='p16.txt');0.664383590221405;0.7830936908721924;0.7043758630752563;0.03679678961634636
Data(x=[46, 11], edge_index=[2, 8], edge_attr=[8, 2], y=96.0, custom_label=0.65753424, min_label=0, max_label=146, instance_name='p16.txt');0.6575342416763306;0.7830936908721924;0.7043758630752563;0.03679678961634636
Data(x=[46, 11], edge_index=[2, 8], edge_attr=[8, 2], y=95.0, custom_label=0.65068495, min_label=0, max_label=146, instance_name='p16.txt');0.6506849527359009;0.7830936908721924;0.7043758630752563;0.03679678961634636
Data(x=[46, 11], edge_index=[2, 8], edge_attr=[8, 2], y=94.0, custom_label=0.6438356, min_label=0, max_label=146, instance_name='p16.txt');0.6438356041908264;0.7830936908721924;0.7043758630752563;0.03679678961634636
Data(x=[46, 11], edge_index=[2, 8], edge_attr=[8, 2], y=93.0, custom_label=0.6369863, min_label=0, max_label=146, instance_name='p16.txt');0.6369863152503967;0.7830936908721924;0.7043758630752563;0.03679678961634636
Data(x=[46, 11], edge_index=[2, 8], edge_attr=[8, 2], y=92.0, custom_label=0.63013697, min_label=0, max_label=146, instance_name='p16.txt');0.6301369667053223;0.7830936908721924;0.7043758630752563;0.03679678961634636
Data(x=[46, 11], edge_index=[2, 8], edge_attr=[8, 2], y=91.0, custom_label=0.6232877, min_label=0, max_label=146, instance_name='p16.txt');0.6232876777648926;0.7830936908721924;0.7043758630752563;0.03679678961634636
Data(x=[46, 11], edge_index=[2, 8], edge_attr=[8, 2], y=90.0, custom_label=0.6164383, min_label=0, max_label=146, instance_name='p16.txt');0.6164383292198181;0.7830936908721924;0.7043758630752563;0.03679678961634636
Data(x=[46, 11], edge_index=[2, 8], edge_attr=[8, 2], y=89.0, custom_label=0.60958904, min_label=0, max_label=146, instance_name='p16.txt');0.6095890402793884;0.7830936908721924;0.7043758630752563;0.03679678961634636
Data(x=[46, 11], edge_index=[2, 8], edge_attr=[8, 2], y=88.0, custom_label=0.60273975, min_label=0, max_label=146, instance_name='p16.txt');0.6027397513389587;0.7830936908721924;0.7043758630752563;0.03679678961634636
Data(x=[46, 11], edge_index=[2, 8], edge_attr=[8, 2], y=87.0, custom_label=0.5958904, min_label=0, max_label=146, instance_name='p16.txt');0.5958904027938843;0.7830936908721924;0.7043758630752563;0.03679678961634636
Data(x=[46, 11], edge_index=[2, 8], edge_attr=[8, 2], y=86.0, custom_label=0.5890411, min_label=0, max_label=146, instance_name='p16.txt');0.5890411138534546;0.7830936908721924;0.7043758630752563;0.03679678961634636
Data(x=[46, 11], edge_index=[2, 8], edge_attr=[8, 2], y=85.0, custom_label=0.58219177, min_label=0, max_label=146, instance_name='p16.txt');0.5821917653083801;0.7830936908721924;0.7043758630752563;0.03679678961634636
Data(x=[46, 11], edge_index=[2, 8], edge_attr=[8, 2], y=84.0, custom_label=0.5753425, min_label=0, max_label=146, instance_name='p16.txt');0.5753424763679504;0.7830936908721924;0.7043758630752563;0.03679678961634636
Data(x=[46, 11], edge_index=[2, 8], edge_attr=[8, 2], y=83.0, custom_label=0.5684931, min_label=0, max_label=146, instance_name='p16.txt');0.568493127822876;0.7830936908721924;0.7043758630752563;0.03679678961634636
Data(x=[46, 11], edge_index=[2, 8], edge_attr=[8, 2], y=82.0, custom_label=0.56164384, min_label=0, max_label=146, instance_name='p16.txt');0.5616438388824463;0.7830936908721924;0.7043758630752563;0.03679678961634636
Data(x=[46, 11], edge_index=[2, 8], edge_attr=[8, 2], y=81.0, custom_label=0.55479455, min_label=0, max_label=146, instance_name='p16.txt');0.5547945499420166;0.7830936908721924;0.7043758630752563;0.03679678961634636
Data(x=[46, 11], edge_index=[2, 8], edge_attr=[8, 2], y=80.0, custom_label=0.5479452, min_label=0, max_label=146, instance_name='p16.txt');0.5479452013969421;0.7830936908721924;0.7043758630752563;0.03679678961634636
Data(x=[46, 11], edge_index=[2, 8], edge_attr=[8, 2], y=79.0, custom_label=0.5410959, min_label=0, max_label=146, instance_name='p16.txt');0.5410959124565125;0.7830936908721924;0.7043758630752563;0.03679678961634636
Data(x=[46, 11], edge_index=[2, 8], edge_attr=[8, 2], y=78.0, custom_label=0.53424656, min_label=0, max_label=146, instance_name='p16.txt');0.534246563911438;0.7830936908721924;0.7043758630752563;0.03679678961634636
Data(x=[46, 11], edge_index=[2, 8], edge_attr=[8, 2], y=77.0, custom_label=0.5273973, min_label=0, max_label=146, instance_name='p16.txt');0.5273972749710083;0.7830936908721924;0.7043758630752563;0.03679678961634636
Data(x=[46, 11], edge_index=[2, 8], edge_attr=[8, 2], y=76.0, custom_label=0.5205479, min_label=0, max_label=146, instance_name='p16.txt');0.5205479264259338;0.7830936908721924;0.7043758630752563;0.03679678961634636
Data(x=[46, 11], edge_index=[2, 8], edge_attr=[8, 2], y=75.0, custom_label=0.51369864, min_label=0, max_label=146, instance_name='p16.txt');0.5136986374855042;0.7830936908721924;0.7043758630752563;0.03679678961634636
Data(x=[46, 11], edge_index=[2, 8], edge_attr=[8, 2], y=74.0, custom_label=0.5068493, min_label=0, max_label=146, instance_name='p16.txt');0.5068492889404297;0.7830936908721924;0.7043758630752563;0.03679678961634636
Data(x=[46, 11], edge_index=[2, 8], edge_attr=[8, 2], y=73.0, custom_label=0.5, min_label=0, max_label=146, instance_name='p16.txt');0.5;0.7830936908721924;0.7043758630752563;0.03679678961634636
Data(x=[46, 11], edge_index=[2, 8], edge_attr=[8, 2], y=72.0, custom_label=0.49315068, min_label=0, max_label=146, instance_name='p16.txt');0.4931506812572479;0.48676085472106934;0.3070055842399597;0.03679678961634636
Data(x=[46, 11], edge_index=[2, 8], edge_attr=[8, 2], y=71.0, custom_label=0.48630136, min_label=0, max_label=146, instance_name='p16.txt');0.48630136251449585;0.7830936908721924;0.7043758630752563;0.03679678961634636
Data(x=[46, 11], edge_index=[2, 8], edge_attr=[8, 2], y=70.0, custom_label=0.47945204, min_label=0, max_label=146, instance_name='p16.txt');0.4794520437717438;0.7830936908721924;0.7043758630752563;0.03679678961634636
Data(x=[46, 11], edge_index=[2, 8], edge_attr=[8, 2], y=69.0, custom_label=0.47260273, min_label=0, max_label=146, instance_name='p16.txt');0.4726027250289917;0.7830936908721924;0.7043758630752563;0.03679678961634636
Data(x=[46, 11], edge_index=[2, 8], edge_attr=[8, 2], y=68.0, custom_label=0.46575344, min_label=0, max_label=146, instance_name='p16.txt');0.465753436088562;0.7830936908721924;0.7043758630752563;0.03679678961634636
Data(x=[46, 11], edge_index=[2, 8], edge_attr=[8, 2], y=67.0, custom_label=0.45890412, min_label=0, max_label=146, instance_name='p16.txt');0.45890411734580994;0.7830936908721924;0.7043758630752563;0.03679678961634636
Data(x=[46, 11], edge_index=[2, 8], edge_attr=[8, 2], y=66.0, custom_label=0.4520548, min_label=0, max_label=146, instance_name='p16.txt');0.45205479860305786;0.7830936908721924;0.7043758630752563;0.03679678961634636
Data(x=[46, 11], edge_index=[2, 8], edge_attr=[8, 2], y=65.0, custom_label=0.44520548, min_label=0, max_label=146, instance_name='p16.txt');0.4452054798603058;0.7830936908721924;0.7043758630752563;0.03679678961634636
Data(x=[46, 11], edge_index=[2, 8], edge_attr=[8, 2], y=64.0, custom_label=0.43835616, min_label=0, max_label=146, instance_name='p16.txt');0.4383561611175537;0.7830936908721924;0.7043758630752563;0.03679678961634636
Data(x=[46, 11], edge_index=[2, 8], edge_attr=[8, 2], y=63.0, custom_label=0.43150684, min_label=0, max_label=146, instance_name='p16.txt');0.43150684237480164;0.7830936908721924;0.7043758630752563;0.03679678961634636
Data(x=[46, 11], edge_index=[2, 8], edge_attr=[8, 2], y=62.0, custom_label=0.42465752, min_label=0, max_label=146, instance_name='p16.txt');0.42465752363204956;0.7830936908721924;0.7043758630752563;0.03679678961634636
Data(x=[46, 11], edge_index=[2, 8], edge_attr=[8, 2], y=61.0, custom_label=0.4178082, min_label=0, max_label=146, instance_name='p16.txt');0.4178082048892975;0.7830936908721924;0.7043758630752563;0.03679678961634636
Data(x=[46, 11], edge_index=[2, 8], edge_attr=[8, 2], y=60.0, custom_label=0.41095892, min_label=0, max_label=146, instance_name='p16.txt');0.4109589159488678;0.7830936908721924;0.7043758630752563;0.03679678961634636
Data(x=[46, 11], edge_index=[2, 8], edge_attr=[8, 2], y=59.0, custom_label=0.4041096, min_label=0, max_label=146, instance_name='p16.txt');0.4041095972061157;0.7830936908721924;0.7043758630752563;0.03679678961634636
Data(x=[46, 11], edge_index=[2, 8], edge_attr=[8, 2], y=58.0, custom_label=0.39726028, min_label=0, max_label=146, instance_name='p16.txt');0.39726027846336365;0.7830936908721924;0.7043758630752563;0.03679678961634636
Data(x=[46, 11], edge_index=[2, 8], edge_attr=[8, 2], y=57.0, custom_label=0.39041096, min_label=0, max_label=146, instance_name='p16.txt');0.3904109597206116;0.7830936908721924;0.7043758630752563;0.03679678961634636
Data(x=[46, 11], edge_index=[2, 8], edge_attr=[8, 2], y=56.0, custom_label=0.38356164, min_label=0, max_label=146, instance_name='p16.txt');0.3835616409778595;0.7830936908721924;0.7043758630752563;0.03679678961634636
Data(x=[46, 11], edge_index=[2, 8], edge_attr=[8, 2], y=55.0, custom_label=0.37671232, min_label=0, max_label=146, instance_name='p16.txt');0.3767123222351074;0.7830936908721924;0.7043758630752563;0.03679678961634636
Data(x=[46, 11], edge_index=[2, 8], edge_attr=[8, 2], y=54.0, custom_label=0.369863, min_label=0, max_label=146, instance_name='p16.txt');0.36986300349235535;0.7830936908721924;0.7043758630752563;0.03679678961634636
Data(x=[46, 11], edge_index=[2, 8], edge_attr=[8, 2], y=53.0, custom_label=0.36301368, min_label=0, max_label=146, instance_name='p16.txt');0.36301368474960327;0.7830936908721924;0.7043758630752563;0.03679678961634636
Data(x=[46, 11], edge_index=[2, 8], edge_attr=[8, 2], y=52.0, custom_label=0.3561644, min_label=0, max_label=146, instance_name='p16.txt');0.3561643958091736;0.7830936908721924;0.7043758630752563;0.03679678961634636
Data(x=[46, 11], edge_index=[2, 8], edge_attr=[8, 2], y=51.0, custom_label=0.34931508, min_label=0, max_label=146, instance_name='p16.txt');0.3493150770664215;0.7830936908721924;0.7043758630752563;0.03679678961634636
Data(x=[46, 11], edge_index=[2, 8], edge_attr=[8, 2], y=50.0, custom_label=0.34246576, min_label=0, max_label=146, instance_name='p16.txt');0.34246575832366943;0.7830936908721924;0.7043758630752563;0.03679678961634636
Data(x=[46, 11], edge_index=[2, 8], edge_attr=[8, 2], y=49.0, custom_label=0.33561644, min_label=0, max_label=146, instance_name='p16.txt');0.33561643958091736;0.7830936908721924;0.7043758630752563;0.03679678961634636
Data(x=[46, 11], edge_index=[2, 8], edge_attr=[8, 2], y=48.0, custom_label=0.32876712, min_label=0, max_label=146, instance_name='p16.txt');0.3287671208381653;0.48676085472106934;0.3070055842399597;0.03679678961634636
Data(x=[46, 11], edge_index=[2, 8], edge_attr=[8, 2], y=47.0, custom_label=0.3219178, min_label=0, max_label=146, instance_name='p16.txt');0.3219178020954132;0.7830936908721924;0.7043758630752563;0.03679678961634636
Data(x=[46, 11], edge_index=[2, 8], edge_attr=[8, 2], y=46.0, custom_label=0.31506848, min_label=0, max_label=146, instance_name='p16.txt');0.31506848335266113;0.7830936908721924;0.7043758630752563;0.03679678961634636
Data(x=[46, 11], edge_index=[2, 8], edge_attr=[8, 2], y=45.0, custom_label=0.30821916, min_label=0, max_label=146, instance_name='p16.txt');0.30821916460990906;0.7830936908721924;0.7043758630752563;0.03679678961634636
Data(x=[46, 11], edge_index=[2, 8], edge_attr=[8, 2], y=44.0, custom_label=0.30136988, min_label=0, max_label=146, instance_name='p16.txt');0.30136987566947937;0.7830936908721924;0.7043758630752563;0.03679678961634636
Data(x=[46, 11], edge_index=[2, 8], edge_attr=[8, 2], y=43.0, custom_label=0.29452056, min_label=0, max_label=146, instance_name='p16.txt');0.2945205569267273;0.7830936908721924;0.7043758630752563;0.03679678961634636
Data(x=[46, 11], edge_index=[2, 8], edge_attr=[8, 2], y=42.0, custom_label=0.28767124, min_label=0, max_label=146, instance_name='p16.txt');0.2876712381839752;0.7830936908721924;0.7043758630752563;0.03679678961634636
Data(x=[46, 11], edge_index=[2, 8], edge_attr=[8, 2], y=41.0, custom_label=0.28082192, min_label=0, max_label=146, instance_name='p16.txt');0.28082191944122314;0.7830936908721924;0.7043758630752563;0.03679678961634636
Data(x=[46, 11], edge_index=[2, 8], edge_attr=[8, 2], y=40.0, custom_label=0.2739726, min_label=0, max_label=146, instance_name='p16.txt');0.27397260069847107;0.7830936908721924;0.7043758630752563;0.03679678961634636
Data(x=[46, 11], edge_index=[2, 8], edge_attr=[8, 2], y=39.0, custom_label=0.26712328, min_label=0, max_label=146, instance_name='p16.txt');0.267123281955719;0.7830936908721924;0.7043758630752563;0.03679678961634636
Data(x=[46, 11], edge_index=[2, 8], edge_attr=[8, 2], y=38.0, custom_label=0.26027396, min_label=0, max_label=146, instance_name='p16.txt');0.2602739632129669;0.7830936908721924;0.7043758630752563;0.03679678961634636
Data(x=[46, 11], edge_index=[2, 8], edge_attr=[8, 2], y=37.0, custom_label=0.25342464, min_label=0, max_label=146, instance_name='p16.txt');0.25342464447021484;0.7830936908721924;0.7043758630752563;0.03679678961634636
Data(x=[46, 11], edge_index=[2, 8], edge_attr=[8, 2], y=36.0, custom_label=0.24657534, min_label=0, max_label=146, instance_name='p16.txt');0.24657534062862396;0.7830936908721924;0.7043758630752563;0.03679678961634636
Data(x=[46, 11], edge_index=[2, 8], edge_attr=[8, 2], y=35.0, custom_label=0.23972602, min_label=0, max_label=146, instance_name='p16.txt');0.2397260218858719;0.7830936908721924;0.7043758630752563;0.03679678961634636
Data(x=[46, 11], edge_index=[2, 8], edge_attr=[8, 2], y=34.0, custom_label=0.23287672, min_label=0, max_label=146, instance_name='p16.txt');0.232876718044281;0.7830936908721924;0.7043758630752563;0.03679678961634636
Data(x=[46, 11], edge_index=[2, 8], edge_attr=[8, 2], y=33.0, custom_label=0.2260274, min_label=0, max_label=146, instance_name='p16.txt');0.22602739930152893;0.7830936908721924;0.7043758630752563;0.03679678961634636
Data(x=[46, 11], edge_index=[2, 8], edge_attr=[8, 2], y=32.0, custom_label=0.21917808, min_label=0, max_label=146, instance_name='p16.txt');0.21917808055877686;0.7830936908721924;0.7043758630752563;0.03679678961634636
Data(x=[46, 11], edge_index=[2, 8], edge_attr=[8, 2], y=31.0, custom_label=0.21232876, min_label=0, max_label=146, instance_name='p16.txt');0.21232876181602478;0.7830936908721924;0.7043758630752563;0.03679678961634636
Data(x=[46, 11], edge_index=[2, 8], edge_attr=[8, 2], y=30.0, custom_label=0.20547946, min_label=0, max_label=146, instance_name='p16.txt');0.2054794579744339;0.48676085472106934;0.3070055842399597;0.03679678961634636
Data(x=[46, 11], edge_index=[2, 8], edge_attr=[8, 2], y=29.0, custom_label=0.19863014, min_label=0, max_label=146, instance_name='p16.txt');0.19863013923168182;0.7830936908721924;0.7043758630752563;0.03679678961634636
Data(x=[46, 11], edge_index=[2, 8], edge_attr=[8, 2], y=28.0, custom_label=0.19178082, min_label=0, max_label=146, instance_name='p16.txt');0.19178082048892975;0.7830936908721924;0.7043758630752563;0.03679678961634636
Data(x=[46, 11], edge_index=[2, 8], edge_attr=[8, 2], y=27.0, custom_label=0.1849315, min_label=0, max_label=146, instance_name='p16.txt');0.18493150174617767;0.7830936908721924;0.7043758630752563;0.03679678961634636
Data(x=[46, 11], edge_index=[2, 8], edge_attr=[8, 2], y=26.0, custom_label=0.1780822, min_label=0, max_label=146, instance_name='p16.txt');0.1780821979045868;0.48676085472106934;0.3070055842399597;0.03679678961634636
Data(x=[46, 11], edge_index=[2, 8], edge_attr=[8, 2], y=25.0, custom_label=0.17123288, min_label=0, max_label=146, instance_name='p16.txt');0.17123287916183472;0.48676085472106934;0.3070055842399597;0.03679678961634636
Data(x=[46, 11], edge_index=[2, 8], edge_attr=[8, 2], y=24.0, custom_label=0.16438356, min_label=0, max_label=146, instance_name='p16.txt');0.16438356041908264;0.48676085472106934;0.3070055842399597;0.03679678961634636
Data(x=[46, 11], edge_index=[2, 8], edge_attr=[8, 2], y=23.0, custom_label=0.15753424, min_label=0, max_label=146, instance_name='p16.txt');0.15753424167633057;0.48676085472106934;0.3070055842399597;0.03679678961634636
Data(x=[46, 11], edge_index=[2, 8], edge_attr=[8, 2], y=22.0, custom_label=0.15068494, min_label=0, max_label=146, instance_name='p16.txt');0.15068493783473969;0.48676085472106934;0.3070055842399597;0.03679678961634636
Data(x=[46, 11], edge_index=[2, 8], edge_attr=[8, 2], y=21.0, custom_label=0.14383562, min_label=0, max_label=146, instance_name='p16.txt');0.1438356190919876;0.48676085472106934;0.3070055842399597;0.03679678961634636
Data(x=[46, 11], edge_index=[2, 8], edge_attr=[8, 2], y=20.0, custom_label=0.1369863, min_label=0, max_label=146, instance_name='p16.txt');0.13698630034923553;0.48676085472106934;0.3070055842399597;0.03679678961634636
Data(x=[46, 11], edge_index=[2, 8], edge_attr=[8, 2], y=19.0, custom_label=0.13013698, min_label=0, max_label=146, instance_name='p16.txt');0.13013698160648346;0.48676085472106934;0.3070055842399597;0.03679678961634636
Data(x=[46, 11], edge_index=[2, 8], edge_attr=[8, 2], y=18.0, custom_label=0.12328767, min_label=0, max_label=146, instance_name='p16.txt');0.12328767031431198;0.48676085472106934;0.3070055842399597;0.03679678961634636
Data(x=[46, 11], edge_index=[2, 8], edge_attr=[8, 2], y=17.0, custom_label=0.11643836, min_label=0, max_label=146, instance_name='p16.txt');0.1164383590221405;0.48676085472106934;0.3070055842399597;0.03679678961634636
Data(x=[46, 11], edge_index=[2, 8], edge_attr=[8, 2], y=16.0, custom_label=0.10958904, min_label=0, max_label=146, instance_name='p16.txt');0.10958904027938843;0.48676085472106934;0.3070055842399597;0.03679678961634636
Data(x=[46, 11], edge_index=[2, 8], edge_attr=[8, 2], y=15.0, custom_label=0.10273973, min_label=0, max_label=146, instance_name='p16.txt');0.10273972898721695;0.48676085472106934;0.3070055842399597;0.03679678961634636
Data(x=[46, 11], edge_index=[2, 8], edge_attr=[8, 2], y=14.0, custom_label=0.09589041, min_label=0, max_label=146, instance_name='p16.txt');0.09589041024446487;0.48676085472106934;0.3070055842399597;0.03679678961634636
Data(x=[46, 11], edge_index=[2, 8], edge_attr=[8, 2], y=13.0, custom_label=0.0890411, min_label=0, max_label=146, instance_name='p16.txt');0.0890410989522934;0.48676085472106934;0.3070055842399597;0.03679678961634636
Data(x=[46, 11], edge_index=[2, 8], edge_attr=[8, 2], y=12.0, custom_label=0.08219178, min_label=0, max_label=146, instance_name='p16.txt');0.08219178020954132;0.48676085472106934;0.3070055842399597;0.03679678961634636
Data(x=[46, 11], edge_index=[2, 8], edge_attr=[8, 2], y=11.0, custom_label=0.07534247, min_label=0, max_label=146, instance_name='p16.txt');0.07534246891736984;0.48676085472106934;0.3070055842399597;0.03679678961634636
Data(x=[46, 11], edge_index=[2, 8], edge_attr=[8, 2], y=10.0, custom_label=0.06849315, min_label=0, max_label=146, instance_name='p16.txt');0.06849315017461777;0.48676085472106934;0.3070055842399597;0.03679678961634636
Data(x=[46, 11], edge_index=[2, 8], edge_attr=[8, 2], y=9.0, custom_label=0.061643835, min_label=0, max_label=146, instance_name='p16.txt');0.06164383515715599;0.48676085472106934;0.3070055842399597;0.03679678961634636
Data(x=[46, 11], edge_index=[2, 8], edge_attr=[8, 2], y=8.0, custom_label=0.05479452, min_label=0, max_label=146, instance_name='p16.txt');0.054794520139694214;0.48676085472106934;0.3070055842399597;0.03679678961634636
Data(x=[46, 11], edge_index=[2, 8], edge_attr=[8, 2], y=7.0, custom_label=0.047945205, min_label=0, max_label=146, instance_name='p16.txt');0.04794520512223244;0.48676085472106934;0.3070055842399597;0.03679678961634636
Data(x=[46, 11], edge_index=[2, 8], edge_attr=[8, 2], y=6.0, custom_label=0.04109589, min_label=0, max_label=146, instance_name='p16.txt');0.04109589010477066;0.48676085472106934;0.3070055842399597;0.03679678961634636
Data(x=[46, 11], edge_index=[2, 8], edge_attr=[8, 2], y=5.0, custom_label=0.034246575, min_label=0, max_label=146, instance_name='p16.txt');0.034246575087308884;0.27641531825065613;0.16498422622680664;0.03679678961634636
Data(x=[46, 11], edge_index=[2, 8], edge_attr=[8, 2], y=4.0, custom_label=0.02739726, min_label=0, max_label=146, instance_name='p16.txt');0.027397260069847107;0.27641531825065613;0.16498422622680664;0.03679678961634636
Data(x=[46, 11], edge_index=[2, 8], edge_attr=[8, 2], y=3.0, custom_label=0.020547945, min_label=0, max_label=146, instance_name='p16.txt');0.02054794505238533;0.27641531825065613;0.16498422622680664;0.03679678961634636
Data(x=[46, 11], edge_index=[2, 8], edge_attr=[8, 2], y=2.0, custom_label=0.01369863, min_label=0, max_label=146, instance_name='p16.txt');0.013698630034923553;0.27641531825065613;0.16498422622680664;0.03679678961634636
Data(x=[46, 11], edge_index=[2, 8], edge_attr=[8, 2], y=1.0, custom_label=0.006849315, min_label=0, max_label=146, instance_name='p16.txt');0.006849315017461777;0.27641531825065613;0.16498422622680664;0.03679678961634636
Data(x=[46, 11], edge_index=[2, 8], edge_attr=[8, 2], y=0.0, custom_label=0.0, min_label=0, max_label=146, instance_name='p16.txt');0.0;0.14693611860275269;0.0052472250536084175;0.03679678961634636
Data(x=[41, 11], edge_index=[2, 8], edge_attr=[8, 2], y=92.0, custom_label=1.0, min_label=0, max_label=92, instance_name='p17.txt');1.0;0.8022267818450928;0.717726469039917;0.03679678961634636
Data(x=[41, 11], edge_index=[2, 8], edge_attr=[8, 2], y=91.0, custom_label=0.98913044, min_label=0, max_label=92, instance_name='p17.txt');0.989130437374115;0.8022267818450928;0.717726469039917;0.03679678961634636
Data(x=[41, 11], edge_index=[2, 8], edge_attr=[8, 2], y=90.0, custom_label=0.9782609, min_label=0, max_label=92, instance_name='p17.txt');0.97826087474823;0.8022267818450928;0.717726469039917;0.03679678961634636
Data(x=[41, 11], edge_index=[2, 8], edge_attr=[8, 2], y=89.0, custom_label=0.9673913, min_label=0, max_label=92, instance_name='p17.txt');0.967391312122345;0.8022267818450928;0.717726469039917;0.03679678961634636
Data(x=[41, 11], edge_index=[2, 8], edge_attr=[8, 2], y=88.0, custom_label=0.95652175, min_label=0, max_label=92, instance_name='p17.txt');0.95652174949646;0.8022267818450928;0.717726469039917;0.03679678961634636
Data(x=[41, 11], edge_index=[2, 8], edge_attr=[8, 2], y=87.0, custom_label=0.9456522, min_label=0, max_label=92, instance_name='p17.txt');0.945652186870575;0.8022267818450928;0.717726469039917;0.03679678961634636
Data(x=[41, 11], edge_index=[2, 8], edge_attr=[8, 2], y=86.0, custom_label=0.9347826, min_label=0, max_label=92, instance_name='p17.txt');0.9347826242446899;0.8022267818450928;0.717726469039917;0.03679678961634636
Data(x=[41, 11], edge_index=[2, 8], edge_attr=[8, 2], y=85.0, custom_label=0.92391306, min_label=0, max_label=92, instance_name='p17.txt');0.9239130616188049;0.8022267818450928;0.717726469039917;0.03679678961634636
Data(x=[41, 11], edge_index=[2, 8], edge_attr=[8, 2], y=84.0, custom_label=0.9130435, min_label=0, max_label=92, instance_name='p17.txt');0.9130434989929199;0.8022267818450928;0.717726469039917;0.03679678961634636
Data(x=[41, 11], edge_index=[2, 8], edge_attr=[8, 2], y=83.0, custom_label=0.90217394, min_label=0, max_label=92, instance_name='p17.txt');0.9021739363670349;0.8022267818450928;0.717726469039917;0.03679678961634636
Data(x=[41, 11], edge_index=[2, 8], edge_attr=[8, 2], y=82.0, custom_label=0.8913044, min_label=0, max_label=92, instance_name='p17.txt');0.8913043737411499;0.8022267818450928;0.717726469039917;0.03679678961634636
Data(x=[41, 11], edge_index=[2, 8], edge_attr=[8, 2], y=81.0, custom_label=0.8804348, min_label=0, max_label=92, instance_name='p17.txt');0.8804348111152649;0.8022267818450928;0.717726469039917;0.03679678961634636
Data(x=[41, 11], edge_index=[2, 8], edge_attr=[8, 2], y=80.0, custom_label=0.8695652, min_label=0, max_label=92, instance_name='p17.txt');0.8695651888847351;0.8022267818450928;0.717726469039917;0.03679678961634636
Data(x=[41, 11], edge_index=[2, 8], edge_attr=[8, 2], y=79.0, custom_label=0.8586956, min_label=0, max_label=92, instance_name='p17.txt');0.8586956262588501;0.8022267818450928;0.717726469039917;0.03679678961634636
Data(x=[41, 11], edge_index=[2, 8], edge_attr=[8, 2], y=78.0, custom_label=0.84782606, min_label=0, max_label=92, instance_name='p17.txt');0.8478260636329651;0.8022267818450928;0.717726469039917;0.03679678961634636
Data(x=[41, 11], edge_index=[2, 8], edge_attr=[8, 2], y=77.0, custom_label=0.8369565, min_label=0, max_label=92, instance_name='p17.txt');0.8369565010070801;0.8022267818450928;0.717726469039917;0.03679678961634636
Data(x=[41, 11], edge_index=[2, 8], edge_attr=[8, 2], y=76.0, custom_label=0.82608694, min_label=0, max_label=92, instance_name='p17.txt');0.8260869383811951;0.8022267818450928;0.717726469039917;0.03679678961634636
Data(x=[41, 11], edge_index=[2, 8], edge_attr=[8, 2], y=75.0, custom_label=0.8152174, min_label=0, max_label=92, instance_name='p17.txt');0.8152173757553101;0.8022267818450928;0.717726469039917;0.03679678961634636
Data(x=[41, 11], edge_index=[2, 8], edge_attr=[8, 2], y=74.0, custom_label=0.8043478, min_label=0, max_label=92, instance_name='p17.txt');0.804347813129425;0.8022267818450928;0.717726469039917;0.03679678961634636
Data(x=[41, 11], edge_index=[2, 8], edge_attr=[8, 2], y=73.0, custom_label=0.79347825, min_label=0, max_label=92, instance_name='p17.txt');0.79347825050354;0.8022267818450928;0.717726469039917;0.03679678961634636
Data(x=[41, 11], edge_index=[2, 8], edge_attr=[8, 2], y=72.0, custom_label=0.7826087, min_label=0, max_label=92, instance_name='p17.txt');0.782608687877655;0.8022267818450928;0.717726469039917;0.03679678961634636
Data(x=[41, 11], edge_index=[2, 8], edge_attr=[8, 2], y=71.0, custom_label=0.7717391, min_label=0, max_label=92, instance_name='p17.txt');0.77173912525177;0.8022267818450928;0.717726469039917;0.03679678961634636
Data(x=[41, 11], edge_index=[2, 8], edge_attr=[8, 2], y=70.0, custom_label=0.76086956, min_label=0, max_label=92, instance_name='p17.txt');0.760869562625885;0.8022267818450928;0.717726469039917;0.03679678961634636
Data(x=[41, 11], edge_index=[2, 8], edge_attr=[8, 2], y=69.0, custom_label=0.75, min_label=0, max_label=92, instance_name='p17.txt');0.75;0.8022267818450928;0.717726469039917;0.03679678961634636
Data(x=[41, 11], edge_index=[2, 8], edge_attr=[8, 2], y=68.0, custom_label=0.73913044, min_label=0, max_label=92, instance_name='p17.txt');0.739130437374115;0.4881925582885742;0.31801149249076843;0.03679678961634636
Data(x=[41, 11], edge_index=[2, 8], edge_attr=[8, 2], y=67.0, custom_label=0.7282609, min_label=0, max_label=92, instance_name='p17.txt');0.72826087474823;0.8022267818450928;0.717726469039917;0.03679678961634636
Data(x=[41, 11], edge_index=[2, 8], edge_attr=[8, 2], y=66.0, custom_label=0.7173913, min_label=0, max_label=92, instance_name='p17.txt');0.717391312122345;0.8022267818450928;0.717726469039917;0.03679678961634636
Data(x=[41, 11], edge_index=[2, 8], edge_attr=[8, 2], y=65.0, custom_label=0.70652175, min_label=0, max_label=92, instance_name='p17.txt');0.70652174949646;0.8022267818450928;0.717726469039917;0.03679678961634636
Data(x=[41, 11], edge_index=[2, 8], edge_attr=[8, 2], y=64.0, custom_label=0.6956522, min_label=0, max_label=92, instance_name='p17.txt');0.695652186870575;0.8022267818450928;0.717726469039917;0.03679678961634636
Data(x=[41, 11], edge_index=[2, 8], edge_attr=[8, 2], y=63.0, custom_label=0.6847826, min_label=0, max_label=92, instance_name='p17.txt');0.6847826242446899;0.8022267818450928;0.717726469039917;0.03679678961634636
Data(x=[41, 11], edge_index=[2, 8], edge_attr=[8, 2], y=62.0, custom_label=0.67391306, min_label=0, max_label=92, instance_name='p17.txt');0.6739130616188049;0.8022267818450928;0.717726469039917;0.03679678961634636
Data(x=[41, 11], edge_index=[2, 8], edge_attr=[8, 2], y=61.0, custom_label=0.6630435, min_label=0, max_label=92, instance_name='p17.txt');0.6630434989929199;0.8022267818450928;0.717726469039917;0.03679678961634636
Data(x=[41, 11], edge_index=[2, 8], edge_attr=[8, 2], y=60.0, custom_label=0.65217394, min_label=0, max_label=92, instance_name='p17.txt');0.6521739363670349;0.8022267818450928;0.717726469039917;0.03679678961634636
Data(x=[41, 11], edge_index=[2, 8], edge_attr=[8, 2], y=59.0, custom_label=0.6413044, min_label=0, max_label=92, instance_name='p17.txt');0.6413043737411499;0.8022267818450928;0.717726469039917;0.03679678961634636
Data(x=[41, 11], edge_index=[2, 8], edge_attr=[8, 2], y=58.0, custom_label=0.6304348, min_label=0, max_label=92, instance_name='p17.txt');0.6304348111152649;0.8022267818450928;0.717726469039917;0.03679678961634636
Data(x=[41, 11], edge_index=[2, 8], edge_attr=[8, 2], y=57.0, custom_label=0.6195652, min_label=0, max_label=92, instance_name='p17.txt');0.6195651888847351;0.8022267818450928;0.717726469039917;0.03679678961634636
Data(x=[41, 11], edge_index=[2, 8], edge_attr=[8, 2], y=56.0, custom_label=0.6086956, min_label=0, max_label=92, instance_name='p17.txt');0.6086956262588501;0.8022267818450928;0.717726469039917;0.03679678961634636
Data(x=[41, 11], edge_index=[2, 8], edge_attr=[8, 2], y=55.0, custom_label=0.59782606, min_label=0, max_label=92, instance_name='p17.txt');0.5978260636329651;0.8022267818450928;0.717726469039917;0.03679678961634636
Data(x=[41, 11], edge_index=[2, 8], edge_attr=[8, 2], y=54.0, custom_label=0.5869565, min_label=0, max_label=92, instance_name='p17.txt');0.5869565010070801;0.8022267818450928;0.717726469039917;0.03679678961634636
Data(x=[41, 11], edge_index=[2, 8], edge_attr=[8, 2], y=53.0, custom_label=0.57608694, min_label=0, max_label=92, instance_name='p17.txt');0.5760869383811951;0.8022267818450928;0.717726469039917;0.03679678961634636
Data(x=[41, 11], edge_index=[2, 8], edge_attr=[8, 2], y=52.0, custom_label=0.5652174, min_label=0, max_label=92, instance_name='p17.txt');0.5652173757553101;0.8022267818450928;0.717726469039917;0.03679678961634636
Data(x=[41, 11], edge_index=[2, 8], edge_attr=[8, 2], y=51.0, custom_label=0.5543478, min_label=0, max_label=92, instance_name='p17.txt');0.554347813129425;0.8022267818450928;0.717726469039917;0.03679678961634636
Data(x=[41, 11], edge_index=[2, 8], edge_attr=[8, 2], y=50.0, custom_label=0.54347825, min_label=0, max_label=92, instance_name='p17.txt');0.54347825050354;0.8022267818450928;0.717726469039917;0.03679678961634636
Data(x=[41, 11], edge_index=[2, 8], edge_attr=[8, 2], y=49.0, custom_label=0.5326087, min_label=0, max_label=92, instance_name='p17.txt');0.532608687877655;0.8022267818450928;0.717726469039917;0.03679678961634636
Data(x=[41, 11], edge_index=[2, 8], edge_attr=[8, 2], y=48.0, custom_label=0.5217391, min_label=0, max_label=92, instance_name='p17.txt');0.52173912525177;0.8022267818450928;0.717726469039917;0.03679678961634636
Data(x=[41, 11], edge_index=[2, 8], edge_attr=[8, 2], y=47.0, custom_label=0.51086956, min_label=0, max_label=92, instance_name='p17.txt');0.510869562625885;0.8022267818450928;0.717726469039917;0.03679678961634636
Data(x=[41, 11], edge_index=[2, 8], edge_attr=[8, 2], y=46.0, custom_label=0.5, min_label=0, max_label=92, instance_name='p17.txt');0.5;0.8022267818450928;0.717726469039917;0.03679678961634636
Data(x=[41, 11], edge_index=[2, 8], edge_attr=[8, 2], y=45.0, custom_label=0.48913044, min_label=0, max_label=92, instance_name='p17.txt');0.489130437374115;0.8022267818450928;0.717726469039917;0.03679678961634636
Data(x=[41, 11], edge_index=[2, 8], edge_attr=[8, 2], y=44.0, custom_label=0.47826087, min_label=0, max_label=92, instance_name='p17.txt');0.47826087474823;0.8022267818450928;0.717726469039917;0.03679678961634636
Data(x=[41, 11], edge_index=[2, 8], edge_attr=[8, 2], y=43.0, custom_label=0.4673913, min_label=0, max_label=92, instance_name='p17.txt');0.46739131212234497;0.8022267818450928;0.717726469039917;0.03679678961634636
Data(x=[41, 11], edge_index=[2, 8], edge_attr=[8, 2], y=42.0, custom_label=0.45652175, min_label=0, max_label=92, instance_name='p17.txt');0.45652174949645996;0.8022267818450928;0.717726469039917;0.03679678961634636
Data(x=[41, 11], edge_index=[2, 8], edge_attr=[8, 2], y=41.0, custom_label=0.4456522, min_label=0, max_label=92, instance_name='p17.txt');0.44565218687057495;0.8022267818450928;0.717726469039917;0.03679678961634636
Data(x=[41, 11], edge_index=[2, 8], edge_attr=[8, 2], y=40.0, custom_label=0.4347826, min_label=0, max_label=92, instance_name='p17.txt');0.43478259444236755;0.8022267818450928;0.717726469039917;0.03679678961634636
Data(x=[41, 11], edge_index=[2, 8], edge_attr=[8, 2], y=39.0, custom_label=0.42391303, min_label=0, max_label=92, instance_name='p17.txt');0.42391303181648254;0.8022267818450928;0.717726469039917;0.03679678961634636
Data(x=[41, 11], edge_index=[2, 8], edge_attr=[8, 2], y=38.0, custom_label=0.41304347, min_label=0, max_label=92, instance_name='p17.txt');0.41304346919059753;0.8022267818450928;0.717726469039917;0.03679678961634636
Data(x=[41, 11], edge_index=[2, 8], edge_attr=[8, 2], y=37.0, custom_label=0.4021739, min_label=0, max_label=92, instance_name='p17.txt');0.4021739065647125;0.8022267818450928;0.717726469039917;0.03679678961634636
Data(x=[41, 11], edge_index=[2, 8], edge_attr=[8, 2], y=36.0, custom_label=0.39130434, min_label=0, max_label=92, instance_name='p17.txt');0.3913043439388275;0.8022267818450928;0.717726469039917;0.03679678961634636
Data(x=[41, 11], edge_index=[2, 8], edge_attr=[8, 2], y=35.0, custom_label=0.38043478, min_label=0, max_label=92, instance_name='p17.txt');0.3804347813129425;0.8022267818450928;0.717726469039917;0.03679678961634636
Data(x=[41, 11], edge_index=[2, 8], edge_attr=[8, 2], y=34.0, custom_label=0.36956522, min_label=0, max_label=92, instance_name='p17.txt');0.3695652186870575;0.8022267818450928;0.717726469039917;0.03679678961634636
Data(x=[41, 11], edge_index=[2, 8], edge_attr=[8, 2], y=33.0, custom_label=0.35869566, min_label=0, max_label=92, instance_name='p17.txt');0.3586956560611725;0.8022267818450928;0.717726469039917;0.03679678961634636
Data(x=[41, 11], edge_index=[2, 8], edge_attr=[8, 2], y=32.0, custom_label=0.3478261, min_label=0, max_label=92, instance_name='p17.txt');0.3478260934352875;0.8022267818450928;0.717726469039917;0.03679678961634636
Data(x=[41, 11], edge_index=[2, 8], edge_attr=[8, 2], y=31.0, custom_label=0.33695653, min_label=0, max_label=92, instance_name='p17.txt');0.33695653080940247;0.8022267818450928;0.717726469039917;0.03679678961634636
Data(x=[41, 11], edge_index=[2, 8], edge_attr=[8, 2], y=30.0, custom_label=0.32608697, min_label=0, max_label=92, instance_name='p17.txt');0.32608696818351746;0.8022267818450928;0.717726469039917;0.03679678961634636
Data(x=[41, 11], edge_index=[2, 8], edge_attr=[8, 2], y=29.0, custom_label=0.3152174, min_label=0, max_label=92, instance_name='p17.txt');0.31521740555763245;0.8022267818450928;0.717726469039917;0.03679678961634636
Data(x=[41, 11], edge_index=[2, 8], edge_attr=[8, 2], y=28.0, custom_label=0.3043478, min_label=0, max_label=92, instance_name='p17.txt');0.30434781312942505;0.8022267818450928;0.717726469039917;0.03679678961634636
Data(x=[41, 11], edge_index=[2, 8], edge_attr=[8, 2], y=27.0, custom_label=0.29347825, min_label=0, max_label=92, instance_name='p17.txt');0.29347825050354004;0.4881925582885742;0.31801149249076843;0.03679678961634636
Data(x=[41, 11], edge_index=[2, 8], edge_attr=[8, 2], y=26.0, custom_label=0.2826087, min_label=0, max_label=92, instance_name='p17.txt');0.28260868787765503;0.4881925582885742;0.31801149249076843;0.03679678961634636
Data(x=[41, 11], edge_index=[2, 8], edge_attr=[8, 2], y=25.0, custom_label=0.27173913, min_label=0, max_label=92, instance_name='p17.txt');0.27173912525177;0.4881925582885742;0.31801149249076843;0.03679678961634636
Data(x=[41, 11], edge_index=[2, 8], edge_attr=[8, 2], y=24.0, custom_label=0.26086956, min_label=0, max_label=92, instance_name='p17.txt');0.260869562625885;0.4881925582885742;0.31801149249076843;0.03679678961634636
Data(x=[41, 11], edge_index=[2, 8], edge_attr=[8, 2], y=23.0, custom_label=0.25, min_label=0, max_label=92, instance_name='p17.txt');0.25;0.4881925582885742;0.31801149249076843;0.03679678961634636
Data(x=[41, 11], edge_index=[2, 8], edge_attr=[8, 2], y=22.0, custom_label=0.23913044, min_label=0, max_label=92, instance_name='p17.txt');0.239130437374115;0.270561546087265;0.16453716158866882;0.03679678961634636
Data(x=[41, 11], edge_index=[2, 8], edge_attr=[8, 2], y=21.0, custom_label=0.22826087, min_label=0, max_label=92, instance_name='p17.txt');0.22826087474822998;0.4881925582885742;0.31801149249076843;0.03679678961634636
Data(x=[41, 11], edge_index=[2, 8], edge_attr=[8, 2], y=20.0, custom_label=0.2173913, min_label=0, max_label=92, instance_name='p17.txt');0.21739129722118378;0.4881925582885742;0.31801149249076843;0.03679678961634636
Data(x=[41, 11], edge_index=[2, 8], edge_attr=[8, 2], y=19.0, custom_label=0.20652173, min_label=0, max_label=92, instance_name='p17.txt');0.20652173459529877;0.4881925582885742;0.31801149249076843;0.03679678961634636
Data(x=[41, 11], edge_index=[2, 8], edge_attr=[8, 2], y=18.0, custom_label=0.19565217, min_label=0, max_label=92, instance_name='p17.txt');0.19565217196941376;0.4881925582885742;0.31801149249076843;0.03679678961634636
Data(x=[41, 11], edge_index=[2, 8], edge_attr=[8, 2], y=17.0, custom_label=0.18478261, min_label=0, max_label=92, instance_name='p17.txt');0.18478260934352875;0.4881925582885742;0.31801149249076843;0.03679678961634636
Data(x=[41, 11], edge_index=[2, 8], edge_attr=[8, 2], y=16.0, custom_label=0.17391305, min_label=0, max_label=92, instance_name='p17.txt');0.17391304671764374;0.4881925582885742;0.31801149249076843;0.03679678961634636
Data(x=[41, 11], edge_index=[2, 8], edge_attr=[8, 2], y=15.0, custom_label=0.16304348, min_label=0, max_label=92, instance_name='p17.txt');0.16304348409175873;0.4881925582885742;0.31801149249076843;0.03679678961634636
Data(x=[41, 11], edge_index=[2, 8], edge_attr=[8, 2], y=14.0, custom_label=0.1521739, min_label=0, max_label=92, instance_name='p17.txt');0.15217390656471252;0.2705615162849426;0.16453716158866882;0.03679678961634636
Data(x=[41, 11], edge_index=[2, 8], edge_attr=[8, 2], y=13.0, custom_label=0.14130434, min_label=0, max_label=92, instance_name='p17.txt');0.14130434393882751;0.4881925582885742;0.31801149249076843;0.03679678961634636
Data(x=[41, 11], edge_index=[2, 8], edge_attr=[8, 2], y=12.0, custom_label=0.13043478, min_label=0, max_label=92, instance_name='p17.txt');0.1304347813129425;0.270561546087265;0.16453716158866882;0.03679678961634636
Data(x=[41, 11], edge_index=[2, 8], edge_attr=[8, 2], y=11.0, custom_label=0.11956522, min_label=0, max_label=92, instance_name='p17.txt');0.1195652186870575;0.2705615162849426;0.16453716158866882;0.03679678961634636
Data(x=[41, 11], edge_index=[2, 8], edge_attr=[8, 2], y=10.0, custom_label=0.10869565, min_label=0, max_label=92, instance_name='p17.txt');0.10869564861059189;0.2705615162849426;0.16453716158866882;0.03679678961634636
Data(x=[41, 11], edge_index=[2, 8], edge_attr=[8, 2], y=9.0, custom_label=0.097826086, min_label=0, max_label=92, instance_name='p17.txt');0.09782608598470688;0.2705615162849426;0.16453716158866882;0.03679678961634636
Data(x=[41, 11], edge_index=[2, 8], edge_attr=[8, 2], y=8.0, custom_label=0.08695652, min_label=0, max_label=92, instance_name='p17.txt');0.08695652335882187;0.2705615162849426;0.16453716158866882;0.03679678961634636
Data(x=[41, 11], edge_index=[2, 8], edge_attr=[8, 2], y=7.0, custom_label=0.07608695, min_label=0, max_label=92, instance_name='p17.txt');0.07608695328235626;0.2705615162849426;0.16453716158866882;0.03679678961634636
Data(x=[41, 11], edge_index=[2, 8], edge_attr=[8, 2], y=6.0, custom_label=0.06521739, min_label=0, max_label=92, instance_name='p17.txt');0.06521739065647125;0.2705615162849426;0.16453716158866882;0.03679678961634636
Data(x=[41, 11], edge_index=[2, 8], edge_attr=[8, 2], y=5.0, custom_label=0.054347824, min_label=0, max_label=92, instance_name='p17.txt');0.054347824305295944;0.2705615162849426;0.16453716158866882;0.03679678961634636
Data(x=[41, 11], edge_index=[2, 8], edge_attr=[8, 2], y=4.0, custom_label=0.04347826, min_label=0, max_label=92, instance_name='p17.txt');0.043478261679410934;0.2705615162849426;0.16453716158866882;0.03679678961634636
Data(x=[41, 11], edge_index=[2, 8], edge_attr=[8, 2], y=3.0, custom_label=0.032608695, min_label=0, max_label=92, instance_name='p17.txt');0.032608695328235626;0.2705615162849426;0.16453716158866882;0.03679678961634636
Data(x=[41, 11], edge_index=[2, 8], edge_attr=[8, 2], y=2.0, custom_label=0.02173913, min_label=0, max_label=92, instance_name='p17.txt');0.021739130839705467;0.2705615162849426;0.16453716158866882;0.03679678961634636
Data(x=[41, 11], edge_index=[2, 8], edge_attr=[8, 2], y=1.0, custom_label=0.010869565, min_label=0, max_label=92, instance_name='p17.txt');0.010869565419852734;0.2705615162849426;0.16453716158866882;0.03679678961634636
Data(x=[41, 11], edge_index=[2, 8], edge_attr=[8, 2], y=0.0, custom_label=0.0, min_label=0, max_label=92, instance_name='p17.txt');0.0;0.12821237742900848;0.00414203992113471;0.03679678961634636
Data(x=[21, 11], edge_index=[2, 8], edge_attr=[8, 2], y=0.0, custom_label=0.0, min_label=0, max_label=92, instance_name='p17.txt');0.0;0.011972406879067421;0.0008173574460670352;0.03679678961634636
Data(x=[20, 11], edge_index=[2, 8], edge_attr=[8, 2], y=0.0, custom_label=0.0, min_label=0, max_label=92, instance_name='p17.txt');0.0;0.007815703749656677;0.0009009324130602181;0.0
Data(x=[24, 11], edge_index=[2, 8], edge_attr=[8, 2], y=0.0, custom_label=0.0, min_label=0, max_label=92, instance_name='p17.txt');0.0;0.01288428995758295;0.00026629705098457634;0.03679678961634636
Data(x=[23, 11], edge_index=[2, 8], edge_attr=[8, 2], y=0.0, custom_label=0.0, min_label=0, max_label=92, instance_name='p17.txt');0.0;0.05672721564769745;0.0005508226458914578;1.161746383218574e-24
Data(x=[26, 11], edge_index=[2, 8], edge_attr=[8, 2], y=0.0, custom_label=0.0, min_label=0, max_label=92, instance_name='p17.txt');0.0;0.04361599311232567;0.002365871798247099;0.03679678961634636
Data(x=[29, 11], edge_index=[2, 8], edge_attr=[8, 2], y=0.0, custom_label=0.0, min_label=0, max_label=92, instance_name='p17.txt');0.0;0.11135626584291458;0.004163054283708334;0.03679678961634636
Data(x=[21, 11], edge_index=[2, 8], edge_attr=[8, 2], y=0.0, custom_label=0.0, min_label=0, max_label=92, instance_name='p17.txt');0.0;0.004642423242330551;0.0001082359958672896;0.03679678961634636
Data(x=[47, 11], edge_index=[2, 10], edge_attr=[10, 2], y=197.0, custom_label=1.0, min_label=0, max_label=197, instance_name='p18.txt');1.0;0.8161178827285767;0.7284014225006104;0.03679678961634636
Data(x=[47, 11], edge_index=[2, 10], edge_attr=[10, 2], y=196.0, custom_label=0.99492383, min_label=0, max_label=197, instance_name='p18.txt');0.9949238300323486;0.8161178827285767;0.7284014225006104;0.03679678961634636
Data(x=[47, 11], edge_index=[2, 10], edge_attr=[10, 2], y=195.0, custom_label=0.9898477, min_label=0, max_label=197, instance_name='p18.txt');0.989847719669342;0.8161178827285767;0.7284014225006104;0.03679678961634636
Data(x=[47, 11], edge_index=[2, 10], edge_attr=[10, 2], y=194.0, custom_label=0.98477155, min_label=0, max_label=197, instance_name='p18.txt');0.9847715497016907;0.8161178827285767;0.7284014225006104;0.03679678961634636
Data(x=[47, 11], edge_index=[2, 10], edge_attr=[10, 2], y=193.0, custom_label=0.97969544, min_label=0, max_label=197, instance_name='p18.txt');0.9796954393386841;0.8161178827285767;0.7284014225006104;0.03679678961634636
Data(x=[47, 11], edge_index=[2, 10], edge_attr=[10, 2], y=192.0, custom_label=0.97461927, min_label=0, max_label=197, instance_name='p18.txt');0.9746192693710327;0.8161178827285767;0.7284014225006104;0.03679678961634636
Data(x=[47, 11], edge_index=[2, 10], edge_attr=[10, 2], y=191.0, custom_label=0.96954316, min_label=0, max_label=197, instance_name='p18.txt');0.9695431590080261;0.8161178827285767;0.7284014225006104;0.03679678961634636
Data(x=[47, 11], edge_index=[2, 10], edge_attr=[10, 2], y=190.0, custom_label=0.964467, min_label=0, max_label=197, instance_name='p18.txt');0.9644669890403748;0.8161178827285767;0.7284014225006104;0.03679678961634636
Data(x=[47, 11], edge_index=[2, 10], edge_attr=[10, 2], y=189.0, custom_label=0.9593909, min_label=0, max_label=197, instance_name='p18.txt');0.9593908786773682;0.8161178827285767;0.7284014225006104;0.03679678961634636
Data(x=[47, 11], edge_index=[2, 10], edge_attr=[10, 2], y=188.0, custom_label=0.9543147, min_label=0, max_label=197, instance_name='p18.txt');0.9543147087097168;0.8161178827285767;0.7284014225006104;0.03679678961634636
Data(x=[47, 11], edge_index=[2, 10], edge_attr=[10, 2], y=187.0, custom_label=0.9492386, min_label=0, max_label=197, instance_name='p18.txt');0.9492385983467102;0.8161178827285767;0.7284014225006104;0.03679678961634636
Data(x=[47, 11], edge_index=[2, 10], edge_attr=[10, 2], y=186.0, custom_label=0.9441624, min_label=0, max_label=197, instance_name='p18.txt');0.9441624283790588;0.8161178827285767;0.7284014225006104;0.03679678961634636
Data(x=[47, 11], edge_index=[2, 10], edge_attr=[10, 2], y=185.0, custom_label=0.9390863, min_label=0, max_label=197, instance_name='p18.txt');0.9390863180160522;0.8161178827285767;0.7284014225006104;0.03679678961634636
Data(x=[47, 11], edge_index=[2, 10], edge_attr=[10, 2], y=184.0, custom_label=0.93401015, min_label=0, max_label=197, instance_name='p18.txt');0.9340101480484009;0.8161178827285767;0.7284014225006104;0.03679678961634636
Data(x=[47, 11], edge_index=[2, 10], edge_attr=[10, 2], y=183.0, custom_label=0.92893404, min_label=0, max_label=197, instance_name='p18.txt');0.9289340376853943;0.8161178827285767;0.7284014225006104;0.03679678961634636
Data(x=[47, 11], edge_index=[2, 10], edge_attr=[10, 2], y=182.0, custom_label=0.92385787, min_label=0, max_label=197, instance_name='p18.txt');0.9238578677177429;0.8161178827285767;0.7284014225006104;0.03679678961634636
Data(x=[47, 11], edge_index=[2, 10], edge_attr=[10, 2], y=181.0, custom_label=0.9187817, min_label=0, max_label=197, instance_name='p18.txt');0.9187816977500916;0.8161178827285767;0.7284014225006104;0.03679678961634636
Data(x=[47, 11], edge_index=[2, 10], edge_attr=[10, 2], y=180.0, custom_label=0.9137056, min_label=0, max_label=197, instance_name='p18.txt');0.913705587387085;0.8161178827285767;0.7284014225006104;0.03679678961634636
Data(x=[47, 11], edge_index=[2, 10], edge_attr=[10, 2], y=179.0, custom_label=0.9086294, min_label=0, max_label=197, instance_name='p18.txt');0.9086294174194336;0.8161178827285767;0.7284014225006104;0.03679678961634636
Data(x=[47, 11], edge_index=[2, 10], edge_attr=[10, 2], y=178.0, custom_label=0.9035533, min_label=0, max_label=197, instance_name='p18.txt');0.903553307056427;0.8161178827285767;0.7284014225006104;0.03679678961634636
Data(x=[47, 11], edge_index=[2, 10], edge_attr=[10, 2], y=177.0, custom_label=0.89847714, min_label=0, max_label=197, instance_name='p18.txt');0.8984771370887756;0.8161178827285767;0.7284014225006104;0.03679678961634636
Data(x=[47, 11], edge_index=[2, 10], edge_attr=[10, 2], y=176.0, custom_label=0.893401, min_label=0, max_label=197, instance_name='p18.txt');0.893401026725769;0.8161178827285767;0.7284014225006104;0.03679678961634636
Data(x=[47, 11], edge_index=[2, 10], edge_attr=[10, 2], y=175.0, custom_label=0.88832486, min_label=0, max_label=197, instance_name='p18.txt');0.8883248567581177;0.8161178827285767;0.7284014225006104;0.03679678961634636
Data(x=[47, 11], edge_index=[2, 10], edge_attr=[10, 2], y=174.0, custom_label=0.88324875, min_label=0, max_label=197, instance_name='p18.txt');0.8832487463951111;0.8161178827285767;0.7284014225006104;0.03679678961634636
Data(x=[47, 11], edge_index=[2, 10], edge_attr=[10, 2], y=173.0, custom_label=0.8781726, min_label=0, max_label=197, instance_name='p18.txt');0.8781725764274597;0.8161178827285767;0.7284014225006104;0.03679678961634636
Data(x=[47, 11], edge_index=[2, 10], edge_attr=[10, 2], y=172.0, custom_label=0.87309647, min_label=0, max_label=197, instance_name='p18.txt');0.8730964660644531;0.8161178827285767;0.7284014225006104;0.03679678961634636
Data(x=[47, 11], edge_index=[2, 10], edge_attr=[10, 2], y=171.0, custom_label=0.8680203, min_label=0, max_label=197, instance_name='p18.txt');0.8680202960968018;0.8161178827285767;0.7284014225006104;0.03679678961634636
Data(x=[47, 11], edge_index=[2, 10], edge_attr=[10, 2], y=170.0, custom_label=0.8629442, min_label=0, max_label=197, instance_name='p18.txt');0.8629441857337952;0.8161178827285767;0.7284014225006104;0.03679678961634636
Data(x=[47, 11], edge_index=[2, 10], edge_attr=[10, 2], y=169.0, custom_label=0.857868, min_label=0, max_label=197, instance_name='p18.txt');0.8578680157661438;0.8161178827285767;0.7284014225006104;0.03679678961634636
Data(x=[47, 11], edge_index=[2, 10], edge_attr=[10, 2], y=168.0, custom_label=0.8527919, min_label=0, max_label=197, instance_name='p18.txt');0.8527919054031372;0.8161178827285767;0.7284014225006104;0.03679678961634636
Data(x=[47, 11], edge_index=[2, 10], edge_attr=[10, 2], y=167.0, custom_label=0.84771574, min_label=0, max_label=197, instance_name='p18.txt');0.8477157354354858;0.8161178827285767;0.7284014225006104;0.03679678961634636
Data(x=[47, 11], edge_index=[2, 10], edge_attr=[10, 2], y=166.0, custom_label=0.84263957, min_label=0, max_label=197, instance_name='p18.txt');0.8426395654678345;0.8161178827285767;0.7284014225006104;0.03679678961634636
Data(x=[47, 11], edge_index=[2, 10], edge_attr=[10, 2], y=165.0, custom_label=0.83756346, min_label=0, max_label=197, instance_name='p18.txt');0.8375634551048279;0.8161178827285767;0.7284014225006104;0.03679678961634636
Data(x=[47, 11], edge_index=[2, 10], edge_attr=[10, 2], y=164.0, custom_label=0.8324873, min_label=0, max_label=197, instance_name='p18.txt');0.8324872851371765;0.8161178827285767;0.7284014225006104;0.03679678961634636
Data(x=[47, 11], edge_index=[2, 10], edge_attr=[10, 2], y=163.0, custom_label=0.8274112, min_label=0, max_label=197, instance_name='p18.txt');0.8274111747741699;0.8161178827285767;0.7284014225006104;0.03679678961634636
Data(x=[47, 11], edge_index=[2, 10], edge_attr=[10, 2], y=162.0, custom_label=0.822335, min_label=0, max_label=197, instance_name='p18.txt');0.8223350048065186;0.8161178827285767;0.7284014225006104;0.03679678961634636
Data(x=[47, 11], edge_index=[2, 10], edge_attr=[10, 2], y=161.0, custom_label=0.8172589, min_label=0, max_label=197, instance_name='p18.txt');0.817258894443512;0.8161178827285767;0.7284014225006104;0.03679678961634636
Data(x=[47, 11], edge_index=[2, 10], edge_attr=[10, 2], y=160.0, custom_label=0.8121827, min_label=0, max_label=197, instance_name='p18.txt');0.8121827244758606;0.8161178827285767;0.7284014225006104;0.03679678961634636
Data(x=[47, 11], edge_index=[2, 10], edge_attr=[10, 2], y=159.0, custom_label=0.8071066, min_label=0, max_label=197, instance_name='p18.txt');0.807106614112854;0.8161178827285767;0.7284014225006104;0.03679678961634636
Data(x=[47, 11], edge_index=[2, 10], edge_attr=[10, 2], y=158.0, custom_label=0.80203044, min_label=0, max_label=197, instance_name='p18.txt');0.8020304441452026;0.8161178827285767;0.7284014225006104;0.03679678961634636
Data(x=[47, 11], edge_index=[2, 10], edge_attr=[10, 2], y=157.0, custom_label=0.79695433, min_label=0, max_label=197, instance_name='p18.txt');0.796954333782196;0.8161178827285767;0.7284014225006104;0.03679678961634636
Data(x=[47, 11], edge_index=[2, 10], edge_attr=[10, 2], y=156.0, custom_label=0.79187816, min_label=0, max_label=197, instance_name='p18.txt');0.7918781638145447;0.8161178827285767;0.7284014225006104;0.03679678961634636
Data(x=[47, 11], edge_index=[2, 10], edge_attr=[10, 2], y=155.0, custom_label=0.78680205, min_label=0, max_label=197, instance_name='p18.txt');0.7868020534515381;0.8161178827285767;0.7284014225006104;0.03679678961634636
Data(x=[47, 11], edge_index=[2, 10], edge_attr=[10, 2], y=154.0, custom_label=0.7817259, min_label=0, max_label=197, instance_name='p18.txt');0.7817258834838867;0.8161178827285767;0.7284014225006104;0.03679678961634636
Data(x=[47, 11], edge_index=[2, 10], edge_attr=[10, 2], y=153.0, custom_label=0.7766498, min_label=0, max_label=197, instance_name='p18.txt');0.7766497731208801;0.8161178827285767;0.7284014225006104;0.03679678961634636
Data(x=[47, 11], edge_index=[2, 10], edge_attr=[10, 2], y=152.0, custom_label=0.7715736, min_label=0, max_label=197, instance_name='p18.txt');0.7715736031532288;0.8161178827285767;0.7284014225006104;0.03679678961634636
Data(x=[47, 11], edge_index=[2, 10], edge_attr=[10, 2], y=151.0, custom_label=0.76649743, min_label=0, max_label=197, instance_name='p18.txt');0.7664974331855774;0.8161178827285767;0.7284014225006104;0.03679678961634636
Data(x=[47, 11], edge_index=[2, 10], edge_attr=[10, 2], y=150.0, custom_label=0.7614213, min_label=0, max_label=197, instance_name='p18.txt');0.7614213228225708;0.8161178827285767;0.7284014225006104;0.03679678961634636
Data(x=[47, 11], edge_index=[2, 10], edge_attr=[10, 2], y=149.0, custom_label=0.75634515, min_label=0, max_label=197, instance_name='p18.txt');0.7563451528549194;0.8161178827285767;0.7284014225006104;0.03679678961634636
Data(x=[47, 11], edge_index=[2, 10], edge_attr=[10, 2], y=148.0, custom_label=0.75126904, min_label=0, max_label=197, instance_name='p18.txt');0.7512690424919128;0.8161178827285767;0.7284014225006104;0.03679678961634636
Data(x=[47, 11], edge_index=[2, 10], edge_attr=[10, 2], y=147.0, custom_label=0.7461929, min_label=0, max_label=197, instance_name='p18.txt');0.7461928725242615;0.8161178827285767;0.7284014225006104;0.03679678961634636
Data(x=[47, 11], edge_index=[2, 10], edge_attr=[10, 2], y=146.0, custom_label=0.74111676, min_label=0, max_label=197, instance_name='p18.txt');0.7411167621612549;0.8161178827285767;0.7284014225006104;0.03679678961634636
Data(x=[47, 11], edge_index=[2, 10], edge_attr=[10, 2], y=145.0, custom_label=0.7360406, min_label=0, max_label=197, instance_name='p18.txt');0.7360405921936035;0.8161178827285767;0.7284014225006104;0.03679678961634636
Data(x=[47, 11], edge_index=[2, 10], edge_attr=[10, 2], y=144.0, custom_label=0.7309645, min_label=0, max_label=197, instance_name='p18.txt');0.7309644818305969;0.8161178827285767;0.7284014225006104;0.03679678961634636
Data(x=[47, 11], edge_index=[2, 10], edge_attr=[10, 2], y=143.0, custom_label=0.7258883, min_label=0, max_label=197, instance_name='p18.txt');0.7258883118629456;0.8161178827285767;0.7284014225006104;0.03679678961634636
Data(x=[47, 11], edge_index=[2, 10], edge_attr=[10, 2], y=142.0, custom_label=0.7208122, min_label=0, max_label=197, instance_name='p18.txt');0.720812201499939;0.8161178827285767;0.7284014225006104;0.03679678961634636
Data(x=[47, 11], edge_index=[2, 10], edge_attr=[10, 2], y=141.0, custom_label=0.71573603, min_label=0, max_label=197, instance_name='p18.txt');0.7157360315322876;0.8161178827285767;0.7284014225006104;0.03679678961634636
Data(x=[47, 11], edge_index=[2, 10], edge_attr=[10, 2], y=140.0, custom_label=0.7106599, min_label=0, max_label=197, instance_name='p18.txt');0.710659921169281;0.8161178827285767;0.7284014225006104;0.03679678961634636
Data(x=[47, 11], edge_index=[2, 10], edge_attr=[10, 2], y=139.0, custom_label=0.70558375, min_label=0, max_label=197, instance_name='p18.txt');0.7055837512016296;0.8161178827285767;0.7284014225006104;0.03679678961634636
Data(x=[47, 11], edge_index=[2, 10], edge_attr=[10, 2], y=138.0, custom_label=0.70050764, min_label=0, max_label=197, instance_name='p18.txt');0.700507640838623;0.8161178827285767;0.7284014225006104;0.03679678961634636
Data(x=[47, 11], edge_index=[2, 10], edge_attr=[10, 2], y=137.0, custom_label=0.6954315, min_label=0, max_label=197, instance_name='p18.txt');0.6954314708709717;0.8161178827285767;0.7284014225006104;0.03679678961634636
Data(x=[47, 11], edge_index=[2, 10], edge_attr=[10, 2], y=136.0, custom_label=0.6903553, min_label=0, max_label=197, instance_name='p18.txt');0.6903553009033203;0.8161178827285767;0.7284014225006104;0.03679678961634636
Data(x=[47, 11], edge_index=[2, 10], edge_attr=[10, 2], y=135.0, custom_label=0.6852792, min_label=0, max_label=197, instance_name='p18.txt');0.6852791905403137;0.8161178827285767;0.7284014225006104;0.03679678961634636
Data(x=[47, 11], edge_index=[2, 10], edge_attr=[10, 2], y=134.0, custom_label=0.680203, min_label=0, max_label=197, instance_name='p18.txt');0.6802030205726624;0.8161178827285767;0.7284014225006104;0.03679678961634636
Data(x=[47, 11], edge_index=[2, 10], edge_attr=[10, 2], y=133.0, custom_label=0.6751269, min_label=0, max_label=197, instance_name='p18.txt');0.6751269102096558;0.8161178827285767;0.7284014225006104;0.03679678961634636
Data(x=[47, 11], edge_index=[2, 10], edge_attr=[10, 2], y=132.0, custom_label=0.67005074, min_label=0, max_label=197, instance_name='p18.txt');0.6700507402420044;0.8161178827285767;0.7284014225006104;0.03679678961634636
Data(x=[47, 11], edge_index=[2, 10], edge_attr=[10, 2], y=131.0, custom_label=0.66497463, min_label=0, max_label=197, instance_name='p18.txt');0.6649746298789978;0.8161178827285767;0.7284014225006104;0.03679678961634636
Data(x=[47, 11], edge_index=[2, 10], edge_attr=[10, 2], y=130.0, custom_label=0.65989846, min_label=0, max_label=197, instance_name='p18.txt');0.6598984599113464;0.8161178827285767;0.7284014225006104;0.03679678961634636
Data(x=[47, 11], edge_index=[2, 10], edge_attr=[10, 2], y=129.0, custom_label=0.65482235, min_label=0, max_label=197, instance_name='p18.txt');0.6548223495483398;0.8161178827285767;0.7284014225006104;0.03679678961634636
Data(x=[47, 11], edge_index=[2, 10], edge_attr=[10, 2], y=128.0, custom_label=0.6497462, min_label=0, max_label=197, instance_name='p18.txt');0.6497461795806885;0.8161178827285767;0.7284014225006104;0.03679678961634636
Data(x=[47, 11], edge_index=[2, 10], edge_attr=[10, 2], y=127.0, custom_label=0.64467007, min_label=0, max_label=197, instance_name='p18.txt');0.6446700692176819;0.8161178827285767;0.7284014225006104;0.03679678961634636
Data(x=[47, 11], edge_index=[2, 10], edge_attr=[10, 2], y=126.0, custom_label=0.6395939, min_label=0, max_label=197, instance_name='p18.txt');0.6395938992500305;0.8161178827285767;0.7284014225006104;0.03679678961634636
Data(x=[47, 11], edge_index=[2, 10], edge_attr=[10, 2], y=125.0, custom_label=0.6345178, min_label=0, max_label=197, instance_name='p18.txt');0.6345177888870239;0.8161178827285767;0.7284014225006104;0.03679678961634636
Data(x=[47, 11], edge_index=[2, 10], edge_attr=[10, 2], y=124.0, custom_label=0.6294416, min_label=0, max_label=197, instance_name='p18.txt');0.6294416189193726;0.8161178827285767;0.7284014225006104;0.03679678961634636
Data(x=[47, 11], edge_index=[2, 10], edge_attr=[10, 2], y=123.0, custom_label=0.6243655, min_label=0, max_label=197, instance_name='p18.txt');0.624365508556366;0.8161178827285767;0.7284014225006104;0.03679678961634636
Data(x=[47, 11], edge_index=[2, 10], edge_attr=[10, 2], y=122.0, custom_label=0.61928934, min_label=0, max_label=197, instance_name='p18.txt');0.6192893385887146;0.8161178827285767;0.7284014225006104;0.03679678961634636
Data(x=[47, 11], edge_index=[2, 10], edge_attr=[10, 2], y=121.0, custom_label=0.61421317, min_label=0, max_label=197, instance_name='p18.txt');0.6142131686210632;0.8161178827285767;0.7284014225006104;0.03679678961634636
Data(x=[47, 11], edge_index=[2, 10], edge_attr=[10, 2], y=120.0, custom_label=0.60913706, min_label=0, max_label=197, instance_name='p18.txt');0.6091370582580566;0.8161178827285767;0.7284014225006104;0.03679678961634636
Data(x=[47, 11], edge_index=[2, 10], edge_attr=[10, 2], y=119.0, custom_label=0.6040609, min_label=0, max_label=197, instance_name='p18.txt');0.6040608882904053;0.8161178827285767;0.7284014225006104;0.03679678961634636
Data(x=[47, 11], edge_index=[2, 10], edge_attr=[10, 2], y=118.0, custom_label=0.5989848, min_label=0, max_label=197, instance_name='p18.txt');0.5989847779273987;0.8161178827285767;0.7284014225006104;0.03679678961634636
Data(x=[47, 11], edge_index=[2, 10], edge_attr=[10, 2], y=117.0, custom_label=0.5939086, min_label=0, max_label=197, instance_name='p18.txt');0.5939086079597473;0.8161178827285767;0.7284014225006104;0.03679678961634636
Data(x=[47, 11], edge_index=[2, 10], edge_attr=[10, 2], y=116.0, custom_label=0.5888325, min_label=0, max_label=197, instance_name='p18.txt');0.5888324975967407;0.8161178827285767;0.7284014225006104;0.03679678961634636
Data(x=[47, 11], edge_index=[2, 10], edge_attr=[10, 2], y=115.0, custom_label=0.5837563, min_label=0, max_label=197, instance_name='p18.txt');0.5837563276290894;0.8161178827285767;0.7284014225006104;0.03679678961634636
Data(x=[47, 11], edge_index=[2, 10], edge_attr=[10, 2], y=114.0, custom_label=0.5786802, min_label=0, max_label=197, instance_name='p18.txt');0.5786802172660828;0.8161178827285767;0.7284014225006104;0.03679678961634636
Data(x=[47, 11], edge_index=[2, 10], edge_attr=[10, 2], y=113.0, custom_label=0.57360405, min_label=0, max_label=197, instance_name='p18.txt');0.5736040472984314;0.8161178827285767;0.7284014225006104;0.03679678961634636
Data(x=[47, 11], edge_index=[2, 10], edge_attr=[10, 2], y=112.0, custom_label=0.56852794, min_label=0, max_label=197, instance_name='p18.txt');0.5685279369354248;0.8161178827285767;0.7284014225006104;0.03679678961634636
Data(x=[47, 11], edge_index=[2, 10], edge_attr=[10, 2], y=111.0, custom_label=0.56345177, min_label=0, max_label=197, instance_name='p18.txt');0.5634517669677734;0.8161178827285767;0.7284014225006104;0.03679678961634636
Data(x=[47, 11], edge_index=[2, 10], edge_attr=[10, 2], y=110.0, custom_label=0.55837566, min_label=0, max_label=197, instance_name='p18.txt');0.5583756566047668;0.8161178827285767;0.7284014225006104;0.03679678961634636
Data(x=[47, 11], edge_index=[2, 10], edge_attr=[10, 2], y=109.0, custom_label=0.5532995, min_label=0, max_label=197, instance_name='p18.txt');0.5532994866371155;0.8161178827285767;0.7284014225006104;0.03679678961634636
Data(x=[47, 11], edge_index=[2, 10], edge_attr=[10, 2], y=108.0, custom_label=0.5482234, min_label=0, max_label=197, instance_name='p18.txt');0.5482233762741089;0.8161178827285767;0.7284014225006104;0.03679678961634636
Data(x=[47, 11], edge_index=[2, 10], edge_attr=[10, 2], y=107.0, custom_label=0.5431472, min_label=0, max_label=197, instance_name='p18.txt');0.5431472063064575;0.8161178827285767;0.7284014225006104;0.03679678961634636
Data(x=[47, 11], edge_index=[2, 10], edge_attr=[10, 2], y=106.0, custom_label=0.53807104, min_label=0, max_label=197, instance_name='p18.txt');0.5380710363388062;0.5776230692863464;0.3678666055202484;0.03679678961634636
Data(x=[47, 11], edge_index=[2, 10], edge_attr=[10, 2], y=105.0, custom_label=0.5329949, min_label=0, max_label=197, instance_name='p18.txt');0.5329949259757996;0.8161178827285767;0.7284014225006104;0.03679678961634636
Data(x=[47, 11], edge_index=[2, 10], edge_attr=[10, 2], y=104.0, custom_label=0.52791876, min_label=0, max_label=197, instance_name='p18.txt');0.5279187560081482;0.8161178827285767;0.7284014225006104;0.03679678961634636
Data(x=[47, 11], edge_index=[2, 10], edge_attr=[10, 2], y=103.0, custom_label=0.52284265, min_label=0, max_label=197, instance_name='p18.txt');0.5228426456451416;0.8161178827285767;0.7284014225006104;0.03679678961634636
Data(x=[47, 11], edge_index=[2, 10], edge_attr=[10, 2], y=102.0, custom_label=0.5177665, min_label=0, max_label=197, instance_name='p18.txt');0.5177664756774902;0.8161178827285767;0.7284014225006104;0.03679678961634636
Data(x=[47, 11], edge_index=[2, 10], edge_attr=[10, 2], y=101.0, custom_label=0.51269037, min_label=0, max_label=197, instance_name='p18.txt');0.5126903653144836;0.8161178827285767;0.7284014225006104;0.03679678961634636
Data(x=[47, 11], edge_index=[2, 10], edge_attr=[10, 2], y=100.0, custom_label=0.5076142, min_label=0, max_label=197, instance_name='p18.txt');0.5076141953468323;0.5776230692863464;0.3678666055202484;0.03679678961634636
Data(x=[47, 11], edge_index=[2, 10], edge_attr=[10, 2], y=99.0, custom_label=0.5025381, min_label=0, max_label=197, instance_name='p18.txt');0.5025380849838257;0.5776230692863464;0.3678666055202484;0.03679678961634636
Data(x=[47, 11], edge_index=[2, 10], edge_attr=[10, 2], y=98.0, custom_label=0.49746192, min_label=0, max_label=197, instance_name='p18.txt');0.4974619150161743;0.5776230692863464;0.3678666055202484;0.03679678961634636
Data(x=[47, 11], edge_index=[2, 10], edge_attr=[10, 2], y=97.0, custom_label=0.49238577, min_label=0, max_label=197, instance_name='p18.txt');0.49238577485084534;0.5776230692863464;0.3678666055202484;0.03679678961634636
Data(x=[47, 11], edge_index=[2, 10], edge_attr=[10, 2], y=96.0, custom_label=0.48730963, min_label=0, max_label=197, instance_name='p18.txt');0.48730963468551636;0.5776230692863464;0.3678666055202484;0.03679678961634636
Data(x=[47, 11], edge_index=[2, 10], edge_attr=[10, 2], y=95.0, custom_label=0.4822335, min_label=0, max_label=197, instance_name='p18.txt');0.4822334945201874;0.5776230692863464;0.3678666055202484;0.03679678961634636
Data(x=[47, 11], edge_index=[2, 10], edge_attr=[10, 2], y=94.0, custom_label=0.47715735, min_label=0, max_label=197, instance_name='p18.txt');0.4771573543548584;0.5776230692863464;0.3678666055202484;0.03679678961634636
Data(x=[47, 11], edge_index=[2, 10], edge_attr=[10, 2], y=93.0, custom_label=0.4720812, min_label=0, max_label=197, instance_name='p18.txt');0.4720812141895294;0.5776230692863464;0.3678666055202484;0.03679678961634636
Data(x=[47, 11], edge_index=[2, 10], edge_attr=[10, 2], y=92.0, custom_label=0.46700507, min_label=0, max_label=197, instance_name='p18.txt');0.46700507402420044;0.5776230692863464;0.3678666055202484;0.03679678961634636
Data(x=[47, 11], edge_index=[2, 10], edge_attr=[10, 2], y=91.0, custom_label=0.46192893, min_label=0, max_label=197, instance_name='p18.txt');0.46192893385887146;0.5776230692863464;0.3678666055202484;0.03679678961634636
Data(x=[47, 11], edge_index=[2, 10], edge_attr=[10, 2], y=90.0, custom_label=0.4568528, min_label=0, max_label=197, instance_name='p18.txt');0.4568527936935425;0.5776230692863464;0.3678666055202484;0.03679678961634636
Data(x=[47, 11], edge_index=[2, 10], edge_attr=[10, 2], y=89.0, custom_label=0.45177665, min_label=0, max_label=197, instance_name='p18.txt');0.4517766535282135;0.5776230692863464;0.3678666055202484;0.03679678961634636
Data(x=[47, 11], edge_index=[2, 10], edge_attr=[10, 2], y=88.0, custom_label=0.4467005, min_label=0, max_label=197, instance_name='p18.txt');0.4467005133628845;0.5776230692863464;0.3678666055202484;0.03679678961634636
Data(x=[47, 11], edge_index=[2, 10], edge_attr=[10, 2], y=87.0, custom_label=0.44162437, min_label=0, max_label=197, instance_name='p18.txt');0.44162437319755554;0.5776230692863464;0.3678666055202484;0.03679678961634636
Data(x=[47, 11], edge_index=[2, 10], edge_attr=[10, 2], y=86.0, custom_label=0.43654823, min_label=0, max_label=197, instance_name='p18.txt');0.43654823303222656;0.5776230692863464;0.3678666055202484;0.03679678961634636
Data(x=[47, 11], edge_index=[2, 10], edge_attr=[10, 2], y=85.0, custom_label=0.4314721, min_label=0, max_label=197, instance_name='p18.txt');0.4314720928668976;0.5776230692863464;0.3678666055202484;0.03679678961634636
Data(x=[47, 11], edge_index=[2, 10], edge_attr=[10, 2], y=84.0, custom_label=0.42639595, min_label=0, max_label=197, instance_name='p18.txt');0.4263959527015686;0.5776230692863464;0.3678666055202484;0.03679678961634636
Data(x=[47, 11], edge_index=[2, 10], edge_attr=[10, 2], y=83.0, custom_label=0.42131978, min_label=0, max_label=197, instance_name='p18.txt');0.42131978273391724;0.5776230692863464;0.3678666055202484;0.03679678961634636
Data(x=[47, 11], edge_index=[2, 10], edge_attr=[10, 2], y=82.0, custom_label=0.41624364, min_label=0, max_label=197, instance_name='p18.txt');0.41624364256858826;0.5776230692863464;0.3678666055202484;0.03679678961634636
Data(x=[47, 11], edge_index=[2, 10], edge_attr=[10, 2], y=81.0, custom_label=0.4111675, min_label=0, max_label=197, instance_name='p18.txt');0.4111675024032593;0.5776230692863464;0.3678666055202484;0.03679678961634636
Data(x=[47, 11], edge_index=[2, 10], edge_attr=[10, 2], y=80.0, custom_label=0.40609136, min_label=0, max_label=197, instance_name='p18.txt');0.4060913622379303;0.5776230692863464;0.3678666055202484;0.03679678961634636
Data(x=[47, 11], edge_index=[2, 10], edge_attr=[10, 2], y=79.0, custom_label=0.40101522, min_label=0, max_label=197, instance_name='p18.txt');0.4010152220726013;0.5776230692863464;0.3678666055202484;0.03679678961634636
Data(x=[47, 11], edge_index=[2, 10], edge_attr=[10, 2], y=78.0, custom_label=0.39593908, min_label=0, max_label=197, instance_name='p18.txt');0.39593908190727234;0.5776230692863464;0.3678666055202484;0.03679678961634636
Data(x=[47, 11], edge_index=[2, 10], edge_attr=[10, 2], y=77.0, custom_label=0.39086294, min_label=0, max_label=197, instance_name='p18.txt');0.39086294174194336;0.5776230692863464;0.3678666055202484;0.03679678961634636
Data(x=[47, 11], edge_index=[2, 10], edge_attr=[10, 2], y=76.0, custom_label=0.3857868, min_label=0, max_label=197, instance_name='p18.txt');0.3857868015766144;0.5776230692863464;0.3678666055202484;0.03679678961634636
Data(x=[47, 11], edge_index=[2, 10], edge_attr=[10, 2], y=75.0, custom_label=0.38071066, min_label=0, max_label=197, instance_name='p18.txt');0.3807106614112854;0.5776230692863464;0.3678666055202484;0.03679678961634636
Data(x=[47, 11], edge_index=[2, 10], edge_attr=[10, 2], y=74.0, custom_label=0.37563452, min_label=0, max_label=197, instance_name='p18.txt');0.3756345212459564;0.5776230692863464;0.3678666055202484;0.03679678961634636
Data(x=[47, 11], edge_index=[2, 10], edge_attr=[10, 2], y=73.0, custom_label=0.37055838, min_label=0, max_label=197, instance_name='p18.txt');0.37055838108062744;0.5776230692863464;0.3678666055202484;0.03679678961634636
Data(x=[47, 11], edge_index=[2, 10], edge_attr=[10, 2], y=72.0, custom_label=0.36548224, min_label=0, max_label=197, instance_name='p18.txt');0.36548224091529846;0.5776230692863464;0.3678666055202484;0.03679678961634636
Data(x=[47, 11], edge_index=[2, 10], edge_attr=[10, 2], y=71.0, custom_label=0.3604061, min_label=0, max_label=197, instance_name='p18.txt');0.3604061007499695;0.5776230692863464;0.3678666055202484;0.03679678961634636
Data(x=[47, 11], edge_index=[2, 10], edge_attr=[10, 2], y=70.0, custom_label=0.35532996, min_label=0, max_label=197, instance_name='p18.txt');0.3553299605846405;0.3347766399383545;0.2210397720336914;0.03679678961634636
Data(x=[47, 11], edge_index=[2, 10], edge_attr=[10, 2], y=69.0, custom_label=0.35025382, min_label=0, max_label=197, instance_name='p18.txt');0.3502538204193115;0.5776230692863464;0.3678666055202484;0.03679678961634636
Data(x=[47, 11], edge_index=[2, 10], edge_attr=[10, 2], y=68.0, custom_label=0.34517765, min_label=0, max_label=197, instance_name='p18.txt');0.34517765045166016;0.5776230692863464;0.3678666055202484;0.03679678961634636
Data(x=[47, 11], edge_index=[2, 10], edge_attr=[10, 2], y=67.0, custom_label=0.3401015, min_label=0, max_label=197, instance_name='p18.txt');0.3401015102863312;0.5776230692863464;0.3678666055202484;0.03679678961634636
Data(x=[47, 11], edge_index=[2, 10], edge_attr=[10, 2], y=66.0, custom_label=0.33502537, min_label=0, max_label=197, instance_name='p18.txt');0.3350253701210022;0.5776230692863464;0.3678666055202484;0.03679678961634636
Data(x=[47, 11], edge_index=[2, 10], edge_attr=[10, 2], y=65.0, custom_label=0.32994923, min_label=0, max_label=197, instance_name='p18.txt');0.3299492299556732;0.5776230692863464;0.3678666055202484;0.03679678961634636
Data(x=[47, 11], edge_index=[2, 10], edge_attr=[10, 2], y=64.0, custom_label=0.3248731, min_label=0, max_label=197, instance_name='p18.txt');0.32487308979034424;0.5776230692863464;0.3678666055202484;0.03679678961634636
Data(x=[47, 11], edge_index=[2, 10], edge_attr=[10, 2], y=63.0, custom_label=0.31979695, min_label=0, max_label=197, instance_name='p18.txt');0.31979694962501526;0.5776230692863464;0.3678666055202484;0.03679678961634636
Data(x=[47, 11], edge_index=[2, 10], edge_attr=[10, 2], y=62.0, custom_label=0.3147208, min_label=0, max_label=197, instance_name='p18.txt');0.3147208094596863;0.5776230692863464;0.3678666055202484;0.03679678961634636
Data(x=[47, 11], edge_index=[2, 10], edge_attr=[10, 2], y=61.0, custom_label=0.30964467, min_label=0, max_label=197, instance_name='p18.txt');0.3096446692943573;0.5776230692863464;0.3678666055202484;0.03679678961634636
Data(x=[47, 11], edge_index=[2, 10], edge_attr=[10, 2], y=60.0, custom_label=0.30456853, min_label=0, max_label=197, instance_name='p18.txt');0.3045685291290283;0.5776230692863464;0.3678666055202484;0.03679678961634636
Data(x=[47, 11], edge_index=[2, 10], edge_attr=[10, 2], y=59.0, custom_label=0.2994924, min_label=0, max_label=197, instance_name='p18.txt');0.29949238896369934;0.5776230692863464;0.3678666055202484;0.03679678961634636
Data(x=[47, 11], edge_index=[2, 10], edge_attr=[10, 2], y=58.0, custom_label=0.29441625, min_label=0, max_label=197, instance_name='p18.txt');0.29441624879837036;0.5776230692863464;0.3678666055202484;0.03679678961634636
Data(x=[47, 11], edge_index=[2, 10], edge_attr=[10, 2], y=57.0, custom_label=0.2893401, min_label=0, max_label=197, instance_name='p18.txt');0.2893401086330414;0.5776230692863464;0.3678666055202484;0.03679678961634636
Data(x=[47, 11], edge_index=[2, 10], edge_attr=[10, 2], y=56.0, custom_label=0.28426397, min_label=0, max_label=197, instance_name='p18.txt');0.2842639684677124;0.5776230692863464;0.3678666055202484;0.03679678961634636
Data(x=[47, 11], edge_index=[2, 10], edge_attr=[10, 2], y=55.0, custom_label=0.27918783, min_label=0, max_label=197, instance_name='p18.txt');0.2791878283023834;0.5776230692863464;0.3678666055202484;0.03679678961634636
Data(x=[47, 11], edge_index=[2, 10], edge_attr=[10, 2], y=54.0, custom_label=0.2741117, min_label=0, max_label=197, instance_name='p18.txt');0.27411168813705444;0.3347766399383545;0.2210397720336914;0.03679678961634636
Data(x=[47, 11], edge_index=[2, 10], edge_attr=[10, 2], y=53.0, custom_label=0.26903552, min_label=0, max_label=197, instance_name='p18.txt');0.2690355181694031;0.2025415003299713;0.11605044454336166;0.03679678961634636
Data(x=[47, 11], edge_index=[2, 10], edge_attr=[10, 2], y=52.0, custom_label=0.26395938, min_label=0, max_label=197, instance_name='p18.txt');0.2639593780040741;0.2025415003299713;0.11605044454336166;0.03679678961634636
Data(x=[47, 11], edge_index=[2, 10], edge_attr=[10, 2], y=51.0, custom_label=0.25888324, min_label=0, max_label=197, instance_name='p18.txt');0.2588832378387451;0.2025415003299713;0.11605044454336166;0.03679678961634636
Data(x=[47, 11], edge_index=[2, 10], edge_attr=[10, 2], y=50.0, custom_label=0.2538071, min_label=0, max_label=197, instance_name='p18.txt');0.25380709767341614;0.2025415003299713;0.11605044454336166;0.03679678961634636
Data(x=[47, 11], edge_index=[2, 10], edge_attr=[10, 2], y=49.0, custom_label=0.24873096, min_label=0, max_label=197, instance_name='p18.txt');0.24873095750808716;0.2025415003299713;0.11605044454336166;0.03679678961634636
Data(x=[47, 11], edge_index=[2, 10], edge_attr=[10, 2], y=48.0, custom_label=0.24365482, min_label=0, max_label=197, instance_name='p18.txt');0.24365481734275818;0.2025415003299713;0.11605044454336166;0.03679678961634636
Data(x=[47, 11], edge_index=[2, 10], edge_attr=[10, 2], y=47.0, custom_label=0.23857868, min_label=0, max_label=197, instance_name='p18.txt');0.2385786771774292;0.2025415003299713;0.11605044454336166;0.03679678961634636
Data(x=[47, 11], edge_index=[2, 10], edge_attr=[10, 2], y=46.0, custom_label=0.23350254, min_label=0, max_label=197, instance_name='p18.txt');0.23350253701210022;0.2025415003299713;0.11605044454336166;0.03679678961634636
Data(x=[47, 11], edge_index=[2, 10], edge_attr=[10, 2], y=45.0, custom_label=0.2284264, min_label=0, max_label=197, instance_name='p18.txt');0.22842639684677124;0.2025415003299713;0.11605044454336166;0.03679678961634636
Data(x=[47, 11], edge_index=[2, 10], edge_attr=[10, 2], y=44.0, custom_label=0.22335026, min_label=0, max_label=197, instance_name='p18.txt');0.22335025668144226;0.2025415003299713;0.11605044454336166;0.03679678961634636
Data(x=[47, 11], edge_index=[2, 10], edge_attr=[10, 2], y=43.0, custom_label=0.21827412, min_label=0, max_label=197, instance_name='p18.txt');0.21827411651611328;0.2025415003299713;0.11605044454336166;0.03679678961634636
Data(x=[47, 11], edge_index=[2, 10], edge_attr=[10, 2], y=42.0, custom_label=0.21319798, min_label=0, max_label=197, instance_name='p18.txt');0.2131979763507843;0.2025415003299713;0.11605044454336166;0.03679678961634636
Data(x=[47, 11], edge_index=[2, 10], edge_attr=[10, 2], y=41.0, custom_label=0.20812182, min_label=0, max_label=197, instance_name='p18.txt');0.20812182128429413;0.2025415003299713;0.11605044454336166;0.03679678961634636
Data(x=[47, 11], edge_index=[2, 10], edge_attr=[10, 2], y=40.0, custom_label=0.20304568, min_label=0, max_label=197, instance_name='p18.txt');0.20304568111896515;0.2025415003299713;0.11605044454336166;0.03679678961634636
Data(x=[47, 11], edge_index=[2, 10], edge_attr=[10, 2], y=39.0, custom_label=0.19796954, min_label=0, max_label=197, instance_name='p18.txt');0.19796954095363617;0.2025415003299713;0.11605044454336166;0.03679678961634636
Data(x=[47, 11], edge_index=[2, 10], edge_attr=[10, 2], y=38.0, custom_label=0.1928934, min_label=0, max_label=197, instance_name='p18.txt');0.1928934007883072;0.2025415003299713;0.11605044454336166;0.03679678961634636
Data(x=[47, 11], edge_index=[2, 10], edge_attr=[10, 2], y=37.0, custom_label=0.18781726, min_label=0, max_label=197, instance_name='p18.txt');0.1878172606229782;0.2025415003299713;0.11605044454336166;0.03679678961634636
Data(x=[47, 11], edge_index=[2, 10], edge_attr=[10, 2], y=36.0, custom_label=0.18274112, min_label=0, max_label=197, instance_name='p18.txt');0.18274112045764923;0.2025415003299713;0.11605044454336166;0.03679678961634636
Data(x=[47, 11], edge_index=[2, 10], edge_attr=[10, 2], y=35.0, custom_label=0.17766498, min_label=0, max_label=197, instance_name='p18.txt');0.17766498029232025;0.2025415003299713;0.11605044454336166;0.03679678961634636
Data(x=[47, 11], edge_index=[2, 10], edge_attr=[10, 2], y=34.0, custom_label=0.17258883, min_label=0, max_label=197, instance_name='p18.txt');0.17258882522583008;0.2025415003299713;0.11605044454336166;0.03679678961634636
Data(x=[47, 11], edge_index=[2, 10], edge_attr=[10, 2], y=33.0, custom_label=0.16751269, min_label=0, max_label=197, instance_name='p18.txt');0.1675126850605011;0.2025415003299713;0.11605044454336166;0.03679678961634636
Data(x=[47, 11], edge_index=[2, 10], edge_attr=[10, 2], y=32.0, custom_label=0.16243654, min_label=0, max_label=197, instance_name='p18.txt');0.16243654489517212;0.2025415003299713;0.11605044454336166;0.03679678961634636
Data(x=[47, 11], edge_index=[2, 10], edge_attr=[10, 2], y=31.0, custom_label=0.1573604, min_label=0, max_label=197, instance_name='p18.txt');0.15736040472984314;0.2025415003299713;0.11605044454336166;0.03679678961634636
Data(x=[47, 11], edge_index=[2, 10], edge_attr=[10, 2], y=30.0, custom_label=0.15228426, min_label=0, max_label=197, instance_name='p18.txt');0.15228426456451416;0.2025415003299713;0.11605044454336166;0.03679678961634636
Data(x=[47, 11], edge_index=[2, 10], edge_attr=[10, 2], y=29.0, custom_label=0.14720812, min_label=0, max_label=197, instance_name='p18.txt');0.14720812439918518;0.2025415003299713;0.11605044454336166;0.03679678961634636
Data(x=[47, 11], edge_index=[2, 10], edge_attr=[10, 2], y=28.0, custom_label=0.14213198, min_label=0, max_label=197, instance_name='p18.txt');0.1421319842338562;0.2025415003299713;0.11605044454336166;0.03679678961634636
Data(x=[47, 11], edge_index=[2, 10], edge_attr=[10, 2], y=27.0, custom_label=0.13705584, min_label=0, max_label=197, instance_name='p18.txt');0.13705584406852722;0.2025415003299713;0.11605044454336166;0.03679678961634636
Data(x=[47, 11], edge_index=[2, 10], edge_attr=[10, 2], y=26.0, custom_label=0.13197969, min_label=0, max_label=197, instance_name='p18.txt');0.13197968900203705;0.2025415003299713;0.11605044454336166;0.03679678961634636
Data(x=[47, 11], edge_index=[2, 10], edge_attr=[10, 2], y=25.0, custom_label=0.12690355, min_label=0, max_label=197, instance_name='p18.txt');0.12690354883670807;0.2025415003299713;0.11605044454336166;0.03679678961634636
Data(x=[47, 11], edge_index=[2, 10], edge_attr=[10, 2], y=24.0, custom_label=0.12182741, min_label=0, max_label=197, instance_name='p18.txt');0.12182740867137909;0.2025415003299713;0.11605044454336166;0.03679678961634636
Data(x=[47, 11], edge_index=[2, 10], edge_attr=[10, 2], y=23.0, custom_label=0.11675127, min_label=0, max_label=197, instance_name='p18.txt');0.11675126850605011;0.2025415003299713;0.11605044454336166;0.03679678961634636
Data(x=[47, 11], edge_index=[2, 10], edge_attr=[10, 2], y=22.0, custom_label=0.11167513, min_label=0, max_label=197, instance_name='p18.txt');0.11167512834072113;0.2025415003299713;0.11605044454336166;0.03679678961634636
Data(x=[47, 11], edge_index=[2, 10], edge_attr=[10, 2], y=21.0, custom_label=0.10659899, min_label=0, max_label=197, instance_name='p18.txt');0.10659898817539215;0.2025415003299713;0.11605044454336166;0.03679678961634636
Data(x=[47, 11], edge_index=[2, 10], edge_attr=[10, 2], y=20.0, custom_label=0.10152284, min_label=0, max_label=197, instance_name='p18.txt');0.10152284055948257;0.2025415003299713;0.11605044454336166;0.03679678961634636
Data(x=[47, 11], edge_index=[2, 10], edge_attr=[10, 2], y=19.0, custom_label=0.0964467, min_label=0, max_label=197, instance_name='p18.txt');0.0964467003941536;0.2025415003299713;0.11605044454336166;0.03679678961634636
Data(x=[47, 11], edge_index=[2, 10], edge_attr=[10, 2], y=18.0, custom_label=0.09137056, min_label=0, max_label=197, instance_name='p18.txt');0.09137056022882462;0.2025415003299713;0.11605044454336166;0.03679678961634636
Data(x=[47, 11], edge_index=[2, 10], edge_attr=[10, 2], y=17.0, custom_label=0.08629441, min_label=0, max_label=197, instance_name='p18.txt');0.08629441261291504;0.3347766399383545;0.2210397720336914;0.03679678961634636
Data(x=[47, 11], edge_index=[2, 10], edge_attr=[10, 2], y=16.0, custom_label=0.08121827, min_label=0, max_label=197, instance_name='p18.txt');0.08121827244758606;0.3347766399383545;0.2210397720336914;0.03679678961634636
Data(x=[47, 11], edge_index=[2, 10], edge_attr=[10, 2], y=15.0, custom_label=0.07614213, min_label=0, max_label=197, instance_name='p18.txt');0.07614213228225708;0.3347766399383545;0.2210397720336914;0.03679678961634636
Data(x=[47, 11], edge_index=[2, 10], edge_attr=[10, 2], y=14.0, custom_label=0.07106599, min_label=0, max_label=197, instance_name='p18.txt');0.0710659921169281;0.3347766399383545;0.2210397720336914;0.03679678961634636
Data(x=[47, 11], edge_index=[2, 10], edge_attr=[10, 2], y=13.0, custom_label=0.065989845, min_label=0, max_label=197, instance_name='p18.txt');0.06598984450101852;0.3347766399383545;0.2210397720336914;0.03679678961634636
Data(x=[47, 11], edge_index=[2, 10], edge_attr=[10, 2], y=12.0, custom_label=0.060913704, min_label=0, max_label=197, instance_name='p18.txt');0.060913704335689545;0.3347766399383545;0.2210397720336914;0.03679678961634636
Data(x=[47, 11], edge_index=[2, 10], edge_attr=[10, 2], y=11.0, custom_label=0.055837564, min_label=0, max_label=197, instance_name='p18.txt');0.055837564170360565;0.3347766399383545;0.2210397720336914;0.03679678961634636
Data(x=[47, 11], edge_index=[2, 10], edge_attr=[10, 2], y=10.0, custom_label=0.05076142, min_label=0, max_label=197, instance_name='p18.txt');0.05076142027974129;0.3347766399383545;0.2210397720336914;0.03679678961634636
Data(x=[47, 11], edge_index=[2, 10], edge_attr=[10, 2], y=9.0, custom_label=0.04568528, min_label=0, max_label=197, instance_name='p18.txt');0.04568528011441231;0.3347766399383545;0.2210397720336914;0.03679678961634636
Data(x=[47, 11], edge_index=[2, 10], edge_attr=[10, 2], y=8.0, custom_label=0.040609136, min_label=0, max_label=197, instance_name='p18.txt');0.04060913622379303;0.3347766399383545;0.2210397720336914;0.03679678961634636
Data(x=[47, 11], edge_index=[2, 10], edge_attr=[10, 2], y=7.0, custom_label=0.035532996, min_label=0, max_label=197, instance_name='p18.txt');0.03553299605846405;0.3347766399383545;0.2210397720336914;0.03679678961634636
Data(x=[47, 11], edge_index=[2, 10], edge_attr=[10, 2], y=6.0, custom_label=0.030456852, min_label=0, max_label=197, instance_name='p18.txt');0.030456852167844772;0.3347766399383545;0.2210397720336914;0.03679678961634636
Data(x=[47, 11], edge_index=[2, 10], edge_attr=[10, 2], y=5.0, custom_label=0.02538071, min_label=0, max_label=197, instance_name='p18.txt');0.025380710139870644;0.3347766399383545;0.2210397720336914;0.03679678961634636
Data(x=[47, 11], edge_index=[2, 10], edge_attr=[10, 2], y=4.0, custom_label=0.020304568, min_label=0, max_label=197, instance_name='p18.txt');0.020304568111896515;0.3347766399383545;0.2210397720336914;0.03679678961634636
Data(x=[47, 11], edge_index=[2, 10], edge_attr=[10, 2], y=3.0, custom_label=0.015228426, min_label=0, max_label=197, instance_name='p18.txt');0.015228426083922386;0.2025415003299713;0.11605044454336166;0.03679678961634636
Data(x=[47, 11], edge_index=[2, 10], edge_attr=[10, 2], y=2.0, custom_label=0.010152284, min_label=0, max_label=197, instance_name='p18.txt');0.010152284055948257;0.2025415003299713;0.11605044454336166;0.03679678961634636
Data(x=[47, 11], edge_index=[2, 10], edge_attr=[10, 2], y=1.0, custom_label=0.005076142, min_label=0, max_label=197, instance_name='p18.txt');0.005076142027974129;0.2025415003299713;0.11605044454336166;0.03679678961634636
Data(x=[47, 11], edge_index=[2, 10], edge_attr=[10, 2], y=0.0, custom_label=0.0, min_label=0, max_label=197, instance_name='p18.txt');0.0;0.08268164843320847;0.0006000185967423022;0.03679678961634636
Data(x=[21, 11], edge_index=[2, 10], edge_attr=[10, 2], y=0.0, custom_label=0.0, min_label=0, max_label=8, instance_name='p19.txt');0.0;4.858268584939651e-05;1.917972667797585e-06;0.0
Data(x=[19, 11], edge_index=[2, 10], edge_attr=[10, 2], y=0.0, custom_label=0.0, min_label=0, max_label=8, instance_name='p19.txt');0.0;3.51307971868664e-05;6.6731186052493285e-06;0.03679678961634636
Data(x=[26, 11], edge_index=[2, 10], edge_attr=[10, 2], y=0.0, custom_label=0.0, min_label=0, max_label=8, instance_name='p19.txt');0.0;0.0006906803464516997;6.364306500472594e-06;0.0
Data(x=[23, 11], edge_index=[2, 10], edge_attr=[10, 2], y=0.0, custom_label=0.0, min_label=0, max_label=8, instance_name='p19.txt');0.0;0.00016711711941752583;2.7358366878615925e-06;0.03679678961634636
Data(x=[21, 11], edge_index=[2, 10], edge_attr=[10, 2], y=0.0, custom_label=0.0, min_label=0, max_label=8, instance_name='p19.txt');0.0;0.0013073973823338747;2.2402533431886695e-05;2.9734562185970865e-31
Data(x=[23, 11], edge_index=[2, 10], edge_attr=[10, 2], y=0.0, custom_label=0.0, min_label=0, max_label=8, instance_name='p19.txt');0.0;0.00040188292041420937;1.737162165227346e-05;2.9734562185970865e-31
Data(x=[25, 11], edge_index=[2, 10], edge_attr=[10, 2], y=0.0, custom_label=0.0, min_label=0, max_label=8, instance_name='p19.txt');0.0;0.00043499298044480383;5.667562618327793e-06;0.03679678961634636
Data(x=[19, 11], edge_index=[2, 10], edge_attr=[10, 2], y=0.0, custom_label=0.0, min_label=0, max_label=8, instance_name='p19.txt');0.0;0.00014990770432632416;1.6369380091418861e-06;6.701167094355508e-32
Data(x=[24, 11], edge_index=[2, 10], edge_attr=[10, 2], y=0.0, custom_label=0.0, min_label=0, max_label=8, instance_name='p19.txt');0.0;0.012953933328390121;0.12131194025278091;0.03679678961634636
Data(x=[28, 11], edge_index=[2, 10], edge_attr=[10, 2], y=0.0, custom_label=0.0, min_label=0, max_label=8, instance_name='p19.txt');0.0;0.0027903893496841192;7.676889799768105e-05;0.03679678961634636
Data(x=[24, 11], edge_index=[2, 10], edge_attr=[10, 2], y=6.0, custom_label=0.75, min_label=0, max_label=8, instance_name='p19.txt');0.75;0.36809104681015015;0.3933946490287781;0.03679678961634636
Data(x=[24, 11], edge_index=[2, 10], edge_attr=[10, 2], y=5.0, custom_label=0.625, min_label=0, max_label=8, instance_name='p19.txt');0.625;0.46009159088134766;0.264167845249176;0.03679678961634636
Data(x=[24, 11], edge_index=[2, 10], edge_attr=[10, 2], y=4.0, custom_label=0.5, min_label=0, max_label=8, instance_name='p19.txt');0.5;0.1466446816921234;0.07676666229963303;0.03679678961634636
Data(x=[24, 11], edge_index=[2, 10], edge_attr=[10, 2], y=3.0, custom_label=0.375, min_label=0, max_label=8, instance_name='p19.txt');0.375;0.22453932464122772;0.07776269316673279;0.03679678961634636
Data(x=[24, 11], edge_index=[2, 10], edge_attr=[10, 2], y=2.0, custom_label=0.25, min_label=0, max_label=8, instance_name='p19.txt');0.25;0.11945074051618576;0.176579549908638;0.03679678961634636
Data(x=[24, 11], edge_index=[2, 10], edge_attr=[10, 2], y=1.0, custom_label=0.125, min_label=0, max_label=8, instance_name='p19.txt');0.125;0.17817926406860352;0.09255600720643997;0.03679678961634636
Data(x=[24, 11], edge_index=[2, 10], edge_attr=[10, 2], y=0.0, custom_label=0.0, min_label=0, max_label=8, instance_name='p19.txt');0.0;0.0020257795695215464;7.318735697481316e-06;0.03679678961634636
Data(x=[28, 11], edge_index=[2, 10], edge_attr=[10, 2], y=0.0, custom_label=0.0, min_label=0, max_label=8, instance_name='p19.txt');0.0;0.0028942255303263664;6.341100379358977e-05;0.03679678961634636
Data(x=[29, 11], edge_index=[2, 10], edge_attr=[10, 2], y=0.0, custom_label=0.0, min_label=0, max_label=8, instance_name='p19.txt');0.0;0.004099325742572546;6.473656685557216e-05;0.0
Data(x=[19, 11], edge_index=[2, 10], edge_attr=[10, 2], y=0.0, custom_label=0.0, min_label=0, max_label=8, instance_name='p19.txt');0.0;1.279805201193085e-05;5.359449346542533e-07;0.03679678961634636
Data(x=[18, 11], edge_index=[2, 10], edge_attr=[10, 2], y=0.0, custom_label=0.0, min_label=0, max_label=8, instance_name='p19.txt');0.0;1.968597098311875e-05;1.7438530903746141e-06;6.701167094355508e-32
Data(x=[22, 11], edge_index=[2, 10], edge_attr=[10, 2], y=0.0, custom_label=0.0, min_label=0, max_label=8, instance_name='p19.txt');0.0;0.0008460967219434679;7.288830516927192e-08;0.03679678961634636
Data(x=[23, 11], edge_index=[2, 10], edge_attr=[10, 2], y=0.0, custom_label=0.0, min_label=0, max_label=8, instance_name='p19.txt');0.0;0.0012125144712626934;2.0198091021939035e-07;0.0
Data(x=[25, 11], edge_index=[2, 10], edge_attr=[10, 2], y=0.0, custom_label=0.0, min_label=0, max_label=8, instance_name='p19.txt');0.0;0.0009338893578387797;3.842366277240217e-05;0.03679678961634636
Data(x=[24, 11], edge_index=[2, 10], edge_attr=[10, 2], y=0.0, custom_label=0.0, min_label=0, max_label=8, instance_name='p19.txt');0.0;0.0006648083217442036;1.878514558484312e-05;2.9734562185970865e-31
Data(x=[25, 11], edge_index=[2, 10], edge_attr=[10, 2], y=0.0, custom_label=0.0, min_label=0, max_label=8, instance_name='p19.txt');0.0;0.000453206681413576;4.573666501528351e-06;5.218116193696491e-25
Data(x=[29, 11], edge_index=[2, 10], edge_attr=[10, 2], y=0.0, custom_label=0.0, min_label=0, max_label=8, instance_name='p19.txt');0.0;0.01944623328745365;0.00015437942056450993;0.03679678961634636
Data(x=[28, 11], edge_index=[2, 10], edge_attr=[10, 2], y=0.0, custom_label=0.0, min_label=0, max_label=8, instance_name='p19.txt');0.0;0.0015197268221527338;9.479892469244078e-06;0.03679678961634636
Data(x=[30, 11], edge_index=[2, 10], edge_attr=[10, 2], y=0.0, custom_label=0.0, min_label=0, max_label=8, instance_name='p19.txt');0.0;0.01184828020632267;3.8000168842700077e-06;0.03679678961634636
Data(x=[27, 11], edge_index=[2, 10], edge_attr=[10, 2], y=0.0, custom_label=0.0, min_label=0, max_label=8, instance_name='p19.txt');0.0;0.0009455514955334365;1.2853618500230368e-05;0.0
Data(x=[23, 11], edge_index=[2, 10], edge_attr=[10, 2], y=0.0, custom_label=0.0, min_label=0, max_label=8, instance_name='p19.txt');0.0;0.00043938992894254625;1.0904991540883202e-05;0.03679678961634636
Data(x=[25, 11], edge_index=[2, 10], edge_attr=[10, 2], y=0.0, custom_label=0.0, min_label=0, max_label=8, instance_name='p19.txt');0.0;0.0010137399658560753;2.503265204722993e-05;0.03679678961634636
Data(x=[20, 11], edge_index=[2, 10], edge_attr=[10, 2], y=0.0, custom_label=0.0, min_label=0, max_label=8, instance_name='p19.txt');0.0;2.7849268008139916e-05;7.004306326052756e-07;0.03679678961634636
Data(x=[21, 11], edge_index=[2, 10], edge_attr=[10, 2], y=0.0, custom_label=0.0, min_label=0, max_label=8, instance_name='p19.txt');0.0;0.011201741173863411;0.15095974504947662;4.900197955873354e-22
Data(x=[21, 11], edge_index=[2, 10], edge_attr=[10, 2], y=0.0, custom_label=0.0, min_label=0, max_label=8, instance_name='p19.txt');0.0;0.0005176904960535467;3.9753444980306085e-08;0.03679678961634636
Data(x=[22, 11], edge_index=[2, 10], edge_attr=[10, 2], y=2.0, custom_label=0.25, min_label=0, max_label=8, instance_name='p19.txt');0.25;0.23514308035373688;0.07456633448600769;0.0
Data(x=[22, 11], edge_index=[2, 10], edge_attr=[10, 2], y=1.0, custom_label=0.125, min_label=0, max_label=8, instance_name='p19.txt');0.125;0.2177702784538269;0.10635153949260712;2.9734562185970865e-31
Data(x=[22, 11], edge_index=[2, 10], edge_attr=[10, 2], y=0.0, custom_label=0.0, min_label=0, max_label=8, instance_name='p19.txt');0.0;0.0002547405892983079;9.80206641543191e-06;2.9734562185970865e-31
Data(x=[25, 11], edge_index=[2, 10], edge_attr=[10, 2], y=0.0, custom_label=0.0, min_label=0, max_label=8, instance_name='p19.txt');0.0;0.0009338897070847452;3.842366277240217e-05;6.701167094355508e-32
Data(x=[27, 11], edge_index=[2, 10], edge_attr=[10, 2], y=0.0, custom_label=0.0, min_label=0, max_label=8, instance_name='p19.txt');0.0;0.000982134835794568;1.0540030416450463e-05;0.03679678961634636
Data(x=[24, 11], edge_index=[2, 10], edge_attr=[10, 2], y=0.0, custom_label=0.0, min_label=0, max_label=8, instance_name='p19.txt');0.0;0.0006369899492710829;2.3482196411350742e-05;2.9734562185970865e-31
Data(x=[24, 11], edge_index=[2, 10], edge_attr=[10, 2], y=0.0, custom_label=0.0, min_label=0, max_label=8, instance_name='p19.txt');0.0;0.000275075261015445;3.997912244813051e-06;0.03679678961634636
Data(x=[24, 11], edge_index=[2, 10], edge_attr=[10, 2], y=0.0, custom_label=0.0, min_label=0, max_label=8, instance_name='p19.txt');0.0;0.0006369899492710829;2.3482196411350742e-05;0.03679678961634636
Data(x=[27, 11], edge_index=[2, 10], edge_attr=[10, 2], y=0.0, custom_label=0.0, min_label=0, max_label=8, instance_name='p19.txt');0.0;0.0020675300620496273;5.0854756409535185e-05;0.03679678961634636
Data(x=[24, 11], edge_index=[2, 10], edge_attr=[10, 2], y=0.0, custom_label=0.0, min_label=0, max_label=8, instance_name='p19.txt');0.0;0.0002635617565829307;4.998506028641714e-06;0.0
Data(x=[25, 11], edge_index=[2, 10], edge_attr=[10, 2], y=0.0, custom_label=0.0, min_label=0, max_label=8, instance_name='p19.txt');0.0;0.0010561872040852904;2.0205066903145052e-05;0.03679678961634636
Data(x=[26, 11], edge_index=[2, 10], edge_attr=[10, 2], y=0.0, custom_label=0.0, min_label=0, max_label=8, instance_name='p19.txt');0.0;0.0013832722324877977;4.926510155200958e-05;0.03679678961634636
Data(x=[27, 11], edge_index=[2, 10], edge_attr=[10, 2], y=0.0, custom_label=0.0, min_label=0, max_label=8, instance_name='p19.txt');0.0;0.0009455510298721492;1.2853618500230368e-05;6.701167094355508e-32
Data(x=[23, 11], edge_index=[2, 10], edge_attr=[10, 2], y=0.0, custom_label=0.0, min_label=0, max_label=8, instance_name='p19.txt');0.0;0.0001671169447945431;2.7358366878615925e-06;0.0
Data(x=[22, 11], edge_index=[2, 10], edge_attr=[10, 2], y=0.0, custom_label=0.0, min_label=0, max_label=8, instance_name='p19.txt');0.0;0.0002547405892983079;9.802075510378927e-06;0.0
Data(x=[27, 11], edge_index=[2, 10], edge_attr=[10, 2], y=0.0, custom_label=0.0, min_label=0, max_label=8, instance_name='p19.txt');0.0;0.0052901459857821465;1.1555534911167342e-06;0.03679678961634636
Data(x=[17, 11], edge_index=[2, 10], edge_attr=[10, 2], y=0.0, custom_label=0.0, min_label=0, max_label=8, instance_name='p19.txt');0.0;3.902496973751113e-05;3.5597670944298443e-07;4.900197955873354e-22
Data(x=[25, 11], edge_index=[2, 10], edge_attr=[10, 2], y=0.0, custom_label=0.0, min_label=0, max_label=8, instance_name='p19.txt');0.0;0.00041751094977371395;7.023100806691218e-06;4.900197955873354e-22
Data(x=[25, 11], edge_index=[2, 10], edge_attr=[10, 2], y=0.0, custom_label=0.0, min_label=0, max_label=8, instance_name='p19.txt');0.0;0.0009338893578387797;3.842369915219024e-05;0.0
Data(x=[25, 11], edge_index=[2, 10], edge_attr=[10, 2], y=0.0, custom_label=0.0, min_label=0, max_label=8, instance_name='p19.txt');0.0;0.0009338897070847452;3.842366277240217e-05;4.900197955873354e-22
Data(x=[18, 11], edge_index=[2, 10], edge_attr=[10, 2], y=0.0, custom_label=0.0, min_label=0, max_label=8, instance_name='p19.txt');0.0;2.084275365632493e-05;1.2949360552738653e-06;0.03679678961634636
Data(x=[19, 11], edge_index=[2, 10], edge_attr=[10, 2], y=0.0, custom_label=0.0, min_label=0, max_label=8, instance_name='p19.txt');0.0;0.005393180064857006;4.0261733147417544e-07;0.03679678961634636
Data(x=[23, 11], edge_index=[2, 10], edge_attr=[10, 2], y=0.0, custom_label=0.0, min_label=0, max_label=8, instance_name='p19.txt');0.0;0.0001747426576912403;2.1670039132004604e-06;1.161746383218574e-24
Data(x=[22, 11], edge_index=[2, 10], edge_attr=[10, 2], y=0.0, custom_label=0.0, min_label=0, max_label=8, instance_name='p19.txt');0.0;0.0002547405892983079;9.802075510378927e-06;0.0
Data(x=[23, 11], edge_index=[2, 10], edge_attr=[10, 2], y=0.0, custom_label=0.0, min_label=0, max_label=8, instance_name='p19.txt');0.0;0.00040188271668739617;1.737162165227346e-05;4.900197955873354e-22
Data(x=[27, 11], edge_index=[2, 10], edge_attr=[10, 2], y=0.0, custom_label=0.0, min_label=0, max_label=8, instance_name='p19.txt');0.0;0.000982134835794568;1.0540030416450463e-05;0.0
Data(x=[26, 11], edge_index=[2, 10], edge_attr=[10, 2], y=0.0, custom_label=0.0, min_label=0, max_label=8, instance_name='p19.txt');0.0;0.0014388648560270667;4.009342592325993e-05;0.03679678961634636
Data(x=[23, 11], edge_index=[2, 10], edge_attr=[10, 2], y=0.0, custom_label=0.0, min_label=0, max_label=8, instance_name='p19.txt');0.0;0.00040188271668739617;1.737162165227346e-05;0.03679678961634636
Data(x=[20, 11], edge_index=[2, 10], edge_attr=[10, 2], y=0.0, custom_label=0.0, min_label=0, max_label=8, instance_name='p19.txt');0.0;0.0002586117770988494;4.56133797399616e-08;4.900197955873354e-22
Data(x=[23, 11], edge_index=[2, 10], edge_attr=[10, 2], y=0.0, custom_label=0.0, min_label=0, max_label=8, instance_name='p19.txt');0.0;0.0004202185373287648;1.376364343741443e-05;0.03679678961634636
Data(x=[27, 11], edge_index=[2, 10], edge_attr=[10, 2], y=0.0, custom_label=0.0, min_label=0, max_label=8, instance_name='p19.txt');0.0;0.0020675300620496273;5.0854756409535185e-05;4.900197955873354e-22
Data(x=[28, 11], edge_index=[2, 10], edge_attr=[10, 2], y=0.0, custom_label=0.0, min_label=0, max_label=8, instance_name='p19.txt');0.0;0.001465131645090878;1.1478965461719781e-05;0.03679678961634636
Data(x=[23, 11], edge_index=[2, 10], edge_attr=[10, 2], y=0.0, custom_label=0.0, min_label=0, max_label=8, instance_name='p19.txt');0.0;0.0001747426576912403;2.1670039132004604e-06;0.0
Data(x=[22, 11], edge_index=[2, 10], edge_attr=[10, 2], y=0.0, custom_label=0.0, min_label=0, max_label=8, instance_name='p19.txt');0.0;0.000807578326202929;9.300408265744409e-08;2.9734562185970865e-31
Data(x=[22, 11], edge_index=[2, 10], edge_attr=[10, 2], y=0.0, custom_label=0.0, min_label=0, max_label=8, instance_name='p19.txt');0.0;0.00010174318595090881;1.4184799965732964e-06;0.0
Data(x=[22, 11], edge_index=[2, 10], edge_attr=[10, 2], y=0.0, custom_label=0.0, min_label=0, max_label=8, instance_name='p19.txt');0.0;9.710300219012424e-05;1.8097662177751772e-06;0.0
Data(x=[26, 11], edge_index=[2, 10], edge_attr=[10, 2], y=0.0, custom_label=0.0, min_label=0, max_label=8, instance_name='p19.txt');0.0;0.0014388648560270667;4.009342592325993e-05;2.9734562185970865e-31
Data(x=[22, 11], edge_index=[2, 10], edge_attr=[10, 2], y=0.0, custom_label=0.0, min_label=0, max_label=8, instance_name='p19.txt');0.0;0.00010174318595090881;1.418478518644406e-06;6.701167094355508e-32
Data(x=[23, 11], edge_index=[2, 10], edge_attr=[10, 2], y=0.0, custom_label=0.0, min_label=0, max_label=8, instance_name='p19.txt');0.0;0.00016711711941752583;2.7358366878615925e-06;0.03679678961634636
Data(x=[21, 11], edge_index=[2, 10], edge_attr=[10, 2], y=0.0, custom_label=0.0, min_label=0, max_label=8, instance_name='p19.txt');0.0;0.0001401826593792066;8.720259756955784e-06;0.03679678961634636
Data(x=[19, 11], edge_index=[2, 10], edge_attr=[10, 2], y=0.0, custom_label=0.0, min_label=0, max_label=8, instance_name='p19.txt');0.0;1.4260880561778322e-05;3.049189274406672e-07;0.0
Data(x=[31, 11], edge_index=[2, 10], edge_attr=[10, 2], y=8.0, custom_label=1.0, min_label=0, max_label=8, instance_name='p19.txt');1.0;0.1661883145570755;0.0964759886264801;0.03679678961634636
Data(x=[31, 11], edge_index=[2, 10], edge_attr=[10, 2], y=7.0, custom_label=0.875, min_label=0, max_label=8, instance_name='p19.txt');0.875;0.18818357586860657;0.10831314325332642;0.03679678961634636
Data(x=[31, 11], edge_index=[2, 10], edge_attr=[10, 2], y=6.0, custom_label=0.75, min_label=0, max_label=8, instance_name='p19.txt');0.75;0.18818357586860657;0.10831314325332642;0.03679678961634636
Data(x=[31, 11], edge_index=[2, 10], edge_attr=[10, 2], y=5.0, custom_label=0.625, min_label=0, max_label=8, instance_name='p19.txt');0.625;0.18818357586860657;0.10831314325332642;0.03679678961634636
Data(x=[31, 11], edge_index=[2, 10], edge_attr=[10, 2], y=4.0, custom_label=0.5, min_label=0, max_label=8, instance_name='p19.txt');0.5;0.18818357586860657;0.10831314325332642;0.03679678961634636
Data(x=[31, 11], edge_index=[2, 10], edge_attr=[10, 2], y=3.0, custom_label=0.375, min_label=0, max_label=8, instance_name='p19.txt');0.375;0.18818357586860657;0.10831314325332642;0.03679678961634636
Data(x=[31, 11], edge_index=[2, 10], edge_attr=[10, 2], y=2.0, custom_label=0.25, min_label=0, max_label=8, instance_name='p19.txt');0.25;0.18818357586860657;0.10831314325332642;0.03679678961634636
Data(x=[31, 11], edge_index=[2, 10], edge_attr=[10, 2], y=1.0, custom_label=0.125, min_label=0, max_label=8, instance_name='p19.txt');0.125;0.18818357586860657;0.10831314325332642;0.03679678961634636
Data(x=[31, 11], edge_index=[2, 10], edge_attr=[10, 2], y=0.0, custom_label=0.0, min_label=0, max_label=8, instance_name='p19.txt');0.0;0.007169101852923632;9.491842502029613e-05;0.03679678961634636
Data(x=[23, 11], edge_index=[2, 10], edge_attr=[10, 2], y=0.0, custom_label=0.0, min_label=0, max_label=8, instance_name='p19.txt');0.0;0.00040188292041420937;1.737162165227346e-05;2.9734562185970865e-31
Data(x=[30, 11], edge_index=[2, 10], edge_attr=[10, 2], y=0.0, custom_label=0.0, min_label=0, max_label=8, instance_name='p19.txt');0.0;0.005294222384691238;9.429845522390679e-05;0.03679678961634636
Data(x=[24, 11], edge_index=[2, 10], edge_attr=[10, 2], y=0.0, custom_label=0.0, min_label=0, max_label=8, instance_name='p19.txt');0.0;0.004647171590477228;1.3940640428700135e-06;0.03679678961634636
Data(x=[20, 11], edge_index=[2, 10], edge_attr=[10, 2], y=0.0, custom_label=0.0, min_label=0, max_label=8, instance_name='p19.txt');0.0;0.0007981813978403807;1.5799232642166317e-05;2.9734562185970865e-31
Data(x=[23, 11], edge_index=[2, 10], edge_attr=[10, 2], y=0.0, custom_label=0.0, min_label=0, max_label=8, instance_name='p19.txt');0.0;0.0012849352788180113;6.489929546660278e-06;0.03679678961634636
Data(x=[24, 11], edge_index=[2, 10], edge_attr=[10, 2], y=0.0, custom_label=0.0, min_label=0, max_label=8, instance_name='p19.txt');0.0;0.0006103352061472833;2.9353637728490867e-05;0.03679678961634636
Data(x=[25, 11], edge_index=[2, 10], edge_attr=[10, 2], y=0.0, custom_label=0.0, min_label=0, max_label=8, instance_name='p19.txt');0.0;0.0010137405479326844;2.5032673875102773e-05;0.03679678961634636
Data(x=[29, 11], edge_index=[2, 10], edge_attr=[10, 2], y=6.0, custom_label=0.75, min_label=0, max_label=8, instance_name='p19.txt');0.75;0.17880655825138092;0.20554307103157043;0.0
Data(x=[29, 11], edge_index=[2, 10], edge_attr=[10, 2], y=5.0, custom_label=0.625, min_label=0, max_label=8, instance_name='p19.txt');0.625;0.20287054777145386;0.2259511500597;6.701167094355508e-32
Data(x=[29, 11], edge_index=[2, 10], edge_attr=[10, 2], y=4.0, custom_label=0.5, min_label=0, max_label=8, instance_name='p19.txt');0.5;0.20287054777145386;0.2259511500597;6.701167094355508e-32
Data(x=[29, 11], edge_index=[2, 10], edge_attr=[10, 2], y=3.0, custom_label=0.375, min_label=0, max_label=8, instance_name='p19.txt');0.375;0.20287054777145386;0.2259511500597;6.701167094355508e-32
Data(x=[29, 11], edge_index=[2, 10], edge_attr=[10, 2], y=2.0, custom_label=0.25, min_label=0, max_label=8, instance_name='p19.txt');0.25;0.1586107611656189;0.25892817974090576;6.701167094355508e-32
Data(x=[29, 11], edge_index=[2, 10], edge_attr=[10, 2], y=1.0, custom_label=0.125, min_label=0, max_label=8, instance_name='p19.txt');0.125;0.20287054777145386;0.2259511500597;6.701167094355508e-32
Data(x=[29, 11], edge_index=[2, 10], edge_attr=[10, 2], y=0.0, custom_label=0.0, min_label=0, max_label=8, instance_name='p19.txt');0.0;0.009780854918062687;1.9225656160415383e-06;6.701167094355508e-32
Data(x=[21, 11], edge_index=[2, 10], edge_attr=[10, 2], y=4.0, custom_label=0.5, min_label=0, max_label=8, instance_name='p19.txt');0.5;0.14171896874904633;0.07460010051727295;0.03679678961634636
Data(x=[21, 11], edge_index=[2, 10], edge_attr=[10, 2], y=3.0, custom_label=0.375, min_label=0, max_label=8, instance_name='p19.txt');0.375;0.18045376241207123;0.09023261070251465;0.03679678961634636
Data(x=[21, 11], edge_index=[2, 10], edge_attr=[10, 2], y=2.0, custom_label=0.25, min_label=0, max_label=8, instance_name='p19.txt');0.25;0.22237949073314667;0.10621954500675201;0.03679678961634636
Data(x=[21, 11], edge_index=[2, 10], edge_attr=[10, 2], y=1.0, custom_label=0.125, min_label=0, max_label=8, instance_name='p19.txt');0.125;0.22237949073314667;0.10621954500675201;0.03679678961634636
Data(x=[21, 11], edge_index=[2, 10], edge_attr=[10, 2], y=0.0, custom_label=0.0, min_label=0, max_label=8, instance_name='p19.txt');0.0;0.00014720798935741186;6.757441042282153e-06;0.03679678961634636
Data(x=[219, 11], edge_index=[2, 4], edge_attr=[4, 2], y=429.0, custom_label=1.0, min_label=0, max_label=429, instance_name='p20.txt');1.0;0.574627697467804;0.43517082929611206;0.03679678961634636
Data(x=[219, 11], edge_index=[2, 4], edge_attr=[4, 2], y=428.0, custom_label=0.997669, min_label=0, max_label=429, instance_name='p20.txt');0.997668981552124;0.574627697467804;0.43517082929611206;0.03679678961634636
Data(x=[219, 11], edge_index=[2, 4], edge_attr=[4, 2], y=427.0, custom_label=0.995338, min_label=0, max_label=429, instance_name='p20.txt');0.9953380227088928;0.574627697467804;0.43517082929611206;0.03679678961634636
Data(x=[219, 11], edge_index=[2, 4], edge_attr=[4, 2], y=426.0, custom_label=0.993007, min_label=0, max_label=429, instance_name='p20.txt');0.9930070042610168;0.574627697467804;0.43517082929611206;0.03679678961634636
Data(x=[219, 11], edge_index=[2, 4], edge_attr=[4, 2], y=425.0, custom_label=0.990676, min_label=0, max_label=429, instance_name='p20.txt');0.9906759858131409;0.574627697467804;0.43517082929611206;0.03679678961634636
Data(x=[219, 11], edge_index=[2, 4], edge_attr=[4, 2], y=424.0, custom_label=0.98834497, min_label=0, max_label=429, instance_name='p20.txt');0.9883449673652649;0.574627697467804;0.43517082929611206;0.03679678961634636
Data(x=[219, 11], edge_index=[2, 4], edge_attr=[4, 2], y=423.0, custom_label=0.986014, min_label=0, max_label=429, instance_name='p20.txt');0.9860140085220337;0.574627697467804;0.43517082929611206;0.03679678961634636
Data(x=[219, 11], edge_index=[2, 4], edge_attr=[4, 2], y=422.0, custom_label=0.983683, min_label=0, max_label=429, instance_name='p20.txt');0.9836829900741577;0.574627697467804;0.43517082929611206;0.03679678961634636
Data(x=[219, 11], edge_index=[2, 4], edge_attr=[4, 2], y=421.0, custom_label=0.981352, min_label=0, max_label=429, instance_name='p20.txt');0.9813519716262817;0.574627697467804;0.43517082929611206;0.03679678961634636
Data(x=[219, 11], edge_index=[2, 4], edge_attr=[4, 2], y=420.0, custom_label=0.97902095, min_label=0, max_label=429, instance_name='p20.txt');0.9790209531784058;0.574627697467804;0.43517082929611206;0.03679678961634636
Data(x=[219, 11], edge_index=[2, 4], edge_attr=[4, 2], y=419.0, custom_label=0.97669, min_label=0, max_label=429, instance_name='p20.txt');0.9766899943351746;0.574627697467804;0.43517082929611206;0.03679678961634636
Data(x=[219, 11], edge_index=[2, 4], edge_attr=[4, 2], y=418.0, custom_label=0.974359, min_label=0, max_label=429, instance_name='p20.txt');0.9743589758872986;0.574627697467804;0.43517082929611206;0.03679678961634636
Data(x=[219, 11], edge_index=[2, 4], edge_attr=[4, 2], y=417.0, custom_label=0.97202796, min_label=0, max_label=429, instance_name='p20.txt');0.9720279574394226;0.574627697467804;0.43517082929611206;0.03679678961634636
Data(x=[219, 11], edge_index=[2, 4], edge_attr=[4, 2], y=416.0, custom_label=0.969697, min_label=0, max_label=429, instance_name='p20.txt');0.9696969985961914;0.574627697467804;0.43517082929611206;0.03679678961634636
Data(x=[219, 11], edge_index=[2, 4], edge_attr=[4, 2], y=415.0, custom_label=0.967366, min_label=0, max_label=429, instance_name='p20.txt');0.9673659801483154;0.574627697467804;0.43517082929611206;0.03679678961634636
Data(x=[219, 11], edge_index=[2, 4], edge_attr=[4, 2], y=414.0, custom_label=0.96503496, min_label=0, max_label=429, instance_name='p20.txt');0.9650349617004395;0.574627697467804;0.43517082929611206;0.03679678961634636
Data(x=[219, 11], edge_index=[2, 4], edge_attr=[4, 2], y=413.0, custom_label=0.96270394, min_label=0, max_label=429, instance_name='p20.txt');0.9627039432525635;0.574627697467804;0.43517082929611206;0.03679678961634636
Data(x=[219, 11], edge_index=[2, 4], edge_attr=[4, 2], y=412.0, custom_label=0.960373, min_label=0, max_label=429, instance_name='p20.txt');0.9603729844093323;0.574627697467804;0.43517082929611206;0.03679678961634636
Data(x=[219, 11], edge_index=[2, 4], edge_attr=[4, 2], y=411.0, custom_label=0.95804197, min_label=0, max_label=429, instance_name='p20.txt');0.9580419659614563;0.574627697467804;0.43517082929611206;0.03679678961634636
Data(x=[219, 11], edge_index=[2, 4], edge_attr=[4, 2], y=410.0, custom_label=0.95571095, min_label=0, max_label=429, instance_name='p20.txt');0.9557109475135803;0.574627697467804;0.43517082929611206;0.03679678961634636
Data(x=[219, 11], edge_index=[2, 4], edge_attr=[4, 2], y=409.0, custom_label=0.9533799, min_label=0, max_label=429, instance_name='p20.txt');0.9533799290657043;0.574627697467804;0.43517082929611206;0.03679678961634636
Data(x=[219, 11], edge_index=[2, 4], edge_attr=[4, 2], y=408.0, custom_label=0.951049, min_label=0, max_label=429, instance_name='p20.txt');0.9510489702224731;0.574627697467804;0.43517082929611206;0.03679678961634636
Data(x=[219, 11], edge_index=[2, 4], edge_attr=[4, 2], y=407.0, custom_label=0.94871795, min_label=0, max_label=429, instance_name='p20.txt');0.9487179517745972;0.574627697467804;0.43517082929611206;0.03679678961634636
Data(x=[219, 11], edge_index=[2, 4], edge_attr=[4, 2], y=406.0, custom_label=0.94638693, min_label=0, max_label=429, instance_name='p20.txt');0.9463869333267212;0.574627697467804;0.43517082929611206;0.03679678961634636
Data(x=[219, 11], edge_index=[2, 4], edge_attr=[4, 2], y=405.0, custom_label=0.9440559, min_label=0, max_label=429, instance_name='p20.txt');0.9440559148788452;0.574627697467804;0.43517082929611206;0.03679678961634636
Data(x=[219, 11], edge_index=[2, 4], edge_attr=[4, 2], y=404.0, custom_label=0.94172496, min_label=0, max_label=429, instance_name='p20.txt');0.941724956035614;0.574627697467804;0.43517082929611206;0.03679678961634636
Data(x=[219, 11], edge_index=[2, 4], edge_attr=[4, 2], y=403.0, custom_label=0.93939394, min_label=0, max_label=429, instance_name='p20.txt');0.939393937587738;0.574627697467804;0.43517082929611206;0.03679678961634636
Data(x=[219, 11], edge_index=[2, 4], edge_attr=[4, 2], y=402.0, custom_label=0.9370629, min_label=0, max_label=429, instance_name='p20.txt');0.9370629191398621;0.574627697467804;0.43517082929611206;0.03679678961634636
Data(x=[219, 11], edge_index=[2, 4], edge_attr=[4, 2], y=401.0, custom_label=0.93473196, min_label=0, max_label=429, instance_name='p20.txt');0.9347319602966309;0.574627697467804;0.43517082929611206;0.03679678961634636
Data(x=[219, 11], edge_index=[2, 4], edge_attr=[4, 2], y=400.0, custom_label=0.93240094, min_label=0, max_label=429, instance_name='p20.txt');0.9324009418487549;0.574627697467804;0.43517082929611206;0.03679678961634636
Data(x=[219, 11], edge_index=[2, 4], edge_attr=[4, 2], y=399.0, custom_label=0.9300699, min_label=0, max_label=429, instance_name='p20.txt');0.9300699234008789;0.574627697467804;0.43517082929611206;0.03679678961634636
Data(x=[219, 11], edge_index=[2, 4], edge_attr=[4, 2], y=398.0, custom_label=0.9277389, min_label=0, max_label=429, instance_name='p20.txt');0.9277389049530029;0.574627697467804;0.43517082929611206;0.03679678961634636
Data(x=[219, 11], edge_index=[2, 4], edge_attr=[4, 2], y=397.0, custom_label=0.92540795, min_label=0, max_label=429, instance_name='p20.txt');0.9254079461097717;0.574627697467804;0.43517082929611206;0.03679678961634636
Data(x=[219, 11], edge_index=[2, 4], edge_attr=[4, 2], y=396.0, custom_label=0.9230769, min_label=0, max_label=429, instance_name='p20.txt');0.9230769276618958;0.574627697467804;0.43517082929611206;0.03679678961634636
Data(x=[219, 11], edge_index=[2, 4], edge_attr=[4, 2], y=395.0, custom_label=0.9207459, min_label=0, max_label=429, instance_name='p20.txt');0.9207459092140198;0.574627697467804;0.43517082929611206;0.03679678961634636
Data(x=[219, 11], edge_index=[2, 4], edge_attr=[4, 2], y=394.0, custom_label=0.9184149, min_label=0, max_label=429, instance_name='p20.txt');0.9184148907661438;0.574627697467804;0.43517082929611206;0.03679678961634636
Data(x=[219, 11], edge_index=[2, 4], edge_attr=[4, 2], y=393.0, custom_label=0.91608393, min_label=0, max_label=429, instance_name='p20.txt');0.9160839319229126;0.574627697467804;0.43517082929611206;0.03679678961634636
Data(x=[219, 11], edge_index=[2, 4], edge_attr=[4, 2], y=392.0, custom_label=0.9137529, min_label=0, max_label=429, instance_name='p20.txt');0.9137529134750366;0.574627697467804;0.43517082929611206;0.03679678961634636
Data(x=[219, 11], edge_index=[2, 4], edge_attr=[4, 2], y=391.0, custom_label=0.9114219, min_label=0, max_label=429, instance_name='p20.txt');0.9114218950271606;0.574627697467804;0.43517082929611206;0.03679678961634636
Data(x=[219, 11], edge_index=[2, 4], edge_attr=[4, 2], y=390.0, custom_label=0.90909094, min_label=0, max_label=429, instance_name='p20.txt');0.9090909361839294;0.574627697467804;0.43517082929611206;0.03679678961634636
Data(x=[219, 11], edge_index=[2, 4], edge_attr=[4, 2], y=389.0, custom_label=0.9067599, min_label=0, max_label=429, instance_name='p20.txt');0.9067599177360535;0.574627697467804;0.43517082929611206;0.03679678961634636
Data(x=[219, 11], edge_index=[2, 4], edge_attr=[4, 2], y=388.0, custom_label=0.9044289, min_label=0, max_label=429, instance_name='p20.txt');0.9044288992881775;0.574627697467804;0.43517082929611206;0.03679678961634636
Data(x=[219, 11], edge_index=[2, 4], edge_attr=[4, 2], y=387.0, custom_label=0.9020979, min_label=0, max_label=429, instance_name='p20.txt');0.9020978808403015;0.574627697467804;0.43517082929611206;0.03679678961634636
Data(x=[219, 11], edge_index=[2, 4], edge_attr=[4, 2], y=386.0, custom_label=0.8997669, min_label=0, max_label=429, instance_name='p20.txt');0.8997669219970703;0.574627697467804;0.43517082929611206;0.03679678961634636
Data(x=[219, 11], edge_index=[2, 4], edge_attr=[4, 2], y=385.0, custom_label=0.8974359, min_label=0, max_label=429, instance_name='p20.txt');0.8974359035491943;0.574627697467804;0.43517082929611206;0.03679678961634636
Data(x=[219, 11], edge_index=[2, 4], edge_attr=[4, 2], y=384.0, custom_label=0.8951049, min_label=0, max_label=429, instance_name='p20.txt');0.8951048851013184;0.574627697467804;0.43517082929611206;0.03679678961634636
Data(x=[219, 11], edge_index=[2, 4], edge_attr=[4, 2], y=383.0, custom_label=0.89277387, min_label=0, max_label=429, instance_name='p20.txt');0.8927738666534424;0.574627697467804;0.43517082929611206;0.03679678961634636
Data(x=[219, 11], edge_index=[2, 4], edge_attr=[4, 2], y=382.0, custom_label=0.8904429, min_label=0, max_label=429, instance_name='p20.txt');0.8904429078102112;0.574627697467804;0.43517082929611206;0.03679678961634636
Data(x=[219, 11], edge_index=[2, 4], edge_attr=[4, 2], y=381.0, custom_label=0.8881119, min_label=0, max_label=429, instance_name='p20.txt');0.8881118893623352;0.574627697467804;0.43517082929611206;0.03679678961634636
Data(x=[219, 11], edge_index=[2, 4], edge_attr=[4, 2], y=380.0, custom_label=0.8857809, min_label=0, max_label=429, instance_name='p20.txt');0.8857808709144592;0.574627697467804;0.43517082929611206;0.03679678961634636
Data(x=[219, 11], edge_index=[2, 4], edge_attr=[4, 2], y=379.0, custom_label=0.8834499, min_label=0, max_label=429, instance_name='p20.txt');0.883449912071228;0.574627697467804;0.43517082929611206;0.03679678961634636
Data(x=[219, 11], edge_index=[2, 4], edge_attr=[4, 2], y=378.0, custom_label=0.8811189, min_label=0, max_label=429, instance_name='p20.txt');0.881118893623352;0.574627697467804;0.43517082929611206;0.03679678961634636
Data(x=[219, 11], edge_index=[2, 4], edge_attr=[4, 2], y=377.0, custom_label=0.8787879, min_label=0, max_label=429, instance_name='p20.txt');0.8787878751754761;0.574627697467804;0.43517082929611206;0.03679678961634636
Data(x=[219, 11], edge_index=[2, 4], edge_attr=[4, 2], y=376.0, custom_label=0.87645686, min_label=0, max_label=429, instance_name='p20.txt');0.8764568567276001;0.574627697467804;0.43517082929611206;0.03679678961634636
Data(x=[219, 11], edge_index=[2, 4], edge_attr=[4, 2], y=375.0, custom_label=0.8741259, min_label=0, max_label=429, instance_name='p20.txt');0.8741258978843689;0.574627697467804;0.43517082929611206;0.03679678961634636
Data(x=[219, 11], edge_index=[2, 4], edge_attr=[4, 2], y=374.0, custom_label=0.8717949, min_label=0, max_label=429, instance_name='p20.txt');0.8717948794364929;0.574627697467804;0.43517082929611206;0.03679678961634636
Data(x=[219, 11], edge_index=[2, 4], edge_attr=[4, 2], y=373.0, custom_label=0.86946386, min_label=0, max_label=429, instance_name='p20.txt');0.8694638609886169;0.574627697467804;0.43517082929611206;0.03679678961634636
Data(x=[219, 11], edge_index=[2, 4], edge_attr=[4, 2], y=372.0, custom_label=0.86713284, min_label=0, max_label=429, instance_name='p20.txt');0.867132842540741;0.574627697467804;0.43517082929611206;0.03679678961634636
Data(x=[219, 11], edge_index=[2, 4], edge_attr=[4, 2], y=371.0, custom_label=0.8648019, min_label=0, max_label=429, instance_name='p20.txt');0.8648018836975098;0.574627697467804;0.43517082929611206;0.03679678961634636
Data(x=[219, 11], edge_index=[2, 4], edge_attr=[4, 2], y=370.0, custom_label=0.86247087, min_label=0, max_label=429, instance_name='p20.txt');0.8624708652496338;0.574627697467804;0.43517082929611206;0.03679678961634636
Data(x=[219, 11], edge_index=[2, 4], edge_attr=[4, 2], y=369.0, custom_label=0.86013985, min_label=0, max_label=429, instance_name='p20.txt');0.8601398468017578;0.574627697467804;0.43517082929611206;0.03679678961634636
Data(x=[219, 11], edge_index=[2, 4], edge_attr=[4, 2], y=368.0, custom_label=0.8578088, min_label=0, max_label=429, instance_name='p20.txt');0.8578088283538818;0.574627697467804;0.43517082929611206;0.03679678961634636
Data(x=[219, 11], edge_index=[2, 4], edge_attr=[4, 2], y=367.0, custom_label=0.85547787, min_label=0, max_label=429, instance_name='p20.txt');0.8554778695106506;0.574627697467804;0.43517082929611206;0.03679678961634636
Data(x=[219, 11], edge_index=[2, 4], edge_attr=[4, 2], y=366.0, custom_label=0.85314685, min_label=0, max_label=429, instance_name='p20.txt');0.8531468510627747;0.574627697467804;0.43517082929611206;0.03679678961634636
Data(x=[219, 11], edge_index=[2, 4], edge_attr=[4, 2], y=365.0, custom_label=0.85081583, min_label=0, max_label=429, instance_name='p20.txt');0.8508158326148987;0.574627697467804;0.43517082929611206;0.03679678961634636
Data(x=[219, 11], edge_index=[2, 4], edge_attr=[4, 2], y=364.0, custom_label=0.8484849, min_label=0, max_label=429, instance_name='p20.txt');0.8484848737716675;0.574627697467804;0.43517082929611206;0.03679678961634636
Data(x=[219, 11], edge_index=[2, 4], edge_attr=[4, 2], y=363.0, custom_label=0.84615386, min_label=0, max_label=429, instance_name='p20.txt');0.8461538553237915;0.574627697467804;0.43517082929611206;0.03679678961634636
Data(x=[219, 11], edge_index=[2, 4], edge_attr=[4, 2], y=362.0, custom_label=0.84382284, min_label=0, max_label=429, instance_name='p20.txt');0.8438228368759155;0.574627697467804;0.43517082929611206;0.03679678961634636
Data(x=[219, 11], edge_index=[2, 4], edge_attr=[4, 2], y=361.0, custom_label=0.8414918, min_label=0, max_label=429, instance_name='p20.txt');0.8414918184280396;0.574627697467804;0.43517082929611206;0.03679678961634636
Data(x=[219, 11], edge_index=[2, 4], edge_attr=[4, 2], y=360.0, custom_label=0.83916086, min_label=0, max_label=429, instance_name='p20.txt');0.8391608595848083;0.574627697467804;0.43517082929611206;0.03679678961634636
Data(x=[219, 11], edge_index=[2, 4], edge_attr=[4, 2], y=359.0, custom_label=0.83682984, min_label=0, max_label=429, instance_name='p20.txt');0.8368298411369324;0.574627697467804;0.43517082929611206;0.03679678961634636
Data(x=[219, 11], edge_index=[2, 4], edge_attr=[4, 2], y=358.0, custom_label=0.8344988, min_label=0, max_label=429, instance_name='p20.txt');0.8344988226890564;0.574627697467804;0.43517082929611206;0.03679678961634636
Data(x=[219, 11], edge_index=[2, 4], edge_attr=[4, 2], y=357.0, custom_label=0.8321678, min_label=0, max_label=429, instance_name='p20.txt');0.8321678042411804;0.574627697467804;0.43517082929611206;0.03679678961634636
Data(x=[219, 11], edge_index=[2, 4], edge_attr=[4, 2], y=356.0, custom_label=0.82983685, min_label=0, max_label=429, instance_name='p20.txt');0.8298368453979492;0.574627697467804;0.43517082929611206;0.03679678961634636
Data(x=[219, 11], edge_index=[2, 4], edge_attr=[4, 2], y=355.0, custom_label=0.8275058, min_label=0, max_label=429, instance_name='p20.txt');0.8275058269500732;0.574627697467804;0.43517082929611206;0.03679678961634636
Data(x=[219, 11], edge_index=[2, 4], edge_attr=[4, 2], y=354.0, custom_label=0.8251748, min_label=0, max_label=429, instance_name='p20.txt');0.8251748085021973;0.574627697467804;0.43517082929611206;0.03679678961634636
Data(x=[219, 11], edge_index=[2, 4], edge_attr=[4, 2], y=353.0, custom_label=0.82284385, min_label=0, max_label=429, instance_name='p20.txt');0.8228438496589661;0.574627697467804;0.43517082929611206;0.03679678961634636
Data(x=[219, 11], edge_index=[2, 4], edge_attr=[4, 2], y=352.0, custom_label=0.82051283, min_label=0, max_label=429, instance_name='p20.txt');0.8205128312110901;0.574627697467804;0.43517082929611206;0.03679678961634636
Data(x=[219, 11], edge_index=[2, 4], edge_attr=[4, 2], y=351.0, custom_label=0.8181818, min_label=0, max_label=429, instance_name='p20.txt');0.8181818127632141;0.574627697467804;0.43517082929611206;0.03679678961634636
Data(x=[219, 11], edge_index=[2, 4], edge_attr=[4, 2], y=350.0, custom_label=0.8158508, min_label=0, max_label=429, instance_name='p20.txt');0.8158507943153381;0.574627697467804;0.43517082929611206;0.03679678961634636
Data(x=[219, 11], edge_index=[2, 4], edge_attr=[4, 2], y=349.0, custom_label=0.81351984, min_label=0, max_label=429, instance_name='p20.txt');0.8135198354721069;0.574627697467804;0.43517082929611206;0.03679678961634636
Data(x=[219, 11], edge_index=[2, 4], edge_attr=[4, 2], y=348.0, custom_label=0.8111888, min_label=0, max_label=429, instance_name='p20.txt');0.811188817024231;0.574627697467804;0.43517082929611206;0.03679678961634636
Data(x=[219, 11], edge_index=[2, 4], edge_attr=[4, 2], y=347.0, custom_label=0.8088578, min_label=0, max_label=429, instance_name='p20.txt');0.808857798576355;0.574627697467804;0.43517082929611206;0.03679678961634636
Data(x=[219, 11], edge_index=[2, 4], edge_attr=[4, 2], y=346.0, custom_label=0.8065268, min_label=0, max_label=429, instance_name='p20.txt');0.806526780128479;0.574627697467804;0.43517082929611206;0.03679678961634636
Data(x=[219, 11], edge_index=[2, 4], edge_attr=[4, 2], y=345.0, custom_label=0.8041958, min_label=0, max_label=429, instance_name='p20.txt');0.8041958212852478;0.574627697467804;0.43517082929611206;0.03679678961634636
Data(x=[219, 11], edge_index=[2, 4], edge_attr=[4, 2], y=344.0, custom_label=0.8018648, min_label=0, max_label=429, instance_name='p20.txt');0.8018648028373718;0.574627697467804;0.43517082929611206;0.03679678961634636
Data(x=[219, 11], edge_index=[2, 4], edge_attr=[4, 2], y=343.0, custom_label=0.7995338, min_label=0, max_label=429, instance_name='p20.txt');0.7995337843894958;0.574627697467804;0.43517082929611206;0.03679678961634636
Data(x=[219, 11], edge_index=[2, 4], edge_attr=[4, 2], y=342.0, custom_label=0.7972028, min_label=0, max_label=429, instance_name='p20.txt');0.7972028255462646;0.574627697467804;0.43517082929611206;0.03679678961634636
Data(x=[219, 11], edge_index=[2, 4], edge_attr=[4, 2], y=341.0, custom_label=0.7948718, min_label=0, max_label=429, instance_name='p20.txt');0.7948718070983887;0.574627697467804;0.43517082929611206;0.03679678961634636
Data(x=[219, 11], edge_index=[2, 4], edge_attr=[4, 2], y=340.0, custom_label=0.7925408, min_label=0, max_label=429, instance_name='p20.txt');0.7925407886505127;0.574627697467804;0.43517082929611206;0.03679678961634636
Data(x=[219, 11], edge_index=[2, 4], edge_attr=[4, 2], y=339.0, custom_label=0.7902098, min_label=0, max_label=429, instance_name='p20.txt');0.7902097702026367;0.574627697467804;0.43517082929611206;0.03679678961634636
Data(x=[219, 11], edge_index=[2, 4], edge_attr=[4, 2], y=338.0, custom_label=0.7878788, min_label=0, max_label=429, instance_name='p20.txt');0.7878788113594055;0.574627697467804;0.43517082929611206;0.03679678961634636
Data(x=[219, 11], edge_index=[2, 4], edge_attr=[4, 2], y=337.0, custom_label=0.7855478, min_label=0, max_label=429, instance_name='p20.txt');0.7855477929115295;0.574627697467804;0.43517082929611206;0.03679678961634636
Data(x=[219, 11], edge_index=[2, 4], edge_attr=[4, 2], y=336.0, custom_label=0.7832168, min_label=0, max_label=429, instance_name='p20.txt');0.7832167744636536;0.574627697467804;0.43517082929611206;0.03679678961634636
Data(x=[219, 11], edge_index=[2, 4], edge_attr=[4, 2], y=335.0, custom_label=0.78088576, min_label=0, max_label=429, instance_name='p20.txt');0.7808857560157776;0.574627697467804;0.43517082929611206;0.03679678961634636
Data(x=[219, 11], edge_index=[2, 4], edge_attr=[4, 2], y=334.0, custom_label=0.7785548, min_label=0, max_label=429, instance_name='p20.txt');0.7785547971725464;0.574627697467804;0.43517082929611206;0.03679678961634636
Data(x=[219, 11], edge_index=[2, 4], edge_attr=[4, 2], y=333.0, custom_label=0.7762238, min_label=0, max_label=429, instance_name='p20.txt');0.7762237787246704;0.574627697467804;0.43517082929611206;0.03679678961634636
Data(x=[219, 11], edge_index=[2, 4], edge_attr=[4, 2], y=332.0, custom_label=0.77389276, min_label=0, max_label=429, instance_name='p20.txt');0.7738927602767944;0.574627697467804;0.43517082929611206;0.03679678961634636
Data(x=[219, 11], edge_index=[2, 4], edge_attr=[4, 2], y=331.0, custom_label=0.77156174, min_label=0, max_label=429, instance_name='p20.txt');0.7715617418289185;0.574627697467804;0.43517082929611206;0.03679678961634636
Data(x=[219, 11], edge_index=[2, 4], edge_attr=[4, 2], y=330.0, custom_label=0.7692308, min_label=0, max_label=429, instance_name='p20.txt');0.7692307829856873;0.574627697467804;0.43517082929611206;0.03679678961634636
Data(x=[219, 11], edge_index=[2, 4], edge_attr=[4, 2], y=329.0, custom_label=0.76689976, min_label=0, max_label=429, instance_name='p20.txt');0.7668997645378113;0.574627697467804;0.43517082929611206;0.03679678961634636
Data(x=[219, 11], edge_index=[2, 4], edge_attr=[4, 2], y=328.0, custom_label=0.76456875, min_label=0, max_label=429, instance_name='p20.txt');0.7645687460899353;0.574627697467804;0.43517082929611206;0.03679678961634636
Data(x=[219, 11], edge_index=[2, 4], edge_attr=[4, 2], y=327.0, custom_label=0.7622378, min_label=0, max_label=429, instance_name='p20.txt');0.7622377872467041;0.574627697467804;0.43517082929611206;0.03679678961634636
Data(x=[219, 11], edge_index=[2, 4], edge_attr=[4, 2], y=326.0, custom_label=0.75990677, min_label=0, max_label=429, instance_name='p20.txt');0.7599067687988281;0.574627697467804;0.43517082929611206;0.03679678961634636
Data(x=[219, 11], edge_index=[2, 4], edge_attr=[4, 2], y=325.0, custom_label=0.75757575, min_label=0, max_label=429, instance_name='p20.txt');0.7575757503509521;0.574627697467804;0.43517082929611206;0.03679678961634636
Data(x=[219, 11], edge_index=[2, 4], edge_attr=[4, 2], y=324.0, custom_label=0.75524473, min_label=0, max_label=429, instance_name='p20.txt');0.7552447319030762;0.574627697467804;0.43517082929611206;0.03679678961634636
Data(x=[219, 11], edge_index=[2, 4], edge_attr=[4, 2], y=323.0, custom_label=0.7529138, min_label=0, max_label=429, instance_name='p20.txt');0.752913773059845;0.574627697467804;0.43517082929611206;0.03679678961634636
Data(x=[219, 11], edge_index=[2, 4], edge_attr=[4, 2], y=322.0, custom_label=0.75058275, min_label=0, max_label=429, instance_name='p20.txt');0.750582754611969;0.574627697467804;0.43517082929611206;0.03679678961634636
Data(x=[219, 11], edge_index=[2, 4], edge_attr=[4, 2], y=321.0, custom_label=0.74825174, min_label=0, max_label=429, instance_name='p20.txt');0.748251736164093;0.574627697467804;0.43517082929611206;0.03679678961634636
Data(x=[219, 11], edge_index=[2, 4], edge_attr=[4, 2], y=320.0, custom_label=0.7459207, min_label=0, max_label=429, instance_name='p20.txt');0.745920717716217;0.574627697467804;0.43517082929611206;0.03679678961634636
Data(x=[219, 11], edge_index=[2, 4], edge_attr=[4, 2], y=319.0, custom_label=0.74358976, min_label=0, max_label=429, instance_name='p20.txt');0.7435897588729858;0.574627697467804;0.43517082929611206;0.03679678961634636
Data(x=[219, 11], edge_index=[2, 4], edge_attr=[4, 2], y=318.0, custom_label=0.74125874, min_label=0, max_label=429, instance_name='p20.txt');0.7412587404251099;0.574627697467804;0.43517082929611206;0.03679678961634636
Data(x=[219, 11], edge_index=[2, 4], edge_attr=[4, 2], y=317.0, custom_label=0.7389277, min_label=0, max_label=429, instance_name='p20.txt');0.7389277219772339;0.574627697467804;0.43517082929611206;0.03679678961634636
Data(x=[219, 11], edge_index=[2, 4], edge_attr=[4, 2], y=316.0, custom_label=0.73659676, min_label=0, max_label=429, instance_name='p20.txt');0.7365967631340027;0.574627697467804;0.43517082929611206;0.03679678961634636
Data(x=[219, 11], edge_index=[2, 4], edge_attr=[4, 2], y=315.0, custom_label=0.73426574, min_label=0, max_label=429, instance_name='p20.txt');0.7342657446861267;0.574627697467804;0.43517082929611206;0.03679678961634636
Data(x=[219, 11], edge_index=[2, 4], edge_attr=[4, 2], y=314.0, custom_label=0.7319347, min_label=0, max_label=429, instance_name='p20.txt');0.7319347262382507;0.574627697467804;0.43517082929611206;0.03679678961634636
Data(x=[219, 11], edge_index=[2, 4], edge_attr=[4, 2], y=313.0, custom_label=0.7296037, min_label=0, max_label=429, instance_name='p20.txt');0.7296037077903748;0.574627697467804;0.43517082929611206;0.03679678961634636
Data(x=[219, 11], edge_index=[2, 4], edge_attr=[4, 2], y=312.0, custom_label=0.72727275, min_label=0, max_label=429, instance_name='p20.txt');0.7272727489471436;0.574627697467804;0.43517082929611206;0.03679678961634636
Data(x=[219, 11], edge_index=[2, 4], edge_attr=[4, 2], y=311.0, custom_label=0.72494173, min_label=0, max_label=429, instance_name='p20.txt');0.7249417304992676;0.574627697467804;0.43517082929611206;0.03679678961634636
Data(x=[219, 11], edge_index=[2, 4], edge_attr=[4, 2], y=310.0, custom_label=0.7226107, min_label=0, max_label=429, instance_name='p20.txt');0.7226107120513916;0.574627697467804;0.43517082929611206;0.03679678961634636
Data(x=[219, 11], edge_index=[2, 4], edge_attr=[4, 2], y=309.0, custom_label=0.7202797, min_label=0, max_label=429, instance_name='p20.txt');0.7202796936035156;0.574627697467804;0.43517082929611206;0.03679678961634636
Data(x=[219, 11], edge_index=[2, 4], edge_attr=[4, 2], y=308.0, custom_label=0.71794873, min_label=0, max_label=429, instance_name='p20.txt');0.7179487347602844;0.574627697467804;0.43517082929611206;0.03679678961634636
Data(x=[219, 11], edge_index=[2, 4], edge_attr=[4, 2], y=307.0, custom_label=0.7156177, min_label=0, max_label=429, instance_name='p20.txt');0.7156177163124084;0.574627697467804;0.43517082929611206;0.03679678961634636
Data(x=[219, 11], edge_index=[2, 4], edge_attr=[4, 2], y=306.0, custom_label=0.7132867, min_label=0, max_label=429, instance_name='p20.txt');0.7132866978645325;0.574627697467804;0.43517082929611206;0.03679678961634636
Data(x=[219, 11], edge_index=[2, 4], edge_attr=[4, 2], y=305.0, custom_label=0.71095574, min_label=0, max_label=429, instance_name='p20.txt');0.7109557390213013;0.574627697467804;0.43517082929611206;0.03679678961634636
Data(x=[219, 11], edge_index=[2, 4], edge_attr=[4, 2], y=304.0, custom_label=0.7086247, min_label=0, max_label=429, instance_name='p20.txt');0.7086247205734253;0.574627697467804;0.43517082929611206;0.03679678961634636
Data(x=[219, 11], edge_index=[2, 4], edge_attr=[4, 2], y=303.0, custom_label=0.7062937, min_label=0, max_label=429, instance_name='p20.txt');0.7062937021255493;0.574627697467804;0.43517082929611206;0.03679678961634636
Data(x=[219, 11], edge_index=[2, 4], edge_attr=[4, 2], y=302.0, custom_label=0.7039627, min_label=0, max_label=429, instance_name='p20.txt');0.7039626836776733;0.574627697467804;0.43517082929611206;0.03679678961634636
Data(x=[219, 11], edge_index=[2, 4], edge_attr=[4, 2], y=301.0, custom_label=0.7016317, min_label=0, max_label=429, instance_name='p20.txt');0.7016317248344421;0.574627697467804;0.43517082929611206;0.03679678961634636
Data(x=[219, 11], edge_index=[2, 4], edge_attr=[4, 2], y=300.0, custom_label=0.6993007, min_label=0, max_label=429, instance_name='p20.txt');0.6993007063865662;0.574627697467804;0.43517082929611206;0.03679678961634636
Data(x=[219, 11], edge_index=[2, 4], edge_attr=[4, 2], y=299.0, custom_label=0.6969697, min_label=0, max_label=429, instance_name='p20.txt');0.6969696879386902;0.574627697467804;0.43517082929611206;0.03679678961634636
Data(x=[219, 11], edge_index=[2, 4], edge_attr=[4, 2], y=298.0, custom_label=0.69463867, min_label=0, max_label=429, instance_name='p20.txt');0.6946386694908142;0.574627697467804;0.43517082929611206;0.03679678961634636
Data(x=[219, 11], edge_index=[2, 4], edge_attr=[4, 2], y=297.0, custom_label=0.6923077, min_label=0, max_label=429, instance_name='p20.txt');0.692307710647583;0.574627697467804;0.43517082929611206;0.03679678961634636
Data(x=[219, 11], edge_index=[2, 4], edge_attr=[4, 2], y=296.0, custom_label=0.6899767, min_label=0, max_label=429, instance_name='p20.txt');0.689976692199707;0.574627697467804;0.43517082929611206;0.03679678961634636
Data(x=[219, 11], edge_index=[2, 4], edge_attr=[4, 2], y=295.0, custom_label=0.6876457, min_label=0, max_label=429, instance_name='p20.txt');0.687645673751831;0.574627697467804;0.43517082929611206;0.03679678961634636
Data(x=[219, 11], edge_index=[2, 4], edge_attr=[4, 2], y=294.0, custom_label=0.6853147, min_label=0, max_label=429, instance_name='p20.txt');0.6853147149085999;0.574627697467804;0.43517082929611206;0.03679678961634636
Data(x=[219, 11], edge_index=[2, 4], edge_attr=[4, 2], y=293.0, custom_label=0.6829837, min_label=0, max_label=429, instance_name='p20.txt');0.6829836964607239;0.574627697467804;0.43517082929611206;0.03679678961634636
Data(x=[219, 11], edge_index=[2, 4], edge_attr=[4, 2], y=292.0, custom_label=0.6806527, min_label=0, max_label=429, instance_name='p20.txt');0.6806526780128479;0.574627697467804;0.43517082929611206;0.03679678961634636
Data(x=[219, 11], edge_index=[2, 4], edge_attr=[4, 2], y=291.0, custom_label=0.67832166, min_label=0, max_label=429, instance_name='p20.txt');0.6783216595649719;0.574627697467804;0.43517082929611206;0.03679678961634636
Data(x=[219, 11], edge_index=[2, 4], edge_attr=[4, 2], y=290.0, custom_label=0.6759907, min_label=0, max_label=429, instance_name='p20.txt');0.6759907007217407;0.574627697467804;0.43517082929611206;0.03679678961634636
Data(x=[219, 11], edge_index=[2, 4], edge_attr=[4, 2], y=289.0, custom_label=0.6736597, min_label=0, max_label=429, instance_name='p20.txt');0.6736596822738647;0.574627697467804;0.43517082929611206;0.03679678961634636
Data(x=[219, 11], edge_index=[2, 4], edge_attr=[4, 2], y=288.0, custom_label=0.67132866, min_label=0, max_label=429, instance_name='p20.txt');0.6713286638259888;0.574627697467804;0.43517082929611206;0.03679678961634636
Data(x=[219, 11], edge_index=[2, 4], edge_attr=[4, 2], y=287.0, custom_label=0.66899765, min_label=0, max_label=429, instance_name='p20.txt');0.6689976453781128;0.574627697467804;0.43517082929611206;0.03679678961634636
Data(x=[219, 11], edge_index=[2, 4], edge_attr=[4, 2], y=286.0, custom_label=0.6666667, min_label=0, max_label=429, instance_name='p20.txt');0.6666666865348816;0.574627697467804;0.43517082929611206;0.03679678961634636
Data(x=[219, 11], edge_index=[2, 4], edge_attr=[4, 2], y=285.0, custom_label=0.66433567, min_label=0, max_label=429, instance_name='p20.txt');0.6643356680870056;0.574627697467804;0.43517082929611206;0.03679678961634636
Data(x=[219, 11], edge_index=[2, 4], edge_attr=[4, 2], y=284.0, custom_label=0.66200465, min_label=0, max_label=429, instance_name='p20.txt');0.6620046496391296;0.574627697467804;0.43517082929611206;0.03679678961634636
Data(x=[219, 11], edge_index=[2, 4], edge_attr=[4, 2], y=283.0, custom_label=0.65967363, min_label=0, max_label=429, instance_name='p20.txt');0.6596736311912537;0.574627697467804;0.43517082929611206;0.03679678961634636
Data(x=[219, 11], edge_index=[2, 4], edge_attr=[4, 2], y=282.0, custom_label=0.6573427, min_label=0, max_label=429, instance_name='p20.txt');0.6573426723480225;0.574627697467804;0.43517082929611206;0.03679678961634636
Data(x=[219, 11], edge_index=[2, 4], edge_attr=[4, 2], y=281.0, custom_label=0.65501165, min_label=0, max_label=429, instance_name='p20.txt');0.6550116539001465;0.574627697467804;0.43517082929611206;0.03679678961634636
Data(x=[219, 11], edge_index=[2, 4], edge_attr=[4, 2], y=280.0, custom_label=0.65268064, min_label=0, max_label=429, instance_name='p20.txt');0.6526806354522705;0.574627697467804;0.43517082929611206;0.03679678961634636
Data(x=[219, 11], edge_index=[2, 4], edge_attr=[4, 2], y=279.0, custom_label=0.6503497, min_label=0, max_label=429, instance_name='p20.txt');0.6503496766090393;0.574627697467804;0.43517082929611206;0.03679678961634636
Data(x=[219, 11], edge_index=[2, 4], edge_attr=[4, 2], y=278.0, custom_label=0.64801866, min_label=0, max_label=429, instance_name='p20.txt');0.6480186581611633;0.574627697467804;0.43517082929611206;0.03679678961634636
Data(x=[219, 11], edge_index=[2, 4], edge_attr=[4, 2], y=277.0, custom_label=0.64568764, min_label=0, max_label=429, instance_name='p20.txt');0.6456876397132874;0.574627697467804;0.43517082929611206;0.03679678961634636
Data(x=[219, 11], edge_index=[2, 4], edge_attr=[4, 2], y=276.0, custom_label=0.6433566, min_label=0, max_label=429, instance_name='p20.txt');0.6433566212654114;0.574627697467804;0.43517082929611206;0.03679678961634636
Data(x=[219, 11], edge_index=[2, 4], edge_attr=[4, 2], y=275.0, custom_label=0.64102566, min_label=0, max_label=429, instance_name='p20.txt');0.6410256624221802;0.574627697467804;0.43517082929611206;0.03679678961634636
Data(x=[219, 11], edge_index=[2, 4], edge_attr=[4, 2], y=274.0, custom_label=0.63869464, min_label=0, max_label=429, instance_name='p20.txt');0.6386946439743042;0.574627697467804;0.43517082929611206;0.03679678961634636
Data(x=[219, 11], edge_index=[2, 4], edge_attr=[4, 2], y=273.0, custom_label=0.6363636, min_label=0, max_label=429, instance_name='p20.txt');0.6363636255264282;0.574627697467804;0.43517082929611206;0.03679678961634636
Data(x=[219, 11], edge_index=[2, 4], edge_attr=[4, 2], y=272.0, custom_label=0.6340326, min_label=0, max_label=429, instance_name='p20.txt');0.6340326070785522;0.574627697467804;0.43517082929611206;0.03679678961634636
Data(x=[219, 11], edge_index=[2, 4], edge_attr=[4, 2], y=271.0, custom_label=0.63170165, min_label=0, max_label=429, instance_name='p20.txt');0.631701648235321;0.574627697467804;0.43517082929611206;0.03679678961634636
Data(x=[219, 11], edge_index=[2, 4], edge_attr=[4, 2], y=270.0, custom_label=0.6293706, min_label=0, max_label=429, instance_name='p20.txt');0.6293706297874451;0.574627697467804;0.43517082929611206;0.03679678961634636
Data(x=[219, 11], edge_index=[2, 4], edge_attr=[4, 2], y=269.0, custom_label=0.6270396, min_label=0, max_label=429, instance_name='p20.txt');0.6270396113395691;0.574627697467804;0.43517082929611206;0.03679678961634636
Data(x=[219, 11], edge_index=[2, 4], edge_attr=[4, 2], y=268.0, custom_label=0.62470865, min_label=0, max_label=429, instance_name='p20.txt');0.6247086524963379;0.574627697467804;0.43517082929611206;0.03679678961634636
Data(x=[219, 11], edge_index=[2, 4], edge_attr=[4, 2], y=267.0, custom_label=0.62237763, min_label=0, max_label=429, instance_name='p20.txt');0.6223776340484619;0.574627697467804;0.43517082929611206;0.03679678961634636
Data(x=[219, 11], edge_index=[2, 4], edge_attr=[4, 2], y=266.0, custom_label=0.6200466, min_label=0, max_label=429, instance_name='p20.txt');0.6200466156005859;0.574627697467804;0.43517082929611206;0.03679678961634636
Data(x=[219, 11], edge_index=[2, 4], edge_attr=[4, 2], y=265.0, custom_label=0.6177156, min_label=0, max_label=429, instance_name='p20.txt');0.61771559715271;0.574627697467804;0.43517082929611206;0.03679678961634636
Data(x=[219, 11], edge_index=[2, 4], edge_attr=[4, 2], y=264.0, custom_label=0.61538464, min_label=0, max_label=429, instance_name='p20.txt');0.6153846383094788;0.574627697467804;0.43517082929611206;0.03679678961634636
Data(x=[219, 11], edge_index=[2, 4], edge_attr=[4, 2], y=263.0, custom_label=0.6130536, min_label=0, max_label=429, instance_name='p20.txt');0.6130536198616028;0.574627697467804;0.43517082929611206;0.03679678961634636
Data(x=[219, 11], edge_index=[2, 4], edge_attr=[4, 2], y=262.0, custom_label=0.6107226, min_label=0, max_label=429, instance_name='p20.txt');0.6107226014137268;0.574627697467804;0.43517082929611206;0.03679678961634636
Data(x=[219, 11], edge_index=[2, 4], edge_attr=[4, 2], y=261.0, custom_label=0.6083916, min_label=0, max_label=429, instance_name='p20.txt');0.6083915829658508;0.574627697467804;0.43517082929611206;0.03679678961634636
Data(x=[219, 11], edge_index=[2, 4], edge_attr=[4, 2], y=260.0, custom_label=0.6060606, min_label=0, max_label=429, instance_name='p20.txt');0.6060606241226196;0.574627697467804;0.43517082929611206;0.03679678961634636
Data(x=[219, 11], edge_index=[2, 4], edge_attr=[4, 2], y=259.0, custom_label=0.6037296, min_label=0, max_label=429, instance_name='p20.txt');0.6037296056747437;0.574627697467804;0.43517082929611206;0.03679678961634636
Data(x=[219, 11], edge_index=[2, 4], edge_attr=[4, 2], y=258.0, custom_label=0.6013986, min_label=0, max_label=429, instance_name='p20.txt');0.6013985872268677;0.574627697467804;0.43517082929611206;0.03679678961634636
Data(x=[219, 11], edge_index=[2, 4], edge_attr=[4, 2], y=257.0, custom_label=0.5990676, min_label=0, max_label=429, instance_name='p20.txt');0.5990676283836365;0.574627697467804;0.43517082929611206;0.03679678961634636
Data(x=[219, 11], edge_index=[2, 4], edge_attr=[4, 2], y=256.0, custom_label=0.5967366, min_label=0, max_label=429, instance_name='p20.txt');0.5967366099357605;0.574627697467804;0.43517082929611206;0.03679678961634636
Data(x=[219, 11], edge_index=[2, 4], edge_attr=[4, 2], y=255.0, custom_label=0.5944056, min_label=0, max_label=429, instance_name='p20.txt');0.5944055914878845;0.574627697467804;0.43517082929611206;0.03679678961634636
Data(x=[219, 11], edge_index=[2, 4], edge_attr=[4, 2], y=254.0, custom_label=0.5920746, min_label=0, max_label=429, instance_name='p20.txt');0.5920745730400085;0.574627697467804;0.43517082929611206;0.03679678961634636
Data(x=[219, 11], edge_index=[2, 4], edge_attr=[4, 2], y=253.0, custom_label=0.5897436, min_label=0, max_label=429, instance_name='p20.txt');0.5897436141967773;0.574627697467804;0.43517082929611206;0.03679678961634636
Data(x=[219, 11], edge_index=[2, 4], edge_attr=[4, 2], y=252.0, custom_label=0.5874126, min_label=0, max_label=429, instance_name='p20.txt');0.5874125957489014;0.574627697467804;0.43517082929611206;0.03679678961634636
Data(x=[219, 11], edge_index=[2, 4], edge_attr=[4, 2], y=251.0, custom_label=0.5850816, min_label=0, max_label=429, instance_name='p20.txt');0.5850815773010254;0.574627697467804;0.43517082929611206;0.03679678961634636
Data(x=[219, 11], edge_index=[2, 4], edge_attr=[4, 2], y=250.0, custom_label=0.58275056, min_label=0, max_label=429, instance_name='p20.txt');0.5827505588531494;0.574627697467804;0.43517082929611206;0.03679678961634636
Data(x=[219, 11], edge_index=[2, 4], edge_attr=[4, 2], y=249.0, custom_label=0.5804196, min_label=0, max_label=429, instance_name='p20.txt');0.5804196000099182;0.574627697467804;0.43517082929611206;0.03679678961634636
Data(x=[219, 11], edge_index=[2, 4], edge_attr=[4, 2], y=248.0, custom_label=0.5780886, min_label=0, max_label=429, instance_name='p20.txt');0.5780885815620422;0.574627697467804;0.43517082929611206;0.03679678961634636
Data(x=[219, 11], edge_index=[2, 4], edge_attr=[4, 2], y=247.0, custom_label=0.57575756, min_label=0, max_label=429, instance_name='p20.txt');0.5757575631141663;0.574627697467804;0.43517082929611206;0.03679678961634636
Data(x=[219, 11], edge_index=[2, 4], edge_attr=[4, 2], y=246.0, custom_label=0.57342654, min_label=0, max_label=429, instance_name='p20.txt');0.5734265446662903;0.574627697467804;0.43517082929611206;0.03679678961634636
Data(x=[219, 11], edge_index=[2, 4], edge_attr=[4, 2], y=245.0, custom_label=0.5710956, min_label=0, max_label=429, instance_name='p20.txt');0.5710955858230591;0.574627697467804;0.43517082929611206;0.03679678961634636
Data(x=[219, 11], edge_index=[2, 4], edge_attr=[4, 2], y=244.0, custom_label=0.56876457, min_label=0, max_label=429, instance_name='p20.txt');0.5687645673751831;0.574627697467804;0.43517082929611206;0.03679678961634636
Data(x=[219, 11], edge_index=[2, 4], edge_attr=[4, 2], y=243.0, custom_label=0.56643355, min_label=0, max_label=429, instance_name='p20.txt');0.5664335489273071;0.574627697467804;0.43517082929611206;0.03679678961634636
Data(x=[219, 11], edge_index=[2, 4], edge_attr=[4, 2], y=242.0, custom_label=0.5641026, min_label=0, max_label=429, instance_name='p20.txt');0.5641025900840759;0.574627697467804;0.43517082929611206;0.03679678961634636
Data(x=[219, 11], edge_index=[2, 4], edge_attr=[4, 2], y=241.0, custom_label=0.5617716, min_label=0, max_label=429, instance_name='p20.txt');0.5617715716362;0.574627697467804;0.43517082929611206;0.03679678961634636
Data(x=[219, 11], edge_index=[2, 4], edge_attr=[4, 2], y=240.0, custom_label=0.55944055, min_label=0, max_label=429, instance_name='p20.txt');0.559440553188324;0.574627697467804;0.43517082929611206;0.03679678961634636
Data(x=[219, 11], edge_index=[2, 4], edge_attr=[4, 2], y=239.0, custom_label=0.55710953, min_label=0, max_label=429, instance_name='p20.txt');0.557109534740448;0.574627697467804;0.43517082929611206;0.03679678961634636
Data(x=[219, 11], edge_index=[2, 4], edge_attr=[4, 2], y=238.0, custom_label=0.5547786, min_label=0, max_label=429, instance_name='p20.txt');0.5547785758972168;0.574627697467804;0.43517082929611206;0.03679678961634636
Data(x=[219, 11], edge_index=[2, 4], edge_attr=[4, 2], y=237.0, custom_label=0.55244756, min_label=0, max_label=429, instance_name='p20.txt');0.5524475574493408;0.574627697467804;0.43517082929611206;0.03679678961634636
Data(x=[219, 11], edge_index=[2, 4], edge_attr=[4, 2], y=236.0, custom_label=0.55011654, min_label=0, max_label=429, instance_name='p20.txt');0.5501165390014648;0.574627697467804;0.43517082929611206;0.03679678961634636
Data(x=[219, 11], edge_index=[2, 4], edge_attr=[4, 2], y=235.0, custom_label=0.5477855, min_label=0, max_label=429, instance_name='p20.txt');0.5477855205535889;0.574627697467804;0.43517082929611206;0.03679678961634636
Data(x=[219, 11], edge_index=[2, 4], edge_attr=[4, 2], y=234.0, custom_label=0.54545456, min_label=0, max_label=429, instance_name='p20.txt');0.5454545617103577;0.574627697467804;0.43517082929611206;0.03679678961634636
Data(x=[219, 11], edge_index=[2, 4], edge_attr=[4, 2], y=233.0, custom_label=0.54312354, min_label=0, max_label=429, instance_name='p20.txt');0.5431235432624817;0.574627697467804;0.43517082929611206;0.03679678961634636
Data(x=[219, 11], edge_index=[2, 4], edge_attr=[4, 2], y=232.0, custom_label=0.5407925, min_label=0, max_label=429, instance_name='p20.txt');0.5407925248146057;0.574627697467804;0.43517082929611206;0.03679678961634636
Data(x=[219, 11], edge_index=[2, 4], edge_attr=[4, 2], y=231.0, custom_label=0.53846157, min_label=0, max_label=429, instance_name='p20.txt');0.5384615659713745;0.574627697467804;0.43517082929611206;0.03679678961634636
Data(x=[219, 11], edge_index=[2, 4], edge_attr=[4, 2], y=230.0, custom_label=0.53613055, min_label=0, max_label=429, instance_name='p20.txt');0.5361305475234985;0.574627697467804;0.43517082929611206;0.03679678961634636
Data(x=[219, 11], edge_index=[2, 4], edge_attr=[4, 2], y=229.0, custom_label=0.5337995, min_label=0, max_label=429, instance_name='p20.txt');0.5337995290756226;0.574627697467804;0.43517082929611206;0.03679678961634636
Data(x=[219, 11], edge_index=[2, 4], edge_attr=[4, 2], y=228.0, custom_label=0.5314685, min_label=0, max_label=429, instance_name='p20.txt');0.5314685106277466;0.574627697467804;0.43517082929611206;0.03679678961634636
Data(x=[219, 11], edge_index=[2, 4], edge_attr=[4, 2], y=227.0, custom_label=0.52913755, min_label=0, max_label=429, instance_name='p20.txt');0.5291375517845154;0.574627697467804;0.43517082929611206;0.03679678961634636
Data(x=[219, 11], edge_index=[2, 4], edge_attr=[4, 2], y=226.0, custom_label=0.52680653, min_label=0, max_label=429, instance_name='p20.txt');0.5268065333366394;0.574627697467804;0.43517082929611206;0.03679678961634636
Data(x=[219, 11], edge_index=[2, 4], edge_attr=[4, 2], y=225.0, custom_label=0.5244755, min_label=0, max_label=429, instance_name='p20.txt');0.5244755148887634;0.574627697467804;0.43517082929611206;0.03679678961634636
Data(x=[219, 11], edge_index=[2, 4], edge_attr=[4, 2], y=224.0, custom_label=0.5221445, min_label=0, max_label=429, instance_name='p20.txt');0.5221444964408875;0.574627697467804;0.43517082929611206;0.03679678961634636
Data(x=[219, 11], edge_index=[2, 4], edge_attr=[4, 2], y=223.0, custom_label=0.51981354, min_label=0, max_label=429, instance_name='p20.txt');0.5198135375976562;0.574627697467804;0.43517082929611206;0.03679678961634636
Data(x=[219, 11], edge_index=[2, 4], edge_attr=[4, 2], y=222.0, custom_label=0.5174825, min_label=0, max_label=429, instance_name='p20.txt');0.5174825191497803;0.574627697467804;0.43517082929611206;0.03679678961634636
Data(x=[219, 11], edge_index=[2, 4], edge_attr=[4, 2], y=221.0, custom_label=0.5151515, min_label=0, max_label=429, instance_name='p20.txt');0.5151515007019043;0.574627697467804;0.43517082929611206;0.03679678961634636
Data(x=[219, 11], edge_index=[2, 4], edge_attr=[4, 2], y=220.0, custom_label=0.51282054, min_label=0, max_label=429, instance_name='p20.txt');0.5128205418586731;0.574627697467804;0.43517082929611206;0.03679678961634636
Data(x=[219, 11], edge_index=[2, 4], edge_attr=[4, 2], y=219.0, custom_label=0.5104895, min_label=0, max_label=429, instance_name='p20.txt');0.5104895234107971;0.574627697467804;0.43517082929611206;0.03679678961634636
Data(x=[219, 11], edge_index=[2, 4], edge_attr=[4, 2], y=218.0, custom_label=0.5081585, min_label=0, max_label=429, instance_name='p20.txt');0.5081585049629211;0.574627697467804;0.43517082929611206;0.03679678961634636
Data(x=[219, 11], edge_index=[2, 4], edge_attr=[4, 2], y=217.0, custom_label=0.5058275, min_label=0, max_label=429, instance_name='p20.txt');0.5058274865150452;0.574627697467804;0.43517082929611206;0.03679678961634636
Data(x=[219, 11], edge_index=[2, 4], edge_attr=[4, 2], y=216.0, custom_label=0.5034965, min_label=0, max_label=429, instance_name='p20.txt');0.503496527671814;0.574627697467804;0.43517082929611206;0.03679678961634636
Data(x=[219, 11], edge_index=[2, 4], edge_attr=[4, 2], y=215.0, custom_label=0.5011655, min_label=0, max_label=429, instance_name='p20.txt');0.501165509223938;0.574627697467804;0.43517082929611206;0.03679678961634636
Data(x=[219, 11], edge_index=[2, 4], edge_attr=[4, 2], y=214.0, custom_label=0.4988345, min_label=0, max_label=429, instance_name='p20.txt');0.498834490776062;0.574627697467804;0.43517082929611206;0.03679678961634636
Data(x=[219, 11], edge_index=[2, 4], edge_attr=[4, 2], y=213.0, custom_label=0.4965035, min_label=0, max_label=429, instance_name='p20.txt');0.4965035021305084;0.574627697467804;0.43517082929611206;0.03679678961634636
Data(x=[219, 11], edge_index=[2, 4], edge_attr=[4, 2], y=212.0, custom_label=0.49417248, min_label=0, max_label=429, instance_name='p20.txt');0.49417248368263245;0.574627697467804;0.43517082929611206;0.03679678961634636
Data(x=[219, 11], edge_index=[2, 4], edge_attr=[4, 2], y=211.0, custom_label=0.4918415, min_label=0, max_label=429, instance_name='p20.txt');0.49184149503707886;0.574627697467804;0.43517082929611206;0.03679678961634636
Data(x=[219, 11], edge_index=[2, 4], edge_attr=[4, 2], y=210.0, custom_label=0.48951048, min_label=0, max_label=429, instance_name='p20.txt');0.4895104765892029;0.574627697467804;0.43517082929611206;0.03679678961634636
Data(x=[219, 11], edge_index=[2, 4], edge_attr=[4, 2], y=209.0, custom_label=0.4871795, min_label=0, max_label=429, instance_name='p20.txt');0.4871794879436493;0.574627697467804;0.43517082929611206;0.03679678961634636
Data(x=[219, 11], edge_index=[2, 4], edge_attr=[4, 2], y=208.0, custom_label=0.4848485, min_label=0, max_label=429, instance_name='p20.txt');0.4848484992980957;0.574627697467804;0.43517082929611206;0.03679678961634636
Data(x=[219, 11], edge_index=[2, 4], edge_attr=[4, 2], y=207.0, custom_label=0.48251748, min_label=0, max_label=429, instance_name='p20.txt');0.4825174808502197;0.574627697467804;0.43517082929611206;0.03679678961634636
Data(x=[219, 11], edge_index=[2, 4], edge_attr=[4, 2], y=206.0, custom_label=0.4801865, min_label=0, max_label=429, instance_name='p20.txt');0.48018649220466614;0.574627697467804;0.43517082929611206;0.03679678961634636
Data(x=[219, 11], edge_index=[2, 4], edge_attr=[4, 2], y=205.0, custom_label=0.47785547, min_label=0, max_label=429, instance_name='p20.txt');0.47785547375679016;0.574627697467804;0.43517082929611206;0.03679678961634636
Data(x=[219, 11], edge_index=[2, 4], edge_attr=[4, 2], y=204.0, custom_label=0.4755245, min_label=0, max_label=429, instance_name='p20.txt');0.4755244851112366;0.574627697467804;0.43517082929611206;0.03679678961634636
Data(x=[219, 11], edge_index=[2, 4], edge_attr=[4, 2], y=203.0, custom_label=0.47319347, min_label=0, max_label=429, instance_name='p20.txt');0.4731934666633606;0.574627697467804;0.43517082929611206;0.03679678961634636
Data(x=[219, 11], edge_index=[2, 4], edge_attr=[4, 2], y=202.0, custom_label=0.47086248, min_label=0, max_label=429, instance_name='p20.txt');0.470862478017807;0.574627697467804;0.43517082929611206;0.03679678961634636
Data(x=[219, 11], edge_index=[2, 4], edge_attr=[4, 2], y=201.0, custom_label=0.46853146, min_label=0, max_label=429, instance_name='p20.txt');0.46853145956993103;0.574627697467804;0.43517082929611206;0.03679678961634636
Data(x=[219, 11], edge_index=[2, 4], edge_attr=[4, 2], y=200.0, custom_label=0.46620047, min_label=0, max_label=429, instance_name='p20.txt');0.46620047092437744;0.574627697467804;0.43517082929611206;0.03679678961634636
Data(x=[219, 11], edge_index=[2, 4], edge_attr=[4, 2], y=199.0, custom_label=0.46386945, min_label=0, max_label=429, instance_name='p20.txt');0.46386945247650146;0.574627697467804;0.43517082929611206;0.03679678961634636
Data(x=[219, 11], edge_index=[2, 4], edge_attr=[4, 2], y=198.0, custom_label=0.46153846, min_label=0, max_label=429, instance_name='p20.txt');0.4615384638309479;0.574627697467804;0.43517082929611206;0.03679678961634636
Data(x=[219, 11], edge_index=[2, 4], edge_attr=[4, 2], y=197.0, custom_label=0.45920745, min_label=0, max_label=429, instance_name='p20.txt');0.4592074453830719;0.574627697467804;0.43517082929611206;0.03679678961634636
Data(x=[219, 11], edge_index=[2, 4], edge_attr=[4, 2], y=196.0, custom_label=0.45687646, min_label=0, max_label=429, instance_name='p20.txt');0.4568764567375183;0.574627697467804;0.43517082929611206;0.03679678961634636
Data(x=[219, 11], edge_index=[2, 4], edge_attr=[4, 2], y=195.0, custom_label=0.45454547, min_label=0, max_label=429, instance_name='p20.txt');0.4545454680919647;0.574627697467804;0.43517082929611206;0.03679678961634636
Data(x=[219, 11], edge_index=[2, 4], edge_attr=[4, 2], y=194.0, custom_label=0.45221445, min_label=0, max_label=429, instance_name='p20.txt');0.45221444964408875;0.574627697467804;0.43517082929611206;0.03679678961634636
Data(x=[219, 11], edge_index=[2, 4], edge_attr=[4, 2], y=193.0, custom_label=0.44988346, min_label=0, max_label=429, instance_name='p20.txt');0.44988346099853516;0.574627697467804;0.43517082929611206;0.03679678961634636
Data(x=[219, 11], edge_index=[2, 4], edge_attr=[4, 2], y=192.0, custom_label=0.44755244, min_label=0, max_label=429, instance_name='p20.txt');0.4475524425506592;0.574627697467804;0.43517082929611206;0.03679678961634636
Data(x=[219, 11], edge_index=[2, 4], edge_attr=[4, 2], y=191.0, custom_label=0.44522145, min_label=0, max_label=429, instance_name='p20.txt');0.4452214539051056;0.574627697467804;0.43517082929611206;0.03679678961634636
Data(x=[219, 11], edge_index=[2, 4], edge_attr=[4, 2], y=190.0, custom_label=0.44289044, min_label=0, max_label=429, instance_name='p20.txt');0.4428904354572296;0.574627697467804;0.43517082929611206;0.03679678961634636
Data(x=[219, 11], edge_index=[2, 4], edge_attr=[4, 2], y=189.0, custom_label=0.44055945, min_label=0, max_label=429, instance_name='p20.txt');0.440559446811676;0.574627697467804;0.43517082929611206;0.03679678961634636
Data(x=[219, 11], edge_index=[2, 4], edge_attr=[4, 2], y=188.0, custom_label=0.43822843, min_label=0, max_label=429, instance_name='p20.txt');0.43822842836380005;0.574627697467804;0.43517082929611206;0.03679678961634636
Data(x=[219, 11], edge_index=[2, 4], edge_attr=[4, 2], y=187.0, custom_label=0.43589744, min_label=0, max_label=429, instance_name='p20.txt');0.43589743971824646;0.574627697467804;0.43517082929611206;0.03679678961634636
Data(x=[219, 11], edge_index=[2, 4], edge_attr=[4, 2], y=186.0, custom_label=0.43356642, min_label=0, max_label=429, instance_name='p20.txt');0.4335664212703705;0.574627697467804;0.43517082929611206;0.03679678961634636
Data(x=[219, 11], edge_index=[2, 4], edge_attr=[4, 2], y=185.0, custom_label=0.43123543, min_label=0, max_label=429, instance_name='p20.txt');0.4312354326248169;0.574627697467804;0.43517082929611206;0.03679678961634636
Data(x=[219, 11], edge_index=[2, 4], edge_attr=[4, 2], y=184.0, custom_label=0.4289044, min_label=0, max_label=429, instance_name='p20.txt');0.4289044141769409;0.574627697467804;0.43517082929611206;0.03679678961634636
Data(x=[219, 11], edge_index=[2, 4], edge_attr=[4, 2], y=183.0, custom_label=0.42657343, min_label=0, max_label=429, instance_name='p20.txt');0.42657342553138733;0.574627697467804;0.43517082929611206;0.03679678961634636
Data(x=[219, 11], edge_index=[2, 4], edge_attr=[4, 2], y=182.0, custom_label=0.42424244, min_label=0, max_label=429, instance_name='p20.txt');0.42424243688583374;0.574627697467804;0.43517082929611206;0.03679678961634636
Data(x=[219, 11], edge_index=[2, 4], edge_attr=[4, 2], y=181.0, custom_label=0.42191142, min_label=0, max_label=429, instance_name='p20.txt');0.42191141843795776;0.574627697467804;0.43517082929611206;0.03679678961634636
Data(x=[219, 11], edge_index=[2, 4], edge_attr=[4, 2], y=180.0, custom_label=0.41958043, min_label=0, max_label=429, instance_name='p20.txt');0.4195804297924042;0.574627697467804;0.43517082929611206;0.03679678961634636
Data(x=[219, 11], edge_index=[2, 4], edge_attr=[4, 2], y=179.0, custom_label=0.4172494, min_label=0, max_label=429, instance_name='p20.txt');0.4172494113445282;0.574627697467804;0.43517082929611206;0.03679678961634636
Data(x=[219, 11], edge_index=[2, 4], edge_attr=[4, 2], y=178.0, custom_label=0.41491842, min_label=0, max_label=429, instance_name='p20.txt');0.4149184226989746;0.574627697467804;0.43517082929611206;0.03679678961634636
Data(x=[219, 11], edge_index=[2, 4], edge_attr=[4, 2], y=177.0, custom_label=0.4125874, min_label=0, max_label=429, instance_name='p20.txt');0.41258740425109863;0.574627697467804;0.43517082929611206;0.03679678961634636
Data(x=[219, 11], edge_index=[2, 4], edge_attr=[4, 2], y=176.0, custom_label=0.41025642, min_label=0, max_label=429, instance_name='p20.txt');0.41025641560554504;0.574627697467804;0.43517082929611206;0.03679678961634636
Data(x=[219, 11], edge_index=[2, 4], edge_attr=[4, 2], y=175.0, custom_label=0.4079254, min_label=0, max_label=429, instance_name='p20.txt');0.40792539715766907;0.574627697467804;0.43517082929611206;0.03679678961634636
Data(x=[219, 11], edge_index=[2, 4], edge_attr=[4, 2], y=174.0, custom_label=0.4055944, min_label=0, max_label=429, instance_name='p20.txt');0.4055944085121155;0.574627697467804;0.43517082929611206;0.03679678961634636
Data(x=[219, 11], edge_index=[2, 4], edge_attr=[4, 2], y=173.0, custom_label=0.4032634, min_label=0, max_label=429, instance_name='p20.txt');0.4032633900642395;0.574627697467804;0.43517082929611206;0.03679678961634636
Data(x=[219, 11], edge_index=[2, 4], edge_attr=[4, 2], y=172.0, custom_label=0.4009324, min_label=0, max_label=429, instance_name='p20.txt');0.4009324014186859;0.574627697467804;0.43517082929611206;0.03679678961634636
Data(x=[219, 11], edge_index=[2, 4], edge_attr=[4, 2], y=171.0, custom_label=0.3986014, min_label=0, max_label=429, instance_name='p20.txt');0.3986014127731323;0.574627697467804;0.43517082929611206;0.03679678961634636
Data(x=[219, 11], edge_index=[2, 4], edge_attr=[4, 2], y=170.0, custom_label=0.3962704, min_label=0, max_label=429, instance_name='p20.txt');0.39627039432525635;0.574627697467804;0.43517082929611206;0.03679678961634636
Data(x=[219, 11], edge_index=[2, 4], edge_attr=[4, 2], y=169.0, custom_label=0.3939394, min_label=0, max_label=429, instance_name='p20.txt');0.39393940567970276;0.574627697467804;0.43517082929611206;0.03679678961634636
Data(x=[219, 11], edge_index=[2, 4], edge_attr=[4, 2], y=168.0, custom_label=0.3916084, min_label=0, max_label=429, instance_name='p20.txt');0.3916083872318268;0.574627697467804;0.43517082929611206;0.03679678961634636
Data(x=[219, 11], edge_index=[2, 4], edge_attr=[4, 2], y=167.0, custom_label=0.3892774, min_label=0, max_label=429, instance_name='p20.txt');0.3892773985862732;0.574627697467804;0.43517082929611206;0.03679678961634636
Data(x=[219, 11], edge_index=[2, 4], edge_attr=[4, 2], y=166.0, custom_label=0.38694638, min_label=0, max_label=429, instance_name='p20.txt');0.3869463801383972;0.574627697467804;0.43517082929611206;0.03679678961634636
Data(x=[219, 11], edge_index=[2, 4], edge_attr=[4, 2], y=165.0, custom_label=0.3846154, min_label=0, max_label=429, instance_name='p20.txt');0.38461539149284363;0.574627697467804;0.43517082929611206;0.03679678961634636
Data(x=[219, 11], edge_index=[2, 4], edge_attr=[4, 2], y=164.0, custom_label=0.38228437, min_label=0, max_label=429, instance_name='p20.txt');0.38228437304496765;0.574627697467804;0.43517082929611206;0.03679678961634636
Data(x=[219, 11], edge_index=[2, 4], edge_attr=[4, 2], y=163.0, custom_label=0.37995338, min_label=0, max_label=429, instance_name='p20.txt');0.37995338439941406;0.574627697467804;0.43517082929611206;0.03679678961634636
Data(x=[219, 11], edge_index=[2, 4], edge_attr=[4, 2], y=162.0, custom_label=0.37762237, min_label=0, max_label=429, instance_name='p20.txt');0.3776223659515381;0.574627697467804;0.43517082929611206;0.03679678961634636
Data(x=[219, 11], edge_index=[2, 4], edge_attr=[4, 2], y=161.0, custom_label=0.37529138, min_label=0, max_label=429, instance_name='p20.txt');0.3752913773059845;0.574627697467804;0.43517082929611206;0.03679678961634636
Data(x=[219, 11], edge_index=[2, 4], edge_attr=[4, 2], y=160.0, custom_label=0.37296036, min_label=0, max_label=429, instance_name='p20.txt');0.3729603588581085;0.574627697467804;0.43517082929611206;0.03679678961634636
Data(x=[219, 11], edge_index=[2, 4], edge_attr=[4, 2], y=159.0, custom_label=0.37062937, min_label=0, max_label=429, instance_name='p20.txt');0.37062937021255493;0.574627697467804;0.43517082929611206;0.03679678961634636
Data(x=[219, 11], edge_index=[2, 4], edge_attr=[4, 2], y=158.0, custom_label=0.36829838, min_label=0, max_label=429, instance_name='p20.txt');0.36829838156700134;0.574627697467804;0.43517082929611206;0.03679678961634636
Data(x=[219, 11], edge_index=[2, 4], edge_attr=[4, 2], y=157.0, custom_label=0.36596736, min_label=0, max_label=429, instance_name='p20.txt');0.36596736311912537;0.574627697467804;0.43517082929611206;0.03679678961634636
Data(x=[219, 11], edge_index=[2, 4], edge_attr=[4, 2], y=156.0, custom_label=0.36363637, min_label=0, max_label=429, instance_name='p20.txt');0.3636363744735718;0.574627697467804;0.43517082929611206;0.03679678961634636
Data(x=[219, 11], edge_index=[2, 4], edge_attr=[4, 2], y=155.0, custom_label=0.36130536, min_label=0, max_label=429, instance_name='p20.txt');0.3613053560256958;0.574627697467804;0.43517082929611206;0.03679678961634636
Data(x=[219, 11], edge_index=[2, 4], edge_attr=[4, 2], y=154.0, custom_label=0.35897437, min_label=0, max_label=429, instance_name='p20.txt');0.3589743673801422;0.574627697467804;0.43517082929611206;0.03679678961634636
Data(x=[219, 11], edge_index=[2, 4], edge_attr=[4, 2], y=153.0, custom_label=0.35664335, min_label=0, max_label=429, instance_name='p20.txt');0.35664334893226624;0.574627697467804;0.43517082929611206;0.03679678961634636
Data(x=[219, 11], edge_index=[2, 4], edge_attr=[4, 2], y=152.0, custom_label=0.35431236, min_label=0, max_label=429, instance_name='p20.txt');0.35431236028671265;0.574627697467804;0.43517082929611206;0.03679678961634636
Data(x=[219, 11], edge_index=[2, 4], edge_attr=[4, 2], y=151.0, custom_label=0.35198134, min_label=0, max_label=429, instance_name='p20.txt');0.35198134183883667;0.574627697467804;0.43517082929611206;0.03679678961634636
Data(x=[219, 11], edge_index=[2, 4], edge_attr=[4, 2], y=150.0, custom_label=0.34965035, min_label=0, max_label=429, instance_name='p20.txt');0.3496503531932831;0.574627697467804;0.43517082929611206;0.03679678961634636
Data(x=[219, 11], edge_index=[2, 4], edge_attr=[4, 2], y=149.0, custom_label=0.34731933, min_label=0, max_label=429, instance_name='p20.txt');0.3473193347454071;0.574627697467804;0.43517082929611206;0.03679678961634636
Data(x=[219, 11], edge_index=[2, 4], edge_attr=[4, 2], y=148.0, custom_label=0.34498835, min_label=0, max_label=429, instance_name='p20.txt');0.3449883460998535;0.574627697467804;0.43517082929611206;0.03679678961634636
Data(x=[219, 11], edge_index=[2, 4], edge_attr=[4, 2], y=147.0, custom_label=0.34265736, min_label=0, max_label=429, instance_name='p20.txt');0.3426573574542999;0.574627697467804;0.43517082929611206;0.03679678961634636
Data(x=[219, 11], edge_index=[2, 4], edge_attr=[4, 2], y=146.0, custom_label=0.34032634, min_label=0, max_label=429, instance_name='p20.txt');0.34032633900642395;0.574627697467804;0.43517082929611206;0.03679678961634636
Data(x=[219, 11], edge_index=[2, 4], edge_attr=[4, 2], y=145.0, custom_label=0.33799535, min_label=0, max_label=429, instance_name='p20.txt');0.33799535036087036;0.574627697467804;0.43517082929611206;0.03679678961634636
Data(x=[219, 11], edge_index=[2, 4], edge_attr=[4, 2], y=144.0, custom_label=0.33566433, min_label=0, max_label=429, instance_name='p20.txt');0.3356643319129944;0.574627697467804;0.43517082929611206;0.03679678961634636
Data(x=[219, 11], edge_index=[2, 4], edge_attr=[4, 2], y=143.0, custom_label=0.33333334, min_label=0, max_label=429, instance_name='p20.txt');0.3333333432674408;0.574627697467804;0.43517082929611206;0.03679678961634636
Data(x=[219, 11], edge_index=[2, 4], edge_attr=[4, 2], y=142.0, custom_label=0.33100232, min_label=0, max_label=429, instance_name='p20.txt');0.3310023248195648;0.574627697467804;0.43517082929611206;0.03679678961634636
Data(x=[219, 11], edge_index=[2, 4], edge_attr=[4, 2], y=141.0, custom_label=0.32867134, min_label=0, max_label=429, instance_name='p20.txt');0.32867133617401123;0.574627697467804;0.43517082929611206;0.03679678961634636
Data(x=[219, 11], edge_index=[2, 4], edge_attr=[4, 2], y=140.0, custom_label=0.32634032, min_label=0, max_label=429, instance_name='p20.txt');0.32634031772613525;0.574627697467804;0.43517082929611206;0.03679678961634636
Data(x=[219, 11], edge_index=[2, 4], edge_attr=[4, 2], y=139.0, custom_label=0.32400933, min_label=0, max_label=429, instance_name='p20.txt');0.32400932908058167;0.574627697467804;0.43517082929611206;0.03679678961634636
Data(x=[219, 11], edge_index=[2, 4], edge_attr=[4, 2], y=138.0, custom_label=0.3216783, min_label=0, max_label=429, instance_name='p20.txt');0.3216783106327057;0.574627697467804;0.43517082929611206;0.03679678961634636
Data(x=[219, 11], edge_index=[2, 4], edge_attr=[4, 2], y=137.0, custom_label=0.31934732, min_label=0, max_label=429, instance_name='p20.txt');0.3193473219871521;0.574627697467804;0.43517082929611206;0.03679678961634636
Data(x=[219, 11], edge_index=[2, 4], edge_attr=[4, 2], y=136.0, custom_label=0.3170163, min_label=0, max_label=429, instance_name='p20.txt');0.3170163035392761;0.574627697467804;0.43517082929611206;0.03679678961634636
Data(x=[219, 11], edge_index=[2, 4], edge_attr=[4, 2], y=135.0, custom_label=0.3146853, min_label=0, max_label=429, instance_name='p20.txt');0.31468531489372253;0.574627697467804;0.43517082929611206;0.03679678961634636
Data(x=[219, 11], edge_index=[2, 4], edge_attr=[4, 2], y=134.0, custom_label=0.31235433, min_label=0, max_label=429, instance_name='p20.txt');0.31235432624816895;0.574627697467804;0.43517082929611206;0.03679678961634636
Data(x=[219, 11], edge_index=[2, 4], edge_attr=[4, 2], y=133.0, custom_label=0.3100233, min_label=0, max_label=429, instance_name='p20.txt');0.31002330780029297;0.574627697467804;0.43517082929611206;0.03679678961634636
Data(x=[219, 11], edge_index=[2, 4], edge_attr=[4, 2], y=132.0, custom_label=0.30769232, min_label=0, max_label=429, instance_name='p20.txt');0.3076923191547394;0.574627697467804;0.43517082929611206;0.03679678961634636
Data(x=[219, 11], edge_index=[2, 4], edge_attr=[4, 2], y=131.0, custom_label=0.3053613, min_label=0, max_label=429, instance_name='p20.txt');0.3053613007068634;0.574627697467804;0.43517082929611206;0.03679678961634636
Data(x=[219, 11], edge_index=[2, 4], edge_attr=[4, 2], y=130.0, custom_label=0.3030303, min_label=0, max_label=429, instance_name='p20.txt');0.3030303120613098;0.574627697467804;0.43517082929611206;0.03679678961634636
Data(x=[219, 11], edge_index=[2, 4], edge_attr=[4, 2], y=129.0, custom_label=0.3006993, min_label=0, max_label=429, instance_name='p20.txt');0.30069929361343384;0.574627697467804;0.43517082929611206;0.03679678961634636
Data(x=[219, 11], edge_index=[2, 4], edge_attr=[4, 2], y=128.0, custom_label=0.2983683, min_label=0, max_label=429, instance_name='p20.txt');0.29836830496788025;0.574627697467804;0.43517082929611206;0.03679678961634636
Data(x=[219, 11], edge_index=[2, 4], edge_attr=[4, 2], y=127.0, custom_label=0.2960373, min_label=0, max_label=429, instance_name='p20.txt');0.2960372865200043;0.574627697467804;0.43517082929611206;0.03679678961634636
Data(x=[219, 11], edge_index=[2, 4], edge_attr=[4, 2], y=126.0, custom_label=0.2937063, min_label=0, max_label=429, instance_name='p20.txt');0.2937062978744507;0.574627697467804;0.43517082929611206;0.03679678961634636
Data(x=[219, 11], edge_index=[2, 4], edge_attr=[4, 2], y=125.0, custom_label=0.29137528, min_label=0, max_label=429, instance_name='p20.txt');0.2913752794265747;0.574627697467804;0.43517082929611206;0.03679678961634636
Data(x=[219, 11], edge_index=[2, 4], edge_attr=[4, 2], y=124.0, custom_label=0.2890443, min_label=0, max_label=429, instance_name='p20.txt');0.2890442907810211;0.574627697467804;0.43517082929611206;0.03679678961634636
Data(x=[219, 11], edge_index=[2, 4], edge_attr=[4, 2], y=123.0, custom_label=0.28671327, min_label=0, max_label=429, instance_name='p20.txt');0.28671327233314514;0.574627697467804;0.43517082929611206;0.03679678961634636
Data(x=[219, 11], edge_index=[2, 4], edge_attr=[4, 2], y=122.0, custom_label=0.28438228, min_label=0, max_label=429, instance_name='p20.txt');0.28438228368759155;0.574627697467804;0.43517082929611206;0.03679678961634636
Data(x=[219, 11], edge_index=[2, 4], edge_attr=[4, 2], y=121.0, custom_label=0.2820513, min_label=0, max_label=429, instance_name='p20.txt');0.28205129504203796;0.574627697467804;0.43517082929611206;0.03679678961634636
Data(x=[219, 11], edge_index=[2, 4], edge_attr=[4, 2], y=120.0, custom_label=0.27972028, min_label=0, max_label=429, instance_name='p20.txt');0.279720276594162;0.574627697467804;0.43517082929611206;0.03679678961634636
Data(x=[219, 11], edge_index=[2, 4], edge_attr=[4, 2], y=119.0, custom_label=0.2773893, min_label=0, max_label=429, instance_name='p20.txt');0.2773892879486084;0.574627697467804;0.43517082929611206;0.03679678961634636
Data(x=[219, 11], edge_index=[2, 4], edge_attr=[4, 2], y=118.0, custom_label=0.27505827, min_label=0, max_label=429, instance_name='p20.txt');0.2750582695007324;0.574627697467804;0.43517082929611206;0.03679678961634636
Data(x=[219, 11], edge_index=[2, 4], edge_attr=[4, 2], y=117.0, custom_label=0.27272728, min_label=0, max_label=429, instance_name='p20.txt');0.27272728085517883;0.574627697467804;0.43517082929611206;0.03679678961634636
Data(x=[219, 11], edge_index=[2, 4], edge_attr=[4, 2], y=116.0, custom_label=0.27039626, min_label=0, max_label=429, instance_name='p20.txt');0.27039626240730286;0.574627697467804;0.43517082929611206;0.03679678961634636
Data(x=[219, 11], edge_index=[2, 4], edge_attr=[4, 2], y=115.0, custom_label=0.26806527, min_label=0, max_label=429, instance_name='p20.txt');0.26806527376174927;0.574627697467804;0.43517082929611206;0.03679678961634636
Data(x=[219, 11], edge_index=[2, 4], edge_attr=[4, 2], y=114.0, custom_label=0.26573426, min_label=0, max_label=429, instance_name='p20.txt');0.2657342553138733;0.574627697467804;0.43517082929611206;0.03679678961634636
Data(x=[219, 11], edge_index=[2, 4], edge_attr=[4, 2], y=113.0, custom_label=0.26340327, min_label=0, max_label=429, instance_name='p20.txt');0.2634032666683197;0.574627697467804;0.43517082929611206;0.03679678961634636
Data(x=[219, 11], edge_index=[2, 4], edge_attr=[4, 2], y=112.0, custom_label=0.26107225, min_label=0, max_label=429, instance_name='p20.txt');0.2610722482204437;0.574627697467804;0.43517082929611206;0.03679678961634636
Data(x=[219, 11], edge_index=[2, 4], edge_attr=[4, 2], y=111.0, custom_label=0.25874126, min_label=0, max_label=429, instance_name='p20.txt');0.25874125957489014;0.574627697467804;0.43517082929611206;0.03679678961634636
Data(x=[219, 11], edge_index=[2, 4], edge_attr=[4, 2], y=110.0, custom_label=0.25641027, min_label=0, max_label=429, instance_name='p20.txt');0.25641027092933655;0.574627697467804;0.43517082929611206;0.03679678961634636
Data(x=[219, 11], edge_index=[2, 4], edge_attr=[4, 2], y=109.0, custom_label=0.25407925, min_label=0, max_label=429, instance_name='p20.txt');0.25407925248146057;0.574627697467804;0.43517082929611206;0.03679678961634636
Data(x=[219, 11], edge_index=[2, 4], edge_attr=[4, 2], y=108.0, custom_label=0.25174826, min_label=0, max_label=429, instance_name='p20.txt');0.251748263835907;0.574627697467804;0.43517082929611206;0.03679678961634636
Data(x=[219, 11], edge_index=[2, 4], edge_attr=[4, 2], y=107.0, custom_label=0.24941725, min_label=0, max_label=429, instance_name='p20.txt');0.249417245388031;0.574627697467804;0.43517082929611206;0.03679678961634636
Data(x=[219, 11], edge_index=[2, 4], edge_attr=[4, 2], y=106.0, custom_label=0.24708624, min_label=0, max_label=429, instance_name='p20.txt');0.24708624184131622;0.574627697467804;0.43517082929611206;0.03679678961634636
Data(x=[219, 11], edge_index=[2, 4], edge_attr=[4, 2], y=105.0, custom_label=0.24475524, min_label=0, max_label=429, instance_name='p20.txt');0.24475523829460144;0.574627697467804;0.43517082929611206;0.03679678961634636
Data(x=[219, 11], edge_index=[2, 4], edge_attr=[4, 2], y=104.0, custom_label=0.24242425, min_label=0, max_label=429, instance_name='p20.txt');0.24242424964904785;0.574627697467804;0.43517082929611206;0.03679678961634636
Data(x=[219, 11], edge_index=[2, 4], edge_attr=[4, 2], y=103.0, custom_label=0.24009325, min_label=0, max_label=429, instance_name='p20.txt');0.24009324610233307;0.574627697467804;0.43517082929611206;0.03679678961634636
Data(x=[219, 11], edge_index=[2, 4], edge_attr=[4, 2], y=102.0, custom_label=0.23776224, min_label=0, max_label=429, instance_name='p20.txt');0.2377622425556183;0.574627697467804;0.43517082929611206;0.03679678961634636
Data(x=[219, 11], edge_index=[2, 4], edge_attr=[4, 2], y=101.0, custom_label=0.23543124, min_label=0, max_label=429, instance_name='p20.txt');0.2354312390089035;0.574627697467804;0.43517082929611206;0.03679678961634636
Data(x=[219, 11], edge_index=[2, 4], edge_attr=[4, 2], y=100.0, custom_label=0.23310024, min_label=0, max_label=429, instance_name='p20.txt');0.23310023546218872;0.574627697467804;0.43517082929611206;0.03679678961634636
Data(x=[219, 11], edge_index=[2, 4], edge_attr=[4, 2], y=99.0, custom_label=0.23076923, min_label=0, max_label=429, instance_name='p20.txt');0.23076923191547394;0.574627697467804;0.43517082929611206;0.03679678961634636
Data(x=[219, 11], edge_index=[2, 4], edge_attr=[4, 2], y=98.0, custom_label=0.22843823, min_label=0, max_label=429, instance_name='p20.txt');0.22843822836875916;0.574627697467804;0.43517082929611206;0.03679678961634636
Data(x=[219, 11], edge_index=[2, 4], edge_attr=[4, 2], y=97.0, custom_label=0.22610722, min_label=0, max_label=429, instance_name='p20.txt');0.22610722482204437;0.574627697467804;0.43517082929611206;0.03679678961634636
Data(x=[219, 11], edge_index=[2, 4], edge_attr=[4, 2], y=96.0, custom_label=0.22377622, min_label=0, max_label=429, instance_name='p20.txt');0.2237762212753296;0.574627697467804;0.43517082929611206;0.03679678961634636
Data(x=[219, 11], edge_index=[2, 4], edge_attr=[4, 2], y=95.0, custom_label=0.22144522, min_label=0, max_label=429, instance_name='p20.txt');0.2214452177286148;0.574627697467804;0.43517082929611206;0.03679678961634636
Data(x=[219, 11], edge_index=[2, 4], edge_attr=[4, 2], y=94.0, custom_label=0.21911421, min_label=0, max_label=429, instance_name='p20.txt');0.21911421418190002;0.574627697467804;0.43517082929611206;0.03679678961634636
Data(x=[219, 11], edge_index=[2, 4], edge_attr=[4, 2], y=93.0, custom_label=0.21678321, min_label=0, max_label=429, instance_name='p20.txt');0.21678321063518524;0.574627697467804;0.43517082929611206;0.03679678961634636
Data(x=[219, 11], edge_index=[2, 4], edge_attr=[4, 2], y=92.0, custom_label=0.2144522, min_label=0, max_label=429, instance_name='p20.txt');0.21445220708847046;0.574627697467804;0.43517082929611206;0.03679678961634636
Data(x=[219, 11], edge_index=[2, 4], edge_attr=[4, 2], y=91.0, custom_label=0.21212122, min_label=0, max_label=429, instance_name='p20.txt');0.21212121844291687;0.574627697467804;0.43517082929611206;0.03679678961634636
Data(x=[219, 11], edge_index=[2, 4], edge_attr=[4, 2], y=90.0, custom_label=0.20979021, min_label=0, max_label=429, instance_name='p20.txt');0.2097902148962021;0.574627697467804;0.43517082929611206;0.03679678961634636
Data(x=[219, 11], edge_index=[2, 4], edge_attr=[4, 2], y=89.0, custom_label=0.20745921, min_label=0, max_label=429, instance_name='p20.txt');0.2074592113494873;0.574627697467804;0.43517082929611206;0.03679678961634636
Data(x=[219, 11], edge_index=[2, 4], edge_attr=[4, 2], y=88.0, custom_label=0.20512821, min_label=0, max_label=429, instance_name='p20.txt');0.20512820780277252;0.574627697467804;0.43517082929611206;0.03679678961634636
Data(x=[219, 11], edge_index=[2, 4], edge_attr=[4, 2], y=87.0, custom_label=0.2027972, min_label=0, max_label=429, instance_name='p20.txt');0.20279720425605774;0.574627697467804;0.43517082929611206;0.03679678961634636
Data(x=[219, 11], edge_index=[2, 4], edge_attr=[4, 2], y=86.0, custom_label=0.2004662, min_label=0, max_label=429, instance_name='p20.txt');0.20046620070934296;0.574627697467804;0.43517082929611206;0.03679678961634636
Data(x=[219, 11], edge_index=[2, 4], edge_attr=[4, 2], y=85.0, custom_label=0.1981352, min_label=0, max_label=429, instance_name='p20.txt');0.19813519716262817;0.574627697467804;0.43517082929611206;0.03679678961634636
Data(x=[219, 11], edge_index=[2, 4], edge_attr=[4, 2], y=84.0, custom_label=0.1958042, min_label=0, max_label=429, instance_name='p20.txt');0.1958041936159134;0.574627697467804;0.43517082929611206;0.03679678961634636
Data(x=[219, 11], edge_index=[2, 4], edge_attr=[4, 2], y=83.0, custom_label=0.19347319, min_label=0, max_label=429, instance_name='p20.txt');0.1934731900691986;0.574627697467804;0.43517082929611206;0.03679678961634636
Data(x=[219, 11], edge_index=[2, 4], edge_attr=[4, 2], y=82.0, custom_label=0.19114219, min_label=0, max_label=429, instance_name='p20.txt');0.19114218652248383;0.574627697467804;0.43517082929611206;0.03679678961634636
Data(x=[219, 11], edge_index=[2, 4], edge_attr=[4, 2], y=81.0, custom_label=0.18881118, min_label=0, max_label=429, instance_name='p20.txt');0.18881118297576904;0.574627697467804;0.43517082929611206;0.03679678961634636
Data(x=[219, 11], edge_index=[2, 4], edge_attr=[4, 2], y=80.0, custom_label=0.18648018, min_label=0, max_label=429, instance_name='p20.txt');0.18648017942905426;0.574627697467804;0.43517082929611206;0.03679678961634636
Data(x=[219, 11], edge_index=[2, 4], edge_attr=[4, 2], y=79.0, custom_label=0.18414919, min_label=0, max_label=429, instance_name='p20.txt');0.18414919078350067;0.574627697467804;0.43517082929611206;0.03679678961634636
Data(x=[219, 11], edge_index=[2, 4], edge_attr=[4, 2], y=78.0, custom_label=0.18181819, min_label=0, max_label=429, instance_name='p20.txt');0.1818181872367859;0.574627697467804;0.43517082929611206;0.03679678961634636
Data(x=[219, 11], edge_index=[2, 4], edge_attr=[4, 2], y=77.0, custom_label=0.17948718, min_label=0, max_label=429, instance_name='p20.txt');0.1794871836900711;0.574627697467804;0.43517082929611206;0.03679678961634636
Data(x=[219, 11], edge_index=[2, 4], edge_attr=[4, 2], y=76.0, custom_label=0.17715618, min_label=0, max_label=429, instance_name='p20.txt');0.17715618014335632;0.574627697467804;0.43517082929611206;0.03679678961634636
Data(x=[219, 11], edge_index=[2, 4], edge_attr=[4, 2], y=75.0, custom_label=0.17482518, min_label=0, max_label=429, instance_name='p20.txt');0.17482517659664154;0.574627697467804;0.43517082929611206;0.03679678961634636
Data(x=[219, 11], edge_index=[2, 4], edge_attr=[4, 2], y=74.0, custom_label=0.17249417, min_label=0, max_label=429, instance_name='p20.txt');0.17249417304992676;0.574627697467804;0.43517082929611206;0.03679678961634636
Data(x=[219, 11], edge_index=[2, 4], edge_attr=[4, 2], y=73.0, custom_label=0.17016317, min_label=0, max_label=429, instance_name='p20.txt');0.17016316950321198;0.574627697467804;0.43517082929611206;0.03679678961634636
Data(x=[219, 11], edge_index=[2, 4], edge_attr=[4, 2], y=72.0, custom_label=0.16783217, min_label=0, max_label=429, instance_name='p20.txt');0.1678321659564972;0.574627697467804;0.43517082929611206;0.03679678961634636
Data(x=[219, 11], edge_index=[2, 4], edge_attr=[4, 2], y=71.0, custom_label=0.16550116, min_label=0, max_label=429, instance_name='p20.txt');0.1655011624097824;0.574627697467804;0.43517082929611206;0.03679678961634636
Data(x=[219, 11], edge_index=[2, 4], edge_attr=[4, 2], y=70.0, custom_label=0.16317016, min_label=0, max_label=429, instance_name='p20.txt');0.16317015886306763;0.574627697467804;0.43517082929611206;0.03679678961634636
Data(x=[219, 11], edge_index=[2, 4], edge_attr=[4, 2], y=69.0, custom_label=0.16083916, min_label=0, max_label=429, instance_name='p20.txt');0.16083915531635284;0.574627697467804;0.43517082929611206;0.03679678961634636
Data(x=[219, 11], edge_index=[2, 4], edge_attr=[4, 2], y=68.0, custom_label=0.15850815, min_label=0, max_label=429, instance_name='p20.txt');0.15850815176963806;0.574627697467804;0.43517082929611206;0.03679678961634636
Data(x=[219, 11], edge_index=[2, 4], edge_attr=[4, 2], y=67.0, custom_label=0.15617716, min_label=0, max_label=429, instance_name='p20.txt');0.15617716312408447;0.574627697467804;0.43517082929611206;0.03679678961634636
Data(x=[219, 11], edge_index=[2, 4], edge_attr=[4, 2], y=66.0, custom_label=0.15384616, min_label=0, max_label=429, instance_name='p20.txt');0.1538461595773697;0.574627697467804;0.43517082929611206;0.03679678961634636
Data(x=[219, 11], edge_index=[2, 4], edge_attr=[4, 2], y=65.0, custom_label=0.15151516, min_label=0, max_label=429, instance_name='p20.txt');0.1515151560306549;0.574627697467804;0.43517082929611206;0.03679678961634636
Data(x=[219, 11], edge_index=[2, 4], edge_attr=[4, 2], y=64.0, custom_label=0.14918415, min_label=0, max_label=429, instance_name='p20.txt');0.14918415248394012;0.574627697467804;0.43517082929611206;0.03679678961634636
Data(x=[219, 11], edge_index=[2, 4], edge_attr=[4, 2], y=63.0, custom_label=0.14685315, min_label=0, max_label=429, instance_name='p20.txt');0.14685314893722534;0.574627697467804;0.43517082929611206;0.03679678961634636
Data(x=[219, 11], edge_index=[2, 4], edge_attr=[4, 2], y=62.0, custom_label=0.14452215, min_label=0, max_label=429, instance_name='p20.txt');0.14452214539051056;0.574627697467804;0.43517082929611206;0.03679678961634636
Data(x=[219, 11], edge_index=[2, 4], edge_attr=[4, 2], y=61.0, custom_label=0.14219114, min_label=0, max_label=429, instance_name='p20.txt');0.14219114184379578;0.574627697467804;0.43517082929611206;0.03679678961634636
Data(x=[219, 11], edge_index=[2, 4], edge_attr=[4, 2], y=60.0, custom_label=0.13986014, min_label=0, max_label=429, instance_name='p20.txt');0.139860138297081;0.574627697467804;0.43517082929611206;0.03679678961634636
Data(x=[219, 11], edge_index=[2, 4], edge_attr=[4, 2], y=59.0, custom_label=0.13752913, min_label=0, max_label=429, instance_name='p20.txt');0.1375291347503662;0.574627697467804;0.43517082929611206;0.03679678961634636
Data(x=[219, 11], edge_index=[2, 4], edge_attr=[4, 2], y=58.0, custom_label=0.13519813, min_label=0, max_label=429, instance_name='p20.txt');0.13519813120365143;0.574627697467804;0.43517082929611206;0.03679678961634636
Data(x=[219, 11], edge_index=[2, 4], edge_attr=[4, 2], y=57.0, custom_label=0.13286713, min_label=0, max_label=429, instance_name='p20.txt');0.13286712765693665;0.574627697467804;0.43517082929611206;0.03679678961634636
Data(x=[219, 11], edge_index=[2, 4], edge_attr=[4, 2], y=56.0, custom_label=0.13053612, min_label=0, max_label=429, instance_name='p20.txt');0.13053612411022186;0.574627697467804;0.43517082929611206;0.03679678961634636
Data(x=[219, 11], edge_index=[2, 4], edge_attr=[4, 2], y=55.0, custom_label=0.12820514, min_label=0, max_label=429, instance_name='p20.txt');0.12820513546466827;0.574627697467804;0.43517082929611206;0.03679678961634636
Data(x=[219, 11], edge_index=[2, 4], edge_attr=[4, 2], y=54.0, custom_label=0.12587413, min_label=0, max_label=429, instance_name='p20.txt');0.1258741319179535;0.574627697467804;0.43517082929611206;0.03679678961634636
Data(x=[219, 11], edge_index=[2, 4], edge_attr=[4, 2], y=53.0, custom_label=0.12354312, min_label=0, max_label=429, instance_name='p20.txt');0.12354312092065811;0.574627697467804;0.43517082929611206;0.03679678961634636
Data(x=[219, 11], edge_index=[2, 4], edge_attr=[4, 2], y=52.0, custom_label=0.121212125, min_label=0, max_label=429, instance_name='p20.txt');0.12121212482452393;0.574627697467804;0.43517082929611206;0.03679678961634636
Data(x=[219, 11], edge_index=[2, 4], edge_attr=[4, 2], y=51.0, custom_label=0.11888112, min_label=0, max_label=429, instance_name='p20.txt');0.11888112127780914;0.574627697467804;0.43517082929611206;0.03679678961634636
Data(x=[219, 11], edge_index=[2, 4], edge_attr=[4, 2], y=50.0, custom_label=0.11655012, min_label=0, max_label=429, instance_name='p20.txt');0.11655011773109436;0.574627697467804;0.43517082929611206;0.03679678961634636
Data(x=[219, 11], edge_index=[2, 4], edge_attr=[4, 2], y=49.0, custom_label=0.114219114, min_label=0, max_label=429, instance_name='p20.txt');0.11421911418437958;0.574627697467804;0.43517082929611206;0.03679678961634636
Data(x=[219, 11], edge_index=[2, 4], edge_attr=[4, 2], y=48.0, custom_label=0.11188811, min_label=0, max_label=429, instance_name='p20.txt');0.1118881106376648;0.574627697467804;0.43517082929611206;0.03679678961634636
Data(x=[219, 11], edge_index=[2, 4], edge_attr=[4, 2], y=47.0, custom_label=0.10955711, min_label=0, max_label=429, instance_name='p20.txt');0.10955710709095001;0.574627697467804;0.43517082929611206;0.03679678961634636
Data(x=[219, 11], edge_index=[2, 4], edge_attr=[4, 2], y=46.0, custom_label=0.1072261, min_label=0, max_label=429, instance_name='p20.txt');0.10722610354423523;0.574627697467804;0.43517082929611206;0.03679678961634636
Data(x=[219, 11], edge_index=[2, 4], edge_attr=[4, 2], y=45.0, custom_label=0.10489511, min_label=0, max_label=429, instance_name='p20.txt');0.10489510744810104;0.574627697467804;0.43517082929611206;0.03679678961634636
Data(x=[219, 11], edge_index=[2, 4], edge_attr=[4, 2], y=44.0, custom_label=0.102564104, min_label=0, max_label=429, instance_name='p20.txt');0.10256410390138626;0.574627697467804;0.43517082929611206;0.03679678961634636
Data(x=[219, 11], edge_index=[2, 4], edge_attr=[4, 2], y=43.0, custom_label=0.1002331, min_label=0, max_label=429, instance_name='p20.txt');0.10023310035467148;0.574627697467804;0.43517082929611206;0.03679678961634636
Data(x=[219, 11], edge_index=[2, 4], edge_attr=[4, 2], y=42.0, custom_label=0.0979021, min_label=0, max_label=429, instance_name='p20.txt');0.0979020968079567;0.574627697467804;0.43517082929611206;0.03679678961634636
Data(x=[219, 11], edge_index=[2, 4], edge_attr=[4, 2], y=41.0, custom_label=0.09557109, min_label=0, max_label=429, instance_name='p20.txt');0.09557109326124191;0.574627697467804;0.43517082929611206;0.03679678961634636
Data(x=[219, 11], edge_index=[2, 4], edge_attr=[4, 2], y=40.0, custom_label=0.09324009, min_label=0, max_label=429, instance_name='p20.txt');0.09324008971452713;0.574627697467804;0.43517082929611206;0.03679678961634636
Data(x=[219, 11], edge_index=[2, 4], edge_attr=[4, 2], y=39.0, custom_label=0.09090909, min_label=0, max_label=429, instance_name='p20.txt');0.09090909361839294;0.574627697467804;0.43517082929611206;0.03679678961634636
Data(x=[219, 11], edge_index=[2, 4], edge_attr=[4, 2], y=38.0, custom_label=0.08857809, min_label=0, max_label=429, instance_name='p20.txt');0.08857809007167816;0.574627697467804;0.43517082929611206;0.03679678961634636
Data(x=[219, 11], edge_index=[2, 4], edge_attr=[4, 2], y=37.0, custom_label=0.08624709, min_label=0, max_label=429, instance_name='p20.txt');0.08624708652496338;0.574627697467804;0.43517082929611206;0.03679678961634636
Data(x=[219, 11], edge_index=[2, 4], edge_attr=[4, 2], y=36.0, custom_label=0.08391608, min_label=0, max_label=429, instance_name='p20.txt');0.0839160829782486;0.574627697467804;0.43517082929611206;0.03679678961634636
Data(x=[219, 11], edge_index=[2, 4], edge_attr=[4, 2], y=35.0, custom_label=0.08158508, min_label=0, max_label=429, instance_name='p20.txt');0.08158507943153381;0.574627697467804;0.43517082929611206;0.03679678961634636
Data(x=[219, 11], edge_index=[2, 4], edge_attr=[4, 2], y=34.0, custom_label=0.079254076, min_label=0, max_label=429, instance_name='p20.txt');0.07925407588481903;0.574627697467804;0.43517082929611206;0.03679678961634636
Data(x=[219, 11], edge_index=[2, 4], edge_attr=[4, 2], y=33.0, custom_label=0.07692308, min_label=0, max_label=429, instance_name='p20.txt');0.07692307978868484;0.574627697467804;0.43517082929611206;0.03679678961634636
Data(x=[219, 11], edge_index=[2, 4], edge_attr=[4, 2], y=32.0, custom_label=0.074592076, min_label=0, max_label=429, instance_name='p20.txt');0.07459207624197006;0.574627697467804;0.43517082929611206;0.03679678961634636
Data(x=[219, 11], edge_index=[2, 4], edge_attr=[4, 2], y=31.0, custom_label=0.07226107, min_label=0, max_label=429, instance_name='p20.txt');0.07226107269525528;0.574627697467804;0.43517082929611206;0.03679678961634636
Data(x=[219, 11], edge_index=[2, 4], edge_attr=[4, 2], y=30.0, custom_label=0.06993007, min_label=0, max_label=429, instance_name='p20.txt');0.0699300691485405;0.574627697467804;0.43517082929611206;0.03679678961634636
Data(x=[219, 11], edge_index=[2, 4], edge_attr=[4, 2], y=29.0, custom_label=0.067599066, min_label=0, max_label=429, instance_name='p20.txt');0.06759906560182571;0.574627697467804;0.43517082929611206;0.03679678961634636
Data(x=[219, 11], edge_index=[2, 4], edge_attr=[4, 2], y=28.0, custom_label=0.06526806, min_label=0, max_label=429, instance_name='p20.txt');0.06526806205511093;0.574627697467804;0.43517082929611206;0.03679678961634636
Data(x=[219, 11], edge_index=[2, 4], edge_attr=[4, 2], y=27.0, custom_label=0.062937066, min_label=0, max_label=429, instance_name='p20.txt');0.06293706595897675;0.574627697467804;0.43517082929611206;0.03679678961634636
Data(x=[219, 11], edge_index=[2, 4], edge_attr=[4, 2], y=26.0, custom_label=0.060606062, min_label=0, max_label=429, instance_name='p20.txt');0.06060606241226196;0.574627697467804;0.43517082929611206;0.03679678961634636
Data(x=[219, 11], edge_index=[2, 4], edge_attr=[4, 2], y=25.0, custom_label=0.05827506, min_label=0, max_label=429, instance_name='p20.txt');0.05827505886554718;0.574627697467804;0.43517082929611206;0.03679678961634636
Data(x=[219, 11], edge_index=[2, 4], edge_attr=[4, 2], y=24.0, custom_label=0.055944055, min_label=0, max_label=429, instance_name='p20.txt');0.0559440553188324;0.574627697467804;0.43517082929611206;0.03679678961634636
Data(x=[219, 11], edge_index=[2, 4], edge_attr=[4, 2], y=23.0, custom_label=0.05361305, min_label=0, max_label=429, instance_name='p20.txt');0.053613051772117615;0.574627697467804;0.43517082929611206;0.03679678961634636
Data(x=[219, 11], edge_index=[2, 4], edge_attr=[4, 2], y=22.0, custom_label=0.051282052, min_label=0, max_label=429, instance_name='p20.txt');0.05128205195069313;0.574627697467804;0.43517082929611206;0.03679678961634636
Data(x=[219, 11], edge_index=[2, 4], edge_attr=[4, 2], y=21.0, custom_label=0.04895105, min_label=0, max_label=429, instance_name='p20.txt');0.04895104840397835;0.574627697467804;0.43517082929611206;0.03679678961634636
Data(x=[219, 11], edge_index=[2, 4], edge_attr=[4, 2], y=20.0, custom_label=0.046620045, min_label=0, max_label=429, instance_name='p20.txt');0.046620044857263565;0.574627697467804;0.43517082929611206;0.03679678961634636
Data(x=[219, 11], edge_index=[2, 4], edge_attr=[4, 2], y=19.0, custom_label=0.044289045, min_label=0, max_label=429, instance_name='p20.txt');0.04428904503583908;0.574627697467804;0.43517082929611206;0.03679678961634636
Data(x=[219, 11], edge_index=[2, 4], edge_attr=[4, 2], y=18.0, custom_label=0.04195804, min_label=0, max_label=429, instance_name='p20.txt');0.0419580414891243;0.574627697467804;0.43517082929611206;0.03679678961634636
Data(x=[219, 11], edge_index=[2, 4], edge_attr=[4, 2], y=17.0, custom_label=0.039627038, min_label=0, max_label=429, instance_name='p20.txt');0.039627037942409515;0.574627697467804;0.43517082929611206;0.03679678961634636
Data(x=[219, 11], edge_index=[2, 4], edge_attr=[4, 2], y=16.0, custom_label=0.037296038, min_label=0, max_label=429, instance_name='p20.txt');0.03729603812098503;0.574627697467804;0.43517082929611206;0.03679678961634636
Data(x=[219, 11], edge_index=[2, 4], edge_attr=[4, 2], y=15.0, custom_label=0.034965035, min_label=0, max_label=429, instance_name='p20.txt');0.03496503457427025;0.574627697467804;0.43517082929611206;0.03679678961634636
Data(x=[219, 11], edge_index=[2, 4], edge_attr=[4, 2], y=14.0, custom_label=0.03263403, min_label=0, max_label=429, instance_name='p20.txt');0.032634031027555466;0.574627697467804;0.43517082929611206;0.03679678961634636
Data(x=[219, 11], edge_index=[2, 4], edge_attr=[4, 2], y=13.0, custom_label=0.030303031, min_label=0, max_label=429, instance_name='p20.txt');0.03030303120613098;0.574627697467804;0.43517082929611206;0.03679678961634636
Data(x=[219, 11], edge_index=[2, 4], edge_attr=[4, 2], y=12.0, custom_label=0.027972028, min_label=0, max_label=429, instance_name='p20.txt');0.0279720276594162;0.574627697467804;0.43517082929611206;0.03679678961634636
Data(x=[219, 11], edge_index=[2, 4], edge_attr=[4, 2], y=11.0, custom_label=0.025641026, min_label=0, max_label=429, instance_name='p20.txt');0.025641025975346565;0.574627697467804;0.43517082929611206;0.03679678961634636
Data(x=[219, 11], edge_index=[2, 4], edge_attr=[4, 2], y=10.0, custom_label=0.023310022, min_label=0, max_label=429, instance_name='p20.txt');0.023310022428631783;0.574627697467804;0.43517082929611206;0.03679678961634636
Data(x=[219, 11], edge_index=[2, 4], edge_attr=[4, 2], y=9.0, custom_label=0.02097902, min_label=0, max_label=429, instance_name='p20.txt');0.02097902074456215;0.574627697467804;0.43517082929611206;0.03679678961634636
Data(x=[219, 11], edge_index=[2, 4], edge_attr=[4, 2], y=8.0, custom_label=0.018648019, min_label=0, max_label=429, instance_name='p20.txt');0.018648019060492516;0.574627697467804;0.43517082929611206;0.03679678961634636
Data(x=[219, 11], edge_index=[2, 4], edge_attr=[4, 2], y=7.0, custom_label=0.016317016, min_label=0, max_label=429, instance_name='p20.txt');0.016317015513777733;0.574627697467804;0.43517082929611206;0.03679678961634636
Data(x=[219, 11], edge_index=[2, 4], edge_attr=[4, 2], y=6.0, custom_label=0.013986014, min_label=0, max_label=429, instance_name='p20.txt');0.0139860138297081;0.574627697467804;0.43517082929611206;0.03679678961634636
Data(x=[219, 11], edge_index=[2, 4], edge_attr=[4, 2], y=5.0, custom_label=0.011655011, min_label=0, max_label=429, instance_name='p20.txt');0.011655011214315891;0.574627697467804;0.43517082929611206;0.03679678961634636
Data(x=[219, 11], edge_index=[2, 4], edge_attr=[4, 2], y=4.0, custom_label=0.0093240095, min_label=0, max_label=429, instance_name='p20.txt');0.009324009530246258;0.574627697467804;0.43517082929611206;0.03679678961634636
Data(x=[219, 11], edge_index=[2, 4], edge_attr=[4, 2], y=3.0, custom_label=0.006993007, min_label=0, max_label=429, instance_name='p20.txt');0.00699300691485405;0.574627697467804;0.43517082929611206;0.03679678961634636
Data(x=[219, 11], edge_index=[2, 4], edge_attr=[4, 2], y=2.0, custom_label=0.0046620048, min_label=0, max_label=429, instance_name='p20.txt');0.004662004765123129;0.574627697467804;0.43517082929611206;0.03679678961634636
Data(x=[219, 11], edge_index=[2, 4], edge_attr=[4, 2], y=1.0, custom_label=0.0023310024, min_label=0, max_label=429, instance_name='p20.txt');0.0023310023825615644;0.574627697467804;0.43517082929611206;0.03679678961634636
Data(x=[219, 11], edge_index=[2, 4], edge_attr=[4, 2], y=0.0, custom_label=0.0, min_label=0, max_label=429, instance_name='p20.txt');0.0;0.5107091069221497;0.14034323394298553;0.03679678961634636
Data(x=[48, 11], edge_index=[2, 24], edge_attr=[24, 2], y=38.0, custom_label=1.0, min_label=0, max_label=38, instance_name='p21.txt');1.0;1.4532982277160045e-05;2.260614451188303e-07;0.03679678961634636
Data(x=[48, 11], edge_index=[2, 24], edge_attr=[24, 2], y=37.0, custom_label=0.9736842, min_label=0, max_label=38, instance_name='p21.txt');0.9736841917037964;1.4532982277160045e-05;2.260614451188303e-07;0.03679678961634636
Data(x=[48, 11], edge_index=[2, 24], edge_attr=[24, 2], y=36.0, custom_label=0.94736844, min_label=0, max_label=38, instance_name='p21.txt');0.9473684430122375;1.4532982277160045e-05;2.260614451188303e-07;0.03679678961634636
Data(x=[48, 11], edge_index=[2, 24], edge_attr=[24, 2], y=35.0, custom_label=0.92105263, min_label=0, max_label=38, instance_name='p21.txt');0.9210526347160339;1.4532982277160045e-05;2.260614451188303e-07;0.03679678961634636
Data(x=[48, 11], edge_index=[2, 24], edge_attr=[24, 2], y=34.0, custom_label=0.8947368, min_label=0, max_label=38, instance_name='p21.txt');0.8947368264198303;0.0011895422358065844;0.00020479805243667215;0.03679678961634636
Data(x=[48, 11], edge_index=[2, 24], edge_attr=[24, 2], y=33.0, custom_label=0.8684211, min_label=0, max_label=38, instance_name='p21.txt');0.8684210777282715;0.001189541188068688;0.00020479824161157012;0.03679678961634636
Data(x=[48, 11], edge_index=[2, 24], edge_attr=[24, 2], y=32.0, custom_label=0.84210527, min_label=0, max_label=38, instance_name='p21.txt');0.8421052694320679;0.0011895422358065844;0.00020479824161157012;0.03679678961634636
Data(x=[48, 11], edge_index=[2, 24], edge_attr=[24, 2], y=31.0, custom_label=0.81578946, min_label=0, max_label=38, instance_name='p21.txt');0.8157894611358643;0.0011895422358065844;0.00020479824161157012;0.03679678961634636
Data(x=[48, 11], edge_index=[2, 24], edge_attr=[24, 2], y=30.0, custom_label=0.7894737, min_label=0, max_label=38, instance_name='p21.txt');0.7894737124443054;0.0011895422358065844;0.00020479824161157012;0.03679678961634636
Data(x=[48, 11], edge_index=[2, 24], edge_attr=[24, 2], y=29.0, custom_label=0.7631579, min_label=0, max_label=38, instance_name='p21.txt');0.7631579041481018;0.0011895422358065844;0.00020479824161157012;0.03679678961634636
Data(x=[48, 11], edge_index=[2, 24], edge_attr=[24, 2], y=28.0, custom_label=0.7368421, min_label=0, max_label=38, instance_name='p21.txt');0.7368420958518982;0.0011895415373146534;0.00020479824161157012;0.03679678961634636
Data(x=[48, 11], edge_index=[2, 24], edge_attr=[24, 2], y=27.0, custom_label=0.7105263, min_label=0, max_label=38, instance_name='p21.txt');0.7105262875556946;0.0011895415373146534;0.00020479824161157012;0.03679678961634636
Data(x=[48, 11], edge_index=[2, 24], edge_attr=[24, 2], y=26.0, custom_label=0.68421054, min_label=0, max_label=38, instance_name='p21.txt');0.6842105388641357;0.0011895422358065844;0.00020479824161157012;0.03679678961634636
Data(x=[48, 11], edge_index=[2, 24], edge_attr=[24, 2], y=25.0, custom_label=0.65789473, min_label=0, max_label=38, instance_name='p21.txt');0.6578947305679321;0.0011895422358065844;0.00020479824161157012;0.03679678961634636
Data(x=[48, 11], edge_index=[2, 24], edge_attr=[24, 2], y=24.0, custom_label=0.6315789, min_label=0, max_label=38, instance_name='p21.txt');0.6315789222717285;0.0011895422358065844;0.00020479824161157012;0.03679678961634636
Data(x=[48, 11], edge_index=[2, 24], edge_attr=[24, 2], y=23.0, custom_label=0.6052632, min_label=0, max_label=38, instance_name='p21.txt');0.6052631735801697;0.0011895422358065844;0.00020479824161157012;0.03679678961634636
Data(x=[48, 11], edge_index=[2, 24], edge_attr=[24, 2], y=22.0, custom_label=0.57894737, min_label=0, max_label=38, instance_name='p21.txt');0.5789473652839661;0.07516283541917801;0.04818794131278992;0.03679678961634636
Data(x=[48, 11], edge_index=[2, 24], edge_attr=[24, 2], y=21.0, custom_label=0.55263156, min_label=0, max_label=38, instance_name='p21.txt');0.5526315569877625;0.0751628577709198;0.04818794131278992;0.03679678961634636
Data(x=[48, 11], edge_index=[2, 24], edge_attr=[24, 2], y=20.0, custom_label=0.5263158, min_label=0, max_label=38, instance_name='p21.txt');0.5263158082962036;0.0011895422358065844;0.00020479824161157012;0.03679678961634636
Data(x=[48, 11], edge_index=[2, 24], edge_attr=[24, 2], y=19.0, custom_label=0.5, min_label=0, max_label=38, instance_name='p21.txt');0.5;0.0011895422358065844;0.00020479824161157012;0.03679678961634636
Data(x=[48, 11], edge_index=[2, 24], edge_attr=[24, 2], y=18.0, custom_label=0.47368422, min_label=0, max_label=38, instance_name='p21.txt');0.4736842215061188;0.001189541188068688;0.00020479824161157012;0.03679678961634636
Data(x=[48, 11], edge_index=[2, 24], edge_attr=[24, 2], y=17.0, custom_label=0.4473684, min_label=0, max_label=38, instance_name='p21.txt');0.44736841320991516;0.0011895415373146534;0.00020479824161157012;0.03679678961634636
Data(x=[48, 11], edge_index=[2, 24], edge_attr=[24, 2], y=16.0, custom_label=0.42105263, min_label=0, max_label=38, instance_name='p21.txt');0.42105263471603394;0.0011895415373146534;0.00020479824161157012;0.03679678961634636
Data(x=[48, 11], edge_index=[2, 24], edge_attr=[24, 2], y=15.0, custom_label=0.39473686, min_label=0, max_label=38, instance_name='p21.txt');0.3947368562221527;0.0011895415373146534;0.00020479824161157012;0.03679678961634636
Data(x=[48, 11], edge_index=[2, 24], edge_attr=[24, 2], y=14.0, custom_label=0.36842105, min_label=0, max_label=38, instance_name='p21.txt');0.3684210479259491;0.0011895415373146534;0.00020479824161157012;0.03679678961634636
Data(x=[48, 11], edge_index=[2, 24], edge_attr=[24, 2], y=13.0, custom_label=0.34210527, min_label=0, max_label=38, instance_name='p21.txt');0.34210526943206787;0.0011895415373146534;0.00020479824161157012;0.03679678961634636
Data(x=[48, 11], edge_index=[2, 24], edge_attr=[24, 2], y=12.0, custom_label=0.31578946, min_label=0, max_label=38, instance_name='p21.txt');0.31578946113586426;0.0011895415373146534;0.00020479824161157012;0.03679678961634636
Data(x=[48, 11], edge_index=[2, 24], edge_attr=[24, 2], y=11.0, custom_label=0.28947368, min_label=0, max_label=38, instance_name='p21.txt');0.28947368264198303;0.075162872672081;0.04818794131278992;0.03679678961634636
Data(x=[48, 11], edge_index=[2, 24], edge_attr=[24, 2], y=10.0, custom_label=0.2631579, min_label=0, max_label=38, instance_name='p21.txt');0.2631579041481018;0.0751628577709198;0.04818794131278992;0.03679678961634636
Data(x=[48, 11], edge_index=[2, 24], edge_attr=[24, 2], y=9.0, custom_label=0.23684211, min_label=0, max_label=38, instance_name='p21.txt');0.2368421107530594;0.0011895422358065844;0.00020479824161157012;0.03679678961634636
Data(x=[48, 11], edge_index=[2, 24], edge_attr=[24, 2], y=8.0, custom_label=0.21052632, min_label=0, max_label=38, instance_name='p21.txt');0.21052631735801697;0.0011895415373146534;0.00020479824161157012;0.03679678961634636
Data(x=[48, 11], edge_index=[2, 24], edge_attr=[24, 2], y=7.0, custom_label=0.18421052, min_label=0, max_label=38, instance_name='p21.txt');0.18421052396297455;1.453296954423422e-05;2.260614451188303e-07;0.03679678961634636
Data(x=[48, 11], edge_index=[2, 24], edge_attr=[24, 2], y=6.0, custom_label=0.15789473, min_label=0, max_label=38, instance_name='p21.txt');0.15789473056793213;1.453296954423422e-05;2.260614451188303e-07;0.03679678961634636
Data(x=[48, 11], edge_index=[2, 24], edge_attr=[24, 2], y=5.0, custom_label=0.13157895, min_label=0, max_label=38, instance_name='p21.txt');0.1315789520740509;1.4532982277160045e-05;2.260614451188303e-07;0.03679678961634636
Data(x=[48, 11], edge_index=[2, 24], edge_attr=[24, 2], y=4.0, custom_label=0.10526316, min_label=0, max_label=38, instance_name='p21.txt');0.10526315867900848;1.4532982277160045e-05;2.260614451188303e-07;0.03679678961634636
Data(x=[48, 11], edge_index=[2, 24], edge_attr=[24, 2], y=3.0, custom_label=0.078947365, min_label=0, max_label=38, instance_name='p21.txt');0.07894736528396606;1.4532982277160045e-05;2.260614451188303e-07;0.03679678961634636
Data(x=[48, 11], edge_index=[2, 24], edge_attr=[24, 2], y=2.0, custom_label=0.05263158, min_label=0, max_label=38, instance_name='p21.txt');0.05263157933950424;1.4532982277160045e-05;2.260614451188303e-07;0.03679678961634636
Data(x=[48, 11], edge_index=[2, 24], edge_attr=[24, 2], y=1.0, custom_label=0.02631579, min_label=0, max_label=38, instance_name='p21.txt');0.02631578966975212;1.4532982277160045e-05;2.260614451188303e-07;0.03679678961634636
Data(x=[48, 11], edge_index=[2, 24], edge_attr=[24, 2], y=0.0, custom_label=0.0, min_label=0, max_label=38, instance_name='p21.txt');0.0;1.7707337462979922e-07;2.471515769819632e-10;0.03679678961634636
Data(x=[34, 11], edge_index=[2, 24], edge_attr=[24, 2], y=6.0, custom_label=0.15789473, min_label=0, max_label=38, instance_name='p21.txt');0.15789473056793213;3.029559536571469e-08;6.9999366303363786e-09;3.022583521757888e-33
Data(x=[34, 11], edge_index=[2, 24], edge_attr=[24, 2], y=5.0, custom_label=0.13157895, min_label=0, max_label=38, instance_name='p21.txt');0.1315789520740509;3.029559536571469e-08;6.9999366303363786e-09;3.022583521757888e-33
Data(x=[34, 11], edge_index=[2, 24], edge_attr=[24, 2], y=4.0, custom_label=0.10526316, min_label=0, max_label=38, instance_name='p21.txt');0.10526315867900848;1.201996582267384e-07;1.0840798259081907e-09;3.022583521757888e-33
Data(x=[34, 11], edge_index=[2, 24], edge_attr=[24, 2], y=3.0, custom_label=0.078947365, min_label=0, max_label=38, instance_name='p21.txt');0.07894736528396606;3.029559536571469e-08;6.999923307660083e-09;3.022583521757888e-33
Data(x=[34, 11], edge_index=[2, 24], edge_attr=[24, 2], y=2.0, custom_label=0.05263158, min_label=0, max_label=38, instance_name='p21.txt');0.05263157933950424;3.029559536571469e-08;6.9999366303363786e-09;3.022583521757888e-33
Data(x=[34, 11], edge_index=[2, 24], edge_attr=[24, 2], y=1.0, custom_label=0.02631579, min_label=0, max_label=38, instance_name='p21.txt');0.02631578966975212;3.029559536571469e-08;6.999949953012674e-09;3.022583521757888e-33
Data(x=[34, 11], edge_index=[2, 24], edge_attr=[24, 2], y=0.0, custom_label=0.0, min_label=0, max_label=38, instance_name='p21.txt');0.0;2.3818164107680673e-10;8.049796181193447e-13;3.022583521757888e-33
Data(x=[37, 11], edge_index=[2, 24], edge_attr=[24, 2], y=30.0, custom_label=0.7894737, min_label=0, max_label=38, instance_name='p21.txt');0.7894737124443054;0.6607936024665833;0.6429576277732849;0.03679678961634636
Data(x=[37, 11], edge_index=[2, 24], edge_attr=[24, 2], y=29.0, custom_label=0.7631579, min_label=0, max_label=38, instance_name='p21.txt');0.7631579041481018;0.5226859450340271;0.5341521501541138;0.03679678961634636
Data(x=[37, 11], edge_index=[2, 24], edge_attr=[24, 2], y=28.0, custom_label=0.7368421, min_label=0, max_label=38, instance_name='p21.txt');0.7368420958518982;0.5481792688369751;0.5469532012939453;0.03679678961634636
Data(x=[37, 11], edge_index=[2, 24], edge_attr=[24, 2], y=27.0, custom_label=0.7105263, min_label=0, max_label=38, instance_name='p21.txt');0.7105262875556946;0.5481792688369751;0.5469532012939453;0.03679678961634636
Data(x=[37, 11], edge_index=[2, 24], edge_attr=[24, 2], y=26.0, custom_label=0.68421054, min_label=0, max_label=38, instance_name='p21.txt');0.6842105388641357;0.5481792688369751;0.5469532012939453;0.03679678961634636
Data(x=[37, 11], edge_index=[2, 24], edge_attr=[24, 2], y=25.0, custom_label=0.65789473, min_label=0, max_label=38, instance_name='p21.txt');0.6578947305679321;0.39870303869247437;0.3592498302459717;0.03679678961634636
Data(x=[37, 11], edge_index=[2, 24], edge_attr=[24, 2], y=24.0, custom_label=0.6315789, min_label=0, max_label=38, instance_name='p21.txt');0.6315789222717285;0.39870303869247437;0.3592498302459717;0.03679678961634636
Data(x=[37, 11], edge_index=[2, 24], edge_attr=[24, 2], y=23.0, custom_label=0.6052632, min_label=0, max_label=38, instance_name='p21.txt');0.6052631735801697;0.14832858741283417;0.20388638973236084;0.03679678961634636
Data(x=[37, 11], edge_index=[2, 24], edge_attr=[24, 2], y=22.0, custom_label=0.57894737, min_label=0, max_label=38, instance_name='p21.txt');0.5789473652839661;0.20308685302734375;0.14411723613739014;0.03679678961634636
Data(x=[37, 11], edge_index=[2, 24], edge_attr=[24, 2], y=21.0, custom_label=0.55263156, min_label=0, max_label=38, instance_name='p21.txt');0.5526315569877625;0.25137218832969666;0.14027740061283112;0.03679678961634636
Data(x=[37, 11], edge_index=[2, 24], edge_attr=[24, 2], y=20.0, custom_label=0.5263158, min_label=0, max_label=38, instance_name='p21.txt');0.5263158082962036;0.45523539185523987;0.2678857147693634;0.03679678961634636
Data(x=[37, 11], edge_index=[2, 24], edge_attr=[24, 2], y=19.0, custom_label=0.5, min_label=0, max_label=38, instance_name='p21.txt');0.5;0.4102188050746918;0.2729331851005554;0.03679678961634636
Data(x=[37, 11], edge_index=[2, 24], edge_attr=[24, 2], y=18.0, custom_label=0.47368422, min_label=0, max_label=38, instance_name='p21.txt');0.4736842215061188;0.4102188050746918;0.27293315529823303;0.03679678961634636
Data(x=[37, 11], edge_index=[2, 24], edge_attr=[24, 2], y=17.0, custom_label=0.4473684, min_label=0, max_label=38, instance_name='p21.txt');0.44736841320991516;0.41021886467933655;0.27293315529823303;0.03679678961634636
Data(x=[37, 11], edge_index=[2, 24], edge_attr=[24, 2], y=16.0, custom_label=0.42105263, min_label=0, max_label=38, instance_name='p21.txt');0.42105263471603394;0.41021886467933655;0.27293315529823303;0.03679678961634636
Data(x=[37, 11], edge_index=[2, 24], edge_attr=[24, 2], y=15.0, custom_label=0.39473686, min_label=0, max_label=38, instance_name='p21.txt');0.3947368562221527;0.20308685302734375;0.14411723613739014;0.03679678961634636
Data(x=[37, 11], edge_index=[2, 24], edge_attr=[24, 2], y=14.0, custom_label=0.36842105, min_label=0, max_label=38, instance_name='p21.txt');0.3684210479259491;0.20308685302734375;0.14411723613739014;0.03679678961634636
Data(x=[37, 11], edge_index=[2, 24], edge_attr=[24, 2], y=13.0, custom_label=0.34210527, min_label=0, max_label=38, instance_name='p21.txt');0.34210526943206787;0.20308685302734375;0.14411723613739014;0.03679678961634636
Data(x=[37, 11], edge_index=[2, 24], edge_attr=[24, 2], y=12.0, custom_label=0.31578946, min_label=0, max_label=38, instance_name='p21.txt');0.31578946113586426;0.20308685302734375;0.14411723613739014;0.03679678961634636
Data(x=[37, 11], edge_index=[2, 24], edge_attr=[24, 2], y=11.0, custom_label=0.28947368, min_label=0, max_label=38, instance_name='p21.txt');0.28947368264198303;0.20308680832386017;0.14411723613739014;0.03679678961634636
Data(x=[37, 11], edge_index=[2, 24], edge_attr=[24, 2], y=10.0, custom_label=0.2631579, min_label=0, max_label=38, instance_name='p21.txt');0.2631579041481018;0.1532941460609436;0.18455015122890472;0.03679678961634636
Data(x=[37, 11], edge_index=[2, 24], edge_attr=[24, 2], y=9.0, custom_label=0.23684211, min_label=0, max_label=38, instance_name='p21.txt');0.2368421107530594;0.20308689773082733;0.14411723613739014;0.03679678961634636
Data(x=[37, 11], edge_index=[2, 24], edge_attr=[24, 2], y=8.0, custom_label=0.21052632, min_label=0, max_label=38, instance_name='p21.txt');0.21052631735801697;0.20308685302734375;0.14411723613739014;0.03679678961634636
Data(x=[37, 11], edge_index=[2, 24], edge_attr=[24, 2], y=7.0, custom_label=0.18421052, min_label=0, max_label=38, instance_name='p21.txt');0.18421052396297455;0.20308685302734375;0.14411723613739014;0.03679678961634636
Data(x=[37, 11], edge_index=[2, 24], edge_attr=[24, 2], y=6.0, custom_label=0.15789473, min_label=0, max_label=38, instance_name='p21.txt');0.15789473056793213;0.20308685302734375;0.14411723613739014;0.03679678961634636
Data(x=[37, 11], edge_index=[2, 24], edge_attr=[24, 2], y=5.0, custom_label=0.13157895, min_label=0, max_label=38, instance_name='p21.txt');0.1315789520740509;0.23482577502727509;0.1658758670091629;0.03679678961634636
Data(x=[37, 11], edge_index=[2, 24], edge_attr=[24, 2], y=4.0, custom_label=0.10526316, min_label=0, max_label=38, instance_name='p21.txt');0.10526315867900848;0.060611117631196976;0.03891494497656822;0.03679678961634636
Data(x=[37, 11], edge_index=[2, 24], edge_attr=[24, 2], y=3.0, custom_label=0.078947365, min_label=0, max_label=38, instance_name='p21.txt');0.07894736528396606;0.00023940230312291533;2.2902440832694992e-05;0.03679678961634636
Data(x=[37, 11], edge_index=[2, 24], edge_attr=[24, 2], y=2.0, custom_label=0.05263158, min_label=0, max_label=38, instance_name='p21.txt');0.05263157933950424;0.0004128415894228965;7.264594023581594e-05;0.03679678961634636
Data(x=[37, 11], edge_index=[2, 24], edge_attr=[24, 2], y=1.0, custom_label=0.02631579, min_label=0, max_label=38, instance_name='p21.txt');0.02631578966975212;1.358038048238086e-06;1.0442653852749118e-08;0.03679678961634636
Data(x=[37, 11], edge_index=[2, 24], edge_attr=[24, 2], y=0.0, custom_label=0.0, min_label=0, max_label=38, instance_name='p21.txt');0.0;4.440359191448806e-09;1.4903731460763625e-12;0.03679678961634636
Data(x=[35, 11], edge_index=[2, 24], edge_attr=[24, 2], y=7.0, custom_label=0.18421052, min_label=0, max_label=38, instance_name='p21.txt');0.18421052396297455;8.775519381742924e-05;0.00022460430045612156;0.0
Data(x=[35, 11], edge_index=[2, 24], edge_attr=[24, 2], y=6.0, custom_label=0.15789473, min_label=0, max_label=38, instance_name='p21.txt');0.15789473056793213;0.00033405813155695796;0.04552470147609711;0.0
Data(x=[35, 11], edge_index=[2, 24], edge_attr=[24, 2], y=5.0, custom_label=0.13157895, min_label=0, max_label=38, instance_name='p21.txt');0.1315789520740509;0.00033405781141482294;3.7265945138642564e-05;0.0
Data(x=[35, 11], edge_index=[2, 24], edge_attr=[24, 2], y=4.0, custom_label=0.10526316, min_label=0, max_label=38, instance_name='p21.txt');0.10526315867900848;7.959066010698734e-07;3.446725216349478e-08;0.0
Data(x=[35, 11], edge_index=[2, 24], edge_attr=[24, 2], y=3.0, custom_label=0.078947365, min_label=0, max_label=38, instance_name='p21.txt');0.07894736528396606;4.602228216299409e-07;8.732789602561297e-09;0.0
Data(x=[35, 11], edge_index=[2, 24], edge_attr=[24, 2], y=2.0, custom_label=0.05263158, min_label=0, max_label=38, instance_name='p21.txt');0.05263157933950424;3.126395313302055e-06;4.856553825760557e-09;0.0
Data(x=[35, 11], edge_index=[2, 24], edge_attr=[24, 2], y=1.0, custom_label=0.02631579, min_label=0, max_label=38, instance_name='p21.txt');0.02631578966975212;8.196379326363967e-07;2.9575348392540945e-08;0.0
Data(x=[35, 11], edge_index=[2, 24], edge_attr=[24, 2], y=0.0, custom_label=0.0, min_label=0, max_label=38, instance_name='p21.txt');0.0;1.934034044026589e-09;2.5273353288640665e-12;0.0
Data(x=[36, 11], edge_index=[2, 24], edge_attr=[24, 2], y=15.0, custom_label=0.39473686, min_label=0, max_label=38, instance_name='p21.txt');0.3947368562221527;0.08562643826007843;0.21987108886241913;0.03679678961634636
Data(x=[36, 11], edge_index=[2, 24], edge_attr=[24, 2], y=14.0, custom_label=0.36842105, min_label=0, max_label=38, instance_name='p21.txt');0.3684210479259491;0.11673404276371002;0.23523162305355072;0.03679678961634636
Data(x=[36, 11], edge_index=[2, 24], edge_attr=[24, 2], y=13.0, custom_label=0.34210527, min_label=0, max_label=38, instance_name='p21.txt');0.34210526943206787;0.000582556240260601;0.012767334468662739;0.03679678961634636
Data(x=[36, 11], edge_index=[2, 24], edge_attr=[24, 2], y=12.0, custom_label=0.31578946, min_label=0, max_label=38, instance_name='p21.txt');0.31578946113586426;0.0002794245083350688;0.04838334023952484;0.03679678961634636
Data(x=[36, 11], edge_index=[2, 24], edge_attr=[24, 2], y=11.0, custom_label=0.28947368, min_label=0, max_label=38, instance_name='p21.txt');0.28947368264198303;0.0010243961587548256;0.03140734136104584;0.03679678961634636
Data(x=[36, 11], edge_index=[2, 24], edge_attr=[24, 2], y=10.0, custom_label=0.2631579, min_label=0, max_label=38, instance_name='p21.txt');0.2631579041481018;0.0002794247411657125;0.04838331788778305;0.03679678961634636
Data(x=[36, 11], edge_index=[2, 24], edge_attr=[24, 2], y=9.0, custom_label=0.23684211, min_label=0, max_label=38, instance_name='p21.txt');0.2368421107530594;0.0002794245083350688;0.04838331788778305;0.03679678961634636
Data(x=[36, 11], edge_index=[2, 24], edge_attr=[24, 2], y=8.0, custom_label=0.21052632, min_label=0, max_label=38, instance_name='p21.txt');0.21052631735801697;9.814412624109536e-05;0.1025969460606575;0.03679678961634636
Data(x=[36, 11], edge_index=[2, 24], edge_attr=[24, 2], y=7.0, custom_label=0.18421052, min_label=0, max_label=38, instance_name='p21.txt');0.18421052396297455;0.0002794247411657125;0.04838334023952484;0.03679678961634636
Data(x=[36, 11], edge_index=[2, 24], edge_attr=[24, 2], y=6.0, custom_label=0.15789473, min_label=0, max_label=38, instance_name='p21.txt');0.15789473056793213;7.838490319045377e-07;3.428081254241988e-05;0.03679678961634636
Data(x=[36, 11], edge_index=[2, 24], edge_attr=[24, 2], y=5.0, custom_label=0.13157895, min_label=0, max_label=38, instance_name='p21.txt');0.1315789520740509;3.801768286848528e-07;1.846589015030986e-08;0.03679678961634636
Data(x=[36, 11], edge_index=[2, 24], edge_attr=[24, 2], y=4.0, custom_label=0.10526316, min_label=0, max_label=38, instance_name='p21.txt');0.10526315867900848;1.4028756822881405e-06;3.19564428252761e-08;0.03679678961634636
Data(x=[36, 11], edge_index=[2, 24], edge_attr=[24, 2], y=3.0, custom_label=0.078947365, min_label=0, max_label=38, instance_name='p21.txt');0.07894736528396606;0.0002935818338301033;7.481461943825707e-05;0.03679678961634636
Data(x=[36, 11], edge_index=[2, 24], edge_attr=[24, 2], y=2.0, custom_label=0.05263158, min_label=0, max_label=38, instance_name='p21.txt');0.05263157933950424;5.326428890839452e-06;4.765592720445966e-08;0.03679678961634636
Data(x=[36, 11], edge_index=[2, 24], edge_attr=[24, 2], y=1.0, custom_label=0.02631579, min_label=0, max_label=38, instance_name='p21.txt');0.02631578966975212;5.326418886397732e-06;4.765592720445966e-08;0.03679678961634636
Data(x=[36, 11], edge_index=[2, 24], edge_attr=[24, 2], y=0.0, custom_label=0.0, min_label=0, max_label=38, instance_name='p21.txt');0.0;1.4867588937761411e-08;5.319212518367644e-12;0.03679678961634636
Data(x=[27, 11], edge_index=[2, 10], edge_attr=[10, 2], y=0.0, custom_label=0.0, min_label=0, max_label=5, instance_name='p22.txt');0.0;0.0021474305540323257;4.1704141040099785e-05;0.03679678961634636
Data(x=[28, 11], edge_index=[2, 10], edge_attr=[10, 2], y=0.0, custom_label=0.0, min_label=0, max_label=5, instance_name='p22.txt');0.0;0.0031135946046561003;4.325765257817693e-05;0.03679678961634636
Data(x=[26, 11], edge_index=[2, 10], edge_attr=[10, 2], y=0.0, custom_label=0.0, min_label=0, max_label=5, instance_name='p22.txt');0.0;0.0013832722324877977;4.926510155200958e-05;0.0
Data(x=[32, 11], edge_index=[2, 10], edge_attr=[10, 2], y=0.0, custom_label=0.0, min_label=0, max_label=5, instance_name='p22.txt');0.0;0.00466482387855649;4.1805400542216375e-05;2.9734562185970865e-31
Data(x=[25, 11], edge_index=[2, 10], edge_attr=[10, 2], y=0.0, custom_label=0.0, min_label=0, max_label=5, instance_name='p22.txt');0.0;0.002722783014178276;1.554536538606044e-05;2.9734562185970865e-31
Data(x=[27, 11], edge_index=[2, 10], edge_attr=[10, 2], y=0.0, custom_label=0.0, min_label=0, max_label=5, instance_name='p22.txt');0.0;0.0019905981607735157;6.201305222930387e-05;0.03679678961634636
Data(x=[26, 11], edge_index=[2, 10], edge_attr=[10, 2], y=0.0, custom_label=0.0, min_label=0, max_label=5, instance_name='p22.txt');0.0;0.0014388654381036758;4.009342592325993e-05;0.03679678961634636
Data(x=[26, 11], edge_index=[2, 10], edge_attr=[10, 2], y=0.0, custom_label=0.0, min_label=0, max_label=5, instance_name='p22.txt');0.0;0.008277107030153275;4.475427886063699e-06;0.03679678961634636
Data(x=[27, 11], edge_index=[2, 10], edge_attr=[10, 2], y=0.0, custom_label=0.0, min_label=0, max_label=5, instance_name='p22.txt');0.0;0.000982134835794568;1.0540030416450463e-05;0.0
Data(x=[29, 11], edge_index=[2, 10], edge_attr=[10, 2], y=0.0, custom_label=0.0, min_label=0, max_label=5, instance_name='p22.txt');0.0;0.0019121088553220034;2.163239878427703e-05;0.03679678961634636
Data(x=[24, 11], edge_index=[2, 10], edge_attr=[10, 2], y=0.0, custom_label=0.0, min_label=0, max_label=5, instance_name='p22.txt');0.0;0.004453456494957209;1.742833774187602e-06;0.03679678961634636
Data(x=[30, 11], edge_index=[2, 10], edge_attr=[10, 2], y=0.0, custom_label=0.0, min_label=0, max_label=5, instance_name='p22.txt');0.0;0.005294225178658962;9.429845522390679e-05;0.03679678961634636
Data(x=[28, 11], edge_index=[2, 10], edge_attr=[10, 2], y=0.0, custom_label=0.0, min_label=0, max_label=5, instance_name='p22.txt');0.0;0.001465131645090878;1.1478976375656202e-05;7.030002885296269e-16
Data(x=[22, 11], edge_index=[2, 10], edge_attr=[10, 2], y=0.0, custom_label=0.0, min_label=0, max_label=5, instance_name='p22.txt');0.0;0.0008190294029191136;4.4623229769058526e-06;0.03679678961634636
Data(x=[27, 11], edge_index=[2, 10], edge_attr=[10, 2], y=0.0, custom_label=0.0, min_label=0, max_label=5, instance_name='p22.txt');0.0;0.000982134835794568;1.0540020412008744e-05;0.03679678961634636
Data(x=[24, 11], edge_index=[2, 10], edge_attr=[10, 2], y=0.0, custom_label=0.0, min_label=0, max_label=5, instance_name='p22.txt');0.0;0.00028709127218462527;3.1975760066416115e-06;5.218116193696491e-25
Data(x=[35, 11], edge_index=[2, 10], edge_attr=[10, 2], y=0.0, custom_label=0.0, min_label=0, max_label=5, instance_name='p22.txt');0.0;0.010275952517986298;5.349372440832667e-05;0.03679678961634636
Data(x=[24, 11], edge_index=[2, 10], edge_attr=[10, 2], y=0.0, custom_label=0.0, min_label=0, max_label=5, instance_name='p22.txt');0.0;0.0019411728717386723;9.148743629339151e-06;0.03679678961634636
Data(x=[25, 11], edge_index=[2, 10], edge_attr=[10, 2], y=0.0, custom_label=0.0, min_label=0, max_label=5, instance_name='p22.txt');0.0;0.0010137399658560753;2.503265204722993e-05;0.03679678961634636
Data(x=[23, 11], edge_index=[2, 10], edge_attr=[10, 2], y=0.0, custom_label=0.0, min_label=0, max_label=5, instance_name='p22.txt');0.0;0.00040188271668739617;1.737162165227346e-05;4.900197955873354e-22
Data(x=[29, 11], edge_index=[2, 10], edge_attr=[10, 2], y=0.0, custom_label=0.0, min_label=0, max_label=5, instance_name='p22.txt');0.0;0.004099325742572546;6.473656685557216e-05;2.9734562185970865e-31
Data(x=[29, 11], edge_index=[2, 10], edge_attr=[10, 2], y=0.0, custom_label=0.0, min_label=0, max_label=5, instance_name='p22.txt');0.0;0.001980826025828719;1.7983365978579968e-05;7.030002885296269e-16
Data(x=[27, 11], edge_index=[2, 10], edge_attr=[10, 2], y=0.0, custom_label=0.0, min_label=0, max_label=5, instance_name='p22.txt');0.0;0.0019905981607735157;6.201311043696478e-05;0.03679678961634636
Data(x=[25, 11], edge_index=[2, 10], edge_attr=[10, 2], y=0.0, custom_label=0.0, min_label=0, max_label=5, instance_name='p22.txt');0.0;0.00041751094977371395;7.023094440228306e-06;0.03679678961634636
Data(x=[28, 11], edge_index=[2, 10], edge_attr=[10, 2], y=0.0, custom_label=0.0, min_label=0, max_label=5, instance_name='p22.txt');0.0;0.002690271707251668;9.294035407947376e-05;0.0
Data(x=[26, 11], edge_index=[2, 10], edge_attr=[10, 2], y=0.0, custom_label=0.0, min_label=0, max_label=5, instance_name='p22.txt');0.0;0.0006383025902323425;9.61280966293998e-06;0.0
Data(x=[28, 11], edge_index=[2, 10], edge_attr=[10, 2], y=2.0, custom_label=0.4, min_label=0, max_label=5, instance_name='p22.txt');0.4000000059604645;0.12456793338060379;0.1746121346950531;0.03679678961634636
Data(x=[28, 11], edge_index=[2, 10], edge_attr=[10, 2], y=1.0, custom_label=0.2, min_label=0, max_label=5, instance_name='p22.txt');0.20000000298023224;0.16864943504333496;0.10105522722005844;0.03679678961634636
Data(x=[28, 11], edge_index=[2, 10], edge_attr=[10, 2], y=0.0, custom_label=0.0, min_label=0, max_label=5, instance_name='p22.txt');0.0;0.001361748087219894;1.683070877334103e-05;0.03679678961634636
Data(x=[23, 11], edge_index=[2, 10], edge_attr=[10, 2], y=0.0, custom_label=0.0, min_label=0, max_label=5, instance_name='p22.txt');0.0;0.0030812483746558428;4.1145049181068316e-05;6.701167094355508e-32
Data(x=[32, 11], edge_index=[2, 10], edge_attr=[10, 2], y=0.0, custom_label=0.0, min_label=0, max_label=5, instance_name='p22.txt');0.0;0.004815306514501572;3.53607683791779e-05;0.03679678961634636
Data(x=[29, 11], edge_index=[2, 10], edge_attr=[10, 2], y=0.0, custom_label=0.0, min_label=0, max_label=5, instance_name='p22.txt');0.0;0.019317949190735817;0.0001619433896848932;0.03679678961634636
Data(x=[30, 11], edge_index=[2, 10], edge_attr=[10, 2], y=0.0, custom_label=0.0, min_label=0, max_label=5, instance_name='p22.txt');0.0;0.00547622237354517;7.888976688263938e-05;0.03679678961634636
Data(x=[27, 11], edge_index=[2, 10], edge_attr=[10, 2], y=0.0, custom_label=0.0, min_label=0, max_label=5, instance_name='p22.txt');0.0;0.001020131865516305;8.64189314597752e-06;0.0
Data(x=[26, 11], edge_index=[2, 10], edge_attr=[10, 2], y=0.0, custom_label=0.0, min_label=0, max_label=5, instance_name='p22.txt');0.0;0.0006639753701165318;7.82168899604585e-06;6.701167094355508e-32
Data(x=[25, 11], edge_index=[2, 10], edge_attr=[10, 2], y=0.0, custom_label=0.0, min_label=0, max_label=5, instance_name='p22.txt');0.0;0.00043499298044480383;5.667573987011565e-06;2.9734562185970865e-31
Data(x=[21, 11], edge_index=[2, 10], edge_attr=[10, 2], y=0.0, custom_label=0.0, min_label=0, max_label=5, instance_name='p22.txt');0.0;0.00014720798935741186;6.757441042282153e-06;2.9734562185970865e-31
Data(x=[34, 11], edge_index=[2, 10], edge_attr=[10, 2], y=0.0, custom_label=0.0, min_label=0, max_label=5, instance_name='p22.txt');0.0;0.04771007224917412;3.5535234928829595e-05;0.03679678961634636
Data(x=[24, 11], edge_index=[2, 10], edge_attr=[10, 2], y=0.0, custom_label=0.0, min_label=0, max_label=5, instance_name='p22.txt');0.0;0.000275075261015445;3.997912244813051e-06;0.03679678961634636
Data(x=[24, 11], edge_index=[2, 10], edge_attr=[10, 2], y=0.0, custom_label=0.0, min_label=0, max_label=5, instance_name='p22.txt');0.0;0.0006369899492710829;2.34821745834779e-05;6.701167094355508e-32
Data(x=[31, 11], edge_index=[2, 10], edge_attr=[10, 2], y=0.0, custom_label=0.0, min_label=0, max_label=5, instance_name='p22.txt');0.0;0.007169101852923632;9.491833770880476e-05;2.9734562185970865e-31
Data(x=[25, 11], edge_index=[2, 10], edge_attr=[10, 2], y=0.0, custom_label=0.0, min_label=0, max_label=5, instance_name='p22.txt');0.0;0.0028016583528369665;4.1678106299514184e-07;6.701167094355508e-32
Data(x=[31, 11], edge_index=[2, 10], edge_attr=[10, 2], y=0.0, custom_label=0.0, min_label=0, max_label=5, instance_name='p22.txt');0.0;0.007169101852923632;9.491842502029613e-05;0.03679678961634636
Data(x=[28, 11], edge_index=[2, 10], edge_attr=[10, 2], y=0.0, custom_label=0.0, min_label=0, max_label=5, instance_name='p22.txt');0.0;0.0013617468066513538;1.683070877334103e-05;0.03679678961634636
Data(x=[26, 11], edge_index=[2, 10], edge_attr=[10, 2], y=0.0, custom_label=0.0, min_label=0, max_label=5, instance_name='p22.txt');0.0;0.0006906803464516997;6.364306500472594e-06;0.03679678961634636
Data(x=[27, 11], edge_index=[2, 10], edge_attr=[10, 2], y=0.0, custom_label=0.0, min_label=0, max_label=5, instance_name='p22.txt');0.0;0.0020675300620496273;5.0854756409535185e-05;0.03679678961634636
Data(x=[21, 11], edge_index=[2, 10], edge_attr=[10, 2], y=0.0, custom_label=0.0, min_label=0, max_label=5, instance_name='p22.txt');0.0;0.0012982955668121576;4.4529605247589643e-07;0.03679678961634636
Data(x=[26, 11], edge_index=[2, 10], edge_attr=[10, 2], y=0.0, custom_label=0.0, min_label=0, max_label=5, instance_name='p22.txt');0.0;0.0014388648560270667;4.009342592325993e-05;0.03679678961634636
Data(x=[28, 11], edge_index=[2, 10], edge_attr=[10, 2], y=0.0, custom_label=0.0, min_label=0, max_label=5, instance_name='p22.txt');0.0;0.0014124949229881167;1.3899611985834781e-05;5.218116193696491e-25
Data(x=[29, 11], edge_index=[2, 10], edge_attr=[10, 2], y=1.0, custom_label=0.2, min_label=0, max_label=5, instance_name='p22.txt');0.20000000298023224;0.17002789676189423;0.09233693033456802;0.03679678961634636
Data(x=[29, 11], edge_index=[2, 10], edge_attr=[10, 2], y=0.0, custom_label=0.0, min_label=0, max_label=5, instance_name='p22.txt');0.0;0.004246314521878958;5.382587914937176e-05;0.03679678961634636
Data(x=[21, 11], edge_index=[2, 10], edge_attr=[10, 2], y=0.0, custom_label=0.0, min_label=0, max_label=5, instance_name='p22.txt');0.0;5.101961869513616e-05;1.4862918078506482e-06;0.0
Data(x=[24, 11], edge_index=[2, 10], edge_attr=[10, 2], y=0.0, custom_label=0.0, min_label=0, max_label=5, instance_name='p22.txt');0.0;0.00028709127218462527;3.1975760066416115e-06;0.03679678961634636
Data(x=[26, 11], edge_index=[2, 10], edge_attr=[10, 2], y=0.0, custom_label=0.0, min_label=0, max_label=5, instance_name='p22.txt');0.0;0.007961373776197433;5.5034579418133944e-06;0.0
Data(x=[28, 11], edge_index=[2, 10], edge_attr=[10, 2], y=0.0, custom_label=0.0, min_label=0, max_label=5, instance_name='p22.txt');0.0;0.0028942255303263664;6.341113476082683e-05;0.03679678961634636
Data(x=[23, 11], edge_index=[2, 10], edge_attr=[10, 2], y=0.0, custom_label=0.0, min_label=0, max_label=5, instance_name='p22.txt');0.0;0.0011653645196929574;1.0983090760419145e-05;4.900197955873354e-22
Data(x=[32, 11], edge_index=[2, 10], edge_attr=[10, 2], y=0.0, custom_label=0.0, min_label=0, max_label=5, instance_name='p22.txt');0.0;0.009226571768522263;0.00011289067333564162;0.03679678961634636
Data(x=[25, 11], edge_index=[2, 10], edge_attr=[10, 2], y=0.0, custom_label=0.0, min_label=0, max_label=5, instance_name='p22.txt');0.0;0.00043499298044480383;5.667573987011565e-06;0.0
Data(x=[24, 11], edge_index=[2, 10], edge_attr=[10, 2], y=0.0, custom_label=0.0, min_label=0, max_label=5, instance_name='p22.txt');0.0;0.0002635617565829307;4.998501026420854e-06;2.9734562185970865e-31
Data(x=[26, 11], edge_index=[2, 10], edge_attr=[10, 2], y=0.0, custom_label=0.0, min_label=0, max_label=5, instance_name='p22.txt');0.0;0.00386909325607121;2.063349529635161e-05;6.701167094355508e-32
Data(x=[28, 11], edge_index=[2, 10], edge_attr=[10, 2], y=0.0, custom_label=0.0, min_label=0, max_label=5, instance_name='p22.txt');0.0;0.002690271707251668;9.294035407947376e-05;0.0
Data(x=[24, 11], edge_index=[2, 10], edge_attr=[10, 2], y=2.0, custom_label=0.4, min_label=0, max_label=5, instance_name='p22.txt');0.4000000059604645;0.18988996744155884;0.0954577773809433;0.03679678961634636
Data(x=[24, 11], edge_index=[2, 10], edge_attr=[10, 2], y=1.0, custom_label=0.2, min_label=0, max_label=5, instance_name='p22.txt');0.20000000298023224;0.2217186987400055;0.11026514321565628;0.03679678961634636
Data(x=[24, 11], edge_index=[2, 10], edge_attr=[10, 2], y=0.0, custom_label=0.0, min_label=0, max_label=5, instance_name='p22.txt');0.0;0.0018448848277330399;1.2117166988900863e-05;0.03679678961634636
Data(x=[26, 11], edge_index=[2, 10], edge_attr=[10, 2], y=0.0, custom_label=0.0, min_label=0, max_label=5, instance_name='p22.txt');0.0;0.0013832722324877977;4.926510155200958e-05;6.701167094355508e-32
Data(x=[26, 11], edge_index=[2, 10], edge_attr=[10, 2], y=0.0, custom_label=0.0, min_label=0, max_label=5, instance_name='p22.txt');0.0;0.0006383025902323425;9.61280966293998e-06;0.03679678961634636
Data(x=[24, 11], edge_index=[2, 10], edge_attr=[10, 2], y=0.0, custom_label=0.0, min_label=0, max_label=5, instance_name='p22.txt');0.0;0.000275075261015445;3.997912244813051e-06;0.03679678961634636
Data(x=[26, 11], edge_index=[2, 10], edge_attr=[10, 2], y=0.0, custom_label=0.0, min_label=0, max_label=5, instance_name='p22.txt');0.0;0.0013832729309797287;4.926510155200958e-05;0.0
Data(x=[28, 11], edge_index=[2, 10], edge_attr=[10, 2], y=0.0, custom_label=0.0, min_label=0, max_label=5, instance_name='p22.txt');0.0;0.007486764341592789;2.8251150069991127e-05;6.701167094355508e-32
Data(x=[30, 11], edge_index=[2, 10], edge_attr=[10, 2], y=0.0, custom_label=0.0, min_label=0, max_label=5, instance_name='p22.txt');0.0;0.002715993905439973;2.2870750399306417e-05;0.03679678961634636
Data(x=[29, 11], edge_index=[2, 10], edge_attr=[10, 2], y=0.0, custom_label=0.0, min_label=0, max_label=5, instance_name='p22.txt');0.0;0.002125742845237255;1.2428054105839692e-05;0.03679678961634636
Data(x=[27, 11], edge_index=[2, 10], edge_attr=[10, 2], y=0.0, custom_label=0.0, min_label=0, max_label=5, instance_name='p22.txt');0.0;0.0021474305540323257;4.170418105786666e-05;0.03679678961634636
Data(x=[27, 11], edge_index=[2, 10], edge_attr=[10, 2], y=0.0, custom_label=0.0, min_label=0, max_label=5, instance_name='p22.txt');0.0;0.0009821351850405335;1.0540020412008744e-05;0.0
Data(x=[27, 11], edge_index=[2, 10], edge_attr=[10, 2], y=0.0, custom_label=0.0, min_label=0, max_label=5, instance_name='p22.txt');0.0;0.000982134835794568;1.0540030416450463e-05;0.03679678961634636
Data(x=[22, 11], edge_index=[2, 10], edge_attr=[10, 2], y=0.0, custom_label=0.0, min_label=0, max_label=5, instance_name='p22.txt');0.0;9.710300219012424e-05;1.8097662177751772e-06;0.03679678961634636
Data(x=[25, 11], edge_index=[2, 10], edge_attr=[10, 2], y=0.0, custom_label=0.0, min_label=0, max_label=5, instance_name='p22.txt');0.0;0.0009338897070847452;3.842366277240217e-05;0.03679678961634636
Data(x=[26, 11], edge_index=[2, 10], edge_attr=[10, 2], y=0.0, custom_label=0.0, min_label=0, max_label=5, instance_name='p22.txt');0.0;0.007945401594042778;0.00013705190212931484;0.0
Data(x=[24, 11], edge_index=[2, 10], edge_attr=[10, 2], y=0.0, custom_label=0.0, min_label=0, max_label=5, instance_name='p22.txt');0.0;0.000275075261015445;3.997912244813051e-06;0.03679678961634636
Data(x=[27, 11], edge_index=[2, 10], edge_attr=[10, 2], y=0.0, custom_label=0.0, min_label=0, max_label=5, instance_name='p22.txt');0.0;0.0052901459857821465;1.1555534911167342e-06;0.03679678961634636
Data(x=[27, 11], edge_index=[2, 10], edge_attr=[10, 2], y=0.0, custom_label=0.0, min_label=0, max_label=5, instance_name='p22.txt');0.0;0.005554943345487118;2.1992886104271747e-05;0.03679678961634636
Data(x=[32, 11], edge_index=[2, 10], edge_attr=[10, 2], y=0.0, custom_label=0.0, min_label=0, max_label=5, instance_name='p22.txt');0.0;0.008939867839217186;0.00013344328908715397;2.9734562185970865e-31
Data(x=[29, 11], edge_index=[2, 10], edge_attr=[10, 2], y=5.0, custom_label=1.0, min_label=0, max_label=5, instance_name='p22.txt');1.0;0.19403687119483948;0.10453080385923386;0.03679678961634636
Data(x=[29, 11], edge_index=[2, 10], edge_attr=[10, 2], y=4.0, custom_label=0.8, min_label=0, max_label=5, instance_name='p22.txt');0.800000011920929;0.19403687119483948;0.10453080385923386;0.03679678961634636
Data(x=[29, 11], edge_index=[2, 10], edge_attr=[10, 2], y=3.0, custom_label=0.6, min_label=0, max_label=5, instance_name='p22.txt');0.6000000238418579;0.19403687119483948;0.10453080385923386;0.03679678961634636
Data(x=[29, 11], edge_index=[2, 10], edge_attr=[10, 2], y=2.0, custom_label=0.4, min_label=0, max_label=5, instance_name='p22.txt');0.4000000059604645;0.19403687119483948;0.10453080385923386;0.03679678961634636
Data(x=[29, 11], edge_index=[2, 10], edge_attr=[10, 2], y=1.0, custom_label=0.2, min_label=0, max_label=5, instance_name='p22.txt');0.20000000298023224;0.19403687119483948;0.10453080385923386;0.03679678961634636
Data(x=[29, 11], edge_index=[2, 10], edge_attr=[10, 2], y=0.0, custom_label=0.0, min_label=0, max_label=5, instance_name='p22.txt');0.0;0.004246314521878958;5.382587914937176e-05;0.03679678961634636
Data(x=[25, 11], edge_index=[2, 10], edge_attr=[10, 2], y=0.0, custom_label=0.0, min_label=0, max_label=5, instance_name='p22.txt');0.0;0.00041751074604690075;7.023100806691218e-06;0.0
Data(x=[28, 11], edge_index=[2, 10], edge_attr=[10, 2], y=0.0, custom_label=0.0, min_label=0, max_label=5, instance_name='p22.txt');0.0;0.001361748087219894;1.683070877334103e-05;0.0
Data(x=[32, 11], edge_index=[2, 10], edge_attr=[10, 2], y=0.0, custom_label=0.0, min_label=0, max_label=5, instance_name='p22.txt');0.0;0.008939864113926888;0.00013344342005439103;0.03679678961634636
Data(x=[25, 11], edge_index=[2, 10], edge_attr=[10, 2], y=0.0, custom_label=0.0, min_label=0, max_label=5, instance_name='p22.txt');0.0;0.00043499298044480383;5.667562618327793e-06;2.9734562185970865e-31
Data(x=[25, 11], edge_index=[2, 10], edge_attr=[10, 2], y=0.0, custom_label=0.0, min_label=0, max_label=5, instance_name='p22.txt');0.0;0.0010137399658560753;2.503265204722993e-05;6.701167094355508e-32
Data(x=[27, 11], edge_index=[2, 10], edge_attr=[10, 2], y=0.0, custom_label=0.0, min_label=0, max_label=5, instance_name='p22.txt');0.0;0.005554943345487118;2.1992886104271747e-05;2.9734562185970865e-31
Data(x=[27, 11], edge_index=[2, 10], edge_attr=[10, 2], y=0.0, custom_label=0.0, min_label=0, max_label=5, instance_name='p22.txt');0.0;0.0009455510298721492;1.2853618500230368e-05;0.03679678961634636
Data(x=[24, 11], edge_index=[2, 10], edge_attr=[10, 2], y=0.0, custom_label=0.0, min_label=0, max_label=5, instance_name='p22.txt');0.0;0.0006103352061472833;2.9353637728490867e-05;0.03679678961634636
Data(x=[28, 11], edge_index=[2, 10], edge_attr=[10, 2], y=0.0, custom_label=0.0, min_label=0, max_label=5, instance_name='p22.txt');0.0;0.0028942255303263664;6.34110692772083e-05;4.900197955873354e-22
Data(x=[30, 11], edge_index=[2, 10], edge_attr=[10, 2], y=0.0, custom_label=0.0, min_label=0, max_label=5, instance_name='p22.txt');0.0;0.07218144088983536;2.81619268207578e-05;0.0
Data(x=[23, 11], edge_index=[2, 10], edge_attr=[10, 2], y=0.0, custom_label=0.0, min_label=0, max_label=5, instance_name='p22.txt');0.0;0.00016711711941752583;2.7358366878615925e-06;4.900197955873354e-22
Data(x=[26, 11], edge_index=[2, 10], edge_attr=[10, 2], y=0.0, custom_label=0.0, min_label=0, max_label=5, instance_name='p22.txt');0.0;0.0014388648560270667;4.009342592325993e-05;0.03679678961634636
Data(x=[30, 11], edge_index=[2, 10], edge_attr=[10, 2], y=3.0, custom_label=0.6, min_label=0, max_label=5, instance_name='p22.txt');0.6000000238418579;0.14691150188446045;0.07973000407218933;2.9734562185970865e-31
Data(x=[30, 11], edge_index=[2, 10], edge_attr=[10, 2], y=2.0, custom_label=0.4, min_label=0, max_label=5, instance_name='p22.txt');0.4000000059604645;0.16756989061832428;0.09591040015220642;2.9734562185970865e-31
Data(x=[30, 11], edge_index=[2, 10], edge_attr=[10, 2], y=1.0, custom_label=0.2, min_label=0, max_label=5, instance_name='p22.txt');0.20000000298023224;0.16756989061832428;0.09591040015220642;2.9734562185970865e-31
Data(x=[30, 11], edge_index=[2, 10], edge_attr=[10, 2], y=0.0, custom_label=0.0, min_label=0, max_label=5, instance_name='p22.txt');0.0;0.0028101878706365824;1.913028427225072e-05;2.9734562185970865e-31
Data(x=[30, 11], edge_index=[2, 12], edge_attr=[12, 2], y=77.0, custom_label=1.0, min_label=0, max_label=77, instance_name='p23.txt');1.0;0.9405323266983032;0.8041804432868958;0.03679678961634636
Data(x=[30, 11], edge_index=[2, 12], edge_attr=[12, 2], y=76.0, custom_label=0.987013, min_label=0, max_label=77, instance_name='p23.txt');0.9870129823684692;0.9405323266983032;0.8041804432868958;0.03679678961634636
Data(x=[30, 11], edge_index=[2, 12], edge_attr=[12, 2], y=75.0, custom_label=0.97402596, min_label=0, max_label=77, instance_name='p23.txt');0.9740259647369385;0.9405323266983032;0.8041804432868958;0.03679678961634636
Data(x=[30, 11], edge_index=[2, 12], edge_attr=[12, 2], y=74.0, custom_label=0.96103895, min_label=0, max_label=77, instance_name='p23.txt');0.9610389471054077;0.9405323266983032;0.8041804432868958;0.03679678961634636
Data(x=[30, 11], edge_index=[2, 12], edge_attr=[12, 2], y=73.0, custom_label=0.9480519, min_label=0, max_label=77, instance_name='p23.txt');0.948051929473877;0.9405323266983032;0.8041804432868958;0.03679678961634636
Data(x=[30, 11], edge_index=[2, 12], edge_attr=[12, 2], y=72.0, custom_label=0.9350649, min_label=0, max_label=77, instance_name='p23.txt');0.9350649118423462;0.9405323266983032;0.8041804432868958;0.03679678961634636
Data(x=[30, 11], edge_index=[2, 12], edge_attr=[12, 2], y=71.0, custom_label=0.9220779, min_label=0, max_label=77, instance_name='p23.txt');0.9220778942108154;0.9405323266983032;0.8041804432868958;0.03679678961634636
Data(x=[30, 11], edge_index=[2, 12], edge_attr=[12, 2], y=70.0, custom_label=0.90909094, min_label=0, max_label=77, instance_name='p23.txt');0.9090909361839294;0.9405323266983032;0.8041804432868958;0.03679678961634636
Data(x=[30, 11], edge_index=[2, 12], edge_attr=[12, 2], y=69.0, custom_label=0.8961039, min_label=0, max_label=77, instance_name='p23.txt');0.8961039185523987;0.9405323266983032;0.8041804432868958;0.03679678961634636
Data(x=[30, 11], edge_index=[2, 12], edge_attr=[12, 2], y=68.0, custom_label=0.8831169, min_label=0, max_label=77, instance_name='p23.txt');0.8831169009208679;0.9405323266983032;0.8041804432868958;0.03679678961634636
Data(x=[30, 11], edge_index=[2, 12], edge_attr=[12, 2], y=67.0, custom_label=0.8701299, min_label=0, max_label=77, instance_name='p23.txt');0.8701298832893372;0.9405323266983032;0.8041804432868958;0.03679678961634636
Data(x=[30, 11], edge_index=[2, 12], edge_attr=[12, 2], y=66.0, custom_label=0.85714287, min_label=0, max_label=77, instance_name='p23.txt');0.8571428656578064;0.8166677951812744;0.5506908297538757;0.03679678961634636
Data(x=[30, 11], edge_index=[2, 12], edge_attr=[12, 2], y=65.0, custom_label=0.84415585, min_label=0, max_label=77, instance_name='p23.txt');0.8441558480262756;0.8166677951812744;0.5506908297538757;0.03679678961634636
Data(x=[30, 11], edge_index=[2, 12], edge_attr=[12, 2], y=64.0, custom_label=0.83116883, min_label=0, max_label=77, instance_name='p23.txt');0.8311688303947449;0.8166677951812744;0.5506908297538757;0.03679678961634636
Data(x=[30, 11], edge_index=[2, 12], edge_attr=[12, 2], y=63.0, custom_label=0.8181818, min_label=0, max_label=77, instance_name='p23.txt');0.8181818127632141;0.8166677951812744;0.5506908297538757;0.03679678961634636
Data(x=[30, 11], edge_index=[2, 12], edge_attr=[12, 2], y=62.0, custom_label=0.8051948, min_label=0, max_label=77, instance_name='p23.txt');0.8051947951316833;0.8166677951812744;0.5506908297538757;0.03679678961634636
Data(x=[30, 11], edge_index=[2, 12], edge_attr=[12, 2], y=61.0, custom_label=0.7922078, min_label=0, max_label=77, instance_name='p23.txt');0.7922077775001526;0.8166677951812744;0.5506908297538757;0.03679678961634636
Data(x=[30, 11], edge_index=[2, 12], edge_attr=[12, 2], y=60.0, custom_label=0.77922076, min_label=0, max_label=77, instance_name='p23.txt');0.7792207598686218;0.8166677951812744;0.5506908297538757;0.03679678961634636
Data(x=[30, 11], edge_index=[2, 12], edge_attr=[12, 2], y=59.0, custom_label=0.76623374, min_label=0, max_label=77, instance_name='p23.txt');0.7662337422370911;0.8166677951812744;0.5506908297538757;0.03679678961634636
Data(x=[30, 11], edge_index=[2, 12], edge_attr=[12, 2], y=58.0, custom_label=0.7532467, min_label=0, max_label=77, instance_name='p23.txt');0.7532467246055603;0.8166677951812744;0.5506908297538757;0.03679678961634636
Data(x=[30, 11], edge_index=[2, 12], edge_attr=[12, 2], y=57.0, custom_label=0.74025977, min_label=0, max_label=77, instance_name='p23.txt');0.7402597665786743;0.8166677951812744;0.5506908297538757;0.03679678961634636
Data(x=[30, 11], edge_index=[2, 12], edge_attr=[12, 2], y=56.0, custom_label=0.72727275, min_label=0, max_label=77, instance_name='p23.txt');0.7272727489471436;0.8166677951812744;0.5506908297538757;0.03679678961634636
Data(x=[30, 11], edge_index=[2, 12], edge_attr=[12, 2], y=55.0, custom_label=0.71428573, min_label=0, max_label=77, instance_name='p23.txt');0.7142857313156128;0.8166677951812744;0.5506908297538757;0.03679678961634636
Data(x=[30, 11], edge_index=[2, 12], edge_attr=[12, 2], y=54.0, custom_label=0.7012987, min_label=0, max_label=77, instance_name='p23.txt');0.701298713684082;0.8166677951812744;0.5506908297538757;0.03679678961634636
Data(x=[30, 11], edge_index=[2, 12], edge_attr=[12, 2], y=53.0, custom_label=0.6883117, min_label=0, max_label=77, instance_name='p23.txt');0.6883116960525513;0.5632522702217102;0.38810527324676514;0.03679678961634636
Data(x=[30, 11], edge_index=[2, 12], edge_attr=[12, 2], y=52.0, custom_label=0.6753247, min_label=0, max_label=77, instance_name='p23.txt');0.6753246784210205;0.5632522702217102;0.38810527324676514;0.03679678961634636
Data(x=[30, 11], edge_index=[2, 12], edge_attr=[12, 2], y=51.0, custom_label=0.66233766, min_label=0, max_label=77, instance_name='p23.txt');0.6623376607894897;0.5632522702217102;0.38810527324676514;0.03679678961634636
Data(x=[30, 11], edge_index=[2, 12], edge_attr=[12, 2], y=50.0, custom_label=0.64935064, min_label=0, max_label=77, instance_name='p23.txt');0.649350643157959;0.5632522702217102;0.38810527324676514;0.03679678961634636
Data(x=[30, 11], edge_index=[2, 12], edge_attr=[12, 2], y=49.0, custom_label=0.6363636, min_label=0, max_label=77, instance_name='p23.txt');0.6363636255264282;0.5632522702217102;0.38810527324676514;0.03679678961634636
Data(x=[30, 11], edge_index=[2, 12], edge_attr=[12, 2], y=48.0, custom_label=0.6233766, min_label=0, max_label=77, instance_name='p23.txt');0.6233766078948975;0.5632522702217102;0.38810527324676514;0.03679678961634636
Data(x=[30, 11], edge_index=[2, 12], edge_attr=[12, 2], y=47.0, custom_label=0.6103896, min_label=0, max_label=77, instance_name='p23.txt');0.6103895902633667;0.5632522702217102;0.38810527324676514;0.03679678961634636
Data(x=[30, 11], edge_index=[2, 12], edge_attr=[12, 2], y=46.0, custom_label=0.5974026, min_label=0, max_label=77, instance_name='p23.txt');0.5974025726318359;0.5632522702217102;0.38810527324676514;0.03679678961634636
Data(x=[30, 11], edge_index=[2, 12], edge_attr=[12, 2], y=45.0, custom_label=0.58441556, min_label=0, max_label=77, instance_name='p23.txt');0.5844155550003052;0.5632522702217102;0.38810527324676514;0.03679678961634636
Data(x=[30, 11], edge_index=[2, 12], edge_attr=[12, 2], y=44.0, custom_label=0.5714286, min_label=0, max_label=77, instance_name='p23.txt');0.5714285969734192;0.3550107777118683;0.19009160995483398;0.03679678961634636
Data(x=[30, 11], edge_index=[2, 12], edge_attr=[12, 2], y=43.0, custom_label=0.5584416, min_label=0, max_label=77, instance_name='p23.txt');0.5584415793418884;0.3550107777118683;0.19009160995483398;0.03679678961634636
Data(x=[30, 11], edge_index=[2, 12], edge_attr=[12, 2], y=42.0, custom_label=0.54545456, min_label=0, max_label=77, instance_name='p23.txt');0.5454545617103577;0.3550107777118683;0.19009160995483398;0.03679678961634636
Data(x=[30, 11], edge_index=[2, 12], edge_attr=[12, 2], y=41.0, custom_label=0.53246754, min_label=0, max_label=77, instance_name='p23.txt');0.5324675440788269;0.3550107777118683;0.19009160995483398;0.03679678961634636
Data(x=[30, 11], edge_index=[2, 12], edge_attr=[12, 2], y=40.0, custom_label=0.5194805, min_label=0, max_label=77, instance_name='p23.txt');0.5194805264472961;0.3550107777118683;0.19009160995483398;0.03679678961634636
Data(x=[30, 11], edge_index=[2, 12], edge_attr=[12, 2], y=39.0, custom_label=0.5064935, min_label=0, max_label=77, instance_name='p23.txt');0.5064935088157654;0.3550107777118683;0.19009160995483398;0.03679678961634636
Data(x=[30, 11], edge_index=[2, 12], edge_attr=[12, 2], y=38.0, custom_label=0.4935065, min_label=0, max_label=77, instance_name='p23.txt');0.4935064911842346;0.3550107777118683;0.19009160995483398;0.03679678961634636
Data(x=[30, 11], edge_index=[2, 12], edge_attr=[12, 2], y=37.0, custom_label=0.48051947, min_label=0, max_label=77, instance_name='p23.txt');0.48051947355270386;0.3550107777118683;0.19009160995483398;0.03679678961634636
Data(x=[30, 11], edge_index=[2, 12], edge_attr=[12, 2], y=36.0, custom_label=0.46753246, min_label=0, max_label=77, instance_name='p23.txt');0.4675324559211731;0.3550107777118683;0.19009160995483398;0.03679678961634636
Data(x=[30, 11], edge_index=[2, 12], edge_attr=[12, 2], y=35.0, custom_label=0.45454547, min_label=0, max_label=77, instance_name='p23.txt');0.4545454680919647;0.3550107777118683;0.19009160995483398;0.03679678961634636
Data(x=[30, 11], edge_index=[2, 12], edge_attr=[12, 2], y=34.0, custom_label=0.44155845, min_label=0, max_label=77, instance_name='p23.txt');0.44155845046043396;0.3550107777118683;0.19009160995483398;0.03679678961634636
Data(x=[30, 11], edge_index=[2, 12], edge_attr=[12, 2], y=33.0, custom_label=0.42857143, min_label=0, max_label=77, instance_name='p23.txt');0.4285714328289032;0.3550107777118683;0.19009160995483398;0.03679678961634636
Data(x=[30, 11], edge_index=[2, 12], edge_attr=[12, 2], y=32.0, custom_label=0.41558442, min_label=0, max_label=77, instance_name='p23.txt');0.41558441519737244;0.3550107777118683;0.19009160995483398;0.03679678961634636
Data(x=[30, 11], edge_index=[2, 12], edge_attr=[12, 2], y=31.0, custom_label=0.4025974, min_label=0, max_label=77, instance_name='p23.txt');0.4025973975658417;0.3550107777118683;0.19009160995483398;0.03679678961634636
Data(x=[30, 11], edge_index=[2, 12], edge_attr=[12, 2], y=30.0, custom_label=0.38961038, min_label=0, max_label=77, instance_name='p23.txt');0.3896103799343109;0.3550107777118683;0.19009160995483398;0.03679678961634636
Data(x=[30, 11], edge_index=[2, 12], edge_attr=[12, 2], y=29.0, custom_label=0.37662336, min_label=0, max_label=77, instance_name='p23.txt');0.37662336230278015;0.3550107777118683;0.19009160995483398;0.03679678961634636
Data(x=[30, 11], edge_index=[2, 12], edge_attr=[12, 2], y=28.0, custom_label=0.36363637, min_label=0, max_label=77, instance_name='p23.txt');0.3636363744735718;0.3550107777118683;0.19009160995483398;0.03679678961634636
Data(x=[30, 11], edge_index=[2, 12], edge_attr=[12, 2], y=27.0, custom_label=0.35064936, min_label=0, max_label=77, instance_name='p23.txt');0.350649356842041;0.3550107777118683;0.19009160995483398;0.03679678961634636
Data(x=[30, 11], edge_index=[2, 12], edge_attr=[12, 2], y=26.0, custom_label=0.33766234, min_label=0, max_label=77, instance_name='p23.txt');0.33766233921051025;0.3550107777118683;0.19009160995483398;0.03679678961634636
Data(x=[30, 11], edge_index=[2, 12], edge_attr=[12, 2], y=25.0, custom_label=0.32467532, min_label=0, max_label=77, instance_name='p23.txt');0.3246753215789795;0.116172656416893;0.05210274085402489;0.03679678961634636
Data(x=[30, 11], edge_index=[2, 12], edge_attr=[12, 2], y=24.0, custom_label=0.3116883, min_label=0, max_label=77, instance_name='p23.txt');0.31168830394744873;0.116172656416893;0.05210274085402489;0.03679678961634636
Data(x=[30, 11], edge_index=[2, 12], edge_attr=[12, 2], y=23.0, custom_label=0.2987013, min_label=0, max_label=77, instance_name='p23.txt');0.29870128631591797;0.116172656416893;0.05210274085402489;0.03679678961634636
Data(x=[30, 11], edge_index=[2, 12], edge_attr=[12, 2], y=22.0, custom_label=0.2857143, min_label=0, max_label=77, instance_name='p23.txt');0.2857142984867096;0.116172656416893;0.05210274085402489;0.03679678961634636
Data(x=[30, 11], edge_index=[2, 12], edge_attr=[12, 2], y=21.0, custom_label=0.27272728, min_label=0, max_label=77, instance_name='p23.txt');0.27272728085517883;0.116172656416893;0.05210274085402489;0.03679678961634636
Data(x=[30, 11], edge_index=[2, 12], edge_attr=[12, 2], y=20.0, custom_label=0.25974026, min_label=0, max_label=77, instance_name='p23.txt');0.25974026322364807;0.116172656416893;0.05210274085402489;0.03679678961634636
Data(x=[30, 11], edge_index=[2, 12], edge_attr=[12, 2], y=19.0, custom_label=0.24675325, min_label=0, max_label=77, instance_name='p23.txt');0.2467532455921173;0.116172656416893;0.05210274085402489;0.03679678961634636
Data(x=[30, 11], edge_index=[2, 12], edge_attr=[12, 2], y=18.0, custom_label=0.23376623, min_label=0, max_label=77, instance_name='p23.txt');0.23376622796058655;0.116172656416893;0.05210274085402489;0.03679678961634636
Data(x=[30, 11], edge_index=[2, 12], edge_attr=[12, 2], y=17.0, custom_label=0.22077923, min_label=0, max_label=77, instance_name='p23.txt');0.22077922523021698;0.1161726787686348;0.05210276320576668;0.03679678961634636
Data(x=[30, 11], edge_index=[2, 12], edge_attr=[12, 2], y=16.0, custom_label=0.20779221, min_label=0, max_label=77, instance_name='p23.txt');0.20779220759868622;0.116172656416893;0.05210274085402489;0.03679678961634636
Data(x=[30, 11], edge_index=[2, 12], edge_attr=[12, 2], y=15.0, custom_label=0.19480519, min_label=0, max_label=77, instance_name='p23.txt');0.19480518996715546;0.116172656416893;0.05210274085402489;0.03679678961634636
Data(x=[30, 11], edge_index=[2, 12], edge_attr=[12, 2], y=14.0, custom_label=0.18181819, min_label=0, max_label=77, instance_name='p23.txt');0.1818181872367859;0.116172656416893;0.05210274085402489;0.03679678961634636
Data(x=[30, 11], edge_index=[2, 12], edge_attr=[12, 2], y=13.0, custom_label=0.16883117, min_label=0, max_label=77, instance_name='p23.txt');0.16883116960525513;0.116172656416893;0.05210274085402489;0.03679678961634636
Data(x=[30, 11], edge_index=[2, 12], edge_attr=[12, 2], y=12.0, custom_label=0.15584415, min_label=0, max_label=77, instance_name='p23.txt');0.15584415197372437;0.116172656416893;0.05210274085402489;0.03679678961634636
Data(x=[30, 11], edge_index=[2, 12], edge_attr=[12, 2], y=11.0, custom_label=0.14285715, min_label=0, max_label=77, instance_name='p23.txt');0.1428571492433548;0.116172656416893;0.05210274085402489;0.03679678961634636
Data(x=[30, 11], edge_index=[2, 12], edge_attr=[12, 2], y=10.0, custom_label=0.12987013, min_label=0, max_label=77, instance_name='p23.txt');0.12987013161182404;0.116172656416893;0.05210274085402489;0.03679678961634636
Data(x=[30, 11], edge_index=[2, 12], edge_attr=[12, 2], y=9.0, custom_label=0.116883114, min_label=0, max_label=77, instance_name='p23.txt');0.11688311398029327;0.116172656416893;0.05210274085402489;0.03679678961634636
Data(x=[30, 11], edge_index=[2, 12], edge_attr=[12, 2], y=8.0, custom_label=0.103896104, min_label=0, max_label=77, instance_name='p23.txt');0.10389610379934311;0.116172656416893;0.05210274085402489;0.03679678961634636
Data(x=[30, 11], edge_index=[2, 12], edge_attr=[12, 2], y=7.0, custom_label=0.09090909, min_label=0, max_label=77, instance_name='p23.txt');0.09090909361839294;0.116172656416893;0.05210274085402489;0.03679678961634636
Data(x=[30, 11], edge_index=[2, 12], edge_attr=[12, 2], y=6.0, custom_label=0.077922076, min_label=0, max_label=77, instance_name='p23.txt');0.07792207598686218;0.116172656416893;0.05210274085402489;0.03679678961634636
Data(x=[30, 11], edge_index=[2, 12], edge_attr=[12, 2], y=5.0, custom_label=0.064935066, min_label=0, max_label=77, instance_name='p23.txt');0.06493506580591202;0.116172656416893;0.05210274085402489;0.03679678961634636
Data(x=[30, 11], edge_index=[2, 12], edge_attr=[12, 2], y=4.0, custom_label=0.051948052, min_label=0, max_label=77, instance_name='p23.txt');0.051948051899671555;0.116172656416893;0.05210274085402489;0.03679678961634636
Data(x=[30, 11], edge_index=[2, 12], edge_attr=[12, 2], y=3.0, custom_label=0.038961038, min_label=0, max_label=77, instance_name='p23.txt');0.03896103799343109;0.116172656416893;0.05210274085402489;0.03679678961634636
Data(x=[30, 11], edge_index=[2, 12], edge_attr=[12, 2], y=2.0, custom_label=0.025974026, min_label=0, max_label=77, instance_name='p23.txt');0.025974025949835777;0.116172656416893;0.05210274085402489;0.03679678961634636
Data(x=[30, 11], edge_index=[2, 12], edge_attr=[12, 2], y=1.0, custom_label=0.012987013, min_label=0, max_label=77, instance_name='p23.txt');0.012987012974917889;0.116172656416893;0.05210274085402489;0.03679678961634636
Data(x=[30, 11], edge_index=[2, 12], edge_attr=[12, 2], y=0.0, custom_label=0.0, min_label=0, max_label=77, instance_name='p23.txt');0.0;0.00025861620088107884;2.291952796440455e-06;0.03679678961634636
Data(x=[22, 11], edge_index=[2, 12], edge_attr=[12, 2], y=3.0, custom_label=0.038961038, min_label=0, max_label=77, instance_name='p23.txt');0.03896103799343109;0.019794829189777374;0.03438450023531914;0.0
Data(x=[22, 11], edge_index=[2, 12], edge_attr=[12, 2], y=2.0, custom_label=0.025974026, min_label=0, max_label=77, instance_name='p23.txt');0.025974025949835777;0.04668721184134483;0.05668553709983826;0.0
Data(x=[22, 11], edge_index=[2, 12], edge_attr=[12, 2], y=1.0, custom_label=0.012987013, min_label=0, max_label=77, instance_name='p23.txt');0.012987012974917889;0.1454198807477951;0.022182749584317207;0.0
Data(x=[22, 11], edge_index=[2, 12], edge_attr=[12, 2], y=0.0, custom_label=0.0, min_label=0, max_label=77, instance_name='p23.txt');0.0;3.4129027426388348e-06;1.6395300406202296e-07;0.0
Data(x=[22, 11], edge_index=[2, 12], edge_attr=[12, 2], y=0.0, custom_label=0.0, min_label=0, max_label=77, instance_name='p23.txt');0.0;3.412905925870291e-06;1.6395316038142482e-07;3.022583521757888e-33
Data(x=[23, 11], edge_index=[2, 12], edge_attr=[12, 2], y=0.0, custom_label=0.0, min_label=0, max_label=77, instance_name='p23.txt');0.0;6.499561095552053e-06;3.4713116292550694e-07;2.9734562185970865e-31
Data(x=[22, 11], edge_index=[2, 12], edge_attr=[12, 2], y=0.0, custom_label=0.0, min_label=0, max_label=77, instance_name='p23.txt');0.0;3.5761925119004445e-06;1.2850485120452504e-07;0.03679678961634636
Data(x=[20, 11], edge_index=[2, 12], edge_attr=[12, 2], y=4.0, custom_label=0.051948052, min_label=0, max_label=77, instance_name='p23.txt');0.051948051899671555;0.41305163502693176;0.19464124739170074;0.0
Data(x=[20, 11], edge_index=[2, 12], edge_attr=[12, 2], y=3.0, custom_label=0.038961038, min_label=0, max_label=77, instance_name='p23.txt');0.03896103799343109;0.003815733827650547;0.006148156244307756;0.0
Data(x=[20, 11], edge_index=[2, 12], edge_attr=[12, 2], y=2.0, custom_label=0.025974026, min_label=0, max_label=77, instance_name='p23.txt');0.025974025949835777;0.0014834440080448985;0.10846567898988724;0.0
Data(x=[20, 11], edge_index=[2, 12], edge_attr=[12, 2], y=1.0, custom_label=0.012987013, min_label=0, max_label=77, instance_name='p23.txt');0.012987012974917889;0.010353973135352135;0.02851470373570919;0.0
Data(x=[20, 11], edge_index=[2, 12], edge_attr=[12, 2], y=0.0, custom_label=0.0, min_label=0, max_label=77, instance_name='p23.txt');0.0;2.681178727925726e-07;4.528732056030549e-09;0.0
Data(x=[19, 11], edge_index=[2, 12], edge_attr=[12, 2], y=0.0, custom_label=0.0, min_label=0, max_label=77, instance_name='p23.txt');0.0;2.7930599344472284e-07;2.5433374517547236e-08;4.900197955873354e-22
Data(x=[21, 11], edge_index=[2, 12], edge_attr=[12, 2], y=0.0, custom_label=0.0, min_label=0, max_label=77, instance_name='p23.txt');0.0;1.6854662590048974e-06;7.231128762441585e-08;6.701167094355508e-32
Data(x=[21, 11], edge_index=[2, 12], edge_attr=[12, 2], y=0.0, custom_label=0.0, min_label=0, max_label=77, instance_name='p23.txt');0.0;1.4175294381857384e-05;3.2967645324788464e-07;0.0
Data(x=[20, 11], edge_index=[2, 12], edge_attr=[12, 2], y=0.0, custom_label=0.0, min_label=0, max_label=77, instance_name='p23.txt');0.0;7.366186309809564e-07;3.849737595373881e-08;0.03679678961634636
Data(x=[27, 11], edge_index=[2, 12], edge_attr=[12, 2], y=13.0, custom_label=0.16883117, min_label=0, max_label=77, instance_name='p23.txt');0.16883116960525513;0.3572438955307007;0.1857798993587494;4.900197955873354e-22
Data(x=[27, 11], edge_index=[2, 12], edge_attr=[12, 2], y=12.0, custom_label=0.15584415, min_label=0, max_label=77, instance_name='p23.txt');0.15584415197372437;0.3572438955307007;0.1857798993587494;4.900197955873354e-22
Data(x=[27, 11], edge_index=[2, 12], edge_attr=[12, 2], y=11.0, custom_label=0.14285715, min_label=0, max_label=77, instance_name='p23.txt');0.1428571492433548;0.3572438955307007;0.1857798993587494;4.900197955873354e-22
Data(x=[27, 11], edge_index=[2, 12], edge_attr=[12, 2], y=10.0, custom_label=0.12987013, min_label=0, max_label=77, instance_name='p23.txt');0.12987013161182404;0.3572438955307007;0.1857798993587494;4.900197955873354e-22
Data(x=[27, 11], edge_index=[2, 12], edge_attr=[12, 2], y=9.0, custom_label=0.116883114, min_label=0, max_label=77, instance_name='p23.txt');0.11688311398029327;0.3572438955307007;0.1857798993587494;4.900197955873354e-22
Data(x=[27, 11], edge_index=[2, 12], edge_attr=[12, 2], y=8.0, custom_label=0.103896104, min_label=0, max_label=77, instance_name='p23.txt');0.10389610379934311;0.3572438955307007;0.1857798993587494;4.900197955873354e-22
Data(x=[27, 11], edge_index=[2, 12], edge_attr=[12, 2], y=7.0, custom_label=0.09090909, min_label=0, max_label=77, instance_name='p23.txt');0.09090909361839294;0.06641751527786255;0.027817612513899803;4.900197955873354e-22
Data(x=[27, 11], edge_index=[2, 12], edge_attr=[12, 2], y=6.0, custom_label=0.077922076, min_label=0, max_label=77, instance_name='p23.txt');0.07792207598686218;0.018797393888235092;0.10543987154960632;4.900197955873354e-22
Data(x=[27, 11], edge_index=[2, 12], edge_attr=[12, 2], y=5.0, custom_label=0.064935066, min_label=0, max_label=77, instance_name='p23.txt');0.06493506580591202;0.06641750037670135;0.027817612513899803;4.900197955873354e-22
Data(x=[27, 11], edge_index=[2, 12], edge_attr=[12, 2], y=4.0, custom_label=0.051948052, min_label=0, max_label=77, instance_name='p23.txt');0.051948051899671555;0.06641750037670135;0.027817612513899803;4.900197955873354e-22
Data(x=[27, 11], edge_index=[2, 12], edge_attr=[12, 2], y=3.0, custom_label=0.038961038, min_label=0, max_label=77, instance_name='p23.txt');0.03896103799343109;0.10001939535140991;0.05403509736061096;4.900197955873354e-22
Data(x=[27, 11], edge_index=[2, 12], edge_attr=[12, 2], y=2.0, custom_label=0.025974026, min_label=0, max_label=77, instance_name='p23.txt');0.025974025949835777;0.10001939535140991;0.05403509736061096;4.900197955873354e-22
Data(x=[27, 11], edge_index=[2, 12], edge_attr=[12, 2], y=1.0, custom_label=0.012987013, min_label=0, max_label=77, instance_name='p23.txt');0.012987012974917889;0.10001939535140991;0.05403509736061096;4.900197955873354e-22
Data(x=[27, 11], edge_index=[2, 12], edge_attr=[12, 2], y=0.0, custom_label=0.0, min_label=0, max_label=77, instance_name='p23.txt');0.0;6.923721957718953e-05;9.974166914616944e-07;4.900197955873354e-22
Data(x=[27, 11], edge_index=[2, 12], edge_attr=[12, 2], y=0.0, custom_label=0.0, min_label=0, max_label=7, instance_name='p24.txt');0.0;0.000895175791811198;8.91980462824904e-08;0.03679678961634636
Data(x=[25, 11], edge_index=[2, 12], edge_attr=[12, 2], y=0.0, custom_label=0.0, min_label=0, max_label=7, instance_name='p24.txt');0.0;1.0177166586800013e-05;1.2415044636782113e-07;6.701167094355508e-32
Data(x=[23, 11], edge_index=[2, 12], edge_attr=[12, 2], y=0.0, custom_label=0.0, min_label=0, max_label=7, instance_name='p24.txt');0.0;2.6985221666109283e-06;5.438431216475692e-08;5.218116193696491e-25
Data(x=[25, 11], edge_index=[2, 12], edge_attr=[12, 2], y=0.0, custom_label=0.0, min_label=0, max_label=7, instance_name='p24.txt');0.0;1.0177166586800013e-05;1.2415057426551357e-07;1.161746383218574e-24
Data(x=[26, 11], edge_index=[2, 12], edge_attr=[12, 2], y=0.0, custom_label=0.0, min_label=0, max_label=7, instance_name='p24.txt');0.0;0.0006030149525031447;5.511340006592036e-08;4.900197955873354e-22
Data(x=[22, 11], edge_index=[2, 12], edge_attr=[12, 2], y=0.0, custom_label=0.0, min_label=0, max_label=7, instance_name='p24.txt');0.0;3.4129027426388348e-06;1.6395300406202296e-07;4.900197955873354e-22
Data(x=[31, 11], edge_index=[2, 12], edge_attr=[12, 2], y=0.0, custom_label=0.0, min_label=0, max_label=7, instance_name='p24.txt');0.0;0.0003395897801965475;5.1945553423138335e-06;0.03679678961634636
Data(x=[25, 11], edge_index=[2, 12], edge_attr=[12, 2], y=0.0, custom_label=0.0, min_label=0, max_label=7, instance_name='p24.txt');0.0;1.0177166586800013e-05;1.2415057426551357e-07;0.0
Data(x=[26, 11], edge_index=[2, 12], edge_attr=[12, 2], y=0.0, custom_label=0.0, min_label=0, max_label=7, instance_name='p24.txt');0.0;4.227050521876663e-05;6.766480851183587e-07;0.03679678961634636
Data(x=[25, 11], edge_index=[2, 12], edge_attr=[12, 2], y=0.0, custom_label=0.0, min_label=0, max_label=7, instance_name='p24.txt');0.0;1.0177166586800013e-05;1.2415044636782113e-07;1.161746383218574e-24
Data(x=[26, 11], edge_index=[2, 12], edge_attr=[12, 2], y=0.0, custom_label=0.0, min_label=0, max_label=7, instance_name='p24.txt');0.0;0.00010812417895067483;1.6077812858839025e-08;0.0
Data(x=[28, 11], edge_index=[2, 12], edge_attr=[12, 2], y=3.0, custom_label=0.42857143, min_label=0, max_label=7, instance_name='p24.txt');0.4285714328289032;0.08297890424728394;0.11420413851737976;0.03679678961634636
Data(x=[28, 11], edge_index=[2, 12], edge_attr=[12, 2], y=2.0, custom_label=0.2857143, min_label=0, max_label=7, instance_name='p24.txt');0.2857142984867096;0.13221582770347595;0.042890068143606186;0.03679678961634636
Data(x=[28, 11], edge_index=[2, 12], edge_attr=[12, 2], y=1.0, custom_label=0.14285715, min_label=0, max_label=7, instance_name='p24.txt');0.1428571492433548;0.13221581280231476;0.042890068143606186;0.03679678961634636
Data(x=[28, 11], edge_index=[2, 12], edge_attr=[12, 2], y=0.0, custom_label=0.0, min_label=0, max_label=7, instance_name='p24.txt');0.0;0.0005850688321515918;2.909436943809851e-06;0.03679678961634636
Data(x=[25, 11], edge_index=[2, 12], edge_attr=[12, 2], y=0.0, custom_label=0.0, min_label=0, max_label=7, instance_name='p24.txt');0.0;0.0001544514234410599;1.2888216360806837e-06;0.0
Data(x=[23, 11], edge_index=[2, 12], edge_attr=[12, 2], y=0.0, custom_label=0.0, min_label=0, max_label=7, instance_name='p24.txt');0.0;2.2746071408619173e-05;8.102357895722889e-08;5.218116193696491e-25
Data(x=[26, 11], edge_index=[2, 12], edge_attr=[12, 2], y=0.0, custom_label=0.0, min_label=0, max_label=7, instance_name='p24.txt');0.0;4.063206506543793e-05;8.315462878272228e-07;0.0
Data(x=[30, 11], edge_index=[2, 12], edge_attr=[12, 2], y=0.0, custom_label=0.0, min_label=0, max_label=7, instance_name='p24.txt');0.0;0.00011140199057990685;1.3538277698899037e-06;0.03679678961634636
Data(x=[30, 11], edge_index=[2, 12], edge_attr=[12, 2], y=1.0, custom_label=0.14285715, min_label=0, max_label=7, instance_name='p24.txt');0.1428571492433548;0.08615843951702118;0.03666392341256142;0.03679678961634636
Data(x=[30, 11], edge_index=[2, 12], edge_attr=[12, 2], y=0.0, custom_label=0.0, min_label=0, max_label=7, instance_name='p24.txt');0.0;0.00011929104948649183;9.469830501984688e-07;0.03679678961634636
Data(x=[18, 11], edge_index=[2, 12], edge_attr=[12, 2], y=0.0, custom_label=0.0, min_label=0, max_label=7, instance_name='p24.txt');0.0;1.2947596133017214e-06;4.8046839395965435e-08;0.0
Data(x=[25, 11], edge_index=[2, 12], edge_attr=[12, 2], y=0.0, custom_label=0.0, min_label=0, max_label=7, instance_name='p24.txt');0.0;2.3806756871636026e-05;5.514094709724304e-07;0.03679678961634636
Data(x=[30, 11], edge_index=[2, 12], edge_attr=[12, 2], y=0.0, custom_label=0.0, min_label=0, max_label=7, instance_name='p24.txt');0.0;0.0002499195106793195;2.7404141746956157e-06;4.900197955873354e-22
Data(x=[29, 11], edge_index=[2, 12], edge_attr=[12, 2], y=2.0, custom_label=0.2857143, min_label=0, max_label=7, instance_name='p24.txt');0.2857142984867096;0.01377515122294426;0.08464418351650238;0.03679678961634636
Data(x=[29, 11], edge_index=[2, 12], edge_attr=[12, 2], y=1.0, custom_label=0.14285715, min_label=0, max_label=7, instance_name='p24.txt');0.1428571492433548;0.08294280618429184;0.028361959382891655;0.03679678961634636
Data(x=[29, 11], edge_index=[2, 12], edge_attr=[12, 2], y=0.0, custom_label=0.0, min_label=0, max_label=7, instance_name='p24.txt');0.0;0.00042283485527150333;9.160739864455536e-07;0.03679678961634636
Data(x=[28, 11], edge_index=[2, 12], edge_attr=[12, 2], y=0.0, custom_label=0.0, min_label=0, max_label=7, instance_name='p24.txt');0.0;0.00010171991016250104;2.097772039633128e-06;6.701167094355508e-32
Data(x=[30, 11], edge_index=[2, 12], edge_attr=[12, 2], y=3.0, custom_label=0.42857143, min_label=0, max_label=7, instance_name='p24.txt');0.4285714328289032;0.06120576709508896;0.008156695403158665;6.701167094355508e-32
Data(x=[30, 11], edge_index=[2, 12], edge_attr=[12, 2], y=2.0, custom_label=0.2857143, min_label=0, max_label=7, instance_name='p24.txt');0.2857142984867096;0.08867564052343369;0.028595007956027985;6.701167094355508e-32
Data(x=[30, 11], edge_index=[2, 12], edge_attr=[12, 2], y=1.0, custom_label=0.14285715, min_label=0, max_label=7, instance_name='p24.txt');0.1428571492433548;0.08867564052343369;0.02859499305486679;6.701167094355508e-32
Data(x=[30, 11], edge_index=[2, 12], edge_attr=[12, 2], y=0.0, custom_label=0.0, min_label=0, max_label=7, instance_name='p24.txt');0.0;0.0001277387054869905;6.623996569032897e-07;6.701167094355508e-32
Data(x=[27, 11], edge_index=[2, 12], edge_attr=[12, 2], y=3.0, custom_label=0.42857143, min_label=0, max_label=7, instance_name='p24.txt');0.4285714328289032;0.09925254434347153;0.001240851590409875;6.701167094355508e-32
Data(x=[27, 11], edge_index=[2, 12], edge_attr=[12, 2], y=2.0, custom_label=0.2857143, min_label=0, max_label=7, instance_name='p24.txt');0.2857142984867096;0.07271859049797058;0.1500789076089859;6.701167094355508e-32
Data(x=[27, 11], edge_index=[2, 12], edge_attr=[12, 2], y=1.0, custom_label=0.14285715, min_label=0, max_label=7, instance_name='p24.txt');0.1428571492433548;0.16975034773349762;0.0006045777117833495;0.03679678961634636
Data(x=[27, 11], edge_index=[2, 12], edge_attr=[12, 2], y=0.0, custom_label=0.0, min_label=0, max_label=7, instance_name='p24.txt');0.0;0.00016474687436129898;3.322975672404027e-08;6.701167094355508e-32
Data(x=[25, 11], edge_index=[2, 12], edge_attr=[12, 2], y=0.0, custom_label=0.0, min_label=0, max_label=7, instance_name='p24.txt');0.0;0.00043250221642665565;6.452453931160562e-07;0.03679678961634636
Data(x=[26, 11], edge_index=[2, 12], edge_attr=[12, 2], y=0.0, custom_label=0.0, min_label=0, max_label=7, instance_name='p24.txt');0.0;1.9438562958384864e-05;1.312807995645926e-07;0.03679678961634636
Data(x=[28, 11], edge_index=[2, 12], edge_attr=[12, 2], y=3.0, custom_label=0.42857143, min_label=0, max_label=7, instance_name='p24.txt');0.4285714328289032;0.15334579348564148;0.07641949504613876;0.03679678961634636
Data(x=[28, 11], edge_index=[2, 12], edge_attr=[12, 2], y=2.0, custom_label=0.2857143, min_label=0, max_label=7, instance_name='p24.txt');0.2857142984867096;0.15334579348564148;0.07641949504613876;0.03679678961634636
Data(x=[28, 11], edge_index=[2, 12], edge_attr=[12, 2], y=1.0, custom_label=0.14285715, min_label=0, max_label=7, instance_name='p24.txt');0.1428571492433548;0.15334580838680267;0.07641949504613876;0.03679678961634636
Data(x=[28, 11], edge_index=[2, 12], edge_attr=[12, 2], y=0.0, custom_label=0.0, min_label=0, max_label=7, instance_name='p24.txt');0.0;0.0005205177585594356;5.427164978755172e-06;0.03679678961634636
Data(x=[27, 11], edge_index=[2, 12], edge_attr=[12, 2], y=0.0, custom_label=0.0, min_label=0, max_label=7, instance_name='p24.txt');0.0;6.923727778485045e-05;9.974166914616944e-07;0.03679678961634636
Data(x=[31, 11], edge_index=[2, 12], edge_attr=[12, 2], y=0.0, custom_label=0.0, min_label=0, max_label=7, instance_name='p24.txt');0.0;0.00032853599986992776;6.175261205498828e-06;0.03679678961634636
Data(x=[26, 11], edge_index=[2, 12], edge_attr=[12, 2], y=0.0, custom_label=0.0, min_label=0, max_label=7, instance_name='p24.txt');0.0;4.063206506543793e-05;8.315462878272228e-07;4.900197955873354e-22
Data(x=[24, 11], edge_index=[2, 12], edge_attr=[12, 2], y=1.0, custom_label=0.14285715, min_label=0, max_label=7, instance_name='p24.txt');0.1428571492433548;0.036381177604198456;0.03107731230556965;0.03679678961634636
Data(x=[24, 11], edge_index=[2, 12], edge_attr=[12, 2], y=0.0, custom_label=0.0, min_label=0, max_label=7, instance_name='p24.txt');0.0;1.3339653378352523e-05;3.5334059589331446e-07;0.03679678961634636
Data(x=[26, 11], edge_index=[2, 12], edge_attr=[12, 2], y=0.0, custom_label=0.0, min_label=0, max_label=7, instance_name='p24.txt');0.0;4.063206506543793e-05;8.315462878272228e-07;0.0
Data(x=[23, 11], edge_index=[2, 12], edge_attr=[12, 2], y=0.0, custom_label=0.0, min_label=0, max_label=7, instance_name='p24.txt');0.0;7.432351594616193e-06;1.725465779145452e-07;0.03679678961634636
Data(x=[23, 11], edge_index=[2, 12], edge_attr=[12, 2], y=7.0, custom_label=1.0, min_label=0, max_label=7, instance_name='p24.txt');1.0;0.24040104448795319;0.2464510202407837;0.03679678961634636
Data(x=[23, 11], edge_index=[2, 12], edge_attr=[12, 2], y=6.0, custom_label=0.85714287, min_label=0, max_label=7, instance_name='p24.txt');0.8571428656578064;0.21321575343608856;0.3582007884979248;0.03679678961634636
Data(x=[23, 11], edge_index=[2, 12], edge_attr=[12, 2], y=5.0, custom_label=0.71428573, min_label=0, max_label=7, instance_name='p24.txt');0.7142857313156128;0.2786610424518585;0.2724919021129608;0.03679678961634636
Data(x=[23, 11], edge_index=[2, 12], edge_attr=[12, 2], y=4.0, custom_label=0.5714286, min_label=0, max_label=7, instance_name='p24.txt');0.5714285969734192;0.001981777371838689;0.079041987657547;0.03679678961634636
Data(x=[23, 11], edge_index=[2, 12], edge_attr=[12, 2], y=3.0, custom_label=0.42857143, min_label=0, max_label=7, instance_name='p24.txt');0.4285714328289032;0.029066672548651695;0.026353662833571434;0.03679678961634636
Data(x=[23, 11], edge_index=[2, 12], edge_attr=[12, 2], y=2.0, custom_label=0.2857143, min_label=0, max_label=7, instance_name='p24.txt');0.2857142984867096;0.005512765143066645;0.10478927940130234;0.03679678961634636
Data(x=[23, 11], edge_index=[2, 12], edge_attr=[12, 2], y=1.0, custom_label=0.14285715, min_label=0, max_label=7, instance_name='p24.txt');0.1428571492433548;0.029066672548651695;0.026353662833571434;0.03679678961634636
Data(x=[23, 11], edge_index=[2, 12], edge_attr=[12, 2], y=0.0, custom_label=0.0, min_label=0, max_label=7, instance_name='p24.txt');0.0;3.0858077479933854e-06;2.7029619431573337e-08;0.03679678961634636
Data(x=[24, 11], edge_index=[2, 12], edge_attr=[12, 2], y=0.0, custom_label=0.0, min_label=0, max_label=7, instance_name='p24.txt');0.0;5.745065209339373e-06;5.979970296721149e-08;0.03679678961634636
Data(x=[29, 11], edge_index=[2, 12], edge_attr=[12, 2], y=2.0, custom_label=0.2857143, min_label=0, max_label=7, instance_name='p24.txt');0.2857142984867096;0.0500374361872673;0.011114940047264099;0.03679678961634636
Data(x=[29, 11], edge_index=[2, 12], edge_attr=[12, 2], y=1.0, custom_label=0.14285715, min_label=0, max_label=7, instance_name='p24.txt');0.1428571492433548;0.07981240749359131;0.036548059433698654;0.03679678961634636
Data(x=[29, 11], edge_index=[2, 12], edge_attr=[12, 2], y=0.0, custom_label=0.0, min_label=0, max_label=7, instance_name='p24.txt');0.0;7.805704808561131e-05;6.66984021790995e-07;0.03679678961634636
Data(x=[23, 11], edge_index=[2, 12], edge_attr=[12, 2], y=0.0, custom_label=0.0, min_label=0, max_label=7, instance_name='p24.txt');0.0;2.950899443021626e-06;3.4124223446951873e-08;0.0
Data(x=[25, 11], edge_index=[2, 12], edge_attr=[12, 2], y=0.0, custom_label=0.0, min_label=0, max_label=7, instance_name='p24.txt');0.0;9.767093615664635e-06;1.5383405127522565e-07;3.022583521757888e-33
Data(x=[28, 11], edge_index=[2, 12], edge_attr=[12, 2], y=0.0, custom_label=0.0, min_label=0, max_label=7, instance_name='p24.txt');0.0;0.00010551767627475783;1.7322271332886885e-06;0.0
Data(x=[24, 11], edge_index=[2, 12], edge_attr=[12, 2], y=0.0, custom_label=0.0, min_label=0, max_label=7, instance_name='p24.txt');0.0;5.9965364016534295e-06;4.782913265444222e-08;0.03679678961634636
Data(x=[24, 11], edge_index=[2, 12], edge_attr=[12, 2], y=0.0, custom_label=0.0, min_label=0, max_label=7, instance_name='p24.txt');0.0;5.0521862249297556e-06;1.1685678913408992e-07;0.0
Data(x=[29, 11], edge_index=[2, 12], edge_attr=[12, 2], y=0.0, custom_label=0.0, min_label=0, max_label=7, instance_name='p24.txt');0.0;0.0007557932985946536;7.2554198595753405e-06;0.03679678961634636
Data(x=[25, 11], edge_index=[2, 12], edge_attr=[12, 2], y=0.0, custom_label=0.0, min_label=0, max_label=7, instance_name='p24.txt');0.0;9.767093615664635e-06;1.5383405127522565e-07;0.03679678961634636
Data(x=[30, 11], edge_index=[2, 12], edge_attr=[12, 2], y=0.0, custom_label=0.0, min_label=0, max_label=7, instance_name='p24.txt');0.0;0.00024151538673322648;3.2766179174359422e-06;0.03679678961634636
Data(x=[28, 11], edge_index=[2, 12], edge_attr=[12, 2], y=0.0, custom_label=0.0, min_label=0, max_label=7, instance_name='p24.txt');0.0;9.805891022551805e-05;2.540458581279381e-06;4.900197955873354e-22
Data(x=[24, 11], edge_index=[2, 12], edge_attr=[12, 2], y=0.0, custom_label=0.0, min_label=0, max_label=7, instance_name='p24.txt');0.0;1.3339653378352523e-05;3.5334059589331446e-07;2.9734562185970865e-31
Data(x=[26, 11], edge_index=[2, 12], edge_attr=[12, 2], y=0.0, custom_label=0.0, min_label=0, max_label=7, instance_name='p24.txt');0.0;3.9057209505699575e-05;1.021901766762312e-06;0.03679678961634636
Data(x=[30, 11], edge_index=[2, 12], edge_attr=[12, 2], y=0.0, custom_label=0.0, min_label=0, max_label=7, instance_name='p24.txt');0.0;0.00011929104948649183;9.469830501984688e-07;0.03679678961634636
Data(x=[29, 11], edge_index=[2, 12], edge_attr=[12, 2], y=0.0, custom_label=0.0, min_label=0, max_label=7, instance_name='p24.txt');0.0;0.004086483735591173;5.541666041608551e-07;0.03679678961634636
Data(x=[30, 11], edge_index=[2, 12], edge_attr=[12, 2], y=2.0, custom_label=0.2857143, min_label=0, max_label=7, instance_name='p24.txt');0.2857142984867096;0.08740885555744171;0.03243131935596466;0.03679678961634636
Data(x=[30, 11], edge_index=[2, 12], edge_attr=[12, 2], y=1.0, custom_label=0.14285715, min_label=0, max_label=7, instance_name='p24.txt');0.1428571492433548;0.11397919803857803;0.05916455388069153;0.03679678961634636
Data(x=[30, 11], edge_index=[2, 12], edge_attr=[12, 2], y=0.0, custom_label=0.0, min_label=0, max_label=7, instance_name='p24.txt');0.0;0.00024151518300641328;3.2766179174359422e-06;0.03679678961634636
Data(x=[27, 11], edge_index=[2, 12], edge_attr=[12, 2], y=3.0, custom_label=0.42857143, min_label=0, max_label=7, instance_name='p24.txt');0.4285714328289032;0.034147150814533234;0.010460651479661465;6.701167094355508e-32
Data(x=[27, 11], edge_index=[2, 12], edge_attr=[12, 2], y=2.0, custom_label=0.2857143, min_label=0, max_label=7, instance_name='p24.txt');0.2857142984867096;0.06291545927524567;0.036333031952381134;6.701167094355508e-32
Data(x=[27, 11], edge_index=[2, 12], edge_attr=[12, 2], y=1.0, custom_label=0.14285715, min_label=0, max_label=7, instance_name='p24.txt');0.1428571492433548;0.12722793221473694;0.0053451694548130035;6.701167094355508e-32
Data(x=[27, 11], edge_index=[2, 12], edge_attr=[12, 2], y=0.0, custom_label=0.0, min_label=0, max_label=7, instance_name='p24.txt');0.0;3.039566036022734e-05;3.060784763420088e-07;6.701167094355508e-32
Data(x=[28, 11], edge_index=[2, 12], edge_attr=[12, 2], y=1.0, custom_label=0.14285715, min_label=0, max_label=7, instance_name='p24.txt');0.1428571492433548;0.10293105244636536;0.06185581162571907;0.03679678961634636
Data(x=[28, 11], edge_index=[2, 12], edge_attr=[12, 2], y=0.0, custom_label=0.0, min_label=0, max_label=7, instance_name='p24.txt');0.0;0.00010171991016250104;2.097772039633128e-06;0.03679678961634636
Data(x=[27, 11], edge_index=[2, 12], edge_attr=[12, 2], y=2.0, custom_label=0.2857143, min_label=0, max_label=7, instance_name='p24.txt');0.2857142984867096;0.12872625887393951;0.04683561250567436;0.03679678961634636
Data(x=[27, 11], edge_index=[2, 12], edge_attr=[12, 2], y=1.0, custom_label=0.14285715, min_label=0, max_label=7, instance_name='p24.txt');0.1428571492433548;0.1287262737751007;0.04683561250567436;0.03679678961634636
Data(x=[27, 11], edge_index=[2, 12], edge_attr=[12, 2], y=0.0, custom_label=0.0, min_label=0, max_label=7, instance_name='p24.txt');0.0;0.00017981235578190535;5.249226546766295e-07;0.03679678961634636
Data(x=[20, 11], edge_index=[2, 12], edge_attr=[12, 2], y=0.0, custom_label=0.0, min_label=0, max_label=7, instance_name='p24.txt');0.0;7.715259926044382e-06;1.033539831496455e-07;0.03679678961634636
Data(x=[24, 11], edge_index=[2, 12], edge_attr=[12, 2], y=4.0, custom_label=0.5714286, min_label=0, max_label=7, instance_name='p24.txt');0.5714285969734192;0.016232214868068695;0.0076724933460354805;0.03679678961634636
Data(x=[24, 11], edge_index=[2, 12], edge_attr=[12, 2], y=3.0, custom_label=0.42857143, min_label=0, max_label=7, instance_name='p24.txt');0.4285714328289032;0.03638119623064995;0.03107731230556965;0.03679678961634636
Data(x=[24, 11], edge_index=[2, 12], edge_attr=[12, 2], y=2.0, custom_label=0.2857143, min_label=0, max_label=7, instance_name='p24.txt');0.2857142984867096;0.007475505582988262;0.10853619873523712;0.03679678961634636
Data(x=[24, 11], edge_index=[2, 12], edge_attr=[12, 2], y=1.0, custom_label=0.14285715, min_label=0, max_label=7, instance_name='p24.txt');0.1428571492433548;0.03638119623064995;0.03107731230556965;0.03679678961634636
Data(x=[24, 11], edge_index=[2, 12], edge_attr=[12, 2], y=0.0, custom_label=0.0, min_label=0, max_label=7, instance_name='p24.txt');0.0;5.745065209339373e-06;5.979958928037377e-08;0.03679678961634636
Data(x=[24, 11], edge_index=[2, 12], edge_attr=[12, 2], y=0.0, custom_label=0.0, min_label=0, max_label=7, instance_name='p24.txt');0.0;5.0521862249297556e-06;1.1685678913408992e-07;0.03679678961634636
Data(x=[22, 11], edge_index=[2, 12], edge_attr=[12, 2], y=0.0, custom_label=0.0, min_label=0, max_label=7, instance_name='p24.txt');0.0;1.2066544513800181e-05;4.5698108408487315e-08;0.03679678961634636
Data(x=[25, 11], edge_index=[2, 12], edge_attr=[12, 2], y=0.0, custom_label=0.0, min_label=0, max_label=7, instance_name='p24.txt');0.0;6.666723493253812e-05;2.75144941497274e-07;0.03679678961634636
Data(x=[27, 11], edge_index=[2, 12], edge_attr=[12, 2], y=0.0, custom_label=0.0, min_label=0, max_label=7, instance_name='p24.txt');0.0;6.665121327387169e-05;1.2164186955487821e-06;0.03679678961634636
Data(x=[27, 11], edge_index=[2, 12], edge_attr=[12, 2], y=0.0, custom_label=0.0, min_label=0, max_label=7, instance_name='p24.txt');0.0;0.000972868234384805;5.697818750149963e-08;0.03679678961634636
Data(x=[26, 11], edge_index=[2, 12], edge_attr=[12, 2], y=0.0, custom_label=0.0, min_label=0, max_label=7, instance_name='p24.txt');0.0;0.00022703058493789285;1.132015512439466e-07;0.03679678961634636
Data(x=[27, 11], edge_index=[2, 12], edge_attr=[12, 2], y=0.0, custom_label=0.0, min_label=0, max_label=7, instance_name='p24.txt');0.0;0.00034936165320686996;1.7846252831077436e-07;0.0
Data(x=[23, 11], edge_index=[2, 12], edge_attr=[12, 2], y=0.0, custom_label=0.0, min_label=0, max_label=7, instance_name='p24.txt');0.0;3.0858077479933854e-06;2.7029619431573337e-08;2.9460878889235017e-31
Data(x=[23, 11], edge_index=[2, 12], edge_attr=[12, 2], y=0.0, custom_label=0.0, min_label=0, max_label=8, instance_name='p25.txt');0.0;5.4303291108226404e-05;5.480311529026949e-07;0.0
Data(x=[23, 11], edge_index=[2, 12], edge_attr=[12, 2], y=0.0, custom_label=0.0, min_label=0, max_label=8, instance_name='p25.txt');0.0;2.1565518181887455e-05;1.086473844225111e-07;6.701167094355508e-32
Data(x=[24, 11], edge_index=[2, 12], edge_attr=[12, 2], y=0.0, custom_label=0.0, min_label=0, max_label=8, instance_name='p25.txt');0.0;5.504140062839724e-06;7.476310059928437e-08;0.03679678961634636
Data(x=[26, 11], edge_index=[2, 12], edge_attr=[12, 2], y=0.0, custom_label=0.0, min_label=0, max_label=8, instance_name='p25.txt');0.0;1.86853067134507e-05;1.6134005420553876e-07;0.0
Data(x=[22, 11], edge_index=[2, 12], edge_attr=[12, 2], y=0.0, custom_label=0.0, min_label=0, max_label=8, instance_name='p25.txt');0.0;2.7364123525330797e-05;1.211581679427809e-08;6.701167094355508e-32
Data(x=[23, 11], edge_index=[2, 12], edge_attr=[12, 2], y=0.0, custom_label=0.0, min_label=0, max_label=8, instance_name='p25.txt');0.0;4.977026765118353e-05;2.2783723352404195e-08;0.0
Data(x=[24, 11], edge_index=[2, 12], edge_attr=[12, 2], y=0.0, custom_label=0.0, min_label=0, max_label=8, instance_name='p25.txt');0.0;5.745065209339373e-06;5.979970296721149e-08;1.161746383218574e-24
Data(x=[26, 11], edge_index=[2, 12], edge_attr=[12, 2], y=0.0, custom_label=0.0, min_label=0, max_label=8, instance_name='p25.txt');0.0;3.6088207707507536e-05;1.543099756418087e-06;0.0
Data(x=[26, 11], edge_index=[2, 12], edge_attr=[12, 2], y=0.0, custom_label=0.0, min_label=0, max_label=8, instance_name='p25.txt');0.0;3.9057209505699575e-05;1.0219026762570138e-06;0.03679678961634636
Data(x=[24, 11], edge_index=[2, 12], edge_attr=[12, 2], y=0.0, custom_label=0.0, min_label=0, max_label=8, instance_name='p25.txt');0.0;5.504140062839724e-06;7.476310059928437e-08;0.0
Data(x=[21, 11], edge_index=[2, 12], edge_attr=[12, 2], y=0.0, custom_label=0.0, min_label=0, max_label=8, instance_name='p25.txt');0.0;5.83548057875305e-07;1.5771773220762952e-08;0.0
Data(x=[24, 11], edge_index=[2, 12], edge_attr=[12, 2], y=3.0, custom_label=0.375, min_label=0, max_label=8, instance_name='p25.txt');0.375;0.016232207417488098;0.007672490086406469;2.9734562185970865e-31
Data(x=[24, 11], edge_index=[2, 12], edge_attr=[12, 2], y=2.0, custom_label=0.25, min_label=0, max_label=8, instance_name='p25.txt');0.25;0.03638118505477905;0.03107731230556965;2.9734562185970865e-31
Data(x=[24, 11], edge_index=[2, 12], edge_attr=[12, 2], y=1.0, custom_label=0.125, min_label=0, max_label=8, instance_name='p25.txt');0.125;0.03638118505477905;0.03107731230556965;2.9734562185970865e-31
Data(x=[24, 11], edge_index=[2, 12], edge_attr=[12, 2], y=0.0, custom_label=0.0, min_label=0, max_label=8, instance_name='p25.txt');0.0;5.745071121054934e-06;5.979958928037377e-08;0.0
Data(x=[30, 11], edge_index=[2, 12], edge_attr=[12, 2], y=0.0, custom_label=0.0, min_label=0, max_label=8, instance_name='p25.txt');0.0;0.00023339361359830946;3.91774165109382e-06;4.900197955873354e-22
Data(x=[28, 11], edge_index=[2, 12], edge_attr=[12, 2], y=0.0, custom_label=0.0, min_label=0, max_label=8, instance_name='p25.txt');0.0;0.0002718851319514215;3.67149795010846e-08;0.03679678961634636
Data(x=[23, 11], edge_index=[2, 12], edge_attr=[12, 2], y=0.0, custom_label=0.0, min_label=0, max_label=8, instance_name='p25.txt');0.0;2.243935341539327e-05;1.987169984118964e-09;0.0
Data(x=[23, 11], edge_index=[2, 12], edge_attr=[12, 2], y=0.0, custom_label=0.0, min_label=0, max_label=8, instance_name='p25.txt');0.0;2.1751677195425145e-05;1.0228733060557715e-07;6.701167094355508e-32
Data(x=[26, 11], edge_index=[2, 12], edge_attr=[12, 2], y=0.0, custom_label=0.0, min_label=0, max_label=8, instance_name='p25.txt');0.0;1.79612725332845e-05;1.982740087669299e-07;6.701167094355508e-32
Data(x=[29, 11], edge_index=[2, 12], edge_attr=[12, 2], y=0.0, custom_label=0.0, min_label=0, max_label=8, instance_name='p25.txt');0.0;0.00015087008068803698;3.4862682696257252e-06;0.03679678961634636
Data(x=[22, 11], edge_index=[2, 12], edge_attr=[12, 2], y=0.0, custom_label=0.0, min_label=0, max_label=8, instance_name='p25.txt');0.0;3.7472916574188275e-06;1.0072091072288458e-07;0.03679678961634636
Data(x=[30, 11], edge_index=[2, 12], edge_attr=[12, 2], y=8.0, custom_label=1.0, min_label=0, max_label=8, instance_name='p25.txt');1.0;0.13319429755210876;0.04882209375500679;0.03679678961634636
Data(x=[30, 11], edge_index=[2, 12], edge_attr=[12, 2], y=7.0, custom_label=0.875, min_label=0, max_label=8, instance_name='p25.txt');0.875;0.13319429755210876;0.04882209375500679;0.03679678961634636
Data(x=[30, 11], edge_index=[2, 12], edge_attr=[12, 2], y=6.0, custom_label=0.75, min_label=0, max_label=8, instance_name='p25.txt');0.75;0.13319429755210876;0.04882209375500679;0.03679678961634636
Data(x=[30, 11], edge_index=[2, 12], edge_attr=[12, 2], y=5.0, custom_label=0.625, min_label=0, max_label=8, instance_name='p25.txt');0.625;0.13319429755210876;0.04882209375500679;0.03679678961634636
Data(x=[30, 11], edge_index=[2, 12], edge_attr=[12, 2], y=4.0, custom_label=0.5, min_label=0, max_label=8, instance_name='p25.txt');0.5;0.13319429755210876;0.04882209375500679;0.03679678961634636
Data(x=[30, 11], edge_index=[2, 12], edge_attr=[12, 2], y=3.0, custom_label=0.375, min_label=0, max_label=8, instance_name='p25.txt');0.375;0.13319429755210876;0.04882209375500679;0.03679678961634636
Data(x=[30, 11], edge_index=[2, 12], edge_attr=[12, 2], y=2.0, custom_label=0.25, min_label=0, max_label=8, instance_name='p25.txt');0.25;0.13319429755210876;0.04882209375500679;0.03679678961634636
Data(x=[30, 11], edge_index=[2, 12], edge_attr=[12, 2], y=1.0, custom_label=0.125, min_label=0, max_label=8, instance_name='p25.txt');0.125;0.13319429755210876;0.04882209375500679;0.03679678961634636
Data(x=[30, 11], edge_index=[2, 12], edge_attr=[12, 2], y=0.0, custom_label=0.0, min_label=0, max_label=8, instance_name='p25.txt');0.0;0.0028270790353417397;5.416014391812496e-05;0.03679678961634636
Data(x=[29, 11], edge_index=[2, 12], edge_attr=[12, 2], y=0.0, custom_label=0.0, min_label=0, max_label=8, instance_name='p25.txt');0.0;0.00016193519695661962;2.4087335077638272e-06;0.03679678961634636
Data(x=[25, 11], edge_index=[2, 12], edge_attr=[12, 2], y=0.0, custom_label=0.0, min_label=0, max_label=8, instance_name='p25.txt');0.0;2.28475546464324e-05;6.832473218310042e-07;0.0
Data(x=[26, 11], edge_index=[2, 12], edge_attr=[12, 2], y=0.0, custom_label=0.0, min_label=0, max_label=8, instance_name='p25.txt');0.0;0.00024521208251826465;1.8811934978657519e-06;0.03679678961634636
Data(x=[25, 11], edge_index=[2, 12], edge_attr=[12, 2], y=0.0, custom_label=0.0, min_label=0, max_label=8, instance_name='p25.txt');0.0;0.00014823567471466959;1.5966656974342186e-06;0.03679678961634636
Data(x=[22, 11], edge_index=[2, 12], edge_attr=[12, 2], y=0.0, custom_label=0.0, min_label=0, max_label=8, instance_name='p25.txt');0.0;3.257068328821333e-06;2.091681778892962e-07;4.900197955873354e-22
Data(x=[24, 11], edge_index=[2, 12], edge_attr=[12, 2], y=0.0, custom_label=0.0, min_label=0, max_label=8, instance_name='p25.txt');0.0;3.846542313112877e-05;4.907057871150755e-09;6.701167094355508e-32
Data(x=[28, 11], edge_index=[2, 12], edge_attr=[12, 2], y=3.0, custom_label=0.375, min_label=0, max_label=8, instance_name='p25.txt');0.375;0.15715810656547546;0.06661563366651535;0.03679678961634636
Data(x=[28, 11], edge_index=[2, 12], edge_attr=[12, 2], y=2.0, custom_label=0.25, min_label=0, max_label=8, instance_name='p25.txt');0.25;0.15715810656547546;0.06661563366651535;0.03679678961634636
Data(x=[28, 11], edge_index=[2, 12], edge_attr=[12, 2], y=1.0, custom_label=0.125, min_label=0, max_label=8, instance_name='p25.txt');0.125;0.15715810656547546;0.06661563366651535;0.03679678961634636
Data(x=[28, 11], edge_index=[2, 12], edge_attr=[12, 2], y=0.0, custom_label=0.0, min_label=0, max_label=8, instance_name='p25.txt');0.0;0.0005850694142282009;2.9094396722939564e-06;0.03679678961634636
Data(x=[28, 11], edge_index=[2, 12], edge_attr=[12, 2], y=0.0, custom_label=0.0, min_label=0, max_label=8, instance_name='p25.txt');0.0;0.00010551767627475783;1.7322254279861227e-06;6.701167094355508e-32
Data(x=[29, 11], edge_index=[2, 12], edge_attr=[12, 2], y=5.0, custom_label=0.625, min_label=0, max_label=8, instance_name='p25.txt');0.625;0.0500374361872673;0.011114940047264099;4.900197955873354e-22
Data(x=[29, 11], edge_index=[2, 12], edge_attr=[12, 2], y=4.0, custom_label=0.5, min_label=0, max_label=8, instance_name='p25.txt');0.5;0.0282756220549345;0.11169976741075516;4.900197955873354e-22
Data(x=[29, 11], edge_index=[2, 12], edge_attr=[12, 2], y=3.0, custom_label=0.375, min_label=0, max_label=8, instance_name='p25.txt');0.375;0.33260294795036316;0.18877515196800232;4.900197955873354e-22
Data(x=[29, 11], edge_index=[2, 12], edge_attr=[12, 2], y=2.0, custom_label=0.25, min_label=0, max_label=8, instance_name='p25.txt');0.25;0.07981240749359131;0.036548059433698654;4.900197955873354e-22
Data(x=[29, 11], edge_index=[2, 12], edge_attr=[12, 2], y=1.0, custom_label=0.125, min_label=0, max_label=8, instance_name='p25.txt');0.125;0.07981240749359131;0.036548059433698654;4.900197955873354e-22
Data(x=[29, 11], edge_index=[2, 12], edge_attr=[12, 2], y=0.0, custom_label=0.0, min_label=0, max_label=8, instance_name='p25.txt');0.0;7.805704808561131e-05;6.66984021790995e-07;4.900197955873354e-22
Data(x=[23, 11], edge_index=[2, 12], edge_attr=[12, 2], y=0.0, custom_label=0.0, min_label=0, max_label=8, instance_name='p25.txt');0.0;0.0001567025319673121;8.002049689537216e-09;0.0
Data(x=[28, 11], edge_index=[2, 12], edge_attr=[12, 2], y=0.0, custom_label=0.0, min_label=0, max_label=8, instance_name='p25.txt');0.0;0.00010171991016250104;2.097772039633128e-06;0.0
Data(x=[22, 11], edge_index=[2, 12], edge_attr=[12, 2], y=0.0, custom_label=0.0, min_label=0, max_label=8, instance_name='p25.txt');0.0;3.257068328821333e-06;2.091681778892962e-07;4.900197955873354e-22
Data(x=[26, 11], edge_index=[2, 12], edge_attr=[12, 2], y=0.0, custom_label=0.0, min_label=0, max_label=8, instance_name='p25.txt');0.0;4.063206506543793e-05;8.315462878272228e-07;0.03679678961634636
Data(x=[27, 11], edge_index=[2, 12], edge_attr=[12, 2], y=0.0, custom_label=0.0, min_label=0, max_label=8, instance_name='p25.txt');0.0;3.157472747261636e-05;2.5095681621678523e-07;0.03679678961634636
Data(x=[23, 11], edge_index=[2, 12], edge_attr=[12, 2], y=0.0, custom_label=0.0, min_label=0, max_label=8, instance_name='p25.txt');0.0;2.8218898933118908e-06;4.3079754874497667e-08;2.9460878889235017e-31
Data(x=[32, 11], edge_index=[2, 12], edge_attr=[12, 2], y=7.0, custom_label=0.875, min_label=0, max_label=8, instance_name='p25.txt');0.875;0.09733704477548599;0.032775890082120895;2.9734562185970865e-31
Data(x=[32, 11], edge_index=[2, 12], edge_attr=[12, 2], y=6.0, custom_label=0.75, min_label=0, max_label=8, instance_name='p25.txt');0.75;0.09733704477548599;0.032775890082120895;2.9734562185970865e-31
Data(x=[32, 11], edge_index=[2, 12], edge_attr=[12, 2], y=5.0, custom_label=0.625, min_label=0, max_label=8, instance_name='p25.txt');0.625;0.09733704477548599;0.032775890082120895;2.9734562185970865e-31
Data(x=[32, 11], edge_index=[2, 12], edge_attr=[12, 2], y=4.0, custom_label=0.5, min_label=0, max_label=8, instance_name='p25.txt');0.5;0.09733704477548599;0.032775890082120895;2.9734562185970865e-31
Data(x=[32, 11], edge_index=[2, 12], edge_attr=[12, 2], y=3.0, custom_label=0.375, min_label=0, max_label=8, instance_name='p25.txt');0.375;0.09733704477548599;0.03277590870857239;2.9734562185970865e-31
Data(x=[32, 11], edge_index=[2, 12], edge_attr=[12, 2], y=2.0, custom_label=0.25, min_label=0, max_label=8, instance_name='p25.txt');0.25;0.05005768686532974;0.10889728367328644;2.9734562185970865e-31
Data(x=[32, 11], edge_index=[2, 12], edge_attr=[12, 2], y=1.0, custom_label=0.125, min_label=0, max_label=8, instance_name='p25.txt');0.125;0.0973370298743248;0.032775890082120895;2.9734562185970865e-31
Data(x=[32, 11], edge_index=[2, 12], edge_attr=[12, 2], y=0.0, custom_label=0.0, min_label=0, max_label=8, instance_name='p25.txt');0.0;0.0002656704164110124;1.5118023384275148e-06;2.9734562185970865e-31
Data(x=[21, 11], edge_index=[2, 12], edge_attr=[12, 2], y=0.0, custom_label=0.0, min_label=0, max_label=8, instance_name='p25.txt');0.0;1.6854662590048974e-06;7.231128762441585e-08;4.900197955873354e-22
Data(x=[22, 11], edge_index=[2, 12], edge_attr=[12, 2], y=0.0, custom_label=0.0, min_label=0, max_label=8, instance_name='p25.txt');0.0;3.4129027426388348e-06;1.6395316038142482e-07;0.0
Data(x=[29, 11], edge_index=[2, 12], edge_attr=[12, 2], y=0.0, custom_label=0.0, min_label=0, max_label=8, instance_name='p25.txt');0.0;0.00016776852135080844;2.002175961024477e-06;0.03679678961634636
Data(x=[28, 11], edge_index=[2, 12], edge_attr=[12, 2], y=0.0, custom_label=0.0, min_label=0, max_label=8, instance_name='p25.txt');0.0;0.0005027369479648769;3.2979218644868524e-07;0.0
Data(x=[26, 11], edge_index=[2, 12], edge_attr=[12, 2], y=6.0, custom_label=0.75, min_label=0, max_label=8, instance_name='p25.txt');0.75;0.055119242519140244;0.03163982555270195;0.0
Data(x=[26, 11], edge_index=[2, 12], edge_attr=[12, 2], y=5.0, custom_label=0.625, min_label=0, max_label=8, instance_name='p25.txt');0.625;0.091746024787426;0.05704202130436897;0.0
Data(x=[26, 11], edge_index=[2, 12], edge_attr=[12, 2], y=4.0, custom_label=0.5, min_label=0, max_label=8, instance_name='p25.txt');0.5;0.09174605458974838;0.05704202130436897;0.0
Data(x=[26, 11], edge_index=[2, 12], edge_attr=[12, 2], y=3.0, custom_label=0.375, min_label=0, max_label=8, instance_name='p25.txt');0.375;0.091746024787426;0.05704202130436897;0.0
Data(x=[26, 11], edge_index=[2, 12], edge_attr=[12, 2], y=2.0, custom_label=0.25, min_label=0, max_label=8, instance_name='p25.txt');0.25;0.09174605458974838;0.05704202130436897;0.0
Data(x=[26, 11], edge_index=[2, 12], edge_attr=[12, 2], y=1.0, custom_label=0.125, min_label=0, max_label=8, instance_name='p25.txt');0.125;0.15508915483951569;0.019057387486100197;0.0
Data(x=[26, 11], edge_index=[2, 12], edge_attr=[12, 2], y=0.0, custom_label=0.0, min_label=0, max_label=8, instance_name='p25.txt');0.0;0.0002456899674143642;7.493870413100012e-08;0.0
Data(x=[26, 11], edge_index=[2, 12], edge_attr=[12, 2], y=0.0, custom_label=0.0, min_label=0, max_label=8, instance_name='p25.txt');0.0;1.7961254343390465e-05;1.982740087669299e-07;5.218116193696491e-25
Data(x=[25, 11], edge_index=[2, 12], edge_attr=[12, 2], y=0.0, custom_label=0.0, min_label=0, max_label=8, instance_name='p25.txt');0.0;2.3806756871636026e-05;5.514094709724304e-07;0.03679678961634636
Data(x=[26, 11], edge_index=[2, 12], edge_attr=[12, 2], y=0.0, custom_label=0.0, min_label=0, max_label=8, instance_name='p25.txt');0.0;0.00023571675410494208;2.31140529649565e-06;0.03679678961634636
Data(x=[30, 11], edge_index=[2, 12], edge_attr=[12, 2], y=0.0, custom_label=0.0, min_label=0, max_label=8, instance_name='p25.txt');0.0;0.0005702700582332909;1.8398794736640411e-06;2.9734562185970865e-31
Data(x=[27, 11], edge_index=[2, 12], edge_attr=[12, 2], y=0.0, custom_label=0.0, min_label=0, max_label=8, instance_name='p25.txt');0.0;0.00034936165320686996;1.7846269884103094e-07;0.0
Data(x=[26, 11], edge_index=[2, 12], edge_attr=[12, 2], y=2.0, custom_label=0.25, min_label=0, max_label=8, instance_name='p25.txt');0.25;0.09315937012434006;0.0011067220475524664;0.03679678961634636
Data(x=[26, 11], edge_index=[2, 12], edge_attr=[12, 2], y=1.0, custom_label=0.125, min_label=0, max_label=8, instance_name='p25.txt');0.125;0.12319070845842361;0.0055586956441402435;0.03679678961634636
Data(x=[26, 11], edge_index=[2, 12], edge_attr=[12, 2], y=0.0, custom_label=0.0, min_label=0, max_label=8, instance_name='p25.txt');0.0;0.00010393921547802165;1.975991104075092e-08;0.03679678961634636
Data(x=[20, 11], edge_index=[2, 12], edge_attr=[12, 2], y=0.0, custom_label=0.0, min_label=0, max_label=8, instance_name='p25.txt');0.0;2.5468258968430746e-07;5.920837153894354e-09;0.0
Data(x=[28, 11], edge_index=[2, 12], edge_attr=[12, 2], y=0.0, custom_label=0.0, min_label=0, max_label=8, instance_name='p25.txt');0.0;5.1390430598985404e-05;3.7832140264981717e-07;7.030002885296269e-16
Data(x=[26, 11], edge_index=[2, 12], edge_attr=[12, 2], y=1.0, custom_label=0.125, min_label=0, max_label=8, instance_name='p25.txt');0.125;0.08801497519016266;0.06399090588092804;6.701167094355508e-32
Data(x=[26, 11], edge_index=[2, 12], edge_attr=[12, 2], y=0.0, custom_label=0.0, min_label=0, max_label=8, instance_name='p25.txt');0.0;3.75433883164078e-05;1.2558351727420813e-06;0.03679678961634636
Data(x=[26, 11], edge_index=[2, 12], edge_attr=[12, 2], y=0.0, custom_label=0.0, min_label=0, max_label=8, instance_name='p25.txt');0.0;1.79612725332845e-05;1.982740087669299e-07;0.03679678961634636
Data(x=[27, 11], edge_index=[2, 12], edge_attr=[12, 2], y=6.0, custom_label=0.75, min_label=0, max_label=8, instance_name='p25.txt');0.75;0.1541905552148819;0.182307630777359;0.03679678961634636
Data(x=[27, 11], edge_index=[2, 12], edge_attr=[12, 2], y=5.0, custom_label=0.625, min_label=0, max_label=8, instance_name='p25.txt');0.625;0.1541905552148819;0.1823076456785202;0.03679678961634636
Data(x=[27, 11], edge_index=[2, 12], edge_attr=[12, 2], y=4.0, custom_label=0.5, min_label=0, max_label=8, instance_name='p25.txt');0.5;0.1541905552148819;0.182307630777359;0.03679678961634636
Data(x=[27, 11], edge_index=[2, 12], edge_attr=[12, 2], y=3.0, custom_label=0.375, min_label=0, max_label=8, instance_name='p25.txt');0.375;0.1541905552148819;0.1823076456785202;0.03679678961634636
Data(x=[27, 11], edge_index=[2, 12], edge_attr=[12, 2], y=2.0, custom_label=0.25, min_label=0, max_label=8, instance_name='p25.txt');0.25;0.1541905552148819;0.182307630777359;0.03679678961634636
Data(x=[27, 11], edge_index=[2, 12], edge_attr=[12, 2], y=1.0, custom_label=0.125, min_label=0, max_label=8, instance_name='p25.txt');0.125;0.1541905552148819;0.023110708221793175;0.03679678961634636
Data(x=[27, 11], edge_index=[2, 12], edge_attr=[12, 2], y=0.0, custom_label=0.0, min_label=0, max_label=8, instance_name='p25.txt');0.0;6.416180258383974e-05;1.4835119372946792e-06;0.03679678961634636
Data(x=[31, 11], edge_index=[2, 12], edge_attr=[12, 2], y=1.0, custom_label=0.125, min_label=0, max_label=8, instance_name='p25.txt');0.125;0.06571564823389053;0.011731230653822422;0.0
Data(x=[31, 11], edge_index=[2, 12], edge_attr=[12, 2], y=0.0, custom_label=0.0, min_label=0, max_label=8, instance_name='p25.txt');0.0;0.000805958523415029;2.499713218639954e-06;0.0
Data(x=[29, 11], edge_index=[2, 12], edge_attr=[12, 2], y=5.0, custom_label=0.625, min_label=0, max_label=8, instance_name='p25.txt');0.625;0.3645021915435791;0.20315515995025635;0.03679678961634636
Data(x=[29, 11], edge_index=[2, 12], edge_attr=[12, 2], y=4.0, custom_label=0.5, min_label=0, max_label=8, instance_name='p25.txt');0.5;0.11033274233341217;0.05871967971324921;0.03679678961634636
Data(x=[29, 11], edge_index=[2, 12], edge_attr=[12, 2], y=3.0, custom_label=0.375, min_label=0, max_label=8, instance_name='p25.txt');0.375;0.3645021915435791;0.20315515995025635;0.03679678961634636
Data(x=[29, 11], edge_index=[2, 12], edge_attr=[12, 2], y=2.0, custom_label=0.25, min_label=0, max_label=8, instance_name='p25.txt');0.25;0.11033271998167038;0.05871967971324921;0.03679678961634636
Data(x=[29, 11], edge_index=[2, 12], edge_attr=[12, 2], y=1.0, custom_label=0.125, min_label=0, max_label=8, instance_name='p25.txt');0.125;0.11033271998167038;0.05871967971324921;0.03679678961634636
Data(x=[29, 11], edge_index=[2, 12], edge_attr=[12, 2], y=0.0, custom_label=0.0, min_label=0, max_label=8, instance_name='p25.txt');0.0;0.00016193519695661962;2.4087335077638272e-06;0.03679678961634636
Data(x=[28, 11], edge_index=[2, 12], edge_attr=[12, 2], y=0.0, custom_label=0.0, min_label=0, max_label=6, instance_name='p26.txt');0.0;4.953938696417026e-05;4.581571317885391e-07;0.03679678961634636
Data(x=[27, 11], edge_index=[2, 12], edge_attr=[12, 2], y=0.0, custom_label=0.0, min_label=0, max_label=6, instance_name='p26.txt');0.0;6.923721957718953e-05;9.974166914616944e-07;0.03679678961634636
Data(x=[25, 11], edge_index=[2, 12], edge_attr=[12, 2], y=0.0, custom_label=0.0, min_label=0, max_label=6, instance_name='p26.txt');0.0;1.0604436283756513e-05;1.0019417828743826e-07;0.03679678961634636
Data(x=[22, 11], edge_index=[2, 12], edge_attr=[12, 2], y=0.0, custom_label=0.0, min_label=0, max_label=6, instance_name='p26.txt');0.0;1.3614849194709677e-06;2.3609945998259718e-08;3.022583521757888e-33
Data(x=[28, 11], edge_index=[2, 12], edge_attr=[12, 2], y=0.0, custom_label=0.0, min_label=0, max_label=6, instance_name='p26.txt');0.0;0.00010171991016250104;2.097772039633128e-06;0.03679678961634636
Data(x=[24, 11], edge_index=[2, 12], edge_attr=[12, 2], y=2.0, custom_label=0.33333334, min_label=0, max_label=6, instance_name='p26.txt');0.3333333432674408;0.007797558326274157;0.10496846586465836;0.0
Data(x=[24, 11], edge_index=[2, 12], edge_attr=[12, 2], y=1.0, custom_label=0.16666667, min_label=0, max_label=6, instance_name='p26.txt');0.1666666716337204;0.03783544898033142;0.026773741468787193;0.0
Data(x=[24, 11], edge_index=[2, 12], edge_attr=[12, 2], y=0.0, custom_label=0.0, min_label=0, max_label=6, instance_name='p26.txt');0.0;5.9965364016534295e-06;4.782922147228419e-08;0.0
Data(x=[24, 11], edge_index=[2, 12], edge_attr=[12, 2], y=0.0, custom_label=0.0, min_label=0, max_label=6, instance_name='p26.txt');0.0;1.3339653378352523e-05;3.533398853505787e-07;0.03679678961634636
Data(x=[29, 11], edge_index=[2, 12], edge_attr=[12, 2], y=0.0, custom_label=0.0, min_label=0, max_label=6, instance_name='p26.txt');0.0;0.00040814385283738375;1.1021039654224296e-06;5.218116193696491e-25
Data(x=[25, 11], edge_index=[2, 12], edge_attr=[12, 2], y=0.0, custom_label=0.0, min_label=0, max_label=6, instance_name='p26.txt');0.0;2.3806756871636026e-05;5.514094709724304e-07;0.03679678961634636
Data(x=[25, 11], edge_index=[2, 12], edge_attr=[12, 2], y=0.0, custom_label=0.0, min_label=0, max_label=6, instance_name='p26.txt');0.0;2.1043495507910848e-05;1.0488465704838745e-06;2.9734562185970865e-31
Data(x=[28, 11], edge_index=[2, 12], edge_attr=[12, 2], y=0.0, custom_label=0.0, min_label=0, max_label=6, instance_name='p26.txt');0.0;5.1390430598985404e-05;3.7832140264981717e-07;0.0
Data(x=[25, 11], edge_index=[2, 12], edge_attr=[12, 2], y=0.0, custom_label=0.0, min_label=0, max_label=6, instance_name='p26.txt');0.0;1.1049644854210783e-05;8.08569993182573e-08;0.03679678961634636
Data(x=[27, 11], edge_index=[2, 12], edge_attr=[12, 2], y=0.0, custom_label=0.0, min_label=0, max_label=6, instance_name='p26.txt');0.0;0.0003936378634534776;2.081381580865127e-06;0.03679678961634636
Data(x=[26, 11], edge_index=[2, 12], edge_attr=[12, 2], y=0.0, custom_label=0.0, min_label=0, max_label=6, instance_name='p26.txt');0.0;1.86853067134507e-05;1.6134021052494063e-07;0.03679678961634636
Data(x=[31, 11], edge_index=[2, 12], edge_attr=[12, 2], y=0.0, custom_label=0.0, min_label=0, max_label=6, instance_name='p26.txt');0.0;0.00017737892630975693;1.3144643844498205e-06;0.03679678961634636
Data(x=[31, 11], edge_index=[2, 12], edge_attr=[12, 2], y=0.0, custom_label=0.0, min_label=0, max_label=6, instance_name='p26.txt');0.0;0.0003395897801965475;5.1945553423138335e-06;0.03679678961634636
Data(x=[28, 11], edge_index=[2, 12], edge_attr=[12, 2], y=0.0, custom_label=0.0, min_label=0, max_label=6, instance_name='p26.txt');0.0;5.33107049704995e-05;3.123904548374412e-07;0.03679678961634636
Data(x=[24, 11], edge_index=[2, 12], edge_attr=[12, 2], y=0.0, custom_label=0.0, min_label=0, max_label=6, instance_name='p26.txt');0.0;8.96834462764673e-05;1.0694535603761324e-06;0.0
Data(x=[26, 11], edge_index=[2, 12], edge_attr=[12, 2], y=0.0, custom_label=0.0, min_label=0, max_label=6, instance_name='p26.txt');0.0;3.75433883164078e-05;1.255832899005327e-06;4.900197955873354e-22
Data(x=[24, 11], edge_index=[2, 12], edge_attr=[12, 2], y=0.0, custom_label=0.0, min_label=0, max_label=6, instance_name='p26.txt');0.0;5.745065209339373e-06;5.979958928037377e-08;0.03679678961634636
Data(x=[25, 11], edge_index=[2, 12], edge_attr=[12, 2], y=2.0, custom_label=0.33333334, min_label=0, max_label=6, instance_name='p26.txt');0.3333333432674408;0.04265575110912323;0.04037301242351532;0.0
Data(x=[25, 11], edge_index=[2, 12], edge_attr=[12, 2], y=1.0, custom_label=0.16666667, min_label=0, max_label=6, instance_name='p26.txt');0.1666666716337204;0.07808003574609756;0.06317667663097382;0.0
Data(x=[25, 11], edge_index=[2, 12], edge_attr=[12, 2], y=0.0, custom_label=0.0, min_label=0, max_label=6, instance_name='p26.txt');0.0;2.1926980480202474e-05;8.46607349558326e-07;0.0
Data(x=[27, 11], edge_index=[2, 12], edge_attr=[12, 2], y=0.0, custom_label=0.0, min_label=0, max_label=6, instance_name='p26.txt');0.0;6.176529132062569e-05;1.8092486016030307e-06;6.701167094355508e-32
Data(x=[26, 11], edge_index=[2, 12], edge_attr=[12, 2], y=3.0, custom_label=0.5, min_label=0, max_label=6, instance_name='p26.txt');0.5;0.055119242519140244;0.03163982555270195;0.03679678961634636
Data(x=[26, 11], edge_index=[2, 12], edge_attr=[12, 2], y=2.0, custom_label=0.33333334, min_label=0, max_label=6, instance_name='p26.txt');0.3333333432674408;0.013816977851092815;0.1085931733250618;0.03679678961634636
Data(x=[26, 11], edge_index=[2, 12], edge_attr=[12, 2], y=1.0, custom_label=0.16666667, min_label=0, max_label=6, instance_name='p26.txt');0.1666666716337204;0.12600483000278473;0.00411994569003582;0.03679678961634636
Data(x=[26, 11], edge_index=[2, 12], edge_attr=[12, 2], y=0.0, custom_label=0.0, min_label=0, max_label=6, instance_name='p26.txt');0.0;1.86853067134507e-05;1.6134005420553876e-07;0.03679678961634636
Data(x=[23, 11], edge_index=[2, 12], edge_attr=[12, 2], y=0.0, custom_label=0.0, min_label=0, max_label=6, instance_name='p26.txt');0.0;2.950899443021626e-06;3.4124223446951873e-08;6.701167094355508e-32
Data(x=[28, 11], edge_index=[2, 12], edge_attr=[12, 2], y=0.0, custom_label=0.0, min_label=0, max_label=6, instance_name='p26.txt');0.0;0.00025548264966346323;1.1303656037853216e-06;6.701167094355508e-32
Data(x=[28, 11], edge_index=[2, 12], edge_attr=[12, 2], y=0.0, custom_label=0.0, min_label=0, max_label=6, instance_name='p26.txt');0.0;0.0002650194801390171;9.333930961474834e-07;0.0
Data(x=[23, 11], edge_index=[2, 12], edge_attr=[12, 2], y=0.0, custom_label=0.0, min_label=0, max_label=6, instance_name='p26.txt');0.0;3.0858077479933854e-06;2.7029619431573337e-08;0.03679678961634636
Data(x=[30, 11], edge_index=[2, 12], edge_attr=[12, 2], y=0.0, custom_label=0.0, min_label=0, max_label=6, instance_name='p26.txt');0.0;0.0002499195106793195;2.7404116735851858e-06;0.03679678961634636
Data(x=[26, 11], edge_index=[2, 12], edge_attr=[12, 2], y=0.0, custom_label=0.0, min_label=0, max_label=6, instance_name='p26.txt');0.0;1.86853067134507e-05;1.6134021052494063e-07;6.701167094355508e-32
Data(x=[22, 11], edge_index=[2, 12], edge_attr=[12, 2], y=0.0, custom_label=0.0, min_label=0, max_label=6, instance_name='p26.txt');0.0;3.5761925119004445e-06;1.2850485120452504e-07;0.03679678961634636
Data(x=[21, 11], edge_index=[2, 12], edge_attr=[12, 2], y=0.0, custom_label=0.0, min_label=0, max_label=6, instance_name='p26.txt');0.0;6.435811883420683e-07;9.466344152997408e-09;0.03679678961634636
Data(x=[26, 11], edge_index=[2, 12], edge_attr=[12, 2], y=0.0, custom_label=0.0, min_label=0, max_label=6, instance_name='p26.txt');0.0;1.79612725332845e-05;1.982738098149639e-07;0.03679678961634636
Data(x=[25, 11], edge_index=[2, 12], edge_attr=[12, 2], y=0.0, custom_label=0.0, min_label=0, max_label=6, instance_name='p26.txt');0.0;0.00014823567471466959;1.5966642195053282e-06;2.9734562185970865e-31
Data(x=[30, 11], edge_index=[2, 12], edge_attr=[12, 2], y=0.0, custom_label=0.0, min_label=0, max_label=6, instance_name='p26.txt');0.0;0.00024151518300641328;3.2766211006673984e-06;2.9734562185970865e-31
Data(x=[24, 11], edge_index=[2, 12], edge_attr=[12, 2], y=0.0, custom_label=0.0, min_label=0, max_label=6, instance_name='p26.txt');0.0;5.745065209339373e-06;5.979958928037377e-08;2.9460878889235017e-31
Data(x=[28, 11], edge_index=[2, 12], edge_attr=[12, 2], y=0.0, custom_label=0.0, min_label=0, max_label=6, instance_name='p26.txt');0.0;0.00010945711983367801;1.430377096767188e-06;2.9734562185970865e-31
Data(x=[22, 11], edge_index=[2, 12], edge_attr=[12, 2], y=0.0, custom_label=0.0, min_label=0, max_label=6, instance_name='p26.txt');0.0;1.1896454452653416e-05;9.458218652724781e-10;0.03679678961634636
Data(x=[17, 11], edge_index=[2, 12], edge_attr=[12, 2], y=0.0, custom_label=0.0, min_label=0, max_label=6, instance_name='p26.txt');0.0;9.805514622485134e-09;4.113086815582534e-10;0.0
Data(x=[26, 11], edge_index=[2, 12], edge_attr=[12, 2], y=0.0, custom_label=0.0, min_label=0, max_label=6, instance_name='p26.txt');0.0;3.9057209505699575e-05;1.0219026762570138e-06;0.03679678961634636
Data(x=[24, 11], edge_index=[2, 12], edge_attr=[12, 2], y=0.0, custom_label=0.0, min_label=0, max_label=6, instance_name='p26.txt');0.0;1.3339653378352523e-05;3.5334059589331446e-07;2.9734562185970865e-31
Data(x=[29, 11], edge_index=[2, 12], edge_attr=[12, 2], y=0.0, custom_label=0.0, min_label=0, max_label=6, instance_name='p26.txt');0.0;0.0007295432733371854;8.727240128791891e-06;6.701167094355508e-32
Data(x=[25, 11], edge_index=[2, 12], edge_attr=[12, 2], y=0.0, custom_label=0.0, min_label=0, max_label=6, instance_name='p26.txt');0.0;1.0177166586800013e-05;1.2415044636782113e-07;0.03679678961634636
Data(x=[28, 11], edge_index=[2, 12], edge_attr=[12, 2], y=0.0, custom_label=0.0, min_label=0, max_label=6, instance_name='p26.txt');0.0;0.0002631570096127689;9.808208005779306e-07;0.03679678961634636
Data(x=[26, 11], edge_index=[2, 12], edge_attr=[12, 2], y=0.0, custom_label=0.0, min_label=0, max_label=6, instance_name='p26.txt');0.0;1.79612725332845e-05;1.982740087669299e-07;1.161746383218574e-24
Data(x=[28, 11], edge_index=[2, 12], edge_attr=[12, 2], y=0.0, custom_label=0.0, min_label=0, max_label=6, instance_name='p26.txt');0.0;4.775500201503746e-05;5.548408239519631e-07;0.03679678961634636
Data(x=[24, 11], edge_index=[2, 12], edge_attr=[12, 2], y=4.0, custom_label=0.6666667, min_label=0, max_label=6, instance_name='p26.txt');0.6666666865348816;0.016922764480113983;0.00621642405167222;0.03679678961634636
Data(x=[24, 11], edge_index=[2, 12], edge_attr=[12, 2], y=3.0, custom_label=0.5, min_label=0, max_label=6, instance_name='p26.txt');0.5;0.03783544898033142;0.026773730292916298;0.03679678961634636
Data(x=[24, 11], edge_index=[2, 12], edge_attr=[12, 2], y=2.0, custom_label=0.33333334, min_label=0, max_label=6, instance_name='p26.txt');0.3333333432674408;0.007797558326274157;0.10496841371059418;0.03679678961634636
Data(x=[24, 11], edge_index=[2, 12], edge_attr=[12, 2], y=1.0, custom_label=0.16666667, min_label=0, max_label=6, instance_name='p26.txt');0.1666666716337204;0.12068931013345718;0.0028551898431032896;0.03679678961634636
Data(x=[24, 11], edge_index=[2, 12], edge_attr=[12, 2], y=0.0, custom_label=0.0, min_label=0, max_label=6, instance_name='p26.txt');0.0;5.996525032969657e-06;4.782922147228419e-08;0.03679678961634636
Data(x=[26, 11], edge_index=[2, 12], edge_attr=[12, 2], y=6.0, custom_label=1.0, min_label=0, max_label=6, instance_name='p26.txt');1.0;0.1721591353416443;0.2364819496870041;0.03679678961634636
Data(x=[26, 11], edge_index=[2, 12], edge_attr=[12, 2], y=5.0, custom_label=0.8333333, min_label=0, max_label=6, instance_name='p26.txt');0.8333333134651184;0.1721591353416443;0.2364819496870041;0.03679678961634636
Data(x=[26, 11], edge_index=[2, 12], edge_attr=[12, 2], y=4.0, custom_label=0.6666667, min_label=0, max_label=6, instance_name='p26.txt');0.6666666865348816;0.1721591353416443;0.2364819496870041;0.03679678961634636
Data(x=[26, 11], edge_index=[2, 12], edge_attr=[12, 2], y=3.0, custom_label=0.5, min_label=0, max_label=6, instance_name='p26.txt');0.5;0.12358082085847855;0.3825959861278534;0.03679678961634636
Data(x=[26, 11], edge_index=[2, 12], edge_attr=[12, 2], y=2.0, custom_label=0.33333334, min_label=0, max_label=6, instance_name='p26.txt');0.3333333432674408;0.1721591353416443;0.2364819496870041;0.03679678961634636
Data(x=[26, 11], edge_index=[2, 12], edge_attr=[12, 2], y=1.0, custom_label=0.16666667, min_label=0, max_label=6, instance_name='p26.txt');0.1666666716337204;0.1721591353416443;0.2364819496870041;0.03679678961634636
Data(x=[26, 11], edge_index=[2, 12], edge_attr=[12, 2], y=0.0, custom_label=0.0, min_label=0, max_label=6, instance_name='p26.txt');0.0;0.00023571675410494208;2.311407342858729e-06;0.03679678961634636
Data(x=[30, 11], edge_index=[2, 12], edge_attr=[12, 2], y=0.0, custom_label=0.0, min_label=0, max_label=6, instance_name='p26.txt');0.0;0.00023339361359830946;3.91774165109382e-06;4.900197955873354e-22
Data(x=[26, 11], edge_index=[2, 12], edge_attr=[12, 2], y=0.0, custom_label=0.0, min_label=0, max_label=6, instance_name='p26.txt');0.0;4.227050521876663e-05;6.766480851183587e-07;0.03679678961634636
Data(x=[26, 11], edge_index=[2, 12], edge_attr=[12, 2], y=0.0, custom_label=0.0, min_label=0, max_label=6, instance_name='p26.txt');0.0;0.0006299909437075257;1.2548390486699645e-06;0.03679678961634636
Data(x=[27, 11], edge_index=[2, 12], edge_attr=[12, 2], y=2.0, custom_label=0.33333334, min_label=0, max_label=6, instance_name='p26.txt');0.3333333432674408;0.06641750037670135;0.027817612513899803;2.9734562185970865e-31
Data(x=[27, 11], edge_index=[2, 12], edge_attr=[12, 2], y=1.0, custom_label=0.16666667, min_label=0, max_label=6, instance_name='p26.txt');0.1666666716337204;0.10001939535140991;0.05403509736061096;2.9734562185970865e-31
Data(x=[27, 11], edge_index=[2, 12], edge_attr=[12, 2], y=0.0, custom_label=0.0, min_label=0, max_label=6, instance_name='p26.txt');0.0;0.0003936378634534776;2.081379534502048e-06;0.03679678961634636
Data(x=[23, 11], edge_index=[2, 12], edge_attr=[12, 2], y=0.0, custom_label=0.0, min_label=0, max_label=6, instance_name='p26.txt');0.0;2.346518522244878e-05;1.5739010095217054e-09;0.03679678961634636
Data(x=[28, 11], edge_index=[2, 12], edge_attr=[12, 2], y=0.0, custom_label=0.0, min_label=0, max_label=6, instance_name='p26.txt');0.0;5.1390528824413195e-05;3.783210331675946e-07;1.161746383218574e-24
Data(x=[23, 11], edge_index=[2, 12], edge_attr=[12, 2], y=0.0, custom_label=0.0, min_label=0, max_label=6, instance_name='p26.txt');0.0;4.966061533195898e-05;8.730509648557927e-07;6.701167094355508e-32
Data(x=[31, 11], edge_index=[2, 12], edge_attr=[12, 2], y=6.0, custom_label=1.0, min_label=0, max_label=6, instance_name='p26.txt');1.0;0.13315200805664062;0.053146835416555405;0.0
Data(x=[31, 11], edge_index=[2, 12], edge_attr=[12, 2], y=5.0, custom_label=0.8333333, min_label=0, max_label=6, instance_name='p26.txt');0.8333333134651184;0.13315200805664062;0.053146835416555405;0.0
Data(x=[31, 11], edge_index=[2, 12], edge_attr=[12, 2], y=4.0, custom_label=0.6666667, min_label=0, max_label=6, instance_name='p26.txt');0.6666666865348816;0.16500620543956757;0.012665444053709507;0.0
Data(x=[31, 11], edge_index=[2, 12], edge_attr=[12, 2], y=3.0, custom_label=0.5, min_label=0, max_label=6, instance_name='p26.txt');0.5;0.13315200805664062;0.053146835416555405;0.0
Data(x=[31, 11], edge_index=[2, 12], edge_attr=[12, 2], y=2.0, custom_label=0.33333334, min_label=0, max_label=6, instance_name='p26.txt');0.3333333432674408;0.09343989938497543;0.12064125388860703;0.0
Data(x=[31, 11], edge_index=[2, 12], edge_attr=[12, 2], y=1.0, custom_label=0.16666667, min_label=0, max_label=6, instance_name='p26.txt');0.1666666716337204;0.13315200805664062;0.053146835416555405;0.0
Data(x=[31, 11], edge_index=[2, 12], edge_attr=[12, 2], y=0.0, custom_label=0.0, min_label=0, max_label=6, instance_name='p26.txt');0.0;0.0008008463773876429;2.614161303426954e-06;0.0
Data(x=[29, 11], edge_index=[2, 12], edge_attr=[12, 2], y=0.0, custom_label=0.0, min_label=0, max_label=6, instance_name='p26.txt');0.0;0.00038027478149160743;1.5951270597724942e-06;6.701167094355508e-32
Data(x=[27, 11], edge_index=[2, 12], edge_attr=[12, 2], y=0.0, custom_label=0.0, min_label=0, max_label=6, instance_name='p26.txt');0.0;3.2799525797599927e-05;2.0575592429850076e-07;4.900197955873354e-22
Data(x=[31, 11], edge_index=[2, 12], edge_attr=[12, 2], y=0.0, custom_label=0.0, min_label=0, max_label=6, instance_name='p26.txt');0.0;0.00017737892630975693;1.3144643844498205e-06;0.03679678961634636
Data(x=[29, 11], edge_index=[2, 12], edge_attr=[12, 2], y=0.0, custom_label=0.0, min_label=0, max_label=6, instance_name='p26.txt');0.0;0.00016193519695661962;2.4087335077638272e-06;4.900197955873354e-22
Data(x=[26, 11], edge_index=[2, 12], edge_attr=[12, 2], y=0.0, custom_label=0.0, min_label=0, max_label=6, instance_name='p26.txt');0.0;1.86853067134507e-05;1.6134021052494063e-07;0.03679678961634636
Data(x=[25, 11], edge_index=[2, 12], edge_attr=[12, 2], y=0.0, custom_label=0.0, min_label=0, max_label=6, instance_name='p26.txt');0.0;0.00015476455155294389;4.5084799893402305e-08;0.03679678961634636
Data(x=[27, 11], edge_index=[2, 12], edge_attr=[12, 2], y=0.0, custom_label=0.0, min_label=0, max_label=6, instance_name='p26.txt');0.0;6.416180258383974e-05;1.4835105730526266e-06;6.701167094355508e-32
Data(x=[28, 11], edge_index=[2, 12], edge_attr=[12, 2], y=0.0, custom_label=0.0, min_label=0, max_label=6, instance_name='p26.txt');0.0;0.00010171991016250104;2.097772039633128e-06;0.03679678961634636
Data(x=[22, 11], edge_index=[2, 12], edge_attr=[12, 2], y=0.0, custom_label=0.0, min_label=0, max_label=6, instance_name='p26.txt');0.0;1.195858476421563e-05;4.8674156261085955e-08;0.03679678961634636
Data(x=[19, 11], edge_index=[2, 12], edge_attr=[12, 2], y=0.0, custom_label=0.0, min_label=0, max_label=6, instance_name='p26.txt');0.0;2.9483911134775553e-07;1.9179413612846474e-08;2.9734562185970865e-31
Data(x=[23, 11], edge_index=[2, 12], edge_attr=[12, 2], y=0.0, custom_label=0.0, min_label=0, max_label=6, instance_name='p26.txt');0.0;2.9509026262530824e-06;3.412428739579809e-08;0.03679678961634636
Data(x=[29, 11], edge_index=[2, 12], edge_attr=[12, 2], y=3.0, custom_label=0.5, min_label=0, max_label=6, instance_name='p26.txt');0.5;0.08139274269342422;0.032228779047727585;7.030002885296269e-16
Data(x=[29, 11], edge_index=[2, 12], edge_attr=[12, 2], y=2.0, custom_label=0.33333334, min_label=0, max_label=6, instance_name='p26.txt');0.3333333432674408;0.08139274269342422;0.032228779047727585;7.030002885296269e-16
Data(x=[29, 11], edge_index=[2, 12], edge_attr=[12, 2], y=1.0, custom_label=0.16666667, min_label=0, max_label=6, instance_name='p26.txt');0.1666666716337204;0.08139274269342422;0.032228779047727585;7.030002885296269e-16
Data(x=[29, 11], edge_index=[2, 12], edge_attr=[12, 2], y=0.0, custom_label=0.0, min_label=0, max_label=6, instance_name='p26.txt');0.0;8.087110472843051e-05;5.544076771002437e-07;5.218116193696491e-25
Data(x=[27, 11], edge_index=[2, 12], edge_attr=[12, 2], y=0.0, custom_label=0.0, min_label=0, max_label=6, instance_name='p26.txt');0.0;3.039566036022734e-05;3.060784763420088e-07;0.0
Data(x=[25, 11], edge_index=[2, 12], edge_attr=[12, 2], y=0.0, custom_label=0.0, min_label=0, max_label=6, instance_name='p26.txt');0.0;1.0604436283756513e-05;1.0019437013397692e-07;0.03679678961634636
Data(x=[31, 11], edge_index=[2, 12], edge_attr=[12, 2], y=0.0, custom_label=0.0, min_label=0, max_label=6, instance_name='p26.txt');0.0;0.000805958523415029;2.499715719750384e-06;0.03679678961634636
Data(x=[32, 11], edge_index=[2, 12], edge_attr=[12, 2], y=0.0, custom_label=0.0, min_label=0, max_label=6, instance_name='p26.txt');0.0;0.0011040910612791777;2.3284692929337325e-07;0.03679678961634636
Data(x=[30, 11], edge_index=[2, 12], edge_attr=[12, 2], y=6.0, custom_label=1.0, min_label=0, max_label=6, instance_name='p26.txt');1.0;0.11507847905158997;0.055734314024448395;0.03679678961634636
Data(x=[30, 11], edge_index=[2, 12], edge_attr=[12, 2], y=5.0, custom_label=0.8333333, min_label=0, max_label=6, instance_name='p26.txt');0.8333333134651184;0.11507847905158997;0.055734336376190186;0.03679678961634636
Data(x=[30, 11], edge_index=[2, 12], edge_attr=[12, 2], y=4.0, custom_label=0.6666667, min_label=0, max_label=6, instance_name='p26.txt');0.6666666865348816;0.11507847905158997;0.055734314024448395;0.03679678961634636
Data(x=[30, 11], edge_index=[2, 12], edge_attr=[12, 2], y=3.0, custom_label=0.5, min_label=0, max_label=6, instance_name='p26.txt');0.5;0.11507847905158997;0.055734336376190186;0.03679678961634636
Data(x=[30, 11], edge_index=[2, 12], edge_attr=[12, 2], y=2.0, custom_label=0.33333334, min_label=0, max_label=6, instance_name='p26.txt');0.3333333432674408;0.11507847905158997;0.055734336376190186;0.03679678961634636
Data(x=[30, 11], edge_index=[2, 12], edge_attr=[12, 2], y=1.0, custom_label=0.16666667, min_label=0, max_label=6, instance_name='p26.txt');0.1666666716337204;0.11507847905158997;0.055734336376190186;0.03679678961634636
Data(x=[30, 11], edge_index=[2, 12], edge_attr=[12, 2], y=0.0, custom_label=0.0, min_label=0, max_label=6, instance_name='p26.txt');0.0;0.0002499195106793195;2.7404116735851858e-06;0.03679678961634636
Data(x=[30, 11], edge_index=[2, 16], edge_attr=[16, 2], y=0.0, custom_label=0.0, min_label=0, max_label=13, instance_name='p27.txt');0.0;2.3774311557644978e-05;9.378964591633121e-07;0.0
Data(x=[30, 11], edge_index=[2, 16], edge_attr=[16, 2], y=0.0, custom_label=0.0, min_label=0, max_label=13, instance_name='p27.txt');0.0;2.136162265742314e-06;1.3063617743114264e-08;0.0
Data(x=[31, 11], edge_index=[2, 16], edge_attr=[16, 2], y=0.0, custom_label=0.0, min_label=0, max_label=13, instance_name='p27.txt');0.0;3.598388275349862e-06;1.4505927570240829e-09;0.03679678961634636
Data(x=[26, 11], edge_index=[2, 16], edge_attr=[16, 2], y=0.0, custom_label=0.0, min_label=0, max_label=13, instance_name='p27.txt');0.0;2.850223168593402e-08;6.607788760604194e-10;6.701167094355508e-32
Data(x=[32, 11], edge_index=[2, 16], edge_attr=[16, 2], y=1.0, custom_label=0.07692308, min_label=0, max_label=13, instance_name='p27.txt');0.07692307978868484;0.0005940435221418738;7.539767830166966e-05;0.03679678961634636
Data(x=[32, 11], edge_index=[2, 16], edge_attr=[16, 2], y=0.0, custom_label=0.0, min_label=0, max_label=13, instance_name='p27.txt');0.0;1.502368263572862e-06;1.045662578746942e-08;0.03679678961634636
Data(x=[27, 11], edge_index=[2, 16], edge_attr=[16, 2], y=0.0, custom_label=0.0, min_label=0, max_label=13, instance_name='p27.txt');0.0;3.6028075101057766e-07;1.0114197673827263e-10;0.0
Data(x=[30, 11], edge_index=[2, 16], edge_attr=[16, 2], y=0.0, custom_label=0.0, min_label=0, max_label=13, instance_name='p27.txt');0.0;1.1204529073438607e-06;2.7610651542886444e-09;4.900197955873354e-22
Data(x=[29, 11], edge_index=[2, 16], edge_attr=[16, 2], y=0.0, custom_label=0.0, min_label=0, max_label=13, instance_name='p27.txt');0.0;1.243119385208047e-07;7.638737975490528e-10;0.0
Data(x=[28, 11], edge_index=[2, 16], edge_attr=[16, 2], y=4.0, custom_label=0.30769232, min_label=0, max_label=13, instance_name='p27.txt');0.3076923191547394;0.0015773914055898786;2.6747914034785936e-06;0.0
Data(x=[28, 11], edge_index=[2, 16], edge_attr=[16, 2], y=3.0, custom_label=0.23076923, min_label=0, max_label=13, instance_name='p27.txt');0.23076923191547394;0.0008281670743599534;0.06146278604865074;0.0
Data(x=[28, 11], edge_index=[2, 16], edge_attr=[16, 2], y=2.0, custom_label=0.15384616, min_label=0, max_label=13, instance_name='p27.txt');0.1538461595773697;0.003238244913518429;1.221107322635362e-05;0.0
Data(x=[28, 11], edge_index=[2, 16], edge_attr=[16, 2], y=1.0, custom_label=0.07692308, min_label=0, max_label=13, instance_name='p27.txt');0.07692307978868484;0.003238244913518429;1.2211085049784742e-05;0.0
Data(x=[28, 11], edge_index=[2, 16], edge_attr=[16, 2], y=0.0, custom_label=0.0, min_label=0, max_label=13, instance_name='p27.txt');0.0;6.615013603550324e-07;4.8994359680420985e-09;0.0
Data(x=[30, 11], edge_index=[2, 16], edge_attr=[16, 2], y=0.0, custom_label=0.0, min_label=0, max_label=13, instance_name='p27.txt');0.0;2.1961197944619926e-06;1.1443336944694238e-08;0.0
Data(x=[29, 11], edge_index=[2, 16], edge_attr=[16, 2], y=0.0, custom_label=0.0, min_label=0, max_label=13, instance_name='p27.txt');0.0;1.261069087377109e-06;6.603508406755054e-09;0.03679678961634636
Data(x=[29, 11], edge_index=[2, 16], edge_attr=[16, 2], y=0.0, custom_label=0.0, min_label=0, max_label=13, instance_name='p27.txt');0.0;1.297702965530334e-06;5.758122867405291e-09;0.0
Data(x=[28, 11], edge_index=[2, 16], edge_attr=[16, 2], y=1.0, custom_label=0.07692308, min_label=0, max_label=13, instance_name='p27.txt');0.07692307978868484;0.0006350544281303883;0.058302730321884155;6.701167094355508e-32
Data(x=[28, 11], edge_index=[2, 16], edge_attr=[16, 2], y=0.0, custom_label=0.0, min_label=0, max_label=13, instance_name='p27.txt');0.0;1.7778148730940302e-06;8.109349303175861e-11;6.701167094355508e-32
Data(x=[31, 11], edge_index=[2, 16], edge_attr=[16, 2], y=0.0, custom_label=0.0, min_label=0, max_label=13, instance_name='p27.txt');0.0;3.97484745917609e-06;4.170998727204278e-05;0.03679678961634636
Data(x=[26, 11], edge_index=[2, 16], edge_attr=[16, 2], y=0.0, custom_label=0.0, min_label=0, max_label=13, instance_name='p27.txt');0.0;7.919484090734841e-08;2.903770834894459e-10;0.0
Data(x=[28, 11], edge_index=[2, 16], edge_attr=[16, 2], y=13.0, custom_label=1.0, min_label=0, max_label=13, instance_name='p27.txt');1.0;0.6040858626365662;0.6124063730239868;0.03679678961634636
Data(x=[28, 11], edge_index=[2, 16], edge_attr=[16, 2], y=12.0, custom_label=0.9230769, min_label=0, max_label=13, instance_name='p27.txt');0.9230769276618958;0.6040858626365662;0.6124063730239868;0.03679678961634636
Data(x=[28, 11], edge_index=[2, 16], edge_attr=[16, 2], y=11.0, custom_label=0.84615386, min_label=0, max_label=13, instance_name='p27.txt');0.8461538553237915;0.6040858626365662;0.6124063730239868;0.03679678961634636
Data(x=[28, 11], edge_index=[2, 16], edge_attr=[16, 2], y=10.0, custom_label=0.7692308, min_label=0, max_label=13, instance_name='p27.txt');0.7692307829856873;0.6246142387390137;0.6006572246551514;0.03679678961634636
Data(x=[28, 11], edge_index=[2, 16], edge_attr=[16, 2], y=9.0, custom_label=0.6923077, min_label=0, max_label=13, instance_name='p27.txt');0.692307710647583;0.44024795293807983;0.4644070565700531;0.03679678961634636
Data(x=[28, 11], edge_index=[2, 16], edge_attr=[16, 2], y=8.0, custom_label=0.61538464, min_label=0, max_label=13, instance_name='p27.txt');0.6153846383094788;0.441326379776001;0.4020143449306488;0.03679678961634636
Data(x=[28, 11], edge_index=[2, 16], edge_attr=[16, 2], y=7.0, custom_label=0.53846157, min_label=0, max_label=13, instance_name='p27.txt');0.5384615659713745;0.5036936402320862;0.36908525228500366;0.03679678961634636
Data(x=[28, 11], edge_index=[2, 16], edge_attr=[16, 2], y=6.0, custom_label=0.46153846, min_label=0, max_label=13, instance_name='p27.txt');0.4615384638309479;0.21963924169540405;0.16292411088943481;0.03679678961634636
Data(x=[28, 11], edge_index=[2, 16], edge_attr=[16, 2], y=5.0, custom_label=0.3846154, min_label=0, max_label=13, instance_name='p27.txt');0.38461539149284363;0.09695060551166534;0.2626776099205017;0.03679678961634636
Data(x=[28, 11], edge_index=[2, 16], edge_attr=[16, 2], y=4.0, custom_label=0.30769232, min_label=0, max_label=13, instance_name='p27.txt');0.3076923191547394;0.21963922679424286;0.16292411088943481;0.03679678961634636
Data(x=[28, 11], edge_index=[2, 16], edge_attr=[16, 2], y=3.0, custom_label=0.23076923, min_label=0, max_label=13, instance_name='p27.txt');0.23076923191547394;0.001709183445200324;0.04953823238611221;0.03679678961634636
Data(x=[28, 11], edge_index=[2, 16], edge_attr=[16, 2], y=2.0, custom_label=0.15384616, min_label=0, max_label=13, instance_name='p27.txt');0.1538461595773697;0.0008974163793027401;0.08052448183298111;0.03679678961634636
Data(x=[28, 11], edge_index=[2, 16], edge_attr=[16, 2], y=1.0, custom_label=0.07692308, min_label=0, max_label=13, instance_name='p27.txt');0.07692307978868484;0.0035083142574876547;0.06400815397500992;0.03679678961634636
Data(x=[28, 11], edge_index=[2, 16], edge_attr=[16, 2], y=0.0, custom_label=0.0, min_label=0, max_label=13, instance_name='p27.txt');0.0;1.8442713098920649e-06;6.696140170125986e-11;0.03679678961634636
Data(x=[24, 11], edge_index=[2, 16], edge_attr=[16, 2], y=0.0, custom_label=0.0, min_label=0, max_label=13, instance_name='p27.txt');0.0;1.8813029782904778e-06;5.4586205806117505e-05;0.03679678961634636
Data(x=[32, 11], edge_index=[2, 16], edge_attr=[16, 2], y=3.0, custom_label=0.23076923, min_label=0, max_label=13, instance_name='p27.txt');0.23076923191547394;0.0005753003060817719;8.913768397178501e-05;2.9734562185970865e-31
Data(x=[32, 11], edge_index=[2, 16], edge_attr=[16, 2], y=2.0, custom_label=0.15384616, min_label=0, max_label=13, instance_name='p27.txt');0.1538461595773697;0.00016939896158874035;0.03333998844027519;2.9734562185970865e-31
Data(x=[32, 11], edge_index=[2, 16], edge_attr=[16, 2], y=1.0, custom_label=0.07692308, min_label=0, max_label=13, instance_name='p27.txt');0.07692307978868484;0.0005753000150434673;8.9137778559234e-05;2.9734562185970865e-31
Data(x=[32, 11], edge_index=[2, 16], edge_attr=[16, 2], y=0.0, custom_label=0.0, min_label=0, max_label=13, instance_name='p27.txt');0.0;7.745728680674802e-07;3.2597839982884125e-09;2.9734562185970865e-31
Data(x=[28, 11], edge_index=[2, 16], edge_attr=[16, 2], y=2.0, custom_label=0.15384616, min_label=0, max_label=13, instance_name='p27.txt');0.1538461595773697;0.0002978119009640068;1.2532999562608893e-06;0.03679678961634636
Data(x=[28, 11], edge_index=[2, 16], edge_attr=[16, 2], y=1.0, custom_label=0.07692308, min_label=0, max_label=13, instance_name='p27.txt');0.07692307978868484;0.0001159679886768572;5.9644284192472696e-05;0.03679678961634636
Data(x=[28, 11], edge_index=[2, 16], edge_attr=[16, 2], y=0.0, custom_label=0.0, min_label=0, max_label=13, instance_name='p27.txt');0.0;3.2360100021833205e-07;1.016248862839575e-09;0.03679678961634636
Data(x=[30, 11], edge_index=[2, 16], edge_attr=[16, 2], y=0.0, custom_label=0.0, min_label=0, max_label=13, instance_name='p27.txt');0.0;4.779694222634134e-07;4.70895633597479e-09;0.03679678961634636
Data(x=[31, 11], edge_index=[2, 16], edge_attr=[16, 2], y=0.0, custom_label=0.0, min_label=0, max_label=13, instance_name='p27.txt');0.0;1.99563169189787e-06;2.374259677750956e-10;0.0
Data(x=[30, 11], edge_index=[2, 16], edge_attr=[16, 2], y=0.0, custom_label=0.0, min_label=0, max_label=13, instance_name='p27.txt');0.0;2.3559171040687943e-06;3.386506432434544e-05;0.03679678961634636
Data(x=[32, 11], edge_index=[2, 16], edge_attr=[16, 2], y=0.0, custom_label=0.0, min_label=0, max_label=13, instance_name='p27.txt');0.0;7.263930683620856e-07;4.557231481072677e-09;2.351087405554225e-29
Data(x=[25, 11], edge_index=[2, 16], edge_attr=[16, 2], y=0.0, custom_label=0.0, min_label=0, max_label=13, instance_name='p27.txt');0.0;4.121281094171536e-08;6.962273813027053e-11;5.218116193696491e-25
Data(x=[34, 11], edge_index=[2, 16], edge_attr=[16, 2], y=2.0, custom_label=0.15384616, min_label=0, max_label=13, instance_name='p27.txt');0.1538461595773697;0.0001757891586748883;0.005628959741443396;6.701167094355508e-32
Data(x=[34, 11], edge_index=[2, 16], edge_attr=[16, 2], y=1.0, custom_label=0.07692308, min_label=0, max_label=13, instance_name='p27.txt');0.07692307978868484;0.0011121125426143408;0.000105549770523794;6.701167094355508e-32
Data(x=[34, 11], edge_index=[2, 16], edge_attr=[16, 2], y=0.0, custom_label=0.0, min_label=0, max_label=13, instance_name='p27.txt');0.0;2.2150250060803955e-06;7.059091089445246e-09;6.701167094355508e-32
Data(x=[33, 11], edge_index=[2, 16], edge_attr=[16, 2], y=0.0, custom_label=0.0, min_label=0, max_label=13, instance_name='p27.txt');0.0;2.2679573703499045e-06;2.6533529151606672e-08;0.0
Data(x=[26, 11], edge_index=[2, 16], edge_attr=[16, 2], y=0.0, custom_label=0.0, min_label=0, max_label=13, instance_name='p27.txt');0.0;1.8653227584763954e-07;9.918179610934885e-10;6.701167094355508e-32
Data(x=[29, 11], edge_index=[2, 16], edge_attr=[16, 2], y=3.0, custom_label=0.23076923, min_label=0, max_label=13, instance_name='p27.txt');0.23076923191547394;0.0009203082881867886;0.06267128884792328;0.03679678961634636
Data(x=[29, 11], edge_index=[2, 16], edge_attr=[16, 2], y=2.0, custom_label=0.15384616, min_label=0, max_label=13, instance_name='p27.txt');0.1538461595773697;0.009151392616331577;0.06461255252361298;0.03679678961634636
Data(x=[29, 11], edge_index=[2, 16], edge_attr=[16, 2], y=1.0, custom_label=0.07692308, min_label=0, max_label=13, instance_name='p27.txt');0.07692307978868484;0.0018442878499627113;0.0731661468744278;0.03679678961634636
Data(x=[29, 11], edge_index=[2, 16], edge_attr=[16, 2], y=0.0, custom_label=0.0, min_label=0, max_label=13, instance_name='p27.txt');0.0;1.2546931884571677e-06;3.824834615695494e-10;0.03679678961634636
Data(x=[29, 11], edge_index=[2, 16], edge_attr=[16, 2], y=0.0, custom_label=0.0, min_label=0, max_label=13, instance_name='p27.txt');0.0;2.409295518646104e-07;4.001122544394775e-09;6.701167094355508e-32
Data(x=[30, 11], edge_index=[2, 16], edge_attr=[16, 2], y=0.0, custom_label=0.0, min_label=0, max_label=13, instance_name='p27.txt');0.0;1.1278609690634767e-06;2.636240559183989e-09;6.701167094355508e-32
Data(x=[28, 11], edge_index=[2, 12], edge_attr=[12, 2], y=0.0, custom_label=0.0, min_label=0, max_label=12, instance_name='p28.txt');0.0;0.00010171991016250104;2.097772039633128e-06;0.0
Data(x=[32, 11], edge_index=[2, 12], edge_attr=[12, 2], y=0.0, custom_label=0.0, min_label=0, max_label=12, instance_name='p28.txt');0.0;0.00025728618493303657;1.7875343019113643e-06;0.03679678961634636
Data(x=[26, 11], edge_index=[2, 12], edge_attr=[12, 2], y=0.0, custom_label=0.0, min_label=0, max_label=12, instance_name='p28.txt');0.0;0.0002283165667904541;2.692414909688523e-06;6.701167094355508e-32
Data(x=[27, 11], edge_index=[2, 12], edge_attr=[12, 2], y=0.0, custom_label=0.0, min_label=0, max_label=12, instance_name='p28.txt');0.0;0.0003628867561928928;1.4631594069669518e-07;0.03679678961634636
Data(x=[26, 11], edge_index=[2, 12], edge_attr=[12, 2], y=0.0, custom_label=0.0, min_label=0, max_label=12, instance_name='p28.txt');0.0;3.9057209505699575e-05;1.021901766762312e-06;0.0
Data(x=[29, 11], edge_index=[2, 12], edge_attr=[12, 2], y=4.0, custom_label=0.33333334, min_label=0, max_label=12, instance_name='p28.txt');0.3333333432674408;0.08139274269342422;0.032228779047727585;0.0
Data(x=[29, 11], edge_index=[2, 12], edge_attr=[12, 2], y=3.0, custom_label=0.25, min_label=0, max_label=12, instance_name='p28.txt');0.25;0.08139274269342422;0.03222876414656639;0.0
Data(x=[29, 11], edge_index=[2, 12], edge_attr=[12, 2], y=2.0, custom_label=0.16666667, min_label=0, max_label=12, instance_name='p28.txt');0.1666666716337204;0.08139274269342422;0.032228779047727585;0.0
Data(x=[29, 11], edge_index=[2, 12], edge_attr=[12, 2], y=1.0, custom_label=0.083333336, min_label=0, max_label=12, instance_name='p28.txt');0.0833333358168602;0.08139274269342422;0.032228779047727585;0.0
Data(x=[29, 11], edge_index=[2, 12], edge_attr=[12, 2], y=0.0, custom_label=0.0, min_label=0, max_label=12, instance_name='p28.txt');0.0;8.087110472843051e-05;5.544076771002437e-07;0.0
Data(x=[31, 11], edge_index=[2, 12], edge_attr=[12, 2], y=0.0, custom_label=0.0, min_label=0, max_label=12, instance_name='p28.txt');0.0;0.00036281876964494586;3.6756644021807006e-06;0.03679678961634636
Data(x=[31, 11], edge_index=[2, 12], edge_attr=[12, 2], y=0.0, custom_label=0.0, min_label=0, max_label=12, instance_name='p28.txt');0.0;0.0015344057464972138;6.907805527589517e-07;2.9734562185970865e-31
Data(x=[33, 11], edge_index=[2, 12], edge_attr=[12, 2], y=0.0, custom_label=0.0, min_label=0, max_label=12, instance_name='p28.txt');0.0;0.00038827073876746;1.7240871557078208e-06;0.03679678961634636
Data(x=[32, 11], edge_index=[2, 12], edge_attr=[12, 2], y=0.0, custom_label=0.0, min_label=0, max_label=12, instance_name='p28.txt');0.0;0.002079184865579009;9.584538247509045e-07;6.701167094355508e-32
Data(x=[30, 11], edge_index=[2, 12], edge_attr=[12, 2], y=0.0, custom_label=0.0, min_label=0, max_label=12, instance_name='p28.txt');0.0;0.00011929104948649183;9.469830501984688e-07;3.022583521757888e-33
Data(x=[32, 11], edge_index=[2, 12], edge_attr=[12, 2], y=2.0, custom_label=0.16666667, min_label=0, max_label=12, instance_name='p28.txt');0.1666666716337204;0.09842485934495926;0.028825871646404266;6.701167094355508e-32
Data(x=[32, 11], edge_index=[2, 12], edge_attr=[12, 2], y=1.0, custom_label=0.083333336, min_label=0, max_label=12, instance_name='p28.txt');0.0833333358168602;0.15616266429424286;0.01729637384414673;0.03679678961634636
Data(x=[32, 11], edge_index=[2, 12], edge_attr=[12, 2], y=0.0, custom_label=0.0, min_label=0, max_label=12, instance_name='p28.txt');0.0;0.0005145174800418317;4.84044676341e-06;6.701167094355508e-32
Data(x=[36, 11], edge_index=[2, 12], edge_attr=[12, 2], y=0.0, custom_label=0.0, min_label=0, max_label=12, instance_name='p28.txt');0.0;0.0035097370855510235;7.715642823313829e-06;0.03679678961634636
Data(x=[34, 11], edge_index=[2, 12], edge_attr=[12, 2], y=0.0, custom_label=0.0, min_label=0, max_label=12, instance_name='p28.txt');0.0;0.0009157668682746589;1.095881816581823e-05;0.03679678961634636
Data(x=[25, 11], edge_index=[2, 12], edge_attr=[12, 2], y=0.0, custom_label=0.0, min_label=0, max_label=12, instance_name='p28.txt');0.0;1.1049644854210783e-05;8.08569993182573e-08;7.030002885296269e-16
Data(x=[32, 11], edge_index=[2, 12], edge_attr=[12, 2], y=0.0, custom_label=0.0, min_label=0, max_label=12, instance_name='p28.txt');0.0;0.0020104378927499056;1.5545097994618118e-05;0.03679678961634636
Data(x=[31, 11], edge_index=[2, 12], edge_attr=[12, 2], y=0.0, custom_label=0.0, min_label=0, max_label=12, instance_name='p28.txt');0.0;0.001491489470936358;1.172176325781038e-05;6.701167094355508e-32
Data(x=[26, 11], edge_index=[2, 12], edge_attr=[12, 2], y=0.0, custom_label=0.0, min_label=0, max_label=12, instance_name='p28.txt');0.0;0.00010439036850584671;5.53005179426691e-07;0.03679678961634636
Data(x=[27, 11], edge_index=[2, 12], edge_attr=[12, 2], y=0.0, custom_label=0.0, min_label=0, max_label=12, instance_name='p28.txt');0.0;6.665127875749022e-05;1.2164209692855366e-06;0.03679678961634636
Data(x=[32, 11], edge_index=[2, 12], edge_attr=[12, 2], y=0.0, custom_label=0.0, min_label=0, max_label=12, instance_name='p28.txt');0.0;0.0004825773648917675;6.76711442793021e-06;4.900197955873354e-22
Data(x=[25, 11], edge_index=[2, 12], edge_attr=[12, 2], y=0.0, custom_label=0.0, min_label=0, max_label=12, instance_name='p28.txt');0.0;9.767102710611653e-06;1.5383405127522565e-07;6.701167094355508e-32
Data(x=[31, 11], edge_index=[2, 12], edge_attr=[12, 2], y=12.0, custom_label=1.0, min_label=0, max_label=12, instance_name='p28.txt');1.0;0.09006216377019882;0.04126555100083351;0.03679678961634636
Data(x=[31, 11], edge_index=[2, 12], edge_attr=[12, 2], y=11.0, custom_label=0.9166667, min_label=0, max_label=12, instance_name='p28.txt');0.9166666865348816;0.09006216377019882;0.04126555100083351;0.03679678961634636
Data(x=[31, 11], edge_index=[2, 12], edge_attr=[12, 2], y=10.0, custom_label=0.8333333, min_label=0, max_label=12, instance_name='p28.txt');0.8333333134651184;0.09006216377019882;0.04126555100083351;0.03679678961634636
Data(x=[31, 11], edge_index=[2, 12], edge_attr=[12, 2], y=9.0, custom_label=0.75, min_label=0, max_label=12, instance_name='p28.txt');0.75;0.0404672808945179;0.11455842107534409;0.03679678961634636
Data(x=[31, 11], edge_index=[2, 12], edge_attr=[12, 2], y=8.0, custom_label=0.6666667, min_label=0, max_label=12, instance_name='p28.txt');0.6666666865348816;0.09006216377019882;0.04126555100083351;0.03679678961634636
Data(x=[31, 11], edge_index=[2, 12], edge_attr=[12, 2], y=7.0, custom_label=0.5833333, min_label=0, max_label=12, instance_name='p28.txt');0.5833333134651184;0.09006216377019882;0.04126555100083351;0.03679678961634636
Data(x=[31, 11], edge_index=[2, 12], edge_attr=[12, 2], y=6.0, custom_label=0.5, min_label=0, max_label=12, instance_name='p28.txt');0.5;0.11441490799188614;0.06694706529378891;0.03679678961634636
Data(x=[31, 11], edge_index=[2, 12], edge_attr=[12, 2], y=5.0, custom_label=0.41666666, min_label=0, max_label=12, instance_name='p28.txt');0.4166666567325592;0.11441490799188614;0.06694706529378891;0.03679678961634636
Data(x=[31, 11], edge_index=[2, 12], edge_attr=[12, 2], y=4.0, custom_label=0.33333334, min_label=0, max_label=12, instance_name='p28.txt');0.3333333432674408;0.11441490799188614;0.06694706529378891;0.03679678961634636
Data(x=[31, 11], edge_index=[2, 12], edge_attr=[12, 2], y=3.0, custom_label=0.25, min_label=0, max_label=12, instance_name='p28.txt');0.25;0.11441490799188614;0.06694706529378891;0.03679678961634636
Data(x=[31, 11], edge_index=[2, 12], edge_attr=[12, 2], y=2.0, custom_label=0.16666667, min_label=0, max_label=12, instance_name='p28.txt');0.1666666716337204;0.15420830249786377;0.027454350143671036;0.03679678961634636
Data(x=[31, 11], edge_index=[2, 12], edge_attr=[12, 2], y=1.0, custom_label=0.083333336, min_label=0, max_label=12, instance_name='p28.txt');0.0833333358168602;0.11441490799188614;0.06694706529378891;0.03679678961634636
Data(x=[31, 11], edge_index=[2, 12], edge_attr=[12, 2], y=0.0, custom_label=0.0, min_label=0, max_label=12, instance_name='p28.txt');0.0;0.00032853599986992776;6.175261205498828e-06;0.03679678961634636
Data(x=[35, 11], edge_index=[2, 12], edge_attr=[12, 2], y=0.0, custom_label=0.0, min_label=0, max_label=12, instance_name='p28.txt');0.0;0.009912827052175999;1.1269953574810643e-06;0.03679678961634636
Data(x=[32, 11], edge_index=[2, 12], edge_attr=[12, 2], y=0.0, custom_label=0.0, min_label=0, max_label=12, instance_name='p28.txt');0.0;0.000452619104180485;9.460619367018808e-06;4.900197955873354e-22
Data(x=[30, 11], edge_index=[2, 12], edge_attr=[12, 2], y=0.0, custom_label=0.0, min_label=0, max_label=12, instance_name='p28.txt');0.0;0.00024151538673322648;3.276614734204486e-06;0.03679678961634636
Data(x=[28, 11], edge_index=[2, 12], edge_attr=[12, 2], y=0.0, custom_label=0.0, min_label=0, max_label=12, instance_name='p28.txt');0.0;4.953938696417026e-05;4.5815670546289766e-07;0.03679678961634636
Data(x=[34, 11], edge_index=[2, 12], edge_attr=[12, 2], y=0.0, custom_label=0.0, min_label=0, max_label=12, instance_name='p28.txt');0.0;0.0009157668682746589;1.0958828170259949e-05;0.03679678961634636
Data(x=[30, 11], edge_index=[2, 12], edge_attr=[12, 2], y=0.0, custom_label=0.0, min_label=0, max_label=12, instance_name='p28.txt');0.0;0.00012344270362518728;7.920124858173949e-07;0.03679678961634636
Data(x=[30, 11], edge_index=[2, 12], edge_attr=[12, 2], y=0.0, custom_label=0.0, min_label=0, max_label=12, instance_name='p28.txt');0.0;0.00024151518300641328;3.276614734204486e-06;0.03679678961634636
Data(x=[26, 11], edge_index=[2, 12], edge_attr=[12, 2], y=0.0, custom_label=0.0, min_label=0, max_label=12, instance_name='p28.txt');0.0;0.00011382698721718043;3.470947547157266e-07;0.03679678961634636
Data(x=[36, 11], edge_index=[2, 12], edge_attr=[12, 2], y=0.0, custom_label=0.0, min_label=0, max_label=12, instance_name='p28.txt');0.0;0.0009529286762699485;4.437416464497801e-06;0.03679678961634636
Data(x=[30, 11], edge_index=[2, 12], edge_attr=[12, 2], y=0.0, custom_label=0.0, min_label=0, max_label=12, instance_name='p28.txt');0.0;0.00011929104948649183;9.469830501984688e-07;2.9460878889235017e-31
Data(x=[30, 11], edge_index=[2, 12], edge_attr=[12, 2], y=0.0, custom_label=0.0, min_label=0, max_label=12, instance_name='p28.txt');0.0;0.0002255448926007375;4.684316081693396e-06;2.9734562185970865e-31
Data(x=[37, 11], edge_index=[2, 12], edge_attr=[12, 2], y=0.0, custom_label=0.0, min_label=0, max_label=12, instance_name='p28.txt');0.0;0.0021016751416027546;2.047273301286623e-05;6.701167094355508e-32
Data(x=[31, 11], edge_index=[2, 12], edge_attr=[12, 2], y=0.0, custom_label=0.0, min_label=0, max_label=12, instance_name='p28.txt');0.0;0.0015832885401323438;8.676800462126266e-06;0.03679678961634636
Data(x=[28, 11], edge_index=[2, 12], edge_attr=[12, 2], y=0.0, custom_label=0.0, min_label=0, max_label=12, instance_name='p28.txt');0.0;0.0002621008607093245;4.446208734520951e-08;0.03679678961634636
Data(x=[34, 11], edge_index=[2, 12], edge_attr=[12, 2], y=7.0, custom_label=0.5833333, min_label=0, max_label=12, instance_name='p28.txt');0.5833333134651184;0.13542301952838898;0.006761451717466116;0.03679678961634636
Data(x=[34, 11], edge_index=[2, 12], edge_attr=[12, 2], y=6.0, custom_label=0.5, min_label=0, max_label=12, instance_name='p28.txt');0.5;0.152923122048378;0.02371191419661045;0.03679678961634636
Data(x=[34, 11], edge_index=[2, 12], edge_attr=[12, 2], y=5.0, custom_label=0.41666666, min_label=0, max_label=12, instance_name='p28.txt');0.4166666567325592;0.12185017764568329;0.06460710614919662;0.03679678961634636
Data(x=[34, 11], edge_index=[2, 12], edge_attr=[12, 2], y=4.0, custom_label=0.33333334, min_label=0, max_label=12, instance_name='p28.txt');0.3333333432674408;0.12185017764568329;0.06460710614919662;0.03679678961634636
Data(x=[34, 11], edge_index=[2, 12], edge_attr=[12, 2], y=3.0, custom_label=0.25, min_label=0, max_label=12, instance_name='p28.txt');0.25;0.152923122048378;0.023711901158094406;0.03679678961634636
Data(x=[34, 11], edge_index=[2, 12], edge_attr=[12, 2], y=2.0, custom_label=0.16666667, min_label=0, max_label=12, instance_name='p28.txt');0.1666666716337204;0.12185017764568329;0.06460710614919662;0.03679678961634636
Data(x=[34, 11], edge_index=[2, 12], edge_attr=[12, 2], y=1.0, custom_label=0.083333336, min_label=0, max_label=12, instance_name='p28.txt');0.0833333358168602;0.12185017764568329;0.06460710614919662;0.03679678961634636
Data(x=[34, 11], edge_index=[2, 12], edge_attr=[12, 2], y=0.0, custom_label=0.0, min_label=0, max_label=12, instance_name='p28.txt');0.0;0.0009157668682746589;1.0958828170259949e-05;0.03679678961634636
Data(x=[31, 11], edge_index=[2, 12], edge_attr=[12, 2], y=0.0, custom_label=0.0, min_label=0, max_label=12, instance_name='p28.txt');0.0;0.0015344066778197885;6.907805527589517e-07;0.03679678961634636
Data(x=[33, 11], edge_index=[2, 12], edge_attr=[12, 2], y=0.0, custom_label=0.0, min_label=0, max_label=12, instance_name='p28.txt');0.0;0.0006924664485268295;7.374688266281737e-06;0.03679678961634636
Data(x=[24, 11], edge_index=[2, 12], edge_attr=[12, 2], y=0.0, custom_label=0.0, min_label=0, max_label=12, instance_name='p28.txt');0.0;5.27332849742379e-06;9.346965157419618e-08;6.701167094355508e-32
Data(x=[29, 11], edge_index=[2, 12], edge_attr=[12, 2], y=0.0, custom_label=0.0, min_label=0, max_label=12, instance_name='p28.txt');0.0;7.271899085026234e-05;9.653585948399268e-07;6.701167094355508e-32
Data(x=[28, 11], edge_index=[2, 12], edge_attr=[12, 2], y=0.0, custom_label=0.0, min_label=0, max_label=12, instance_name='p28.txt');0.0;0.00010551767627475783;1.7322254279861227e-06;0.03679678961634636
Data(x=[35, 11], edge_index=[2, 12], edge_attr=[12, 2], y=0.0, custom_label=0.0, min_label=0, max_label=12, instance_name='p28.txt');0.0;0.0012272163294255733;1.365854222967755e-05;0.03679678961634636
Data(x=[24, 11], edge_index=[2, 12], edge_attr=[12, 2], y=0.0, custom_label=0.0, min_label=0, max_label=12, instance_name='p28.txt');0.0;4.014752630610019e-05;3.924557123724526e-09;0.03679678961634636
Data(x=[30, 11], edge_index=[2, 12], edge_attr=[12, 2], y=0.0, custom_label=0.0, min_label=0, max_label=12, instance_name='p28.txt');0.0;0.0011075594229623675;7.958026799315121e-06;0.03679678961634636
Data(x=[29, 11], edge_index=[2, 12], edge_attr=[12, 2], y=0.0, custom_label=0.0, min_label=0, max_label=12, instance_name='p28.txt');0.0;0.00015630484267603606;2.8978424779779743e-06;0.03679678961634636
Data(x=[27, 11], edge_index=[2, 12], edge_attr=[12, 2], y=0.0, custom_label=0.0, min_label=0, max_label=12, instance_name='p28.txt');0.0;0.0001711292570689693;2.724561909417389e-08;0.03679678961634636
Data(x=[30, 11], edge_index=[2, 12], edge_attr=[12, 2], y=0.0, custom_label=0.0, min_label=0, max_label=12, instance_name='p28.txt');0.0;0.00024151518300641328;3.2766179174359422e-06;6.701167094355508e-32
Data(x=[29, 11], edge_index=[2, 12], edge_attr=[12, 2], y=0.0, custom_label=0.0, min_label=0, max_label=12, instance_name='p28.txt');0.0;0.0008460810058750212;3.974074388679583e-06;0.03679678961634636
Data(x=[28, 11], edge_index=[2, 12], edge_attr=[12, 2], y=0.0, custom_label=0.0, min_label=0, max_label=12, instance_name='p28.txt');0.0;0.00028517405735328794;6.36426079836383e-07;2.9460878889235017e-31
Data(x=[30, 11], edge_index=[2, 12], edge_attr=[12, 2], y=0.0, custom_label=0.0, min_label=0, max_label=12, instance_name='p28.txt');0.0;0.00024151518300641328;3.2766211006673984e-06;4.900197955873354e-22
Data(x=[27, 11], edge_index=[2, 12], edge_attr=[12, 2], y=0.0, custom_label=0.0, min_label=0, max_label=12, instance_name='p28.txt');0.0;6.416185351554304e-05;1.4835105730526266e-06;0.03679678961634636
Data(x=[32, 11], edge_index=[2, 12], edge_attr=[12, 2], y=4.0, custom_label=0.33333334, min_label=0, max_label=12, instance_name='p28.txt');0.3333333432674408;0.1351398527622223;0.048011425882577896;0.03679678961634636
Data(x=[32, 11], edge_index=[2, 12], edge_attr=[12, 2], y=3.0, custom_label=0.25, min_label=0, max_label=12, instance_name='p28.txt');0.25;0.15550822019577026;0.07225696742534637;0.03679678961634636
Data(x=[32, 11], edge_index=[2, 12], edge_attr=[12, 2], y=2.0, custom_label=0.16666667, min_label=0, max_label=12, instance_name='p28.txt');0.1666666716337204;0.15550819039344788;0.07225696742534637;0.03679678961634636
Data(x=[32, 11], edge_index=[2, 12], edge_attr=[12, 2], y=1.0, custom_label=0.083333336, min_label=0, max_label=12, instance_name='p28.txt');0.0833333358168602;0.15550822019577026;0.07225696742534637;0.03679678961634636
Data(x=[32, 11], edge_index=[2, 12], edge_attr=[12, 2], y=0.0, custom_label=0.0, min_label=0, max_label=12, instance_name='p28.txt');0.0;0.0021565186325460672;1.0651800039340742e-05;0.03679678961634636
Data(x=[33, 11], edge_index=[2, 12], edge_attr=[12, 2], y=2.0, custom_label=0.16666667, min_label=0, max_label=12, instance_name='p28.txt');0.1666666716337204;0.03281744197010994;0.08729805052280426;0.0
Data(x=[33, 11], edge_index=[2, 12], edge_attr=[12, 2], y=1.0, custom_label=0.083333336, min_label=0, max_label=12, instance_name='p28.txt');0.0833333358168602;0.10138542950153351;0.028855429962277412;0.0
Data(x=[33, 11], edge_index=[2, 12], edge_attr=[12, 2], y=0.0, custom_label=0.0, min_label=0, max_label=12, instance_name='p28.txt');0.0;0.00038827073876746;1.7240871557078208e-06;0.0
Data(x=[31, 11], edge_index=[2, 12], edge_attr=[12, 2], y=0.0, custom_label=0.0, min_label=0, max_label=12, instance_name='p28.txt');0.0;0.00032853599986992776;6.175261205498828e-06;4.900197955873354e-22
Data(x=[26, 11], edge_index=[2, 12], edge_attr=[12, 2], y=0.0, custom_label=0.0, min_label=0, max_label=12, instance_name='p28.txt');0.0;0.00010393921547802165;1.975991104075092e-08;0.03679678961634636
Data(x=[22, 11], edge_index=[2, 12], edge_attr=[12, 2], y=2.0, custom_label=0.16666667, min_label=0, max_label=12, instance_name='p28.txt');0.1666666716337204;0.057845570147037506;0.00049494398990646;2.9460878889235017e-31
Data(x=[22, 11], edge_index=[2, 12], edge_attr=[12, 2], y=1.0, custom_label=0.083333336, min_label=0, max_label=12, instance_name='p28.txt');0.0833333358168602;0.019794829189777374;0.03438451886177063;7.030002885296269e-16
Data(x=[22, 11], edge_index=[2, 12], edge_attr=[12, 2], y=0.0, custom_label=0.0, min_label=0, max_label=12, instance_name='p28.txt');0.0;1.3614862837130204e-06;2.3609945998259718e-08;7.030002885296269e-16
Data(x=[28, 11], edge_index=[2, 12], edge_attr=[12, 2], y=2.0, custom_label=0.16666667, min_label=0, max_label=12, instance_name='p28.txt');0.1666666716337204;0.03980553522706032;0.11760309338569641;0.03679678961634636
Data(x=[28, 11], edge_index=[2, 12], edge_attr=[12, 2], y=1.0, custom_label=0.083333336, min_label=0, max_label=12, instance_name='p28.txt');0.0833333358168602;0.12937690317630768;0.00511830672621727;0.03679678961634636
Data(x=[28, 11], edge_index=[2, 12], edge_attr=[12, 2], y=0.0, custom_label=0.0, min_label=0, max_label=12, instance_name='p28.txt');0.0;0.00026210135547444224;4.446208734520951e-08;0.03679678961634636
Data(x=[28, 11], edge_index=[2, 12], edge_attr=[12, 2], y=0.0, custom_label=0.0, min_label=0, max_label=12, instance_name='p28.txt');0.0;0.0002536872052587569;1.1878006489496329e-06;0.03679678961634636
Data(x=[30, 11], edge_index=[2, 12], edge_attr=[12, 2], y=0.0, custom_label=0.0, min_label=0, max_label=12, instance_name='p28.txt');0.0;0.0011536035453900695;6.355850928230211e-06;0.03679678961634636
Data(x=[24, 11], edge_index=[2, 12], edge_attr=[12, 2], y=0.0, custom_label=0.0, min_label=0, max_label=12, instance_name='p28.txt');0.0;1.3923532605986111e-05;2.826242280207225e-07;0.03679678961634636
Data(x=[34, 11], edge_index=[2, 12], edge_attr=[12, 2], y=0.0, custom_label=0.0, min_label=0, max_label=12, instance_name='p28.txt');0.0;0.000943794148042798;9.361143384012394e-06;6.701167094355508e-32
Data(x=[33, 11], edge_index=[2, 12], edge_attr=[12, 2], y=0.0, custom_label=0.0, min_label=0, max_label=12, instance_name='p28.txt');0.0;0.0027776542119681835;1.5839194020372815e-05;0.03679678961634636
Data(x=[31, 11], edge_index=[2, 12], edge_attr=[12, 2], y=0.0, custom_label=0.0, min_label=0, max_label=12, instance_name='p28.txt');0.0;0.00017160296556539834;1.562626948725665e-06;0.0
Data(x=[32, 11], edge_index=[2, 12], edge_attr=[12, 2], y=5.0, custom_label=0.41666666, min_label=0, max_label=12, instance_name='p28.txt');0.4166666567325592;0.0734337642788887;0.010267099365592003;0.03679678961634636
Data(x=[32, 11], edge_index=[2, 12], edge_attr=[12, 2], y=4.0, custom_label=0.33333334, min_label=0, max_label=12, instance_name='p28.txt');0.3333333432674408;0.09733704477548599;0.032775890082120895;0.03679678961634636
Data(x=[32, 11], edge_index=[2, 12], edge_attr=[12, 2], y=3.0, custom_label=0.25, min_label=0, max_label=12, instance_name='p28.txt');0.25;0.1349625140428543;0.0057379454374313354;0.03679678961634636
Data(x=[32, 11], edge_index=[2, 12], edge_attr=[12, 2], y=2.0, custom_label=0.16666667, min_label=0, max_label=12, instance_name='p28.txt');0.1666666716337204;0.09733704477548599;0.032775890082120895;0.03679678961634636
Data(x=[32, 11], edge_index=[2, 12], edge_attr=[12, 2], y=1.0, custom_label=0.083333336, min_label=0, max_label=12, instance_name='p28.txt');0.0833333358168602;0.15447194874286652;0.023527193814516068;0.03679678961634636
Data(x=[32, 11], edge_index=[2, 12], edge_attr=[12, 2], y=0.0, custom_label=0.0, min_label=0, max_label=12, instance_name='p28.txt');0.0;0.002079184865579009;9.584538247509045e-07;0.03679678961634636
Data(x=[44, 11], edge_index=[2, 26], edge_attr=[26, 2], y=16.0, custom_label=0.9411765, min_label=0, max_label=17, instance_name='p29.txt');0.9411764740943909;0.020046263933181763;0.002442961325868964;0.03679678961634636
Data(x=[44, 11], edge_index=[2, 26], edge_attr=[26, 2], y=15.0, custom_label=0.88235295, min_label=0, max_label=17, instance_name='p29.txt');0.8823529481887817;0.011150163598358631;0.01946413703262806;0.03679678961634636
Data(x=[44, 11], edge_index=[2, 26], edge_attr=[26, 2], y=14.0, custom_label=0.8235294, min_label=0, max_label=17, instance_name='p29.txt');0.8235294222831726;0.004633345175534487;0.06368791311979294;0.03679678961634636
Data(x=[44, 11], edge_index=[2, 26], edge_attr=[26, 2], y=13.0, custom_label=0.7647059, min_label=0, max_label=17, instance_name='p29.txt');0.7647058963775635;0.004633345175534487;0.06368791311979294;0.03679678961634636
Data(x=[44, 11], edge_index=[2, 26], edge_attr=[26, 2], y=12.0, custom_label=0.7058824, min_label=0, max_label=17, instance_name='p29.txt');0.7058823704719543;0.0002695752482395619;2.7237330868956633e-05;0.03679678961634636
Data(x=[44, 11], edge_index=[2, 26], edge_attr=[26, 2], y=11.0, custom_label=0.64705884, min_label=0, max_label=17, instance_name='p29.txt');0.6470588445663452;0.0002695752482395619;2.7237330868956633e-05;0.03679678961634636
Data(x=[44, 11], edge_index=[2, 26], edge_attr=[26, 2], y=10.0, custom_label=0.5882353, min_label=0, max_label=17, instance_name='p29.txt');0.5882353186607361;3.482244210317731e-06;4.226077621183322e-08;0.03679678961634636
Data(x=[44, 11], edge_index=[2, 26], edge_attr=[26, 2], y=9.0, custom_label=0.5294118, min_label=0, max_label=17, instance_name='p29.txt');0.529411792755127;3.482244210317731e-06;4.226077621183322e-08;0.03679678961634636
Data(x=[44, 11], edge_index=[2, 26], edge_attr=[26, 2], y=8.0, custom_label=0.47058824, min_label=0, max_label=17, instance_name='p29.txt');0.47058823704719543;1.0093558557855431e-05;1.0168193398385483e-08;0.03679678961634636
Data(x=[44, 11], edge_index=[2, 26], edge_attr=[26, 2], y=7.0, custom_label=0.4117647, min_label=0, max_label=17, instance_name='p29.txt');0.4117647111415863;3.482244210317731e-06;4.226077621183322e-08;0.03679678961634636
Data(x=[44, 11], edge_index=[2, 26], edge_attr=[26, 2], y=6.0, custom_label=0.3529412, min_label=0, max_label=17, instance_name='p29.txt');0.3529411852359772;1.0093558557855431e-05;1.016817385846025e-08;0.03679678961634636
Data(x=[44, 11], edge_index=[2, 26], edge_attr=[26, 2], y=5.0, custom_label=0.29411766, min_label=0, max_label=17, instance_name='p29.txt');0.29411765933036804;3.482244210317731e-06;4.226077621183322e-08;0.03679678961634636
Data(x=[44, 11], edge_index=[2, 26], edge_attr=[26, 2], y=4.0, custom_label=0.23529412, min_label=0, max_label=17, instance_name='p29.txt');0.23529411852359772;3.48224125445995e-06;4.226077621183322e-08;0.03679678961634636
Data(x=[44, 11], edge_index=[2, 26], edge_attr=[26, 2], y=3.0, custom_label=0.1764706, min_label=0, max_label=17, instance_name='p29.txt');0.1764705926179886;3.48224125445995e-06;4.226077621183322e-08;0.03679678961634636
Data(x=[44, 11], edge_index=[2, 26], edge_attr=[26, 2], y=2.0, custom_label=0.11764706, min_label=0, max_label=17, instance_name='p29.txt');0.11764705926179886;3.48224125445995e-06;4.226077621183322e-08;0.03679678961634636
Data(x=[44, 11], edge_index=[2, 26], edge_attr=[26, 2], y=1.0, custom_label=0.05882353, min_label=0, max_label=17, instance_name='p29.txt');0.05882352963089943;1.0069071322504897e-05;6.621447391808033e-05;0.03679678961634636
Data(x=[44, 11], edge_index=[2, 26], edge_attr=[26, 2], y=0.0, custom_label=0.0, min_label=0, max_label=17, instance_name='p29.txt');0.0;2.8345715108457625e-08;2.484910367750448e-11;0.03679678961634636
Data(x=[45, 11], edge_index=[2, 26], edge_attr=[26, 2], y=10.0, custom_label=0.5882353, min_label=0, max_label=17, instance_name='p29.txt');0.5882353186607361;0.00021650607232004404;2.00465774469194e-06;0.0
Data(x=[45, 11], edge_index=[2, 26], edge_attr=[26, 2], y=9.0, custom_label=0.5294118, min_label=0, max_label=17, instance_name='p29.txt');0.529411792755127;9.072294051293284e-05;0.00026461121160537004;0.0
Data(x=[45, 11], edge_index=[2, 26], edge_attr=[26, 2], y=8.0, custom_label=0.47058824, min_label=0, max_label=17, instance_name='p29.txt');0.47058823704719543;0.00021650607232004404;2.00465774469194e-06;0.0
Data(x=[45, 11], edge_index=[2, 26], edge_attr=[26, 2], y=7.0, custom_label=0.4117647, min_label=0, max_label=17, instance_name='p29.txt');0.4117647111415863;1.9647447970783105e-06;1.397325033458685e-09;0.0
Data(x=[45, 11], edge_index=[2, 26], edge_attr=[26, 2], y=6.0, custom_label=0.3529412, min_label=0, max_label=17, instance_name='p29.txt');0.3529411852359772;3.079120233451249e-06;3.605946652385228e-09;0.0
Data(x=[45, 11], edge_index=[2, 26], edge_attr=[26, 2], y=5.0, custom_label=0.29411766, min_label=0, max_label=17, instance_name='p29.txt');0.29411765933036804;3.079120233451249e-06;3.605946652385228e-09;0.0
Data(x=[45, 11], edge_index=[2, 26], edge_attr=[26, 2], y=4.0, custom_label=0.23529412, min_label=0, max_label=17, instance_name='p29.txt');0.23529411852359772;8.716484444448724e-06;8.953358610064299e-10;0.0
Data(x=[45, 11], edge_index=[2, 26], edge_attr=[26, 2], y=3.0, custom_label=0.1764706, min_label=0, max_label=17, instance_name='p29.txt');0.1764705926179886;1.3143516071068007e-06;3.210519480489893e-06;0.0
Data(x=[45, 11], edge_index=[2, 26], edge_attr=[26, 2], y=2.0, custom_label=0.11764706, min_label=0, max_label=17, instance_name='p29.txt');0.11764705926179886;3.0791229619353544e-06;3.6059537578125855e-09;0.0
Data(x=[45, 11], edge_index=[2, 26], edge_attr=[26, 2], y=1.0, custom_label=0.05882353, min_label=0, max_label=17, instance_name='p29.txt');0.05882352963089943;8.716484444448724e-06;8.953358610064299e-10;0.0
Data(x=[45, 11], edge_index=[2, 26], edge_attr=[26, 2], y=0.0, custom_label=0.0, min_label=0, max_label=17, instance_name='p29.txt');0.0;4.390454577674063e-08;6.854447998777546e-12;0.0
Data(x=[50, 11], edge_index=[2, 26], edge_attr=[26, 2], y=16.0, custom_label=0.9411765, min_label=0, max_label=17, instance_name='p29.txt');0.9411764740943909;1.5474530300707556e-05;5.209032565289817e-07;0.03679678961634636
Data(x=[50, 11], edge_index=[2, 26], edge_attr=[26, 2], y=15.0, custom_label=0.88235295, min_label=0, max_label=17, instance_name='p29.txt');0.8823529481887817;1.5474530300707556e-05;5.209042228671024e-07;0.03679678961634636
Data(x=[50, 11], edge_index=[2, 26], edge_attr=[26, 2], y=14.0, custom_label=0.8235294, min_label=0, max_label=17, instance_name='p29.txt');0.8235294222831726;1.5474499377887696e-05;5.209032565289817e-07;0.03679678961634636
Data(x=[50, 11], edge_index=[2, 26], edge_attr=[26, 2], y=13.0, custom_label=0.7647059, min_label=0, max_label=17, instance_name='p29.txt');0.7647058963775635;1.5474530300707556e-05;5.209032565289817e-07;0.03679678961634636
Data(x=[50, 11], edge_index=[2, 26], edge_attr=[26, 2], y=12.0, custom_label=0.7058824, min_label=0, max_label=17, instance_name='p29.txt');0.7058823704719543;1.5474499377887696e-05;5.209032565289817e-07;0.03679678961634636
Data(x=[50, 11], edge_index=[2, 26], edge_attr=[26, 2], y=11.0, custom_label=0.64705884, min_label=0, max_label=17, instance_name='p29.txt');0.6470588445663452;7.072717835399089e-06;4.167786391917616e-05;0.03679678961634636
Data(x=[50, 11], edge_index=[2, 26], edge_attr=[26, 2], y=10.0, custom_label=0.5882353, min_label=0, max_label=17, instance_name='p29.txt');0.5882353186607361;3.95904244214762e-05;7.748772645754798e-07;0.03679678961634636
Data(x=[50, 11], edge_index=[2, 26], edge_attr=[26, 2], y=9.0, custom_label=0.5294118, min_label=0, max_label=17, instance_name='p29.txt');0.529411792755127;0.00010094408207805827;2.2187262516126793e-07;0.03679678961634636
Data(x=[50, 11], edge_index=[2, 26], edge_attr=[26, 2], y=8.0, custom_label=0.47058824, min_label=0, max_label=17, instance_name='p29.txt');0.47058823704719543;3.959046080126427e-05;7.748772645754798e-07;0.03679678961634636
Data(x=[50, 11], edge_index=[2, 26], edge_attr=[26, 2], y=7.0, custom_label=0.4117647, min_label=0, max_label=17, instance_name='p29.txt');0.4117647111415863;3.959046080126427e-05;7.748772645754798e-07;0.03679678961634636
Data(x=[50, 11], edge_index=[2, 26], edge_attr=[26, 2], y=6.0, custom_label=0.3529412, min_label=0, max_label=17, instance_name='p29.txt');0.3529411852359772;0.0012408213224262;0.02683626115322113;0.03679678961634636
Data(x=[50, 11], edge_index=[2, 26], edge_attr=[26, 2], y=5.0, custom_label=0.29411766, min_label=0, max_label=17, instance_name='p29.txt');0.29411765933036804;1.810476533137262e-05;6.186839164001867e-05;0.03679678961634636
Data(x=[50, 11], edge_index=[2, 26], edge_attr=[26, 2], y=4.0, custom_label=0.23529412, min_label=0, max_label=17, instance_name='p29.txt');0.23529411852359772;3.959046080126427e-05;7.748772645754798e-07;0.03679678961634636
Data(x=[50, 11], edge_index=[2, 26], edge_attr=[26, 2], y=3.0, custom_label=0.1764706, min_label=0, max_label=17, instance_name='p29.txt');0.1764705926179886;3.959046080126427e-05;7.748772645754798e-07;0.03679678961634636
Data(x=[50, 11], edge_index=[2, 26], edge_attr=[26, 2], y=2.0, custom_label=0.11764706, min_label=0, max_label=17, instance_name='p29.txt');0.11764705926179886;5.930890256422572e-05;1.8137212691726745e-06;0.03679678961634636
Data(x=[50, 11], edge_index=[2, 26], edge_attr=[26, 2], y=1.0, custom_label=0.05882353, min_label=0, max_label=17, instance_name='p29.txt');0.05882352963089943;0.00015117594739422202;5.202335273679637e-07;0.03679678961634636
Data(x=[50, 11], edge_index=[2, 26], edge_attr=[26, 2], y=0.0, custom_label=0.0, min_label=0, max_label=17, instance_name='p29.txt');0.0;8.633643915345601e-07;2.6165034583414126e-09;0.03679678961634636
Data(x=[48, 11], edge_index=[2, 26], edge_attr=[26, 2], y=17.0, custom_label=1.0, min_label=0, max_label=17, instance_name='p29.txt');1.0;0.3138687312602997;0.14933811128139496;4.900197955873354e-22
Data(x=[48, 11], edge_index=[2, 26], edge_attr=[26, 2], y=16.0, custom_label=0.9411765, min_label=0, max_label=17, instance_name='p29.txt');0.9411764740943909;0.17090265452861786;0.07934815436601639;4.900197955873354e-22
Data(x=[48, 11], edge_index=[2, 26], edge_attr=[26, 2], y=15.0, custom_label=0.88235295, min_label=0, max_label=17, instance_name='p29.txt');0.8823529481887817;0.189578115940094;0.08573286235332489;4.900197955873354e-22
Data(x=[48, 11], edge_index=[2, 26], edge_attr=[26, 2], y=14.0, custom_label=0.8235294, min_label=0, max_label=17, instance_name='p29.txt');0.8235294222831726;0.1895781010389328;0.08573286235332489;4.900197955873354e-22
Data(x=[48, 11], edge_index=[2, 26], edge_attr=[26, 2], y=13.0, custom_label=0.7647059, min_label=0, max_label=17, instance_name='p29.txt');0.7647058963775635;0.15363642573356628;0.12075225263834;4.900197955873354e-22
Data(x=[48, 11], edge_index=[2, 26], edge_attr=[26, 2], y=12.0, custom_label=0.7058824, min_label=0, max_label=17, instance_name='p29.txt');0.7058823704719543;0.189578115940094;0.08573286235332489;4.900197955873354e-22
Data(x=[48, 11], edge_index=[2, 26], edge_attr=[26, 2], y=11.0, custom_label=0.64705884, min_label=0, max_label=17, instance_name='p29.txt');0.6470588445663452;0.189578115940094;0.08573286235332489;4.900197955873354e-22
Data(x=[48, 11], edge_index=[2, 26], edge_attr=[26, 2], y=10.0, custom_label=0.5882353, min_label=0, max_label=17, instance_name='p29.txt');0.5882353186607361;0.021864047273993492;0.01688973978161812;4.900197955873354e-22
Data(x=[48, 11], edge_index=[2, 26], edge_attr=[26, 2], y=9.0, custom_label=0.5294118, min_label=0, max_label=17, instance_name='p29.txt');0.529411792755127;0.021864047273993492;0.01688973978161812;4.900197955873354e-22
Data(x=[48, 11], edge_index=[2, 26], edge_attr=[26, 2], y=8.0, custom_label=0.47058824, min_label=0, max_label=17, instance_name='p29.txt');0.47058823704719543;0.00027626377413980663;2.447032784402836e-05;4.900197955873354e-22
Data(x=[48, 11], edge_index=[2, 26], edge_attr=[26, 2], y=7.0, custom_label=0.4117647, min_label=0, max_label=17, instance_name='p29.txt');0.4117647111415863;0.00027626377413980663;2.447032784402836e-05;4.900197955873354e-22
Data(x=[48, 11], edge_index=[2, 26], edge_attr=[26, 2], y=6.0, custom_label=0.3529412, min_label=0, max_label=17, instance_name='p29.txt');0.3529411852359772;8.953978976933286e-06;4.0748208363083904e-08;4.900197955873354e-22
Data(x=[48, 11], edge_index=[2, 26], edge_attr=[26, 2], y=5.0, custom_label=0.29411766, min_label=0, max_label=17, instance_name='p29.txt');0.29411765933036804;8.953978976933286e-06;4.0748208363083904e-08;4.900197955873354e-22
Data(x=[48, 11], edge_index=[2, 26], edge_attr=[26, 2], y=4.0, custom_label=0.23529412, min_label=0, max_label=17, instance_name='p29.txt');0.23529411852359772;8.953962606028654e-06;4.0748290075498517e-08;4.900197955873354e-22
Data(x=[48, 11], edge_index=[2, 26], edge_attr=[26, 2], y=3.0, custom_label=0.1764706, min_label=0, max_label=17, instance_name='p29.txt');0.1764705926179886;3.957512490160298e-06;3.944404397770995e-06;4.900197955873354e-22
Data(x=[48, 11], edge_index=[2, 26], edge_attr=[26, 2], y=2.0, custom_label=0.11764706, min_label=0, max_label=17, instance_name='p29.txt');0.11764705926179886;8.953978976933286e-06;4.0748290075498517e-08;4.900197955873354e-22
Data(x=[48, 11], edge_index=[2, 26], edge_attr=[26, 2], y=1.0, custom_label=0.05882353, min_label=0, max_label=17, instance_name='p29.txt');0.05882352963089943;8.953978976933286e-06;4.0748208363083904e-08;4.900197955873354e-22
Data(x=[48, 11], edge_index=[2, 26], edge_attr=[26, 2], y=0.0, custom_label=0.0, min_label=0, max_label=17, instance_name='p29.txt');0.0;1.6624544230126048e-07;1.0827855972950218e-10;4.900197955873354e-22
Data(x=[47, 11], edge_index=[2, 26], edge_attr=[26, 2], y=4.0, custom_label=0.23529412, min_label=0, max_label=17, instance_name='p29.txt');0.23529411852359772;1.053452433552593e-05;1.4609507161367219e-05;6.701167094355508e-32
Data(x=[47, 11], edge_index=[2, 26], edge_attr=[26, 2], y=3.0, custom_label=0.1764706, min_label=0, max_label=17, instance_name='p29.txt');0.1764705926179886;1.6407844668719918e-05;1.2087519429826443e-08;6.701167094355508e-32
Data(x=[47, 11], edge_index=[2, 26], edge_attr=[26, 2], y=2.0, custom_label=0.11764706, min_label=0, max_label=17, instance_name='p29.txt');0.11764705926179886;0.0005456499056890607;4.815170177607797e-05;6.701167094355508e-32
Data(x=[47, 11], edge_index=[2, 26], edge_attr=[26, 2], y=1.0, custom_label=0.05882353, min_label=0, max_label=17, instance_name='p29.txt');0.05882352963089943;6.058560302335536e-06;4.587311508430503e-08;6.701167094355508e-32
Data(x=[47, 11], edge_index=[2, 26], edge_attr=[26, 2], y=0.0, custom_label=0.0, min_label=0, max_label=17, instance_name='p29.txt');0.0;6.723281842369033e-08;4.335293929402795e-11;6.701167094355508e-32
