item;Label;GATModel;GENModel;GINEModel
Data(x=[49, 1], edge_index=[2, 52], edge_attr=[52, 3], y=49.0, custom_label=1.0, min_label=0, max_label=49, instance_name='p01.txt');1.0;0.23499329388141632;0.7360663414001465;4.0150612790057494e-07
Data(x=[49, 1], edge_index=[2, 52], edge_attr=[52, 3], y=48.0, custom_label=0.97959185, min_label=0, max_label=49, instance_name='p01.txt');0.9795918464660645;0.23499329388141632;0.7360663414001465;4.0150612790057494e-07
Data(x=[49, 1], edge_index=[2, 52], edge_attr=[52, 3], y=47.0, custom_label=0.9591837, min_label=0, max_label=49, instance_name='p01.txt');0.9591836929321289;0.23499329388141632;0.7360663414001465;4.0150612790057494e-07
Data(x=[49, 1], edge_index=[2, 52], edge_attr=[52, 3], y=46.0, custom_label=0.93877554, min_label=0, max_label=49, instance_name='p01.txt');0.9387755393981934;0.23499329388141632;0.7360663414001465;4.0150612790057494e-07
Data(x=[49, 1], edge_index=[2, 52], edge_attr=[52, 3], y=45.0, custom_label=0.9183673, min_label=0, max_label=49, instance_name='p01.txt');0.918367326259613;0.23499329388141632;0.7360663414001465;4.0150612790057494e-07
Data(x=[49, 1], edge_index=[2, 52], edge_attr=[52, 3], y=44.0, custom_label=0.8979592, min_label=0, max_label=49, instance_name='p01.txt');0.8979591727256775;0.23499329388141632;0.7360663414001465;4.0150612790057494e-07
Data(x=[49, 1], edge_index=[2, 52], edge_attr=[52, 3], y=43.0, custom_label=0.877551, min_label=0, max_label=49, instance_name='p01.txt');0.8775510191917419;0.23499329388141632;0.7360663414001465;4.0150612790057494e-07
Data(x=[49, 1], edge_index=[2, 52], edge_attr=[52, 3], y=42.0, custom_label=0.85714287, min_label=0, max_label=49, instance_name='p01.txt');0.8571428656578064;0.23499329388141632;0.7360663414001465;4.0150612790057494e-07
Data(x=[49, 1], edge_index=[2, 52], edge_attr=[52, 3], y=41.0, custom_label=0.8367347, min_label=0, max_label=49, instance_name='p01.txt');0.8367347121238708;0.23499329388141632;0.7360663414001465;4.0150612790057494e-07
Data(x=[49, 1], edge_index=[2, 52], edge_attr=[52, 3], y=40.0, custom_label=0.81632656, min_label=0, max_label=49, instance_name='p01.txt');0.8163265585899353;0.23499329388141632;0.7360663414001465;4.0150612790057494e-07
Data(x=[49, 1], edge_index=[2, 52], edge_attr=[52, 3], y=39.0, custom_label=0.79591835, min_label=0, max_label=49, instance_name='p01.txt');0.795918345451355;0.23499329388141632;0.7360663414001465;4.0150612790057494e-07
Data(x=[49, 1], edge_index=[2, 52], edge_attr=[52, 3], y=38.0, custom_label=0.7755102, min_label=0, max_label=49, instance_name='p01.txt');0.7755101919174194;0.23499329388141632;0.7360663414001465;4.0150612790057494e-07
Data(x=[49, 1], edge_index=[2, 52], edge_attr=[52, 3], y=37.0, custom_label=0.75510204, min_label=0, max_label=49, instance_name='p01.txt');0.7551020383834839;0.23499329388141632;0.7360663414001465;4.0150612790057494e-07
Data(x=[49, 1], edge_index=[2, 52], edge_attr=[52, 3], y=36.0, custom_label=0.7346939, min_label=0, max_label=49, instance_name='p01.txt');0.7346938848495483;0.23499329388141632;0.7360663414001465;4.0150612790057494e-07
Data(x=[49, 1], edge_index=[2, 52], edge_attr=[52, 3], y=35.0, custom_label=0.71428573, min_label=0, max_label=49, instance_name='p01.txt');0.7142857313156128;0.23499329388141632;0.7360663414001465;4.0150612790057494e-07
Data(x=[49, 1], edge_index=[2, 52], edge_attr=[52, 3], y=34.0, custom_label=0.6938776, min_label=0, max_label=49, instance_name='p01.txt');0.6938775777816772;0.23499329388141632;0.7360663414001465;4.0150612790057494e-07
Data(x=[49, 1], edge_index=[2, 52], edge_attr=[52, 3], y=33.0, custom_label=0.67346936, min_label=0, max_label=49, instance_name='p01.txt');0.6734693646430969;0.23499329388141632;0.7360663414001465;4.0150612790057494e-07
Data(x=[49, 1], edge_index=[2, 52], edge_attr=[52, 3], y=32.0, custom_label=0.6530612, min_label=0, max_label=49, instance_name='p01.txt');0.6530612111091614;0.23499329388141632;0.7360663414001465;4.0150612790057494e-07
Data(x=[49, 1], edge_index=[2, 52], edge_attr=[52, 3], y=31.0, custom_label=0.63265306, min_label=0, max_label=49, instance_name='p01.txt');0.6326530575752258;0.23499329388141632;0.7360663414001465;4.0150612790057494e-07
Data(x=[49, 1], edge_index=[2, 52], edge_attr=[52, 3], y=30.0, custom_label=0.6122449, min_label=0, max_label=49, instance_name='p01.txt');0.6122449040412903;0.23499329388141632;0.7360663414001465;4.0150612790057494e-07
Data(x=[49, 1], edge_index=[2, 52], edge_attr=[52, 3], y=29.0, custom_label=0.59183675, min_label=0, max_label=49, instance_name='p01.txt');0.5918367505073547;0.23499329388141632;0.7360663414001465;4.0150612790057494e-07
Data(x=[49, 1], edge_index=[2, 52], edge_attr=[52, 3], y=28.0, custom_label=0.5714286, min_label=0, max_label=49, instance_name='p01.txt');0.5714285969734192;0.23499329388141632;0.7360663414001465;4.0150612790057494e-07
Data(x=[49, 1], edge_index=[2, 52], edge_attr=[52, 3], y=27.0, custom_label=0.5510204, min_label=0, max_label=49, instance_name='p01.txt');0.5510203838348389;0.23499329388141632;0.7360663414001465;4.0150612790057494e-07
Data(x=[49, 1], edge_index=[2, 52], edge_attr=[52, 3], y=26.0, custom_label=0.53061223, min_label=0, max_label=49, instance_name='p01.txt');0.5306122303009033;0.23499329388141632;0.7360663414001465;4.0150612790057494e-07
Data(x=[49, 1], edge_index=[2, 52], edge_attr=[52, 3], y=25.0, custom_label=0.5102041, min_label=0, max_label=49, instance_name='p01.txt');0.5102040767669678;0.23499329388141632;0.7360663414001465;4.0150612790057494e-07
Data(x=[50, 1], edge_index=[2, 54], edge_attr=[54, 3], y=24.0, custom_label=0.48979592, min_label=0, max_label=49, instance_name='p01.txt');0.4897959232330322;0.23499329388141632;0.2783295512199402;4.0150612790057494e-07
Data(x=[50, 1], edge_index=[2, 54], edge_attr=[54, 3], y=23.0, custom_label=0.46938777, min_label=0, max_label=49, instance_name='p01.txt');0.4693877696990967;0.23499329388141632;0.2783295512199402;4.0150612790057494e-07
Data(x=[50, 1], edge_index=[2, 54], edge_attr=[54, 3], y=22.0, custom_label=0.4489796, min_label=0, max_label=49, instance_name='p01.txt');0.44897958636283875;0.23499329388141632;0.2783295512199402;4.0150612790057494e-07
Data(x=[50, 1], edge_index=[2, 54], edge_attr=[54, 3], y=21.0, custom_label=0.42857143, min_label=0, max_label=49, instance_name='p01.txt');0.4285714328289032;0.23499329388141632;0.2783295512199402;4.0150612790057494e-07
Data(x=[50, 1], edge_index=[2, 54], edge_attr=[54, 3], y=20.0, custom_label=0.40816328, min_label=0, max_label=49, instance_name='p01.txt');0.40816327929496765;0.23499329388141632;0.2783295512199402;4.0150612790057494e-07
Data(x=[50, 1], edge_index=[2, 54], edge_attr=[54, 3], y=19.0, custom_label=0.3877551, min_label=0, max_label=49, instance_name='p01.txt');0.3877550959587097;0.23499329388141632;0.2783295512199402;4.0150612790057494e-07
Data(x=[50, 1], edge_index=[2, 54], edge_attr=[54, 3], y=18.0, custom_label=0.36734694, min_label=0, max_label=49, instance_name='p01.txt');0.36734694242477417;0.23499329388141632;0.2783295512199402;4.0150612790057494e-07
Data(x=[50, 1], edge_index=[2, 54], edge_attr=[54, 3], y=17.0, custom_label=0.3469388, min_label=0, max_label=49, instance_name='p01.txt');0.3469387888908386;0.23499329388141632;0.2783295512199402;4.0150612790057494e-07
Data(x=[50, 1], edge_index=[2, 54], edge_attr=[54, 3], y=16.0, custom_label=0.3265306, min_label=0, max_label=49, instance_name='p01.txt');0.3265306055545807;0.23499329388141632;0.2783295512199402;4.0150612790057494e-07
Data(x=[50, 1], edge_index=[2, 54], edge_attr=[54, 3], y=15.0, custom_label=0.30612245, min_label=0, max_label=49, instance_name='p01.txt');0.30612245202064514;0.23499329388141632;0.2783295512199402;4.0150612790057494e-07
Data(x=[50, 1], edge_index=[2, 54], edge_attr=[54, 3], y=14.0, custom_label=0.2857143, min_label=0, max_label=49, instance_name='p01.txt');0.2857142984867096;0.23499329388141632;0.2783295512199402;4.0150612790057494e-07
Data(x=[50, 1], edge_index=[2, 54], edge_attr=[54, 3], y=13.0, custom_label=0.26530612, min_label=0, max_label=49, instance_name='p01.txt');0.26530611515045166;0.23499329388141632;0.2783295512199402;4.0150612790057494e-07
Data(x=[50, 1], edge_index=[2, 54], edge_attr=[54, 3], y=12.0, custom_label=0.24489796, min_label=0, max_label=49, instance_name='p01.txt');0.2448979616165161;0.23499329388141632;0.2783295512199402;4.0150612790057494e-07
Data(x=[50, 1], edge_index=[2, 54], edge_attr=[54, 3], y=11.0, custom_label=0.2244898, min_label=0, max_label=49, instance_name='p01.txt');0.22448979318141937;0.23499329388141632;0.2783295512199402;4.0150612790057494e-07
Data(x=[50, 1], edge_index=[2, 54], edge_attr=[54, 3], y=10.0, custom_label=0.20408164, min_label=0, max_label=49, instance_name='p01.txt');0.20408163964748383;0.23499329388141632;0.2783295512199402;4.0150612790057494e-07
Data(x=[50, 1], edge_index=[2, 54], edge_attr=[54, 3], y=9.0, custom_label=0.18367347, min_label=0, max_label=49, instance_name='p01.txt');0.18367347121238708;0.23499329388141632;0.2783295512199402;4.0150612790057494e-07
Data(x=[50, 1], edge_index=[2, 54], edge_attr=[54, 3], y=8.0, custom_label=0.1632653, min_label=0, max_label=49, instance_name='p01.txt');0.16326530277729034;0.23499329388141632;0.2783295512199402;4.0150612790057494e-07
Data(x=[50, 1], edge_index=[2, 54], edge_attr=[54, 3], y=7.0, custom_label=0.14285715, min_label=0, max_label=49, instance_name='p01.txt');0.1428571492433548;0.23499329388141632;0.2783295512199402;4.0150612790057494e-07
Data(x=[50, 1], edge_index=[2, 54], edge_attr=[54, 3], y=6.0, custom_label=0.12244898, min_label=0, max_label=49, instance_name='p01.txt');0.12244898080825806;0.23499329388141632;0.2783295512199402;4.0150612790057494e-07
Data(x=[50, 1], edge_index=[2, 54], edge_attr=[54, 3], y=5.0, custom_label=0.10204082, min_label=0, max_label=49, instance_name='p01.txt');0.10204081982374191;0.23499329388141632;0.2783295512199402;4.0150612790057494e-07
Data(x=[50, 1], edge_index=[2, 54], edge_attr=[54, 3], y=4.0, custom_label=0.08163265, min_label=0, max_label=49, instance_name='p01.txt');0.08163265138864517;0.23499329388141632;0.2783295512199402;4.0150612790057494e-07
Data(x=[50, 1], edge_index=[2, 54], edge_attr=[54, 3], y=3.0, custom_label=0.06122449, min_label=0, max_label=49, instance_name='p01.txt');0.06122449040412903;0.23499329388141632;0.2783295512199402;4.0150612790057494e-07
Data(x=[50, 1], edge_index=[2, 54], edge_attr=[54, 3], y=2.0, custom_label=0.040816326, min_label=0, max_label=49, instance_name='p01.txt');0.040816325694322586;0.23499329388141632;0.2783295512199402;4.0150612790057494e-07
Data(x=[50, 1], edge_index=[2, 54], edge_attr=[54, 3], y=1.0, custom_label=0.020408163, min_label=0, max_label=49, instance_name='p01.txt');0.020408162847161293;0.23499329388141632;0.2783295512199402;4.0150612790057494e-07
Data(x=[51, 1], edge_index=[2, 56], edge_attr=[56, 3], y=0.0, custom_label=0.0, min_label=0, max_label=49, instance_name='p01.txt');0.0;0.23499329388141632;0.06784079968929291;4.0150612790057494e-07
Data(x=[31, 1], edge_index=[2, 38], edge_attr=[38, 3], y=0.0, custom_label=0.0, min_label=0, max_label=49, instance_name='p01.txt');0.0;0.23499329388141632;0.0037738734390586615;4.0150612790057494e-07
Data(x=[31, 1], edge_index=[2, 38], edge_attr=[38, 3], y=0.0, custom_label=0.0, min_label=0, max_label=49, instance_name='p01.txt');0.0;0.23499329388141632;0.030794641003012657;4.0150612790057494e-07
Data(x=[28, 1], edge_index=[2, 34], edge_attr=[34, 3], y=0.0, custom_label=0.0, min_label=0, max_label=49, instance_name='p01.txt');0.0;0.23499329388141632;0.03532743453979492;4.0150612790057494e-07
Data(x=[29, 1], edge_index=[2, 36], edge_attr=[36, 3], y=0.0, custom_label=0.0, min_label=0, max_label=49, instance_name='p01.txt');0.0;0.23499329388141632;0.02864290215075016;0.0
Data(x=[24, 1], edge_index=[2, 30], edge_attr=[30, 3], y=0.0, custom_label=0.0, min_label=0, max_label=49, instance_name='p01.txt');0.0;0.23499329388141632;0.0304403156042099;4.0150612790057494e-07
Data(x=[29, 1], edge_index=[2, 34], edge_attr=[34, 3], y=0.0, custom_label=0.0, min_label=0, max_label=49, instance_name='p01.txt');0.0;0.23499329388141632;0.04387269169092178;4.0150612790057494e-07
Data(x=[40, 1], edge_index=[2, 48], edge_attr=[48, 3], y=0.0, custom_label=0.0, min_label=0, max_label=49, instance_name='p01.txt');0.0;0.23499329388141632;0.005511803552508354;0.0
Data(x=[32, 1], edge_index=[2, 38], edge_attr=[38, 3], y=0.0, custom_label=0.0, min_label=0, max_label=49, instance_name='p01.txt');0.0;0.23499329388141632;0.006150173023343086;0.0
Data(x=[40, 1], edge_index=[2, 46], edge_attr=[46, 3], y=0.0, custom_label=0.0, min_label=0, max_label=49, instance_name='p01.txt');0.0;0.23499329388141632;0.04763723537325859;4.0150612790057494e-07
Data(x=[28, 1], edge_index=[2, 34], edge_attr=[34, 3], y=0.0, custom_label=0.0, min_label=0, max_label=49, instance_name='p01.txt');0.0;0.23499329388141632;0.03532743453979492;4.0150612790057494e-07
Data(x=[31, 1], edge_index=[2, 38], edge_attr=[38, 3], y=0.0, custom_label=0.0, min_label=0, max_label=49, instance_name='p01.txt');0.0;0.23499329388141632;0.0037738734390586615;0.0
Data(x=[30, 1], edge_index=[2, 36], edge_attr=[36, 3], y=0.0, custom_label=0.0, min_label=0, max_label=49, instance_name='p01.txt');0.0;0.23499329388141632;0.005138733424246311;0.0
Data(x=[27, 1], edge_index=[2, 34], edge_attr=[34, 3], y=0.0, custom_label=0.0, min_label=0, max_label=49, instance_name='p01.txt');0.0;0.23499329388141632;0.00237413146533072;0.0
Data(x=[27, 1], edge_index=[2, 34], edge_attr=[34, 3], y=0.0, custom_label=0.0, min_label=0, max_label=49, instance_name='p01.txt');0.0;0.23499329388141632;0.026417355984449387;0.0
Data(x=[28, 1], edge_index=[2, 34], edge_attr=[34, 3], y=0.0, custom_label=0.0, min_label=0, max_label=49, instance_name='p01.txt');0.0;0.23499329388141632;0.004190975334495306;0.0
Data(x=[29, 1], edge_index=[2, 36], edge_attr=[36, 3], y=0.0, custom_label=0.0, min_label=0, max_label=49, instance_name='p01.txt');0.0;0.23499329388141632;0.00303873629309237;4.0150612790057494e-07
Data(x=[32, 1], edge_index=[2, 38], edge_attr=[38, 3], y=0.0, custom_label=0.0, min_label=0, max_label=49, instance_name='p01.txt');0.0;0.23499329388141632;0.03970041871070862;4.0150612790057494e-07
Data(x=[25, 1], edge_index=[2, 30], edge_attr=[30, 3], y=0.0, custom_label=0.0, min_label=0, max_label=49, instance_name='p01.txt');0.0;0.23499329388141632;0.03890633210539818;4.0150612790057494e-07
Data(x=[36, 1], edge_index=[2, 44], edge_attr=[44, 3], y=0.0, custom_label=0.0, min_label=0, max_label=49, instance_name='p01.txt');0.0;0.23499329388141632;0.004028255119919777;0.0
Data(x=[35, 1], edge_index=[2, 40], edge_attr=[40, 3], y=0.0, custom_label=0.0, min_label=0, max_label=49, instance_name='p01.txt');0.0;0.23499329388141632;0.0503377690911293;4.0150612790057494e-07
Data(x=[38, 1], edge_index=[2, 46], edge_attr=[46, 3], y=0.0, custom_label=0.0, min_label=0, max_label=49, instance_name='p01.txt');0.0;0.23499329388141632;0.00474973488599062;4.0150612790057494e-07
Data(x=[39, 1], edge_index=[2, 46], edge_attr=[46, 3], y=0.0, custom_label=0.0, min_label=0, max_label=49, instance_name='p01.txt');0.0;0.23499329388141632;0.007281235884875059;4.0150612790057494e-07
Data(x=[34, 1], edge_index=[2, 40], edge_attr=[40, 3], y=0.0, custom_label=0.0, min_label=0, max_label=49, instance_name='p01.txt');0.0;0.23499329388141632;0.005406817886978388;4.0150612790057494e-07
Data(x=[40, 1], edge_index=[2, 48], edge_attr=[48, 3], y=0.0, custom_label=0.0, min_label=0, max_label=49, instance_name='p01.txt');0.0;0.23499329388141632;0.00551180075854063;0.0
Data(x=[28, 1], edge_index=[2, 34], edge_attr=[34, 3], y=0.0, custom_label=0.0, min_label=0, max_label=49, instance_name='p01.txt');0.0;0.23499329388141632;0.00419097114354372;4.0150612790057494e-07
Data(x=[37, 1], edge_index=[2, 42], edge_attr=[42, 3], y=12.0, custom_label=0.24489796, min_label=0, max_label=49, instance_name='p01.txt');0.2448979616165161;0.23499329388141632;0.2835575342178345;4.0150612790057494e-07
Data(x=[37, 1], edge_index=[2, 42], edge_attr=[42, 3], y=11.0, custom_label=0.2244898, min_label=0, max_label=49, instance_name='p01.txt');0.22448979318141937;0.23499329388141632;0.2835575342178345;4.0150612790057494e-07
Data(x=[37, 1], edge_index=[2, 42], edge_attr=[42, 3], y=10.0, custom_label=0.20408164, min_label=0, max_label=49, instance_name='p01.txt');0.20408163964748383;0.23499329388141632;0.2835575342178345;4.0150612790057494e-07
Data(x=[37, 1], edge_index=[2, 42], edge_attr=[42, 3], y=9.0, custom_label=0.18367347, min_label=0, max_label=49, instance_name='p01.txt');0.18367347121238708;0.23499329388141632;0.2677444517612457;4.0150612790057494e-07
Data(x=[37, 1], edge_index=[2, 42], edge_attr=[42, 3], y=8.0, custom_label=0.1632653, min_label=0, max_label=49, instance_name='p01.txt');0.16326530277729034;0.23499329388141632;0.2835575342178345;4.0150612790057494e-07
Data(x=[37, 1], edge_index=[2, 42], edge_attr=[42, 3], y=7.0, custom_label=0.14285715, min_label=0, max_label=49, instance_name='p01.txt');0.1428571492433548;0.23499329388141632;0.2835575342178345;4.0150612790057494e-07
Data(x=[36, 1], edge_index=[2, 40], edge_attr=[40, 3], y=6.0, custom_label=0.12244898, min_label=0, max_label=49, instance_name='p01.txt');0.12244898080825806;0.23499329388141632;0.3201460540294647;4.0150612790057494e-07
Data(x=[36, 1], edge_index=[2, 40], edge_attr=[40, 3], y=5.0, custom_label=0.10204082, min_label=0, max_label=49, instance_name='p01.txt');0.10204081982374191;0.23499329388141632;0.3201460540294647;4.0150612790057494e-07
Data(x=[36, 1], edge_index=[2, 40], edge_attr=[40, 3], y=4.0, custom_label=0.08163265, min_label=0, max_label=49, instance_name='p01.txt');0.08163265138864517;0.23499329388141632;0.3201460540294647;4.0150612790057494e-07
Data(x=[36, 1], edge_index=[2, 40], edge_attr=[40, 3], y=3.0, custom_label=0.06122449, min_label=0, max_label=49, instance_name='p01.txt');0.06122449040412903;0.23499329388141632;0.3201460540294647;4.0150612790057494e-07
Data(x=[36, 1], edge_index=[2, 40], edge_attr=[40, 3], y=2.0, custom_label=0.040816326, min_label=0, max_label=49, instance_name='p01.txt');0.040816325694322586;0.23499329388141632;0.3201460540294647;4.0150612790057494e-07
Data(x=[36, 1], edge_index=[2, 40], edge_attr=[40, 3], y=1.0, custom_label=0.020408163, min_label=0, max_label=49, instance_name='p01.txt');0.020408162847161293;0.23499329388141632;0.3201460540294647;4.0150612790057494e-07
Data(x=[37, 1], edge_index=[2, 42], edge_attr=[42, 3], y=0.0, custom_label=0.0, min_label=0, max_label=49, instance_name='p01.txt');0.0;0.23499329388141632;0.05247580260038376;4.0150612790057494e-07
Data(x=[42, 1], edge_index=[2, 50], edge_attr=[50, 3], y=0.0, custom_label=0.0, min_label=0, max_label=49, instance_name='p01.txt');0.0;0.23499329388141632;0.0063481577672064304;4.0150612790057494e-07
Data(x=[39, 1], edge_index=[2, 46], edge_attr=[46, 3], y=0.0, custom_label=0.0, min_label=0, max_label=49, instance_name='p01.txt');0.0;0.23499329388141632;0.03871315345168114;4.0150612790057494e-07
Data(x=[29, 1], edge_index=[2, 34], edge_attr=[34, 3], y=0.0, custom_label=0.0, min_label=0, max_label=49, instance_name='p01.txt');0.0;0.23499329388141632;0.04387269169092178;4.0150612790057494e-07
Data(x=[38, 1], edge_index=[2, 46], edge_attr=[46, 3], y=0.0, custom_label=0.0, min_label=0, max_label=49, instance_name='p01.txt');0.0;0.23499329388141632;0.00474973488599062;4.0150612790057494e-07
Data(x=[28, 1], edge_index=[2, 36], edge_attr=[36, 3], y=0.0, custom_label=0.0, min_label=0, max_label=49, instance_name='p01.txt');0.0;0.23499329388141632;0.0016897813184186816;0.0
Data(x=[30, 1], edge_index=[2, 36], edge_attr=[36, 3], y=0.0, custom_label=0.0, min_label=0, max_label=49, instance_name='p01.txt');0.0;0.23499329388141632;0.03757123276591301;0.0
Data(x=[33, 1], edge_index=[2, 38], edge_attr=[38, 3], y=0.0, custom_label=0.0, min_label=0, max_label=49, instance_name='p01.txt');0.0;0.23499329388141632;0.048243552446365356;4.0150612790057494e-07
Data(x=[29, 1], edge_index=[2, 36], edge_attr=[36, 3], y=0.0, custom_label=0.0, min_label=0, max_label=49, instance_name='p01.txt');0.0;0.23499329388141632;0.00303873629309237;0.0
Data(x=[33, 1], edge_index=[2, 40], edge_attr=[40, 3], y=0.0, custom_label=0.0, min_label=0, max_label=49, instance_name='p01.txt');0.0;0.23499329388141632;0.00028932964778505266;0.0
Data(x=[32, 1], edge_index=[2, 40], edge_attr=[40, 3], y=0.0, custom_label=0.0, min_label=0, max_label=49, instance_name='p01.txt');0.0;0.23499329388141632;0.0027439112309366465;0.0
Data(x=[25, 1], edge_index=[2, 32], edge_attr=[32, 3], y=0.0, custom_label=0.0, min_label=0, max_label=49, instance_name='p01.txt');0.0;0.23499329388141632;0.024100298061966896;0.0
Data(x=[28, 1], edge_index=[2, 34], edge_attr=[34, 3], y=0.0, custom_label=0.0, min_label=0, max_label=49, instance_name='p01.txt');0.0;0.23499329388141632;0.03532743453979492;4.0150612790057494e-07
Data(x=[41, 1], edge_index=[2, 44], edge_attr=[44, 3], y=35.0, custom_label=1.0, min_label=0, max_label=35, instance_name='p02.txt');1.0;0.23499329388141632;0.7600696682929993;4.0150612790057494e-07
Data(x=[41, 1], edge_index=[2, 44], edge_attr=[44, 3], y=34.0, custom_label=0.9714286, min_label=0, max_label=35, instance_name='p02.txt');0.9714285731315613;0.23499329388141632;0.7600696682929993;4.0150612790057494e-07
Data(x=[41, 1], edge_index=[2, 44], edge_attr=[44, 3], y=33.0, custom_label=0.94285715, min_label=0, max_label=35, instance_name='p02.txt');0.9428571462631226;0.23499329388141632;0.7600696682929993;4.0150612790057494e-07
Data(x=[41, 1], edge_index=[2, 44], edge_attr=[44, 3], y=32.0, custom_label=0.9142857, min_label=0, max_label=35, instance_name='p02.txt');0.9142857193946838;0.23499329388141632;0.7600696682929993;4.0150612790057494e-07
Data(x=[41, 1], edge_index=[2, 44], edge_attr=[44, 3], y=31.0, custom_label=0.8857143, min_label=0, max_label=35, instance_name='p02.txt');0.8857142925262451;0.23499329388141632;0.7600696682929993;4.0150612790057494e-07
Data(x=[41, 1], edge_index=[2, 44], edge_attr=[44, 3], y=30.0, custom_label=0.85714287, min_label=0, max_label=35, instance_name='p02.txt');0.8571428656578064;0.23499329388141632;0.7600696682929993;4.0150612790057494e-07
Data(x=[41, 1], edge_index=[2, 44], edge_attr=[44, 3], y=29.0, custom_label=0.82857144, min_label=0, max_label=35, instance_name='p02.txt');0.8285714387893677;0.23499329388141632;0.7600696682929993;4.0150612790057494e-07
Data(x=[41, 1], edge_index=[2, 44], edge_attr=[44, 3], y=28.0, custom_label=0.8, min_label=0, max_label=35, instance_name='p02.txt');0.800000011920929;0.23499329388141632;0.7600696682929993;4.0150612790057494e-07
Data(x=[41, 1], edge_index=[2, 44], edge_attr=[44, 3], y=27.0, custom_label=0.7714286, min_label=0, max_label=35, instance_name='p02.txt');0.7714285850524902;0.23499329388141632;0.7600696682929993;4.0150612790057494e-07
Data(x=[41, 1], edge_index=[2, 44], edge_attr=[44, 3], y=26.0, custom_label=0.74285716, min_label=0, max_label=35, instance_name='p02.txt');0.7428571581840515;0.23499329388141632;0.7600696682929993;4.0150612790057494e-07
Data(x=[41, 1], edge_index=[2, 44], edge_attr=[44, 3], y=25.0, custom_label=0.71428573, min_label=0, max_label=35, instance_name='p02.txt');0.7142857313156128;0.23499329388141632;0.7600696682929993;4.0150612790057494e-07
Data(x=[41, 1], edge_index=[2, 44], edge_attr=[44, 3], y=24.0, custom_label=0.6857143, min_label=0, max_label=35, instance_name='p02.txt');0.6857143044471741;0.23499329388141632;0.7600696682929993;4.0150612790057494e-07
Data(x=[41, 1], edge_index=[2, 44], edge_attr=[44, 3], y=23.0, custom_label=0.6571429, min_label=0, max_label=35, instance_name='p02.txt');0.6571428775787354;0.23499329388141632;0.7600696682929993;4.0150612790057494e-07
Data(x=[41, 1], edge_index=[2, 44], edge_attr=[44, 3], y=22.0, custom_label=0.62857145, min_label=0, max_label=35, instance_name='p02.txt');0.6285714507102966;0.23499329388141632;0.7600696682929993;4.0150612790057494e-07
Data(x=[41, 1], edge_index=[2, 44], edge_attr=[44, 3], y=21.0, custom_label=0.6, min_label=0, max_label=35, instance_name='p02.txt');0.6000000238418579;0.23499329388141632;0.7600696682929993;4.0150612790057494e-07
Data(x=[41, 1], edge_index=[2, 44], edge_attr=[44, 3], y=20.0, custom_label=0.5714286, min_label=0, max_label=35, instance_name='p02.txt');0.5714285969734192;0.23499329388141632;0.7600696682929993;4.0150612790057494e-07
Data(x=[41, 1], edge_index=[2, 44], edge_attr=[44, 3], y=19.0, custom_label=0.54285717, min_label=0, max_label=35, instance_name='p02.txt');0.5428571701049805;0.23499329388141632;0.7600696682929993;4.0150612790057494e-07
Data(x=[41, 1], edge_index=[2, 44], edge_attr=[44, 3], y=18.0, custom_label=0.51428574, min_label=0, max_label=35, instance_name='p02.txt');0.5142857432365417;0.23499329388141632;0.7600696682929993;4.0150612790057494e-07
Data(x=[41, 1], edge_index=[2, 44], edge_attr=[44, 3], y=17.0, custom_label=0.4857143, min_label=0, max_label=35, instance_name='p02.txt');0.48571428656578064;0.23499329388141632;0.7600696682929993;4.0150612790057494e-07
Data(x=[41, 1], edge_index=[2, 44], edge_attr=[44, 3], y=16.0, custom_label=0.45714286, min_label=0, max_label=35, instance_name='p02.txt');0.4571428596973419;0.23499329388141632;0.7600696682929993;4.0150612790057494e-07
Data(x=[41, 1], edge_index=[2, 44], edge_attr=[44, 3], y=15.0, custom_label=0.42857143, min_label=0, max_label=35, instance_name='p02.txt');0.4285714328289032;0.23499329388141632;0.7600696682929993;4.0150612790057494e-07
Data(x=[41, 1], edge_index=[2, 44], edge_attr=[44, 3], y=14.0, custom_label=0.4, min_label=0, max_label=35, instance_name='p02.txt');0.4000000059604645;0.23499329388141632;0.7600696682929993;4.0150612790057494e-07
Data(x=[41, 1], edge_index=[2, 44], edge_attr=[44, 3], y=13.0, custom_label=0.37142858, min_label=0, max_label=35, instance_name='p02.txt');0.37142857909202576;0.23499329388141632;0.7600696682929993;4.0150612790057494e-07
Data(x=[41, 1], edge_index=[2, 44], edge_attr=[44, 3], y=12.0, custom_label=0.34285715, min_label=0, max_label=35, instance_name='p02.txt');0.34285715222358704;0.23499329388141632;0.7600696682929993;4.0150612790057494e-07
Data(x=[41, 1], edge_index=[2, 44], edge_attr=[44, 3], y=11.0, custom_label=0.31428573, min_label=0, max_label=35, instance_name='p02.txt');0.3142857253551483;0.23499329388141632;0.7600696682929993;4.0150612790057494e-07
Data(x=[41, 1], edge_index=[2, 44], edge_attr=[44, 3], y=10.0, custom_label=0.2857143, min_label=0, max_label=35, instance_name='p02.txt');0.2857142984867096;0.23499329388141632;0.7600696682929993;4.0150612790057494e-07
Data(x=[41, 1], edge_index=[2, 44], edge_attr=[44, 3], y=9.0, custom_label=0.25714287, min_label=0, max_label=35, instance_name='p02.txt');0.2571428716182709;0.23499329388141632;0.7600696682929993;4.0150612790057494e-07
Data(x=[41, 1], edge_index=[2, 44], edge_attr=[44, 3], y=8.0, custom_label=0.22857143, min_label=0, max_label=35, instance_name='p02.txt');0.22857142984867096;0.23499329388141632;0.7600696682929993;4.0150612790057494e-07
Data(x=[41, 1], edge_index=[2, 44], edge_attr=[44, 3], y=7.0, custom_label=0.2, min_label=0, max_label=35, instance_name='p02.txt');0.20000000298023224;0.23499329388141632;0.7600696682929993;4.0150612790057494e-07
Data(x=[41, 1], edge_index=[2, 44], edge_attr=[44, 3], y=6.0, custom_label=0.17142858, min_label=0, max_label=35, instance_name='p02.txt');0.17142857611179352;0.23499329388141632;0.7600696682929993;4.0150612790057494e-07
Data(x=[41, 1], edge_index=[2, 44], edge_attr=[44, 3], y=5.0, custom_label=0.14285715, min_label=0, max_label=35, instance_name='p02.txt');0.1428571492433548;0.23499329388141632;0.7600696682929993;4.0150612790057494e-07
Data(x=[42, 1], edge_index=[2, 46], edge_attr=[46, 3], y=4.0, custom_label=0.114285715, min_label=0, max_label=35, instance_name='p02.txt');0.11428571492433548;0.23499329388141632;0.29830387234687805;4.0150612790057494e-07
Data(x=[42, 1], edge_index=[2, 46], edge_attr=[46, 3], y=3.0, custom_label=0.08571429, min_label=0, max_label=35, instance_name='p02.txt');0.08571428805589676;0.23499329388141632;0.29830387234687805;4.0150612790057494e-07
Data(x=[42, 1], edge_index=[2, 46], edge_attr=[46, 3], y=2.0, custom_label=0.057142857, min_label=0, max_label=35, instance_name='p02.txt');0.05714285746216774;0.23499329388141632;0.29830387234687805;4.0150612790057494e-07
Data(x=[42, 1], edge_index=[2, 46], edge_attr=[46, 3], y=1.0, custom_label=0.028571429, min_label=0, max_label=35, instance_name='p02.txt');0.02857142873108387;0.23499329388141632;0.29830387234687805;4.0150612790057494e-07
Data(x=[43, 1], edge_index=[2, 48], edge_attr=[48, 3], y=0.0, custom_label=0.0, min_label=0, max_label=35, instance_name='p02.txt');0.0;0.23499329388141632;0.05929010733962059;4.0150612790057494e-07
Data(x=[27, 1], edge_index=[2, 32], edge_attr=[32, 3], y=0.0, custom_label=0.0, min_label=0, max_label=35, instance_name='p02.txt');0.0;0.23499329388141632;0.04140954464673996;4.0150612790057494e-07
Data(x=[28, 1], edge_index=[2, 34], edge_attr=[34, 3], y=0.0, custom_label=0.0, min_label=0, max_label=35, instance_name='p02.txt');0.0;0.23499329388141632;0.03532743453979492;4.0150612790057494e-07
Data(x=[31, 1], edge_index=[2, 36], edge_attr=[36, 3], y=5.0, custom_label=0.14285715, min_label=0, max_label=35, instance_name='p02.txt');0.1428571492433548;0.23499329388141632;0.31048139929771423;4.0150612790057494e-07
Data(x=[31, 1], edge_index=[2, 36], edge_attr=[36, 3], y=4.0, custom_label=0.114285715, min_label=0, max_label=35, instance_name='p02.txt');0.11428571492433548;0.23499329388141632;0.31048139929771423;4.0150612790057494e-07
Data(x=[31, 1], edge_index=[2, 36], edge_attr=[36, 3], y=3.0, custom_label=0.08571429, min_label=0, max_label=35, instance_name='p02.txt');0.08571428805589676;0.23499329388141632;0.2917479872703552;4.0150612790057494e-07
Data(x=[31, 1], edge_index=[2, 36], edge_attr=[36, 3], y=2.0, custom_label=0.057142857, min_label=0, max_label=35, instance_name='p02.txt');0.05714285746216774;0.23499329388141632;0.31048139929771423;4.0150612790057494e-07
Data(x=[31, 1], edge_index=[2, 36], edge_attr=[36, 3], y=1.0, custom_label=0.028571429, min_label=0, max_label=35, instance_name='p02.txt');0.02857142873108387;0.23499329388141632;0.31048139929771423;4.0150612790057494e-07
Data(x=[31, 1], edge_index=[2, 36], edge_attr=[36, 3], y=0.0, custom_label=0.0, min_label=0, max_label=35, instance_name='p02.txt');0.0;0.23499329388141632;0.04619068279862404;4.0150612790057494e-07
Data(x=[20, 1], edge_index=[2, 26], edge_attr=[26, 3], y=0.0, custom_label=0.0, min_label=0, max_label=35, instance_name='p02.txt');0.0;0.23499329388141632;0.0012833660002797842;0.0
Data(x=[24, 1], edge_index=[2, 30], edge_attr=[30, 3], y=0.0, custom_label=0.0, min_label=0, max_label=35, instance_name='p02.txt');0.0;0.23499329388141632;0.001654642284847796;4.0150612790057494e-07
Data(x=[26, 1], edge_index=[2, 32], edge_attr=[32, 3], y=0.0, custom_label=0.0, min_label=0, max_label=35, instance_name='p02.txt');0.0;0.23499329388141632;0.0329633392393589;0.0
Data(x=[30, 1], edge_index=[2, 36], edge_attr=[36, 3], y=0.0, custom_label=0.0, min_label=0, max_label=35, instance_name='p02.txt');0.0;0.23499329388141632;0.005138738546520472;0.0
Data(x=[20, 1], edge_index=[2, 26], edge_attr=[26, 3], y=0.0, custom_label=0.0, min_label=0, max_label=35, instance_name='p02.txt');0.0;0.23499329388141632;0.024701951071619987;0.0
Data(x=[26, 1], edge_index=[2, 32], edge_attr=[32, 3], y=2.0, custom_label=0.057142857, min_label=0, max_label=35, instance_name='p02.txt');0.05714285746216774;0.23499329388141632;0.34424450993537903;0.0
Data(x=[25, 1], edge_index=[2, 30], edge_attr=[30, 3], y=1.0, custom_label=0.028571429, min_label=0, max_label=35, instance_name='p02.txt');0.02857142873108387;0.23499329388141632;0.40685078501701355;0.0
Data(x=[26, 1], edge_index=[2, 32], edge_attr=[32, 3], y=0.0, custom_label=0.0, min_label=0, max_label=35, instance_name='p02.txt');0.0;0.23499329388141632;0.0329633392393589;0.0
Data(x=[26, 1], edge_index=[2, 32], edge_attr=[32, 3], y=0.0, custom_label=0.0, min_label=0, max_label=35, instance_name='p02.txt');0.0;0.23499329388141632;0.0329633392393589;0.0
Data(x=[29, 1], edge_index=[2, 34], edge_attr=[34, 3], y=0.0, custom_label=0.0, min_label=0, max_label=35, instance_name='p02.txt');0.0;0.23499329388141632;0.04387268051505089;4.0150612790057494e-07
Data(x=[26, 1], edge_index=[2, 34], edge_attr=[34, 3], y=0.0, custom_label=0.0, min_label=0, max_label=35, instance_name='p02.txt');0.0;0.23499329388141632;0.0012563677737489343;0.0
Data(x=[39, 1], edge_index=[2, 46], edge_attr=[46, 3], y=0.0, custom_label=0.0, min_label=0, max_label=35, instance_name='p02.txt');0.0;0.23499329388141632;0.007281228434294462;4.0150612790057494e-07
Data(x=[24, 1], edge_index=[2, 30], edge_attr=[30, 3], y=0.0, custom_label=0.0, min_label=0, max_label=35, instance_name='p02.txt');0.0;0.23499329388141632;0.030440306290984154;0.0
Data(x=[36, 1], edge_index=[2, 44], edge_attr=[44, 3], y=0.0, custom_label=0.0, min_label=0, max_label=35, instance_name='p02.txt');0.0;0.23499329388141632;0.004028255119919777;0.0
Data(x=[37, 1], edge_index=[2, 44], edge_attr=[44, 3], y=0.0, custom_label=0.0, min_label=0, max_label=35, instance_name='p02.txt');0.0;0.23499329388141632;0.03690379485487938;4.0150612790057494e-07
Data(x=[19, 1], edge_index=[2, 26], edge_attr=[26, 3], y=0.0, custom_label=0.0, min_label=0, max_label=35, instance_name='p02.txt');0.0;0.23499329388141632;0.0005475241923704743;0.0
Data(x=[24, 1], edge_index=[2, 30], edge_attr=[30, 3], y=0.0, custom_label=0.0, min_label=0, max_label=35, instance_name='p02.txt');0.0;0.23499329388141632;0.0025385981425642967;0.0
Data(x=[28, 1], edge_index=[2, 36], edge_attr=[36, 3], y=0.0, custom_label=0.0, min_label=0, max_label=35, instance_name='p02.txt');0.0;0.23499329388141632;0.0016897829482331872;0.0
Data(x=[30, 1], edge_index=[2, 38], edge_attr=[38, 3], y=0.0, custom_label=0.0, min_label=0, max_label=35, instance_name='p02.txt');0.0;0.23499329388141632;0.002185352612286806;0.0
Data(x=[30, 1], edge_index=[2, 36], edge_attr=[36, 3], y=0.0, custom_label=0.0, min_label=0, max_label=35, instance_name='p02.txt');0.0;0.23499329388141632;0.03757121041417122;0.0
Data(x=[26, 1], edge_index=[2, 32], edge_attr=[32, 3], y=3.0, custom_label=0.08571429, min_label=0, max_label=35, instance_name='p02.txt');0.08571428805589676;0.23499329388141632;0.34424450993537903;0.0
Data(x=[25, 1], edge_index=[2, 30], edge_attr=[30, 3], y=2.0, custom_label=0.057142857, min_label=0, max_label=35, instance_name='p02.txt');0.05714285746216774;0.23499329388141632;0.40685078501701355;0.0
Data(x=[25, 1], edge_index=[2, 30], edge_attr=[30, 3], y=1.0, custom_label=0.028571429, min_label=0, max_label=35, instance_name='p02.txt');0.02857142873108387;0.23499329388141632;0.40685078501701355;0.0
Data(x=[26, 1], edge_index=[2, 32], edge_attr=[32, 3], y=0.0, custom_label=0.0, min_label=0, max_label=35, instance_name='p02.txt');0.0;0.23499329388141632;0.032963354140520096;0.0
Data(x=[28, 1], edge_index=[2, 34], edge_attr=[34, 3], y=0.0, custom_label=0.0, min_label=0, max_label=35, instance_name='p02.txt');0.0;0.23499329388141632;0.03532743453979492;4.0150612790057494e-07
Data(x=[30, 1], edge_index=[2, 38], edge_attr=[38, 3], y=0.0, custom_label=0.0, min_label=0, max_label=35, instance_name='p02.txt');0.0;0.23499329388141632;3.869983265758492e-05;0.0
Data(x=[27, 1], edge_index=[2, 34], edge_attr=[34, 3], y=0.0, custom_label=0.0, min_label=0, max_label=35, instance_name='p02.txt');0.0;0.23499329388141632;7.961551455082372e-05;0.0
Data(x=[26, 1], edge_index=[2, 32], edge_attr=[32, 3], y=0.0, custom_label=0.0, min_label=0, max_label=35, instance_name='p02.txt');0.0;0.23499329388141632;0.032963354140520096;0.0
Data(x=[36, 1], edge_index=[2, 42], edge_attr=[42, 3], y=0.0, custom_label=0.0, min_label=0, max_label=35, instance_name='p02.txt');0.0;0.23499329388141632;0.00838649831712246;4.0150612790057494e-07
Data(x=[22, 1], edge_index=[2, 28], edge_attr=[28, 3], y=0.0, custom_label=0.0, min_label=0, max_label=35, instance_name='p02.txt');0.0;0.23499329388141632;0.027703870087862015;0.0
Data(x=[26, 1], edge_index=[2, 34], edge_attr=[34, 3], y=0.0, custom_label=0.0, min_label=0, max_label=35, instance_name='p02.txt');0.0;0.23499329388141632;1.1689022358041257e-05;4.0150612790057494e-07
Data(x=[37, 1], edge_index=[2, 44], edge_attr=[44, 3], y=0.0, custom_label=0.0, min_label=0, max_label=35, instance_name='p02.txt');0.0;0.23499329388141632;0.006308449897915125;4.0150612790057494e-07
Data(x=[25, 1], edge_index=[2, 32], edge_attr=[32, 3], y=0.0, custom_label=0.0, min_label=0, max_label=35, instance_name='p02.txt');0.0;0.23499329388141632;0.0017855247715488076;0.0
Data(x=[26, 1], edge_index=[2, 32], edge_attr=[32, 3], y=0.0, custom_label=0.0, min_label=0, max_label=35, instance_name='p02.txt');0.0;0.23499329388141632;0.0022443037014454603;4.0150612790057494e-07
Data(x=[30, 1], edge_index=[2, 38], edge_attr=[38, 3], y=0.0, custom_label=0.0, min_label=0, max_label=35, instance_name='p02.txt');0.0;0.23499329388141632;0.002185352612286806;4.0150612790057494e-07
Data(x=[28, 1], edge_index=[2, 34], edge_attr=[34, 3], y=0.0, custom_label=0.0, min_label=0, max_label=35, instance_name='p02.txt');0.0;0.23499329388141632;0.03532743453979492;4.0150612790057494e-07
Data(x=[30, 1], edge_index=[2, 36], edge_attr=[36, 3], y=0.0, custom_label=0.0, min_label=0, max_label=35, instance_name='p02.txt');0.0;0.23499329388141632;0.005138733424246311;4.0150612790057494e-07
Data(x=[30, 1], edge_index=[2, 36], edge_attr=[36, 3], y=0.0, custom_label=0.0, min_label=0, max_label=35, instance_name='p02.txt');0.0;0.23499329388141632;0.005138735752552748;4.0150612790057494e-07
Data(x=[26, 1], edge_index=[2, 32], edge_attr=[32, 3], y=3.0, custom_label=0.08571429, min_label=0, max_label=35, instance_name='p02.txt');0.08571428805589676;0.23499329388141632;0.34424450993537903;4.0150612790057494e-07
Data(x=[26, 1], edge_index=[2, 32], edge_attr=[32, 3], y=2.0, custom_label=0.057142857, min_label=0, max_label=35, instance_name='p02.txt');0.05714285746216774;0.23499329388141632;0.34424450993537903;4.0150612790057494e-07
Data(x=[26, 1], edge_index=[2, 32], edge_attr=[32, 3], y=1.0, custom_label=0.028571429, min_label=0, max_label=35, instance_name='p02.txt');0.02857142873108387;0.23499329388141632;0.34424450993537903;4.0150612790057494e-07
Data(x=[27, 1], edge_index=[2, 34], edge_attr=[34, 3], y=0.0, custom_label=0.0, min_label=0, max_label=35, instance_name='p02.txt');0.0;0.23499329388141632;0.0023741303011775017;4.0150612790057494e-07
Data(x=[36, 1], edge_index=[2, 44], edge_attr=[44, 3], y=0.0, custom_label=0.0, min_label=0, max_label=35, instance_name='p02.txt');0.0;0.23499329388141632;0.004028255119919777;4.0150612790057494e-07
Data(x=[29, 1], edge_index=[2, 34], edge_attr=[34, 3], y=0.0, custom_label=0.0, min_label=0, max_label=35, instance_name='p02.txt');0.0;0.23499329388141632;0.04387269169092178;4.0150612790057494e-07
Data(x=[26, 1], edge_index=[2, 32], edge_attr=[32, 3], y=0.0, custom_label=0.0, min_label=0, max_label=35, instance_name='p02.txt');0.0;0.23499329388141632;0.003321300493553281;4.0150612790057494e-07
Data(x=[26, 1], edge_index=[2, 32], edge_attr=[32, 3], y=0.0, custom_label=0.0, min_label=0, max_label=35, instance_name='p02.txt');0.0;0.23499329388141632;0.032963354140520096;4.0150612790057494e-07
Data(x=[31, 1], edge_index=[2, 38], edge_attr=[38, 3], y=0.0, custom_label=0.0, min_label=0, max_label=35, instance_name='p02.txt');0.0;0.23499329388141632;0.0037738734390586615;0.0
Data(x=[22, 1], edge_index=[2, 30], edge_attr=[30, 3], y=0.0, custom_label=0.0, min_label=0, max_label=35, instance_name='p02.txt');0.0;0.23499329388141632;2.317501639481634e-06;0.0
Data(x=[24, 1], edge_index=[2, 30], edge_attr=[30, 3], y=0.0, custom_label=0.0, min_label=0, max_label=35, instance_name='p02.txt');0.0;0.23499329388141632;0.0025385981425642967;0.0
Data(x=[22, 1], edge_index=[2, 28], edge_attr=[28, 3], y=0.0, custom_label=0.0, min_label=0, max_label=35, instance_name='p02.txt');0.0;0.23499329388141632;0.027703894302248955;0.0
Data(x=[23, 1], edge_index=[2, 30], edge_attr=[30, 3], y=0.0, custom_label=0.0, min_label=0, max_label=35, instance_name='p02.txt');0.0;0.23499329388141632;0.0012851622886955738;0.0
Data(x=[37, 1], edge_index=[2, 44], edge_attr=[44, 3], y=0.0, custom_label=0.0, min_label=0, max_label=35, instance_name='p02.txt');0.0;0.23499329388141632;0.006308455485850573;4.0150612790057494e-07
Data(x=[24, 1], edge_index=[2, 30], edge_attr=[30, 3], y=0.0, custom_label=0.0, min_label=0, max_label=35, instance_name='p02.txt');0.0;0.23499329388141632;0.0016546414699405432;4.0150612790057494e-07
Data(x=[32, 1], edge_index=[2, 38], edge_attr=[38, 3], y=0.0, custom_label=0.0, min_label=0, max_label=35, instance_name='p02.txt');0.0;0.23499329388141632;0.03970041871070862;4.0150612790057494e-07
Data(x=[24, 1], edge_index=[2, 30], edge_attr=[30, 3], y=0.0, custom_label=0.0, min_label=0, max_label=35, instance_name='p02.txt');0.0;0.23499329388141632;0.001654642284847796;4.0150612790057494e-07
Data(x=[30, 1], edge_index=[2, 36], edge_attr=[36, 3], y=0.0, custom_label=0.0, min_label=0, max_label=35, instance_name='p02.txt');0.0;0.23499329388141632;0.037571221590042114;0.0
Data(x=[36, 1], edge_index=[2, 40], edge_attr=[40, 3], y=51.0, custom_label=1.0, min_label=0, max_label=51, instance_name='p03.txt');1.0;0.23499329388141632;0.32014602422714233;4.0150612790057494e-07
Data(x=[36, 1], edge_index=[2, 40], edge_attr=[40, 3], y=50.0, custom_label=0.98039216, min_label=0, max_label=51, instance_name='p03.txt');0.9803921580314636;0.23499329388141632;0.32014602422714233;4.0150612790057494e-07
Data(x=[36, 1], edge_index=[2, 40], edge_attr=[40, 3], y=49.0, custom_label=0.9607843, min_label=0, max_label=51, instance_name='p03.txt');0.9607843160629272;0.23499329388141632;0.32014602422714233;4.0150612790057494e-07
Data(x=[36, 1], edge_index=[2, 40], edge_attr=[40, 3], y=48.0, custom_label=0.9411765, min_label=0, max_label=51, instance_name='p03.txt');0.9411764740943909;0.23499329388141632;0.32014602422714233;4.0150612790057494e-07
Data(x=[36, 1], edge_index=[2, 40], edge_attr=[40, 3], y=47.0, custom_label=0.92156863, min_label=0, max_label=51, instance_name='p03.txt');0.9215686321258545;0.23499329388141632;0.3201460540294647;4.0150612790057494e-07
Data(x=[36, 1], edge_index=[2, 40], edge_attr=[40, 3], y=46.0, custom_label=0.9019608, min_label=0, max_label=51, instance_name='p03.txt');0.9019607901573181;0.23499329388141632;0.32014602422714233;4.0150612790057494e-07
Data(x=[36, 1], edge_index=[2, 40], edge_attr=[40, 3], y=45.0, custom_label=0.88235295, min_label=0, max_label=51, instance_name='p03.txt');0.8823529481887817;0.23499329388141632;0.32014602422714233;4.0150612790057494e-07
Data(x=[36, 1], edge_index=[2, 40], edge_attr=[40, 3], y=44.0, custom_label=0.8627451, min_label=0, max_label=51, instance_name='p03.txt');0.8627451062202454;0.23499329388141632;0.32014602422714233;4.0150612790057494e-07
Data(x=[36, 1], edge_index=[2, 40], edge_attr=[40, 3], y=43.0, custom_label=0.84313726, min_label=0, max_label=51, instance_name='p03.txt');0.843137264251709;0.23499329388141632;0.32014602422714233;4.0150612790057494e-07
Data(x=[36, 1], edge_index=[2, 40], edge_attr=[40, 3], y=42.0, custom_label=0.8235294, min_label=0, max_label=51, instance_name='p03.txt');0.8235294222831726;0.23499329388141632;0.32014602422714233;4.0150612790057494e-07
Data(x=[36, 1], edge_index=[2, 40], edge_attr=[40, 3], y=41.0, custom_label=0.8039216, min_label=0, max_label=51, instance_name='p03.txt');0.8039215803146362;0.23499329388141632;0.32014602422714233;4.0150612790057494e-07
Data(x=[36, 1], edge_index=[2, 40], edge_attr=[40, 3], y=40.0, custom_label=0.78431374, min_label=0, max_label=51, instance_name='p03.txt');0.7843137383460999;0.23499329388141632;0.32014602422714233;4.0150612790057494e-07
Data(x=[36, 1], edge_index=[2, 40], edge_attr=[40, 3], y=39.0, custom_label=0.7647059, min_label=0, max_label=51, instance_name='p03.txt');0.7647058963775635;0.23499329388141632;0.32014602422714233;4.0150612790057494e-07
Data(x=[36, 1], edge_index=[2, 40], edge_attr=[40, 3], y=38.0, custom_label=0.74509805, min_label=0, max_label=51, instance_name='p03.txt');0.7450980544090271;0.23499329388141632;0.3201460540294647;4.0150612790057494e-07
Data(x=[36, 1], edge_index=[2, 40], edge_attr=[40, 3], y=37.0, custom_label=0.7254902, min_label=0, max_label=51, instance_name='p03.txt');0.7254902124404907;0.23499329388141632;0.3201460540294647;4.0150612790057494e-07
Data(x=[36, 1], edge_index=[2, 40], edge_attr=[40, 3], y=36.0, custom_label=0.7058824, min_label=0, max_label=51, instance_name='p03.txt');0.7058823704719543;0.23499329388141632;0.3201460540294647;4.0150612790057494e-07
Data(x=[36, 1], edge_index=[2, 40], edge_attr=[40, 3], y=35.0, custom_label=0.6862745, min_label=0, max_label=51, instance_name='p03.txt');0.686274528503418;0.23499329388141632;0.3201460540294647;4.0150612790057494e-07
Data(x=[36, 1], edge_index=[2, 40], edge_attr=[40, 3], y=34.0, custom_label=0.6666667, min_label=0, max_label=51, instance_name='p03.txt');0.6666666865348816;0.23499329388141632;0.3201460540294647;4.0150612790057494e-07
Data(x=[36, 1], edge_index=[2, 40], edge_attr=[40, 3], y=33.0, custom_label=0.64705884, min_label=0, max_label=51, instance_name='p03.txt');0.6470588445663452;0.23499329388141632;0.32014602422714233;4.0150612790057494e-07
Data(x=[36, 1], edge_index=[2, 40], edge_attr=[40, 3], y=32.0, custom_label=0.627451, min_label=0, max_label=51, instance_name='p03.txt');0.6274510025978088;0.23499329388141632;0.3201460540294647;4.0150612790057494e-07
Data(x=[36, 1], edge_index=[2, 40], edge_attr=[40, 3], y=31.0, custom_label=0.60784316, min_label=0, max_label=51, instance_name='p03.txt');0.6078431606292725;0.23499329388141632;0.3201460540294647;4.0150612790057494e-07
Data(x=[36, 1], edge_index=[2, 40], edge_attr=[40, 3], y=30.0, custom_label=0.5882353, min_label=0, max_label=51, instance_name='p03.txt');0.5882353186607361;0.23499329388141632;0.3201460540294647;4.0150612790057494e-07
Data(x=[36, 1], edge_index=[2, 40], edge_attr=[40, 3], y=29.0, custom_label=0.5686275, min_label=0, max_label=51, instance_name='p03.txt');0.5686274766921997;0.23499329388141632;0.3201460540294647;4.0150612790057494e-07
Data(x=[35, 1], edge_index=[2, 38], edge_attr=[38, 3], y=28.0, custom_label=0.54901963, min_label=0, max_label=51, instance_name='p03.txt');0.5490196347236633;0.23499329388141632;0.7820783257484436;4.0150612790057494e-07
Data(x=[35, 1], edge_index=[2, 38], edge_attr=[38, 3], y=27.0, custom_label=0.5294118, min_label=0, max_label=51, instance_name='p03.txt');0.529411792755127;0.23499329388141632;0.7820783257484436;4.0150612790057494e-07
Data(x=[36, 1], edge_index=[2, 40], edge_attr=[40, 3], y=26.0, custom_label=0.50980395, min_label=0, max_label=51, instance_name='p03.txt');0.5098039507865906;0.23499329388141632;0.3201460540294647;4.0150612790057494e-07
Data(x=[36, 1], edge_index=[2, 40], edge_attr=[40, 3], y=25.0, custom_label=0.49019608, min_label=0, max_label=51, instance_name='p03.txt');0.4901960790157318;0.23499329388141632;0.32014602422714233;4.0150612790057494e-07
Data(x=[36, 1], edge_index=[2, 40], edge_attr=[40, 3], y=24.0, custom_label=0.47058824, min_label=0, max_label=51, instance_name='p03.txt');0.47058823704719543;0.23499329388141632;0.3201460540294647;4.0150612790057494e-07
Data(x=[36, 1], edge_index=[2, 40], edge_attr=[40, 3], y=23.0, custom_label=0.4509804, min_label=0, max_label=51, instance_name='p03.txt');0.45098039507865906;0.23499329388141632;0.3201460540294647;4.0150612790057494e-07
Data(x=[36, 1], edge_index=[2, 40], edge_attr=[40, 3], y=22.0, custom_label=0.43137255, min_label=0, max_label=51, instance_name='p03.txt');0.4313725531101227;0.23499329388141632;0.3201460540294647;4.0150612790057494e-07
Data(x=[36, 1], edge_index=[2, 40], edge_attr=[40, 3], y=21.0, custom_label=0.4117647, min_label=0, max_label=51, instance_name='p03.txt');0.4117647111415863;0.23499329388141632;0.3201460540294647;4.0150612790057494e-07
Data(x=[36, 1], edge_index=[2, 40], edge_attr=[40, 3], y=20.0, custom_label=0.39215687, min_label=0, max_label=51, instance_name='p03.txt');0.3921568691730499;0.23499329388141632;0.3201460540294647;4.0150612790057494e-07
Data(x=[36, 1], edge_index=[2, 40], edge_attr=[40, 3], y=19.0, custom_label=0.37254903, min_label=0, max_label=51, instance_name='p03.txt');0.37254902720451355;0.23499329388141632;0.32014602422714233;4.0150612790057494e-07
Data(x=[36, 1], edge_index=[2, 40], edge_attr=[40, 3], y=18.0, custom_label=0.3529412, min_label=0, max_label=51, instance_name='p03.txt');0.3529411852359772;0.23499329388141632;0.32014602422714233;4.0150612790057494e-07
Data(x=[36, 1], edge_index=[2, 40], edge_attr=[40, 3], y=17.0, custom_label=0.33333334, min_label=0, max_label=51, instance_name='p03.txt');0.3333333432674408;0.23499329388141632;0.3201460540294647;4.0150612790057494e-07
Data(x=[36, 1], edge_index=[2, 40], edge_attr=[40, 3], y=16.0, custom_label=0.3137255, min_label=0, max_label=51, instance_name='p03.txt');0.3137255012989044;0.23499329388141632;0.32014602422714233;4.0150612790057494e-07
Data(x=[36, 1], edge_index=[2, 40], edge_attr=[40, 3], y=15.0, custom_label=0.29411766, min_label=0, max_label=51, instance_name='p03.txt');0.29411765933036804;0.23499329388141632;0.32014602422714233;4.0150612790057494e-07
Data(x=[36, 1], edge_index=[2, 40], edge_attr=[40, 3], y=14.0, custom_label=0.27450982, min_label=0, max_label=51, instance_name='p03.txt');0.27450981736183167;0.23499329388141632;0.32014602422714233;4.0150612790057494e-07
Data(x=[36, 1], edge_index=[2, 40], edge_attr=[40, 3], y=13.0, custom_label=0.25490198, min_label=0, max_label=51, instance_name='p03.txt');0.2549019753932953;0.23499329388141632;0.32014602422714233;4.0150612790057494e-07
Data(x=[36, 1], edge_index=[2, 40], edge_attr=[40, 3], y=12.0, custom_label=0.23529412, min_label=0, max_label=51, instance_name='p03.txt');0.23529411852359772;0.23499329388141632;0.32014602422714233;4.0150612790057494e-07
Data(x=[36, 1], edge_index=[2, 40], edge_attr=[40, 3], y=11.0, custom_label=0.21568628, min_label=0, max_label=51, instance_name='p03.txt');0.21568627655506134;0.23499329388141632;0.32014602422714233;4.0150612790057494e-07
Data(x=[36, 1], edge_index=[2, 40], edge_attr=[40, 3], y=10.0, custom_label=0.19607843, min_label=0, max_label=51, instance_name='p03.txt');0.19607843458652496;0.23499329388141632;0.3201460540294647;4.0150612790057494e-07
Data(x=[36, 1], edge_index=[2, 40], edge_attr=[40, 3], y=9.0, custom_label=0.1764706, min_label=0, max_label=51, instance_name='p03.txt');0.1764705926179886;0.23499329388141632;0.3201460540294647;4.0150612790057494e-07
Data(x=[36, 1], edge_index=[2, 40], edge_attr=[40, 3], y=8.0, custom_label=0.15686275, min_label=0, max_label=51, instance_name='p03.txt');0.1568627506494522;0.23499329388141632;0.3201460540294647;4.0150612790057494e-07
Data(x=[35, 1], edge_index=[2, 38], edge_attr=[38, 3], y=7.0, custom_label=0.13725491, min_label=0, max_label=51, instance_name='p03.txt');0.13725490868091583;0.23499329388141632;0.7820783257484436;4.0150612790057494e-07
Data(x=[35, 1], edge_index=[2, 38], edge_attr=[38, 3], y=6.0, custom_label=0.11764706, min_label=0, max_label=51, instance_name='p03.txt');0.11764705926179886;0.23499329388141632;0.7820783257484436;4.0150612790057494e-07
Data(x=[36, 1], edge_index=[2, 40], edge_attr=[40, 3], y=5.0, custom_label=0.09803922, min_label=0, max_label=51, instance_name='p03.txt');0.09803921729326248;0.23499329388141632;0.3201460540294647;4.0150612790057494e-07
Data(x=[36, 1], edge_index=[2, 40], edge_attr=[40, 3], y=4.0, custom_label=0.078431375, min_label=0, max_label=51, instance_name='p03.txt');0.0784313753247261;0.23499329388141632;0.3201460540294647;4.0150612790057494e-07
Data(x=[36, 1], edge_index=[2, 40], edge_attr=[40, 3], y=3.0, custom_label=0.05882353, min_label=0, max_label=51, instance_name='p03.txt');0.05882352963089943;0.23499329388141632;0.3201460540294647;4.0150612790057494e-07
Data(x=[36, 1], edge_index=[2, 40], edge_attr=[40, 3], y=2.0, custom_label=0.039215688, min_label=0, max_label=51, instance_name='p03.txt');0.03921568766236305;0.23499329388141632;0.3201460540294647;4.0150612790057494e-07
Data(x=[36, 1], edge_index=[2, 40], edge_attr=[40, 3], y=1.0, custom_label=0.019607844, min_label=0, max_label=51, instance_name='p03.txt');0.019607843831181526;0.23499329388141632;0.3201460540294647;4.0150612790057494e-07
Data(x=[37, 1], edge_index=[2, 42], edge_attr=[42, 3], y=0.0, custom_label=0.0, min_label=0, max_label=51, instance_name='p03.txt');0.0;0.23499329388141632;0.05247579142451286;4.0150612790057494e-07
Data(x=[34, 1], edge_index=[2, 42], edge_attr=[42, 3], y=0.0, custom_label=0.0, min_label=0, max_label=51, instance_name='p03.txt');0.0;0.23499329388141632;0.003360483795404434;4.0150612790057494e-07
Data(x=[27, 1], edge_index=[2, 34], edge_attr=[34, 3], y=0.0, custom_label=0.0, min_label=0, max_label=51, instance_name='p03.txt');0.0;0.23499329388141632;2.686382686079014e-05;0.0
Data(x=[30, 1], edge_index=[2, 36], edge_attr=[36, 3], y=0.0, custom_label=0.0, min_label=0, max_label=51, instance_name='p03.txt');0.0;0.23499329388141632;0.005138738546520472;0.0
Data(x=[27, 1], edge_index=[2, 32], edge_attr=[32, 3], y=0.0, custom_label=0.0, min_label=0, max_label=51, instance_name='p03.txt');0.0;0.23499329388141632;0.04140952602028847;4.0150612790057494e-07
Data(x=[27, 1], edge_index=[2, 32], edge_attr=[32, 3], y=0.0, custom_label=0.0, min_label=0, max_label=51, instance_name='p03.txt');0.0;0.23499329388141632;0.04140952602028847;4.0150612790057494e-07
Data(x=[20, 1], edge_index=[2, 26], edge_attr=[26, 3], y=0.0, custom_label=0.0, min_label=0, max_label=51, instance_name='p03.txt');0.0;0.23499329388141632;0.0007585796993225813;0.0
Data(x=[35, 1], edge_index=[2, 42], edge_attr=[42, 3], y=4.0, custom_label=0.078431375, min_label=0, max_label=51, instance_name='p03.txt');0.0784313753247261;0.23499329388141632;0.24486349523067474;0.0
Data(x=[34, 1], edge_index=[2, 40], edge_attr=[40, 3], y=3.0, custom_label=0.05882353, min_label=0, max_label=51, instance_name='p03.txt');0.05882352963089943;0.23499329388141632;0.28866758942604065;0.0
Data(x=[34, 1], edge_index=[2, 40], edge_attr=[40, 3], y=2.0, custom_label=0.039215688, min_label=0, max_label=51, instance_name='p03.txt');0.03921568766236305;0.23499329388141632;0.27196645736694336;4.0150612790057494e-07
Data(x=[34, 1], edge_index=[2, 40], edge_attr=[40, 3], y=1.0, custom_label=0.019607844, min_label=0, max_label=51, instance_name='p03.txt');0.019607843831181526;0.23499329388141632;0.28866758942604065;0.0
Data(x=[35, 1], edge_index=[2, 42], edge_attr=[42, 3], y=0.0, custom_label=0.0, min_label=0, max_label=51, instance_name='p03.txt');0.0;0.23499329388141632;0.0054113068617880344;0.0
Data(x=[25, 1], edge_index=[2, 32], edge_attr=[32, 3], y=0.0, custom_label=0.0, min_label=0, max_label=51, instance_name='p03.txt');0.0;0.23499329388141632;0.0241002906113863;0.0
Data(x=[24, 1], edge_index=[2, 32], edge_attr=[32, 3], y=0.0, custom_label=0.0, min_label=0, max_label=51, instance_name='p03.txt');0.0;0.23499329388141632;5.560265435633482e-06;0.0
Data(x=[26, 1], edge_index=[2, 32], edge_attr=[32, 3], y=0.0, custom_label=0.0, min_label=0, max_label=51, instance_name='p03.txt');0.0;0.23499329388141632;0.003321300493553281;0.0
Data(x=[23, 1], edge_index=[2, 30], edge_attr=[30, 3], y=0.0, custom_label=0.0, min_label=0, max_label=51, instance_name='p03.txt');0.0;0.23499329388141632;2.3371161660179496e-05;0.0
Data(x=[24, 1], edge_index=[2, 32], edge_attr=[32, 3], y=0.0, custom_label=0.0, min_label=0, max_label=51, instance_name='p03.txt');0.0;0.23499329388141632;5.560265435633482e-06;0.0
Data(x=[25, 1], edge_index=[2, 30], edge_attr=[30, 3], y=0.0, custom_label=0.0, min_label=0, max_label=51, instance_name='p03.txt');0.0;0.23499329388141632;0.03890634700655937;4.0150612790057494e-07
Data(x=[24, 1], edge_index=[2, 30], edge_attr=[30, 3], y=0.0, custom_label=0.0, min_label=0, max_label=51, instance_name='p03.txt');0.0;0.23499329388141632;0.0025385981425642967;4.0150612790057494e-07
Data(x=[30, 1], edge_index=[2, 36], edge_attr=[36, 3], y=0.0, custom_label=0.0, min_label=0, max_label=51, instance_name='p03.txt');0.0;0.23499329388141632;0.005138738546520472;4.0150612790057494e-07
Data(x=[23, 1], edge_index=[2, 30], edge_attr=[30, 3], y=0.0, custom_label=0.0, min_label=0, max_label=51, instance_name='p03.txt');0.0;0.23499329388141632;0.001285162870772183;0.0
Data(x=[32, 1], edge_index=[2, 38], edge_attr=[38, 3], y=0.0, custom_label=0.0, min_label=0, max_label=51, instance_name='p03.txt');0.0;0.23499329388141632;0.006150173023343086;4.0150612790057494e-07
Data(x=[19, 1], edge_index=[2, 26], edge_attr=[26, 3], y=0.0, custom_label=0.0, min_label=0, max_label=51, instance_name='p03.txt');0.0;0.23499329388141632;0.000547524425201118;0.0
Data(x=[26, 1], edge_index=[2, 32], edge_attr=[32, 3], y=0.0, custom_label=0.0, min_label=0, max_label=51, instance_name='p03.txt');0.0;0.23499329388141632;0.032963357865810394;0.0
Data(x=[26, 1], edge_index=[2, 34], edge_attr=[34, 3], y=0.0, custom_label=0.0, min_label=0, max_label=51, instance_name='p03.txt');0.0;0.23499329388141632;0.0012563677737489343;0.0
Data(x=[25, 1], edge_index=[2, 32], edge_attr=[32, 3], y=0.0, custom_label=0.0, min_label=0, max_label=51, instance_name='p03.txt');0.0;0.23499329388141632;0.0241002906113863;0.0
Data(x=[28, 1], edge_index=[2, 34], edge_attr=[34, 3], y=4.0, custom_label=0.078431375, min_label=0, max_label=51, instance_name='p03.txt');0.0784313753247261;0.23499329388141632;0.24050931632518768;0.0
Data(x=[28, 1], edge_index=[2, 34], edge_attr=[34, 3], y=3.0, custom_label=0.05882353, min_label=0, max_label=51, instance_name='p03.txt');0.05882352963089943;0.23499329388141632;0.24050931632518768;0.0
Data(x=[28, 1], edge_index=[2, 34], edge_attr=[34, 3], y=2.0, custom_label=0.039215688, min_label=0, max_label=51, instance_name='p03.txt');0.03921568766236305;0.23499329388141632;0.24050931632518768;0.0
Data(x=[28, 1], edge_index=[2, 34], edge_attr=[34, 3], y=1.0, custom_label=0.019607844, min_label=0, max_label=51, instance_name='p03.txt');0.019607843831181526;0.23499329388141632;0.24050931632518768;0.0
Data(x=[29, 1], edge_index=[2, 36], edge_attr=[36, 3], y=0.0, custom_label=0.0, min_label=0, max_label=51, instance_name='p03.txt');0.0;0.23499329388141632;4.7153676860034466e-05;0.0
Data(x=[28, 1], edge_index=[2, 34], edge_attr=[34, 3], y=0.0, custom_label=0.0, min_label=0, max_label=51, instance_name='p03.txt');0.0;0.23499329388141632;0.03532743453979492;0.0
Data(x=[30, 1], edge_index=[2, 36], edge_attr=[36, 3], y=0.0, custom_label=0.0, min_label=0, max_label=51, instance_name='p03.txt');0.0;0.23499329388141632;0.005138730630278587;4.0150612790057494e-07
Data(x=[23, 1], edge_index=[2, 30], edge_attr=[30, 3], y=0.0, custom_label=0.0, min_label=0, max_label=51, instance_name='p03.txt');0.0;0.23499329388141632;6.5321278270857874e-06;0.0
Data(x=[25, 1], edge_index=[2, 30], edge_attr=[30, 3], y=2.0, custom_label=0.039215688, min_label=0, max_label=51, instance_name='p03.txt');0.03921568766236305;0.23499329388141632;0.35969066619873047;0.0
Data(x=[24, 1], edge_index=[2, 28], edge_attr=[28, 3], y=1.0, custom_label=0.019607844, min_label=0, max_label=51, instance_name='p03.txt');0.019607843831181526;0.23499329388141632;0.4255789816379547;4.0150612790057494e-07
Data(x=[25, 1], edge_index=[2, 30], edge_attr=[30, 3], y=0.0, custom_label=0.0, min_label=0, max_label=51, instance_name='p03.txt');0.0;0.23499329388141632;0.03890634700655937;4.0150612790057494e-07
Data(x=[23, 1], edge_index=[2, 28], edge_attr=[28, 3], y=0.0, custom_label=0.0, min_label=0, max_label=51, instance_name='p03.txt');0.0;0.23499329388141632;0.03626101091504097;4.0150612790057494e-07
Data(x=[26, 1], edge_index=[2, 32], edge_attr=[32, 3], y=0.0, custom_label=0.0, min_label=0, max_label=51, instance_name='p03.txt');0.0;0.23499329388141632;0.032963354140520096;0.0
Data(x=[24, 1], edge_index=[2, 32], edge_attr=[32, 3], y=0.0, custom_label=0.0, min_label=0, max_label=51, instance_name='p03.txt');0.0;0.23499329388141632;0.0008950705523602664;0.0
Data(x=[25, 1], edge_index=[2, 32], edge_attr=[32, 3], y=0.0, custom_label=0.0, min_label=0, max_label=51, instance_name='p03.txt');0.0;0.23499329388141632;0.0017855247715488076;0.0
Data(x=[21, 1], edge_index=[2, 26], edge_attr=[26, 3], y=0.0, custom_label=0.0, min_label=0, max_label=51, instance_name='p03.txt');0.0;0.23499329388141632;0.033337246626615524;4.0150612790057494e-07
Data(x=[27, 1], edge_index=[2, 34], edge_attr=[34, 3], y=0.0, custom_label=0.0, min_label=0, max_label=51, instance_name='p03.txt');0.0;0.23499329388141632;0.00237413146533072;4.0150612790057494e-07
Data(x=[27, 1], edge_index=[2, 34], edge_attr=[34, 3], y=0.0, custom_label=0.0, min_label=0, max_label=51, instance_name='p03.txt');0.0;0.23499329388141632;0.0005366535042412579;0.0
Data(x=[33, 1], edge_index=[2, 40], edge_attr=[40, 3], y=0.0, custom_label=0.0, min_label=0, max_label=51, instance_name='p03.txt');0.0;0.23499329388141632;0.00011843192623928189;4.0150612790057494e-07
Data(x=[23, 1], edge_index=[2, 28], edge_attr=[28, 3], y=0.0, custom_label=0.0, min_label=0, max_label=51, instance_name='p03.txt');0.0;0.23499329388141632;0.03626101091504097;4.0150612790057494e-07
Data(x=[23, 1], edge_index=[2, 30], edge_attr=[30, 3], y=0.0, custom_label=0.0, min_label=0, max_label=51, instance_name='p03.txt');0.0;0.23499329388141632;0.001285163452848792;0.0
Data(x=[29, 1], edge_index=[2, 36], edge_attr=[36, 3], y=0.0, custom_label=0.0, min_label=0, max_label=51, instance_name='p03.txt');0.0;0.23499329388141632;0.028642918914556503;4.0150612790057494e-07
Data(x=[30, 1], edge_index=[2, 36], edge_attr=[36, 3], y=0.0, custom_label=0.0, min_label=0, max_label=51, instance_name='p03.txt');0.0;0.23499329388141632;0.037571221590042114;4.0150612790057494e-07
Data(x=[60, 1], edge_index=[2, 64], edge_attr=[64, 3], y=107.0, custom_label=1.0, min_label=0, max_label=107, instance_name='p04.txt');1.0;0.23499329388141632;0.7477017641067505;4.0150612790057494e-07
Data(x=[60, 1], edge_index=[2, 64], edge_attr=[64, 3], y=106.0, custom_label=0.99065423, min_label=0, max_label=107, instance_name='p04.txt');0.9906542301177979;0.23499329388141632;0.7477017641067505;4.0150612790057494e-07
Data(x=[60, 1], edge_index=[2, 64], edge_attr=[64, 3], y=105.0, custom_label=0.9813084, min_label=0, max_label=107, instance_name='p04.txt');0.9813084006309509;0.23499329388141632;0.7477017641067505;4.0150612790057494e-07
Data(x=[60, 1], edge_index=[2, 64], edge_attr=[64, 3], y=104.0, custom_label=0.97196263, min_label=0, max_label=107, instance_name='p04.txt');0.9719626307487488;0.23499329388141632;0.7477017641067505;4.0150612790057494e-07
Data(x=[60, 1], edge_index=[2, 64], edge_attr=[64, 3], y=103.0, custom_label=0.9626168, min_label=0, max_label=107, instance_name='p04.txt');0.9626168012619019;0.23499329388141632;0.7477017641067505;4.0150612790057494e-07
Data(x=[60, 1], edge_index=[2, 64], edge_attr=[64, 3], y=102.0, custom_label=0.95327103, min_label=0, max_label=107, instance_name='p04.txt');0.9532710313796997;0.23499329388141632;0.7477017641067505;4.0150612790057494e-07
Data(x=[60, 1], edge_index=[2, 64], edge_attr=[64, 3], y=101.0, custom_label=0.94392526, min_label=0, max_label=107, instance_name='p04.txt');0.9439252614974976;0.23499329388141632;0.7477017641067505;4.0150612790057494e-07
Data(x=[60, 1], edge_index=[2, 64], edge_attr=[64, 3], y=100.0, custom_label=0.93457943, min_label=0, max_label=107, instance_name='p04.txt');0.9345794320106506;0.23499329388141632;0.7477017641067505;4.0150612790057494e-07
Data(x=[60, 1], edge_index=[2, 64], edge_attr=[64, 3], y=99.0, custom_label=0.92523366, min_label=0, max_label=107, instance_name='p04.txt');0.9252336621284485;0.23499329388141632;0.7477017641067505;4.0150612790057494e-07
Data(x=[60, 1], edge_index=[2, 64], edge_attr=[64, 3], y=98.0, custom_label=0.91588783, min_label=0, max_label=107, instance_name='p04.txt');0.9158878326416016;0.23499329388141632;0.7477017641067505;4.0150612790057494e-07
Data(x=[60, 1], edge_index=[2, 64], edge_attr=[64, 3], y=97.0, custom_label=0.90654206, min_label=0, max_label=107, instance_name='p04.txt');0.9065420627593994;0.23499329388141632;0.7477017641067505;4.0150612790057494e-07
Data(x=[60, 1], edge_index=[2, 64], edge_attr=[64, 3], y=96.0, custom_label=0.89719623, min_label=0, max_label=107, instance_name='p04.txt');0.8971962332725525;0.23499329388141632;0.7477017641067505;4.0150612790057494e-07
Data(x=[60, 1], edge_index=[2, 64], edge_attr=[64, 3], y=95.0, custom_label=0.88785046, min_label=0, max_label=107, instance_name='p04.txt');0.8878504633903503;0.23499329388141632;0.7477017641067505;4.0150612790057494e-07
Data(x=[60, 1], edge_index=[2, 64], edge_attr=[64, 3], y=94.0, custom_label=0.8785047, min_label=0, max_label=107, instance_name='p04.txt');0.8785046935081482;0.23499329388141632;0.7477017641067505;4.0150612790057494e-07
Data(x=[60, 1], edge_index=[2, 64], edge_attr=[64, 3], y=93.0, custom_label=0.86915886, min_label=0, max_label=107, instance_name='p04.txt');0.8691588640213013;0.23499329388141632;0.7477017641067505;4.0150612790057494e-07
Data(x=[60, 1], edge_index=[2, 64], edge_attr=[64, 3], y=92.0, custom_label=0.8598131, min_label=0, max_label=107, instance_name='p04.txt');0.8598130941390991;0.23499329388141632;0.7477017641067505;4.0150612790057494e-07
Data(x=[60, 1], edge_index=[2, 64], edge_attr=[64, 3], y=91.0, custom_label=0.85046726, min_label=0, max_label=107, instance_name='p04.txt');0.8504672646522522;0.23499329388141632;0.7477017641067505;4.0150612790057494e-07
Data(x=[60, 1], edge_index=[2, 64], edge_attr=[64, 3], y=90.0, custom_label=0.8411215, min_label=0, max_label=107, instance_name='p04.txt');0.84112149477005;0.23499329388141632;0.7477017641067505;4.0150612790057494e-07
Data(x=[60, 1], edge_index=[2, 64], edge_attr=[64, 3], y=89.0, custom_label=0.8317757, min_label=0, max_label=107, instance_name='p04.txt');0.8317757248878479;0.23499329388141632;0.7477017641067505;4.0150612790057494e-07
Data(x=[60, 1], edge_index=[2, 64], edge_attr=[64, 3], y=88.0, custom_label=0.8224299, min_label=0, max_label=107, instance_name='p04.txt');0.822429895401001;0.23499329388141632;0.7477017641067505;4.0150612790057494e-07
Data(x=[60, 1], edge_index=[2, 64], edge_attr=[64, 3], y=87.0, custom_label=0.8130841, min_label=0, max_label=107, instance_name='p04.txt');0.8130841255187988;0.23499329388141632;0.7477017641067505;4.0150612790057494e-07
Data(x=[60, 1], edge_index=[2, 64], edge_attr=[64, 3], y=86.0, custom_label=0.8037383, min_label=0, max_label=107, instance_name='p04.txt');0.8037382960319519;0.23499329388141632;0.7477017641067505;4.0150612790057494e-07
Data(x=[60, 1], edge_index=[2, 64], edge_attr=[64, 3], y=85.0, custom_label=0.7943925, min_label=0, max_label=107, instance_name='p04.txt');0.7943925261497498;0.23499329388141632;0.7477017641067505;4.0150612790057494e-07
Data(x=[60, 1], edge_index=[2, 64], edge_attr=[64, 3], y=84.0, custom_label=0.78504676, min_label=0, max_label=107, instance_name='p04.txt');0.7850467562675476;0.23499329388141632;0.7477017641067505;4.0150612790057494e-07
Data(x=[60, 1], edge_index=[2, 64], edge_attr=[64, 3], y=83.0, custom_label=0.7757009, min_label=0, max_label=107, instance_name='p04.txt');0.7757009267807007;0.23499329388141632;0.7477017641067505;4.0150612790057494e-07
Data(x=[60, 1], edge_index=[2, 64], edge_attr=[64, 3], y=82.0, custom_label=0.76635516, min_label=0, max_label=107, instance_name='p04.txt');0.7663551568984985;0.23499329388141632;0.7477017641067505;4.0150612790057494e-07
Data(x=[60, 1], edge_index=[2, 64], edge_attr=[64, 3], y=81.0, custom_label=0.7570093, min_label=0, max_label=107, instance_name='p04.txt');0.7570093274116516;0.23499329388141632;0.7477017641067505;4.0150612790057494e-07
Data(x=[60, 1], edge_index=[2, 64], edge_attr=[64, 3], y=80.0, custom_label=0.74766356, min_label=0, max_label=107, instance_name='p04.txt');0.7476635575294495;0.23499329388141632;0.7477017641067505;4.0150612790057494e-07
Data(x=[60, 1], edge_index=[2, 64], edge_attr=[64, 3], y=79.0, custom_label=0.7383177, min_label=0, max_label=107, instance_name='p04.txt');0.7383177280426025;0.23499329388141632;0.7477017641067505;4.0150612790057494e-07
Data(x=[60, 1], edge_index=[2, 64], edge_attr=[64, 3], y=78.0, custom_label=0.72897196, min_label=0, max_label=107, instance_name='p04.txt');0.7289719581604004;0.23499329388141632;0.7477017641067505;4.0150612790057494e-07
Data(x=[60, 1], edge_index=[2, 64], edge_attr=[64, 3], y=77.0, custom_label=0.7196262, min_label=0, max_label=107, instance_name='p04.txt');0.7196261882781982;0.23499329388141632;0.7477017641067505;4.0150612790057494e-07
Data(x=[60, 1], edge_index=[2, 64], edge_attr=[64, 3], y=76.0, custom_label=0.71028036, min_label=0, max_label=107, instance_name='p04.txt');0.7102803587913513;0.23499329388141632;0.7477017641067505;4.0150612790057494e-07
Data(x=[60, 1], edge_index=[2, 64], edge_attr=[64, 3], y=75.0, custom_label=0.7009346, min_label=0, max_label=107, instance_name='p04.txt');0.7009345889091492;0.23499329388141632;0.7477017641067505;4.0150612790057494e-07
Data(x=[60, 1], edge_index=[2, 64], edge_attr=[64, 3], y=74.0, custom_label=0.69158876, min_label=0, max_label=107, instance_name='p04.txt');0.6915887594223022;0.23499329388141632;0.7477017641067505;4.0150612790057494e-07
Data(x=[60, 1], edge_index=[2, 64], edge_attr=[64, 3], y=73.0, custom_label=0.682243, min_label=0, max_label=107, instance_name='p04.txt');0.6822429895401001;0.23499329388141632;0.7477017641067505;4.0150612790057494e-07
Data(x=[60, 1], edge_index=[2, 64], edge_attr=[64, 3], y=72.0, custom_label=0.6728972, min_label=0, max_label=107, instance_name='p04.txt');0.672897219657898;0.23499329388141632;0.7477017641067505;4.0150612790057494e-07
Data(x=[60, 1], edge_index=[2, 64], edge_attr=[64, 3], y=71.0, custom_label=0.6635514, min_label=0, max_label=107, instance_name='p04.txt');0.663551390171051;0.23499329388141632;0.7477017641067505;4.0150612790057494e-07
Data(x=[61, 1], edge_index=[2, 66], edge_attr=[66, 3], y=70.0, custom_label=0.6542056, min_label=0, max_label=107, instance_name='p04.txt');0.6542056202888489;0.23499329388141632;0.3507678508758545;4.0150612790057494e-07
Data(x=[61, 1], edge_index=[2, 66], edge_attr=[66, 3], y=69.0, custom_label=0.6448598, min_label=0, max_label=107, instance_name='p04.txt');0.644859790802002;0.23499329388141632;0.3507678508758545;4.0150612790057494e-07
Data(x=[61, 1], edge_index=[2, 66], edge_attr=[66, 3], y=68.0, custom_label=0.635514, min_label=0, max_label=107, instance_name='p04.txt');0.6355140209197998;0.23499329388141632;0.3507678508758545;4.0150612790057494e-07
Data(x=[61, 1], edge_index=[2, 66], edge_attr=[66, 3], y=67.0, custom_label=0.62616825, min_label=0, max_label=107, instance_name='p04.txt');0.6261682510375977;0.23499329388141632;0.3507678508758545;4.0150612790057494e-07
Data(x=[61, 1], edge_index=[2, 66], edge_attr=[66, 3], y=66.0, custom_label=0.6168224, min_label=0, max_label=107, instance_name='p04.txt');0.6168224215507507;0.23499329388141632;0.3507678508758545;4.0150612790057494e-07
Data(x=[61, 1], edge_index=[2, 66], edge_attr=[66, 3], y=65.0, custom_label=0.60747665, min_label=0, max_label=107, instance_name='p04.txt');0.6074766516685486;0.23499329388141632;0.3507678508758545;4.0150612790057494e-07
Data(x=[61, 1], edge_index=[2, 66], edge_attr=[66, 3], y=64.0, custom_label=0.5981308, min_label=0, max_label=107, instance_name='p04.txt');0.5981308221817017;0.23499329388141632;0.3507678508758545;4.0150612790057494e-07
Data(x=[61, 1], edge_index=[2, 66], edge_attr=[66, 3], y=63.0, custom_label=0.58878505, min_label=0, max_label=107, instance_name='p04.txt');0.5887850522994995;0.23499329388141632;0.3507678508758545;4.0150612790057494e-07
Data(x=[61, 1], edge_index=[2, 66], edge_attr=[66, 3], y=62.0, custom_label=0.5794392, min_label=0, max_label=107, instance_name='p04.txt');0.5794392228126526;0.23499329388141632;0.3507678508758545;4.0150612790057494e-07
Data(x=[61, 1], edge_index=[2, 66], edge_attr=[66, 3], y=61.0, custom_label=0.57009345, min_label=0, max_label=107, instance_name='p04.txt');0.5700934529304504;0.23499329388141632;0.3507678508758545;4.0150612790057494e-07
Data(x=[61, 1], edge_index=[2, 66], edge_attr=[66, 3], y=60.0, custom_label=0.5607477, min_label=0, max_label=107, instance_name='p04.txt');0.5607476830482483;0.23499329388141632;0.3507678508758545;4.0150612790057494e-07
Data(x=[61, 1], edge_index=[2, 66], edge_attr=[66, 3], y=59.0, custom_label=0.55140185, min_label=0, max_label=107, instance_name='p04.txt');0.5514018535614014;0.23499329388141632;0.3507678508758545;4.0150612790057494e-07
Data(x=[61, 1], edge_index=[2, 66], edge_attr=[66, 3], y=58.0, custom_label=0.5420561, min_label=0, max_label=107, instance_name='p04.txt');0.5420560836791992;0.23499329388141632;0.3507678508758545;4.0150612790057494e-07
Data(x=[61, 1], edge_index=[2, 66], edge_attr=[66, 3], y=57.0, custom_label=0.53271025, min_label=0, max_label=107, instance_name='p04.txt');0.5327102541923523;0.23499329388141632;0.3507678508758545;4.0150612790057494e-07
Data(x=[61, 1], edge_index=[2, 66], edge_attr=[66, 3], y=56.0, custom_label=0.5233645, min_label=0, max_label=107, instance_name='p04.txt');0.5233644843101501;0.23499329388141632;0.3507678508758545;4.0150612790057494e-07
Data(x=[61, 1], edge_index=[2, 66], edge_attr=[66, 3], y=55.0, custom_label=0.5140187, min_label=0, max_label=107, instance_name='p04.txt');0.514018714427948;0.23499329388141632;0.3507678508758545;4.0150612790057494e-07
Data(x=[61, 1], edge_index=[2, 66], edge_attr=[66, 3], y=54.0, custom_label=0.5046729, min_label=0, max_label=107, instance_name='p04.txt');0.5046728849411011;0.23499329388141632;0.3507678508758545;4.0150612790057494e-07
Data(x=[61, 1], edge_index=[2, 66], edge_attr=[66, 3], y=53.0, custom_label=0.49532712, min_label=0, max_label=107, instance_name='p04.txt');0.4953271150588989;0.23499329388141632;0.3507678508758545;4.0150612790057494e-07
Data(x=[61, 1], edge_index=[2, 66], edge_attr=[66, 3], y=52.0, custom_label=0.48598132, min_label=0, max_label=107, instance_name='p04.txt');0.4859813153743744;0.23499329388141632;0.3507678508758545;4.0150612790057494e-07
Data(x=[61, 1], edge_index=[2, 66], edge_attr=[66, 3], y=51.0, custom_label=0.47663552, min_label=0, max_label=107, instance_name='p04.txt');0.47663551568984985;0.23499329388141632;0.3507678508758545;4.0150612790057494e-07
Data(x=[61, 1], edge_index=[2, 66], edge_attr=[66, 3], y=50.0, custom_label=0.46728972, min_label=0, max_label=107, instance_name='p04.txt');0.4672897160053253;0.23499329388141632;0.3507678508758545;4.0150612790057494e-07
Data(x=[61, 1], edge_index=[2, 66], edge_attr=[66, 3], y=49.0, custom_label=0.45794392, min_label=0, max_label=107, instance_name='p04.txt');0.4579439163208008;0.23499329388141632;0.3507678508758545;4.0150612790057494e-07
Data(x=[61, 1], edge_index=[2, 66], edge_attr=[66, 3], y=48.0, custom_label=0.44859812, min_label=0, max_label=107, instance_name='p04.txt');0.44859811663627625;0.23499329388141632;0.3507678508758545;4.0150612790057494e-07
Data(x=[61, 1], edge_index=[2, 66], edge_attr=[66, 3], y=47.0, custom_label=0.43925235, min_label=0, max_label=107, instance_name='p04.txt');0.4392523467540741;0.23499329388141632;0.3507678508758545;4.0150612790057494e-07
Data(x=[61, 1], edge_index=[2, 66], edge_attr=[66, 3], y=46.0, custom_label=0.42990655, min_label=0, max_label=107, instance_name='p04.txt');0.42990654706954956;0.23499329388141632;0.3507678508758545;4.0150612790057494e-07
Data(x=[61, 1], edge_index=[2, 66], edge_attr=[66, 3], y=45.0, custom_label=0.42056075, min_label=0, max_label=107, instance_name='p04.txt');0.420560747385025;0.23499329388141632;0.3507678508758545;4.0150612790057494e-07
Data(x=[61, 1], edge_index=[2, 66], edge_attr=[66, 3], y=44.0, custom_label=0.41121495, min_label=0, max_label=107, instance_name='p04.txt');0.4112149477005005;0.23499329388141632;0.3507678508758545;4.0150612790057494e-07
Data(x=[61, 1], edge_index=[2, 66], edge_attr=[66, 3], y=43.0, custom_label=0.40186915, min_label=0, max_label=107, instance_name='p04.txt');0.40186914801597595;0.23499329388141632;0.3507678508758545;4.0150612790057494e-07
Data(x=[61, 1], edge_index=[2, 66], edge_attr=[66, 3], y=42.0, custom_label=0.39252338, min_label=0, max_label=107, instance_name='p04.txt');0.3925233781337738;0.23499329388141632;0.3507678508758545;4.0150612790057494e-07
Data(x=[61, 1], edge_index=[2, 66], edge_attr=[66, 3], y=41.0, custom_label=0.38317758, min_label=0, max_label=107, instance_name='p04.txt');0.38317757844924927;0.23499329388141632;0.3507678508758545;4.0150612790057494e-07
Data(x=[61, 1], edge_index=[2, 66], edge_attr=[66, 3], y=40.0, custom_label=0.37383178, min_label=0, max_label=107, instance_name='p04.txt');0.37383177876472473;0.23499329388141632;0.3507678508758545;4.0150612790057494e-07
Data(x=[61, 1], edge_index=[2, 66], edge_attr=[66, 3], y=39.0, custom_label=0.36448598, min_label=0, max_label=107, instance_name='p04.txt');0.3644859790802002;0.23499329388141632;0.3507678508758545;4.0150612790057494e-07
Data(x=[61, 1], edge_index=[2, 66], edge_attr=[66, 3], y=38.0, custom_label=0.35514018, min_label=0, max_label=107, instance_name='p04.txt');0.35514017939567566;0.23499329388141632;0.3507678508758545;4.0150612790057494e-07
Data(x=[61, 1], edge_index=[2, 66], edge_attr=[66, 3], y=37.0, custom_label=0.34579438, min_label=0, max_label=107, instance_name='p04.txt');0.3457943797111511;0.23499329388141632;0.3507678508758545;4.0150612790057494e-07
Data(x=[61, 1], edge_index=[2, 66], edge_attr=[66, 3], y=36.0, custom_label=0.3364486, min_label=0, max_label=107, instance_name='p04.txt');0.336448609828949;0.23499329388141632;0.3507678508758545;4.0150612790057494e-07
Data(x=[61, 1], edge_index=[2, 66], edge_attr=[66, 3], y=35.0, custom_label=0.3271028, min_label=0, max_label=107, instance_name='p04.txt');0.32710281014442444;0.23499329388141632;0.3507678508758545;4.0150612790057494e-07
Data(x=[62, 1], edge_index=[2, 68], edge_attr=[68, 3], y=34.0, custom_label=0.317757, min_label=0, max_label=107, instance_name='p04.txt');0.3177570104598999;0.23499329388141632;0.16933178901672363;4.0150612790057494e-07
Data(x=[62, 1], edge_index=[2, 68], edge_attr=[68, 3], y=33.0, custom_label=0.3084112, min_label=0, max_label=107, instance_name='p04.txt');0.30841121077537537;0.23499329388141632;0.16933178901672363;4.0150612790057494e-07
Data(x=[62, 1], edge_index=[2, 68], edge_attr=[68, 3], y=32.0, custom_label=0.2990654, min_label=0, max_label=107, instance_name='p04.txt');0.29906541109085083;0.23499329388141632;0.16933178901672363;4.0150612790057494e-07
Data(x=[62, 1], edge_index=[2, 68], edge_attr=[68, 3], y=31.0, custom_label=0.2897196, min_label=0, max_label=107, instance_name='p04.txt');0.2897196114063263;0.23499329388141632;0.16933178901672363;4.0150612790057494e-07
Data(x=[62, 1], edge_index=[2, 68], edge_attr=[68, 3], y=30.0, custom_label=0.28037384, min_label=0, max_label=107, instance_name='p04.txt');0.28037384152412415;0.23499329388141632;0.16933178901672363;4.0150612790057494e-07
Data(x=[62, 1], edge_index=[2, 68], edge_attr=[68, 3], y=29.0, custom_label=0.27102804, min_label=0, max_label=107, instance_name='p04.txt');0.2710280418395996;0.23499329388141632;0.16933178901672363;4.0150612790057494e-07
Data(x=[62, 1], edge_index=[2, 68], edge_attr=[68, 3], y=28.0, custom_label=0.26168224, min_label=0, max_label=107, instance_name='p04.txt');0.2616822421550751;0.23499329388141632;0.16933178901672363;4.0150612790057494e-07
Data(x=[62, 1], edge_index=[2, 68], edge_attr=[68, 3], y=27.0, custom_label=0.25233644, min_label=0, max_label=107, instance_name='p04.txt');0.25233644247055054;0.23499329388141632;0.16933178901672363;4.0150612790057494e-07
Data(x=[62, 1], edge_index=[2, 68], edge_attr=[68, 3], y=26.0, custom_label=0.24299066, min_label=0, max_label=107, instance_name='p04.txt');0.2429906576871872;0.23499329388141632;0.16933178901672363;4.0150612790057494e-07
Data(x=[62, 1], edge_index=[2, 68], edge_attr=[68, 3], y=25.0, custom_label=0.23364486, min_label=0, max_label=107, instance_name='p04.txt');0.23364485800266266;0.23499329388141632;0.16933178901672363;4.0150612790057494e-07
Data(x=[62, 1], edge_index=[2, 68], edge_attr=[68, 3], y=24.0, custom_label=0.22429906, min_label=0, max_label=107, instance_name='p04.txt');0.22429905831813812;0.23499329388141632;0.16933178901672363;4.0150612790057494e-07
Data(x=[62, 1], edge_index=[2, 68], edge_attr=[68, 3], y=23.0, custom_label=0.21495327, min_label=0, max_label=107, instance_name='p04.txt');0.21495327353477478;0.23499329388141632;0.16933178901672363;4.0150612790057494e-07
Data(x=[62, 1], edge_index=[2, 68], edge_attr=[68, 3], y=22.0, custom_label=0.20560747, min_label=0, max_label=107, instance_name='p04.txt');0.20560747385025024;0.23499329388141632;0.16933178901672363;4.0150612790057494e-07
Data(x=[62, 1], edge_index=[2, 68], edge_attr=[68, 3], y=21.0, custom_label=0.19626169, min_label=0, max_label=107, instance_name='p04.txt');0.1962616890668869;0.23499329388141632;0.16933178901672363;4.0150612790057494e-07
Data(x=[62, 1], edge_index=[2, 68], edge_attr=[68, 3], y=20.0, custom_label=0.18691589, min_label=0, max_label=107, instance_name='p04.txt');0.18691588938236237;0.23499329388141632;0.16933178901672363;4.0150612790057494e-07
Data(x=[62, 1], edge_index=[2, 68], edge_attr=[68, 3], y=19.0, custom_label=0.17757009, min_label=0, max_label=107, instance_name='p04.txt');0.17757008969783783;0.23499329388141632;0.16933178901672363;4.0150612790057494e-07
Data(x=[62, 1], edge_index=[2, 68], edge_attr=[68, 3], y=18.0, custom_label=0.1682243, min_label=0, max_label=107, instance_name='p04.txt');0.1682243049144745;0.23499329388141632;0.16933178901672363;4.0150612790057494e-07
Data(x=[62, 1], edge_index=[2, 68], edge_attr=[68, 3], y=17.0, custom_label=0.1588785, min_label=0, max_label=107, instance_name='p04.txt');0.15887850522994995;0.23499329388141632;0.16933178901672363;4.0150612790057494e-07
Data(x=[62, 1], edge_index=[2, 68], edge_attr=[68, 3], y=16.0, custom_label=0.1495327, min_label=0, max_label=107, instance_name='p04.txt');0.14953270554542542;0.23499329388141632;0.16933178901672363;4.0150612790057494e-07
Data(x=[62, 1], edge_index=[2, 68], edge_attr=[68, 3], y=15.0, custom_label=0.14018692, min_label=0, max_label=107, instance_name='p04.txt');0.14018692076206207;0.23499329388141632;0.16933178901672363;4.0150612790057494e-07
Data(x=[62, 1], edge_index=[2, 68], edge_attr=[68, 3], y=14.0, custom_label=0.13084112, min_label=0, max_label=107, instance_name='p04.txt');0.13084112107753754;0.23499329388141632;0.16933178901672363;4.0150612790057494e-07
Data(x=[62, 1], edge_index=[2, 68], edge_attr=[68, 3], y=13.0, custom_label=0.12149533, min_label=0, max_label=107, instance_name='p04.txt');0.1214953288435936;0.23499329388141632;0.16933178901672363;4.0150612790057494e-07
Data(x=[62, 1], edge_index=[2, 68], edge_attr=[68, 3], y=12.0, custom_label=0.11214953, min_label=0, max_label=107, instance_name='p04.txt');0.11214952915906906;0.23499329388141632;0.16933178901672363;4.0150612790057494e-07
Data(x=[62, 1], edge_index=[2, 68], edge_attr=[68, 3], y=11.0, custom_label=0.10280374, min_label=0, max_label=107, instance_name='p04.txt');0.10280373692512512;0.23499329388141632;0.16933178901672363;4.0150612790057494e-07
Data(x=[62, 1], edge_index=[2, 68], edge_attr=[68, 3], y=10.0, custom_label=0.093457945, min_label=0, max_label=107, instance_name='p04.txt');0.09345794469118118;0.23499329388141632;0.16933178901672363;4.0150612790057494e-07
Data(x=[62, 1], edge_index=[2, 68], edge_attr=[68, 3], y=9.0, custom_label=0.08411215, min_label=0, max_label=107, instance_name='p04.txt');0.08411215245723724;0.23499329388141632;0.16933178901672363;4.0150612790057494e-07
Data(x=[62, 1], edge_index=[2, 68], edge_attr=[68, 3], y=8.0, custom_label=0.07476635, min_label=0, max_label=107, instance_name='p04.txt');0.07476635277271271;0.23499329388141632;0.16933178901672363;4.0150612790057494e-07
Data(x=[62, 1], edge_index=[2, 68], edge_attr=[68, 3], y=7.0, custom_label=0.06542056, min_label=0, max_label=107, instance_name='p04.txt');0.06542056053876877;0.23499329388141632;0.16933178901672363;4.0150612790057494e-07
Data(x=[62, 1], edge_index=[2, 68], edge_attr=[68, 3], y=6.0, custom_label=0.056074765, min_label=0, max_label=107, instance_name='p04.txt');0.05607476457953453;0.23499329388141632;0.16933178901672363;4.0150612790057494e-07
Data(x=[62, 1], edge_index=[2, 68], edge_attr=[68, 3], y=5.0, custom_label=0.046728972, min_label=0, max_label=107, instance_name='p04.txt');0.04672897234559059;0.23499329388141632;0.16933178901672363;4.0150612790057494e-07
Data(x=[62, 1], edge_index=[2, 68], edge_attr=[68, 3], y=4.0, custom_label=0.037383176, min_label=0, max_label=107, instance_name='p04.txt');0.037383176386356354;0.23499329388141632;0.16933178901672363;4.0150612790057494e-07
Data(x=[62, 1], edge_index=[2, 68], edge_attr=[68, 3], y=3.0, custom_label=0.028037382, min_label=0, max_label=107, instance_name='p04.txt');0.028037382289767265;0.23499329388141632;0.16933178901672363;4.0150612790057494e-07
Data(x=[62, 1], edge_index=[2, 68], edge_attr=[68, 3], y=2.0, custom_label=0.018691588, min_label=0, max_label=107, instance_name='p04.txt');0.018691588193178177;0.23499329388141632;0.16933178901672363;4.0150612790057494e-07
Data(x=[62, 1], edge_index=[2, 68], edge_attr=[68, 3], y=1.0, custom_label=0.009345794, min_label=0, max_label=107, instance_name='p04.txt');0.009345794096589088;0.23499329388141632;0.16933178901672363;4.0150612790057494e-07
Data(x=[63, 1], edge_index=[2, 70], edge_attr=[70, 3], y=0.0, custom_label=0.0, min_label=0, max_label=107, instance_name='p04.txt');0.0;0.23499329388141632;0.008193762972950935;4.0150612790057494e-07
Data(x=[81, 1], edge_index=[2, 90], edge_attr=[90, 3], y=25.0, custom_label=1.0, min_label=0, max_label=25, instance_name='p05.txt');1.0;0.23499329388141632;0.8288834691047668;4.0150612790057494e-07
Data(x=[81, 1], edge_index=[2, 90], edge_attr=[90, 3], y=24.0, custom_label=0.96, min_label=0, max_label=25, instance_name='p05.txt');0.9599999785423279;0.23499329388141632;0.8288834691047668;4.0150612790057494e-07
Data(x=[81, 1], edge_index=[2, 90], edge_attr=[90, 3], y=23.0, custom_label=0.92, min_label=0, max_label=25, instance_name='p05.txt');0.9200000166893005;0.23499329388141632;0.8288834691047668;4.0150612790057494e-07
Data(x=[82, 1], edge_index=[2, 92], edge_attr=[92, 3], y=22.0, custom_label=0.88, min_label=0, max_label=25, instance_name='p05.txt');0.8799999952316284;0.23499329388141632;0.6453934907913208;4.0150612790057494e-07
Data(x=[83, 1], edge_index=[2, 94], edge_attr=[94, 3], y=21.0, custom_label=0.84, min_label=0, max_label=25, instance_name='p05.txt');0.8399999737739563;0.23499329388141632;0.5171415209770203;4.0150612790057494e-07
Data(x=[83, 1], edge_index=[2, 94], edge_attr=[94, 3], y=20.0, custom_label=0.8, min_label=0, max_label=25, instance_name='p05.txt');0.800000011920929;0.23499329388141632;0.5171415209770203;4.0150612790057494e-07
Data(x=[83, 1], edge_index=[2, 94], edge_attr=[94, 3], y=19.0, custom_label=0.76, min_label=0, max_label=25, instance_name='p05.txt');0.7599999904632568;0.23499329388141632;0.5171415209770203;4.0150612790057494e-07
Data(x=[83, 1], edge_index=[2, 94], edge_attr=[94, 3], y=18.0, custom_label=0.72, min_label=0, max_label=25, instance_name='p05.txt');0.7200000286102295;0.23499329388141632;0.5171415209770203;4.0150612790057494e-07
Data(x=[83, 1], edge_index=[2, 94], edge_attr=[94, 3], y=17.0, custom_label=0.68, min_label=0, max_label=25, instance_name='p05.txt');0.6800000071525574;0.23499329388141632;0.5171415209770203;4.0150612790057494e-07
Data(x=[83, 1], edge_index=[2, 94], edge_attr=[94, 3], y=16.0, custom_label=0.64, min_label=0, max_label=25, instance_name='p05.txt');0.6399999856948853;0.23499329388141632;0.5171415209770203;4.0150612790057494e-07
Data(x=[84, 1], edge_index=[2, 96], edge_attr=[96, 3], y=15.0, custom_label=0.6, min_label=0, max_label=25, instance_name='p05.txt');0.6000000238418579;0.23499329388141632;0.37799081206321716;4.0150612790057494e-07
Data(x=[85, 1], edge_index=[2, 98], edge_attr=[98, 3], y=14.0, custom_label=0.56, min_label=0, max_label=25, instance_name='p05.txt');0.5600000023841858;0.23499329388141632;0.25251686573028564;4.0150612790057494e-07
Data(x=[85, 1], edge_index=[2, 98], edge_attr=[98, 3], y=13.0, custom_label=0.52, min_label=0, max_label=25, instance_name='p05.txt');0.5199999809265137;0.23499329388141632;0.25251686573028564;4.0150612790057494e-07
Data(x=[85, 1], edge_index=[2, 98], edge_attr=[98, 3], y=12.0, custom_label=0.48, min_label=0, max_label=25, instance_name='p05.txt');0.47999998927116394;0.23499329388141632;0.25251686573028564;4.0150612790057494e-07
Data(x=[85, 1], edge_index=[2, 98], edge_attr=[98, 3], y=11.0, custom_label=0.44, min_label=0, max_label=25, instance_name='p05.txt');0.4399999976158142;0.23499329388141632;0.25251686573028564;4.0150612790057494e-07
Data(x=[85, 1], edge_index=[2, 98], edge_attr=[98, 3], y=10.0, custom_label=0.4, min_label=0, max_label=25, instance_name='p05.txt');0.4000000059604645;0.23499329388141632;0.25251686573028564;4.0150612790057494e-07
Data(x=[85, 1], edge_index=[2, 98], edge_attr=[98, 3], y=9.0, custom_label=0.36, min_label=0, max_label=25, instance_name='p05.txt');0.36000001430511475;0.23499329388141632;0.25251686573028564;4.0150612790057494e-07
Data(x=[86, 1], edge_index=[2, 100], edge_attr=[100, 3], y=8.0, custom_label=0.32, min_label=0, max_label=25, instance_name='p05.txt');0.3199999928474426;0.23499329388141632;0.13928160071372986;4.0150612790057494e-07
Data(x=[87, 1], edge_index=[2, 102], edge_attr=[102, 3], y=7.0, custom_label=0.28, min_label=0, max_label=25, instance_name='p05.txt');0.2800000011920929;0.23499329388141632;0.04387266933917999;4.0150612790057494e-07
Data(x=[87, 1], edge_index=[2, 102], edge_attr=[102, 3], y=6.0, custom_label=0.24, min_label=0, max_label=25, instance_name='p05.txt');0.23999999463558197;0.23499329388141632;0.04387266933917999;4.0150612790057494e-07
Data(x=[87, 1], edge_index=[2, 102], edge_attr=[102, 3], y=5.0, custom_label=0.2, min_label=0, max_label=25, instance_name='p05.txt');0.20000000298023224;0.23499329388141632;0.04387266933917999;4.0150612790057494e-07
Data(x=[87, 1], edge_index=[2, 102], edge_attr=[102, 3], y=4.0, custom_label=0.16, min_label=0, max_label=25, instance_name='p05.txt');0.1599999964237213;0.23499329388141632;0.04387266933917999;4.0150612790057494e-07
Data(x=[87, 1], edge_index=[2, 102], edge_attr=[102, 3], y=3.0, custom_label=0.12, min_label=0, max_label=25, instance_name='p05.txt');0.11999999731779099;0.23499329388141632;0.04387266933917999;4.0150612790057494e-07
Data(x=[87, 1], edge_index=[2, 102], edge_attr=[102, 3], y=2.0, custom_label=0.08, min_label=0, max_label=25, instance_name='p05.txt');0.07999999821186066;0.23499329388141632;0.04387266933917999;4.0150612790057494e-07
Data(x=[88, 1], edge_index=[2, 104], edge_attr=[104, 3], y=1.0, custom_label=0.04, min_label=0, max_label=25, instance_name='p05.txt');0.03999999910593033;0.23499329388141632;0.00042505189776420593;4.0150612790057494e-07
Data(x=[89, 1], edge_index=[2, 106], edge_attr=[106, 3], y=0.0, custom_label=0.0, min_label=0, max_label=25, instance_name='p05.txt');0.0;0.23499329388141632;1.653192839512485e-06;4.0150612790057494e-07
Data(x=[66, 1], edge_index=[2, 86], edge_attr=[86, 3], y=5.0, custom_label=0.2, min_label=0, max_label=25, instance_name='p05.txt');0.20000000298023224;0.23499329388141632;2.346604560443666e-06;4.0150612790057494e-07
Data(x=[65, 1], edge_index=[2, 84], edge_attr=[84, 3], y=4.0, custom_label=0.16, min_label=0, max_label=25, instance_name='p05.txt');0.1599999964237213;0.23499329388141632;8.590217476012185e-06;4.0150612790057494e-07
Data(x=[65, 1], edge_index=[2, 84], edge_attr=[84, 3], y=3.0, custom_label=0.12, min_label=0, max_label=25, instance_name='p05.txt');0.11999999731779099;0.23499329388141632;8.590217476012185e-06;4.0150612790057494e-07
Data(x=[65, 1], edge_index=[2, 84], edge_attr=[84, 3], y=2.0, custom_label=0.08, min_label=0, max_label=25, instance_name='p05.txt');0.07999999821186066;0.23499329388141632;8.590217476012185e-06;4.0150612790057494e-07
Data(x=[65, 1], edge_index=[2, 84], edge_attr=[84, 3], y=1.0, custom_label=0.04, min_label=0, max_label=25, instance_name='p05.txt');0.03999999910593033;0.23499329388141632;8.590225661464501e-06;4.0150612790057494e-07
Data(x=[66, 1], edge_index=[2, 86], edge_attr=[86, 3], y=0.0, custom_label=0.0, min_label=0, max_label=25, instance_name='p05.txt');0.0;0.23499329388141632;4.973905731731065e-09;4.0150612790057494e-07
Data(x=[76, 1], edge_index=[2, 100], edge_attr=[100, 3], y=0.0, custom_label=0.0, min_label=0, max_label=25, instance_name='p05.txt');0.0;0.23499329388141632;2.549452204902991e-08;0.0
Data(x=[62, 1], edge_index=[2, 82], edge_attr=[82, 3], y=11.0, custom_label=0.44, min_label=0, max_label=25, instance_name='p05.txt');0.4399999976158142;0.23499329388141632;0.006314053665846586;0.0
Data(x=[62, 1], edge_index=[2, 82], edge_attr=[82, 3], y=10.0, custom_label=0.4, min_label=0, max_label=25, instance_name='p05.txt');0.4000000059604645;0.23499329388141632;0.0016192533075809479;4.0150612790057494e-07
Data(x=[62, 1], edge_index=[2, 82], edge_attr=[82, 3], y=9.0, custom_label=0.36, min_label=0, max_label=25, instance_name='p05.txt');0.36000001430511475;0.23499329388141632;0.027087103575468063;4.0150612790057494e-07
Data(x=[62, 1], edge_index=[2, 82], edge_attr=[82, 3], y=8.0, custom_label=0.32, min_label=0, max_label=25, instance_name='p05.txt');0.3199999928474426;0.23499329388141632;0.006314053665846586;4.0150612790057494e-07
Data(x=[63, 1], edge_index=[2, 84], edge_attr=[84, 3], y=7.0, custom_label=0.28, min_label=0, max_label=25, instance_name='p05.txt');0.2800000011920929;0.23499329388141632;2.6503921617404558e-06;4.0150612790057494e-07
Data(x=[62, 1], edge_index=[2, 82], edge_attr=[82, 3], y=6.0, custom_label=0.24, min_label=0, max_label=25, instance_name='p05.txt');0.23999999463558197;0.23499329388141632;7.36978036002256e-05;4.0150612790057494e-07
Data(x=[63, 1], edge_index=[2, 84], edge_attr=[84, 3], y=5.0, custom_label=0.2, min_label=0, max_label=25, instance_name='p05.txt');0.20000000298023224;0.23499329388141632;6.664929053101787e-09;4.0150612790057494e-07
Data(x=[62, 1], edge_index=[2, 82], edge_attr=[82, 3], y=4.0, custom_label=0.16, min_label=0, max_label=25, instance_name='p05.txt');0.1599999964237213;0.23499329388141632;1.6800038338260492e-07;4.0150612790057494e-07
Data(x=[62, 1], edge_index=[2, 82], edge_attr=[82, 3], y=3.0, custom_label=0.12, min_label=0, max_label=25, instance_name='p05.txt');0.11999999731779099;0.23499329388141632;1.6800038338260492e-07;4.0150612790057494e-07
Data(x=[62, 1], edge_index=[2, 82], edge_attr=[82, 3], y=2.0, custom_label=0.08, min_label=0, max_label=25, instance_name='p05.txt');0.07999999821186066;0.23499329388141632;2.2564186963336397e-07;4.0150612790057494e-07
Data(x=[62, 1], edge_index=[2, 82], edge_attr=[82, 3], y=1.0, custom_label=0.04, min_label=0, max_label=25, instance_name='p05.txt');0.03999999910593033;0.23499329388141632;1.6800022706320306e-07;4.0150612790057494e-07
Data(x=[63, 1], edge_index=[2, 84], edge_attr=[84, 3], y=0.0, custom_label=0.0, min_label=0, max_label=25, instance_name='p05.txt');0.0;0.23499329388141632;7.2168986064991e-11;4.0150612790057494e-07
Data(x=[63, 1], edge_index=[2, 84], edge_attr=[84, 3], y=0.0, custom_label=0.0, min_label=0, max_label=25, instance_name='p05.txt');0.0;0.23499329388141632;3.1249083876083716e-10;4.0150612790057494e-07
Data(x=[68, 1], edge_index=[2, 88], edge_attr=[88, 3], y=9.0, custom_label=0.36, min_label=0, max_label=25, instance_name='p05.txt');0.36000001430511475;0.23499329388141632;0.09394501149654388;0.0
Data(x=[68, 1], edge_index=[2, 88], edge_attr=[88, 3], y=8.0, custom_label=0.32, min_label=0, max_label=25, instance_name='p05.txt');0.3199999928474426;0.23499329388141632;0.08854036033153534;0.0
Data(x=[68, 1], edge_index=[2, 88], edge_attr=[88, 3], y=7.0, custom_label=0.28, min_label=0, max_label=25, instance_name='p05.txt');0.2800000011920929;0.23499329388141632;0.0687972754240036;0.0
Data(x=[69, 1], edge_index=[2, 90], edge_attr=[90, 3], y=6.0, custom_label=0.24, min_label=0, max_label=25, instance_name='p05.txt');0.23999999463558197;0.23499329388141632;0.001285162870772183;0.0
Data(x=[69, 1], edge_index=[2, 90], edge_attr=[90, 3], y=5.0, custom_label=0.2, min_label=0, max_label=25, instance_name='p05.txt');0.20000000298023224;0.23499329388141632;3.0525604870490497e-06;0.0
Data(x=[68, 1], edge_index=[2, 88], edge_attr=[88, 3], y=4.0, custom_label=0.16, min_label=0, max_label=25, instance_name='p05.txt');0.1599999964237213;0.23499329388141632;1.0574513908068184e-05;0.0
Data(x=[68, 1], edge_index=[2, 88], edge_attr=[88, 3], y=3.0, custom_label=0.12, min_label=0, max_label=25, instance_name='p05.txt');0.11999999731779099;0.23499329388141632;1.0574503903626464e-05;0.0
Data(x=[68, 1], edge_index=[2, 88], edge_attr=[88, 3], y=2.0, custom_label=0.08, min_label=0, max_label=25, instance_name='p05.txt');0.07999999821186066;0.23499329388141632;1.0574513908068184e-05;0.0
Data(x=[68, 1], edge_index=[2, 88], edge_attr=[88, 3], y=1.0, custom_label=0.04, min_label=0, max_label=25, instance_name='p05.txt');0.03999999910593033;0.23499329388141632;1.0574513908068184e-05;0.0
Data(x=[69, 1], edge_index=[2, 90], edge_attr=[90, 3], y=0.0, custom_label=0.0, min_label=0, max_label=25, instance_name='p05.txt');0.0;0.23499329388141632;8.456122024824708e-09;0.0
Data(x=[76, 1], edge_index=[2, 96], edge_attr=[96, 3], y=9.0, custom_label=0.36, min_label=0, max_label=25, instance_name='p05.txt');0.36000001430511475;0.23499329388141632;0.043797194957733154;0.0
Data(x=[76, 1], edge_index=[2, 96], edge_attr=[96, 3], y=8.0, custom_label=0.32, min_label=0, max_label=25, instance_name='p05.txt');0.3199999928474426;0.23499329388141632;0.0004552658065222204;0.0
Data(x=[75, 1], edge_index=[2, 94], edge_attr=[94, 3], y=7.0, custom_label=0.28, min_label=0, max_label=25, instance_name='p05.txt');0.2800000011920929;0.23499329388141632;0.006624135188758373;0.0
Data(x=[75, 1], edge_index=[2, 94], edge_attr=[94, 3], y=6.0, custom_label=0.24, min_label=0, max_label=25, instance_name='p05.txt');0.23999999463558197;0.23499329388141632;0.006624141242355108;0.0
Data(x=[75, 1], edge_index=[2, 94], edge_attr=[94, 3], y=5.0, custom_label=0.2, min_label=0, max_label=25, instance_name='p05.txt');0.20000000298023224;0.23499329388141632;0.006624138448387384;0.0
Data(x=[76, 1], edge_index=[2, 96], edge_attr=[96, 3], y=4.0, custom_label=0.16, min_label=0, max_label=25, instance_name='p05.txt');0.1599999964237213;0.23499329388141632;1.0784710866573732e-05;0.0
Data(x=[75, 1], edge_index=[2, 94], edge_attr=[94, 3], y=3.0, custom_label=0.12, min_label=0, max_label=25, instance_name='p05.txt');0.11999999731779099;0.23499329388141632;3.374385414645076e-05;0.0
Data(x=[75, 1], edge_index=[2, 94], edge_attr=[94, 3], y=2.0, custom_label=0.08, min_label=0, max_label=25, instance_name='p05.txt');0.07999999821186066;0.23499329388141632;2.9133547286619432e-05;0.0
Data(x=[75, 1], edge_index=[2, 94], edge_attr=[94, 3], y=1.0, custom_label=0.04, min_label=0, max_label=25, instance_name='p05.txt');0.03999999910593033;0.23499329388141632;3.3743883250281215e-05;0.0
Data(x=[76, 1], edge_index=[2, 96], edge_attr=[96, 3], y=0.0, custom_label=0.0, min_label=0, max_label=25, instance_name='p05.txt');0.0;0.23499329388141632;5.159158078527071e-08;0.0
Data(x=[74, 1], edge_index=[2, 98], edge_attr=[98, 3], y=3.0, custom_label=0.12, min_label=0, max_label=25, instance_name='p05.txt');0.11999999731779099;0.23499329388141632;1.0210181926595396e-06;4.0150612790057494e-07
Data(x=[74, 1], edge_index=[2, 98], edge_attr=[98, 3], y=2.0, custom_label=0.08, min_label=0, max_label=25, instance_name='p05.txt');0.07999999821186066;0.23499329388141632;6.87120916609274e-07;4.0150612790057494e-07
Data(x=[74, 1], edge_index=[2, 98], edge_attr=[98, 3], y=1.0, custom_label=0.04, min_label=0, max_label=25, instance_name='p05.txt');0.03999999910593033;0.23499329388141632;2.3890358988865046e-06;4.0150612790057494e-07
Data(x=[75, 1], edge_index=[2, 100], edge_attr=[100, 3], y=0.0, custom_label=0.0, min_label=0, max_label=25, instance_name='p05.txt');0.0;0.23499329388141632;3.4345437605054485e-09;4.0150612790057494e-07
Data(x=[69, 1], edge_index=[2, 90], edge_attr=[90, 3], y=4.0, custom_label=0.16, min_label=0, max_label=25, instance_name='p05.txt');0.1599999964237213;0.23499329388141632;3.0525604870490497e-06;0.0
Data(x=[69, 1], edge_index=[2, 90], edge_attr=[90, 3], y=3.0, custom_label=0.12, min_label=0, max_label=25, instance_name='p05.txt');0.11999999731779099;0.23499329388141632;3.0525604870490497e-06;0.0
Data(x=[69, 1], edge_index=[2, 90], edge_attr=[90, 3], y=2.0, custom_label=0.08, min_label=0, max_label=25, instance_name='p05.txt');0.07999999821186066;0.23499329388141632;8.021550570447289e-07;0.0
Data(x=[69, 1], edge_index=[2, 90], edge_attr=[90, 3], y=1.0, custom_label=0.04, min_label=0, max_label=25, instance_name='p05.txt');0.03999999910593033;0.23499329388141632;3.0525604870490497e-06;0.0
Data(x=[70, 1], edge_index=[2, 92], edge_attr=[92, 3], y=0.0, custom_label=0.0, min_label=0, max_label=25, instance_name='p05.txt');0.0;0.23499329388141632;2.7458562090743044e-09;0.0
Data(x=[69, 1], edge_index=[2, 88], edge_attr=[88, 3], y=15.0, custom_label=0.6, min_label=0, max_label=25, instance_name='p05.txt');0.6000000238418579;0.23499329388141632;0.11428751051425934;4.0150612790057494e-07
Data(x=[69, 1], edge_index=[2, 88], edge_attr=[88, 3], y=14.0, custom_label=0.56, min_label=0, max_label=25, instance_name='p05.txt');0.5600000023841858;0.23499329388141632;0.11428751051425934;4.0150612790057494e-07
Data(x=[69, 1], edge_index=[2, 88], edge_attr=[88, 3], y=13.0, custom_label=0.52, min_label=0, max_label=25, instance_name='p05.txt');0.5199999809265137;0.23499329388141632;0.1085435077548027;4.0150612790057494e-07
Data(x=[69, 1], edge_index=[2, 88], edge_attr=[88, 3], y=12.0, custom_label=0.48, min_label=0, max_label=25, instance_name='p05.txt');0.47999998927116394;0.23499329388141632;0.11428748071193695;4.0150612790057494e-07
Data(x=[69, 1], edge_index=[2, 88], edge_attr=[88, 3], y=11.0, custom_label=0.44, min_label=0, max_label=25, instance_name='p05.txt');0.4399999976158142;0.23499329388141632;0.11428748071193695;4.0150612790057494e-07
Data(x=[69, 1], edge_index=[2, 88], edge_attr=[88, 3], y=10.0, custom_label=0.4, min_label=0, max_label=25, instance_name='p05.txt');0.4000000059604645;0.23499329388141632;0.1085435077548027;4.0150612790057494e-07
Data(x=[69, 1], edge_index=[2, 88], edge_attr=[88, 3], y=9.0, custom_label=0.36, min_label=0, max_label=25, instance_name='p05.txt');0.36000001430511475;0.23499329388141632;0.11428748071193695;4.0150612790057494e-07
Data(x=[69, 1], edge_index=[2, 88], edge_attr=[88, 3], y=8.0, custom_label=0.32, min_label=0, max_label=25, instance_name='p05.txt');0.3199999928474426;0.23499329388141632;0.11428748071193695;4.0150612790057494e-07
Data(x=[69, 1], edge_index=[2, 88], edge_attr=[88, 3], y=7.0, custom_label=0.28, min_label=0, max_label=25, instance_name='p05.txt');0.2800000011920929;0.23499329388141632;0.11428745836019516;4.0150612790057494e-07
Data(x=[70, 1], edge_index=[2, 90], edge_attr=[90, 3], y=6.0, custom_label=0.24, min_label=0, max_label=25, instance_name='p05.txt');0.23999999463558197;0.23499329388141632;0.004691166337579489;4.0150612790057494e-07
Data(x=[70, 1], edge_index=[2, 90], edge_attr=[90, 3], y=5.0, custom_label=0.2, min_label=0, max_label=25, instance_name='p05.txt');0.20000000298023224;0.23499329388141632;0.004691166337579489;4.0150612790057494e-07
Data(x=[70, 1], edge_index=[2, 90], edge_attr=[90, 3], y=4.0, custom_label=0.16, min_label=0, max_label=25, instance_name='p05.txt');0.1599999964237213;0.23499329388141632;0.004038837272673845;4.0150612790057494e-07
Data(x=[70, 1], edge_index=[2, 90], edge_attr=[90, 3], y=3.0, custom_label=0.12, min_label=0, max_label=25, instance_name='p05.txt');0.11999999731779099;0.23499329388141632;0.004691166337579489;4.0150612790057494e-07
Data(x=[70, 1], edge_index=[2, 90], edge_attr=[90, 3], y=2.0, custom_label=0.08, min_label=0, max_label=25, instance_name='p05.txt');0.07999999821186066;0.23499329388141632;0.004691166337579489;4.0150612790057494e-07
Data(x=[71, 1], edge_index=[2, 92], edge_attr=[92, 3], y=1.0, custom_label=0.04, min_label=0, max_label=25, instance_name='p05.txt');0.03999999910593033;0.23499329388141632;4.75519300380256e-06;4.0150612790057494e-07
Data(x=[71, 1], edge_index=[2, 92], edge_attr=[92, 3], y=0.0, custom_label=0.0, min_label=0, max_label=25, instance_name='p05.txt');0.0;0.23499329388141632;1.555698680988371e-08;4.0150612790057494e-07
Data(x=[54, 1], edge_index=[2, 72], edge_attr=[72, 3], y=10.0, custom_label=0.4, min_label=0, max_label=25, instance_name='p05.txt');0.4000000059604645;0.23499329388141632;0.1711234450340271;4.0150612790057494e-07
Data(x=[54, 1], edge_index=[2, 72], edge_attr=[72, 3], y=9.0, custom_label=0.36, min_label=0, max_label=25, instance_name='p05.txt');0.36000001430511475;0.23499329388141632;0.1711234450340271;4.0150612790057494e-07
Data(x=[54, 1], edge_index=[2, 72], edge_attr=[72, 3], y=8.0, custom_label=0.32, min_label=0, max_label=25, instance_name='p05.txt');0.3199999928474426;0.23499329388141632;0.16140663623809814;4.0150612790057494e-07
Data(x=[54, 1], edge_index=[2, 72], edge_attr=[72, 3], y=7.0, custom_label=0.28, min_label=0, max_label=25, instance_name='p05.txt');0.2800000011920929;0.23499329388141632;0.1711234450340271;4.0150612790057494e-07
Data(x=[55, 1], edge_index=[2, 74], edge_attr=[74, 3], y=6.0, custom_label=0.24, min_label=0, max_label=25, instance_name='p05.txt');0.23999999463558197;0.23499329388141632;0.015523653477430344;4.0150612790057494e-07
Data(x=[54, 1], edge_index=[2, 72], edge_attr=[72, 3], y=5.0, custom_label=0.2, min_label=0, max_label=25, instance_name='p05.txt');0.20000000298023224;0.23499329388141632;0.036099616438150406;4.0150612790057494e-07
Data(x=[54, 1], edge_index=[2, 72], edge_attr=[72, 3], y=4.0, custom_label=0.16, min_label=0, max_label=25, instance_name='p05.txt');0.1599999964237213;0.23499329388141632;0.036099616438150406;4.0150612790057494e-07
Data(x=[55, 1], edge_index=[2, 74], edge_attr=[74, 3], y=3.0, custom_label=0.12, min_label=0, max_label=25, instance_name='p05.txt');0.11999999731779099;0.23499329388141632;1.490303566242801e-05;4.0150612790057494e-07
Data(x=[55, 1], edge_index=[2, 74], edge_attr=[74, 3], y=2.0, custom_label=0.08, min_label=0, max_label=25, instance_name='p05.txt');0.07999999821186066;0.23499329388141632;9.181169602356931e-09;4.0150612790057494e-07
Data(x=[54, 1], edge_index=[2, 72], edge_attr=[72, 3], y=1.0, custom_label=0.04, min_label=0, max_label=25, instance_name='p05.txt');0.03999999910593033;0.23499329388141632;3.7801160601702577e-07;4.0150612790057494e-07
Data(x=[55, 1], edge_index=[2, 74], edge_attr=[74, 3], y=0.0, custom_label=0.0, min_label=0, max_label=25, instance_name='p05.txt');0.0;0.23499329388141632;5.140841224937631e-11;4.0150612790057494e-07
Data(x=[40, 1], edge_index=[2, 46], edge_attr=[46, 3], y=35.0, custom_label=1.0, min_label=0, max_label=35, instance_name='p06.txt');1.0;0.23499329388141632;0.1865624189376831;4.0150612790057494e-07
Data(x=[40, 1], edge_index=[2, 46], edge_attr=[46, 3], y=34.0, custom_label=0.9714286, min_label=0, max_label=35, instance_name='p06.txt');0.9714285731315613;0.23499329388141632;0.1865624189376831;4.0150612790057494e-07
Data(x=[40, 1], edge_index=[2, 46], edge_attr=[46, 3], y=33.0, custom_label=0.94285715, min_label=0, max_label=35, instance_name='p06.txt');0.9428571462631226;0.23499329388141632;0.1865624189376831;4.0150612790057494e-07
Data(x=[40, 1], edge_index=[2, 46], edge_attr=[46, 3], y=32.0, custom_label=0.9142857, min_label=0, max_label=35, instance_name='p06.txt');0.9142857193946838;0.23499329388141632;0.1865624487400055;4.0150612790057494e-07
Data(x=[39, 1], edge_index=[2, 44], edge_attr=[44, 3], y=31.0, custom_label=0.8857143, min_label=0, max_label=35, instance_name='p06.txt');0.8857142925262451;0.23499329388141632;0.4587489366531372;4.0150612790057494e-07
Data(x=[39, 1], edge_index=[2, 44], edge_attr=[44, 3], y=30.0, custom_label=0.85714287, min_label=0, max_label=35, instance_name='p06.txt');0.8571428656578064;0.23499329388141632;0.458748996257782;4.0150612790057494e-07
Data(x=[39, 1], edge_index=[2, 44], edge_attr=[44, 3], y=29.0, custom_label=0.82857144, min_label=0, max_label=35, instance_name='p06.txt');0.8285714387893677;0.23499329388141632;0.4587489366531372;4.0150612790057494e-07
Data(x=[39, 1], edge_index=[2, 44], edge_attr=[44, 3], y=28.0, custom_label=0.8, min_label=0, max_label=35, instance_name='p06.txt');0.800000011920929;0.23499329388141632;0.4587489366531372;4.0150612790057494e-07
Data(x=[39, 1], edge_index=[2, 44], edge_attr=[44, 3], y=27.0, custom_label=0.7714286, min_label=0, max_label=35, instance_name='p06.txt');0.7714285850524902;0.23499329388141632;0.4587489366531372;4.0150612790057494e-07
Data(x=[39, 1], edge_index=[2, 44], edge_attr=[44, 3], y=26.0, custom_label=0.74285716, min_label=0, max_label=35, instance_name='p06.txt');0.7428571581840515;0.23499329388141632;0.4587489366531372;4.0150612790057494e-07
Data(x=[39, 1], edge_index=[2, 44], edge_attr=[44, 3], y=25.0, custom_label=0.71428573, min_label=0, max_label=35, instance_name='p06.txt');0.7142857313156128;0.23499329388141632;0.4587489366531372;4.0150612790057494e-07
Data(x=[38, 1], edge_index=[2, 42], edge_attr=[42, 3], y=24.0, custom_label=0.6857143, min_label=0, max_label=35, instance_name='p06.txt');0.6857143044471741;0.23499329388141632;0.8180783987045288;4.0150612790057494e-07
Data(x=[38, 1], edge_index=[2, 42], edge_attr=[42, 3], y=23.0, custom_label=0.6571429, min_label=0, max_label=35, instance_name='p06.txt');0.6571428775787354;0.23499329388141632;0.8180783987045288;4.0150612790057494e-07
Data(x=[38, 1], edge_index=[2, 42], edge_attr=[42, 3], y=22.0, custom_label=0.62857145, min_label=0, max_label=35, instance_name='p06.txt');0.6285714507102966;0.23499329388141632;0.8180783987045288;4.0150612790057494e-07
Data(x=[38, 1], edge_index=[2, 42], edge_attr=[42, 3], y=21.0, custom_label=0.6, min_label=0, max_label=35, instance_name='p06.txt');0.6000000238418579;0.23499329388141632;0.8180783987045288;4.0150612790057494e-07
Data(x=[38, 1], edge_index=[2, 42], edge_attr=[42, 3], y=20.0, custom_label=0.5714286, min_label=0, max_label=35, instance_name='p06.txt');0.5714285969734192;0.23499329388141632;0.8180783987045288;4.0150612790057494e-07
Data(x=[38, 1], edge_index=[2, 42], edge_attr=[42, 3], y=19.0, custom_label=0.54285717, min_label=0, max_label=35, instance_name='p06.txt');0.5428571701049805;0.23499329388141632;0.8180783987045288;4.0150612790057494e-07
Data(x=[39, 1], edge_index=[2, 44], edge_attr=[44, 3], y=18.0, custom_label=0.51428574, min_label=0, max_label=35, instance_name='p06.txt');0.5142857432365417;0.23499329388141632;0.4587489366531372;4.0150612790057494e-07
Data(x=[39, 1], edge_index=[2, 44], edge_attr=[44, 3], y=17.0, custom_label=0.4857143, min_label=0, max_label=35, instance_name='p06.txt');0.48571428656578064;0.23499329388141632;0.4587489366531372;4.0150612790057494e-07
Data(x=[39, 1], edge_index=[2, 44], edge_attr=[44, 3], y=16.0, custom_label=0.45714286, min_label=0, max_label=35, instance_name='p06.txt');0.4571428596973419;0.23499329388141632;0.4587489366531372;4.0150612790057494e-07
Data(x=[39, 1], edge_index=[2, 44], edge_attr=[44, 3], y=15.0, custom_label=0.42857143, min_label=0, max_label=35, instance_name='p06.txt');0.4285714328289032;0.23499329388141632;0.4587489366531372;4.0150612790057494e-07
Data(x=[39, 1], edge_index=[2, 44], edge_attr=[44, 3], y=14.0, custom_label=0.4, min_label=0, max_label=35, instance_name='p06.txt');0.4000000059604645;0.23499329388141632;0.4587489366531372;4.0150612790057494e-07
Data(x=[39, 1], edge_index=[2, 44], edge_attr=[44, 3], y=13.0, custom_label=0.37142858, min_label=0, max_label=35, instance_name='p06.txt');0.37142857909202576;0.23499329388141632;0.4587489366531372;4.0150612790057494e-07
Data(x=[40, 1], edge_index=[2, 46], edge_attr=[46, 3], y=12.0, custom_label=0.34285715, min_label=0, max_label=35, instance_name='p06.txt');0.34285715222358704;0.23499329388141632;0.1865624189376831;4.0150612790057494e-07
Data(x=[40, 1], edge_index=[2, 46], edge_attr=[46, 3], y=11.0, custom_label=0.31428573, min_label=0, max_label=35, instance_name='p06.txt');0.3142857253551483;0.23499329388141632;0.1865624189376831;4.0150612790057494e-07
Data(x=[40, 1], edge_index=[2, 46], edge_attr=[46, 3], y=10.0, custom_label=0.2857143, min_label=0, max_label=35, instance_name='p06.txt');0.2857142984867096;0.23499329388141632;0.1865624189376831;4.0150612790057494e-07
Data(x=[39, 1], edge_index=[2, 44], edge_attr=[44, 3], y=9.0, custom_label=0.25714287, min_label=0, max_label=35, instance_name='p06.txt');0.2571428716182709;0.23499329388141632;0.4587489366531372;4.0150612790057494e-07
Data(x=[39, 1], edge_index=[2, 44], edge_attr=[44, 3], y=8.0, custom_label=0.22857143, min_label=0, max_label=35, instance_name='p06.txt');0.22857142984867096;0.23499329388141632;0.4587489366531372;4.0150612790057494e-07
Data(x=[39, 1], edge_index=[2, 44], edge_attr=[44, 3], y=7.0, custom_label=0.2, min_label=0, max_label=35, instance_name='p06.txt');0.20000000298023224;0.23499329388141632;0.4587489366531372;4.0150612790057494e-07
Data(x=[39, 1], edge_index=[2, 44], edge_attr=[44, 3], y=6.0, custom_label=0.17142858, min_label=0, max_label=35, instance_name='p06.txt');0.17142857611179352;0.23499329388141632;0.4587489366531372;4.0150612790057494e-07
Data(x=[40, 1], edge_index=[2, 46], edge_attr=[46, 3], y=5.0, custom_label=0.14285715, min_label=0, max_label=35, instance_name='p06.txt');0.1428571492433548;0.23499329388141632;0.1865624189376831;4.0150612790057494e-07
Data(x=[40, 1], edge_index=[2, 46], edge_attr=[46, 3], y=4.0, custom_label=0.114285715, min_label=0, max_label=35, instance_name='p06.txt');0.11428571492433548;0.23499329388141632;0.1865624189376831;4.0150612790057494e-07
Data(x=[40, 1], edge_index=[2, 46], edge_attr=[46, 3], y=3.0, custom_label=0.08571429, min_label=0, max_label=35, instance_name='p06.txt');0.08571428805589676;0.23499329388141632;0.1865624189376831;4.0150612790057494e-07
Data(x=[40, 1], edge_index=[2, 46], edge_attr=[46, 3], y=2.0, custom_label=0.057142857, min_label=0, max_label=35, instance_name='p06.txt');0.05714285746216774;0.23499329388141632;0.1865624189376831;4.0150612790057494e-07
Data(x=[40, 1], edge_index=[2, 46], edge_attr=[46, 3], y=1.0, custom_label=0.028571429, min_label=0, max_label=35, instance_name='p06.txt');0.02857142873108387;0.23499329388141632;0.1865624189376831;4.0150612790057494e-07
Data(x=[41, 1], edge_index=[2, 48], edge_attr=[48, 3], y=0.0, custom_label=0.0, min_label=0, max_label=35, instance_name='p06.txt');0.0;0.23499329388141632;0.0021029235795140266;4.0150612790057494e-07
Data(x=[28, 1], edge_index=[2, 38], edge_attr=[38, 3], y=0.0, custom_label=0.0, min_label=0, max_label=35, instance_name='p06.txt');0.0;0.23499329388141632;5.079748461866984e-06;0.0
Data(x=[26, 1], edge_index=[2, 34], edge_attr=[34, 3], y=1.0, custom_label=0.028571429, min_label=0, max_label=35, instance_name='p06.txt');0.02857142873108387;0.23499329388141632;0.16474968194961548;0.0
Data(x=[27, 1], edge_index=[2, 36], edge_attr=[36, 3], y=0.0, custom_label=0.0, min_label=0, max_label=35, instance_name='p06.txt');0.0;0.23499329388141632;3.826371084869606e-06;0.0
Data(x=[27, 1], edge_index=[2, 36], edge_attr=[36, 3], y=0.0, custom_label=0.0, min_label=0, max_label=35, instance_name='p06.txt');0.0;0.23499329388141632;5.79265406486229e-06;0.0
Data(x=[29, 1], edge_index=[2, 38], edge_attr=[38, 3], y=1.0, custom_label=0.028571429, min_label=0, max_label=35, instance_name='p06.txt');0.02857142873108387;0.23499329388141632;0.10403186827898026;4.0150612790057494e-07
Data(x=[30, 1], edge_index=[2, 40], edge_attr=[40, 3], y=0.0, custom_label=0.0, min_label=0, max_label=35, instance_name='p06.txt');0.0;0.23499329388141632;1.6678585268437018e-07;4.0150612790057494e-07
Data(x=[26, 1], edge_index=[2, 36], edge_attr=[36, 3], y=0.0, custom_label=0.0, min_label=0, max_label=35, instance_name='p06.txt');0.0;0.23499329388141632;5.106108460495307e-07;0.0
Data(x=[24, 1], edge_index=[2, 34], edge_attr=[34, 3], y=0.0, custom_label=0.0, min_label=0, max_label=35, instance_name='p06.txt');0.0;0.23499329388141632;2.126112264022595e-08;0.0
Data(x=[37, 1], edge_index=[2, 46], edge_attr=[46, 3], y=0.0, custom_label=0.0, min_label=0, max_label=35, instance_name='p06.txt');0.0;0.23499329388141632;7.655171066289768e-05;0.0
Data(x=[24, 1], edge_index=[2, 32], edge_attr=[32, 3], y=1.0, custom_label=0.028571429, min_label=0, max_label=35, instance_name='p06.txt');0.02857142873108387;0.23499329388141632;0.19141928851604462;0.0
Data(x=[25, 1], edge_index=[2, 34], edge_attr=[34, 3], y=0.0, custom_label=0.0, min_label=0, max_label=35, instance_name='p06.txt');0.0;0.23499329388141632;2.720582187976106e-06;0.0
Data(x=[36, 1], edge_index=[2, 46], edge_attr=[46, 3], y=0.0, custom_label=0.0, min_label=0, max_label=35, instance_name='p06.txt');0.0;0.23499329388141632;1.5038089031804702e-06;4.0150612790057494e-07
Data(x=[26, 1], edge_index=[2, 34], edge_attr=[34, 3], y=0.0, custom_label=0.0, min_label=0, max_label=35, instance_name='p06.txt');0.0;0.23499329388141632;6.6744041760102846e-06;0.0
Data(x=[29, 1], edge_index=[2, 38], edge_attr=[38, 3], y=0.0, custom_label=0.0, min_label=0, max_label=35, instance_name='p06.txt');0.0;0.23499329388141632;1.1146114047733136e-05;0.0
Data(x=[34, 1], edge_index=[2, 42], edge_attr=[42, 3], y=0.0, custom_label=0.0, min_label=0, max_label=35, instance_name='p06.txt');0.0;0.23499329388141632;0.00066762586357072;4.0150612790057494e-07
Data(x=[29, 1], edge_index=[2, 38], edge_attr=[38, 3], y=0.0, custom_label=0.0, min_label=0, max_label=35, instance_name='p06.txt');0.0;0.23499329388141632;1.1146114047733136e-05;4.0150612790057494e-07
Data(x=[30, 1], edge_index=[2, 40], edge_attr=[40, 3], y=0.0, custom_label=0.0, min_label=0, max_label=35, instance_name='p06.txt');0.0;0.23499329388141632;0.0001487976114731282;0.0
Data(x=[30, 1], edge_index=[2, 40], edge_attr=[40, 3], y=0.0, custom_label=0.0, min_label=0, max_label=35, instance_name='p06.txt');0.0;0.23499329388141632;9.643605153542012e-06;0.0
Data(x=[34, 1], edge_index=[2, 42], edge_attr=[42, 3], y=0.0, custom_label=0.0, min_label=0, max_label=35, instance_name='p06.txt');0.0;0.23499329388141632;0.0006676262128166854;0.0
Data(x=[34, 1], edge_index=[2, 42], edge_attr=[42, 3], y=0.0, custom_label=0.0, min_label=0, max_label=35, instance_name='p06.txt');0.0;0.23499329388141632;0.0006676255725324154;0.0
Data(x=[25, 1], edge_index=[2, 36], edge_attr=[36, 3], y=0.0, custom_label=0.0, min_label=0, max_label=35, instance_name='p06.txt');0.0;0.23499329388141632;7.091411458048924e-09;0.0
Data(x=[35, 1], edge_index=[2, 44], edge_attr=[44, 3], y=0.0, custom_label=0.0, min_label=0, max_label=35, instance_name='p06.txt');0.0;0.23499329388141632;3.74476658180356e-05;0.0
Data(x=[25, 1], edge_index=[2, 32], edge_attr=[32, 3], y=0.0, custom_label=0.0, min_label=0, max_label=35, instance_name='p06.txt');0.0;0.23499329388141632;0.0002061245177173987;4.0150612790057494e-07
Data(x=[29, 1], edge_index=[2, 38], edge_attr=[38, 3], y=0.0, custom_label=0.0, min_label=0, max_label=35, instance_name='p06.txt');0.0;0.23499329388141632;0.00018878017726819962;0.0
Data(x=[30, 1], edge_index=[2, 40], edge_attr=[40, 3], y=0.0, custom_label=0.0, min_label=0, max_label=35, instance_name='p06.txt');0.0;0.23499329388141632;2.5020003704412375e-06;0.0
Data(x=[33, 1], edge_index=[2, 44], edge_attr=[44, 3], y=0.0, custom_label=0.0, min_label=0, max_label=35, instance_name='p06.txt');0.0;0.23499329388141632;1.4650511729996651e-05;0.0
Data(x=[27, 1], edge_index=[2, 38], edge_attr=[38, 3], y=0.0, custom_label=0.0, min_label=0, max_label=35, instance_name='p06.txt');0.0;0.23499329388141632;2.1944347281532828e-06;0.0
Data(x=[31, 1], edge_index=[2, 40], edge_attr=[40, 3], y=0.0, custom_label=0.0, min_label=0, max_label=35, instance_name='p06.txt');0.0;0.23499329388141632;1.974984843400307e-05;0.0
Data(x=[26, 1], edge_index=[2, 34], edge_attr=[34, 3], y=0.0, custom_label=0.0, min_label=0, max_label=35, instance_name='p06.txt');0.0;0.23499329388141632;0.00015741809329483658;0.0
Data(x=[27, 1], edge_index=[2, 36], edge_attr=[36, 3], y=0.0, custom_label=0.0, min_label=0, max_label=35, instance_name='p06.txt');0.0;0.23499329388141632;0.00012165760563220829;0.0
Data(x=[27, 1], edge_index=[2, 36], edge_attr=[36, 3], y=0.0, custom_label=0.0, min_label=0, max_label=35, instance_name='p06.txt');0.0;0.23499329388141632;1.2500359503064828e-07;4.0150612790057494e-07
Data(x=[31, 1], edge_index=[2, 40], edge_attr=[40, 3], y=0.0, custom_label=0.0, min_label=0, max_label=35, instance_name='p06.txt');0.0;0.23499329388141632;1.3831012438458856e-05;4.0150612790057494e-07
Data(x=[26, 1], edge_index=[2, 36], edge_attr=[36, 3], y=0.0, custom_label=0.0, min_label=0, max_label=35, instance_name='p06.txt');0.0;0.23499329388141632;5.768910705228336e-05;0.0
Data(x=[31, 1], edge_index=[2, 40], edge_attr=[40, 3], y=0.0, custom_label=0.0, min_label=0, max_label=35, instance_name='p06.txt');0.0;0.23499329388141632;0.0002767712576314807;0.0
Data(x=[29, 1], edge_index=[2, 36], edge_attr=[36, 3], y=0.0, custom_label=0.0, min_label=0, max_label=35, instance_name='p06.txt');0.0;0.23499329388141632;0.00046447376371361315;4.0150612790057494e-07
Data(x=[34, 1], edge_index=[2, 42], edge_attr=[42, 3], y=0.0, custom_label=0.0, min_label=0, max_label=35, instance_name='p06.txt');0.0;0.23499329388141632;0.0006676255725324154;4.0150612790057494e-07
Data(x=[23, 1], edge_index=[2, 32], edge_attr=[32, 3], y=0.0, custom_label=0.0, min_label=0, max_label=35, instance_name='p06.txt');0.0;0.23499329388141632;6.85947611600568e-07;0.0
Data(x=[31, 1], edge_index=[2, 40], edge_attr=[40, 3], y=0.0, custom_label=0.0, min_label=0, max_label=35, instance_name='p06.txt');0.0;0.23499329388141632;0.0002767712576314807;0.0
Data(x=[28, 1], edge_index=[2, 36], edge_attr=[36, 3], y=0.0, custom_label=0.0, min_label=0, max_label=35, instance_name='p06.txt');0.0;0.23499329388141632;1.3016609045735095e-05;0.0
Data(x=[29, 1], edge_index=[2, 38], edge_attr=[38, 3], y=0.0, custom_label=0.0, min_label=0, max_label=35, instance_name='p06.txt');0.0;0.23499329388141632;0.00018878017726819962;0.0
Data(x=[28, 1], edge_index=[2, 36], edge_attr=[36, 3], y=3.0, custom_label=0.08571429, min_label=0, max_label=35, instance_name='p06.txt');0.08571428805589676;0.23499329388141632;0.13992758095264435;4.0150612790057494e-07
Data(x=[27, 1], edge_index=[2, 34], edge_attr=[34, 3], y=2.0, custom_label=0.057142857, min_label=0, max_label=35, instance_name='p06.txt');0.05714285746216774;0.23499329388141632;0.16579794883728027;4.0150612790057494e-07
Data(x=[27, 1], edge_index=[2, 34], edge_attr=[34, 3], y=1.0, custom_label=0.028571429, min_label=0, max_label=35, instance_name='p06.txt');0.02857142873108387;0.23499329388141632;0.18502607941627502;0.0
Data(x=[28, 1], edge_index=[2, 36], edge_attr=[36, 3], y=0.0, custom_label=0.0, min_label=0, max_label=35, instance_name='p06.txt');0.0;0.23499329388141632;1.301659631280927e-05;4.0150612790057494e-07
Data(x=[27, 1], edge_index=[2, 36], edge_attr=[36, 3], y=2.0, custom_label=0.057142857, min_label=0, max_label=35, instance_name='p06.txt');0.05714285746216774;0.23499329388141632;0.13761302828788757;0.0
Data(x=[26, 1], edge_index=[2, 34], edge_attr=[34, 3], y=1.0, custom_label=0.028571429, min_label=0, max_label=35, instance_name='p06.txt');0.02857142873108387;0.23499329388141632;0.18438521027565002;0.0
Data(x=[27, 1], edge_index=[2, 36], edge_attr=[36, 3], y=0.0, custom_label=0.0, min_label=0, max_label=35, instance_name='p06.txt');0.0;0.23499329388141632;5.79265406486229e-06;0.0
Data(x=[35, 1], edge_index=[2, 44], edge_attr=[44, 3], y=0.0, custom_label=0.0, min_label=0, max_label=35, instance_name='p06.txt');0.0;0.23499329388141632;3.74476658180356e-05;4.0150612790057494e-07
Data(x=[33, 1], edge_index=[2, 42], edge_attr=[42, 3], y=0.0, custom_label=0.0, min_label=0, max_label=35, instance_name='p06.txt');0.0;0.23499329388141632;3.275311246397905e-05;0.0
Data(x=[28, 1], edge_index=[2, 36], edge_attr=[36, 3], y=0.0, custom_label=0.0, min_label=0, max_label=35, instance_name='p06.txt');0.0;0.23499329388141632;0.00024360396491829306;0.0
Data(x=[32, 1], edge_index=[2, 42], edge_attr=[42, 3], y=0.0, custom_label=0.0, min_label=0, max_label=35, instance_name='p06.txt');0.0;0.23499329388141632;0.00021879210544284433;0.0
Data(x=[31, 1], edge_index=[2, 38], edge_attr=[38, 3], y=5.0, custom_label=0.14285715, min_label=0, max_label=35, instance_name='p06.txt');0.1428571492433548;0.23499329388141632;0.5066624283790588;0.0
Data(x=[31, 1], edge_index=[2, 38], edge_attr=[38, 3], y=4.0, custom_label=0.114285715, min_label=0, max_label=35, instance_name='p06.txt');0.11428571492433548;0.23499329388141632;0.5066623687744141;4.0150612790057494e-07
Data(x=[32, 1], edge_index=[2, 40], edge_attr=[40, 3], y=3.0, custom_label=0.08571429, min_label=0, max_label=35, instance_name='p06.txt');0.08571428805589676;0.23499329388141632;0.16842244565486908;4.0150612790057494e-07
Data(x=[32, 1], edge_index=[2, 40], edge_attr=[40, 3], y=2.0, custom_label=0.057142857, min_label=0, max_label=35, instance_name='p06.txt');0.05714285746216774;0.23499329388141632;0.15247513353824615;4.0150612790057494e-07
Data(x=[32, 1], edge_index=[2, 40], edge_attr=[40, 3], y=1.0, custom_label=0.028571429, min_label=0, max_label=35, instance_name='p06.txt');0.02857142873108387;0.23499329388141632;0.16842244565486908;0.0
Data(x=[33, 1], edge_index=[2, 42], edge_attr=[42, 3], y=0.0, custom_label=0.0, min_label=0, max_label=35, instance_name='p06.txt');0.0;0.23499329388141632;3.275311246397905e-05;4.0150612790057494e-07
Data(x=[29, 1], edge_index=[2, 38], edge_attr=[38, 3], y=0.0, custom_label=0.0, min_label=0, max_label=35, instance_name='p06.txt');0.0;0.23499329388141632;7.587270374642685e-06;0.0
Data(x=[34, 1], edge_index=[2, 42], edge_attr=[42, 3], y=0.0, custom_label=0.0, min_label=0, max_label=35, instance_name='p06.txt');0.0;0.23499329388141632;4.4200274714967236e-05;4.0150612790057494e-07
Data(x=[31, 1], edge_index=[2, 40], edge_attr=[40, 3], y=2.0, custom_label=0.057142857, min_label=0, max_label=35, instance_name='p06.txt');0.05714285746216774;0.23499329388141632;0.1672557294368744;4.0150612790057494e-07
Data(x=[31, 1], edge_index=[2, 40], edge_attr=[40, 3], y=1.0, custom_label=0.028571429, min_label=0, max_label=35, instance_name='p06.txt');0.02857142873108387;0.23499329388141632;0.11937359720468521;4.0150612790057494e-07
Data(x=[32, 1], edge_index=[2, 42], edge_attr=[42, 3], y=0.0, custom_label=0.0, min_label=0, max_label=35, instance_name='p06.txt');0.0;0.23499329388141632;9.487285979048465e-07;4.0150612790057494e-07
Data(x=[33, 1], edge_index=[2, 42], edge_attr=[42, 3], y=0.0, custom_label=0.0, min_label=0, max_label=35, instance_name='p06.txt');0.0;0.23499329388141632;3.275311246397905e-05;0.0
Data(x=[29, 1], edge_index=[2, 38], edge_attr=[38, 3], y=0.0, custom_label=0.0, min_label=0, max_label=35, instance_name='p06.txt');0.0;0.23499329388141632;0.00018878017726819962;0.0
Data(x=[96, 1], edge_index=[2, 100], edge_attr=[100, 3], y=69.0, custom_label=1.0, min_label=0, max_label=69, instance_name='p07.txt');1.0;0.23499329388141632;0.6778932213783264;4.0150612790057494e-07
Data(x=[97, 1], edge_index=[2, 102], edge_attr=[102, 3], y=68.0, custom_label=0.98550725, min_label=0, max_label=69, instance_name='p07.txt');0.9855072498321533;0.23499329388141632;0.29335498809814453;4.0150612790057494e-07
Data(x=[96, 1], edge_index=[2, 100], edge_attr=[100, 3], y=67.0, custom_label=0.9710145, min_label=0, max_label=69, instance_name='p07.txt');0.9710144996643066;0.23499329388141632;0.6778932213783264;4.0150612790057494e-07
Data(x=[96, 1], edge_index=[2, 100], edge_attr=[100, 3], y=66.0, custom_label=0.95652175, min_label=0, max_label=69, instance_name='p07.txt');0.95652174949646;0.23499329388141632;0.6778932213783264;4.0150612790057494e-07
Data(x=[96, 1], edge_index=[2, 100], edge_attr=[100, 3], y=65.0, custom_label=0.942029, min_label=0, max_label=69, instance_name='p07.txt');0.9420289993286133;0.23499329388141632;0.6778932213783264;4.0150612790057494e-07
Data(x=[96, 1], edge_index=[2, 100], edge_attr=[100, 3], y=64.0, custom_label=0.92753625, min_label=0, max_label=69, instance_name='p07.txt');0.9275362491607666;0.23499329388141632;0.6778932213783264;4.0150612790057494e-07
Data(x=[96, 1], edge_index=[2, 100], edge_attr=[100, 3], y=63.0, custom_label=0.9130435, min_label=0, max_label=69, instance_name='p07.txt');0.9130434989929199;0.23499329388141632;0.6778932213783264;4.0150612790057494e-07
Data(x=[96, 1], edge_index=[2, 100], edge_attr=[100, 3], y=62.0, custom_label=0.89855075, min_label=0, max_label=69, instance_name='p07.txt');0.8985507488250732;0.23499329388141632;0.6778932213783264;4.0150612790057494e-07
Data(x=[96, 1], edge_index=[2, 100], edge_attr=[100, 3], y=61.0, custom_label=0.884058, min_label=0, max_label=69, instance_name='p07.txt');0.8840579986572266;0.23499329388141632;0.6778932213783264;4.0150612790057494e-07
Data(x=[96, 1], edge_index=[2, 100], edge_attr=[100, 3], y=60.0, custom_label=0.8695652, min_label=0, max_label=69, instance_name='p07.txt');0.8695651888847351;0.23499329388141632;0.6778932213783264;4.0150612790057494e-07
Data(x=[96, 1], edge_index=[2, 100], edge_attr=[100, 3], y=59.0, custom_label=0.85507244, min_label=0, max_label=69, instance_name='p07.txt');0.8550724387168884;0.23499329388141632;0.6778932213783264;4.0150612790057494e-07
Data(x=[96, 1], edge_index=[2, 100], edge_attr=[100, 3], y=58.0, custom_label=0.8405797, min_label=0, max_label=69, instance_name='p07.txt');0.8405796885490417;0.23499329388141632;0.6778932213783264;4.0150612790057494e-07
Data(x=[96, 1], edge_index=[2, 100], edge_attr=[100, 3], y=57.0, custom_label=0.82608694, min_label=0, max_label=69, instance_name='p07.txt');0.8260869383811951;0.23499329388141632;0.6778932213783264;4.0150612790057494e-07
Data(x=[96, 1], edge_index=[2, 100], edge_attr=[100, 3], y=56.0, custom_label=0.8115942, min_label=0, max_label=69, instance_name='p07.txt');0.8115941882133484;0.23499329388141632;0.6778932213783264;4.0150612790057494e-07
Data(x=[96, 1], edge_index=[2, 100], edge_attr=[100, 3], y=55.0, custom_label=0.79710144, min_label=0, max_label=69, instance_name='p07.txt');0.7971014380455017;0.23499329388141632;0.6778932213783264;4.0150612790057494e-07
Data(x=[96, 1], edge_index=[2, 100], edge_attr=[100, 3], y=54.0, custom_label=0.7826087, min_label=0, max_label=69, instance_name='p07.txt');0.782608687877655;0.23499329388141632;0.6778932213783264;4.0150612790057494e-07
Data(x=[96, 1], edge_index=[2, 100], edge_attr=[100, 3], y=53.0, custom_label=0.76811594, min_label=0, max_label=69, instance_name='p07.txt');0.7681159377098083;0.23499329388141632;0.6778932213783264;4.0150612790057494e-07
Data(x=[96, 1], edge_index=[2, 100], edge_attr=[100, 3], y=52.0, custom_label=0.7536232, min_label=0, max_label=69, instance_name='p07.txt');0.7536231875419617;0.23499329388141632;0.6778932213783264;4.0150612790057494e-07
Data(x=[96, 1], edge_index=[2, 100], edge_attr=[100, 3], y=51.0, custom_label=0.73913044, min_label=0, max_label=69, instance_name='p07.txt');0.739130437374115;0.23499329388141632;0.6778932213783264;4.0150612790057494e-07
Data(x=[96, 1], edge_index=[2, 100], edge_attr=[100, 3], y=50.0, custom_label=0.7246377, min_label=0, max_label=69, instance_name='p07.txt');0.7246376872062683;0.23499329388141632;0.6778932213783264;4.0150612790057494e-07
Data(x=[96, 1], edge_index=[2, 100], edge_attr=[100, 3], y=49.0, custom_label=0.71014494, min_label=0, max_label=69, instance_name='p07.txt');0.7101449370384216;0.23499329388141632;0.6778932213783264;4.0150612790057494e-07
Data(x=[96, 1], edge_index=[2, 100], edge_attr=[100, 3], y=48.0, custom_label=0.6956522, min_label=0, max_label=69, instance_name='p07.txt');0.695652186870575;0.23499329388141632;0.6778932213783264;4.0150612790057494e-07
Data(x=[96, 1], edge_index=[2, 100], edge_attr=[100, 3], y=47.0, custom_label=0.68115944, min_label=0, max_label=69, instance_name='p07.txt');0.6811594367027283;0.23499329388141632;0.6778932213783264;4.0150612790057494e-07
Data(x=[96, 1], edge_index=[2, 100], edge_attr=[100, 3], y=46.0, custom_label=0.6666667, min_label=0, max_label=69, instance_name='p07.txt');0.6666666865348816;0.23499329388141632;0.6778932213783264;4.0150612790057494e-07
Data(x=[96, 1], edge_index=[2, 100], edge_attr=[100, 3], y=45.0, custom_label=0.65217394, min_label=0, max_label=69, instance_name='p07.txt');0.6521739363670349;0.23499329388141632;0.6778932213783264;4.0150612790057494e-07
Data(x=[96, 1], edge_index=[2, 100], edge_attr=[100, 3], y=44.0, custom_label=0.6376812, min_label=0, max_label=69, instance_name='p07.txt');0.6376811861991882;0.23499329388141632;0.6778932213783264;4.0150612790057494e-07
Data(x=[96, 1], edge_index=[2, 100], edge_attr=[100, 3], y=43.0, custom_label=0.6231884, min_label=0, max_label=69, instance_name='p07.txt');0.6231883764266968;0.23499329388141632;0.6778932213783264;4.0150612790057494e-07
Data(x=[97, 1], edge_index=[2, 102], edge_attr=[102, 3], y=42.0, custom_label=0.6086956, min_label=0, max_label=69, instance_name='p07.txt');0.6086956262588501;0.23499329388141632;0.29335498809814453;4.0150612790057494e-07
Data(x=[97, 1], edge_index=[2, 102], edge_attr=[102, 3], y=41.0, custom_label=0.5942029, min_label=0, max_label=69, instance_name='p07.txt');0.5942028760910034;0.23499329388141632;0.29335498809814453;4.0150612790057494e-07
Data(x=[97, 1], edge_index=[2, 102], edge_attr=[102, 3], y=40.0, custom_label=0.5797101, min_label=0, max_label=69, instance_name='p07.txt');0.5797101259231567;0.23499329388141632;0.29335498809814453;4.0150612790057494e-07
Data(x=[97, 1], edge_index=[2, 102], edge_attr=[102, 3], y=39.0, custom_label=0.5652174, min_label=0, max_label=69, instance_name='p07.txt');0.5652173757553101;0.23499329388141632;0.29335498809814453;4.0150612790057494e-07
Data(x=[97, 1], edge_index=[2, 102], edge_attr=[102, 3], y=38.0, custom_label=0.5507246, min_label=0, max_label=69, instance_name='p07.txt');0.5507246255874634;0.23499329388141632;0.29335498809814453;4.0150612790057494e-07
Data(x=[97, 1], edge_index=[2, 102], edge_attr=[102, 3], y=37.0, custom_label=0.5362319, min_label=0, max_label=69, instance_name='p07.txt');0.5362318754196167;0.23499329388141632;0.29335498809814453;4.0150612790057494e-07
Data(x=[97, 1], edge_index=[2, 102], edge_attr=[102, 3], y=36.0, custom_label=0.5217391, min_label=0, max_label=69, instance_name='p07.txt');0.52173912525177;0.23499329388141632;0.29335498809814453;4.0150612790057494e-07
Data(x=[97, 1], edge_index=[2, 102], edge_attr=[102, 3], y=35.0, custom_label=0.5072464, min_label=0, max_label=69, instance_name='p07.txt');0.5072463750839233;0.23499329388141632;0.29335498809814453;4.0150612790057494e-07
Data(x=[97, 1], edge_index=[2, 102], edge_attr=[102, 3], y=34.0, custom_label=0.49275362, min_label=0, max_label=69, instance_name='p07.txt');0.49275362491607666;0.23499329388141632;0.29335498809814453;4.0150612790057494e-07
Data(x=[97, 1], edge_index=[2, 102], edge_attr=[102, 3], y=33.0, custom_label=0.47826087, min_label=0, max_label=69, instance_name='p07.txt');0.47826087474823;0.23499329388141632;0.29335498809814453;4.0150612790057494e-07
Data(x=[97, 1], edge_index=[2, 102], edge_attr=[102, 3], y=32.0, custom_label=0.46376812, min_label=0, max_label=69, instance_name='p07.txt');0.4637681245803833;0.23499329388141632;0.29335498809814453;4.0150612790057494e-07
Data(x=[97, 1], edge_index=[2, 102], edge_attr=[102, 3], y=31.0, custom_label=0.44927537, min_label=0, max_label=69, instance_name='p07.txt');0.4492753744125366;0.23499329388141632;0.29335498809814453;4.0150612790057494e-07
Data(x=[97, 1], edge_index=[2, 102], edge_attr=[102, 3], y=30.0, custom_label=0.4347826, min_label=0, max_label=69, instance_name='p07.txt');0.43478259444236755;0.23499329388141632;0.29335498809814453;4.0150612790057494e-07
Data(x=[97, 1], edge_index=[2, 102], edge_attr=[102, 3], y=29.0, custom_label=0.42028984, min_label=0, max_label=69, instance_name='p07.txt');0.4202898442745209;0.23499329388141632;0.29335498809814453;4.0150612790057494e-07
Data(x=[97, 1], edge_index=[2, 102], edge_attr=[102, 3], y=28.0, custom_label=0.4057971, min_label=0, max_label=69, instance_name='p07.txt');0.4057970941066742;0.23499329388141632;0.29335498809814453;4.0150612790057494e-07
Data(x=[97, 1], edge_index=[2, 102], edge_attr=[102, 3], y=27.0, custom_label=0.39130434, min_label=0, max_label=69, instance_name='p07.txt');0.3913043439388275;0.23499329388141632;0.29335498809814453;4.0150612790057494e-07
Data(x=[97, 1], edge_index=[2, 102], edge_attr=[102, 3], y=26.0, custom_label=0.3768116, min_label=0, max_label=69, instance_name='p07.txt');0.37681159377098083;0.23499329388141632;0.29335498809814453;4.0150612790057494e-07
Data(x=[97, 1], edge_index=[2, 102], edge_attr=[102, 3], y=25.0, custom_label=0.36231884, min_label=0, max_label=69, instance_name='p07.txt');0.36231884360313416;0.23499329388141632;0.29335498809814453;4.0150612790057494e-07
Data(x=[97, 1], edge_index=[2, 102], edge_attr=[102, 3], y=24.0, custom_label=0.3478261, min_label=0, max_label=69, instance_name='p07.txt');0.3478260934352875;0.23499329388141632;0.29335498809814453;4.0150612790057494e-07
Data(x=[97, 1], edge_index=[2, 102], edge_attr=[102, 3], y=23.0, custom_label=0.33333334, min_label=0, max_label=69, instance_name='p07.txt');0.3333333432674408;0.23499329388141632;0.29335498809814453;4.0150612790057494e-07
Data(x=[97, 1], edge_index=[2, 102], edge_attr=[102, 3], y=22.0, custom_label=0.3188406, min_label=0, max_label=69, instance_name='p07.txt');0.3188405930995941;0.23499329388141632;0.29335498809814453;4.0150612790057494e-07
Data(x=[97, 1], edge_index=[2, 102], edge_attr=[102, 3], y=21.0, custom_label=0.3043478, min_label=0, max_label=69, instance_name='p07.txt');0.30434781312942505;0.23499329388141632;0.29335498809814453;4.0150612790057494e-07
Data(x=[97, 1], edge_index=[2, 102], edge_attr=[102, 3], y=20.0, custom_label=0.28985506, min_label=0, max_label=69, instance_name='p07.txt');0.28985506296157837;0.23499329388141632;0.29335498809814453;4.0150612790057494e-07
Data(x=[97, 1], edge_index=[2, 102], edge_attr=[102, 3], y=19.0, custom_label=0.2753623, min_label=0, max_label=69, instance_name='p07.txt');0.2753623127937317;0.23499329388141632;0.29335498809814453;4.0150612790057494e-07
Data(x=[97, 1], edge_index=[2, 102], edge_attr=[102, 3], y=18.0, custom_label=0.26086956, min_label=0, max_label=69, instance_name='p07.txt');0.260869562625885;0.23499329388141632;0.29335498809814453;4.0150612790057494e-07
Data(x=[97, 1], edge_index=[2, 102], edge_attr=[102, 3], y=17.0, custom_label=0.24637681, min_label=0, max_label=69, instance_name='p07.txt');0.24637681245803833;0.23499329388141632;0.29335498809814453;4.0150612790057494e-07
Data(x=[97, 1], edge_index=[2, 102], edge_attr=[102, 3], y=16.0, custom_label=0.23188406, min_label=0, max_label=69, instance_name='p07.txt');0.23188406229019165;0.23499329388141632;0.29335498809814453;4.0150612790057494e-07
Data(x=[97, 1], edge_index=[2, 102], edge_attr=[102, 3], y=15.0, custom_label=0.2173913, min_label=0, max_label=69, instance_name='p07.txt');0.21739129722118378;0.23499329388141632;0.29335498809814453;4.0150612790057494e-07
Data(x=[97, 1], edge_index=[2, 102], edge_attr=[102, 3], y=14.0, custom_label=0.20289855, min_label=0, max_label=69, instance_name='p07.txt');0.2028985470533371;0.23499329388141632;0.29335498809814453;4.0150612790057494e-07
Data(x=[96, 1], edge_index=[2, 100], edge_attr=[100, 3], y=13.0, custom_label=0.1884058, min_label=0, max_label=69, instance_name='p07.txt');0.18840579688549042;0.23499329388141632;0.6778932213783264;4.0150612790057494e-07
Data(x=[97, 1], edge_index=[2, 102], edge_attr=[102, 3], y=12.0, custom_label=0.17391305, min_label=0, max_label=69, instance_name='p07.txt');0.17391304671764374;0.23499329388141632;0.29335498809814453;4.0150612790057494e-07
Data(x=[97, 1], edge_index=[2, 102], edge_attr=[102, 3], y=11.0, custom_label=0.1594203, min_label=0, max_label=69, instance_name='p07.txt');0.15942029654979706;0.23499329388141632;0.29335498809814453;4.0150612790057494e-07
Data(x=[97, 1], edge_index=[2, 102], edge_attr=[102, 3], y=10.0, custom_label=0.14492753, min_label=0, max_label=69, instance_name='p07.txt');0.14492753148078918;0.23499329388141632;0.29335498809814453;4.0150612790057494e-07
Data(x=[97, 1], edge_index=[2, 102], edge_attr=[102, 3], y=9.0, custom_label=0.13043478, min_label=0, max_label=69, instance_name='p07.txt');0.1304347813129425;0.23499329388141632;0.29335498809814453;4.0150612790057494e-07
Data(x=[98, 1], edge_index=[2, 104], edge_attr=[104, 3], y=8.0, custom_label=0.11594203, min_label=0, max_label=69, instance_name='p07.txt');0.11594203114509583;0.23499329388141632;0.17803990840911865;4.0150612790057494e-07
Data(x=[98, 1], edge_index=[2, 104], edge_attr=[104, 3], y=7.0, custom_label=0.10144927, min_label=0, max_label=69, instance_name='p07.txt');0.10144927352666855;0.23499329388141632;0.17803990840911865;4.0150612790057494e-07
Data(x=[98, 1], edge_index=[2, 104], edge_attr=[104, 3], y=6.0, custom_label=0.08695652, min_label=0, max_label=69, instance_name='p07.txt');0.08695652335882187;0.23499329388141632;0.17803990840911865;4.0150612790057494e-07
Data(x=[98, 1], edge_index=[2, 104], edge_attr=[104, 3], y=5.0, custom_label=0.072463766, min_label=0, max_label=69, instance_name='p07.txt');0.07246376574039459;0.23499329388141632;0.17803990840911865;4.0150612790057494e-07
Data(x=[98, 1], edge_index=[2, 104], edge_attr=[104, 3], y=4.0, custom_label=0.057971016, min_label=0, max_label=69, instance_name='p07.txt');0.05797101557254791;0.23499329388141632;0.17803990840911865;4.0150612790057494e-07
Data(x=[98, 1], edge_index=[2, 104], edge_attr=[104, 3], y=3.0, custom_label=0.04347826, min_label=0, max_label=69, instance_name='p07.txt');0.043478261679410934;0.23499329388141632;0.17803990840911865;4.0150612790057494e-07
Data(x=[98, 1], edge_index=[2, 104], edge_attr=[104, 3], y=2.0, custom_label=0.028985508, min_label=0, max_label=69, instance_name='p07.txt');0.028985507786273956;0.23499329388141632;0.17803990840911865;4.0150612790057494e-07
Data(x=[98, 1], edge_index=[2, 104], edge_attr=[104, 3], y=1.0, custom_label=0.014492754, min_label=0, max_label=69, instance_name='p07.txt');0.014492753893136978;0.23499329388141632;0.17803990840911865;4.0150612790057494e-07
Data(x=[99, 1], edge_index=[2, 106], edge_attr=[106, 3], y=0.0, custom_label=0.0, min_label=0, max_label=69, instance_name='p07.txt');0.0;0.23499329388141632;0.02271280251443386;4.0150612790057494e-07
Data(x=[57, 1], edge_index=[2, 66], edge_attr=[66, 3], y=0.0, custom_label=0.0, min_label=0, max_label=69, instance_name='p07.txt');0.0;0.23499329388141632;0.0009404522133991122;4.0150612790057494e-07
Data(x=[67, 1], edge_index=[2, 76], edge_attr=[76, 3], y=0.0, custom_label=0.0, min_label=0, max_label=69, instance_name='p07.txt');0.0;0.23499329388141632;0.0019423612393438816;4.0150612790057494e-07
Data(x=[68, 1], edge_index=[2, 76], edge_attr=[76, 3], y=0.0, custom_label=0.0, min_label=0, max_label=69, instance_name='p07.txt');0.0;0.23499329388141632;0.008121266029775143;4.0150612790057494e-07
Data(x=[60, 1], edge_index=[2, 70], edge_attr=[70, 3], y=0.0, custom_label=0.0, min_label=0, max_label=69, instance_name='p07.txt');0.0;0.23499329388141632;0.0009461074369028211;0.0
Data(x=[65, 1], edge_index=[2, 74], edge_attr=[74, 3], y=0.0, custom_label=0.0, min_label=0, max_label=69, instance_name='p07.txt');0.0;0.23499329388141632;0.00575460446998477;4.0150612790057494e-07
Data(x=[63, 1], edge_index=[2, 72], edge_attr=[72, 3], y=0.0, custom_label=0.0, min_label=0, max_label=69, instance_name='p07.txt');0.0;0.23499329388141632;0.0014887020224705338;0.0
Data(x=[63, 1], edge_index=[2, 72], edge_attr=[72, 3], y=0.0, custom_label=0.0, min_label=0, max_label=69, instance_name='p07.txt');0.0;0.23499329388141632;0.005237365607172251;4.0150612790057494e-07
Data(x=[68, 1], edge_index=[2, 78], edge_attr=[78, 3], y=0.0, custom_label=0.0, min_label=0, max_label=69, instance_name='p07.txt');0.0;0.23499329388141632;0.0016730640782043338;4.0150612790057494e-07
Data(x=[62, 1], edge_index=[2, 70], edge_attr=[70, 3], y=0.0, custom_label=0.0, min_label=0, max_label=69, instance_name='p07.txt');0.0;0.23499329388141632;0.00624034833163023;4.0150612790057494e-07
Data(x=[60, 1], edge_index=[2, 68], edge_attr=[68, 3], y=0.0, custom_label=0.0, min_label=0, max_label=69, instance_name='p07.txt');0.0;0.23499329388141632;0.0015130406245589256;4.0150612790057494e-07
Data(x=[63, 1], edge_index=[2, 74], edge_attr=[74, 3], y=0.0, custom_label=0.0, min_label=0, max_label=69, instance_name='p07.txt');0.0;0.23499329388141632;0.0009512532851658762;4.0150612790057494e-07
Data(x=[56, 1], edge_index=[2, 66], edge_attr=[66, 3], y=0.0, custom_label=0.0, min_label=0, max_label=69, instance_name='p07.txt');0.0;0.23499329388141632;0.0006728146690875292;4.0150612790057494e-07
Data(x=[45, 1], edge_index=[2, 54], edge_attr=[54, 3], y=0.0, custom_label=0.0, min_label=0, max_label=69, instance_name='p07.txt');0.0;0.23499329388141632;0.0016160927480086684;4.0150612790057494e-07
Data(x=[60, 1], edge_index=[2, 70], edge_attr=[70, 3], y=0.0, custom_label=0.0, min_label=0, max_label=69, instance_name='p07.txt');0.0;0.23499329388141632;0.0009461074369028211;4.0150612790057494e-07
Data(x=[52, 1], edge_index=[2, 60], edge_attr=[60, 3], y=0.0, custom_label=0.0, min_label=0, max_label=69, instance_name='p07.txt');0.0;0.23499329388141632;0.0036030602641403675;4.0150612790057494e-07
Data(x=[58, 1], edge_index=[2, 66], edge_attr=[66, 3], y=0.0, custom_label=0.0, min_label=0, max_label=69, instance_name='p07.txt');0.0;0.23499329388141632;0.005120399873703718;4.0150612790057494e-07
Data(x=[44, 1], edge_index=[2, 52], edge_attr=[52, 3], y=0.0, custom_label=0.0, min_label=0, max_label=69, instance_name='p07.txt');0.0;0.23499329388141632;0.002000597072765231;4.0150612790057494e-07
Data(x=[57, 1], edge_index=[2, 68], edge_attr=[68, 3], y=0.0, custom_label=0.0, min_label=0, max_label=69, instance_name='p07.txt');0.0;0.23499329388141632;0.0005759185878559947;4.0150612790057494e-07
Data(x=[53, 1], edge_index=[2, 62], edge_attr=[62, 3], y=0.0, custom_label=0.0, min_label=0, max_label=69, instance_name='p07.txt');0.0;0.23499329388141632;0.0005375732434913516;0.0
Data(x=[59, 1], edge_index=[2, 68], edge_attr=[68, 3], y=0.0, custom_label=0.0, min_label=0, max_label=69, instance_name='p07.txt');0.0;0.23499329388141632;0.004260111600160599;4.0150612790057494e-07
Data(x=[53, 1], edge_index=[2, 62], edge_attr=[62, 3], y=0.0, custom_label=0.0, min_label=0, max_label=69, instance_name='p07.txt');0.0;0.23499329388141632;0.0006557125598192215;0.0
Data(x=[60, 1], edge_index=[2, 68], edge_attr=[68, 3], y=0.0, custom_label=0.0, min_label=0, max_label=69, instance_name='p07.txt');0.0;0.23499329388141632;0.0012741448590531945;4.0150612790057494e-07
Data(x=[63, 1], edge_index=[2, 72], edge_attr=[72, 3], y=0.0, custom_label=0.0, min_label=0, max_label=69, instance_name='p07.txt');0.0;0.23499329388141632;0.005237362813204527;4.0150612790057494e-07
Data(x=[53, 1], edge_index=[2, 62], edge_attr=[62, 3], y=0.0, custom_label=0.0, min_label=0, max_label=69, instance_name='p07.txt');0.0;0.23499329388141632;0.002968784421682358;4.0150612790057494e-07
Data(x=[53, 1], edge_index=[2, 62], edge_attr=[62, 3], y=0.0, custom_label=0.0, min_label=0, max_label=69, instance_name='p07.txt');0.0;0.23499329388141632;0.002968784421682358;4.0150612790057494e-07
Data(x=[70, 1], edge_index=[2, 80], edge_attr=[80, 3], y=0.0, custom_label=0.0, min_label=0, max_label=69, instance_name='p07.txt');0.0;0.23499329388141632;0.00034690750180743635;4.0150612790057494e-07
Data(x=[57, 1], edge_index=[2, 66], edge_attr=[66, 3], y=0.0, custom_label=0.0, min_label=0, max_label=69, instance_name='p07.txt');0.0;0.23499329388141632;0.0009404527372680604;4.0150612790057494e-07
Data(x=[60, 1], edge_index=[2, 68], edge_attr=[68, 3], y=0.0, custom_label=0.0, min_label=0, max_label=69, instance_name='p07.txt');0.0;0.23499329388141632;0.005671523977071047;4.0150612790057494e-07
Data(x=[52, 1], edge_index=[2, 60], edge_attr=[60, 3], y=0.0, custom_label=0.0, min_label=0, max_label=69, instance_name='p07.txt');0.0;0.23499329388141632;0.0036030602641403675;4.0150612790057494e-07
Data(x=[64, 1], edge_index=[2, 74], edge_attr=[74, 3], y=0.0, custom_label=0.0, min_label=0, max_label=69, instance_name='p07.txt');0.0;0.23499329388141632;0.001276681898161769;4.0150612790057494e-07
Data(x=[47, 1], edge_index=[2, 58], edge_attr=[58, 3], y=0.0, custom_label=0.0, min_label=0, max_label=10, instance_name='p08.txt');0.0;0.23499329388141632;5.965508898952976e-05;4.0150612790057494e-07
Data(x=[34, 1], edge_index=[2, 46], edge_attr=[46, 3], y=0.0, custom_label=0.0, min_label=0, max_label=10, instance_name='p08.txt');0.0;0.23499329388141632;1.5304118861081406e-08;0.0
Data(x=[47, 1], edge_index=[2, 58], edge_attr=[58, 3], y=0.0, custom_label=0.0, min_label=0, max_label=10, instance_name='p08.txt');0.0;0.23499329388141632;4.524673386185896e-06;4.0150612790057494e-07
Data(x=[50, 1], edge_index=[2, 60], edge_attr=[60, 3], y=0.0, custom_label=0.0, min_label=0, max_label=10, instance_name='p08.txt');0.0;0.23499329388141632;0.0001205553489853628;4.0150612790057494e-07
Data(x=[45, 1], edge_index=[2, 56], edge_attr=[56, 3], y=10.0, custom_label=1.0, min_label=0, max_label=10, instance_name='p08.txt');1.0;0.23499329388141632;0.2194855511188507;4.0150612790057494e-07
Data(x=[44, 1], edge_index=[2, 54], edge_attr=[54, 3], y=9.0, custom_label=0.9, min_label=0, max_label=10, instance_name='p08.txt');0.8999999761581421;0.23499329388141632;0.23997466266155243;4.0150612790057494e-07
Data(x=[44, 1], edge_index=[2, 54], edge_attr=[54, 3], y=8.0, custom_label=0.8, min_label=0, max_label=10, instance_name='p08.txt');0.800000011920929;0.23499329388141632;0.25447744131088257;4.0150612790057494e-07
Data(x=[44, 1], edge_index=[2, 54], edge_attr=[54, 3], y=7.0, custom_label=0.7, min_label=0, max_label=10, instance_name='p08.txt');0.699999988079071;0.23499329388141632;0.21146878600120544;4.0150612790057494e-07
Data(x=[44, 1], edge_index=[2, 54], edge_attr=[54, 3], y=6.0, custom_label=0.6, min_label=0, max_label=10, instance_name='p08.txt');0.6000000238418579;0.23499329388141632;0.23997460305690765;4.0150612790057494e-07
Data(x=[44, 1], edge_index=[2, 54], edge_attr=[54, 3], y=5.0, custom_label=0.5, min_label=0, max_label=10, instance_name='p08.txt');0.5;0.23499329388141632;0.25447744131088257;4.0150612790057494e-07
Data(x=[44, 1], edge_index=[2, 54], edge_attr=[54, 3], y=4.0, custom_label=0.4, min_label=0, max_label=10, instance_name='p08.txt');0.4000000059604645;0.23499329388141632;0.21146878600120544;4.0150612790057494e-07
Data(x=[43, 1], edge_index=[2, 52], edge_attr=[52, 3], y=3.0, custom_label=0.3, min_label=0, max_label=10, instance_name='p08.txt');0.30000001192092896;0.23499329388141632;0.24645790457725525;4.0150612790057494e-07
Data(x=[44, 1], edge_index=[2, 54], edge_attr=[54, 3], y=2.0, custom_label=0.2, min_label=0, max_label=10, instance_name='p08.txt');0.20000000298023224;0.23499329388141632;0.06359727680683136;4.0150612790057494e-07
Data(x=[44, 1], edge_index=[2, 54], edge_attr=[54, 3], y=1.0, custom_label=0.1, min_label=0, max_label=10, instance_name='p08.txt');0.10000000149011612;0.23499329388141632;0.06359727680683136;4.0150612790057494e-07
Data(x=[45, 1], edge_index=[2, 56], edge_attr=[56, 3], y=0.0, custom_label=0.0, min_label=0, max_label=10, instance_name='p08.txt');0.0;0.23499329388141632;4.321576125221327e-05;4.0150612790057494e-07
Data(x=[43, 1], edge_index=[2, 56], edge_attr=[56, 3], y=0.0, custom_label=0.0, min_label=0, max_label=10, instance_name='p08.txt');0.0;0.23499329388141632;2.474500206517405e-06;0.0
Data(x=[42, 1], edge_index=[2, 54], edge_attr=[54, 3], y=0.0, custom_label=0.0, min_label=0, max_label=10, instance_name='p08.txt');0.0;0.23499329388141632;1.836349292716477e-05;0.0
Data(x=[50, 1], edge_index=[2, 62], edge_attr=[62, 3], y=0.0, custom_label=0.0, min_label=0, max_label=10, instance_name='p08.txt');0.0;0.23499329388141632;7.062505756039172e-05;0.0
Data(x=[46, 1], edge_index=[2, 58], edge_attr=[58, 3], y=0.0, custom_label=0.0, min_label=0, max_label=10, instance_name='p08.txt');0.0;0.23499329388141632;4.714040926501184e-07;0.0
Data(x=[51, 1], edge_index=[2, 64], edge_attr=[64, 3], y=0.0, custom_label=0.0, min_label=0, max_label=10, instance_name='p08.txt');0.0;0.23499329388141632;1.2761597645294387e-05;0.0
Data(x=[52, 1], edge_index=[2, 64], edge_attr=[64, 3], y=0.0, custom_label=0.0, min_label=0, max_label=10, instance_name='p08.txt');0.0;0.23499329388141632;1.962886926776264e-05;4.0150612790057494e-07
Data(x=[47, 1], edge_index=[2, 60], edge_attr=[60, 3], y=0.0, custom_label=0.0, min_label=0, max_label=10, instance_name='p08.txt');0.0;0.23499329388141632;4.5820436866961245e-07;0.0
Data(x=[48, 1], edge_index=[2, 60], edge_attr=[60, 3], y=0.0, custom_label=0.0, min_label=0, max_label=10, instance_name='p08.txt');0.0;0.23499329388141632;9.709375262900721e-06;4.0150612790057494e-07
Data(x=[49, 1], edge_index=[2, 60], edge_attr=[60, 3], y=0.0, custom_label=0.0, min_label=0, max_label=10, instance_name='p08.txt');0.0;0.23499329388141632;8.020852692425251e-05;0.0
Data(x=[60, 1], edge_index=[2, 70], edge_attr=[70, 3], y=2.0, custom_label=0.2, min_label=0, max_label=10, instance_name='p08.txt');0.20000000298023224;0.23499329388141632;0.10146751999855042;4.0150612790057494e-07
Data(x=[60, 1], edge_index=[2, 70], edge_attr=[70, 3], y=1.0, custom_label=0.1, min_label=0, max_label=10, instance_name='p08.txt');0.10000000149011612;0.23499329388141632;0.10146751999855042;4.0150612790057494e-07
Data(x=[61, 1], edge_index=[2, 72], edge_attr=[72, 3], y=0.0, custom_label=0.0, min_label=0, max_label=10, instance_name='p08.txt');0.0;0.23499329388141632;0.00031981096253730357;4.0150612790057494e-07
Data(x=[45, 1], edge_index=[2, 58], edge_attr=[58, 3], y=0.0, custom_label=0.0, min_label=0, max_label=10, instance_name='p08.txt');0.0;0.23499329388141632;3.934857431886485e-06;0.0
Data(x=[46, 1], edge_index=[2, 58], edge_attr=[58, 3], y=0.0, custom_label=0.0, min_label=0, max_label=10, instance_name='p08.txt');0.0;0.23499329388141632;4.714040926501184e-07;4.0150612790057494e-07
Data(x=[46, 1], edge_index=[2, 58], edge_attr=[58, 3], y=0.0, custom_label=0.0, min_label=0, max_label=10, instance_name='p08.txt');0.0;0.23499329388141632;5.1516985877242405e-06;0.0
Data(x=[39, 1], edge_index=[2, 52], edge_attr=[52, 3], y=0.0, custom_label=0.0, min_label=0, max_label=10, instance_name='p08.txt');0.0;0.23499329388141632;8.484404361297493e-07;0.0
Data(x=[47, 1], edge_index=[2, 58], edge_attr=[58, 3], y=0.0, custom_label=0.0, min_label=0, max_label=10, instance_name='p08.txt');0.0;0.23499329388141632;1.5240274251482333e-06;4.0150612790057494e-07
Data(x=[47, 1], edge_index=[2, 58], edge_attr=[58, 3], y=0.0, custom_label=0.0, min_label=0, max_label=10, instance_name='p08.txt');0.0;0.23499329388141632;8.445965249848086e-06;4.0150612790057494e-07
Data(x=[38, 1], edge_index=[2, 50], edge_attr=[50, 3], y=0.0, custom_label=0.0, min_label=0, max_label=10, instance_name='p08.txt');0.0;0.23499329388141632;3.623474142955274e-08;4.0150612790057494e-07
Data(x=[52, 1], edge_index=[2, 64], edge_attr=[64, 3], y=0.0, custom_label=0.0, min_label=0, max_label=10, instance_name='p08.txt');0.0;0.23499329388141632;9.277512435801327e-05;4.0150612790057494e-07
Data(x=[39, 1], edge_index=[2, 50], edge_attr=[50, 3], y=0.0, custom_label=0.0, min_label=0, max_label=10, instance_name='p08.txt');0.0;0.23499329388141632;1.3542018677981105e-05;0.0
Data(x=[48, 1], edge_index=[2, 60], edge_attr=[60, 3], y=0.0, custom_label=0.0, min_label=0, max_label=10, instance_name='p08.txt');0.0;0.23499329388141632;7.73710689827567e-06;4.0150612790057494e-07
Data(x=[43, 1], edge_index=[2, 56], edge_attr=[56, 3], y=0.0, custom_label=0.0, min_label=0, max_label=10, instance_name='p08.txt');0.0;0.23499329388141632;2.9096315756760305e-07;0.0
Data(x=[60, 1], edge_index=[2, 72], edge_attr=[72, 3], y=0.0, custom_label=0.0, min_label=0, max_label=10, instance_name='p08.txt');0.0;0.23499329388141632;2.9076616101519903e-06;4.0150612790057494e-07
Data(x=[49, 1], edge_index=[2, 60], edge_attr=[60, 3], y=0.0, custom_label=0.0, min_label=0, max_label=10, instance_name='p08.txt');0.0;0.23499329388141632;8.020852692425251e-05;0.0
Data(x=[41, 1], edge_index=[2, 52], edge_attr=[52, 3], y=0.0, custom_label=0.0, min_label=0, max_label=10, instance_name='p08.txt');0.0;0.23499329388141632;2.0672116079367697e-05;0.0
Data(x=[40, 1], edge_index=[2, 50], edge_attr=[50, 3], y=0.0, custom_label=0.0, min_label=0, max_label=10, instance_name='p08.txt');0.0;0.23499329388141632;2.3409149434883147e-05;4.0150612790057494e-07
Data(x=[51, 1], edge_index=[2, 64], edge_attr=[64, 3], y=0.0, custom_label=0.0, min_label=0, max_label=10, instance_name='p08.txt');0.0;0.23499329388141632;6.249749276321381e-05;0.0
Data(x=[47, 1], edge_index=[2, 56], edge_attr=[56, 3], y=0.0, custom_label=0.0, min_label=0, max_label=10, instance_name='p08.txt');0.0;0.23499329388141632;0.00010524634853936732;4.0150612790057494e-07
Data(x=[49, 1], edge_index=[2, 60], edge_attr=[60, 3], y=0.0, custom_label=0.0, min_label=0, max_label=10, instance_name='p08.txt');0.0;0.23499329388141632;1.2353149941191077e-05;4.0150612790057494e-07
Data(x=[49, 1], edge_index=[2, 60], edge_attr=[60, 3], y=8.0, custom_label=0.8, min_label=0, max_label=10, instance_name='p08.txt');0.800000011920929;0.23499329388141632;0.06130335479974747;4.0150612790057494e-07
Data(x=[49, 1], edge_index=[2, 60], edge_attr=[60, 3], y=7.0, custom_label=0.7, min_label=0, max_label=10, instance_name='p08.txt');0.699999988079071;0.23499329388141632;0.09581096470355988;4.0150612790057494e-07
Data(x=[49, 1], edge_index=[2, 60], edge_attr=[60, 3], y=6.0, custom_label=0.6, min_label=0, max_label=10, instance_name='p08.txt');0.6000000238418579;0.23499329388141632;0.09581096470355988;4.0150612790057494e-07
Data(x=[49, 1], edge_index=[2, 60], edge_attr=[60, 3], y=5.0, custom_label=0.5, min_label=0, max_label=10, instance_name='p08.txt');0.5;0.23499329388141632;0.09581096470355988;4.0150612790057494e-07
Data(x=[49, 1], edge_index=[2, 60], edge_attr=[60, 3], y=4.0, custom_label=0.4, min_label=0, max_label=10, instance_name='p08.txt');0.4000000059604645;0.23499329388141632;0.09581096470355988;4.0150612790057494e-07
Data(x=[49, 1], edge_index=[2, 60], edge_attr=[60, 3], y=3.0, custom_label=0.3, min_label=0, max_label=10, instance_name='p08.txt');0.30000001192092896;0.23499329388141632;0.09581096470355988;4.0150612790057494e-07
Data(x=[49, 1], edge_index=[2, 60], edge_attr=[60, 3], y=2.0, custom_label=0.2, min_label=0, max_label=10, instance_name='p08.txt');0.20000000298023224;0.23499329388141632;0.06130335479974747;4.0150612790057494e-07
Data(x=[49, 1], edge_index=[2, 60], edge_attr=[60, 3], y=1.0, custom_label=0.1, min_label=0, max_label=10, instance_name='p08.txt');0.10000000149011612;0.23499329388141632;0.09581096470355988;4.0150612790057494e-07
Data(x=[50, 1], edge_index=[2, 62], edge_attr=[62, 3], y=0.0, custom_label=0.0, min_label=0, max_label=10, instance_name='p08.txt');0.0;0.23499329388141632;7.062491931719705e-05;4.0150612790057494e-07
Data(x=[42, 1], edge_index=[2, 56], edge_attr=[56, 3], y=0.0, custom_label=0.0, min_label=0, max_label=10, instance_name='p08.txt');0.0;0.23499329388141632;7.76260478119184e-08;0.0
Data(x=[50, 1], edge_index=[2, 62], edge_attr=[62, 3], y=0.0, custom_label=0.0, min_label=0, max_label=10, instance_name='p08.txt');0.0;0.23499329388141632;1.3986880730953999e-05;4.0150612790057494e-07
Data(x=[49, 1], edge_index=[2, 60], edge_attr=[60, 3], y=0.0, custom_label=0.0, min_label=0, max_label=10, instance_name='p08.txt');0.0;0.23499329388141632;8.020861423574388e-05;4.0150612790057494e-07
Data(x=[42, 1], edge_index=[2, 54], edge_attr=[54, 3], y=0.0, custom_label=0.0, min_label=0, max_label=10, instance_name='p08.txt');0.0;0.23499329388141632;1.4739251241735474e-07;0.0
Data(x=[49, 1], edge_index=[2, 60], edge_attr=[60, 3], y=2.0, custom_label=0.2, min_label=0, max_label=10, instance_name='p08.txt');0.20000000298023224;0.23499329388141632;0.017536204308271408;4.0150612790057494e-07
Data(x=[49, 1], edge_index=[2, 60], edge_attr=[60, 3], y=1.0, custom_label=0.1, min_label=0, max_label=10, instance_name='p08.txt');0.10000000149011612;0.23499329388141632;0.021122323349118233;4.0150612790057494e-07
Data(x=[50, 1], edge_index=[2, 62], edge_attr=[62, 3], y=0.0, custom_label=0.0, min_label=0, max_label=10, instance_name='p08.txt');0.0;0.23499329388141632;1.2517673440015642e-06;4.0150612790057494e-07
Data(x=[44, 1], edge_index=[2, 54], edge_attr=[54, 3], y=0.0, custom_label=0.0, min_label=0, max_label=10, instance_name='p08.txt');0.0;0.23499329388141632;4.924227323499508e-05;4.0150612790057494e-07
Data(x=[47, 1], edge_index=[2, 60], edge_attr=[60, 3], y=0.0, custom_label=0.0, min_label=0, max_label=10, instance_name='p08.txt');0.0;0.23499329388141632;6.01487590756733e-06;0.0
Data(x=[47, 1], edge_index=[2, 58], edge_attr=[58, 3], y=0.0, custom_label=0.0, min_label=0, max_label=10, instance_name='p08.txt');0.0;0.23499329388141632;5.9655143559211865e-05;0.0
Data(x=[53, 1], edge_index=[2, 66], edge_attr=[66, 3], y=0.0, custom_label=0.0, min_label=0, max_label=10, instance_name='p08.txt');0.0;0.23499329388141632;1.8307970321984612e-06;0.0
Data(x=[44, 1], edge_index=[2, 54], edge_attr=[54, 3], y=0.0, custom_label=0.0, min_label=0, max_label=10, instance_name='p08.txt');0.0;0.23499329388141632;4.9242320528719574e-05;4.0150612790057494e-07
Data(x=[55, 1], edge_index=[2, 68], edge_attr=[68, 3], y=0.0, custom_label=0.0, min_label=0, max_label=10, instance_name='p08.txt');0.0;0.23499329388141632;2.4367280275328085e-05;0.0
Data(x=[47, 1], edge_index=[2, 60], edge_attr=[60, 3], y=0.0, custom_label=0.0, min_label=0, max_label=10, instance_name='p08.txt');0.0;0.23499329388141632;6.014869541104417e-06;0.0
Data(x=[49, 1], edge_index=[2, 62], edge_attr=[62, 3], y=0.0, custom_label=0.0, min_label=0, max_label=10, instance_name='p08.txt');0.0;0.23499329388141632;8.895159226085525e-06;0.0
Data(x=[49, 1], edge_index=[2, 62], edge_attr=[62, 3], y=3.0, custom_label=0.3, min_label=0, max_label=10, instance_name='p08.txt');0.30000001192092896;0.23499329388141632;0.0002502752759028226;4.0150612790057494e-07
Data(x=[48, 1], edge_index=[2, 60], edge_attr=[60, 3], y=2.0, custom_label=0.2, min_label=0, max_label=10, instance_name='p08.txt');0.20000000298023224;0.23499329388141632;0.0023021672386676073;4.0150612790057494e-07
Data(x=[48, 1], edge_index=[2, 60], edge_attr=[60, 3], y=1.0, custom_label=0.1, min_label=0, max_label=10, instance_name='p08.txt');0.10000000149011612;0.23499329388141632;0.0015694526955485344;4.0150612790057494e-07
Data(x=[49, 1], edge_index=[2, 62], edge_attr=[62, 3], y=0.0, custom_label=0.0, min_label=0, max_label=10, instance_name='p08.txt');0.0;0.23499329388141632;6.366470728380591e-08;4.0150612790057494e-07
Data(x=[53, 1], edge_index=[2, 62], edge_attr=[62, 3], y=0.0, custom_label=0.0, min_label=0, max_label=10, instance_name='p08.txt');0.0;0.23499329388141632;0.00022601376986131072;4.0150612790057494e-07
Data(x=[49, 1], edge_index=[2, 62], edge_attr=[62, 3], y=0.0, custom_label=0.0, min_label=0, max_label=10, instance_name='p08.txt');0.0;0.23499329388141632;8.895151040633209e-06;0.0
Data(x=[44, 1], edge_index=[2, 54], edge_attr=[54, 3], y=0.0, custom_label=0.0, min_label=0, max_label=10, instance_name='p08.txt');0.0;0.23499329388141632;6.08537629886996e-06;4.0150612790057494e-07
Data(x=[52, 1], edge_index=[2, 64], edge_attr=[64, 3], y=0.0, custom_label=0.0, min_label=0, max_label=10, instance_name='p08.txt');0.0;0.23499329388141632;9.072216926142573e-06;4.0150612790057494e-07
Data(x=[49, 1], edge_index=[2, 62], edge_attr=[62, 3], y=0.0, custom_label=0.0, min_label=0, max_label=10, instance_name='p08.txt');0.0;0.23499329388141632;8.895142855180893e-06;0.0
Data(x=[54, 1], edge_index=[2, 66], edge_attr=[66, 3], y=0.0, custom_label=0.0, min_label=0, max_label=10, instance_name='p08.txt');0.0;0.23499329388141632;4.954955329594668e-06;0.0
Data(x=[50, 1], edge_index=[2, 60], edge_attr=[60, 3], y=3.0, custom_label=0.3, min_label=0, max_label=10, instance_name='p08.txt');0.30000001192092896;0.23499329388141632;0.20948146283626556;4.0150612790057494e-07
Data(x=[51, 1], edge_index=[2, 62], edge_attr=[62, 3], y=2.0, custom_label=0.2, min_label=0, max_label=10, instance_name='p08.txt');0.20000000298023224;0.23499329388141632;0.022316742688417435;4.0150612790057494e-07
Data(x=[50, 1], edge_index=[2, 60], edge_attr=[60, 3], y=1.0, custom_label=0.1, min_label=0, max_label=10, instance_name='p08.txt');0.10000000149011612;0.23499329388141632;0.10014443099498749;4.0150612790057494e-07
Data(x=[51, 1], edge_index=[2, 62], edge_attr=[62, 3], y=0.0, custom_label=0.0, min_label=0, max_label=10, instance_name='p08.txt');0.0;0.23499329388141632;0.00010548577847657725;4.0150612790057494e-07
Data(x=[37, 1], edge_index=[2, 46], edge_attr=[46, 3], y=0.0, custom_label=0.0, min_label=0, max_label=10, instance_name='p08.txt');0.0;0.23499329388141632;1.7309081158600748e-05;4.0150612790057494e-07
Data(x=[50, 1], edge_index=[2, 58], edge_attr=[58, 3], y=4.0, custom_label=0.4, min_label=0, max_label=10, instance_name='p08.txt');0.4000000059604645;0.23499329388141632;0.26435762643814087;4.0150612790057494e-07
Data(x=[50, 1], edge_index=[2, 58], edge_attr=[58, 3], y=3.0, custom_label=0.3, min_label=0, max_label=10, instance_name='p08.txt');0.30000001192092896;0.23499329388141632;0.25228452682495117;4.0150612790057494e-07
Data(x=[51, 1], edge_index=[2, 60], edge_attr=[60, 3], y=2.0, custom_label=0.2, min_label=0, max_label=10, instance_name='p08.txt');0.20000000298023224;0.23499329388141632;0.07317029684782028;4.0150612790057494e-07
Data(x=[51, 1], edge_index=[2, 60], edge_attr=[60, 3], y=1.0, custom_label=0.1, min_label=0, max_label=10, instance_name='p08.txt');0.10000000149011612;0.23499329388141632;0.08010485768318176;4.0150612790057494e-07
Data(x=[52, 1], edge_index=[2, 62], edge_attr=[62, 3], y=0.0, custom_label=0.0, min_label=0, max_label=10, instance_name='p08.txt');0.0;0.23499329388141632;3.302006371086463e-05;4.0150612790057494e-07
Data(x=[45, 1], edge_index=[2, 56], edge_attr=[56, 3], y=0.0, custom_label=0.0, min_label=0, max_label=10, instance_name='p08.txt');0.0;0.23499329388141632;4.321580126998015e-05;0.0
Data(x=[41, 1], edge_index=[2, 52], edge_attr=[52, 3], y=0.0, custom_label=0.0, min_label=0, max_label=10, instance_name='p08.txt');0.0;0.23499329388141632;2.1770790681330254e-06;4.0150612790057494e-07
Data(x=[55, 1], edge_index=[2, 68], edge_attr=[68, 3], y=0.0, custom_label=0.0, min_label=0, max_label=10, instance_name='p08.txt');0.0;0.23499329388141632;2.7164339826413197e-06;0.0
Data(x=[43, 1], edge_index=[2, 56], edge_attr=[56, 3], y=0.0, custom_label=0.0, min_label=0, max_label=10, instance_name='p08.txt');0.0;0.23499329388141632;2.474500206517405e-06;0.0
Data(x=[48, 1], edge_index=[2, 58], edge_attr=[58, 3], y=2.0, custom_label=0.2, min_label=0, max_label=10, instance_name='p08.txt');0.20000000298023224;0.23499329388141632;0.07294387370347977;4.0150612790057494e-07
Data(x=[48, 1], edge_index=[2, 58], edge_attr=[58, 3], y=1.0, custom_label=0.1, min_label=0, max_label=10, instance_name='p08.txt');0.10000000149011612;0.23499329388141632;0.07294387370347977;4.0150612790057494e-07
Data(x=[49, 1], edge_index=[2, 60], edge_attr=[60, 3], y=0.0, custom_label=0.0, min_label=0, max_label=10, instance_name='p08.txt');0.0;0.23499329388141632;1.5398714822367765e-05;4.0150612790057494e-07
Data(x=[49, 1], edge_index=[2, 62], edge_attr=[62, 3], y=0.0, custom_label=0.0, min_label=0, max_label=10, instance_name='p08.txt');0.0;0.23499329388141632;4.657071622204967e-05;0.0
Data(x=[48, 1], edge_index=[2, 58], edge_attr=[58, 3], y=0.0, custom_label=0.0, min_label=0, max_label=10, instance_name='p08.txt');0.0;0.23499329388141632;9.158372995443642e-05;4.0150612790057494e-07
Data(x=[46, 1], edge_index=[2, 56], edge_attr=[56, 3], y=0.0, custom_label=0.0, min_label=0, max_label=10, instance_name='p08.txt');0.0;0.23499329388141632;6.806448072893545e-05;4.0150612790057494e-07
Data(x=[52, 1], edge_index=[2, 64], edge_attr=[64, 3], y=0.0, custom_label=0.0, min_label=0, max_label=10, instance_name='p08.txt');0.0;0.23499329388141632;9.07222511159489e-06;4.0150612790057494e-07
Data(x=[73, 1], edge_index=[2, 80], edge_attr=[80, 3], y=88.0, custom_label=1.0, min_label=0, max_label=88, instance_name='p09.txt');1.0;0.23499329388141632;0.23897768557071686;4.0150612790057494e-07
Data(x=[73, 1], edge_index=[2, 80], edge_attr=[80, 3], y=87.0, custom_label=0.9886364, min_label=0, max_label=88, instance_name='p09.txt');0.9886363744735718;0.23499329388141632;0.23897768557071686;4.0150612790057494e-07
Data(x=[73, 1], edge_index=[2, 80], edge_attr=[80, 3], y=86.0, custom_label=0.97727275, min_label=0, max_label=88, instance_name='p09.txt');0.9772727489471436;0.23499329388141632;0.23897768557071686;4.0150612790057494e-07
Data(x=[73, 1], edge_index=[2, 80], edge_attr=[80, 3], y=85.0, custom_label=0.96590906, min_label=0, max_label=88, instance_name='p09.txt');0.9659090638160706;0.23499329388141632;0.23897768557071686;4.0150612790057494e-07
Data(x=[73, 1], edge_index=[2, 80], edge_attr=[80, 3], y=84.0, custom_label=0.95454544, min_label=0, max_label=88, instance_name='p09.txt');0.9545454382896423;0.23499329388141632;0.23897768557071686;4.0150612790057494e-07
Data(x=[73, 1], edge_index=[2, 80], edge_attr=[80, 3], y=83.0, custom_label=0.9431818, min_label=0, max_label=88, instance_name='p09.txt');0.9431818127632141;0.23499329388141632;0.23897768557071686;4.0150612790057494e-07
Data(x=[73, 1], edge_index=[2, 80], edge_attr=[80, 3], y=82.0, custom_label=0.9318182, min_label=0, max_label=88, instance_name='p09.txt');0.9318181872367859;0.23499329388141632;0.23897768557071686;4.0150612790057494e-07
Data(x=[73, 1], edge_index=[2, 80], edge_attr=[80, 3], y=81.0, custom_label=0.92045456, min_label=0, max_label=88, instance_name='p09.txt');0.9204545617103577;0.23499329388141632;0.23897768557071686;4.0150612790057494e-07
Data(x=[73, 1], edge_index=[2, 80], edge_attr=[80, 3], y=80.0, custom_label=0.90909094, min_label=0, max_label=88, instance_name='p09.txt');0.9090909361839294;0.23499329388141632;0.23897768557071686;4.0150612790057494e-07
Data(x=[73, 1], edge_index=[2, 80], edge_attr=[80, 3], y=79.0, custom_label=0.89772725, min_label=0, max_label=88, instance_name='p09.txt');0.8977272510528564;0.23499329388141632;0.23897768557071686;4.0150612790057494e-07
Data(x=[73, 1], edge_index=[2, 80], edge_attr=[80, 3], y=78.0, custom_label=0.8863636, min_label=0, max_label=88, instance_name='p09.txt');0.8863636255264282;0.23499329388141632;0.23897768557071686;4.0150612790057494e-07
Data(x=[73, 1], edge_index=[2, 80], edge_attr=[80, 3], y=77.0, custom_label=0.875, min_label=0, max_label=88, instance_name='p09.txt');0.875;0.23499329388141632;0.23897768557071686;4.0150612790057494e-07
Data(x=[73, 1], edge_index=[2, 80], edge_attr=[80, 3], y=76.0, custom_label=0.8636364, min_label=0, max_label=88, instance_name='p09.txt');0.8636363744735718;0.23499329388141632;0.23897768557071686;4.0150612790057494e-07
Data(x=[73, 1], edge_index=[2, 80], edge_attr=[80, 3], y=75.0, custom_label=0.85227275, min_label=0, max_label=88, instance_name='p09.txt');0.8522727489471436;0.23499329388141632;0.23897768557071686;4.0150612790057494e-07
Data(x=[73, 1], edge_index=[2, 80], edge_attr=[80, 3], y=74.0, custom_label=0.84090906, min_label=0, max_label=88, instance_name='p09.txt');0.8409090638160706;0.23499329388141632;0.23897768557071686;4.0150612790057494e-07
Data(x=[73, 1], edge_index=[2, 80], edge_attr=[80, 3], y=73.0, custom_label=0.82954544, min_label=0, max_label=88, instance_name='p09.txt');0.8295454382896423;0.23499329388141632;0.23897768557071686;4.0150612790057494e-07
Data(x=[74, 1], edge_index=[2, 82], edge_attr=[82, 3], y=72.0, custom_label=0.8181818, min_label=0, max_label=88, instance_name='p09.txt');0.8181818127632141;0.23499329388141632;0.11488330364227295;4.0150612790057494e-07
Data(x=[74, 1], edge_index=[2, 82], edge_attr=[82, 3], y=71.0, custom_label=0.8068182, min_label=0, max_label=88, instance_name='p09.txt');0.8068181872367859;0.23499329388141632;0.11488330364227295;4.0150612790057494e-07
Data(x=[74, 1], edge_index=[2, 82], edge_attr=[82, 3], y=70.0, custom_label=0.79545456, min_label=0, max_label=88, instance_name='p09.txt');0.7954545617103577;0.23499329388141632;0.11488330364227295;4.0150612790057494e-07
Data(x=[74, 1], edge_index=[2, 82], edge_attr=[82, 3], y=69.0, custom_label=0.78409094, min_label=0, max_label=88, instance_name='p09.txt');0.7840909361839294;0.23499329388141632;0.11488330364227295;4.0150612790057494e-07
Data(x=[74, 1], edge_index=[2, 82], edge_attr=[82, 3], y=68.0, custom_label=0.77272725, min_label=0, max_label=88, instance_name='p09.txt');0.7727272510528564;0.23499329388141632;0.11488330364227295;4.0150612790057494e-07
Data(x=[74, 1], edge_index=[2, 82], edge_attr=[82, 3], y=67.0, custom_label=0.7613636, min_label=0, max_label=88, instance_name='p09.txt');0.7613636255264282;0.23499329388141632;0.11488330364227295;4.0150612790057494e-07
Data(x=[74, 1], edge_index=[2, 82], edge_attr=[82, 3], y=66.0, custom_label=0.75, min_label=0, max_label=88, instance_name='p09.txt');0.75;0.23499329388141632;0.11488330364227295;4.0150612790057494e-07
Data(x=[73, 1], edge_index=[2, 80], edge_attr=[80, 3], y=65.0, custom_label=0.7386364, min_label=0, max_label=88, instance_name='p09.txt');0.7386363744735718;0.23499329388141632;0.23897773027420044;4.0150612790057494e-07
Data(x=[73, 1], edge_index=[2, 80], edge_attr=[80, 3], y=64.0, custom_label=0.72727275, min_label=0, max_label=88, instance_name='p09.txt');0.7272727489471436;0.23499329388141632;0.23897768557071686;4.0150612790057494e-07
Data(x=[73, 1], edge_index=[2, 80], edge_attr=[80, 3], y=63.0, custom_label=0.71590906, min_label=0, max_label=88, instance_name='p09.txt');0.7159090638160706;0.23499329388141632;0.23897768557071686;4.0150612790057494e-07
Data(x=[73, 1], edge_index=[2, 80], edge_attr=[80, 3], y=62.0, custom_label=0.70454544, min_label=0, max_label=88, instance_name='p09.txt');0.7045454382896423;0.23499329388141632;0.23897768557071686;4.0150612790057494e-07
Data(x=[73, 1], edge_index=[2, 80], edge_attr=[80, 3], y=61.0, custom_label=0.6931818, min_label=0, max_label=88, instance_name='p09.txt');0.6931818127632141;0.23499329388141632;0.23897768557071686;4.0150612790057494e-07
Data(x=[73, 1], edge_index=[2, 80], edge_attr=[80, 3], y=60.0, custom_label=0.6818182, min_label=0, max_label=88, instance_name='p09.txt');0.6818181872367859;0.23499329388141632;0.23897768557071686;4.0150612790057494e-07
Data(x=[73, 1], edge_index=[2, 80], edge_attr=[80, 3], y=59.0, custom_label=0.67045456, min_label=0, max_label=88, instance_name='p09.txt');0.6704545617103577;0.23499329388141632;0.23897768557071686;4.0150612790057494e-07
Data(x=[73, 1], edge_index=[2, 80], edge_attr=[80, 3], y=58.0, custom_label=0.65909094, min_label=0, max_label=88, instance_name='p09.txt');0.6590909361839294;0.23499329388141632;0.23897768557071686;4.0150612790057494e-07
Data(x=[72, 1], edge_index=[2, 78], edge_attr=[78, 3], y=57.0, custom_label=0.64772725, min_label=0, max_label=88, instance_name='p09.txt');0.6477272510528564;0.23499329388141632;0.40394875407218933;4.0150612790057494e-07
Data(x=[72, 1], edge_index=[2, 78], edge_attr=[78, 3], y=56.0, custom_label=0.6363636, min_label=0, max_label=88, instance_name='p09.txt');0.6363636255264282;0.23499329388141632;0.40394875407218933;4.0150612790057494e-07
Data(x=[72, 1], edge_index=[2, 78], edge_attr=[78, 3], y=55.0, custom_label=0.625, min_label=0, max_label=88, instance_name='p09.txt');0.625;0.23499329388141632;0.40394875407218933;4.0150612790057494e-07
Data(x=[72, 1], edge_index=[2, 78], edge_attr=[78, 3], y=54.0, custom_label=0.6136364, min_label=0, max_label=88, instance_name='p09.txt');0.6136363744735718;0.23499329388141632;0.40394875407218933;4.0150612790057494e-07
Data(x=[72, 1], edge_index=[2, 78], edge_attr=[78, 3], y=53.0, custom_label=0.60227275, min_label=0, max_label=88, instance_name='p09.txt');0.6022727489471436;0.23499329388141632;0.40394875407218933;4.0150612790057494e-07
Data(x=[72, 1], edge_index=[2, 78], edge_attr=[78, 3], y=52.0, custom_label=0.59090906, min_label=0, max_label=88, instance_name='p09.txt');0.5909090638160706;0.23499329388141632;0.40394875407218933;4.0150612790057494e-07
Data(x=[72, 1], edge_index=[2, 78], edge_attr=[78, 3], y=51.0, custom_label=0.57954544, min_label=0, max_label=88, instance_name='p09.txt');0.5795454382896423;0.23499329388141632;0.40394875407218933;4.0150612790057494e-07
Data(x=[72, 1], edge_index=[2, 78], edge_attr=[78, 3], y=50.0, custom_label=0.5681818, min_label=0, max_label=88, instance_name='p09.txt');0.5681818127632141;0.23499329388141632;0.40394875407218933;4.0150612790057494e-07
Data(x=[72, 1], edge_index=[2, 78], edge_attr=[78, 3], y=49.0, custom_label=0.5568182, min_label=0, max_label=88, instance_name='p09.txt');0.5568181872367859;0.23499329388141632;0.40394875407218933;4.0150612790057494e-07
Data(x=[72, 1], edge_index=[2, 78], edge_attr=[78, 3], y=48.0, custom_label=0.54545456, min_label=0, max_label=88, instance_name='p09.txt');0.5454545617103577;0.23499329388141632;0.40394875407218933;4.0150612790057494e-07
Data(x=[72, 1], edge_index=[2, 78], edge_attr=[78, 3], y=47.0, custom_label=0.53409094, min_label=0, max_label=88, instance_name='p09.txt');0.5340909361839294;0.23499329388141632;0.40394875407218933;4.0150612790057494e-07
Data(x=[72, 1], edge_index=[2, 78], edge_attr=[78, 3], y=46.0, custom_label=0.52272725, min_label=0, max_label=88, instance_name='p09.txt');0.5227272510528564;0.23499329388141632;0.40394875407218933;4.0150612790057494e-07
Data(x=[72, 1], edge_index=[2, 78], edge_attr=[78, 3], y=45.0, custom_label=0.5113636, min_label=0, max_label=88, instance_name='p09.txt');0.5113636255264282;0.23499329388141632;0.40394875407218933;4.0150612790057494e-07
Data(x=[72, 1], edge_index=[2, 78], edge_attr=[78, 3], y=44.0, custom_label=0.5, min_label=0, max_label=88, instance_name='p09.txt');0.5;0.23499329388141632;0.40394875407218933;4.0150612790057494e-07
Data(x=[72, 1], edge_index=[2, 78], edge_attr=[78, 3], y=43.0, custom_label=0.48863637, min_label=0, max_label=88, instance_name='p09.txt');0.4886363744735718;0.23499329388141632;0.40394875407218933;4.0150612790057494e-07
Data(x=[73, 1], edge_index=[2, 80], edge_attr=[80, 3], y=42.0, custom_label=0.47727272, min_label=0, max_label=88, instance_name='p09.txt');0.47727271914482117;0.23499329388141632;0.23897773027420044;4.0150612790057494e-07
Data(x=[73, 1], edge_index=[2, 80], edge_attr=[80, 3], y=41.0, custom_label=0.4659091, min_label=0, max_label=88, instance_name='p09.txt');0.46590909361839294;0.23499329388141632;0.23897773027420044;4.0150612790057494e-07
Data(x=[73, 1], edge_index=[2, 80], edge_attr=[80, 3], y=40.0, custom_label=0.45454547, min_label=0, max_label=88, instance_name='p09.txt');0.4545454680919647;0.23499329388141632;0.23897773027420044;4.0150612790057494e-07
Data(x=[72, 1], edge_index=[2, 78], edge_attr=[78, 3], y=39.0, custom_label=0.4431818, min_label=0, max_label=88, instance_name='p09.txt');0.4431818127632141;0.23499329388141632;0.40394875407218933;4.0150612790057494e-07
Data(x=[73, 1], edge_index=[2, 80], edge_attr=[80, 3], y=38.0, custom_label=0.4318182, min_label=0, max_label=88, instance_name='p09.txt');0.4318181872367859;0.23499329388141632;0.23897773027420044;4.0150612790057494e-07
Data(x=[73, 1], edge_index=[2, 80], edge_attr=[80, 3], y=37.0, custom_label=0.42045453, min_label=0, max_label=88, instance_name='p09.txt');0.4204545319080353;0.23499329388141632;0.23897773027420044;4.0150612790057494e-07
Data(x=[73, 1], edge_index=[2, 80], edge_attr=[80, 3], y=36.0, custom_label=0.4090909, min_label=0, max_label=88, instance_name='p09.txt');0.40909090638160706;0.23499329388141632;0.23897773027420044;4.0150612790057494e-07
Data(x=[73, 1], edge_index=[2, 80], edge_attr=[80, 3], y=35.0, custom_label=0.39772728, min_label=0, max_label=88, instance_name='p09.txt');0.39772728085517883;0.23499329388141632;0.23897773027420044;4.0150612790057494e-07
Data(x=[73, 1], edge_index=[2, 80], edge_attr=[80, 3], y=34.0, custom_label=0.38636363, min_label=0, max_label=88, instance_name='p09.txt');0.3863636255264282;0.23499329388141632;0.23897773027420044;4.0150612790057494e-07
Data(x=[72, 1], edge_index=[2, 78], edge_attr=[78, 3], y=33.0, custom_label=0.375, min_label=0, max_label=88, instance_name='p09.txt');0.375;0.23499329388141632;0.40394875407218933;4.0150612790057494e-07
Data(x=[72, 1], edge_index=[2, 78], edge_attr=[78, 3], y=32.0, custom_label=0.36363637, min_label=0, max_label=88, instance_name='p09.txt');0.3636363744735718;0.23499329388141632;0.40394875407218933;4.0150612790057494e-07
Data(x=[72, 1], edge_index=[2, 78], edge_attr=[78, 3], y=31.0, custom_label=0.35227272, min_label=0, max_label=88, instance_name='p09.txt');0.35227271914482117;0.23499329388141632;0.40394875407218933;4.0150612790057494e-07
Data(x=[72, 1], edge_index=[2, 78], edge_attr=[78, 3], y=30.0, custom_label=0.3409091, min_label=0, max_label=88, instance_name='p09.txt');0.34090909361839294;0.23499329388141632;0.40394875407218933;4.0150612790057494e-07
Data(x=[72, 1], edge_index=[2, 78], edge_attr=[78, 3], y=29.0, custom_label=0.32954547, min_label=0, max_label=88, instance_name='p09.txt');0.3295454680919647;0.23499329388141632;0.40394875407218933;4.0150612790057494e-07
Data(x=[72, 1], edge_index=[2, 78], edge_attr=[78, 3], y=28.0, custom_label=0.3181818, min_label=0, max_label=88, instance_name='p09.txt');0.3181818127632141;0.23499329388141632;0.40394875407218933;4.0150612790057494e-07
Data(x=[72, 1], edge_index=[2, 78], edge_attr=[78, 3], y=27.0, custom_label=0.3068182, min_label=0, max_label=88, instance_name='p09.txt');0.3068181872367859;0.23499329388141632;0.40394875407218933;4.0150612790057494e-07
Data(x=[72, 1], edge_index=[2, 78], edge_attr=[78, 3], y=26.0, custom_label=0.29545453, min_label=0, max_label=88, instance_name='p09.txt');0.2954545319080353;0.23499329388141632;0.40394875407218933;4.0150612790057494e-07
Data(x=[72, 1], edge_index=[2, 78], edge_attr=[78, 3], y=25.0, custom_label=0.2840909, min_label=0, max_label=88, instance_name='p09.txt');0.28409090638160706;0.23499329388141632;0.40394875407218933;4.0150612790057494e-07
Data(x=[72, 1], edge_index=[2, 78], edge_attr=[78, 3], y=24.0, custom_label=0.27272728, min_label=0, max_label=88, instance_name='p09.txt');0.27272728085517883;0.23499329388141632;0.40394875407218933;4.0150612790057494e-07
Data(x=[72, 1], edge_index=[2, 78], edge_attr=[78, 3], y=23.0, custom_label=0.26136363, min_label=0, max_label=88, instance_name='p09.txt');0.2613636255264282;0.23499329388141632;0.40394875407218933;4.0150612790057494e-07
Data(x=[72, 1], edge_index=[2, 78], edge_attr=[78, 3], y=22.0, custom_label=0.25, min_label=0, max_label=88, instance_name='p09.txt');0.25;0.23499329388141632;0.40394875407218933;4.0150612790057494e-07
Data(x=[72, 1], edge_index=[2, 78], edge_attr=[78, 3], y=21.0, custom_label=0.23863636, min_label=0, max_label=88, instance_name='p09.txt');0.23863635957241058;0.23499329388141632;0.40394875407218933;4.0150612790057494e-07
Data(x=[73, 1], edge_index=[2, 80], edge_attr=[80, 3], y=20.0, custom_label=0.22727273, min_label=0, max_label=88, instance_name='p09.txt');0.22727273404598236;0.23499329388141632;0.23897773027420044;4.0150612790057494e-07
Data(x=[73, 1], edge_index=[2, 80], edge_attr=[80, 3], y=19.0, custom_label=0.2159091, min_label=0, max_label=88, instance_name='p09.txt');0.21590909361839294;0.23499329388141632;0.23897773027420044;4.0150612790057494e-07
Data(x=[73, 1], edge_index=[2, 80], edge_attr=[80, 3], y=18.0, custom_label=0.20454545, min_label=0, max_label=88, instance_name='p09.txt');0.20454545319080353;0.23499329388141632;0.23897773027420044;4.0150612790057494e-07
Data(x=[73, 1], edge_index=[2, 80], edge_attr=[80, 3], y=17.0, custom_label=0.19318181, min_label=0, max_label=88, instance_name='p09.txt');0.1931818127632141;0.23499329388141632;0.23897773027420044;4.0150612790057494e-07
Data(x=[73, 1], edge_index=[2, 80], edge_attr=[80, 3], y=16.0, custom_label=0.18181819, min_label=0, max_label=88, instance_name='p09.txt');0.1818181872367859;0.23499329388141632;0.23897773027420044;4.0150612790057494e-07
Data(x=[73, 1], edge_index=[2, 80], edge_attr=[80, 3], y=15.0, custom_label=0.17045455, min_label=0, max_label=88, instance_name='p09.txt');0.17045454680919647;0.23499329388141632;0.23897773027420044;4.0150612790057494e-07
Data(x=[73, 1], edge_index=[2, 80], edge_attr=[80, 3], y=14.0, custom_label=0.1590909, min_label=0, max_label=88, instance_name='p09.txt');0.15909090638160706;0.23499329388141632;0.23897773027420044;4.0150612790057494e-07
Data(x=[73, 1], edge_index=[2, 80], edge_attr=[80, 3], y=13.0, custom_label=0.14772727, min_label=0, max_label=88, instance_name='p09.txt');0.14772726595401764;0.23499329388141632;0.23897773027420044;4.0150612790057494e-07
Data(x=[74, 1], edge_index=[2, 82], edge_attr=[82, 3], y=12.0, custom_label=0.13636364, min_label=0, max_label=88, instance_name='p09.txt');0.13636364042758942;0.23499329388141632;0.11488330364227295;4.0150612790057494e-07
Data(x=[74, 1], edge_index=[2, 82], edge_attr=[82, 3], y=11.0, custom_label=0.125, min_label=0, max_label=88, instance_name='p09.txt');0.125;0.23499329388141632;0.11488330364227295;4.0150612790057494e-07
Data(x=[74, 1], edge_index=[2, 82], edge_attr=[82, 3], y=10.0, custom_label=0.11363637, min_label=0, max_label=88, instance_name='p09.txt');0.11363636702299118;0.23499329388141632;0.11488328129053116;4.0150612790057494e-07
Data(x=[74, 1], edge_index=[2, 82], edge_attr=[82, 3], y=9.0, custom_label=0.10227273, min_label=0, max_label=88, instance_name='p09.txt');0.10227272659540176;0.23499329388141632;0.11488330364227295;4.0150612790057494e-07
Data(x=[74, 1], edge_index=[2, 82], edge_attr=[82, 3], y=8.0, custom_label=0.09090909, min_label=0, max_label=88, instance_name='p09.txt');0.09090909361839294;0.23499329388141632;0.11488328129053116;4.0150612790057494e-07
Data(x=[74, 1], edge_index=[2, 82], edge_attr=[82, 3], y=7.0, custom_label=0.07954545, min_label=0, max_label=88, instance_name='p09.txt');0.07954545319080353;0.23499329388141632;0.11488330364227295;4.0150612790057494e-07
Data(x=[74, 1], edge_index=[2, 82], edge_attr=[82, 3], y=6.0, custom_label=0.06818182, min_label=0, max_label=88, instance_name='p09.txt');0.06818182021379471;0.23499329388141632;0.11488330364227295;4.0150612790057494e-07
Data(x=[74, 1], edge_index=[2, 82], edge_attr=[82, 3], y=5.0, custom_label=0.056818184, min_label=0, max_label=88, instance_name='p09.txt');0.05681818351149559;0.23499329388141632;0.11488330364227295;4.0150612790057494e-07
Data(x=[74, 1], edge_index=[2, 82], edge_attr=[82, 3], y=4.0, custom_label=0.045454547, min_label=0, max_label=88, instance_name='p09.txt');0.04545454680919647;0.23499329388141632;0.11488330364227295;4.0150612790057494e-07
Data(x=[74, 1], edge_index=[2, 82], edge_attr=[82, 3], y=3.0, custom_label=0.03409091, min_label=0, max_label=88, instance_name='p09.txt');0.034090910106897354;0.23499329388141632;0.11488328129053116;4.0150612790057494e-07
Data(x=[74, 1], edge_index=[2, 82], edge_attr=[82, 3], y=2.0, custom_label=0.022727273, min_label=0, max_label=88, instance_name='p09.txt');0.022727273404598236;0.23499329388141632;0.11488328129053116;4.0150612790057494e-07
Data(x=[74, 1], edge_index=[2, 82], edge_attr=[82, 3], y=1.0, custom_label=0.011363637, min_label=0, max_label=88, instance_name='p09.txt');0.011363636702299118;0.23499329388141632;0.11488328129053116;4.0150612790057494e-07
Data(x=[75, 1], edge_index=[2, 84], edge_attr=[84, 3], y=0.0, custom_label=0.0, min_label=0, max_label=88, instance_name='p09.txt');0.0;0.23499329388141632;0.001359440851956606;4.0150612790057494e-07
Data(x=[57, 1], edge_index=[2, 68], edge_attr=[68, 3], y=0.0, custom_label=0.0, min_label=0, max_label=88, instance_name='p09.txt');0.0;0.23499329388141632;5.232102921581827e-05;4.0150612790057494e-07
Data(x=[60, 1], edge_index=[2, 72], edge_attr=[72, 3], y=0.0, custom_label=0.0, min_label=0, max_label=88, instance_name='p09.txt');0.0;0.23499329388141632;6.0739264881704e-05;0.0
Data(x=[44, 1], edge_index=[2, 56], edge_attr=[56, 3], y=0.0, custom_label=0.0, min_label=0, max_label=88, instance_name='p09.txt');0.0;0.23499329388141632;2.6886533305514604e-05;0.0
Data(x=[49, 1], edge_index=[2, 60], edge_attr=[60, 3], y=0.0, custom_label=0.0, min_label=0, max_label=88, instance_name='p09.txt');0.0;0.23499329388141632;8.020852692425251e-05;4.0150612790057494e-07
Data(x=[48, 1], edge_index=[2, 60], edge_attr=[60, 3], y=0.0, custom_label=0.0, min_label=0, max_label=88, instance_name='p09.txt');0.0;0.23499329388141632;1.446819737793703e-06;4.0150612790057494e-07
Data(x=[57, 1], edge_index=[2, 70], edge_attr=[70, 3], y=7.0, custom_label=0.07954545, min_label=0, max_label=88, instance_name='p09.txt');0.07954545319080353;0.23499329388141632;0.03106120601296425;0.0
Data(x=[56, 1], edge_index=[2, 68], edge_attr=[68, 3], y=6.0, custom_label=0.06818182, min_label=0, max_label=88, instance_name='p09.txt');0.06818182021379471;0.23499329388141632;0.06567619740962982;4.0150612790057494e-07
Data(x=[56, 1], edge_index=[2, 68], edge_attr=[68, 3], y=5.0, custom_label=0.056818184, min_label=0, max_label=88, instance_name='p09.txt');0.05681818351149559;0.23499329388141632;0.06567619740962982;4.0150612790057494e-07
Data(x=[56, 1], edge_index=[2, 68], edge_attr=[68, 3], y=4.0, custom_label=0.045454547, min_label=0, max_label=88, instance_name='p09.txt');0.04545454680919647;0.23499329388141632;0.06567621231079102;4.0150612790057494e-07
Data(x=[56, 1], edge_index=[2, 68], edge_attr=[68, 3], y=3.0, custom_label=0.03409091, min_label=0, max_label=88, instance_name='p09.txt');0.034090910106897354;0.23499329388141632;0.06567616760730743;4.0150612790057494e-07
Data(x=[56, 1], edge_index=[2, 68], edge_attr=[68, 3], y=2.0, custom_label=0.022727273, min_label=0, max_label=88, instance_name='p09.txt');0.022727273404598236;0.23499329388141632;0.06567621231079102;4.0150612790057494e-07
Data(x=[56, 1], edge_index=[2, 68], edge_attr=[68, 3], y=1.0, custom_label=0.011363637, min_label=0, max_label=88, instance_name='p09.txt');0.011363636702299118;0.23499329388141632;0.06567619740962982;4.0150612790057494e-07
Data(x=[57, 1], edge_index=[2, 70], edge_attr=[70, 3], y=0.0, custom_label=0.0, min_label=0, max_label=88, instance_name='p09.txt');0.0;0.23499329388141632;3.2554562494624406e-05;4.0150612790057494e-07
Data(x=[59, 1], edge_index=[2, 64], edge_attr=[64, 3], y=95.0, custom_label=1.0, min_label=0, max_label=95, instance_name='p10.txt');1.0;0.23499329388141632;0.780340850353241;4.0150612790057494e-07
Data(x=[59, 1], edge_index=[2, 64], edge_attr=[64, 3], y=94.0, custom_label=0.9894737, min_label=0, max_label=95, instance_name='p10.txt');0.9894737005233765;0.23499329388141632;0.780340850353241;4.0150612790057494e-07
Data(x=[59, 1], edge_index=[2, 64], edge_attr=[64, 3], y=93.0, custom_label=0.97894734, min_label=0, max_label=95, instance_name='p10.txt');0.9789473414421082;0.23499329388141632;0.780340850353241;4.0150612790057494e-07
Data(x=[59, 1], edge_index=[2, 64], edge_attr=[64, 3], y=92.0, custom_label=0.96842104, min_label=0, max_label=95, instance_name='p10.txt');0.9684210419654846;0.23499329388141632;0.780340850353241;4.0150612790057494e-07
Data(x=[59, 1], edge_index=[2, 64], edge_attr=[64, 3], y=91.0, custom_label=0.95789474, min_label=0, max_label=95, instance_name='p10.txt');0.9578947424888611;0.23499329388141632;0.780340850353241;4.0150612790057494e-07
Data(x=[59, 1], edge_index=[2, 64], edge_attr=[64, 3], y=90.0, custom_label=0.94736844, min_label=0, max_label=95, instance_name='p10.txt');0.9473684430122375;0.23499329388141632;0.780340850353241;4.0150612790057494e-07
Data(x=[59, 1], edge_index=[2, 64], edge_attr=[64, 3], y=89.0, custom_label=0.9368421, min_label=0, max_label=95, instance_name='p10.txt');0.9368420839309692;0.23499329388141632;0.780340850353241;4.0150612790057494e-07
Data(x=[59, 1], edge_index=[2, 64], edge_attr=[64, 3], y=88.0, custom_label=0.9263158, min_label=0, max_label=95, instance_name='p10.txt');0.9263157844543457;0.23499329388141632;0.780340850353241;4.0150612790057494e-07
Data(x=[59, 1], edge_index=[2, 64], edge_attr=[64, 3], y=87.0, custom_label=0.9157895, min_label=0, max_label=95, instance_name='p10.txt');0.9157894849777222;0.23499329388141632;0.7803407907485962;4.0150612790057494e-07
Data(x=[59, 1], edge_index=[2, 64], edge_attr=[64, 3], y=86.0, custom_label=0.9052632, min_label=0, max_label=95, instance_name='p10.txt');0.9052631855010986;0.23499329388141632;0.780340850353241;4.0150612790057494e-07
Data(x=[59, 1], edge_index=[2, 64], edge_attr=[64, 3], y=85.0, custom_label=0.8947368, min_label=0, max_label=95, instance_name='p10.txt');0.8947368264198303;0.23499329388141632;0.780340850353241;4.0150612790057494e-07
Data(x=[59, 1], edge_index=[2, 64], edge_attr=[64, 3], y=84.0, custom_label=0.8842105, min_label=0, max_label=95, instance_name='p10.txt');0.8842105269432068;0.23499329388141632;0.780340850353241;4.0150612790057494e-07
Data(x=[59, 1], edge_index=[2, 64], edge_attr=[64, 3], y=83.0, custom_label=0.8736842, min_label=0, max_label=95, instance_name='p10.txt');0.8736842274665833;0.23499329388141632;0.780340850353241;4.0150612790057494e-07
Data(x=[59, 1], edge_index=[2, 64], edge_attr=[64, 3], y=82.0, custom_label=0.86315787, min_label=0, max_label=95, instance_name='p10.txt');0.8631578683853149;0.23499329388141632;0.780340850353241;4.0150612790057494e-07
Data(x=[59, 1], edge_index=[2, 64], edge_attr=[64, 3], y=81.0, custom_label=0.85263157, min_label=0, max_label=95, instance_name='p10.txt');0.8526315689086914;0.23499329388141632;0.780340850353241;4.0150612790057494e-07
Data(x=[59, 1], edge_index=[2, 64], edge_attr=[64, 3], y=80.0, custom_label=0.84210527, min_label=0, max_label=95, instance_name='p10.txt');0.8421052694320679;0.23499329388141632;0.780340850353241;4.0150612790057494e-07
Data(x=[59, 1], edge_index=[2, 64], edge_attr=[64, 3], y=79.0, custom_label=0.83157897, min_label=0, max_label=95, instance_name='p10.txt');0.8315789699554443;0.23499329388141632;0.780340850353241;4.0150612790057494e-07
Data(x=[59, 1], edge_index=[2, 64], edge_attr=[64, 3], y=78.0, custom_label=0.8210526, min_label=0, max_label=95, instance_name='p10.txt');0.821052610874176;0.23499329388141632;0.7803407907485962;4.0150612790057494e-07
Data(x=[59, 1], edge_index=[2, 64], edge_attr=[64, 3], y=77.0, custom_label=0.8105263, min_label=0, max_label=95, instance_name='p10.txt');0.8105263113975525;0.23499329388141632;0.780340850353241;4.0150612790057494e-07
Data(x=[59, 1], edge_index=[2, 64], edge_attr=[64, 3], y=76.0, custom_label=0.8, min_label=0, max_label=95, instance_name='p10.txt');0.800000011920929;0.23499329388141632;0.780340850353241;4.0150612790057494e-07
Data(x=[59, 1], edge_index=[2, 64], edge_attr=[64, 3], y=75.0, custom_label=0.7894737, min_label=0, max_label=95, instance_name='p10.txt');0.7894737124443054;0.23499329388141632;0.7803407907485962;4.0150612790057494e-07
Data(x=[59, 1], edge_index=[2, 64], edge_attr=[64, 3], y=74.0, custom_label=0.77894735, min_label=0, max_label=95, instance_name='p10.txt');0.7789473533630371;0.23499329388141632;0.7803407907485962;4.0150612790057494e-07
Data(x=[59, 1], edge_index=[2, 64], edge_attr=[64, 3], y=73.0, custom_label=0.76842105, min_label=0, max_label=95, instance_name='p10.txt');0.7684210538864136;0.23499329388141632;0.7803407907485962;4.0150612790057494e-07
Data(x=[59, 1], edge_index=[2, 64], edge_attr=[64, 3], y=72.0, custom_label=0.75789475, min_label=0, max_label=95, instance_name='p10.txt');0.75789475440979;0.23499329388141632;0.7803407907485962;4.0150612790057494e-07
Data(x=[59, 1], edge_index=[2, 64], edge_attr=[64, 3], y=71.0, custom_label=0.7473684, min_label=0, max_label=95, instance_name='p10.txt');0.7473683953285217;0.23499329388141632;0.780340850353241;4.0150612790057494e-07
Data(x=[59, 1], edge_index=[2, 64], edge_attr=[64, 3], y=70.0, custom_label=0.7368421, min_label=0, max_label=95, instance_name='p10.txt');0.7368420958518982;0.23499329388141632;0.780340850353241;4.0150612790057494e-07
Data(x=[59, 1], edge_index=[2, 64], edge_attr=[64, 3], y=69.0, custom_label=0.7263158, min_label=0, max_label=95, instance_name='p10.txt');0.7263157963752747;0.23499329388141632;0.780340850353241;4.0150612790057494e-07
Data(x=[59, 1], edge_index=[2, 64], edge_attr=[64, 3], y=68.0, custom_label=0.7157895, min_label=0, max_label=95, instance_name='p10.txt');0.7157894968986511;0.23499329388141632;0.7803407907485962;4.0150612790057494e-07
Data(x=[59, 1], edge_index=[2, 64], edge_attr=[64, 3], y=67.0, custom_label=0.70526314, min_label=0, max_label=95, instance_name='p10.txt');0.7052631378173828;0.23499329388141632;0.780340850353241;4.0150612790057494e-07
Data(x=[59, 1], edge_index=[2, 64], edge_attr=[64, 3], y=66.0, custom_label=0.69473684, min_label=0, max_label=95, instance_name='p10.txt');0.6947368383407593;0.23499329388141632;0.780340850353241;4.0150612790057494e-07
Data(x=[59, 1], edge_index=[2, 64], edge_attr=[64, 3], y=65.0, custom_label=0.68421054, min_label=0, max_label=95, instance_name='p10.txt');0.6842105388641357;0.23499329388141632;0.780340850353241;4.0150612790057494e-07
Data(x=[59, 1], edge_index=[2, 64], edge_attr=[64, 3], y=64.0, custom_label=0.67368424, min_label=0, max_label=95, instance_name='p10.txt');0.6736842393875122;0.23499329388141632;0.780340850353241;4.0150612790057494e-07
Data(x=[59, 1], edge_index=[2, 64], edge_attr=[64, 3], y=63.0, custom_label=0.6631579, min_label=0, max_label=95, instance_name='p10.txt');0.6631578803062439;0.23499329388141632;0.780340850353241;4.0150612790057494e-07
Data(x=[59, 1], edge_index=[2, 64], edge_attr=[64, 3], y=62.0, custom_label=0.6526316, min_label=0, max_label=95, instance_name='p10.txt');0.6526315808296204;0.23499329388141632;0.780340850353241;4.0150612790057494e-07
Data(x=[59, 1], edge_index=[2, 64], edge_attr=[64, 3], y=61.0, custom_label=0.6421053, min_label=0, max_label=95, instance_name='p10.txt');0.6421052813529968;0.23499329388141632;0.780340850353241;4.0150612790057494e-07
Data(x=[59, 1], edge_index=[2, 64], edge_attr=[64, 3], y=60.0, custom_label=0.6315789, min_label=0, max_label=95, instance_name='p10.txt');0.6315789222717285;0.23499329388141632;0.780340850353241;4.0150612790057494e-07
Data(x=[59, 1], edge_index=[2, 64], edge_attr=[64, 3], y=59.0, custom_label=0.6210526, min_label=0, max_label=95, instance_name='p10.txt');0.621052622795105;0.23499329388141632;0.780340850353241;4.0150612790057494e-07
Data(x=[59, 1], edge_index=[2, 64], edge_attr=[64, 3], y=58.0, custom_label=0.6105263, min_label=0, max_label=95, instance_name='p10.txt');0.6105263233184814;0.23499329388141632;0.780340850353241;4.0150612790057494e-07
Data(x=[59, 1], edge_index=[2, 64], edge_attr=[64, 3], y=57.0, custom_label=0.6, min_label=0, max_label=95, instance_name='p10.txt');0.6000000238418579;0.23499329388141632;0.780340850353241;4.0150612790057494e-07
Data(x=[60, 1], edge_index=[2, 66], edge_attr=[66, 3], y=56.0, custom_label=0.58947366, min_label=0, max_label=95, instance_name='p10.txt');0.5894736647605896;0.23499329388141632;0.4504139721393585;4.0150612790057494e-07
Data(x=[60, 1], edge_index=[2, 66], edge_attr=[66, 3], y=55.0, custom_label=0.57894737, min_label=0, max_label=95, instance_name='p10.txt');0.5789473652839661;0.23499329388141632;0.4504139721393585;4.0150612790057494e-07
Data(x=[60, 1], edge_index=[2, 66], edge_attr=[66, 3], y=54.0, custom_label=0.56842107, min_label=0, max_label=95, instance_name='p10.txt');0.5684210658073425;0.23499329388141632;0.4504139721393585;4.0150612790057494e-07
Data(x=[60, 1], edge_index=[2, 66], edge_attr=[66, 3], y=53.0, custom_label=0.55789477, min_label=0, max_label=95, instance_name='p10.txt');0.557894766330719;0.23499329388141632;0.4504139721393585;4.0150612790057494e-07
Data(x=[60, 1], edge_index=[2, 66], edge_attr=[66, 3], y=52.0, custom_label=0.5473684, min_label=0, max_label=95, instance_name='p10.txt');0.5473684072494507;0.23499329388141632;0.4504139721393585;4.0150612790057494e-07
Data(x=[59, 1], edge_index=[2, 64], edge_attr=[64, 3], y=51.0, custom_label=0.5368421, min_label=0, max_label=95, instance_name='p10.txt');0.5368421077728271;0.23499329388141632;0.7803407907485962;4.0150612790057494e-07
Data(x=[59, 1], edge_index=[2, 64], edge_attr=[64, 3], y=50.0, custom_label=0.5263158, min_label=0, max_label=95, instance_name='p10.txt');0.5263158082962036;0.23499329388141632;0.7803407907485962;4.0150612790057494e-07
Data(x=[59, 1], edge_index=[2, 64], edge_attr=[64, 3], y=49.0, custom_label=0.51578945, min_label=0, max_label=95, instance_name='p10.txt');0.5157894492149353;0.23499329388141632;0.780340850353241;4.0150612790057494e-07
Data(x=[59, 1], edge_index=[2, 64], edge_attr=[64, 3], y=48.0, custom_label=0.50526315, min_label=0, max_label=95, instance_name='p10.txt');0.5052631497383118;0.23499329388141632;0.780340850353241;4.0150612790057494e-07
Data(x=[59, 1], edge_index=[2, 64], edge_attr=[64, 3], y=47.0, custom_label=0.49473685, min_label=0, max_label=95, instance_name='p10.txt');0.49473685026168823;0.23499329388141632;0.780340850353241;4.0150612790057494e-07
Data(x=[59, 1], edge_index=[2, 64], edge_attr=[64, 3], y=46.0, custom_label=0.48421052, min_label=0, max_label=95, instance_name='p10.txt');0.4842105209827423;0.23499329388141632;0.780340850353241;4.0150612790057494e-07
Data(x=[59, 1], edge_index=[2, 64], edge_attr=[64, 3], y=45.0, custom_label=0.47368422, min_label=0, max_label=95, instance_name='p10.txt');0.4736842215061188;0.23499329388141632;0.7803407907485962;4.0150612790057494e-07
Data(x=[60, 1], edge_index=[2, 66], edge_attr=[66, 3], y=44.0, custom_label=0.4631579, min_label=0, max_label=95, instance_name='p10.txt');0.46315789222717285;0.23499329388141632;0.4504139721393585;4.0150612790057494e-07
Data(x=[60, 1], edge_index=[2, 66], edge_attr=[66, 3], y=43.0, custom_label=0.4526316, min_label=0, max_label=95, instance_name='p10.txt');0.4526315927505493;0.23499329388141632;0.4504139721393585;4.0150612790057494e-07
Data(x=[60, 1], edge_index=[2, 66], edge_attr=[66, 3], y=42.0, custom_label=0.44210526, min_label=0, max_label=95, instance_name='p10.txt');0.4421052634716034;0.23499329388141632;0.4504139721393585;4.0150612790057494e-07
Data(x=[60, 1], edge_index=[2, 66], edge_attr=[66, 3], y=41.0, custom_label=0.43157893, min_label=0, max_label=95, instance_name='p10.txt');0.43157893419265747;0.23499329388141632;0.4504139721393585;4.0150612790057494e-07
Data(x=[60, 1], edge_index=[2, 66], edge_attr=[66, 3], y=40.0, custom_label=0.42105263, min_label=0, max_label=95, instance_name='p10.txt');0.42105263471603394;0.23499329388141632;0.4504139721393585;4.0150612790057494e-07
Data(x=[60, 1], edge_index=[2, 66], edge_attr=[66, 3], y=39.0, custom_label=0.4105263, min_label=0, max_label=95, instance_name='p10.txt');0.410526305437088;0.23499329388141632;0.4504139721393585;4.0150612790057494e-07
Data(x=[60, 1], edge_index=[2, 66], edge_attr=[66, 3], y=38.0, custom_label=0.4, min_label=0, max_label=95, instance_name='p10.txt');0.4000000059604645;0.23499329388141632;0.4504139721393585;4.0150612790057494e-07
Data(x=[60, 1], edge_index=[2, 66], edge_attr=[66, 3], y=37.0, custom_label=0.38947368, min_label=0, max_label=95, instance_name='p10.txt');0.38947367668151855;0.23499329388141632;0.4504139721393585;4.0150612790057494e-07
Data(x=[60, 1], edge_index=[2, 66], edge_attr=[66, 3], y=36.0, custom_label=0.37894738, min_label=0, max_label=95, instance_name='p10.txt');0.378947377204895;0.23499329388141632;0.4504139721393585;4.0150612790057494e-07
Data(x=[60, 1], edge_index=[2, 66], edge_attr=[66, 3], y=35.0, custom_label=0.36842105, min_label=0, max_label=95, instance_name='p10.txt');0.3684210479259491;0.23499329388141632;0.4504139721393585;4.0150612790057494e-07
Data(x=[60, 1], edge_index=[2, 66], edge_attr=[66, 3], y=34.0, custom_label=0.35789475, min_label=0, max_label=95, instance_name='p10.txt');0.35789474844932556;0.23499329388141632;0.4504139721393585;4.0150612790057494e-07
Data(x=[60, 1], edge_index=[2, 66], edge_attr=[66, 3], y=33.0, custom_label=0.34736842, min_label=0, max_label=95, instance_name='p10.txt');0.34736841917037964;0.23499329388141632;0.4504139721393585;4.0150612790057494e-07
Data(x=[60, 1], edge_index=[2, 66], edge_attr=[66, 3], y=32.0, custom_label=0.33684212, min_label=0, max_label=95, instance_name='p10.txt');0.3368421196937561;0.23499329388141632;0.4504139721393585;4.0150612790057494e-07
Data(x=[60, 1], edge_index=[2, 66], edge_attr=[66, 3], y=31.0, custom_label=0.3263158, min_label=0, max_label=95, instance_name='p10.txt');0.3263157904148102;0.23499329388141632;0.4504139721393585;4.0150612790057494e-07
Data(x=[60, 1], edge_index=[2, 66], edge_attr=[66, 3], y=30.0, custom_label=0.31578946, min_label=0, max_label=95, instance_name='p10.txt');0.31578946113586426;0.23499329388141632;0.4504139721393585;4.0150612790057494e-07
Data(x=[60, 1], edge_index=[2, 66], edge_attr=[66, 3], y=29.0, custom_label=0.30526316, min_label=0, max_label=95, instance_name='p10.txt');0.3052631616592407;0.23499329388141632;0.4504139721393585;4.0150612790057494e-07
Data(x=[61, 1], edge_index=[2, 68], edge_attr=[68, 3], y=28.0, custom_label=0.29473683, min_label=0, max_label=95, instance_name='p10.txt');0.2947368323802948;0.23499329388141632;0.2590544819831848;4.0150612790057494e-07
Data(x=[61, 1], edge_index=[2, 68], edge_attr=[68, 3], y=27.0, custom_label=0.28421053, min_label=0, max_label=95, instance_name='p10.txt');0.28421053290367126;0.23499329388141632;0.2590544819831848;4.0150612790057494e-07
Data(x=[61, 1], edge_index=[2, 68], edge_attr=[68, 3], y=26.0, custom_label=0.2736842, min_label=0, max_label=95, instance_name='p10.txt');0.27368420362472534;0.23499329388141632;0.2590544819831848;4.0150612790057494e-07
Data(x=[61, 1], edge_index=[2, 68], edge_attr=[68, 3], y=25.0, custom_label=0.2631579, min_label=0, max_label=95, instance_name='p10.txt');0.2631579041481018;0.23499329388141632;0.2590544819831848;4.0150612790057494e-07
Data(x=[61, 1], edge_index=[2, 68], edge_attr=[68, 3], y=24.0, custom_label=0.25263157, min_label=0, max_label=95, instance_name='p10.txt');0.2526315748691559;0.23499329388141632;0.2590544819831848;4.0150612790057494e-07
Data(x=[61, 1], edge_index=[2, 68], edge_attr=[68, 3], y=23.0, custom_label=0.24210526, min_label=0, max_label=95, instance_name='p10.txt');0.24210526049137115;0.23499329388141632;0.2590544819831848;4.0150612790057494e-07
Data(x=[61, 1], edge_index=[2, 68], edge_attr=[68, 3], y=22.0, custom_label=0.23157895, min_label=0, max_label=95, instance_name='p10.txt');0.23157894611358643;0.23499329388141632;0.2590544819831848;4.0150612790057494e-07
Data(x=[61, 1], edge_index=[2, 68], edge_attr=[68, 3], y=21.0, custom_label=0.22105263, min_label=0, max_label=95, instance_name='p10.txt');0.2210526317358017;0.23499329388141632;0.2590544819831848;4.0150612790057494e-07
Data(x=[61, 1], edge_index=[2, 68], edge_attr=[68, 3], y=20.0, custom_label=0.21052632, min_label=0, max_label=95, instance_name='p10.txt');0.21052631735801697;0.23499329388141632;0.2590544819831848;4.0150612790057494e-07
Data(x=[61, 1], edge_index=[2, 68], edge_attr=[68, 3], y=19.0, custom_label=0.2, min_label=0, max_label=95, instance_name='p10.txt');0.20000000298023224;0.23499329388141632;0.2590544819831848;4.0150612790057494e-07
Data(x=[61, 1], edge_index=[2, 68], edge_attr=[68, 3], y=18.0, custom_label=0.18947369, min_label=0, max_label=95, instance_name='p10.txt');0.1894736886024475;0.23499329388141632;0.2590544819831848;4.0150612790057494e-07
Data(x=[61, 1], edge_index=[2, 68], edge_attr=[68, 3], y=17.0, custom_label=0.17894737, min_label=0, max_label=95, instance_name='p10.txt');0.17894737422466278;0.23499329388141632;0.2590544819831848;4.0150612790057494e-07
Data(x=[61, 1], edge_index=[2, 68], edge_attr=[68, 3], y=16.0, custom_label=0.16842106, min_label=0, max_label=95, instance_name='p10.txt');0.16842105984687805;0.23499329388141632;0.2590544819831848;4.0150612790057494e-07
Data(x=[61, 1], edge_index=[2, 68], edge_attr=[68, 3], y=15.0, custom_label=0.15789473, min_label=0, max_label=95, instance_name='p10.txt');0.15789473056793213;0.23499329388141632;0.2590544819831848;4.0150612790057494e-07
Data(x=[61, 1], edge_index=[2, 68], edge_attr=[68, 3], y=14.0, custom_label=0.14736842, min_label=0, max_label=95, instance_name='p10.txt');0.1473684161901474;0.23499329388141632;0.2590544819831848;4.0150612790057494e-07
Data(x=[61, 1], edge_index=[2, 68], edge_attr=[68, 3], y=13.0, custom_label=0.1368421, min_label=0, max_label=95, instance_name='p10.txt');0.13684210181236267;0.23499329388141632;0.2590544819831848;4.0150612790057494e-07
Data(x=[62, 1], edge_index=[2, 70], edge_attr=[70, 3], y=12.0, custom_label=0.12631579, min_label=0, max_label=95, instance_name='p10.txt');0.12631578743457794;0.23499329388141632;0.10788681358098984;4.0150612790057494e-07
Data(x=[62, 1], edge_index=[2, 70], edge_attr=[70, 3], y=11.0, custom_label=0.11578947, min_label=0, max_label=95, instance_name='p10.txt');0.11578947305679321;0.23499329388141632;0.10788683593273163;4.0150612790057494e-07
Data(x=[62, 1], edge_index=[2, 70], edge_attr=[70, 3], y=10.0, custom_label=0.10526316, min_label=0, max_label=95, instance_name='p10.txt');0.10526315867900848;0.23499329388141632;0.10788681358098984;4.0150612790057494e-07
Data(x=[62, 1], edge_index=[2, 70], edge_attr=[70, 3], y=9.0, custom_label=0.094736844, min_label=0, max_label=95, instance_name='p10.txt');0.09473684430122375;0.23499329388141632;0.10788683593273163;4.0150612790057494e-07
Data(x=[62, 1], edge_index=[2, 70], edge_attr=[70, 3], y=8.0, custom_label=0.08421053, min_label=0, max_label=95, instance_name='p10.txt');0.08421052992343903;0.23499329388141632;0.10788681358098984;4.0150612790057494e-07
Data(x=[62, 1], edge_index=[2, 70], edge_attr=[70, 3], y=7.0, custom_label=0.07368421, min_label=0, max_label=95, instance_name='p10.txt');0.0736842080950737;0.23499329388141632;0.10788683593273163;4.0150612790057494e-07
Data(x=[62, 1], edge_index=[2, 70], edge_attr=[70, 3], y=6.0, custom_label=0.06315789, min_label=0, max_label=95, instance_name='p10.txt');0.06315789371728897;0.23499329388141632;0.10788683593273163;4.0150612790057494e-07
Data(x=[62, 1], edge_index=[2, 70], edge_attr=[70, 3], y=5.0, custom_label=0.05263158, min_label=0, max_label=95, instance_name='p10.txt');0.05263157933950424;0.23499329388141632;0.10788683593273163;4.0150612790057494e-07
Data(x=[62, 1], edge_index=[2, 70], edge_attr=[70, 3], y=4.0, custom_label=0.042105265, min_label=0, max_label=95, instance_name='p10.txt');0.04210526496171951;0.23499329388141632;0.10788681358098984;4.0150612790057494e-07
Data(x=[62, 1], edge_index=[2, 70], edge_attr=[70, 3], y=3.0, custom_label=0.031578947, min_label=0, max_label=95, instance_name='p10.txt');0.031578946858644485;0.23499329388141632;0.10788678377866745;4.0150612790057494e-07
Data(x=[62, 1], edge_index=[2, 70], edge_attr=[70, 3], y=2.0, custom_label=0.021052632, min_label=0, max_label=95, instance_name='p10.txt');0.021052632480859756;0.23499329388141632;0.10788678377866745;4.0150612790057494e-07
Data(x=[62, 1], edge_index=[2, 70], edge_attr=[70, 3], y=1.0, custom_label=0.010526316, min_label=0, max_label=95, instance_name='p10.txt');0.010526316240429878;0.23499329388141632;0.10788681358098984;4.0150612790057494e-07
Data(x=[63, 1], edge_index=[2, 72], edge_attr=[72, 3], y=0.0, custom_label=0.0, min_label=0, max_label=95, instance_name='p10.txt');0.0;0.23499329388141632;0.0005886679864488542;4.0150612790057494e-07
Data(x=[40, 1], edge_index=[2, 52], edge_attr=[52, 3], y=0.0, custom_label=0.0, min_label=0, max_label=95, instance_name='p10.txt');0.0;0.23499329388141632;1.2089454685337842e-05;0.0
Data(x=[43, 1], edge_index=[2, 54], edge_attr=[54, 3], y=0.0, custom_label=0.0, min_label=0, max_label=95, instance_name='p10.txt');0.0;0.23499329388141632;5.46075796137302e-07;0.0
Data(x=[42, 1], edge_index=[2, 54], edge_attr=[54, 3], y=0.0, custom_label=0.0, min_label=0, max_label=95, instance_name='p10.txt');0.0;0.23499329388141632;1.014674694488349e-06;4.0150612790057494e-07
Data(x=[37, 1], edge_index=[2, 48], edge_attr=[48, 3], y=0.0, custom_label=0.0, min_label=0, max_label=95, instance_name='p10.txt');0.0;0.23499329388141632;6.948121722416545e-07;4.0150612790057494e-07
Data(x=[77, 1], edge_index=[2, 88], edge_attr=[88, 3], y=2.0, custom_label=0.33333334, min_label=0, max_label=6, instance_name='p11.txt');0.3333333432674408;0.23499329388141632;0.10491117835044861;0.0
Data(x=[77, 1], edge_index=[2, 88], edge_attr=[88, 3], y=1.0, custom_label=0.16666667, min_label=0, max_label=6, instance_name='p11.txt');0.1666666716337204;0.23499329388141632;0.10491117835044861;0.0
Data(x=[78, 1], edge_index=[2, 90], edge_attr=[90, 3], y=0.0, custom_label=0.0, min_label=0, max_label=6, instance_name='p11.txt');0.0;0.23499329388141632;0.0009410930797457695;0.0
Data(x=[82, 1], edge_index=[2, 94], edge_attr=[94, 3], y=0.0, custom_label=0.0, min_label=0, max_label=6, instance_name='p11.txt');0.0;0.23499329388141632;0.000450850318884477;4.0150612790057494e-07
Data(x=[79, 1], edge_index=[2, 90], edge_attr=[90, 3], y=1.0, custom_label=0.16666667, min_label=0, max_label=6, instance_name='p11.txt');0.1666666716337204;0.23499329388141632;0.0563792809844017;4.0150612790057494e-07
Data(x=[79, 1], edge_index=[2, 90], edge_attr=[90, 3], y=0.0, custom_label=0.0, min_label=0, max_label=6, instance_name='p11.txt');0.0;0.23499329388141632;0.00014054335770197213;4.0150612790057494e-07
Data(x=[75, 1], edge_index=[2, 86], edge_attr=[86, 3], y=0.0, custom_label=0.0, min_label=0, max_label=6, instance_name='p11.txt');0.0;0.23499329388141632;9.7671989351511e-05;4.0150612790057494e-07
Data(x=[78, 1], edge_index=[2, 90], edge_attr=[90, 3], y=0.0, custom_label=0.0, min_label=0, max_label=6, instance_name='p11.txt');0.0;0.23499329388141632;0.0009410936618223786;4.0150612790057494e-07
Data(x=[78, 1], edge_index=[2, 90], edge_attr=[90, 3], y=0.0, custom_label=0.0, min_label=0, max_label=6, instance_name='p11.txt');0.0;0.23499329388141632;0.0009410926722921431;4.0150612790057494e-07
Data(x=[76, 1], edge_index=[2, 88], edge_attr=[88, 3], y=0.0, custom_label=0.0, min_label=0, max_label=6, instance_name='p11.txt');0.0;0.23499329388141632;0.000829914934001863;4.0150612790057494e-07
Data(x=[73, 1], edge_index=[2, 86], edge_attr=[86, 3], y=0.0, custom_label=0.0, min_label=0, max_label=6, instance_name='p11.txt');0.0;0.23499329388141632;0.00018792765331454575;4.0150612790057494e-07
Data(x=[86, 1], edge_index=[2, 98], edge_attr=[98, 3], y=0.0, custom_label=0.0, min_label=0, max_label=6, instance_name='p11.txt');0.0;0.23499329388141632;0.0005863888654857874;4.0150612790057494e-07
Data(x=[80, 1], edge_index=[2, 92], edge_attr=[92, 3], y=0.0, custom_label=0.0, min_label=0, max_label=6, instance_name='p11.txt');0.0;0.23499329388141632;0.00012788825551979244;0.0
Data(x=[71, 1], edge_index=[2, 84], edge_attr=[84, 3], y=0.0, custom_label=0.0, min_label=0, max_label=6, instance_name='p11.txt');0.0;0.23499329388141632;0.00015696050832048059;4.0150612790057494e-07
Data(x=[84, 1], edge_index=[2, 96], edge_attr=[96, 3], y=0.0, custom_label=0.0, min_label=0, max_label=6, instance_name='p11.txt');0.0;0.23499329388141632;0.000515730818733573;4.0150612790057494e-07
Data(x=[80, 1], edge_index=[2, 90], edge_attr=[90, 3], y=0.0, custom_label=0.0, min_label=0, max_label=6, instance_name='p11.txt');0.0;0.23499329388141632;0.0015065035549923778;4.0150612790057494e-07
Data(x=[93, 1], edge_index=[2, 102], edge_attr=[102, 3], y=6.0, custom_label=1.0, min_label=0, max_label=6, instance_name='p11.txt');1.0;0.23499329388141632;0.12367089837789536;4.0150612790057494e-07
Data(x=[93, 1], edge_index=[2, 102], edge_attr=[102, 3], y=5.0, custom_label=0.8333333, min_label=0, max_label=6, instance_name='p11.txt');0.8333333134651184;0.23499329388141632;0.12367089837789536;4.0150612790057494e-07
Data(x=[93, 1], edge_index=[2, 102], edge_attr=[102, 3], y=4.0, custom_label=0.6666667, min_label=0, max_label=6, instance_name='p11.txt');0.6666666865348816;0.23499329388141632;0.12367089837789536;4.0150612790057494e-07
Data(x=[93, 1], edge_index=[2, 102], edge_attr=[102, 3], y=3.0, custom_label=0.5, min_label=0, max_label=6, instance_name='p11.txt');0.5;0.23499329388141632;0.12367089837789536;4.0150612790057494e-07
Data(x=[93, 1], edge_index=[2, 102], edge_attr=[102, 3], y=2.0, custom_label=0.33333334, min_label=0, max_label=6, instance_name='p11.txt');0.3333333432674408;0.23499329388141632;0.12367089837789536;4.0150612790057494e-07
Data(x=[93, 1], edge_index=[2, 102], edge_attr=[102, 3], y=1.0, custom_label=0.16666667, min_label=0, max_label=6, instance_name='p11.txt');0.1666666716337204;0.23499329388141632;0.10063374787569046;4.0150612790057494e-07
Data(x=[94, 1], edge_index=[2, 104], edge_attr=[104, 3], y=0.0, custom_label=0.0, min_label=0, max_label=6, instance_name='p11.txt');0.0;0.23499329388141632;0.0011422198731452227;4.0150612790057494e-07
Data(x=[79, 1], edge_index=[2, 90], edge_attr=[90, 3], y=0.0, custom_label=0.0, min_label=0, max_label=6, instance_name='p11.txt');0.0;0.23499329388141632;0.0011931622866541147;4.0150612790057494e-07
Data(x=[75, 1], edge_index=[2, 88], edge_attr=[88, 3], y=0.0, custom_label=0.0, min_label=0, max_label=6, instance_name='p11.txt');0.0;0.23499329388141632;6.684095569653437e-05;0.0
Data(x=[78, 1], edge_index=[2, 90], edge_attr=[90, 3], y=0.0, custom_label=0.0, min_label=0, max_label=6, instance_name='p11.txt');0.0;0.23499329388141632;0.0002024094865191728;4.0150612790057494e-07
Data(x=[75, 1], edge_index=[2, 86], edge_attr=[86, 3], y=1.0, custom_label=0.16666667, min_label=0, max_label=6, instance_name='p11.txt');0.1666666716337204;0.23499329388141632;0.08179784566164017;4.0150612790057494e-07
Data(x=[76, 1], edge_index=[2, 88], edge_attr=[88, 3], y=0.0, custom_label=0.0, min_label=0, max_label=6, instance_name='p11.txt');0.0;0.23499329388141632;0.00029071824974380434;4.0150612790057494e-07
Data(x=[90, 1], edge_index=[2, 100], edge_attr=[100, 3], y=0.0, custom_label=0.0, min_label=0, max_label=6, instance_name='p11.txt');0.0;0.23499329388141632;0.0009213870507664979;4.0150612790057494e-07
Data(x=[79, 1], edge_index=[2, 90], edge_attr=[90, 3], y=0.0, custom_label=0.0, min_label=0, max_label=6, instance_name='p11.txt');0.0;0.23499329388141632;0.00043620943324640393;4.0150612790057494e-07
Data(x=[86, 1], edge_index=[2, 96], edge_attr=[96, 3], y=0.0, custom_label=0.0, min_label=0, max_label=6, instance_name='p11.txt');0.0;0.23499329388141632;0.002052483381703496;4.0150612790057494e-07
Data(x=[73, 1], edge_index=[2, 84], edge_attr=[84, 3], y=0.0, custom_label=0.0, min_label=0, max_label=6, instance_name='p11.txt');0.0;0.23499329388141632;0.00015903498569969088;4.0150612790057494e-07
Data(x=[84, 1], edge_index=[2, 96], edge_attr=[96, 3], y=0.0, custom_label=0.0, min_label=0, max_label=6, instance_name='p11.txt');0.0;0.23499329388141632;0.0005157305276952684;4.0150612790057494e-07
Data(x=[98, 1], edge_index=[2, 110], edge_attr=[110, 3], y=0.0, custom_label=0.0, min_label=0, max_label=6, instance_name='p11.txt');0.0;0.23499329388141632;0.0011450288584455848;4.0150612790057494e-07
Data(x=[82, 1], edge_index=[2, 94], edge_attr=[94, 3], y=0.0, custom_label=0.0, min_label=0, max_label=6, instance_name='p11.txt');0.0;0.23499329388141632;0.000450850318884477;0.0
Data(x=[68, 1], edge_index=[2, 78], edge_attr=[78, 3], y=0.0, custom_label=0.0, min_label=0, max_label=6, instance_name='p11.txt');0.0;0.23499329388141632;0.0007030891138128936;4.0150612790057494e-07
Data(x=[81, 1], edge_index=[2, 94], edge_attr=[94, 3], y=0.0, custom_label=0.0, min_label=0, max_label=6, instance_name='p11.txt');0.0;0.23499329388141632;0.0001166440561064519;4.0150612790057494e-07
Data(x=[95, 1], edge_index=[2, 106], edge_attr=[106, 3], y=0.0, custom_label=0.0, min_label=0, max_label=6, instance_name='p11.txt');0.0;0.23499329388141632;0.002618473954498768;4.0150612790057494e-07
Data(x=[84, 1], edge_index=[2, 96], edge_attr=[96, 3], y=0.0, custom_label=0.0, min_label=0, max_label=6, instance_name='p11.txt');0.0;0.23499329388141632;0.0005157305276952684;4.0150612790057494e-07
Data(x=[88, 1], edge_index=[2, 102], edge_attr=[102, 3], y=0.0, custom_label=0.0, min_label=0, max_label=6, instance_name='p11.txt');0.0;0.23499329388141632;0.00012318379594944417;4.0150612790057494e-07
Data(x=[81, 1], edge_index=[2, 92], edge_attr=[92, 3], y=0.0, custom_label=0.0, min_label=0, max_label=6, instance_name='p11.txt');0.0;0.23499329388141632;0.0005018650554120541;4.0150612790057494e-07
Data(x=[67, 1], edge_index=[2, 78], edge_attr=[78, 3], y=0.0, custom_label=0.0, min_label=0, max_label=6, instance_name='p11.txt');0.0;0.23499329388141632;0.00016094479360617697;4.0150612790057494e-07
Data(x=[82, 1], edge_index=[2, 96], edge_attr=[96, 3], y=0.0, custom_label=0.0, min_label=0, max_label=6, instance_name='p11.txt');0.0;0.23499329388141632;0.0003195967001374811;4.0150612790057494e-07
Data(x=[82, 1], edge_index=[2, 94], edge_attr=[94, 3], y=1.0, custom_label=0.16666667, min_label=0, max_label=6, instance_name='p11.txt');0.1666666716337204;0.23499329388141632;0.07970044761896133;4.0150612790057494e-07
Data(x=[83, 1], edge_index=[2, 96], edge_attr=[96, 3], y=0.0, custom_label=0.0, min_label=0, max_label=6, instance_name='p11.txt');0.0;0.23499329388141632;0.000406305945944041;4.0150612790057494e-07
Data(x=[72, 1], edge_index=[2, 82], edge_attr=[82, 3], y=0.0, custom_label=0.0, min_label=0, max_label=6, instance_name='p11.txt');0.0;0.23499329388141632;0.0009317899239249527;4.0150612790057494e-07
Data(x=[81, 1], edge_index=[2, 92], edge_attr=[92, 3], y=0.0, custom_label=0.0, min_label=0, max_label=6, instance_name='p11.txt');0.0;0.23499329388141632;0.0004418274329509586;4.0150612790057494e-07
Data(x=[85, 1], edge_index=[2, 98], edge_attr=[98, 3], y=0.0, custom_label=0.0, min_label=0, max_label=6, instance_name='p11.txt');0.0;0.23499329388141632;0.0004648972535505891;4.0150612790057494e-07
Data(x=[75, 1], edge_index=[2, 84], edge_attr=[84, 3], y=0.0, custom_label=0.0, min_label=0, max_label=6, instance_name='p11.txt');0.0;0.23499329388141632;0.0013594395713880658;4.0150612790057494e-07
Data(x=[70, 1], edge_index=[2, 82], edge_attr=[82, 3], y=0.0, custom_label=0.0, min_label=0, max_label=6, instance_name='p11.txt');0.0;0.23499329388141632;0.00017449240840505809;4.0150612790057494e-07
Data(x=[73, 1], edge_index=[2, 86], edge_attr=[86, 3], y=0.0, custom_label=0.0, min_label=0, max_label=6, instance_name='p11.txt');0.0;0.23499329388141632;0.0005618446157313883;4.0150612790057494e-07
Data(x=[88, 1], edge_index=[2, 100], edge_attr=[100, 3], y=0.0, custom_label=0.0, min_label=0, max_label=6, instance_name='p11.txt');0.0;0.23499329388141632;0.0006628408445976675;4.0150612790057494e-07
Data(x=[75, 1], edge_index=[2, 86], edge_attr=[86, 3], y=0.0, custom_label=0.0, min_label=0, max_label=6, instance_name='p11.txt');0.0;0.23499329388141632;0.0009366165031678975;4.0150612790057494e-07
Data(x=[80, 1], edge_index=[2, 90], edge_attr=[90, 3], y=0.0, custom_label=0.0, min_label=0, max_label=6, instance_name='p11.txt');0.0;0.23499329388141632;0.0015065035549923778;4.0150612790057494e-07
Data(x=[77, 1], edge_index=[2, 88], edge_attr=[88, 3], y=0.0, custom_label=0.0, min_label=0, max_label=6, instance_name='p11.txt');0.0;0.23499329388141632;0.00037663502735085785;4.0150612790057494e-07
Data(x=[79, 1], edge_index=[2, 92], edge_attr=[92, 3], y=0.0, custom_label=0.0, min_label=0, max_label=6, instance_name='p11.txt');0.0;0.23499329388141632;0.00030536437407135963;0.0
Data(x=[79, 1], edge_index=[2, 92], edge_attr=[92, 3], y=0.0, custom_label=0.0, min_label=0, max_label=6, instance_name='p11.txt');0.0;0.23499329388141632;0.00030536437407135963;4.0150612790057494e-07
Data(x=[67, 1], edge_index=[2, 78], edge_attr=[78, 3], y=0.0, custom_label=0.0, min_label=0, max_label=6, instance_name='p11.txt');0.0;0.23499329388141632;0.0005318527691997588;4.0150612790057494e-07
Data(x=[79, 1], edge_index=[2, 90], edge_attr=[90, 3], y=0.0, custom_label=0.0, min_label=0, max_label=6, instance_name='p11.txt');0.0;0.23499329388141632;0.0011931622866541147;4.0150612790057494e-07
Data(x=[82, 1], edge_index=[2, 92], edge_attr=[92, 3], y=1.0, custom_label=0.16666667, min_label=0, max_label=6, instance_name='p11.txt');0.1666666716337204;0.23499329388141632;0.09241589903831482;4.0150612790057494e-07
Data(x=[83, 1], edge_index=[2, 94], edge_attr=[94, 3], y=0.0, custom_label=0.0, min_label=0, max_label=6, instance_name='p11.txt');0.0;0.23499329388141632;0.0005736554739996791;4.0150612790057494e-07
Data(x=[69, 1], edge_index=[2, 82], edge_attr=[82, 3], y=0.0, custom_label=0.0, min_label=0, max_label=6, instance_name='p11.txt');0.0;0.23499329388141632;2.2798472855356522e-05;4.0150612790057494e-07
Data(x=[77, 1], edge_index=[2, 88], edge_attr=[88, 3], y=0.0, custom_label=0.0, min_label=0, max_label=6, instance_name='p11.txt');0.0;0.23499329388141632;0.00032919191289693117;4.0150612790057494e-07
Data(x=[67, 1], edge_index=[2, 80], edge_attr=[80, 3], y=0.0, custom_label=0.0, min_label=0, max_label=6, instance_name='p11.txt');0.0;0.23499329388141632;9.099890303332359e-05;0.0
Data(x=[70, 1], edge_index=[2, 82], edge_attr=[82, 3], y=0.0, custom_label=0.0, min_label=0, max_label=6, instance_name='p11.txt');0.0;0.23499329388141632;0.0005472680204547942;4.0150612790057494e-07
Data(x=[78, 1], edge_index=[2, 90], edge_attr=[90, 3], y=0.0, custom_label=0.0, min_label=0, max_label=6, instance_name='p11.txt');0.0;0.23499329388141632;7.300797005882487e-05;4.0150612790057494e-07
Data(x=[76, 1], edge_index=[2, 86], edge_attr=[86, 3], y=0.0, custom_label=0.0, min_label=0, max_label=6, instance_name='p11.txt');0.0;0.23499329388141632;0.0003673718310892582;4.0150612790057494e-07
Data(x=[79, 1], edge_index=[2, 90], edge_attr=[90, 3], y=0.0, custom_label=0.0, min_label=0, max_label=6, instance_name='p11.txt');0.0;0.23499329388141632;0.0011931622866541147;4.0150612790057494e-07
Data(x=[81, 1], edge_index=[2, 94], edge_attr=[94, 3], y=0.0, custom_label=0.0, min_label=0, max_label=6, instance_name='p11.txt');0.0;0.23499329388141632;8.064592111622915e-05;4.0150612790057494e-07
Data(x=[67, 1], edge_index=[2, 78], edge_attr=[78, 3], y=0.0, custom_label=0.0, min_label=0, max_label=6, instance_name='p11.txt');0.0;0.23499329388141632;0.00016094509919639677;0.0
Data(x=[79, 1], edge_index=[2, 92], edge_attr=[92, 3], y=0.0, custom_label=0.0, min_label=0, max_label=6, instance_name='p11.txt');0.0;0.23499329388141632;0.00030536437407135963;4.0150612790057494e-07
Data(x=[85, 1], edge_index=[2, 98], edge_attr=[98, 3], y=0.0, custom_label=0.0, min_label=0, max_label=6, instance_name='p11.txt');0.0;0.23499329388141632;0.0004648972535505891;4.0150612790057494e-07
Data(x=[83, 1], edge_index=[2, 94], edge_attr=[94, 3], y=0.0, custom_label=0.0, min_label=0, max_label=6, instance_name='p11.txt');0.0;0.23499329388141632;0.0005736554739996791;0.0
Data(x=[75, 1], edge_index=[2, 86], edge_attr=[86, 3], y=0.0, custom_label=0.0, min_label=0, max_label=6, instance_name='p11.txt');0.0;0.23499329388141632;0.00032356075826101005;4.0150612790057494e-07
Data(x=[72, 1], edge_index=[2, 84], edge_attr=[84, 3], y=0.0, custom_label=0.0, min_label=0, max_label=6, instance_name='p11.txt');0.0;0.23499329388141632;0.00020882533863186836;4.0150612790057494e-07
Data(x=[88, 1], edge_index=[2, 100], edge_attr=[100, 3], y=0.0, custom_label=0.0, min_label=0, max_label=6, instance_name='p11.txt');0.0;0.23499329388141632;0.00017139429110102355;4.0150612790057494e-07
Data(x=[90, 1], edge_index=[2, 102], edge_attr=[102, 3], y=0.0, custom_label=0.0, min_label=0, max_label=6, instance_name='p11.txt');0.0;0.23499329388141632;0.0004769332881551236;4.0150612790057494e-07
Data(x=[79, 1], edge_index=[2, 92], edge_attr=[92, 3], y=0.0, custom_label=0.0, min_label=0, max_label=6, instance_name='p11.txt');0.0;0.23499329388141632;0.00030536437407135963;4.0150612790057494e-07
Data(x=[85, 1], edge_index=[2, 98], edge_attr=[98, 3], y=0.0, custom_label=0.0, min_label=0, max_label=6, instance_name='p11.txt');0.0;0.23499329388141632;0.00011412456660764292;4.0150612790057494e-07
Data(x=[73, 1], edge_index=[2, 84], edge_attr=[84, 3], y=0.0, custom_label=0.0, min_label=0, max_label=6, instance_name='p11.txt');0.0;0.23499329388141632;0.000275659142062068;4.0150612790057494e-07
Data(x=[99, 1], edge_index=[2, 110], edge_attr=[110, 3], y=0.0, custom_label=0.0, min_label=0, max_label=6, instance_name='p11.txt');0.0;0.23499329388141632;0.0030773484613746405;4.0150612790057494e-07
Data(x=[60, 1], edge_index=[2, 70], edge_attr=[70, 3], y=0.0, custom_label=0.0, min_label=0, max_label=6, instance_name='p11.txt');0.0;0.23499329388141632;9.533615229884163e-05;4.0150612790057494e-07
Data(x=[82, 1], edge_index=[2, 94], edge_attr=[94, 3], y=0.0, custom_label=0.0, min_label=0, max_label=6, instance_name='p11.txt');0.0;0.23499329388141632;0.00045085008605383337;4.0150612790057494e-07
Data(x=[80, 1], edge_index=[2, 92], edge_attr=[92, 3], y=0.0, custom_label=0.0, min_label=0, max_label=6, instance_name='p11.txt');0.0;0.23499329388141632;0.00039174238918349147;4.0150612790057494e-07
Data(x=[82, 1], edge_index=[2, 94], edge_attr=[94, 3], y=0.0, custom_label=0.0, min_label=0, max_label=6, instance_name='p11.txt');0.0;0.23499329388141632;0.0011880187084898353;4.0150612790057494e-07
Data(x=[72, 1], edge_index=[2, 84], edge_attr=[84, 3], y=0.0, custom_label=0.0, min_label=0, max_label=6, instance_name='p11.txt');0.0;0.23499329388141632;3.9461661799577996e-05;4.0150612790057494e-07
Data(x=[69, 1], edge_index=[2, 80], edge_attr=[80, 3], y=0.0, custom_label=0.0, min_label=0, max_label=6, instance_name='p11.txt');0.0;0.23499329388141632;0.0006184023804962635;4.0150612790057494e-07
Data(x=[81, 1], edge_index=[2, 92], edge_attr=[92, 3], y=0.0, custom_label=0.0, min_label=0, max_label=6, instance_name='p11.txt');0.0;0.23499329388141632;0.00011499926040414721;4.0150612790057494e-07
Data(x=[65, 1], edge_index=[2, 76], edge_attr=[76, 3], y=0.0, custom_label=0.0, min_label=0, max_label=6, instance_name='p11.txt');0.0;0.23499329388141632;0.0004535967018455267;4.0150612790057494e-07
Data(x=[79, 1], edge_index=[2, 92], edge_attr=[92, 3], y=0.0, custom_label=0.0, min_label=0, max_label=6, instance_name='p11.txt');0.0;0.23499329388141632;4.724437530967407e-06;4.0150612790057494e-07
Data(x=[75, 1], edge_index=[2, 88], edge_attr=[88, 3], y=0.0, custom_label=0.0, min_label=0, max_label=6, instance_name='p11.txt');0.0;0.23499329388141632;0.0002228523517260328;4.0150612790057494e-07
Data(x=[71, 1], edge_index=[2, 84], edge_attr=[84, 3], y=0.0, custom_label=0.0, min_label=0, max_label=6, instance_name='p11.txt');0.0;0.23499329388141632;2.896781916206237e-05;4.0150612790057494e-07
Data(x=[78, 1], edge_index=[2, 88], edge_attr=[88, 3], y=0.0, custom_label=0.0, min_label=0, max_label=6, instance_name='p11.txt');0.0;0.23499329388141632;0.0013465066440403461;4.0150612790057494e-07
Data(x=[88, 1], edge_index=[2, 102], edge_attr=[102, 3], y=0.0, custom_label=0.0, min_label=0, max_label=6, instance_name='p11.txt');0.0;0.23499329388141632;0.00047837960300967097;4.0150612790057494e-07
Data(x=[93, 1], edge_index=[2, 106], edge_attr=[106, 3], y=0.0, custom_label=0.0, min_label=0, max_label=6, instance_name='p11.txt');0.0;0.23499329388141632;0.00018848394392989576;4.0150612790057494e-07
Data(x=[81, 1], edge_index=[2, 92], edge_attr=[92, 3], y=0.0, custom_label=0.0, min_label=0, max_label=6, instance_name='p11.txt');0.0;0.23499329388141632;0.0005018648225814104;4.0150612790057494e-07
Data(x=[66, 1], edge_index=[2, 78], edge_attr=[78, 3], y=0.0, custom_label=0.0, min_label=0, max_label=6, instance_name='p11.txt');0.0;0.23499329388141632;0.00011843180254800245;4.0150612790057494e-07
Data(x=[65, 1], edge_index=[2, 78], edge_attr=[78, 3], y=0.0, custom_label=0.0, min_label=0, max_label=6, instance_name='p11.txt');0.0;0.23499329388141632;1.3562181266024709e-05;0.0
Data(x=[83, 1], edge_index=[2, 94], edge_attr=[94, 3], y=0.0, custom_label=0.0, min_label=0, max_label=6, instance_name='p11.txt');0.0;0.23499329388141632;0.0014882513787597418;4.0150612790057494e-07
Data(x=[69, 1], edge_index=[2, 82], edge_attr=[82, 3], y=0.0, custom_label=0.0, min_label=0, max_label=6, instance_name='p11.txt');0.0;0.23499329388141632;0.00011140241986140609;4.0150612790057494e-07
Data(x=[73, 1], edge_index=[2, 78], edge_attr=[78, 3], y=106.0, custom_label=1.0, min_label=0, max_label=106, instance_name='p12.txt');1.0;0.23499329388141632;0.7512171864509583;4.0150612790057494e-07
Data(x=[73, 1], edge_index=[2, 78], edge_attr=[78, 3], y=105.0, custom_label=0.990566, min_label=0, max_label=106, instance_name='p12.txt');0.9905660152435303;0.23499329388141632;0.7512171864509583;4.0150612790057494e-07
Data(x=[73, 1], edge_index=[2, 78], edge_attr=[78, 3], y=104.0, custom_label=0.9811321, min_label=0, max_label=106, instance_name='p12.txt');0.9811320900917053;0.23499329388141632;0.7512171864509583;4.0150612790057494e-07
Data(x=[73, 1], edge_index=[2, 78], edge_attr=[78, 3], y=103.0, custom_label=0.9716981, min_label=0, max_label=106, instance_name='p12.txt');0.9716981053352356;0.23499329388141632;0.7512171864509583;4.0150612790057494e-07
Data(x=[74, 1], edge_index=[2, 80], edge_attr=[80, 3], y=102.0, custom_label=0.9622642, min_label=0, max_label=106, instance_name='p12.txt');0.9622641801834106;0.23499329388141632;0.3981725871562958;4.0150612790057494e-07
Data(x=[74, 1], edge_index=[2, 80], edge_attr=[80, 3], y=101.0, custom_label=0.9528302, min_label=0, max_label=106, instance_name='p12.txt');0.9528301954269409;0.23499329388141632;0.3981725871562958;4.0150612790057494e-07
Data(x=[74, 1], edge_index=[2, 80], edge_attr=[80, 3], y=100.0, custom_label=0.9433962, min_label=0, max_label=106, instance_name='p12.txt');0.9433962106704712;0.23499329388141632;0.3981725871562958;4.0150612790057494e-07
Data(x=[74, 1], edge_index=[2, 80], edge_attr=[80, 3], y=99.0, custom_label=0.9339623, min_label=0, max_label=106, instance_name='p12.txt');0.9339622855186462;0.23499329388141632;0.3981725871562958;4.0150612790057494e-07
Data(x=[74, 1], edge_index=[2, 80], edge_attr=[80, 3], y=98.0, custom_label=0.9245283, min_label=0, max_label=106, instance_name='p12.txt');0.9245283007621765;0.23499329388141632;0.3981725871562958;4.0150612790057494e-07
Data(x=[73, 1], edge_index=[2, 78], edge_attr=[78, 3], y=97.0, custom_label=0.9150943, min_label=0, max_label=106, instance_name='p12.txt');0.9150943160057068;0.23499329388141632;0.7512171864509583;4.0150612790057494e-07
Data(x=[73, 1], edge_index=[2, 78], edge_attr=[78, 3], y=96.0, custom_label=0.9056604, min_label=0, max_label=106, instance_name='p12.txt');0.9056603908538818;0.23499329388141632;0.7512171864509583;4.0150612790057494e-07
Data(x=[73, 1], edge_index=[2, 78], edge_attr=[78, 3], y=95.0, custom_label=0.8962264, min_label=0, max_label=106, instance_name='p12.txt');0.8962264060974121;0.23499329388141632;0.7512171864509583;4.0150612790057494e-07
Data(x=[73, 1], edge_index=[2, 78], edge_attr=[78, 3], y=94.0, custom_label=0.8867925, min_label=0, max_label=106, instance_name='p12.txt');0.8867924809455872;0.23499329388141632;0.7512171864509583;4.0150612790057494e-07
Data(x=[73, 1], edge_index=[2, 78], edge_attr=[78, 3], y=93.0, custom_label=0.8773585, min_label=0, max_label=106, instance_name='p12.txt');0.8773584961891174;0.23499329388141632;0.7512171864509583;4.0150612790057494e-07
Data(x=[73, 1], edge_index=[2, 78], edge_attr=[78, 3], y=92.0, custom_label=0.8679245, min_label=0, max_label=106, instance_name='p12.txt');0.8679245114326477;0.23499329388141632;0.7512171864509583;4.0150612790057494e-07
Data(x=[73, 1], edge_index=[2, 78], edge_attr=[78, 3], y=91.0, custom_label=0.8584906, min_label=0, max_label=106, instance_name='p12.txt');0.8584905862808228;0.23499329388141632;0.7512171864509583;4.0150612790057494e-07
Data(x=[73, 1], edge_index=[2, 78], edge_attr=[78, 3], y=90.0, custom_label=0.8490566, min_label=0, max_label=106, instance_name='p12.txt');0.849056601524353;0.23499329388141632;0.7512171864509583;4.0150612790057494e-07
Data(x=[73, 1], edge_index=[2, 78], edge_attr=[78, 3], y=89.0, custom_label=0.8396226, min_label=0, max_label=106, instance_name='p12.txt');0.8396226167678833;0.23499329388141632;0.7512171864509583;4.0150612790057494e-07
Data(x=[73, 1], edge_index=[2, 78], edge_attr=[78, 3], y=88.0, custom_label=0.8301887, min_label=0, max_label=106, instance_name='p12.txt');0.8301886916160583;0.23499329388141632;0.7512171864509583;4.0150612790057494e-07
Data(x=[73, 1], edge_index=[2, 78], edge_attr=[78, 3], y=87.0, custom_label=0.8207547, min_label=0, max_label=106, instance_name='p12.txt');0.8207547068595886;0.23499329388141632;0.7512171864509583;4.0150612790057494e-07
Data(x=[73, 1], edge_index=[2, 78], edge_attr=[78, 3], y=86.0, custom_label=0.8113208, min_label=0, max_label=106, instance_name='p12.txt');0.8113207817077637;0.23499329388141632;0.7512171864509583;4.0150612790057494e-07
Data(x=[73, 1], edge_index=[2, 78], edge_attr=[78, 3], y=85.0, custom_label=0.8018868, min_label=0, max_label=106, instance_name='p12.txt');0.801886796951294;0.23499329388141632;0.7512171864509583;4.0150612790057494e-07
Data(x=[73, 1], edge_index=[2, 78], edge_attr=[78, 3], y=84.0, custom_label=0.7924528, min_label=0, max_label=106, instance_name='p12.txt');0.7924528121948242;0.23499329388141632;0.7512171864509583;4.0150612790057494e-07
Data(x=[73, 1], edge_index=[2, 78], edge_attr=[78, 3], y=83.0, custom_label=0.7830189, min_label=0, max_label=106, instance_name='p12.txt');0.7830188870429993;0.23499329388141632;0.7512171864509583;4.0150612790057494e-07
Data(x=[73, 1], edge_index=[2, 78], edge_attr=[78, 3], y=82.0, custom_label=0.7735849, min_label=0, max_label=106, instance_name='p12.txt');0.7735849022865295;0.23499329388141632;0.7512171864509583;4.0150612790057494e-07
Data(x=[73, 1], edge_index=[2, 78], edge_attr=[78, 3], y=81.0, custom_label=0.7641509, min_label=0, max_label=106, instance_name='p12.txt');0.7641509175300598;0.23499329388141632;0.7512171864509583;4.0150612790057494e-07
Data(x=[73, 1], edge_index=[2, 78], edge_attr=[78, 3], y=80.0, custom_label=0.754717, min_label=0, max_label=106, instance_name='p12.txt');0.7547169923782349;0.23499329388141632;0.7512171864509583;4.0150612790057494e-07
Data(x=[73, 1], edge_index=[2, 78], edge_attr=[78, 3], y=79.0, custom_label=0.745283, min_label=0, max_label=106, instance_name='p12.txt');0.7452830076217651;0.23499329388141632;0.7512171864509583;4.0150612790057494e-07
Data(x=[73, 1], edge_index=[2, 78], edge_attr=[78, 3], y=78.0, custom_label=0.7358491, min_label=0, max_label=106, instance_name='p12.txt');0.7358490824699402;0.23499329388141632;0.7512171864509583;4.0150612790057494e-07
Data(x=[73, 1], edge_index=[2, 78], edge_attr=[78, 3], y=77.0, custom_label=0.7264151, min_label=0, max_label=106, instance_name='p12.txt');0.7264150977134705;0.23499329388141632;0.7512171864509583;4.0150612790057494e-07
Data(x=[73, 1], edge_index=[2, 78], edge_attr=[78, 3], y=76.0, custom_label=0.7169811, min_label=0, max_label=106, instance_name='p12.txt');0.7169811129570007;0.23499329388141632;0.7512171864509583;4.0150612790057494e-07
Data(x=[73, 1], edge_index=[2, 78], edge_attr=[78, 3], y=75.0, custom_label=0.7075472, min_label=0, max_label=106, instance_name='p12.txt');0.7075471878051758;0.23499329388141632;0.7512171864509583;4.0150612790057494e-07
Data(x=[74, 1], edge_index=[2, 80], edge_attr=[80, 3], y=74.0, custom_label=0.6981132, min_label=0, max_label=106, instance_name='p12.txt');0.698113203048706;0.23499329388141632;0.3981725871562958;4.0150612790057494e-07
Data(x=[74, 1], edge_index=[2, 80], edge_attr=[80, 3], y=73.0, custom_label=0.6886792, min_label=0, max_label=106, instance_name='p12.txt');0.6886792182922363;0.23499329388141632;0.3981725871562958;4.0150612790057494e-07
Data(x=[74, 1], edge_index=[2, 80], edge_attr=[80, 3], y=72.0, custom_label=0.6792453, min_label=0, max_label=106, instance_name='p12.txt');0.6792452931404114;0.23499329388141632;0.3981725871562958;4.0150612790057494e-07
Data(x=[74, 1], edge_index=[2, 80], edge_attr=[80, 3], y=71.0, custom_label=0.6698113, min_label=0, max_label=106, instance_name='p12.txt');0.6698113083839417;0.23499329388141632;0.3981725871562958;4.0150612790057494e-07
Data(x=[74, 1], edge_index=[2, 80], edge_attr=[80, 3], y=70.0, custom_label=0.6603774, min_label=0, max_label=106, instance_name='p12.txt');0.6603773832321167;0.23499329388141632;0.3981725871562958;4.0150612790057494e-07
Data(x=[74, 1], edge_index=[2, 80], edge_attr=[80, 3], y=69.0, custom_label=0.6509434, min_label=0, max_label=106, instance_name='p12.txt');0.650943398475647;0.23499329388141632;0.3981725871562958;4.0150612790057494e-07
Data(x=[74, 1], edge_index=[2, 80], edge_attr=[80, 3], y=68.0, custom_label=0.6415094, min_label=0, max_label=106, instance_name='p12.txt');0.6415094137191772;0.23499329388141632;0.3981725871562958;4.0150612790057494e-07
Data(x=[74, 1], edge_index=[2, 80], edge_attr=[80, 3], y=67.0, custom_label=0.6320755, min_label=0, max_label=106, instance_name='p12.txt');0.6320754885673523;0.23499329388141632;0.3981725871562958;4.0150612790057494e-07
Data(x=[74, 1], edge_index=[2, 80], edge_attr=[80, 3], y=66.0, custom_label=0.6226415, min_label=0, max_label=106, instance_name='p12.txt');0.6226415038108826;0.23499329388141632;0.3981725871562958;4.0150612790057494e-07
Data(x=[74, 1], edge_index=[2, 80], edge_attr=[80, 3], y=65.0, custom_label=0.6132075, min_label=0, max_label=106, instance_name='p12.txt');0.6132075190544128;0.23499329388141632;0.3981725871562958;4.0150612790057494e-07
Data(x=[74, 1], edge_index=[2, 80], edge_attr=[80, 3], y=64.0, custom_label=0.6037736, min_label=0, max_label=106, instance_name='p12.txt');0.6037735939025879;0.23499329388141632;0.3981725871562958;4.0150612790057494e-07
Data(x=[74, 1], edge_index=[2, 80], edge_attr=[80, 3], y=63.0, custom_label=0.5943396, min_label=0, max_label=106, instance_name='p12.txt');0.5943396091461182;0.23499329388141632;0.3981725871562958;4.0150612790057494e-07
Data(x=[74, 1], edge_index=[2, 80], edge_attr=[80, 3], y=62.0, custom_label=0.5849057, min_label=0, max_label=106, instance_name='p12.txt');0.5849056839942932;0.23499329388141632;0.3981725871562958;4.0150612790057494e-07
Data(x=[74, 1], edge_index=[2, 80], edge_attr=[80, 3], y=61.0, custom_label=0.5754717, min_label=0, max_label=106, instance_name='p12.txt');0.5754716992378235;0.23499329388141632;0.3981725871562958;4.0150612790057494e-07
Data(x=[75, 1], edge_index=[2, 82], edge_attr=[82, 3], y=60.0, custom_label=0.5660377, min_label=0, max_label=106, instance_name='p12.txt');0.5660377144813538;0.23499329388141632;0.2368800938129425;4.0150612790057494e-07
Data(x=[75, 1], edge_index=[2, 82], edge_attr=[82, 3], y=59.0, custom_label=0.5566038, min_label=0, max_label=106, instance_name='p12.txt');0.5566037893295288;0.23499329388141632;0.2368800938129425;4.0150612790057494e-07
Data(x=[75, 1], edge_index=[2, 82], edge_attr=[82, 3], y=58.0, custom_label=0.5471698, min_label=0, max_label=106, instance_name='p12.txt');0.5471698045730591;0.23499329388141632;0.2368800938129425;4.0150612790057494e-07
Data(x=[75, 1], edge_index=[2, 82], edge_attr=[82, 3], y=57.0, custom_label=0.5377358, min_label=0, max_label=106, instance_name='p12.txt');0.5377358198165894;0.23499329388141632;0.2368800938129425;4.0150612790057494e-07
Data(x=[75, 1], edge_index=[2, 82], edge_attr=[82, 3], y=56.0, custom_label=0.5283019, min_label=0, max_label=106, instance_name='p12.txt');0.5283018946647644;0.23499329388141632;0.2368800938129425;4.0150612790057494e-07
Data(x=[75, 1], edge_index=[2, 82], edge_attr=[82, 3], y=55.0, custom_label=0.5188679, min_label=0, max_label=106, instance_name='p12.txt');0.5188679099082947;0.23499329388141632;0.2368800938129425;4.0150612790057494e-07
Data(x=[75, 1], edge_index=[2, 82], edge_attr=[82, 3], y=54.0, custom_label=0.509434, min_label=0, max_label=106, instance_name='p12.txt');0.5094339847564697;0.23499329388141632;0.2368800938129425;4.0150612790057494e-07
Data(x=[75, 1], edge_index=[2, 82], edge_attr=[82, 3], y=53.0, custom_label=0.5, min_label=0, max_label=106, instance_name='p12.txt');0.5;0.23499329388141632;0.2368800938129425;4.0150612790057494e-07
Data(x=[75, 1], edge_index=[2, 82], edge_attr=[82, 3], y=52.0, custom_label=0.49056605, min_label=0, max_label=106, instance_name='p12.txt');0.49056604504585266;0.23499329388141632;0.2368800938129425;4.0150612790057494e-07
Data(x=[75, 1], edge_index=[2, 82], edge_attr=[82, 3], y=51.0, custom_label=0.4811321, min_label=0, max_label=106, instance_name='p12.txt');0.4811320900917053;0.23499329388141632;0.2368800938129425;4.0150612790057494e-07
Data(x=[75, 1], edge_index=[2, 82], edge_attr=[82, 3], y=50.0, custom_label=0.4716981, min_label=0, max_label=106, instance_name='p12.txt');0.4716981053352356;0.23499329388141632;0.2368800938129425;4.0150612790057494e-07
Data(x=[75, 1], edge_index=[2, 82], edge_attr=[82, 3], y=49.0, custom_label=0.46226415, min_label=0, max_label=106, instance_name='p12.txt');0.46226415038108826;0.23499329388141632;0.2368800938129425;4.0150612790057494e-07
Data(x=[75, 1], edge_index=[2, 82], edge_attr=[82, 3], y=48.0, custom_label=0.4528302, min_label=0, max_label=106, instance_name='p12.txt');0.4528301954269409;0.23499329388141632;0.2368800938129425;4.0150612790057494e-07
Data(x=[75, 1], edge_index=[2, 82], edge_attr=[82, 3], y=47.0, custom_label=0.44339624, min_label=0, max_label=106, instance_name='p12.txt');0.4433962404727936;0.23499329388141632;0.2368800938129425;4.0150612790057494e-07
Data(x=[75, 1], edge_index=[2, 82], edge_attr=[82, 3], y=46.0, custom_label=0.43396226, min_label=0, max_label=106, instance_name='p12.txt');0.43396225571632385;0.23499329388141632;0.2368800938129425;4.0150612790057494e-07
Data(x=[75, 1], edge_index=[2, 82], edge_attr=[82, 3], y=45.0, custom_label=0.4245283, min_label=0, max_label=106, instance_name='p12.txt');0.4245283007621765;0.23499329388141632;0.2368800938129425;4.0150612790057494e-07
Data(x=[75, 1], edge_index=[2, 82], edge_attr=[82, 3], y=44.0, custom_label=0.41509435, min_label=0, max_label=106, instance_name='p12.txt');0.4150943458080292;0.23499329388141632;0.2368800938129425;4.0150612790057494e-07
Data(x=[74, 1], edge_index=[2, 80], edge_attr=[80, 3], y=43.0, custom_label=0.4056604, min_label=0, max_label=106, instance_name='p12.txt');0.40566039085388184;0.23499329388141632;0.3981725871562958;4.0150612790057494e-07
Data(x=[74, 1], edge_index=[2, 80], edge_attr=[80, 3], y=42.0, custom_label=0.3962264, min_label=0, max_label=106, instance_name='p12.txt');0.3962264060974121;0.23499329388141632;0.3981725871562958;4.0150612790057494e-07
Data(x=[74, 1], edge_index=[2, 80], edge_attr=[80, 3], y=41.0, custom_label=0.38679245, min_label=0, max_label=106, instance_name='p12.txt');0.38679245114326477;0.23499329388141632;0.3981725871562958;4.0150612790057494e-07
Data(x=[74, 1], edge_index=[2, 80], edge_attr=[80, 3], y=40.0, custom_label=0.3773585, min_label=0, max_label=106, instance_name='p12.txt');0.37735849618911743;0.23499329388141632;0.3981725871562958;4.0150612790057494e-07
Data(x=[74, 1], edge_index=[2, 80], edge_attr=[80, 3], y=39.0, custom_label=0.36792454, min_label=0, max_label=106, instance_name='p12.txt');0.3679245412349701;0.23499329388141632;0.3981725871562958;4.0150612790057494e-07
Data(x=[74, 1], edge_index=[2, 80], edge_attr=[80, 3], y=38.0, custom_label=0.35849056, min_label=0, max_label=106, instance_name='p12.txt');0.35849055647850037;0.23499329388141632;0.3981725871562958;4.0150612790057494e-07
Data(x=[74, 1], edge_index=[2, 80], edge_attr=[80, 3], y=37.0, custom_label=0.3490566, min_label=0, max_label=106, instance_name='p12.txt');0.349056601524353;0.23499329388141632;0.3981725871562958;4.0150612790057494e-07
Data(x=[74, 1], edge_index=[2, 80], edge_attr=[80, 3], y=36.0, custom_label=0.33962265, min_label=0, max_label=106, instance_name='p12.txt');0.3396226465702057;0.23499329388141632;0.3981725871562958;4.0150612790057494e-07
Data(x=[74, 1], edge_index=[2, 80], edge_attr=[80, 3], y=35.0, custom_label=0.3301887, min_label=0, max_label=106, instance_name='p12.txt');0.33018869161605835;0.23499329388141632;0.3981725871562958;4.0150612790057494e-07
Data(x=[74, 1], edge_index=[2, 80], edge_attr=[80, 3], y=34.0, custom_label=0.3207547, min_label=0, max_label=106, instance_name='p12.txt');0.3207547068595886;0.23499329388141632;0.3981725871562958;4.0150612790057494e-07
Data(x=[74, 1], edge_index=[2, 80], edge_attr=[80, 3], y=33.0, custom_label=0.31132075, min_label=0, max_label=106, instance_name='p12.txt');0.3113207519054413;0.23499329388141632;0.3981725871562958;4.0150612790057494e-07
Data(x=[74, 1], edge_index=[2, 80], edge_attr=[80, 3], y=32.0, custom_label=0.3018868, min_label=0, max_label=106, instance_name='p12.txt');0.30188679695129395;0.23499329388141632;0.3981725871562958;4.0150612790057494e-07
Data(x=[74, 1], edge_index=[2, 80], edge_attr=[80, 3], y=31.0, custom_label=0.29245284, min_label=0, max_label=106, instance_name='p12.txt');0.2924528419971466;0.23499329388141632;0.3981725871562958;4.0150612790057494e-07
Data(x=[74, 1], edge_index=[2, 80], edge_attr=[80, 3], y=30.0, custom_label=0.28301886, min_label=0, max_label=106, instance_name='p12.txt');0.2830188572406769;0.23499329388141632;0.3981725871562958;4.0150612790057494e-07
Data(x=[74, 1], edge_index=[2, 80], edge_attr=[80, 3], y=29.0, custom_label=0.2735849, min_label=0, max_label=106, instance_name='p12.txt');0.27358490228652954;0.23499329388141632;0.3981725871562958;4.0150612790057494e-07
Data(x=[75, 1], edge_index=[2, 82], edge_attr=[82, 3], y=28.0, custom_label=0.26415095, min_label=0, max_label=106, instance_name='p12.txt');0.2641509473323822;0.23499329388141632;0.2368800938129425;4.0150612790057494e-07
Data(x=[75, 1], edge_index=[2, 82], edge_attr=[82, 3], y=27.0, custom_label=0.254717, min_label=0, max_label=106, instance_name='p12.txt');0.25471699237823486;0.23499329388141632;0.2368800938129425;4.0150612790057494e-07
Data(x=[75, 1], edge_index=[2, 82], edge_attr=[82, 3], y=26.0, custom_label=0.24528302, min_label=0, max_label=106, instance_name='p12.txt');0.24528302252292633;0.23499329388141632;0.2368800938129425;4.0150612790057494e-07
Data(x=[75, 1], edge_index=[2, 82], edge_attr=[82, 3], y=25.0, custom_label=0.23584905, min_label=0, max_label=106, instance_name='p12.txt');0.2358490526676178;0.23499329388141632;0.2368800938129425;4.0150612790057494e-07
Data(x=[75, 1], edge_index=[2, 82], edge_attr=[82, 3], y=24.0, custom_label=0.2264151, min_label=0, max_label=106, instance_name='p12.txt');0.22641509771347046;0.23499329388141632;0.2368800938129425;4.0150612790057494e-07
Data(x=[75, 1], edge_index=[2, 82], edge_attr=[82, 3], y=23.0, custom_label=0.21698113, min_label=0, max_label=106, instance_name='p12.txt');0.21698112785816193;0.23499329388141632;0.2368800938129425;4.0150612790057494e-07
Data(x=[75, 1], edge_index=[2, 82], edge_attr=[82, 3], y=22.0, custom_label=0.20754717, min_label=0, max_label=106, instance_name='p12.txt');0.2075471729040146;0.23499329388141632;0.2368800938129425;4.0150612790057494e-07
Data(x=[75, 1], edge_index=[2, 82], edge_attr=[82, 3], y=21.0, custom_label=0.1981132, min_label=0, max_label=106, instance_name='p12.txt');0.19811320304870605;0.23499329388141632;0.2368800938129425;4.0150612790057494e-07
Data(x=[75, 1], edge_index=[2, 82], edge_attr=[82, 3], y=20.0, custom_label=0.18867925, min_label=0, max_label=106, instance_name='p12.txt');0.18867924809455872;0.23499329388141632;0.2368800938129425;4.0150612790057494e-07
Data(x=[75, 1], edge_index=[2, 82], edge_attr=[82, 3], y=19.0, custom_label=0.17924528, min_label=0, max_label=106, instance_name='p12.txt');0.17924527823925018;0.23499329388141632;0.2368800938129425;4.0150612790057494e-07
Data(x=[75, 1], edge_index=[2, 82], edge_attr=[82, 3], y=18.0, custom_label=0.16981132, min_label=0, max_label=106, instance_name='p12.txt');0.16981132328510284;0.23499329388141632;0.2368800938129425;4.0150612790057494e-07
Data(x=[75, 1], edge_index=[2, 82], edge_attr=[82, 3], y=17.0, custom_label=0.16037735, min_label=0, max_label=106, instance_name='p12.txt');0.1603773534297943;0.23499329388141632;0.2368800938129425;4.0150612790057494e-07
Data(x=[75, 1], edge_index=[2, 82], edge_attr=[82, 3], y=16.0, custom_label=0.1509434, min_label=0, max_label=106, instance_name='p12.txt');0.15094339847564697;0.23499329388141632;0.2368800938129425;4.0150612790057494e-07
Data(x=[75, 1], edge_index=[2, 82], edge_attr=[82, 3], y=15.0, custom_label=0.14150943, min_label=0, max_label=106, instance_name='p12.txt');0.14150942862033844;0.23499329388141632;0.2368800938129425;4.0150612790057494e-07
Data(x=[75, 1], edge_index=[2, 82], edge_attr=[82, 3], y=14.0, custom_label=0.13207547, min_label=0, max_label=106, instance_name='p12.txt');0.1320754736661911;0.23499329388141632;0.2368800938129425;4.0150612790057494e-07
Data(x=[75, 1], edge_index=[2, 82], edge_attr=[82, 3], y=13.0, custom_label=0.12264151, min_label=0, max_label=106, instance_name='p12.txt');0.12264151126146317;0.23499329388141632;0.2368800938129425;4.0150612790057494e-07
Data(x=[75, 1], edge_index=[2, 82], edge_attr=[82, 3], y=12.0, custom_label=0.11320755, min_label=0, max_label=106, instance_name='p12.txt');0.11320754885673523;0.23499329388141632;0.2368800938129425;4.0150612790057494e-07
Data(x=[75, 1], edge_index=[2, 82], edge_attr=[82, 3], y=11.0, custom_label=0.10377359, min_label=0, max_label=106, instance_name='p12.txt');0.1037735864520073;0.23499329388141632;0.2368800938129425;4.0150612790057494e-07
Data(x=[76, 1], edge_index=[2, 84], edge_attr=[84, 3], y=10.0, custom_label=0.094339624, min_label=0, max_label=106, instance_name='p12.txt');0.09433962404727936;0.23499329388141632;0.11619793623685837;4.0150612790057494e-07
Data(x=[76, 1], edge_index=[2, 84], edge_attr=[84, 3], y=9.0, custom_label=0.08490566, min_label=0, max_label=106, instance_name='p12.txt');0.08490566164255142;0.23499329388141632;0.11619793623685837;4.0150612790057494e-07
Data(x=[76, 1], edge_index=[2, 84], edge_attr=[84, 3], y=8.0, custom_label=0.0754717, min_label=0, max_label=106, instance_name='p12.txt');0.07547169923782349;0.23499329388141632;0.11619793623685837;4.0150612790057494e-07
Data(x=[76, 1], edge_index=[2, 84], edge_attr=[84, 3], y=7.0, custom_label=0.06603774, min_label=0, max_label=106, instance_name='p12.txt');0.06603773683309555;0.23499329388141632;0.11619793623685837;4.0150612790057494e-07
Data(x=[76, 1], edge_index=[2, 84], edge_attr=[84, 3], y=6.0, custom_label=0.056603774, min_label=0, max_label=106, instance_name='p12.txt');0.056603774428367615;0.23499329388141632;0.11619793623685837;4.0150612790057494e-07
Data(x=[76, 1], edge_index=[2, 84], edge_attr=[84, 3], y=5.0, custom_label=0.047169812, min_label=0, max_label=106, instance_name='p12.txt');0.04716981202363968;0.23499329388141632;0.11619793623685837;4.0150612790057494e-07
Data(x=[76, 1], edge_index=[2, 84], edge_attr=[84, 3], y=4.0, custom_label=0.03773585, min_label=0, max_label=106, instance_name='p12.txt');0.03773584961891174;0.23499329388141632;0.11619793623685837;4.0150612790057494e-07
Data(x=[76, 1], edge_index=[2, 84], edge_attr=[84, 3], y=3.0, custom_label=0.028301887, min_label=0, max_label=106, instance_name='p12.txt');0.028301887214183807;0.23499329388141632;0.11619793623685837;4.0150612790057494e-07
Data(x=[76, 1], edge_index=[2, 84], edge_attr=[84, 3], y=2.0, custom_label=0.018867925, min_label=0, max_label=106, instance_name='p12.txt');0.01886792480945587;0.23499329388141632;0.11619793623685837;4.0150612790057494e-07
Data(x=[76, 1], edge_index=[2, 84], edge_attr=[84, 3], y=1.0, custom_label=0.009433962, min_label=0, max_label=106, instance_name='p12.txt');0.009433962404727936;0.23499329388141632;0.11619793623685837;4.0150612790057494e-07
Data(x=[77, 1], edge_index=[2, 86], edge_attr=[86, 3], y=0.0, custom_label=0.0, min_label=0, max_label=106, instance_name='p12.txt');0.0;0.23499329388141632;0.0015264294343069196;4.0150612790057494e-07
Data(x=[36, 1], edge_index=[2, 48], edge_attr=[48, 3], y=3.0, custom_label=0.1764706, min_label=0, max_label=17, instance_name='p13.txt');0.1764705926179886;0.23499329388141632;4.3528743844944984e-05;4.0150612790057494e-07
Data(x=[35, 1], edge_index=[2, 46], edge_attr=[46, 3], y=2.0, custom_label=0.11764706, min_label=0, max_label=17, instance_name='p13.txt');0.11764705926179886;0.23499329388141632;0.012472567148506641;4.0150612790057494e-07
Data(x=[35, 1], edge_index=[2, 46], edge_attr=[46, 3], y=1.0, custom_label=0.05882353, min_label=0, max_label=17, instance_name='p13.txt');0.05882352963089943;0.23499329388141632;0.0012054007966071367;4.0150612790057494e-07
Data(x=[35, 1], edge_index=[2, 46], edge_attr=[46, 3], y=0.0, custom_label=0.0, min_label=0, max_label=17, instance_name='p13.txt');0.0;0.23499329388141632;3.559169670097617e-07;4.0150612790057494e-07
Data(x=[50, 1], edge_index=[2, 62], edge_attr=[62, 3], y=0.0, custom_label=0.0, min_label=0, max_label=17, instance_name='p13.txt');0.0;0.23499329388141632;1.3986880730953999e-05;0.0
Data(x=[43, 1], edge_index=[2, 56], edge_attr=[56, 3], y=0.0, custom_label=0.0, min_label=0, max_label=17, instance_name='p13.txt');0.0;0.23499329388141632;2.4744979327806504e-06;0.0
Data(x=[47, 1], edge_index=[2, 60], edge_attr=[60, 3], y=0.0, custom_label=0.0, min_label=0, max_label=17, instance_name='p13.txt');0.0;0.23499329388141632;6.01488136453554e-06;4.0150612790057494e-07
Data(x=[41, 1], edge_index=[2, 52], edge_attr=[52, 3], y=12.0, custom_label=0.7058824, min_label=0, max_label=17, instance_name='p13.txt');0.7058823704719543;0.23499329388141632;0.20357473194599152;0.0
Data(x=[41, 1], edge_index=[2, 52], edge_attr=[52, 3], y=11.0, custom_label=0.64705884, min_label=0, max_label=17, instance_name='p13.txt');0.6470588445663452;0.23499329388141632;0.20357473194599152;0.0
Data(x=[41, 1], edge_index=[2, 52], edge_attr=[52, 3], y=10.0, custom_label=0.5882353, min_label=0, max_label=17, instance_name='p13.txt');0.5882353186607361;0.23499329388141632;0.1897123008966446;4.0150612790057494e-07
Data(x=[41, 1], edge_index=[2, 52], edge_attr=[52, 3], y=9.0, custom_label=0.5294118, min_label=0, max_label=17, instance_name='p13.txt');0.529411792755127;0.23499329388141632;0.20357473194599152;0.0
Data(x=[42, 1], edge_index=[2, 54], edge_attr=[54, 3], y=8.0, custom_label=0.47058824, min_label=0, max_label=17, instance_name='p13.txt');0.47058823704719543;0.23499329388141632;0.0023147230967879295;0.0
Data(x=[40, 1], edge_index=[2, 50], edge_attr=[50, 3], y=7.0, custom_label=0.4117647, min_label=0, max_label=17, instance_name='p13.txt');0.4117647111415863;0.23499329388141632;0.24003003537654877;4.0150612790057494e-07
Data(x=[40, 1], edge_index=[2, 50], edge_attr=[50, 3], y=6.0, custom_label=0.3529412, min_label=0, max_label=17, instance_name='p13.txt');0.3529411852359772;0.23499329388141632;0.24003006517887115;4.0150612790057494e-07
Data(x=[40, 1], edge_index=[2, 50], edge_attr=[50, 3], y=5.0, custom_label=0.29411766, min_label=0, max_label=17, instance_name='p13.txt');0.29411765933036804;0.23499329388141632;0.24003003537654877;4.0150612790057494e-07
Data(x=[41, 1], edge_index=[2, 52], edge_attr=[52, 3], y=4.0, custom_label=0.23529412, min_label=0, max_label=17, instance_name='p13.txt');0.23529411852359772;0.23499329388141632;0.002240268047899008;4.0150612790057494e-07
Data(x=[41, 1], edge_index=[2, 52], edge_attr=[52, 3], y=3.0, custom_label=0.1764706, min_label=0, max_label=17, instance_name='p13.txt');0.1764705926179886;0.23499329388141632;0.003385307500138879;4.0150612790057494e-07
Data(x=[41, 1], edge_index=[2, 52], edge_attr=[52, 3], y=2.0, custom_label=0.11764706, min_label=0, max_label=17, instance_name='p13.txt');0.11764705926179886;0.23499329388141632;0.0022402689792215824;4.0150612790057494e-07
Data(x=[41, 1], edge_index=[2, 52], edge_attr=[52, 3], y=1.0, custom_label=0.05882353, min_label=0, max_label=17, instance_name='p13.txt');0.05882352963089943;0.23499329388141632;0.002240268047899008;4.0150612790057494e-07
Data(x=[41, 1], edge_index=[2, 52], edge_attr=[52, 3], y=0.0, custom_label=0.0, min_label=0, max_label=17, instance_name='p13.txt');0.0;0.23499329388141632;2.1770790681330254e-06;4.0150612790057494e-07
Data(x=[38, 1], edge_index=[2, 50], edge_attr=[50, 3], y=0.0, custom_label=0.0, min_label=0, max_label=17, instance_name='p13.txt');0.0;0.23499329388141632;6.659187761215435e-07;0.0
Data(x=[35, 1], edge_index=[2, 46], edge_attr=[46, 3], y=0.0, custom_label=0.0, min_label=0, max_label=17, instance_name='p13.txt');0.0;0.23499329388141632;3.559173364919843e-07;0.0
Data(x=[49, 1], edge_index=[2, 60], edge_attr=[60, 3], y=1.0, custom_label=0.05882353, min_label=0, max_label=17, instance_name='p13.txt');0.05882352963089943;0.23499329388141632;0.031687185168266296;4.0150612790057494e-07
Data(x=[49, 1], edge_index=[2, 60], edge_attr=[60, 3], y=0.0, custom_label=0.0, min_label=0, max_label=17, instance_name='p13.txt');0.0;0.23499329388141632;1.917491545100347e-06;4.0150612790057494e-07
Data(x=[45, 1], edge_index=[2, 58], edge_attr=[58, 3], y=0.0, custom_label=0.0, min_label=0, max_label=17, instance_name='p13.txt');0.0;0.23499329388141632;1.8003513346798172e-08;0.0
Data(x=[46, 1], edge_index=[2, 58], edge_attr=[58, 3], y=4.0, custom_label=0.23529412, min_label=0, max_label=17, instance_name='p13.txt');0.23529411852359772;0.23499329388141632;0.029303710907697678;4.0150612790057494e-07
Data(x=[45, 1], edge_index=[2, 56], edge_attr=[56, 3], y=3.0, custom_label=0.1764706, min_label=0, max_label=17, instance_name='p13.txt');0.1764705926179886;0.23499329388141632;0.06596579402685165;4.0150612790057494e-07
Data(x=[45, 1], edge_index=[2, 56], edge_attr=[56, 3], y=2.0, custom_label=0.11764706, min_label=0, max_label=17, instance_name='p13.txt');0.11764705926179886;0.23499329388141632;0.05911918357014656;4.0150612790057494e-07
Data(x=[45, 1], edge_index=[2, 56], edge_attr=[56, 3], y=1.0, custom_label=0.05882353, min_label=0, max_label=17, instance_name='p13.txt');0.05882352963089943;0.23499329388141632;0.06596579402685165;4.0150612790057494e-07
Data(x=[46, 1], edge_index=[2, 58], edge_attr=[58, 3], y=0.0, custom_label=0.0, min_label=0, max_label=17, instance_name='p13.txt');0.0;0.23499329388141632;6.5321278270857874e-06;4.0150612790057494e-07
Data(x=[52, 1], edge_index=[2, 64], edge_attr=[64, 3], y=8.0, custom_label=0.47058824, min_label=0, max_label=17, instance_name='p13.txt');0.47058823704719543;0.23499329388141632;0.018612097948789597;0.0
Data(x=[52, 1], edge_index=[2, 64], edge_attr=[64, 3], y=7.0, custom_label=0.4117647, min_label=0, max_label=17, instance_name='p13.txt');0.4117647111415863;0.23499329388141632;0.018612097948789597;0.0
Data(x=[52, 1], edge_index=[2, 64], edge_attr=[64, 3], y=6.0, custom_label=0.3529412, min_label=0, max_label=17, instance_name='p13.txt');0.3529411852359772;0.23499329388141632;0.01861211098730564;0.0
Data(x=[52, 1], edge_index=[2, 64], edge_attr=[64, 3], y=5.0, custom_label=0.29411766, min_label=0, max_label=17, instance_name='p13.txt');0.29411765933036804;0.23499329388141632;0.018612107262015343;0.0
Data(x=[52, 1], edge_index=[2, 64], edge_attr=[64, 3], y=4.0, custom_label=0.23529412, min_label=0, max_label=17, instance_name='p13.txt');0.23529411852359772;0.23499329388141632;0.01861211471259594;0.0
Data(x=[52, 1], edge_index=[2, 64], edge_attr=[64, 3], y=3.0, custom_label=0.1764706, min_label=0, max_label=17, instance_name='p13.txt');0.1764705926179886;0.23499329388141632;0.015599449165165424;0.0
Data(x=[52, 1], edge_index=[2, 64], edge_attr=[64, 3], y=2.0, custom_label=0.11764706, min_label=0, max_label=17, instance_name='p13.txt');0.11764705926179886;0.23499329388141632;0.018612097948789597;0.0
Data(x=[52, 1], edge_index=[2, 64], edge_attr=[64, 3], y=1.0, custom_label=0.05882353, min_label=0, max_label=17, instance_name='p13.txt');0.05882352963089943;0.23499329388141632;0.018612101674079895;0.0
Data(x=[52, 1], edge_index=[2, 64], edge_attr=[64, 3], y=0.0, custom_label=0.0, min_label=0, max_label=17, instance_name='p13.txt');0.0;0.23499329388141632;9.072216926142573e-06;0.0
Data(x=[42, 1], edge_index=[2, 52], edge_attr=[52, 3], y=0.0, custom_label=0.0, min_label=0, max_label=17, instance_name='p13.txt');0.0;0.23499329388141632;3.4543347283033654e-05;4.0150612790057494e-07
Data(x=[42, 1], edge_index=[2, 52], edge_attr=[52, 3], y=0.0, custom_label=0.0, min_label=0, max_label=17, instance_name='p13.txt');0.0;0.23499329388141632;3.854451279039495e-06;4.0150612790057494e-07
Data(x=[41, 1], edge_index=[2, 52], edge_attr=[52, 3], y=0.0, custom_label=0.0, min_label=0, max_label=17, instance_name='p13.txt');0.0;0.23499329388141632;2.1770790681330254e-06;0.0
Data(x=[44, 1], edge_index=[2, 56], edge_attr=[56, 3], y=0.0, custom_label=0.0, min_label=0, max_label=17, instance_name='p13.txt');0.0;0.23499329388141632;2.7065095764555736e-07;0.0
Data(x=[45, 1], edge_index=[2, 58], edge_attr=[58, 3], y=0.0, custom_label=0.0, min_label=0, max_label=17, instance_name='p13.txt');0.0;0.23499329388141632;3.0802773380855797e-06;4.0150612790057494e-07
Data(x=[31, 1], edge_index=[2, 42], edge_attr=[42, 3], y=0.0, custom_label=0.0, min_label=0, max_label=17, instance_name='p13.txt');0.0;0.23499329388141632;2.0301622605245484e-09;0.0
Data(x=[43, 1], edge_index=[2, 54], edge_attr=[54, 3], y=0.0, custom_label=0.0, min_label=0, max_label=17, instance_name='p13.txt');0.0;0.23499329388141632;4.597872703016037e-06;0.0
Data(x=[43, 1], edge_index=[2, 54], edge_attr=[54, 3], y=2.0, custom_label=0.11764706, min_label=0, max_label=17, instance_name='p13.txt');0.11764705926179886;0.23499329388141632;0.003374183550477028;0.0
Data(x=[42, 1], edge_index=[2, 52], edge_attr=[52, 3], y=1.0, custom_label=0.05882353, min_label=0, max_label=17, instance_name='p13.txt');0.05882352963089943;0.23499329388141632;0.07005806267261505;0.0
Data(x=[43, 1], edge_index=[2, 54], edge_attr=[54, 3], y=0.0, custom_label=0.0, min_label=0, max_label=17, instance_name='p13.txt');0.0;0.23499329388141632;4.597872703016037e-06;0.0
Data(x=[41, 1], edge_index=[2, 52], edge_attr=[52, 3], y=0.0, custom_label=0.0, min_label=0, max_label=17, instance_name='p13.txt');0.0;0.23499329388141632;2.848307985914289e-06;0.0
Data(x=[42, 1], edge_index=[2, 54], edge_attr=[54, 3], y=0.0, custom_label=0.0, min_label=0, max_label=17, instance_name='p13.txt');0.0;0.23499329388141632;1.836349292716477e-05;0.0
Data(x=[41, 1], edge_index=[2, 52], edge_attr=[52, 3], y=0.0, custom_label=0.0, min_label=0, max_label=17, instance_name='p13.txt');0.0;0.23499329388141632;2.0672116079367697e-05;0.0
Data(x=[43, 1], edge_index=[2, 56], edge_attr=[56, 3], y=0.0, custom_label=0.0, min_label=0, max_label=17, instance_name='p13.txt');0.0;0.23499329388141632;2.4744979327806504e-06;0.0
Data(x=[42, 1], edge_index=[2, 54], edge_attr=[54, 3], y=0.0, custom_label=0.0, min_label=0, max_label=17, instance_name='p13.txt');0.0;0.23499329388141632;2.969039769595838e-07;4.0150612790057494e-07
Data(x=[40, 1], edge_index=[2, 52], edge_attr=[52, 3], y=0.0, custom_label=0.0, min_label=0, max_label=17, instance_name='p13.txt');0.0;0.23499329388141632;5.758998327110021e-07;4.0150612790057494e-07
Data(x=[44, 1], edge_index=[2, 56], edge_attr=[56, 3], y=0.0, custom_label=0.0, min_label=0, max_label=17, instance_name='p13.txt');0.0;0.23499329388141632;4.2459437281650025e-06;0.0
Data(x=[35, 1], edge_index=[2, 46], edge_attr=[46, 3], y=0.0, custom_label=0.0, min_label=0, max_label=17, instance_name='p13.txt');0.0;0.23499329388141632;5.050187155575259e-06;0.0
Data(x=[43, 1], edge_index=[2, 54], edge_attr=[54, 3], y=14.0, custom_label=0.8235294, min_label=0, max_label=17, instance_name='p13.txt');0.8235294222831726;0.23499329388141632;0.4450961649417877;0.0
Data(x=[42, 1], edge_index=[2, 52], edge_attr=[52, 3], y=13.0, custom_label=0.7647059, min_label=0, max_label=17, instance_name='p13.txt');0.7647058963775635;0.23499329388141632;0.4850485324859619;0.0
Data(x=[43, 1], edge_index=[2, 54], edge_attr=[54, 3], y=12.0, custom_label=0.7058824, min_label=0, max_label=17, instance_name='p13.txt');0.7058823704719543;0.23499329388141632;0.22587570548057556;0.0
Data(x=[42, 1], edge_index=[2, 52], edge_attr=[52, 3], y=11.0, custom_label=0.64705884, min_label=0, max_label=17, instance_name='p13.txt');0.6470588445663452;0.23499329388141632;0.26171883940696716;0.0
Data(x=[42, 1], edge_index=[2, 52], edge_attr=[52, 3], y=10.0, custom_label=0.5882353, min_label=0, max_label=17, instance_name='p13.txt');0.5882353186607361;0.23499329388141632;0.26171889901161194;0.0
Data(x=[42, 1], edge_index=[2, 52], edge_attr=[52, 3], y=9.0, custom_label=0.5294118, min_label=0, max_label=17, instance_name='p13.txt');0.529411792755127;0.23499329388141632;0.2172594517469406;0.0
Data(x=[42, 1], edge_index=[2, 52], edge_attr=[52, 3], y=8.0, custom_label=0.47058824, min_label=0, max_label=17, instance_name='p13.txt');0.47058823704719543;0.23499329388141632;0.26171889901161194;0.0
Data(x=[42, 1], edge_index=[2, 52], edge_attr=[52, 3], y=7.0, custom_label=0.4117647, min_label=0, max_label=17, instance_name='p13.txt');0.4117647111415863;0.23499329388141632;0.24735282361507416;4.0150612790057494e-07
Data(x=[42, 1], edge_index=[2, 52], edge_attr=[52, 3], y=6.0, custom_label=0.3529412, min_label=0, max_label=17, instance_name='p13.txt');0.3529411852359772;0.23499329388141632;0.26171889901161194;0.0
Data(x=[42, 1], edge_index=[2, 52], edge_attr=[52, 3], y=5.0, custom_label=0.29411766, min_label=0, max_label=17, instance_name='p13.txt');0.29411765933036804;0.23499329388141632;0.26171889901161194;0.0
Data(x=[42, 1], edge_index=[2, 52], edge_attr=[52, 3], y=4.0, custom_label=0.23529412, min_label=0, max_label=17, instance_name='p13.txt');0.23529411852359772;0.23499329388141632;0.07005806267261505;4.0150612790057494e-07
Data(x=[42, 1], edge_index=[2, 52], edge_attr=[52, 3], y=3.0, custom_label=0.1764706, min_label=0, max_label=17, instance_name='p13.txt');0.1764705926179886;0.23499329388141632;0.031911756843328476;4.0150612790057494e-07
Data(x=[42, 1], edge_index=[2, 52], edge_attr=[52, 3], y=2.0, custom_label=0.11764706, min_label=0, max_label=17, instance_name='p13.txt');0.11764705926179886;0.23499329388141632;0.06232614070177078;4.0150612790057494e-07
Data(x=[42, 1], edge_index=[2, 52], edge_attr=[52, 3], y=1.0, custom_label=0.05882353, min_label=0, max_label=17, instance_name='p13.txt');0.05882352963089943;0.23499329388141632;0.07005806267261505;4.0150612790057494e-07
Data(x=[43, 1], edge_index=[2, 54], edge_attr=[54, 3], y=0.0, custom_label=0.0, min_label=0, max_label=17, instance_name='p13.txt');0.0;0.23499329388141632;5.46075796137302e-07;4.0150612790057494e-07
Data(x=[43, 1], edge_index=[2, 54], edge_attr=[54, 3], y=6.0, custom_label=0.3529412, min_label=0, max_label=17, instance_name='p13.txt');0.3529411852359772;0.23499329388141632;0.24068328738212585;0.0
Data(x=[43, 1], edge_index=[2, 54], edge_attr=[54, 3], y=5.0, custom_label=0.29411766, min_label=0, max_label=17, instance_name='p13.txt');0.29411765933036804;0.23499329388141632;0.2551778554916382;0.0
Data(x=[44, 1], edge_index=[2, 56], edge_attr=[56, 3], y=4.0, custom_label=0.23529412, min_label=0, max_label=17, instance_name='p13.txt');0.23529411852359772;0.23499329388141632;0.027965182438492775;0.0
Data(x=[43, 1], edge_index=[2, 54], edge_attr=[54, 3], y=3.0, custom_label=0.1764706, min_label=0, max_label=17, instance_name='p13.txt');0.1764705926179886;0.23499329388141632;0.06485645473003387;0.0
Data(x=[43, 1], edge_index=[2, 54], edge_attr=[54, 3], y=2.0, custom_label=0.11764706, min_label=0, max_label=17, instance_name='p13.txt');0.11764705926179886;0.23499329388141632;0.05777736008167267;0.0
Data(x=[43, 1], edge_index=[2, 54], edge_attr=[54, 3], y=1.0, custom_label=0.05882353, min_label=0, max_label=17, instance_name='p13.txt');0.05882352963089943;0.23499329388141632;0.06485645473003387;0.0
Data(x=[44, 1], edge_index=[2, 56], edge_attr=[56, 3], y=0.0, custom_label=0.0, min_label=0, max_label=17, instance_name='p13.txt');0.0;0.23499329388141632;4.2459437281650025e-06;0.0
Data(x=[47, 1], edge_index=[2, 58], edge_attr=[58, 3], y=5.0, custom_label=0.29411766, min_label=0, max_label=17, instance_name='p13.txt');0.29411765933036804;0.23499329388141632;0.03543251007795334;0.0
Data(x=[46, 1], edge_index=[2, 56], edge_attr=[56, 3], y=4.0, custom_label=0.23529412, min_label=0, max_label=17, instance_name='p13.txt');0.23529411852359772;0.23499329388141632;0.07201717048883438;0.0
Data(x=[46, 1], edge_index=[2, 56], edge_attr=[56, 3], y=3.0, custom_label=0.1764706, min_label=0, max_label=17, instance_name='p13.txt');0.1764705926179886;0.23499329388141632;0.07201718538999557;0.0
Data(x=[46, 1], edge_index=[2, 56], edge_attr=[56, 3], y=2.0, custom_label=0.11764706, min_label=0, max_label=17, instance_name='p13.txt');0.11764705926179886;0.23499329388141632;0.06480191648006439;0.0
Data(x=[46, 1], edge_index=[2, 56], edge_attr=[56, 3], y=1.0, custom_label=0.05882353, min_label=0, max_label=17, instance_name='p13.txt');0.05882352963089943;0.23499329388141632;0.07201718538999557;0.0
Data(x=[47, 1], edge_index=[2, 58], edge_attr=[58, 3], y=0.0, custom_label=0.0, min_label=0, max_label=17, instance_name='p13.txt');0.0;0.23499329388141632;1.0637710147420876e-05;0.0
Data(x=[45, 1], edge_index=[2, 56], edge_attr=[56, 3], y=7.0, custom_label=0.4117647, min_label=0, max_label=17, instance_name='p13.txt');0.4117647111415863;0.23499329388141632;0.247836172580719;0.0
Data(x=[45, 1], edge_index=[2, 56], edge_attr=[56, 3], y=6.0, custom_label=0.3529412, min_label=0, max_label=17, instance_name='p13.txt');0.3529411852359772;0.23499329388141632;0.24783620238304138;0.0
Data(x=[45, 1], edge_index=[2, 56], edge_attr=[56, 3], y=5.0, custom_label=0.29411766, min_label=0, max_label=17, instance_name='p13.txt');0.29411765933036804;0.23499329388141632;0.247836172580719;0.0
Data(x=[46, 1], edge_index=[2, 58], edge_attr=[58, 3], y=4.0, custom_label=0.23529412, min_label=0, max_label=17, instance_name='p13.txt');0.23529411852359772;0.23499329388141632;0.0057251411490142345;0.0
Data(x=[45, 1], edge_index=[2, 56], edge_attr=[56, 3], y=3.0, custom_label=0.1764706, min_label=0, max_label=17, instance_name='p13.txt');0.1764705926179886;0.23499329388141632;0.028950346633791924;0.0
Data(x=[45, 1], edge_index=[2, 56], edge_attr=[56, 3], y=2.0, custom_label=0.11764706, min_label=0, max_label=17, instance_name='p13.txt');0.11764705926179886;0.23499329388141632;0.024346642196178436;4.0150612790057494e-07
Data(x=[45, 1], edge_index=[2, 56], edge_attr=[56, 3], y=1.0, custom_label=0.05882353, min_label=0, max_label=17, instance_name='p13.txt');0.05882352963089943;0.23499329388141632;0.02895033359527588;0.0
Data(x=[46, 1], edge_index=[2, 58], edge_attr=[58, 3], y=0.0, custom_label=0.0, min_label=0, max_label=17, instance_name='p13.txt');0.0;0.23499329388141632;8.935331834436511e-07;0.0
Data(x=[41, 1], edge_index=[2, 54], edge_attr=[54, 3], y=0.0, custom_label=0.0, min_label=0, max_label=17, instance_name='p13.txt');0.0;0.23499329388141632;1.085260919353459e-05;0.0
Data(x=[41, 1], edge_index=[2, 52], edge_attr=[52, 3], y=0.0, custom_label=0.0, min_label=0, max_label=17, instance_name='p13.txt');0.0;0.23499329388141632;2.0672116079367697e-05;0.0
Data(x=[50, 1], edge_index=[2, 62], edge_attr=[62, 3], y=17.0, custom_label=1.0, min_label=0, max_label=17, instance_name='p13.txt');1.0;0.23499329388141632;0.2046782374382019;4.0150612790057494e-07
Data(x=[49, 1], edge_index=[2, 60], edge_attr=[60, 3], y=16.0, custom_label=0.9411765, min_label=0, max_label=17, instance_name='p13.txt');0.9411764740943909;0.23499329388141632;0.234222412109375;4.0150612790057494e-07
Data(x=[49, 1], edge_index=[2, 60], edge_attr=[60, 3], y=15.0, custom_label=0.88235295, min_label=0, max_label=17, instance_name='p13.txt');0.8823529481887817;0.23499329388141632;0.2342223823070526;4.0150612790057494e-07
Data(x=[48, 1], edge_index=[2, 58], edge_attr=[58, 3], y=14.0, custom_label=0.8235294, min_label=0, max_label=17, instance_name='p13.txt');0.8235294222831726;0.23499329388141632;0.2652708888053894;4.0150612790057494e-07
Data(x=[48, 1], edge_index=[2, 58], edge_attr=[58, 3], y=13.0, custom_label=0.7647059, min_label=0, max_label=17, instance_name='p13.txt');0.7647058963775635;0.23499329388141632;0.265270859003067;4.0150612790057494e-07
Data(x=[48, 1], edge_index=[2, 58], edge_attr=[58, 3], y=12.0, custom_label=0.7058824, min_label=0, max_label=17, instance_name='p13.txt');0.7058823704719543;0.23499329388141632;0.25299978256225586;4.0150612790057494e-07
Data(x=[48, 1], edge_index=[2, 58], edge_attr=[58, 3], y=11.0, custom_label=0.64705884, min_label=0, max_label=17, instance_name='p13.txt');0.6470588445663452;0.23499329388141632;0.265270859003067;4.0150612790057494e-07
Data(x=[48, 1], edge_index=[2, 58], edge_attr=[58, 3], y=10.0, custom_label=0.5882353, min_label=0, max_label=17, instance_name='p13.txt');0.5882353186607361;0.23499329388141632;0.2652708888053894;4.0150612790057494e-07
Data(x=[48, 1], edge_index=[2, 58], edge_attr=[58, 3], y=9.0, custom_label=0.5294118, min_label=0, max_label=17, instance_name='p13.txt');0.529411792755127;0.23499329388141632;0.22684170305728912;4.0150612790057494e-07
Data(x=[48, 1], edge_index=[2, 58], edge_attr=[58, 3], y=8.0, custom_label=0.47058824, min_label=0, max_label=17, instance_name='p13.txt');0.47058823704719543;0.23499329388141632;0.265270859003067;4.0150612790057494e-07
Data(x=[48, 1], edge_index=[2, 58], edge_attr=[58, 3], y=7.0, custom_label=0.4117647, min_label=0, max_label=17, instance_name='p13.txt');0.4117647111415863;0.23499329388141632;0.265270859003067;4.0150612790057494e-07
Data(x=[49, 1], edge_index=[2, 60], edge_attr=[60, 3], y=6.0, custom_label=0.3529412, min_label=0, max_label=17, instance_name='p13.txt');0.3529411852359772;0.23499329388141632;0.06806955486536026;4.0150612790057494e-07
Data(x=[49, 1], edge_index=[2, 60], edge_attr=[60, 3], y=5.0, custom_label=0.29411766, min_label=0, max_label=17, instance_name='p13.txt');0.29411765933036804;0.23499329388141632;0.03168715909123421;4.0150612790057494e-07
Data(x=[49, 1], edge_index=[2, 60], edge_attr=[60, 3], y=4.0, custom_label=0.23529412, min_label=0, max_label=17, instance_name='p13.txt');0.23529411852359772;0.23499329388141632;0.06806955486536026;4.0150612790057494e-07
Data(x=[49, 1], edge_index=[2, 60], edge_attr=[60, 3], y=3.0, custom_label=0.1764706, min_label=0, max_label=17, instance_name='p13.txt');0.1764705926179886;0.23499329388141632;0.06806956976652145;4.0150612790057494e-07
Data(x=[49, 1], edge_index=[2, 60], edge_attr=[60, 3], y=2.0, custom_label=0.11764706, min_label=0, max_label=17, instance_name='p13.txt');0.11764705926179886;0.23499329388141632;0.06130335479974747;4.0150612790057494e-07
Data(x=[49, 1], edge_index=[2, 60], edge_attr=[60, 3], y=1.0, custom_label=0.05882353, min_label=0, max_label=17, instance_name='p13.txt');0.05882352963089943;0.23499329388141632;0.03168715909123421;4.0150612790057494e-07
Data(x=[50, 1], edge_index=[2, 62], edge_attr=[62, 3], y=0.0, custom_label=0.0, min_label=0, max_label=17, instance_name='p13.txt');0.0;0.23499329388141632;1.3986853446112946e-05;4.0150612790057494e-07
Data(x=[64, 1], edge_index=[2, 68], edge_attr=[68, 3], y=83.0, custom_label=1.0, min_label=0, max_label=83, instance_name='p14.txt');1.0;0.23499329388141632;0.7391905188560486;4.0150612790057494e-07
Data(x=[64, 1], edge_index=[2, 68], edge_attr=[68, 3], y=82.0, custom_label=0.9879518, min_label=0, max_label=83, instance_name='p14.txt');0.9879518151283264;0.23499329388141632;0.7391905188560486;4.0150612790057494e-07
Data(x=[64, 1], edge_index=[2, 68], edge_attr=[68, 3], y=81.0, custom_label=0.97590363, min_label=0, max_label=83, instance_name='p14.txt');0.9759036302566528;0.23499329388141632;0.7391905188560486;4.0150612790057494e-07
Data(x=[64, 1], edge_index=[2, 68], edge_attr=[68, 3], y=80.0, custom_label=0.96385545, min_label=0, max_label=83, instance_name='p14.txt');0.9638554453849792;0.23499329388141632;0.7391905188560486;4.0150612790057494e-07
Data(x=[64, 1], edge_index=[2, 68], edge_attr=[68, 3], y=79.0, custom_label=0.9518072, min_label=0, max_label=83, instance_name='p14.txt');0.9518072009086609;0.23499329388141632;0.7391905188560486;4.0150612790057494e-07
Data(x=[64, 1], edge_index=[2, 68], edge_attr=[68, 3], y=78.0, custom_label=0.939759, min_label=0, max_label=83, instance_name='p14.txt');0.9397590160369873;0.23499329388141632;0.7391905188560486;4.0150612790057494e-07
Data(x=[64, 1], edge_index=[2, 68], edge_attr=[68, 3], y=77.0, custom_label=0.92771083, min_label=0, max_label=83, instance_name='p14.txt');0.9277108311653137;0.23499329388141632;0.7391905188560486;4.0150612790057494e-07
Data(x=[64, 1], edge_index=[2, 68], edge_attr=[68, 3], y=76.0, custom_label=0.91566265, min_label=0, max_label=83, instance_name='p14.txt');0.9156626462936401;0.23499329388141632;0.7391905188560486;4.0150612790057494e-07
Data(x=[64, 1], edge_index=[2, 68], edge_attr=[68, 3], y=75.0, custom_label=0.90361446, min_label=0, max_label=83, instance_name='p14.txt');0.9036144614219666;0.23499329388141632;0.7391905188560486;4.0150612790057494e-07
Data(x=[64, 1], edge_index=[2, 68], edge_attr=[68, 3], y=74.0, custom_label=0.8915663, min_label=0, max_label=83, instance_name='p14.txt');0.891566276550293;0.23499329388141632;0.7391905188560486;4.0150612790057494e-07
Data(x=[64, 1], edge_index=[2, 68], edge_attr=[68, 3], y=73.0, custom_label=0.8795181, min_label=0, max_label=83, instance_name='p14.txt');0.8795180916786194;0.23499329388141632;0.7391905188560486;4.0150612790057494e-07
Data(x=[64, 1], edge_index=[2, 68], edge_attr=[68, 3], y=72.0, custom_label=0.8674699, min_label=0, max_label=83, instance_name='p14.txt');0.8674699068069458;0.23499329388141632;0.7391905188560486;4.0150612790057494e-07
Data(x=[64, 1], edge_index=[2, 68], edge_attr=[68, 3], y=71.0, custom_label=0.85542166, min_label=0, max_label=83, instance_name='p14.txt');0.8554216623306274;0.23499329388141632;0.7391905188560486;4.0150612790057494e-07
Data(x=[64, 1], edge_index=[2, 68], edge_attr=[68, 3], y=70.0, custom_label=0.8433735, min_label=0, max_label=83, instance_name='p14.txt');0.8433734774589539;0.23499329388141632;0.7391905188560486;4.0150612790057494e-07
Data(x=[64, 1], edge_index=[2, 68], edge_attr=[68, 3], y=69.0, custom_label=0.8313253, min_label=0, max_label=83, instance_name='p14.txt');0.8313252925872803;0.23499329388141632;0.7391905188560486;4.0150612790057494e-07
Data(x=[64, 1], edge_index=[2, 68], edge_attr=[68, 3], y=68.0, custom_label=0.8192771, min_label=0, max_label=83, instance_name='p14.txt');0.8192771077156067;0.23499329388141632;0.7391905188560486;4.0150612790057494e-07
Data(x=[64, 1], edge_index=[2, 68], edge_attr=[68, 3], y=67.0, custom_label=0.8072289, min_label=0, max_label=83, instance_name='p14.txt');0.8072289228439331;0.23499329388141632;0.7391905188560486;4.0150612790057494e-07
Data(x=[64, 1], edge_index=[2, 68], edge_attr=[68, 3], y=66.0, custom_label=0.79518074, min_label=0, max_label=83, instance_name='p14.txt');0.7951807379722595;0.23499329388141632;0.7391905188560486;4.0150612790057494e-07
Data(x=[64, 1], edge_index=[2, 68], edge_attr=[68, 3], y=65.0, custom_label=0.78313255, min_label=0, max_label=83, instance_name='p14.txt');0.7831325531005859;0.23499329388141632;0.7391905188560486;4.0150612790057494e-07
Data(x=[64, 1], edge_index=[2, 68], edge_attr=[68, 3], y=64.0, custom_label=0.7710843, min_label=0, max_label=83, instance_name='p14.txt');0.7710843086242676;0.23499329388141632;0.7391905188560486;4.0150612790057494e-07
Data(x=[64, 1], edge_index=[2, 68], edge_attr=[68, 3], y=63.0, custom_label=0.7590361, min_label=0, max_label=83, instance_name='p14.txt');0.759036123752594;0.23499329388141632;0.7391905188560486;4.0150612790057494e-07
Data(x=[64, 1], edge_index=[2, 68], edge_attr=[68, 3], y=62.0, custom_label=0.74698794, min_label=0, max_label=83, instance_name='p14.txt');0.7469879388809204;0.23499329388141632;0.7391905188560486;4.0150612790057494e-07
Data(x=[64, 1], edge_index=[2, 68], edge_attr=[68, 3], y=61.0, custom_label=0.73493975, min_label=0, max_label=83, instance_name='p14.txt');0.7349397540092468;0.23499329388141632;0.7391905188560486;4.0150612790057494e-07
Data(x=[64, 1], edge_index=[2, 68], edge_attr=[68, 3], y=60.0, custom_label=0.72289157, min_label=0, max_label=83, instance_name='p14.txt');0.7228915691375732;0.23499329388141632;0.7391905188560486;4.0150612790057494e-07
Data(x=[64, 1], edge_index=[2, 68], edge_attr=[68, 3], y=59.0, custom_label=0.7108434, min_label=0, max_label=83, instance_name='p14.txt');0.7108433842658997;0.23499329388141632;0.7391905188560486;4.0150612790057494e-07
Data(x=[64, 1], edge_index=[2, 68], edge_attr=[68, 3], y=58.0, custom_label=0.6987952, min_label=0, max_label=83, instance_name='p14.txt');0.6987951993942261;0.23499329388141632;0.7391905188560486;4.0150612790057494e-07
Data(x=[64, 1], edge_index=[2, 68], edge_attr=[68, 3], y=57.0, custom_label=0.686747, min_label=0, max_label=83, instance_name='p14.txt');0.6867470145225525;0.23499329388141632;0.7391905188560486;4.0150612790057494e-07
Data(x=[64, 1], edge_index=[2, 68], edge_attr=[68, 3], y=56.0, custom_label=0.67469877, min_label=0, max_label=83, instance_name='p14.txt');0.6746987700462341;0.23499329388141632;0.7391905188560486;4.0150612790057494e-07
Data(x=[64, 1], edge_index=[2, 68], edge_attr=[68, 3], y=55.0, custom_label=0.6626506, min_label=0, max_label=83, instance_name='p14.txt');0.6626505851745605;0.23499329388141632;0.7391905188560486;4.0150612790057494e-07
Data(x=[64, 1], edge_index=[2, 68], edge_attr=[68, 3], y=54.0, custom_label=0.6506024, min_label=0, max_label=83, instance_name='p14.txt');0.650602400302887;0.23499329388141632;0.7391905188560486;4.0150612790057494e-07
Data(x=[64, 1], edge_index=[2, 68], edge_attr=[68, 3], y=53.0, custom_label=0.6385542, min_label=0, max_label=83, instance_name='p14.txt');0.6385542154312134;0.23499329388141632;0.7391905188560486;4.0150612790057494e-07
Data(x=[64, 1], edge_index=[2, 68], edge_attr=[68, 3], y=52.0, custom_label=0.62650603, min_label=0, max_label=83, instance_name='p14.txt');0.6265060305595398;0.23499329388141632;0.7391905188560486;4.0150612790057494e-07
Data(x=[64, 1], edge_index=[2, 68], edge_attr=[68, 3], y=51.0, custom_label=0.61445785, min_label=0, max_label=83, instance_name='p14.txt');0.6144578456878662;0.23499329388141632;0.7391905188560486;4.0150612790057494e-07
Data(x=[64, 1], edge_index=[2, 68], edge_attr=[68, 3], y=50.0, custom_label=0.60240966, min_label=0, max_label=83, instance_name='p14.txt');0.6024096608161926;0.23499329388141632;0.7391905188560486;4.0150612790057494e-07
Data(x=[64, 1], edge_index=[2, 68], edge_attr=[68, 3], y=49.0, custom_label=0.5903614, min_label=0, max_label=83, instance_name='p14.txt');0.5903614163398743;0.23499329388141632;0.7391905188560486;4.0150612790057494e-07
Data(x=[65, 1], edge_index=[2, 70], edge_attr=[70, 3], y=48.0, custom_label=0.57831323, min_label=0, max_label=83, instance_name='p14.txt');0.5783132314682007;0.23499329388141632;0.3410481810569763;4.0150612790057494e-07
Data(x=[65, 1], edge_index=[2, 70], edge_attr=[70, 3], y=47.0, custom_label=0.56626505, min_label=0, max_label=83, instance_name='p14.txt');0.5662650465965271;0.23499329388141632;0.3410481810569763;4.0150612790057494e-07
Data(x=[65, 1], edge_index=[2, 70], edge_attr=[70, 3], y=46.0, custom_label=0.55421686, min_label=0, max_label=83, instance_name='p14.txt');0.5542168617248535;0.23499329388141632;0.3410481810569763;4.0150612790057494e-07
Data(x=[65, 1], edge_index=[2, 70], edge_attr=[70, 3], y=45.0, custom_label=0.5421687, min_label=0, max_label=83, instance_name='p14.txt');0.5421686768531799;0.23499329388141632;0.3410481810569763;4.0150612790057494e-07
Data(x=[65, 1], edge_index=[2, 70], edge_attr=[70, 3], y=44.0, custom_label=0.5301205, min_label=0, max_label=83, instance_name='p14.txt');0.5301204919815063;0.23499329388141632;0.3410481810569763;4.0150612790057494e-07
Data(x=[65, 1], edge_index=[2, 70], edge_attr=[70, 3], y=43.0, custom_label=0.5180723, min_label=0, max_label=83, instance_name='p14.txt');0.5180723071098328;0.23499329388141632;0.3410481810569763;4.0150612790057494e-07
Data(x=[65, 1], edge_index=[2, 70], edge_attr=[70, 3], y=42.0, custom_label=0.5060241, min_label=0, max_label=83, instance_name='p14.txt');0.5060241222381592;0.23499329388141632;0.3410481810569763;4.0150612790057494e-07
Data(x=[65, 1], edge_index=[2, 70], edge_attr=[70, 3], y=41.0, custom_label=0.4939759, min_label=0, max_label=83, instance_name='p14.txt');0.4939759075641632;0.23499329388141632;0.3410481810569763;4.0150612790057494e-07
Data(x=[65, 1], edge_index=[2, 70], edge_attr=[70, 3], y=40.0, custom_label=0.48192772, min_label=0, max_label=83, instance_name='p14.txt');0.4819277226924896;0.23499329388141632;0.3410481810569763;4.0150612790057494e-07
Data(x=[65, 1], edge_index=[2, 70], edge_attr=[70, 3], y=39.0, custom_label=0.4698795, min_label=0, max_label=83, instance_name='p14.txt');0.46987950801849365;0.23499329388141632;0.3410481810569763;4.0150612790057494e-07
Data(x=[65, 1], edge_index=[2, 70], edge_attr=[70, 3], y=38.0, custom_label=0.45783132, min_label=0, max_label=83, instance_name='p14.txt');0.45783132314682007;0.23499329388141632;0.3410481810569763;4.0150612790057494e-07
Data(x=[65, 1], edge_index=[2, 70], edge_attr=[70, 3], y=37.0, custom_label=0.44578314, min_label=0, max_label=83, instance_name='p14.txt');0.4457831382751465;0.23499329388141632;0.3410481810569763;4.0150612790057494e-07
Data(x=[65, 1], edge_index=[2, 70], edge_attr=[70, 3], y=36.0, custom_label=0.43373495, min_label=0, max_label=83, instance_name='p14.txt');0.4337349534034729;0.23499329388141632;0.3410481810569763;4.0150612790057494e-07
Data(x=[65, 1], edge_index=[2, 70], edge_attr=[70, 3], y=35.0, custom_label=0.42168674, min_label=0, max_label=83, instance_name='p14.txt');0.42168673872947693;0.23499329388141632;0.3410481810569763;4.0150612790057494e-07
Data(x=[65, 1], edge_index=[2, 70], edge_attr=[70, 3], y=34.0, custom_label=0.40963855, min_label=0, max_label=83, instance_name='p14.txt');0.40963855385780334;0.23499329388141632;0.3410481810569763;4.0150612790057494e-07
Data(x=[65, 1], edge_index=[2, 70], edge_attr=[70, 3], y=33.0, custom_label=0.39759037, min_label=0, max_label=83, instance_name='p14.txt');0.39759036898612976;0.23499329388141632;0.3410481810569763;4.0150612790057494e-07
Data(x=[65, 1], edge_index=[2, 70], edge_attr=[70, 3], y=32.0, custom_label=0.38554215, min_label=0, max_label=83, instance_name='p14.txt');0.3855421543121338;0.23499329388141632;0.3410481810569763;4.0150612790057494e-07
Data(x=[65, 1], edge_index=[2, 70], edge_attr=[70, 3], y=31.0, custom_label=0.37349397, min_label=0, max_label=83, instance_name='p14.txt');0.3734939694404602;0.23499329388141632;0.3410481810569763;4.0150612790057494e-07
Data(x=[65, 1], edge_index=[2, 70], edge_attr=[70, 3], y=30.0, custom_label=0.36144578, min_label=0, max_label=83, instance_name='p14.txt');0.3614457845687866;0.23499329388141632;0.3410481810569763;4.0150612790057494e-07
Data(x=[65, 1], edge_index=[2, 70], edge_attr=[70, 3], y=29.0, custom_label=0.3493976, min_label=0, max_label=83, instance_name='p14.txt');0.34939759969711304;0.23499329388141632;0.3410481810569763;4.0150612790057494e-07
Data(x=[66, 1], edge_index=[2, 72], edge_attr=[72, 3], y=28.0, custom_label=0.33734939, min_label=0, max_label=83, instance_name='p14.txt');0.33734938502311707;0.23499329388141632;0.17072942852973938;4.0150612790057494e-07
Data(x=[66, 1], edge_index=[2, 72], edge_attr=[72, 3], y=27.0, custom_label=0.3253012, min_label=0, max_label=83, instance_name='p14.txt');0.3253012001514435;0.23499329388141632;0.17072942852973938;4.0150612790057494e-07
Data(x=[66, 1], edge_index=[2, 72], edge_attr=[72, 3], y=26.0, custom_label=0.31325302, min_label=0, max_label=83, instance_name='p14.txt');0.3132530152797699;0.23499329388141632;0.17072942852973938;4.0150612790057494e-07
Data(x=[66, 1], edge_index=[2, 72], edge_attr=[72, 3], y=25.0, custom_label=0.30120483, min_label=0, max_label=83, instance_name='p14.txt');0.3012048304080963;0.23499329388141632;0.17072942852973938;4.0150612790057494e-07
Data(x=[66, 1], edge_index=[2, 72], edge_attr=[72, 3], y=24.0, custom_label=0.28915662, min_label=0, max_label=83, instance_name='p14.txt');0.28915661573410034;0.23499329388141632;0.17072942852973938;4.0150612790057494e-07
Data(x=[66, 1], edge_index=[2, 72], edge_attr=[72, 3], y=23.0, custom_label=0.27710843, min_label=0, max_label=83, instance_name='p14.txt');0.27710843086242676;0.23499329388141632;0.17072942852973938;4.0150612790057494e-07
Data(x=[66, 1], edge_index=[2, 72], edge_attr=[72, 3], y=22.0, custom_label=0.26506025, min_label=0, max_label=83, instance_name='p14.txt');0.2650602459907532;0.23499329388141632;0.17072942852973938;4.0150612790057494e-07
Data(x=[66, 1], edge_index=[2, 72], edge_attr=[72, 3], y=21.0, custom_label=0.25301206, min_label=0, max_label=83, instance_name='p14.txt');0.2530120611190796;0.23499329388141632;0.17072942852973938;4.0150612790057494e-07
Data(x=[66, 1], edge_index=[2, 72], edge_attr=[72, 3], y=20.0, custom_label=0.24096386, min_label=0, max_label=83, instance_name='p14.txt');0.2409638613462448;0.23499329388141632;0.17072942852973938;4.0150612790057494e-07
Data(x=[66, 1], edge_index=[2, 72], edge_attr=[72, 3], y=19.0, custom_label=0.22891566, min_label=0, max_label=83, instance_name='p14.txt');0.22891566157341003;0.23499329388141632;0.17072942852973938;4.0150612790057494e-07
Data(x=[66, 1], edge_index=[2, 72], edge_attr=[72, 3], y=18.0, custom_label=0.21686748, min_label=0, max_label=83, instance_name='p14.txt');0.21686747670173645;0.23499329388141632;0.17072942852973938;4.0150612790057494e-07
Data(x=[66, 1], edge_index=[2, 72], edge_attr=[72, 3], y=17.0, custom_label=0.20481928, min_label=0, max_label=83, instance_name='p14.txt');0.20481927692890167;0.23499329388141632;0.17072942852973938;4.0150612790057494e-07
Data(x=[66, 1], edge_index=[2, 72], edge_attr=[72, 3], y=16.0, custom_label=0.19277108, min_label=0, max_label=83, instance_name='p14.txt');0.1927710771560669;0.23499329388141632;0.17072942852973938;4.0150612790057494e-07
Data(x=[66, 1], edge_index=[2, 72], edge_attr=[72, 3], y=15.0, custom_label=0.18072289, min_label=0, max_label=83, instance_name='p14.txt');0.1807228922843933;0.23499329388141632;0.17072942852973938;4.0150612790057494e-07
Data(x=[66, 1], edge_index=[2, 72], edge_attr=[72, 3], y=14.0, custom_label=0.16867469, min_label=0, max_label=83, instance_name='p14.txt');0.16867469251155853;0.23499329388141632;0.17072942852973938;4.0150612790057494e-07
Data(x=[66, 1], edge_index=[2, 72], edge_attr=[72, 3], y=13.0, custom_label=0.15662651, min_label=0, max_label=83, instance_name='p14.txt');0.15662650763988495;0.23499329388141632;0.17072942852973938;4.0150612790057494e-07
Data(x=[66, 1], edge_index=[2, 72], edge_attr=[72, 3], y=12.0, custom_label=0.14457831, min_label=0, max_label=83, instance_name='p14.txt');0.14457830786705017;0.23499329388141632;0.17072942852973938;4.0150612790057494e-07
Data(x=[66, 1], edge_index=[2, 72], edge_attr=[72, 3], y=11.0, custom_label=0.13253012, min_label=0, max_label=83, instance_name='p14.txt');0.1325301229953766;0.23499329388141632;0.17072942852973938;4.0150612790057494e-07
Data(x=[66, 1], edge_index=[2, 72], edge_attr=[72, 3], y=10.0, custom_label=0.12048193, min_label=0, max_label=83, instance_name='p14.txt');0.1204819306731224;0.23499329388141632;0.17072942852973938;4.0150612790057494e-07
Data(x=[66, 1], edge_index=[2, 72], edge_attr=[72, 3], y=9.0, custom_label=0.10843374, min_label=0, max_label=83, instance_name='p14.txt');0.10843373835086823;0.23499329388141632;0.17072942852973938;4.0150612790057494e-07
Data(x=[66, 1], edge_index=[2, 72], edge_attr=[72, 3], y=8.0, custom_label=0.09638554, min_label=0, max_label=83, instance_name='p14.txt');0.09638553857803345;0.23499329388141632;0.17072942852973938;4.0150612790057494e-07
Data(x=[66, 1], edge_index=[2, 72], edge_attr=[72, 3], y=7.0, custom_label=0.084337346, min_label=0, max_label=83, instance_name='p14.txt');0.08433734625577927;0.23499329388141632;0.17072942852973938;4.0150612790057494e-07
Data(x=[66, 1], edge_index=[2, 72], edge_attr=[72, 3], y=6.0, custom_label=0.072289154, min_label=0, max_label=83, instance_name='p14.txt');0.07228915393352509;0.23499329388141632;0.17072942852973938;4.0150612790057494e-07
Data(x=[66, 1], edge_index=[2, 72], edge_attr=[72, 3], y=5.0, custom_label=0.060240965, min_label=0, max_label=83, instance_name='p14.txt');0.0602409653365612;0.23499329388141632;0.17072942852973938;4.0150612790057494e-07
Data(x=[66, 1], edge_index=[2, 72], edge_attr=[72, 3], y=4.0, custom_label=0.04819277, min_label=0, max_label=83, instance_name='p14.txt');0.048192769289016724;0.23499329388141632;0.17072942852973938;4.0150612790057494e-07
Data(x=[66, 1], edge_index=[2, 72], edge_attr=[72, 3], y=3.0, custom_label=0.036144577, min_label=0, max_label=83, instance_name='p14.txt');0.03614457696676254;0.23499329388141632;0.17072942852973938;4.0150612790057494e-07
Data(x=[66, 1], edge_index=[2, 72], edge_attr=[72, 3], y=2.0, custom_label=0.024096385, min_label=0, max_label=83, instance_name='p14.txt');0.024096384644508362;0.23499329388141632;0.17072942852973938;4.0150612790057494e-07
Data(x=[66, 1], edge_index=[2, 72], edge_attr=[72, 3], y=1.0, custom_label=0.012048192, min_label=0, max_label=83, instance_name='p14.txt');0.012048192322254181;0.23499329388141632;0.17072942852973938;4.0150612790057494e-07
Data(x=[67, 1], edge_index=[2, 74], edge_attr=[74, 3], y=0.0, custom_label=0.0, min_label=0, max_label=83, instance_name='p14.txt');0.0;0.23499329388141632;0.009642158634960651;4.0150612790057494e-07
Data(x=[47, 1], edge_index=[2, 56], edge_attr=[56, 3], y=0.0, custom_label=0.0, min_label=0, max_label=83, instance_name='p14.txt');0.0;0.23499329388141632;0.0019154013134539127;0.0
Data(x=[43, 1], edge_index=[2, 52], edge_attr=[52, 3], y=0.0, custom_label=0.0, min_label=0, max_label=83, instance_name='p14.txt');0.0;0.23499329388141632;0.0013425472425296903;0.0
Data(x=[35, 1], edge_index=[2, 44], edge_attr=[44, 3], y=0.0, custom_label=0.0, min_label=0, max_label=83, instance_name='p14.txt');0.0;0.23499329388141632;0.0005245915963314474;0.0
Data(x=[46, 1], edge_index=[2, 54], edge_attr=[54, 3], y=0.0, custom_label=0.0, min_label=0, max_label=83, instance_name='p14.txt');0.0;0.23499329388141632;0.002357748569920659;0.0
Data(x=[41, 1], edge_index=[2, 50], edge_attr=[50, 3], y=0.0, custom_label=0.0, min_label=0, max_label=83, instance_name='p14.txt');0.0;0.23499329388141632;0.0010973806492984295;0.0
Data(x=[47, 1], edge_index=[2, 56], edge_attr=[56, 3], y=0.0, custom_label=0.0, min_label=0, max_label=83, instance_name='p14.txt');0.0;0.23499329388141632;0.0003457571438048035;0.0
Data(x=[40, 1], edge_index=[2, 50], edge_attr=[50, 3], y=0.0, custom_label=0.0, min_label=0, max_label=83, instance_name='p14.txt');0.0;0.23499329388141632;9.288808359997347e-05;4.0150612790057494e-07
Data(x=[35, 1], edge_index=[2, 46], edge_attr=[46, 3], y=0.0, custom_label=0.0, min_label=0, max_label=83, instance_name='p14.txt');0.0;0.23499329388141632;7.462538746949576e-07;4.0150612790057494e-07
Data(x=[43, 1], edge_index=[2, 52], edge_attr=[52, 3], y=0.0, custom_label=0.0, min_label=0, max_label=83, instance_name='p14.txt');0.0;0.23499329388141632;0.00020533690985757858;0.0
Data(x=[44, 1], edge_index=[2, 54], edge_attr=[54, 3], y=0.0, custom_label=0.0, min_label=0, max_label=83, instance_name='p14.txt');0.0;0.23499329388141632;2.180594856326934e-05;4.0150612790057494e-07
Data(x=[46, 1], edge_index=[2, 54], edge_attr=[54, 3], y=0.0, custom_label=0.0, min_label=0, max_label=83, instance_name='p14.txt');0.0;0.23499329388141632;0.002357748569920659;4.0150612790057494e-07
Data(x=[37, 1], edge_index=[2, 44], edge_attr=[44, 3], y=0.0, custom_label=0.0, min_label=0, max_label=83, instance_name='p14.txt');0.0;0.23499329388141632;0.001409707241691649;4.0150612790057494e-07
Data(x=[41, 1], edge_index=[2, 50], edge_attr=[50, 3], y=0.0, custom_label=0.0, min_label=0, max_label=83, instance_name='p14.txt');0.0;0.23499329388141632;0.00015231568249873817;4.0150612790057494e-07
Data(x=[52, 1], edge_index=[2, 62], edge_attr=[62, 3], y=0.0, custom_label=0.0, min_label=0, max_label=83, instance_name='p14.txt');0.0;0.23499329388141632;0.00045683709322474897;0.0
Data(x=[43, 1], edge_index=[2, 52], edge_attr=[52, 3], y=0.0, custom_label=0.0, min_label=0, max_label=83, instance_name='p14.txt');0.0;0.23499329388141632;0.00020533690985757858;0.0
Data(x=[41, 1], edge_index=[2, 50], edge_attr=[50, 3], y=0.0, custom_label=0.0, min_label=0, max_label=83, instance_name='p14.txt');0.0;0.23499329388141632;0.0010973800672218204;0.0
Data(x=[57, 1], edge_index=[2, 68], edge_attr=[68, 3], y=0.0, custom_label=0.0, min_label=0, max_label=8, instance_name='p15.txt');0.0;0.23499329388141632;5.232097828411497e-05;4.0150612790057494e-07
Data(x=[51, 1], edge_index=[2, 64], edge_attr=[64, 3], y=0.0, custom_label=0.0, min_label=0, max_label=8, instance_name='p15.txt');0.0;0.23499329388141632;1.2761597645294387e-05;0.0
Data(x=[64, 1], edge_index=[2, 76], edge_attr=[76, 3], y=0.0, custom_label=0.0, min_label=0, max_label=8, instance_name='p15.txt');0.0;0.23499329388141632;9.610746201360598e-05;4.0150612790057494e-07
Data(x=[67, 1], edge_index=[2, 78], edge_attr=[78, 3], y=1.0, custom_label=0.125, min_label=0, max_label=8, instance_name='p15.txt');0.125;0.23499329388141632;0.09972100704908371;4.0150612790057494e-07
Data(x=[68, 1], edge_index=[2, 80], edge_attr=[80, 3], y=0.0, custom_label=0.0, min_label=0, max_label=8, instance_name='p15.txt');0.0;0.23499329388141632;0.0004703775921370834;4.0150612790057494e-07
Data(x=[58, 1], edge_index=[2, 68], edge_attr=[68, 3], y=0.0, custom_label=0.0, min_label=0, max_label=8, instance_name='p15.txt');0.0;0.23499329388141632;7.516637560911477e-05;4.0150612790057494e-07
Data(x=[65, 1], edge_index=[2, 78], edge_attr=[78, 3], y=0.0, custom_label=0.0, min_label=0, max_label=8, instance_name='p15.txt');0.0;0.23499329388141632;8.677591540617868e-05;0.0
Data(x=[53, 1], edge_index=[2, 66], edge_attr=[66, 3], y=0.0, custom_label=0.0, min_label=0, max_label=8, instance_name='p15.txt');0.0;0.23499329388141632;8.202938624890521e-05;4.0150612790057494e-07
Data(x=[58, 1], edge_index=[2, 70], edge_attr=[70, 3], y=0.0, custom_label=0.0, min_label=0, max_label=8, instance_name='p15.txt');0.0;0.23499329388141632;4.7153676860034466e-05;4.0150612790057494e-07
Data(x=[69, 1], edge_index=[2, 82], edge_attr=[82, 3], y=0.0, custom_label=0.0, min_label=0, max_label=8, instance_name='p15.txt');0.0;0.23499329388141632;0.00013014533033128828;4.0150612790057494e-07
Data(x=[60, 1], edge_index=[2, 72], edge_attr=[72, 3], y=3.0, custom_label=0.375, min_label=0, max_label=8, instance_name='p15.txt');0.375;0.23499329388141632;0.03795509412884712;4.0150612790057494e-07
Data(x=[59, 1], edge_index=[2, 70], edge_attr=[70, 3], y=2.0, custom_label=0.25, min_label=0, max_label=8, instance_name='p15.txt');0.25;0.23499329388141632;0.06663110852241516;4.0150612790057494e-07
Data(x=[59, 1], edge_index=[2, 70], edge_attr=[70, 3], y=1.0, custom_label=0.125, min_label=0, max_label=8, instance_name='p15.txt');0.125;0.23499329388141632;0.03829214721918106;4.0150612790057494e-07
Data(x=[60, 1], edge_index=[2, 72], edge_attr=[72, 3], y=0.0, custom_label=0.0, min_label=0, max_label=8, instance_name='p15.txt');0.0;0.23499329388141632;6.0739264881704e-05;4.0150612790057494e-07
Data(x=[69, 1], edge_index=[2, 80], edge_attr=[80, 3], y=2.0, custom_label=0.25, min_label=0, max_label=8, instance_name='p15.txt');0.25;0.23499329388141632;0.01223835814744234;4.0150612790057494e-07
Data(x=[68, 1], edge_index=[2, 78], edge_attr=[78, 3], y=1.0, custom_label=0.125, min_label=0, max_label=8, instance_name='p15.txt');0.125;0.23499329388141632;0.08391839265823364;4.0150612790057494e-07
Data(x=[69, 1], edge_index=[2, 80], edge_attr=[80, 3], y=0.0, custom_label=0.0, min_label=0, max_label=8, instance_name='p15.txt');0.0;0.23499329388141632;0.00019457847520243376;4.0150612790057494e-07
Data(x=[70, 1], edge_index=[2, 80], edge_attr=[80, 3], y=0.0, custom_label=0.0, min_label=0, max_label=8, instance_name='p15.txt');0.0;0.23499329388141632;0.0008126709144562483;4.0150612790057494e-07
Data(x=[70, 1], edge_index=[2, 82], edge_attr=[82, 3], y=0.0, custom_label=0.0, min_label=0, max_label=8, instance_name='p15.txt');0.0;0.23499329388141632;4.8029807658167556e-05;4.0150612790057494e-07
Data(x=[53, 1], edge_index=[2, 66], edge_attr=[66, 3], y=0.0, custom_label=0.0, min_label=0, max_label=8, instance_name='p15.txt');0.0;0.23499329388141632;1.784457708708942e-05;0.0
Data(x=[63, 1], edge_index=[2, 72], edge_attr=[72, 3], y=5.0, custom_label=0.625, min_label=0, max_label=8, instance_name='p15.txt');0.625;0.23499329388141632;0.10552927106618881;4.0150612790057494e-07
Data(x=[63, 1], edge_index=[2, 72], edge_attr=[72, 3], y=4.0, custom_label=0.5, min_label=0, max_label=8, instance_name='p15.txt');0.5;0.23499329388141632;0.10552927106618881;4.0150612790057494e-07
Data(x=[63, 1], edge_index=[2, 72], edge_attr=[72, 3], y=3.0, custom_label=0.375, min_label=0, max_label=8, instance_name='p15.txt');0.375;0.23499329388141632;0.10552927106618881;4.0150612790057494e-07
Data(x=[63, 1], edge_index=[2, 72], edge_attr=[72, 3], y=2.0, custom_label=0.25, min_label=0, max_label=8, instance_name='p15.txt');0.25;0.23499329388141632;0.10552927106618881;4.0150612790057494e-07
Data(x=[63, 1], edge_index=[2, 72], edge_attr=[72, 3], y=1.0, custom_label=0.125, min_label=0, max_label=8, instance_name='p15.txt');0.125;0.23499329388141632;0.10552927106618881;4.0150612790057494e-07
Data(x=[64, 1], edge_index=[2, 74], edge_attr=[74, 3], y=0.0, custom_label=0.0, min_label=0, max_label=8, instance_name='p15.txt');0.0;0.23499329388141632;0.0005155017133802176;4.0150612790057494e-07
Data(x=[55, 1], edge_index=[2, 66], edge_attr=[66, 3], y=0.0, custom_label=0.0, min_label=0, max_label=8, instance_name='p15.txt');0.0;0.23499329388141632;0.00017210601072292775;4.0150612790057494e-07
Data(x=[56, 1], edge_index=[2, 66], edge_attr=[66, 3], y=0.0, custom_label=0.0, min_label=0, max_label=8, instance_name='p15.txt');0.0;0.23499329388141632;0.00024519197177141905;4.0150612790057494e-07
Data(x=[67, 1], edge_index=[2, 78], edge_attr=[78, 3], y=0.0, custom_label=0.0, min_label=0, max_label=8, instance_name='p15.txt');0.0;0.23499329388141632;0.00013753051462117583;4.0150612790057494e-07
Data(x=[62, 1], edge_index=[2, 76], edge_attr=[76, 3], y=0.0, custom_label=0.0, min_label=0, max_label=8, instance_name='p15.txt');0.0;0.23499329388141632;7.105270015017595e-06;0.0
Data(x=[69, 1], edge_index=[2, 80], edge_attr=[80, 3], y=0.0, custom_label=0.0, min_label=0, max_label=8, instance_name='p15.txt');0.0;0.23499329388141632;0.00019457847520243376;4.0150612790057494e-07
Data(x=[71, 1], edge_index=[2, 84], edge_attr=[84, 3], y=0.0, custom_label=0.0, min_label=0, max_label=8, instance_name='p15.txt');0.0;0.23499329388141632;0.00015696065383963287;4.0150612790057494e-07
Data(x=[57, 1], edge_index=[2, 70], edge_attr=[70, 3], y=0.0, custom_label=0.0, min_label=0, max_label=8, instance_name='p15.txt');0.0;0.23499329388141632;3.2554562494624406e-05;0.0
Data(x=[55, 1], edge_index=[2, 66], edge_attr=[66, 3], y=0.0, custom_label=0.0, min_label=0, max_label=8, instance_name='p15.txt');0.0;0.23499329388141632;3.2741834729677066e-05;4.0150612790057494e-07
Data(x=[55, 1], edge_index=[2, 66], edge_attr=[66, 3], y=0.0, custom_label=0.0, min_label=0, max_label=8, instance_name='p15.txt');0.0;0.23499329388141632;0.0001721061853459105;0.0
Data(x=[53, 1], edge_index=[2, 64], edge_attr=[64, 3], y=0.0, custom_label=0.0, min_label=0, max_label=8, instance_name='p15.txt');0.0;0.23499329388141632;3.0518674520862987e-06;4.0150612790057494e-07
Data(x=[53, 1], edge_index=[2, 64], edge_attr=[64, 3], y=0.0, custom_label=0.0, min_label=0, max_label=8, instance_name='p15.txt');0.0;0.23499329388141632;2.972539368784055e-05;0.0
Data(x=[54, 1], edge_index=[2, 64], edge_attr=[64, 3], y=0.0, custom_label=0.0, min_label=0, max_label=8, instance_name='p15.txt');0.0;0.23499329388141632;0.00019673035421874374;4.0150612790057494e-07
Data(x=[76, 1], edge_index=[2, 88], edge_attr=[88, 3], y=5.0, custom_label=0.625, min_label=0, max_label=8, instance_name='p15.txt');0.625;0.23499329388141632;0.07624329626560211;4.0150612790057494e-07
Data(x=[76, 1], edge_index=[2, 88], edge_attr=[88, 3], y=4.0, custom_label=0.5, min_label=0, max_label=8, instance_name='p15.txt');0.5;0.23499329388141632;0.07624328136444092;4.0150612790057494e-07
Data(x=[76, 1], edge_index=[2, 88], edge_attr=[88, 3], y=3.0, custom_label=0.375, min_label=0, max_label=8, instance_name='p15.txt');0.375;0.23499329388141632;0.07624329626560211;4.0150612790057494e-07
Data(x=[76, 1], edge_index=[2, 88], edge_attr=[88, 3], y=2.0, custom_label=0.25, min_label=0, max_label=8, instance_name='p15.txt');0.25;0.23499329388141632;0.04363008588552475;4.0150612790057494e-07
Data(x=[76, 1], edge_index=[2, 88], edge_attr=[88, 3], y=1.0, custom_label=0.125, min_label=0, max_label=8, instance_name='p15.txt');0.125;0.23499329388141632;0.04363007843494415;4.0150612790057494e-07
Data(x=[77, 1], edge_index=[2, 90], edge_attr=[90, 3], y=0.0, custom_label=0.0, min_label=0, max_label=8, instance_name='p15.txt');0.0;0.23499329388141632;0.00026193622034043074;4.0150612790057494e-07
Data(x=[60, 1], edge_index=[2, 70], edge_attr=[70, 3], y=0.0, custom_label=0.0, min_label=0, max_label=8, instance_name='p15.txt');0.0;0.23499329388141632;9.53363414737396e-05;0.0
Data(x=[72, 1], edge_index=[2, 84], edge_attr=[84, 3], y=0.0, custom_label=0.0, min_label=0, max_label=8, instance_name='p15.txt');0.0;0.23499329388141632;0.0006320673273876309;4.0150612790057494e-07
Data(x=[59, 1], edge_index=[2, 70], edge_attr=[70, 3], y=0.0, custom_label=0.0, min_label=0, max_label=8, instance_name='p15.txt');0.0;0.23499329388141632;0.00026380334747955203;4.0150612790057494e-07
Data(x=[61, 1], edge_index=[2, 74], edge_attr=[74, 3], y=0.0, custom_label=0.0, min_label=0, max_label=8, instance_name='p15.txt');0.0;0.23499329388141632;5.4886859288671985e-05;4.0150612790057494e-07
Data(x=[49, 1], edge_index=[2, 62], edge_attr=[62, 3], y=0.0, custom_label=0.0, min_label=0, max_label=8, instance_name='p15.txt');0.0;0.23499329388141632;8.895151040633209e-06;0.0
Data(x=[58, 1], edge_index=[2, 70], edge_attr=[70, 3], y=0.0, custom_label=0.0, min_label=0, max_label=8, instance_name='p15.txt');0.0;0.23499329388141632;0.00018882984295487404;0.0
Data(x=[53, 1], edge_index=[2, 64], edge_attr=[64, 3], y=0.0, custom_label=0.0, min_label=0, max_label=8, instance_name='p15.txt');0.0;0.23499329388141632;2.972542461066041e-05;0.0
Data(x=[54, 1], edge_index=[2, 64], edge_attr=[64, 3], y=1.0, custom_label=0.125, min_label=0, max_label=8, instance_name='p15.txt');0.125;0.23499329388141632;0.07594845443964005;4.0150612790057494e-07
Data(x=[55, 1], edge_index=[2, 66], edge_attr=[66, 3], y=0.0, custom_label=0.0, min_label=0, max_label=8, instance_name='p15.txt');0.0;0.23499329388141632;3.984438080806285e-05;4.0150612790057494e-07
Data(x=[75, 1], edge_index=[2, 88], edge_attr=[88, 3], y=0.0, custom_label=0.0, min_label=0, max_label=8, instance_name='p15.txt');0.0;0.23499329388141632;0.0006452173693105578;4.0150612790057494e-07
Data(x=[69, 1], edge_index=[2, 82], edge_attr=[82, 3], y=0.0, custom_label=0.0, min_label=0, max_label=8, instance_name='p15.txt');0.0;0.23499329388141632;0.00013014533033128828;4.0150612790057494e-07
Data(x=[64, 1], edge_index=[2, 74], edge_attr=[74, 3], y=0.0, custom_label=0.0, min_label=0, max_label=8, instance_name='p15.txt');0.0;0.23499329388141632;0.0001473286101827398;4.0150612790057494e-07
Data(x=[59, 1], edge_index=[2, 70], edge_attr=[70, 3], y=0.0, custom_label=0.0, min_label=0, max_label=8, instance_name='p15.txt');0.0;0.23499329388141632;0.00026380334747955203;0.0
Data(x=[57, 1], edge_index=[2, 70], edge_attr=[70, 3], y=0.0, custom_label=0.0, min_label=0, max_label=8, instance_name='p15.txt');0.0;0.23499329388141632;3.2554562494624406e-05;4.0150612790057494e-07
Data(x=[59, 1], edge_index=[2, 70], edge_attr=[70, 3], y=2.0, custom_label=0.25, min_label=0, max_label=8, instance_name='p15.txt');0.25;0.23499329388141632;0.008380040526390076;0.0
Data(x=[58, 1], edge_index=[2, 68], edge_attr=[68, 3], y=1.0, custom_label=0.125, min_label=0, max_label=8, instance_name='p15.txt');0.125;0.23499329388141632;0.07783609628677368;0.0
Data(x=[59, 1], edge_index=[2, 70], edge_attr=[70, 3], y=0.0, custom_label=0.0, min_label=0, max_label=8, instance_name='p15.txt');0.0;0.23499329388141632;6.744705024175346e-05;0.0
Data(x=[62, 1], edge_index=[2, 72], edge_attr=[72, 3], y=3.0, custom_label=0.375, min_label=0, max_label=8, instance_name='p15.txt');0.375;0.23499329388141632;0.05168590694665909;4.0150612790057494e-07
Data(x=[61, 1], edge_index=[2, 70], edge_attr=[70, 3], y=2.0, custom_label=0.25, min_label=0, max_label=8, instance_name='p15.txt');0.25;0.23499329388141632;0.08540299534797668;4.0150612790057494e-07
Data(x=[61, 1], edge_index=[2, 70], edge_attr=[70, 3], y=1.0, custom_label=0.125, min_label=0, max_label=8, instance_name='p15.txt');0.125;0.23499329388141632;0.08540299534797668;4.0150612790057494e-07
Data(x=[62, 1], edge_index=[2, 72], edge_attr=[72, 3], y=0.0, custom_label=0.0, min_label=0, max_label=8, instance_name='p15.txt');0.0;0.23499329388141632;0.00011917541996808723;4.0150612790057494e-07
Data(x=[54, 1], edge_index=[2, 66], edge_attr=[66, 3], y=0.0, custom_label=0.0, min_label=0, max_label=8, instance_name='p15.txt');0.0;0.23499329388141632;2.686385232664179e-05;0.0
Data(x=[59, 1], edge_index=[2, 70], edge_attr=[70, 3], y=0.0, custom_label=0.0, min_label=0, max_label=8, instance_name='p15.txt');0.0;0.23499329388141632;3.4163196687586606e-05;4.0150612790057494e-07
Data(x=[49, 1], edge_index=[2, 60], edge_attr=[60, 3], y=0.0, custom_label=0.0, min_label=0, max_label=8, instance_name='p15.txt');0.0;0.23499329388141632;8.020852692425251e-05;4.0150612790057494e-07
Data(x=[70, 1], edge_index=[2, 80], edge_attr=[80, 3], y=0.0, custom_label=0.0, min_label=0, max_label=8, instance_name='p15.txt');0.0;0.23499329388141632;0.0002601906599011272;4.0150612790057494e-07
Data(x=[58, 1], edge_index=[2, 70], edge_attr=[70, 3], y=1.0, custom_label=0.125, min_label=0, max_label=8, instance_name='p15.txt');0.125;0.23499329388141632;0.021901942789554596;4.0150612790057494e-07
Data(x=[58, 1], edge_index=[2, 70], edge_attr=[70, 3], y=0.0, custom_label=0.0, min_label=0, max_label=8, instance_name='p15.txt');0.0;0.23499329388141632;2.360550752200652e-05;4.0150612790057494e-07
Data(x=[59, 1], edge_index=[2, 72], edge_attr=[72, 3], y=0.0, custom_label=0.0, min_label=0, max_label=8, instance_name='p15.txt');0.0;0.23499329388141632;4.2646694055292755e-05;0.0
Data(x=[67, 1], edge_index=[2, 78], edge_attr=[78, 3], y=0.0, custom_label=0.0, min_label=0, max_label=8, instance_name='p15.txt');0.0;0.23499329388141632;0.0005318527691997588;4.0150612790057494e-07
Data(x=[77, 1], edge_index=[2, 88], edge_attr=[88, 3], y=0.0, custom_label=0.0, min_label=0, max_label=8, instance_name='p15.txt');0.0;0.23499329388141632;0.0010604726849123836;4.0150612790057494e-07
Data(x=[60, 1], edge_index=[2, 72], edge_attr=[72, 3], y=4.0, custom_label=0.5, min_label=0, max_label=8, instance_name='p15.txt');0.5;0.23499329388141632;0.03795509412884712;0.0
Data(x=[59, 1], edge_index=[2, 70], edge_attr=[70, 3], y=3.0, custom_label=0.375, min_label=0, max_label=8, instance_name='p15.txt');0.375;0.23499329388141632;0.07264217734336853;0.0
Data(x=[59, 1], edge_index=[2, 70], edge_attr=[70, 3], y=2.0, custom_label=0.25, min_label=0, max_label=8, instance_name='p15.txt');0.25;0.23499329388141632;0.07264219224452972;0.0
Data(x=[59, 1], edge_index=[2, 70], edge_attr=[70, 3], y=1.0, custom_label=0.125, min_label=0, max_label=8, instance_name='p15.txt');0.125;0.23499329388141632;0.07264219224452972;0.0
Data(x=[60, 1], edge_index=[2, 72], edge_attr=[72, 3], y=0.0, custom_label=0.0, min_label=0, max_label=8, instance_name='p15.txt');0.0;0.23499329388141632;6.0739264881704e-05;0.0
Data(x=[68, 1], edge_index=[2, 78], edge_attr=[78, 3], y=0.0, custom_label=0.0, min_label=0, max_label=8, instance_name='p15.txt');0.0;0.23499329388141632;0.0007030898123048246;4.0150612790057494e-07
Data(x=[75, 1], edge_index=[2, 86], edge_attr=[86, 3], y=0.0, custom_label=0.0, min_label=0, max_label=8, instance_name='p15.txt');0.0;0.23499329388141632;0.00032356075826101005;4.0150612790057494e-07
Data(x=[56, 1], edge_index=[2, 68], edge_attr=[68, 3], y=0.0, custom_label=0.0, min_label=0, max_label=8, instance_name='p15.txt');0.0;0.23499329388141632;3.595053203753196e-05;4.0150612790057494e-07
Data(x=[59, 1], edge_index=[2, 72], edge_attr=[72, 3], y=0.0, custom_label=0.0, min_label=0, max_label=8, instance_name='p15.txt');0.0;0.23499329388141632;4.2646694055292755e-05;4.0150612790057494e-07
Data(x=[68, 1], edge_index=[2, 80], edge_attr=[80, 3], y=0.0, custom_label=0.0, min_label=0, max_label=8, instance_name='p15.txt');0.0;0.23499329388141632;0.0001443009969079867;0.0
Data(x=[51, 1], edge_index=[2, 62], edge_attr=[62, 3], y=3.0, custom_label=0.375, min_label=0, max_label=8, instance_name='p15.txt');0.375;0.23499329388141632;0.06913837790489197;4.0150612790057494e-07
Data(x=[50, 1], edge_index=[2, 60], edge_attr=[60, 3], y=2.0, custom_label=0.25, min_label=0, max_label=8, instance_name='p15.txt');0.25;0.23499329388141632;0.10014443099498749;4.0150612790057494e-07
Data(x=[50, 1], edge_index=[2, 60], edge_attr=[60, 3], y=1.0, custom_label=0.125, min_label=0, max_label=8, instance_name='p15.txt');0.125;0.23499329388141632;0.10014443099498749;4.0150612790057494e-07
Data(x=[51, 1], edge_index=[2, 62], edge_attr=[62, 3], y=0.0, custom_label=0.0, min_label=0, max_label=8, instance_name='p15.txt');0.0;0.23499329388141632;0.00010548577847657725;4.0150612790057494e-07
Data(x=[68, 1], edge_index=[2, 80], edge_attr=[80, 3], y=0.0, custom_label=0.0, min_label=0, max_label=8, instance_name='p15.txt');0.0;0.23499329388141632;0.0004703775921370834;4.0150612790057494e-07
Data(x=[73, 1], edge_index=[2, 84], edge_attr=[84, 3], y=0.0, custom_label=0.0, min_label=0, max_label=8, instance_name='p15.txt');0.0;0.23499329388141632;0.0002756594039965421;0.0
Data(x=[56, 1], edge_index=[2, 68], edge_attr=[68, 3], y=0.0, custom_label=0.0, min_label=0, max_label=8, instance_name='p15.txt');0.0;0.23499329388141632;7.043511232041055e-06;4.0150612790057494e-07
Data(x=[72, 1], edge_index=[2, 84], edge_attr=[84, 3], y=3.0, custom_label=0.375, min_label=0, max_label=8, instance_name='p15.txt');0.375;0.23499329388141632;0.04556526243686676;4.0150612790057494e-07
Data(x=[71, 1], edge_index=[2, 82], edge_attr=[82, 3], y=2.0, custom_label=0.25, min_label=0, max_label=8, instance_name='p15.txt');0.25;0.23499329388141632;0.07936606556177139;4.0150612790057494e-07
Data(x=[71, 1], edge_index=[2, 82], edge_attr=[82, 3], y=1.0, custom_label=0.125, min_label=0, max_label=8, instance_name='p15.txt');0.125;0.23499329388141632;0.07936606556177139;4.0150612790057494e-07
Data(x=[72, 1], edge_index=[2, 84], edge_attr=[84, 3], y=0.0, custom_label=0.0, min_label=0, max_label=8, instance_name='p15.txt');0.0;0.23499329388141632;0.00020882552780676633;4.0150612790057494e-07
Data(x=[57, 1], edge_index=[2, 70], edge_attr=[70, 3], y=0.0, custom_label=0.0, min_label=0, max_label=8, instance_name='p15.txt');0.0;0.23499329388141632;3.255452975281514e-05;0.0
Data(x=[74, 1], edge_index=[2, 86], edge_attr=[86, 3], y=0.0, custom_label=0.0, min_label=0, max_label=8, instance_name='p15.txt');0.0;0.23499329388141632;0.00024749795556999743;4.0150612790057494e-07
Data(x=[66, 1], edge_index=[2, 78], edge_attr=[78, 3], y=0.0, custom_label=0.0, min_label=0, max_label=8, instance_name='p15.txt');0.0;0.23499329388141632;0.00011843180254800245;0.0
Data(x=[53, 1], edge_index=[2, 64], edge_attr=[64, 3], y=0.0, custom_label=0.0, min_label=0, max_label=8, instance_name='p15.txt');0.0;0.23499329388141632;0.00013598408258985728;4.0150612790057494e-07
Data(x=[64, 1], edge_index=[2, 74], edge_attr=[74, 3], y=8.0, custom_label=1.0, min_label=0, max_label=8, instance_name='p15.txt');1.0;0.23499329388141632;0.20763477683067322;4.0150612790057494e-07
Data(x=[64, 1], edge_index=[2, 74], edge_attr=[74, 3], y=7.0, custom_label=0.875, min_label=0, max_label=8, instance_name='p15.txt');0.875;0.23499329388141632;0.20763477683067322;4.0150612790057494e-07
Data(x=[64, 1], edge_index=[2, 74], edge_attr=[74, 3], y=6.0, custom_label=0.75, min_label=0, max_label=8, instance_name='p15.txt');0.75;0.23499329388141632;0.20763477683067322;4.0150612790057494e-07
Data(x=[64, 1], edge_index=[2, 74], edge_attr=[74, 3], y=5.0, custom_label=0.625, min_label=0, max_label=8, instance_name='p15.txt');0.625;0.23499329388141632;0.20763477683067322;4.0150612790057494e-07
Data(x=[64, 1], edge_index=[2, 74], edge_attr=[74, 3], y=4.0, custom_label=0.5, min_label=0, max_label=8, instance_name='p15.txt');0.5;0.23499329388141632;0.199941486120224;4.0150612790057494e-07
Data(x=[64, 1], edge_index=[2, 74], edge_attr=[74, 3], y=3.0, custom_label=0.375, min_label=0, max_label=8, instance_name='p15.txt');0.375;0.23499329388141632;0.199941486120224;4.0150612790057494e-07
Data(x=[64, 1], edge_index=[2, 74], edge_attr=[74, 3], y=2.0, custom_label=0.25, min_label=0, max_label=8, instance_name='p15.txt');0.25;0.23499329388141632;0.20763477683067322;4.0150612790057494e-07
Data(x=[65, 1], edge_index=[2, 76], edge_attr=[76, 3], y=1.0, custom_label=0.125, min_label=0, max_label=8, instance_name='p15.txt');0.125;0.23499329388141632;0.042414840310811996;4.0150612790057494e-07
Data(x=[65, 1], edge_index=[2, 76], edge_attr=[76, 3], y=0.0, custom_label=0.0, min_label=0, max_label=8, instance_name='p15.txt');0.0;0.23499329388141632;0.00011189332144567743;4.0150612790057494e-07
Data(x=[88, 1], edge_index=[2, 92], edge_attr=[92, 3], y=146.0, custom_label=1.0, min_label=0, max_label=146, instance_name='p16.txt');1.0;0.23499329388141632;0.6896288394927979;4.0150612790057494e-07
Data(x=[88, 1], edge_index=[2, 92], edge_attr=[92, 3], y=145.0, custom_label=0.9931507, min_label=0, max_label=146, instance_name='p16.txt');0.9931507110595703;0.23499329388141632;0.6896288394927979;4.0150612790057494e-07
Data(x=[88, 1], edge_index=[2, 92], edge_attr=[92, 3], y=144.0, custom_label=0.98630136, min_label=0, max_label=146, instance_name='p16.txt');0.9863013625144958;0.23499329388141632;0.6896288394927979;4.0150612790057494e-07
Data(x=[88, 1], edge_index=[2, 92], edge_attr=[92, 3], y=143.0, custom_label=0.9794521, min_label=0, max_label=146, instance_name='p16.txt');0.9794520735740662;0.23499329388141632;0.6896288394927979;4.0150612790057494e-07
Data(x=[88, 1], edge_index=[2, 92], edge_attr=[92, 3], y=142.0, custom_label=0.9726027, min_label=0, max_label=146, instance_name='p16.txt');0.9726027250289917;0.23499329388141632;0.6896288394927979;4.0150612790057494e-07
Data(x=[88, 1], edge_index=[2, 92], edge_attr=[92, 3], y=141.0, custom_label=0.96575344, min_label=0, max_label=146, instance_name='p16.txt');0.965753436088562;0.23499329388141632;0.6896288394927979;4.0150612790057494e-07
Data(x=[88, 1], edge_index=[2, 92], edge_attr=[92, 3], y=140.0, custom_label=0.9589041, min_label=0, max_label=146, instance_name='p16.txt');0.9589040875434875;0.23499329388141632;0.6896288394927979;4.0150612790057494e-07
Data(x=[88, 1], edge_index=[2, 92], edge_attr=[92, 3], y=139.0, custom_label=0.9520548, min_label=0, max_label=146, instance_name='p16.txt');0.9520547986030579;0.23499329388141632;0.6896288394927979;4.0150612790057494e-07
Data(x=[88, 1], edge_index=[2, 92], edge_attr=[92, 3], y=138.0, custom_label=0.94520545, min_label=0, max_label=146, instance_name='p16.txt');0.9452054500579834;0.23499329388141632;0.6896288394927979;4.0150612790057494e-07
Data(x=[88, 1], edge_index=[2, 92], edge_attr=[92, 3], y=137.0, custom_label=0.93835616, min_label=0, max_label=146, instance_name='p16.txt');0.9383561611175537;0.23499329388141632;0.6896288394927979;4.0150612790057494e-07
Data(x=[88, 1], edge_index=[2, 92], edge_attr=[92, 3], y=136.0, custom_label=0.9315069, min_label=0, max_label=146, instance_name='p16.txt');0.931506872177124;0.23499329388141632;0.6896288394927979;4.0150612790057494e-07
Data(x=[88, 1], edge_index=[2, 92], edge_attr=[92, 3], y=135.0, custom_label=0.9246575, min_label=0, max_label=146, instance_name='p16.txt');0.9246575236320496;0.23499329388141632;0.6896288394927979;4.0150612790057494e-07
Data(x=[88, 1], edge_index=[2, 92], edge_attr=[92, 3], y=134.0, custom_label=0.91780823, min_label=0, max_label=146, instance_name='p16.txt');0.9178082346916199;0.23499329388141632;0.6896288394927979;4.0150612790057494e-07
Data(x=[88, 1], edge_index=[2, 92], edge_attr=[92, 3], y=133.0, custom_label=0.9109589, min_label=0, max_label=146, instance_name='p16.txt');0.9109588861465454;0.23499329388141632;0.6896288394927979;4.0150612790057494e-07
Data(x=[88, 1], edge_index=[2, 92], edge_attr=[92, 3], y=132.0, custom_label=0.9041096, min_label=0, max_label=146, instance_name='p16.txt');0.9041095972061157;0.23499329388141632;0.6896288394927979;4.0150612790057494e-07
Data(x=[88, 1], edge_index=[2, 92], edge_attr=[92, 3], y=131.0, custom_label=0.89726025, min_label=0, max_label=146, instance_name='p16.txt');0.8972602486610413;0.23499329388141632;0.6896288394927979;4.0150612790057494e-07
Data(x=[88, 1], edge_index=[2, 92], edge_attr=[92, 3], y=130.0, custom_label=0.89041096, min_label=0, max_label=146, instance_name='p16.txt');0.8904109597206116;0.23499329388141632;0.6896288394927979;4.0150612790057494e-07
Data(x=[88, 1], edge_index=[2, 92], edge_attr=[92, 3], y=129.0, custom_label=0.8835617, min_label=0, max_label=146, instance_name='p16.txt');0.8835616707801819;0.23499329388141632;0.6896288394927979;4.0150612790057494e-07
Data(x=[88, 1], edge_index=[2, 92], edge_attr=[92, 3], y=128.0, custom_label=0.8767123, min_label=0, max_label=146, instance_name='p16.txt');0.8767123222351074;0.23499329388141632;0.6896288394927979;4.0150612790057494e-07
Data(x=[88, 1], edge_index=[2, 92], edge_attr=[92, 3], y=127.0, custom_label=0.86986303, min_label=0, max_label=146, instance_name='p16.txt');0.8698630332946777;0.23499329388141632;0.6896288394927979;4.0150612790057494e-07
Data(x=[88, 1], edge_index=[2, 92], edge_attr=[92, 3], y=126.0, custom_label=0.8630137, min_label=0, max_label=146, instance_name='p16.txt');0.8630136847496033;0.23499329388141632;0.6896288394927979;4.0150612790057494e-07
Data(x=[88, 1], edge_index=[2, 92], edge_attr=[92, 3], y=125.0, custom_label=0.8561644, min_label=0, max_label=146, instance_name='p16.txt');0.8561643958091736;0.23499329388141632;0.6896288394927979;4.0150612790057494e-07
Data(x=[89, 1], edge_index=[2, 94], edge_attr=[94, 3], y=124.0, custom_label=0.84931505, min_label=0, max_label=146, instance_name='p16.txt');0.8493150472640991;0.23499329388141632;0.3019530475139618;4.0150612790057494e-07
Data(x=[88, 1], edge_index=[2, 92], edge_attr=[92, 3], y=123.0, custom_label=0.84246576, min_label=0, max_label=146, instance_name='p16.txt');0.8424657583236694;0.23499329388141632;0.6896288394927979;4.0150612790057494e-07
Data(x=[88, 1], edge_index=[2, 92], edge_attr=[92, 3], y=122.0, custom_label=0.8356164, min_label=0, max_label=146, instance_name='p16.txt');0.835616409778595;0.23499329388141632;0.6896288394927979;4.0150612790057494e-07
Data(x=[88, 1], edge_index=[2, 92], edge_attr=[92, 3], y=121.0, custom_label=0.8287671, min_label=0, max_label=146, instance_name='p16.txt');0.8287671208381653;0.23499329388141632;0.6896288394927979;4.0150612790057494e-07
Data(x=[88, 1], edge_index=[2, 92], edge_attr=[92, 3], y=120.0, custom_label=0.82191783, min_label=0, max_label=146, instance_name='p16.txt');0.8219178318977356;0.23499329388141632;0.6896288394927979;4.0150612790057494e-07
Data(x=[88, 1], edge_index=[2, 92], edge_attr=[92, 3], y=119.0, custom_label=0.8150685, min_label=0, max_label=146, instance_name='p16.txt');0.8150684833526611;0.23499329388141632;0.6896288394927979;4.0150612790057494e-07
Data(x=[88, 1], edge_index=[2, 92], edge_attr=[92, 3], y=118.0, custom_label=0.8082192, min_label=0, max_label=146, instance_name='p16.txt');0.8082191944122314;0.23499329388141632;0.6896288394927979;4.0150612790057494e-07
Data(x=[88, 1], edge_index=[2, 92], edge_attr=[92, 3], y=117.0, custom_label=0.80136985, min_label=0, max_label=146, instance_name='p16.txt');0.801369845867157;0.23499329388141632;0.6896288394927979;4.0150612790057494e-07
Data(x=[88, 1], edge_index=[2, 92], edge_attr=[92, 3], y=116.0, custom_label=0.79452056, min_label=0, max_label=146, instance_name='p16.txt');0.7945205569267273;0.23499329388141632;0.6896288394927979;4.0150612790057494e-07
Data(x=[88, 1], edge_index=[2, 92], edge_attr=[92, 3], y=115.0, custom_label=0.7876712, min_label=0, max_label=146, instance_name='p16.txt');0.7876712083816528;0.23499329388141632;0.6896288394927979;4.0150612790057494e-07
Data(x=[88, 1], edge_index=[2, 92], edge_attr=[92, 3], y=114.0, custom_label=0.7808219, min_label=0, max_label=146, instance_name='p16.txt');0.7808219194412231;0.23499329388141632;0.6896288394927979;4.0150612790057494e-07
Data(x=[88, 1], edge_index=[2, 92], edge_attr=[92, 3], y=113.0, custom_label=0.77397263, min_label=0, max_label=146, instance_name='p16.txt');0.7739726305007935;0.23499329388141632;0.6896288394927979;4.0150612790057494e-07
Data(x=[88, 1], edge_index=[2, 92], edge_attr=[92, 3], y=112.0, custom_label=0.7671233, min_label=0, max_label=146, instance_name='p16.txt');0.767123281955719;0.23499329388141632;0.6896288394927979;4.0150612790057494e-07
Data(x=[88, 1], edge_index=[2, 92], edge_attr=[92, 3], y=111.0, custom_label=0.760274, min_label=0, max_label=146, instance_name='p16.txt');0.7602739930152893;0.23499329388141632;0.6896288394927979;4.0150612790057494e-07
Data(x=[88, 1], edge_index=[2, 92], edge_attr=[92, 3], y=110.0, custom_label=0.75342464, min_label=0, max_label=146, instance_name='p16.txt');0.7534246444702148;0.23499329388141632;0.6896288394927979;4.0150612790057494e-07
Data(x=[88, 1], edge_index=[2, 92], edge_attr=[92, 3], y=109.0, custom_label=0.74657536, min_label=0, max_label=146, instance_name='p16.txt');0.7465753555297852;0.23499329388141632;0.6896288394927979;4.0150612790057494e-07
Data(x=[88, 1], edge_index=[2, 92], edge_attr=[92, 3], y=108.0, custom_label=0.739726, min_label=0, max_label=146, instance_name='p16.txt');0.7397260069847107;0.23499329388141632;0.6896288394927979;4.0150612790057494e-07
Data(x=[88, 1], edge_index=[2, 92], edge_attr=[92, 3], y=107.0, custom_label=0.7328767, min_label=0, max_label=146, instance_name='p16.txt');0.732876718044281;0.23499329388141632;0.6896288394927979;4.0150612790057494e-07
Data(x=[88, 1], edge_index=[2, 92], edge_attr=[92, 3], y=106.0, custom_label=0.72602737, min_label=0, max_label=146, instance_name='p16.txt');0.7260273694992065;0.23499329388141632;0.6896288394927979;4.0150612790057494e-07
Data(x=[88, 1], edge_index=[2, 92], edge_attr=[92, 3], y=105.0, custom_label=0.7191781, min_label=0, max_label=146, instance_name='p16.txt');0.7191780805587769;0.23499329388141632;0.6896288394927979;4.0150612790057494e-07
Data(x=[88, 1], edge_index=[2, 92], edge_attr=[92, 3], y=104.0, custom_label=0.7123288, min_label=0, max_label=146, instance_name='p16.txt');0.7123287916183472;0.23499329388141632;0.6896288394927979;4.0150612790057494e-07
Data(x=[88, 1], edge_index=[2, 92], edge_attr=[92, 3], y=103.0, custom_label=0.70547944, min_label=0, max_label=146, instance_name='p16.txt');0.7054794430732727;0.23499329388141632;0.6896288394927979;4.0150612790057494e-07
Data(x=[88, 1], edge_index=[2, 92], edge_attr=[92, 3], y=102.0, custom_label=0.69863015, min_label=0, max_label=146, instance_name='p16.txt');0.698630154132843;0.23499329388141632;0.6896288394927979;4.0150612790057494e-07
Data(x=[88, 1], edge_index=[2, 92], edge_attr=[92, 3], y=101.0, custom_label=0.6917808, min_label=0, max_label=146, instance_name='p16.txt');0.6917808055877686;0.23499329388141632;0.6896288394927979;4.0150612790057494e-07
Data(x=[88, 1], edge_index=[2, 92], edge_attr=[92, 3], y=100.0, custom_label=0.6849315, min_label=0, max_label=146, instance_name='p16.txt');0.6849315166473389;0.23499329388141632;0.6896288394927979;4.0150612790057494e-07
Data(x=[88, 1], edge_index=[2, 92], edge_attr=[92, 3], y=99.0, custom_label=0.67808217, min_label=0, max_label=146, instance_name='p16.txt');0.6780821681022644;0.23499329388141632;0.6896288394927979;4.0150612790057494e-07
Data(x=[88, 1], edge_index=[2, 92], edge_attr=[92, 3], y=98.0, custom_label=0.6712329, min_label=0, max_label=146, instance_name='p16.txt');0.6712328791618347;0.23499329388141632;0.6896288394927979;4.0150612790057494e-07
Data(x=[88, 1], edge_index=[2, 92], edge_attr=[92, 3], y=97.0, custom_label=0.6643836, min_label=0, max_label=146, instance_name='p16.txt');0.664383590221405;0.23499329388141632;0.6896288394927979;4.0150612790057494e-07
Data(x=[88, 1], edge_index=[2, 92], edge_attr=[92, 3], y=96.0, custom_label=0.65753424, min_label=0, max_label=146, instance_name='p16.txt');0.6575342416763306;0.23499329388141632;0.6896288394927979;4.0150612790057494e-07
Data(x=[88, 1], edge_index=[2, 92], edge_attr=[92, 3], y=95.0, custom_label=0.65068495, min_label=0, max_label=146, instance_name='p16.txt');0.6506849527359009;0.23499329388141632;0.6896288394927979;4.0150612790057494e-07
Data(x=[88, 1], edge_index=[2, 92], edge_attr=[92, 3], y=94.0, custom_label=0.6438356, min_label=0, max_label=146, instance_name='p16.txt');0.6438356041908264;0.23499329388141632;0.6896288394927979;4.0150612790057494e-07
Data(x=[88, 1], edge_index=[2, 92], edge_attr=[92, 3], y=93.0, custom_label=0.6369863, min_label=0, max_label=146, instance_name='p16.txt');0.6369863152503967;0.23499329388141632;0.6896288394927979;4.0150612790057494e-07
Data(x=[88, 1], edge_index=[2, 92], edge_attr=[92, 3], y=92.0, custom_label=0.63013697, min_label=0, max_label=146, instance_name='p16.txt');0.6301369667053223;0.23499329388141632;0.6896288394927979;4.0150612790057494e-07
Data(x=[88, 1], edge_index=[2, 92], edge_attr=[92, 3], y=91.0, custom_label=0.6232877, min_label=0, max_label=146, instance_name='p16.txt');0.6232876777648926;0.23499329388141632;0.6896288394927979;4.0150612790057494e-07
Data(x=[88, 1], edge_index=[2, 92], edge_attr=[92, 3], y=90.0, custom_label=0.6164383, min_label=0, max_label=146, instance_name='p16.txt');0.6164383292198181;0.23499329388141632;0.6896288394927979;4.0150612790057494e-07
Data(x=[88, 1], edge_index=[2, 92], edge_attr=[92, 3], y=89.0, custom_label=0.60958904, min_label=0, max_label=146, instance_name='p16.txt');0.6095890402793884;0.23499329388141632;0.6896288394927979;4.0150612790057494e-07
Data(x=[88, 1], edge_index=[2, 92], edge_attr=[92, 3], y=88.0, custom_label=0.60273975, min_label=0, max_label=146, instance_name='p16.txt');0.6027397513389587;0.23499329388141632;0.6896288394927979;4.0150612790057494e-07
Data(x=[88, 1], edge_index=[2, 92], edge_attr=[92, 3], y=87.0, custom_label=0.5958904, min_label=0, max_label=146, instance_name='p16.txt');0.5958904027938843;0.23499329388141632;0.6896288394927979;4.0150612790057494e-07
Data(x=[88, 1], edge_index=[2, 92], edge_attr=[92, 3], y=86.0, custom_label=0.5890411, min_label=0, max_label=146, instance_name='p16.txt');0.5890411138534546;0.23499329388141632;0.6896288394927979;4.0150612790057494e-07
Data(x=[88, 1], edge_index=[2, 92], edge_attr=[92, 3], y=85.0, custom_label=0.58219177, min_label=0, max_label=146, instance_name='p16.txt');0.5821917653083801;0.23499329388141632;0.6896288394927979;4.0150612790057494e-07
Data(x=[88, 1], edge_index=[2, 92], edge_attr=[92, 3], y=84.0, custom_label=0.5753425, min_label=0, max_label=146, instance_name='p16.txt');0.5753424763679504;0.23499329388141632;0.6896288394927979;4.0150612790057494e-07
Data(x=[88, 1], edge_index=[2, 92], edge_attr=[92, 3], y=83.0, custom_label=0.5684931, min_label=0, max_label=146, instance_name='p16.txt');0.568493127822876;0.23499329388141632;0.6896288394927979;4.0150612790057494e-07
Data(x=[88, 1], edge_index=[2, 92], edge_attr=[92, 3], y=82.0, custom_label=0.56164384, min_label=0, max_label=146, instance_name='p16.txt');0.5616438388824463;0.23499329388141632;0.6896288394927979;4.0150612790057494e-07
Data(x=[88, 1], edge_index=[2, 92], edge_attr=[92, 3], y=81.0, custom_label=0.55479455, min_label=0, max_label=146, instance_name='p16.txt');0.5547945499420166;0.23499329388141632;0.6896288394927979;4.0150612790057494e-07
Data(x=[88, 1], edge_index=[2, 92], edge_attr=[92, 3], y=80.0, custom_label=0.5479452, min_label=0, max_label=146, instance_name='p16.txt');0.5479452013969421;0.23499329388141632;0.6896288394927979;4.0150612790057494e-07
Data(x=[88, 1], edge_index=[2, 92], edge_attr=[92, 3], y=79.0, custom_label=0.5410959, min_label=0, max_label=146, instance_name='p16.txt');0.5410959124565125;0.23499329388141632;0.6896288394927979;4.0150612790057494e-07
Data(x=[88, 1], edge_index=[2, 92], edge_attr=[92, 3], y=78.0, custom_label=0.53424656, min_label=0, max_label=146, instance_name='p16.txt');0.534246563911438;0.23499329388141632;0.6896288394927979;4.0150612790057494e-07
Data(x=[88, 1], edge_index=[2, 92], edge_attr=[92, 3], y=77.0, custom_label=0.5273973, min_label=0, max_label=146, instance_name='p16.txt');0.5273972749710083;0.23499329388141632;0.6896288394927979;4.0150612790057494e-07
Data(x=[88, 1], edge_index=[2, 92], edge_attr=[92, 3], y=76.0, custom_label=0.5205479, min_label=0, max_label=146, instance_name='p16.txt');0.5205479264259338;0.23499329388141632;0.6896288394927979;4.0150612790057494e-07
Data(x=[88, 1], edge_index=[2, 92], edge_attr=[92, 3], y=75.0, custom_label=0.51369864, min_label=0, max_label=146, instance_name='p16.txt');0.5136986374855042;0.23499329388141632;0.6896288394927979;4.0150612790057494e-07
Data(x=[88, 1], edge_index=[2, 92], edge_attr=[92, 3], y=74.0, custom_label=0.5068493, min_label=0, max_label=146, instance_name='p16.txt');0.5068492889404297;0.23499329388141632;0.6896288394927979;4.0150612790057494e-07
Data(x=[88, 1], edge_index=[2, 92], edge_attr=[92, 3], y=73.0, custom_label=0.5, min_label=0, max_label=146, instance_name='p16.txt');0.5;0.23499329388141632;0.6896288394927979;4.0150612790057494e-07
Data(x=[89, 1], edge_index=[2, 94], edge_attr=[94, 3], y=72.0, custom_label=0.49315068, min_label=0, max_label=146, instance_name='p16.txt');0.4931506812572479;0.23499329388141632;0.3019530475139618;4.0150612790057494e-07
Data(x=[88, 1], edge_index=[2, 92], edge_attr=[92, 3], y=71.0, custom_label=0.48630136, min_label=0, max_label=146, instance_name='p16.txt');0.48630136251449585;0.23499329388141632;0.6896288394927979;4.0150612790057494e-07
Data(x=[88, 1], edge_index=[2, 92], edge_attr=[92, 3], y=70.0, custom_label=0.47945204, min_label=0, max_label=146, instance_name='p16.txt');0.4794520437717438;0.23499329388141632;0.6896288394927979;4.0150612790057494e-07
Data(x=[88, 1], edge_index=[2, 92], edge_attr=[92, 3], y=69.0, custom_label=0.47260273, min_label=0, max_label=146, instance_name='p16.txt');0.4726027250289917;0.23499329388141632;0.6896288394927979;4.0150612790057494e-07
Data(x=[88, 1], edge_index=[2, 92], edge_attr=[92, 3], y=68.0, custom_label=0.46575344, min_label=0, max_label=146, instance_name='p16.txt');0.465753436088562;0.23499329388141632;0.6896288394927979;4.0150612790057494e-07
Data(x=[88, 1], edge_index=[2, 92], edge_attr=[92, 3], y=67.0, custom_label=0.45890412, min_label=0, max_label=146, instance_name='p16.txt');0.45890411734580994;0.23499329388141632;0.6896288394927979;4.0150612790057494e-07
Data(x=[88, 1], edge_index=[2, 92], edge_attr=[92, 3], y=66.0, custom_label=0.4520548, min_label=0, max_label=146, instance_name='p16.txt');0.45205479860305786;0.23499329388141632;0.6896288394927979;4.0150612790057494e-07
Data(x=[88, 1], edge_index=[2, 92], edge_attr=[92, 3], y=65.0, custom_label=0.44520548, min_label=0, max_label=146, instance_name='p16.txt');0.4452054798603058;0.23499329388141632;0.6896288394927979;4.0150612790057494e-07
Data(x=[88, 1], edge_index=[2, 92], edge_attr=[92, 3], y=64.0, custom_label=0.43835616, min_label=0, max_label=146, instance_name='p16.txt');0.4383561611175537;0.23499329388141632;0.6896288394927979;4.0150612790057494e-07
Data(x=[88, 1], edge_index=[2, 92], edge_attr=[92, 3], y=63.0, custom_label=0.43150684, min_label=0, max_label=146, instance_name='p16.txt');0.43150684237480164;0.23499329388141632;0.6896288394927979;4.0150612790057494e-07
Data(x=[88, 1], edge_index=[2, 92], edge_attr=[92, 3], y=62.0, custom_label=0.42465752, min_label=0, max_label=146, instance_name='p16.txt');0.42465752363204956;0.23499329388141632;0.6896288394927979;4.0150612790057494e-07
Data(x=[88, 1], edge_index=[2, 92], edge_attr=[92, 3], y=61.0, custom_label=0.4178082, min_label=0, max_label=146, instance_name='p16.txt');0.4178082048892975;0.23499329388141632;0.6896288394927979;4.0150612790057494e-07
Data(x=[88, 1], edge_index=[2, 92], edge_attr=[92, 3], y=60.0, custom_label=0.41095892, min_label=0, max_label=146, instance_name='p16.txt');0.4109589159488678;0.23499329388141632;0.6896288394927979;4.0150612790057494e-07
Data(x=[88, 1], edge_index=[2, 92], edge_attr=[92, 3], y=59.0, custom_label=0.4041096, min_label=0, max_label=146, instance_name='p16.txt');0.4041095972061157;0.23499329388141632;0.6896288394927979;4.0150612790057494e-07
Data(x=[88, 1], edge_index=[2, 92], edge_attr=[92, 3], y=58.0, custom_label=0.39726028, min_label=0, max_label=146, instance_name='p16.txt');0.39726027846336365;0.23499329388141632;0.6896288394927979;4.0150612790057494e-07
Data(x=[88, 1], edge_index=[2, 92], edge_attr=[92, 3], y=57.0, custom_label=0.39041096, min_label=0, max_label=146, instance_name='p16.txt');0.3904109597206116;0.23499329388141632;0.6896288394927979;4.0150612790057494e-07
Data(x=[88, 1], edge_index=[2, 92], edge_attr=[92, 3], y=56.0, custom_label=0.38356164, min_label=0, max_label=146, instance_name='p16.txt');0.3835616409778595;0.23499329388141632;0.6896288394927979;4.0150612790057494e-07
Data(x=[88, 1], edge_index=[2, 92], edge_attr=[92, 3], y=55.0, custom_label=0.37671232, min_label=0, max_label=146, instance_name='p16.txt');0.3767123222351074;0.23499329388141632;0.6896288394927979;4.0150612790057494e-07
Data(x=[88, 1], edge_index=[2, 92], edge_attr=[92, 3], y=54.0, custom_label=0.369863, min_label=0, max_label=146, instance_name='p16.txt');0.36986300349235535;0.23499329388141632;0.6896288394927979;4.0150612790057494e-07
Data(x=[88, 1], edge_index=[2, 92], edge_attr=[92, 3], y=53.0, custom_label=0.36301368, min_label=0, max_label=146, instance_name='p16.txt');0.36301368474960327;0.23499329388141632;0.6896288394927979;4.0150612790057494e-07
Data(x=[88, 1], edge_index=[2, 92], edge_attr=[92, 3], y=52.0, custom_label=0.3561644, min_label=0, max_label=146, instance_name='p16.txt');0.3561643958091736;0.23499329388141632;0.6896288394927979;4.0150612790057494e-07
Data(x=[88, 1], edge_index=[2, 92], edge_attr=[92, 3], y=51.0, custom_label=0.34931508, min_label=0, max_label=146, instance_name='p16.txt');0.3493150770664215;0.23499329388141632;0.6896288394927979;4.0150612790057494e-07
Data(x=[88, 1], edge_index=[2, 92], edge_attr=[92, 3], y=50.0, custom_label=0.34246576, min_label=0, max_label=146, instance_name='p16.txt');0.34246575832366943;0.23499329388141632;0.6896288394927979;4.0150612790057494e-07
Data(x=[88, 1], edge_index=[2, 92], edge_attr=[92, 3], y=49.0, custom_label=0.33561644, min_label=0, max_label=146, instance_name='p16.txt');0.33561643958091736;0.23499329388141632;0.6896288394927979;4.0150612790057494e-07
Data(x=[89, 1], edge_index=[2, 94], edge_attr=[94, 3], y=48.0, custom_label=0.32876712, min_label=0, max_label=146, instance_name='p16.txt');0.3287671208381653;0.23499329388141632;0.3019530475139618;4.0150612790057494e-07
Data(x=[88, 1], edge_index=[2, 92], edge_attr=[92, 3], y=47.0, custom_label=0.3219178, min_label=0, max_label=146, instance_name='p16.txt');0.3219178020954132;0.23499329388141632;0.6896288394927979;4.0150612790057494e-07
Data(x=[88, 1], edge_index=[2, 92], edge_attr=[92, 3], y=46.0, custom_label=0.31506848, min_label=0, max_label=146, instance_name='p16.txt');0.31506848335266113;0.23499329388141632;0.6896288394927979;4.0150612790057494e-07
Data(x=[88, 1], edge_index=[2, 92], edge_attr=[92, 3], y=45.0, custom_label=0.30821916, min_label=0, max_label=146, instance_name='p16.txt');0.30821916460990906;0.23499329388141632;0.6896288394927979;4.0150612790057494e-07
Data(x=[88, 1], edge_index=[2, 92], edge_attr=[92, 3], y=44.0, custom_label=0.30136988, min_label=0, max_label=146, instance_name='p16.txt');0.30136987566947937;0.23499329388141632;0.6896288394927979;4.0150612790057494e-07
Data(x=[88, 1], edge_index=[2, 92], edge_attr=[92, 3], y=43.0, custom_label=0.29452056, min_label=0, max_label=146, instance_name='p16.txt');0.2945205569267273;0.23499329388141632;0.6896288394927979;4.0150612790057494e-07
Data(x=[88, 1], edge_index=[2, 92], edge_attr=[92, 3], y=42.0, custom_label=0.28767124, min_label=0, max_label=146, instance_name='p16.txt');0.2876712381839752;0.23499329388141632;0.6896288394927979;4.0150612790057494e-07
Data(x=[88, 1], edge_index=[2, 92], edge_attr=[92, 3], y=41.0, custom_label=0.28082192, min_label=0, max_label=146, instance_name='p16.txt');0.28082191944122314;0.23499329388141632;0.6896288394927979;4.0150612790057494e-07
Data(x=[88, 1], edge_index=[2, 92], edge_attr=[92, 3], y=40.0, custom_label=0.2739726, min_label=0, max_label=146, instance_name='p16.txt');0.27397260069847107;0.23499329388141632;0.6896288394927979;4.0150612790057494e-07
Data(x=[88, 1], edge_index=[2, 92], edge_attr=[92, 3], y=39.0, custom_label=0.26712328, min_label=0, max_label=146, instance_name='p16.txt');0.267123281955719;0.23499329388141632;0.6896288394927979;4.0150612790057494e-07
Data(x=[88, 1], edge_index=[2, 92], edge_attr=[92, 3], y=38.0, custom_label=0.26027396, min_label=0, max_label=146, instance_name='p16.txt');0.2602739632129669;0.23499329388141632;0.6896288394927979;4.0150612790057494e-07
Data(x=[88, 1], edge_index=[2, 92], edge_attr=[92, 3], y=37.0, custom_label=0.25342464, min_label=0, max_label=146, instance_name='p16.txt');0.25342464447021484;0.23499329388141632;0.6896288394927979;4.0150612790057494e-07
Data(x=[88, 1], edge_index=[2, 92], edge_attr=[92, 3], y=36.0, custom_label=0.24657534, min_label=0, max_label=146, instance_name='p16.txt');0.24657534062862396;0.23499329388141632;0.6896288394927979;4.0150612790057494e-07
Data(x=[88, 1], edge_index=[2, 92], edge_attr=[92, 3], y=35.0, custom_label=0.23972602, min_label=0, max_label=146, instance_name='p16.txt');0.2397260218858719;0.23499329388141632;0.6896288394927979;4.0150612790057494e-07
Data(x=[88, 1], edge_index=[2, 92], edge_attr=[92, 3], y=34.0, custom_label=0.23287672, min_label=0, max_label=146, instance_name='p16.txt');0.232876718044281;0.23499329388141632;0.6896288394927979;4.0150612790057494e-07
Data(x=[88, 1], edge_index=[2, 92], edge_attr=[92, 3], y=33.0, custom_label=0.2260274, min_label=0, max_label=146, instance_name='p16.txt');0.22602739930152893;0.23499329388141632;0.6896288394927979;4.0150612790057494e-07
Data(x=[88, 1], edge_index=[2, 92], edge_attr=[92, 3], y=32.0, custom_label=0.21917808, min_label=0, max_label=146, instance_name='p16.txt');0.21917808055877686;0.23499329388141632;0.6896288394927979;4.0150612790057494e-07
Data(x=[88, 1], edge_index=[2, 92], edge_attr=[92, 3], y=31.0, custom_label=0.21232876, min_label=0, max_label=146, instance_name='p16.txt');0.21232876181602478;0.23499329388141632;0.6896288394927979;4.0150612790057494e-07
Data(x=[89, 1], edge_index=[2, 94], edge_attr=[94, 3], y=30.0, custom_label=0.20547946, min_label=0, max_label=146, instance_name='p16.txt');0.2054794579744339;0.23499329388141632;0.3019530475139618;4.0150612790057494e-07
Data(x=[88, 1], edge_index=[2, 92], edge_attr=[92, 3], y=29.0, custom_label=0.19863014, min_label=0, max_label=146, instance_name='p16.txt');0.19863013923168182;0.23499329388141632;0.6896288394927979;4.0150612790057494e-07
Data(x=[88, 1], edge_index=[2, 92], edge_attr=[92, 3], y=28.0, custom_label=0.19178082, min_label=0, max_label=146, instance_name='p16.txt');0.19178082048892975;0.23499329388141632;0.6896288394927979;4.0150612790057494e-07
Data(x=[88, 1], edge_index=[2, 92], edge_attr=[92, 3], y=27.0, custom_label=0.1849315, min_label=0, max_label=146, instance_name='p16.txt');0.18493150174617767;0.23499329388141632;0.6896288394927979;4.0150612790057494e-07
Data(x=[89, 1], edge_index=[2, 94], edge_attr=[94, 3], y=26.0, custom_label=0.1780822, min_label=0, max_label=146, instance_name='p16.txt');0.1780821979045868;0.23499329388141632;0.3019530475139618;4.0150612790057494e-07
Data(x=[89, 1], edge_index=[2, 94], edge_attr=[94, 3], y=25.0, custom_label=0.17123288, min_label=0, max_label=146, instance_name='p16.txt');0.17123287916183472;0.23499329388141632;0.3019530475139618;4.0150612790057494e-07
Data(x=[89, 1], edge_index=[2, 94], edge_attr=[94, 3], y=24.0, custom_label=0.16438356, min_label=0, max_label=146, instance_name='p16.txt');0.16438356041908264;0.23499329388141632;0.3019530475139618;4.0150612790057494e-07
Data(x=[89, 1], edge_index=[2, 94], edge_attr=[94, 3], y=23.0, custom_label=0.15753424, min_label=0, max_label=146, instance_name='p16.txt');0.15753424167633057;0.23499329388141632;0.3019530475139618;4.0150612790057494e-07
Data(x=[89, 1], edge_index=[2, 94], edge_attr=[94, 3], y=22.0, custom_label=0.15068494, min_label=0, max_label=146, instance_name='p16.txt');0.15068493783473969;0.23499329388141632;0.3019530475139618;4.0150612790057494e-07
Data(x=[89, 1], edge_index=[2, 94], edge_attr=[94, 3], y=21.0, custom_label=0.14383562, min_label=0, max_label=146, instance_name='p16.txt');0.1438356190919876;0.23499329388141632;0.3019530475139618;4.0150612790057494e-07
Data(x=[89, 1], edge_index=[2, 94], edge_attr=[94, 3], y=20.0, custom_label=0.1369863, min_label=0, max_label=146, instance_name='p16.txt');0.13698630034923553;0.23499329388141632;0.3019530475139618;4.0150612790057494e-07
Data(x=[89, 1], edge_index=[2, 94], edge_attr=[94, 3], y=19.0, custom_label=0.13013698, min_label=0, max_label=146, instance_name='p16.txt');0.13013698160648346;0.23499329388141632;0.3019530475139618;4.0150612790057494e-07
Data(x=[89, 1], edge_index=[2, 94], edge_attr=[94, 3], y=18.0, custom_label=0.12328767, min_label=0, max_label=146, instance_name='p16.txt');0.12328767031431198;0.23499329388141632;0.3019530475139618;4.0150612790057494e-07
Data(x=[89, 1], edge_index=[2, 94], edge_attr=[94, 3], y=17.0, custom_label=0.11643836, min_label=0, max_label=146, instance_name='p16.txt');0.1164383590221405;0.23499329388141632;0.3019530475139618;4.0150612790057494e-07
Data(x=[89, 1], edge_index=[2, 94], edge_attr=[94, 3], y=16.0, custom_label=0.10958904, min_label=0, max_label=146, instance_name='p16.txt');0.10958904027938843;0.23499329388141632;0.3019530475139618;4.0150612790057494e-07
Data(x=[89, 1], edge_index=[2, 94], edge_attr=[94, 3], y=15.0, custom_label=0.10273973, min_label=0, max_label=146, instance_name='p16.txt');0.10273972898721695;0.23499329388141632;0.3019530475139618;4.0150612790057494e-07
Data(x=[89, 1], edge_index=[2, 94], edge_attr=[94, 3], y=14.0, custom_label=0.09589041, min_label=0, max_label=146, instance_name='p16.txt');0.09589041024446487;0.23499329388141632;0.3019530475139618;4.0150612790057494e-07
Data(x=[89, 1], edge_index=[2, 94], edge_attr=[94, 3], y=13.0, custom_label=0.0890411, min_label=0, max_label=146, instance_name='p16.txt');0.0890410989522934;0.23499329388141632;0.3019530475139618;4.0150612790057494e-07
Data(x=[89, 1], edge_index=[2, 94], edge_attr=[94, 3], y=12.0, custom_label=0.08219178, min_label=0, max_label=146, instance_name='p16.txt');0.08219178020954132;0.23499329388141632;0.3019530475139618;4.0150612790057494e-07
Data(x=[89, 1], edge_index=[2, 94], edge_attr=[94, 3], y=11.0, custom_label=0.07534247, min_label=0, max_label=146, instance_name='p16.txt');0.07534246891736984;0.23499329388141632;0.3019530475139618;4.0150612790057494e-07
Data(x=[89, 1], edge_index=[2, 94], edge_attr=[94, 3], y=10.0, custom_label=0.06849315, min_label=0, max_label=146, instance_name='p16.txt');0.06849315017461777;0.23499329388141632;0.3019530475139618;4.0150612790057494e-07
Data(x=[89, 1], edge_index=[2, 94], edge_attr=[94, 3], y=9.0, custom_label=0.061643835, min_label=0, max_label=146, instance_name='p16.txt');0.06164383515715599;0.23499329388141632;0.3019530475139618;4.0150612790057494e-07
Data(x=[89, 1], edge_index=[2, 94], edge_attr=[94, 3], y=8.0, custom_label=0.05479452, min_label=0, max_label=146, instance_name='p16.txt');0.054794520139694214;0.23499329388141632;0.3019530475139618;4.0150612790057494e-07
Data(x=[89, 1], edge_index=[2, 94], edge_attr=[94, 3], y=7.0, custom_label=0.047945205, min_label=0, max_label=146, instance_name='p16.txt');0.04794520512223244;0.23499329388141632;0.3019530475139618;4.0150612790057494e-07
Data(x=[89, 1], edge_index=[2, 94], edge_attr=[94, 3], y=6.0, custom_label=0.04109589, min_label=0, max_label=146, instance_name='p16.txt');0.04109589010477066;0.23499329388141632;0.3019530475139618;4.0150612790057494e-07
Data(x=[90, 1], edge_index=[2, 96], edge_attr=[96, 3], y=5.0, custom_label=0.034246575, min_label=0, max_label=146, instance_name='p16.txt');0.034246575087308884;0.23499329388141632;0.17668692767620087;4.0150612790057494e-07
Data(x=[90, 1], edge_index=[2, 96], edge_attr=[96, 3], y=4.0, custom_label=0.02739726, min_label=0, max_label=146, instance_name='p16.txt');0.027397260069847107;0.23499329388141632;0.17668692767620087;4.0150612790057494e-07
Data(x=[90, 1], edge_index=[2, 96], edge_attr=[96, 3], y=3.0, custom_label=0.020547945, min_label=0, max_label=146, instance_name='p16.txt');0.02054794505238533;0.23499329388141632;0.17668692767620087;4.0150612790057494e-07
Data(x=[90, 1], edge_index=[2, 96], edge_attr=[96, 3], y=2.0, custom_label=0.01369863, min_label=0, max_label=146, instance_name='p16.txt');0.013698630034923553;0.23499329388141632;0.17668692767620087;4.0150612790057494e-07
Data(x=[90, 1], edge_index=[2, 96], edge_attr=[96, 3], y=1.0, custom_label=0.006849315, min_label=0, max_label=146, instance_name='p16.txt');0.006849315017461777;0.23499329388141632;0.17668692767620087;4.0150612790057494e-07
Data(x=[91, 1], edge_index=[2, 98], edge_attr=[98, 3], y=0.0, custom_label=0.0, min_label=0, max_label=146, instance_name='p16.txt');0.0;0.23499329388141632;0.01940762810409069;4.0150612790057494e-07
Data(x=[78, 1], edge_index=[2, 82], edge_attr=[82, 3], y=92.0, custom_label=1.0, min_label=0, max_label=92, instance_name='p17.txt');1.0;0.23499329388141632;0.7078341245651245;4.0150612790057494e-07
Data(x=[78, 1], edge_index=[2, 82], edge_attr=[82, 3], y=91.0, custom_label=0.98913044, min_label=0, max_label=92, instance_name='p17.txt');0.989130437374115;0.23499329388141632;0.7078341245651245;4.0150612790057494e-07
Data(x=[78, 1], edge_index=[2, 82], edge_attr=[82, 3], y=90.0, custom_label=0.9782609, min_label=0, max_label=92, instance_name='p17.txt');0.97826087474823;0.23499329388141632;0.7078341245651245;4.0150612790057494e-07
Data(x=[78, 1], edge_index=[2, 82], edge_attr=[82, 3], y=89.0, custom_label=0.9673913, min_label=0, max_label=92, instance_name='p17.txt');0.967391312122345;0.23499329388141632;0.7078341245651245;4.0150612790057494e-07
Data(x=[78, 1], edge_index=[2, 82], edge_attr=[82, 3], y=88.0, custom_label=0.95652175, min_label=0, max_label=92, instance_name='p17.txt');0.95652174949646;0.23499329388141632;0.7078341245651245;4.0150612790057494e-07
Data(x=[78, 1], edge_index=[2, 82], edge_attr=[82, 3], y=87.0, custom_label=0.9456522, min_label=0, max_label=92, instance_name='p17.txt');0.945652186870575;0.23499329388141632;0.7078341245651245;4.0150612790057494e-07
Data(x=[78, 1], edge_index=[2, 82], edge_attr=[82, 3], y=86.0, custom_label=0.9347826, min_label=0, max_label=92, instance_name='p17.txt');0.9347826242446899;0.23499329388141632;0.7078341245651245;4.0150612790057494e-07
Data(x=[78, 1], edge_index=[2, 82], edge_attr=[82, 3], y=85.0, custom_label=0.92391306, min_label=0, max_label=92, instance_name='p17.txt');0.9239130616188049;0.23499329388141632;0.7078341245651245;4.0150612790057494e-07
Data(x=[78, 1], edge_index=[2, 82], edge_attr=[82, 3], y=84.0, custom_label=0.9130435, min_label=0, max_label=92, instance_name='p17.txt');0.9130434989929199;0.23499329388141632;0.7078341245651245;4.0150612790057494e-07
Data(x=[78, 1], edge_index=[2, 82], edge_attr=[82, 3], y=83.0, custom_label=0.90217394, min_label=0, max_label=92, instance_name='p17.txt');0.9021739363670349;0.23499329388141632;0.7078341245651245;4.0150612790057494e-07
Data(x=[78, 1], edge_index=[2, 82], edge_attr=[82, 3], y=82.0, custom_label=0.8913044, min_label=0, max_label=92, instance_name='p17.txt');0.8913043737411499;0.23499329388141632;0.7078341245651245;4.0150612790057494e-07
Data(x=[78, 1], edge_index=[2, 82], edge_attr=[82, 3], y=81.0, custom_label=0.8804348, min_label=0, max_label=92, instance_name='p17.txt');0.8804348111152649;0.23499329388141632;0.7078341245651245;4.0150612790057494e-07
Data(x=[78, 1], edge_index=[2, 82], edge_attr=[82, 3], y=80.0, custom_label=0.8695652, min_label=0, max_label=92, instance_name='p17.txt');0.8695651888847351;0.23499329388141632;0.7078341245651245;4.0150612790057494e-07
Data(x=[78, 1], edge_index=[2, 82], edge_attr=[82, 3], y=79.0, custom_label=0.8586956, min_label=0, max_label=92, instance_name='p17.txt');0.8586956262588501;0.23499329388141632;0.7078341245651245;4.0150612790057494e-07
Data(x=[78, 1], edge_index=[2, 82], edge_attr=[82, 3], y=78.0, custom_label=0.84782606, min_label=0, max_label=92, instance_name='p17.txt');0.8478260636329651;0.23499329388141632;0.7078341245651245;4.0150612790057494e-07
Data(x=[78, 1], edge_index=[2, 82], edge_attr=[82, 3], y=77.0, custom_label=0.8369565, min_label=0, max_label=92, instance_name='p17.txt');0.8369565010070801;0.23499329388141632;0.7078341245651245;4.0150612790057494e-07
Data(x=[78, 1], edge_index=[2, 82], edge_attr=[82, 3], y=76.0, custom_label=0.82608694, min_label=0, max_label=92, instance_name='p17.txt');0.8260869383811951;0.23499329388141632;0.7078341245651245;4.0150612790057494e-07
Data(x=[78, 1], edge_index=[2, 82], edge_attr=[82, 3], y=75.0, custom_label=0.8152174, min_label=0, max_label=92, instance_name='p17.txt');0.8152173757553101;0.23499329388141632;0.7078341245651245;4.0150612790057494e-07
Data(x=[78, 1], edge_index=[2, 82], edge_attr=[82, 3], y=74.0, custom_label=0.8043478, min_label=0, max_label=92, instance_name='p17.txt');0.804347813129425;0.23499329388141632;0.7078341245651245;4.0150612790057494e-07
Data(x=[78, 1], edge_index=[2, 82], edge_attr=[82, 3], y=73.0, custom_label=0.79347825, min_label=0, max_label=92, instance_name='p17.txt');0.79347825050354;0.23499329388141632;0.7078341245651245;4.0150612790057494e-07
Data(x=[78, 1], edge_index=[2, 82], edge_attr=[82, 3], y=72.0, custom_label=0.7826087, min_label=0, max_label=92, instance_name='p17.txt');0.782608687877655;0.23499329388141632;0.7078341245651245;4.0150612790057494e-07
Data(x=[78, 1], edge_index=[2, 82], edge_attr=[82, 3], y=71.0, custom_label=0.7717391, min_label=0, max_label=92, instance_name='p17.txt');0.77173912525177;0.23499329388141632;0.7078341245651245;4.0150612790057494e-07
Data(x=[78, 1], edge_index=[2, 82], edge_attr=[82, 3], y=70.0, custom_label=0.76086956, min_label=0, max_label=92, instance_name='p17.txt');0.760869562625885;0.23499329388141632;0.7078341245651245;4.0150612790057494e-07
Data(x=[78, 1], edge_index=[2, 82], edge_attr=[82, 3], y=69.0, custom_label=0.75, min_label=0, max_label=92, instance_name='p17.txt');0.75;0.23499329388141632;0.7078341245651245;4.0150612790057494e-07
Data(x=[79, 1], edge_index=[2, 84], edge_attr=[84, 3], y=68.0, custom_label=0.73913044, min_label=0, max_label=92, instance_name='p17.txt');0.739130437374115;0.23499329388141632;0.31545355916023254;4.0150612790057494e-07
Data(x=[78, 1], edge_index=[2, 82], edge_attr=[82, 3], y=67.0, custom_label=0.7282609, min_label=0, max_label=92, instance_name='p17.txt');0.72826087474823;0.23499329388141632;0.7078341245651245;4.0150612790057494e-07
Data(x=[78, 1], edge_index=[2, 82], edge_attr=[82, 3], y=66.0, custom_label=0.7173913, min_label=0, max_label=92, instance_name='p17.txt');0.717391312122345;0.23499329388141632;0.7078341245651245;4.0150612790057494e-07
Data(x=[78, 1], edge_index=[2, 82], edge_attr=[82, 3], y=65.0, custom_label=0.70652175, min_label=0, max_label=92, instance_name='p17.txt');0.70652174949646;0.23499329388141632;0.7078341245651245;4.0150612790057494e-07
Data(x=[78, 1], edge_index=[2, 82], edge_attr=[82, 3], y=64.0, custom_label=0.6956522, min_label=0, max_label=92, instance_name='p17.txt');0.695652186870575;0.23499329388141632;0.7078341245651245;4.0150612790057494e-07
Data(x=[78, 1], edge_index=[2, 82], edge_attr=[82, 3], y=63.0, custom_label=0.6847826, min_label=0, max_label=92, instance_name='p17.txt');0.6847826242446899;0.23499329388141632;0.7078341245651245;4.0150612790057494e-07
Data(x=[78, 1], edge_index=[2, 82], edge_attr=[82, 3], y=62.0, custom_label=0.67391306, min_label=0, max_label=92, instance_name='p17.txt');0.6739130616188049;0.23499329388141632;0.7078341245651245;4.0150612790057494e-07
Data(x=[78, 1], edge_index=[2, 82], edge_attr=[82, 3], y=61.0, custom_label=0.6630435, min_label=0, max_label=92, instance_name='p17.txt');0.6630434989929199;0.23499329388141632;0.7078341245651245;4.0150612790057494e-07
Data(x=[78, 1], edge_index=[2, 82], edge_attr=[82, 3], y=60.0, custom_label=0.65217394, min_label=0, max_label=92, instance_name='p17.txt');0.6521739363670349;0.23499329388141632;0.7078341245651245;4.0150612790057494e-07
Data(x=[78, 1], edge_index=[2, 82], edge_attr=[82, 3], y=59.0, custom_label=0.6413044, min_label=0, max_label=92, instance_name='p17.txt');0.6413043737411499;0.23499329388141632;0.7078341245651245;4.0150612790057494e-07
Data(x=[78, 1], edge_index=[2, 82], edge_attr=[82, 3], y=58.0, custom_label=0.6304348, min_label=0, max_label=92, instance_name='p17.txt');0.6304348111152649;0.23499329388141632;0.7078341245651245;4.0150612790057494e-07
Data(x=[78, 1], edge_index=[2, 82], edge_attr=[82, 3], y=57.0, custom_label=0.6195652, min_label=0, max_label=92, instance_name='p17.txt');0.6195651888847351;0.23499329388141632;0.7078341245651245;4.0150612790057494e-07
Data(x=[78, 1], edge_index=[2, 82], edge_attr=[82, 3], y=56.0, custom_label=0.6086956, min_label=0, max_label=92, instance_name='p17.txt');0.6086956262588501;0.23499329388141632;0.7078341245651245;4.0150612790057494e-07
Data(x=[78, 1], edge_index=[2, 82], edge_attr=[82, 3], y=55.0, custom_label=0.59782606, min_label=0, max_label=92, instance_name='p17.txt');0.5978260636329651;0.23499329388141632;0.7078341245651245;4.0150612790057494e-07
Data(x=[78, 1], edge_index=[2, 82], edge_attr=[82, 3], y=54.0, custom_label=0.5869565, min_label=0, max_label=92, instance_name='p17.txt');0.5869565010070801;0.23499329388141632;0.7078341245651245;4.0150612790057494e-07
Data(x=[78, 1], edge_index=[2, 82], edge_attr=[82, 3], y=53.0, custom_label=0.57608694, min_label=0, max_label=92, instance_name='p17.txt');0.5760869383811951;0.23499329388141632;0.7078341245651245;4.0150612790057494e-07
Data(x=[78, 1], edge_index=[2, 82], edge_attr=[82, 3], y=52.0, custom_label=0.5652174, min_label=0, max_label=92, instance_name='p17.txt');0.5652173757553101;0.23499329388141632;0.7078341245651245;4.0150612790057494e-07
Data(x=[78, 1], edge_index=[2, 82], edge_attr=[82, 3], y=51.0, custom_label=0.5543478, min_label=0, max_label=92, instance_name='p17.txt');0.554347813129425;0.23499329388141632;0.7078341245651245;4.0150612790057494e-07
Data(x=[78, 1], edge_index=[2, 82], edge_attr=[82, 3], y=50.0, custom_label=0.54347825, min_label=0, max_label=92, instance_name='p17.txt');0.54347825050354;0.23499329388141632;0.7078341245651245;4.0150612790057494e-07
Data(x=[78, 1], edge_index=[2, 82], edge_attr=[82, 3], y=49.0, custom_label=0.5326087, min_label=0, max_label=92, instance_name='p17.txt');0.532608687877655;0.23499329388141632;0.7078341245651245;4.0150612790057494e-07
Data(x=[78, 1], edge_index=[2, 82], edge_attr=[82, 3], y=48.0, custom_label=0.5217391, min_label=0, max_label=92, instance_name='p17.txt');0.52173912525177;0.23499329388141632;0.7078341245651245;4.0150612790057494e-07
Data(x=[78, 1], edge_index=[2, 82], edge_attr=[82, 3], y=47.0, custom_label=0.51086956, min_label=0, max_label=92, instance_name='p17.txt');0.510869562625885;0.23499329388141632;0.7078341245651245;4.0150612790057494e-07
Data(x=[78, 1], edge_index=[2, 82], edge_attr=[82, 3], y=46.0, custom_label=0.5, min_label=0, max_label=92, instance_name='p17.txt');0.5;0.23499329388141632;0.7078341245651245;4.0150612790057494e-07
Data(x=[78, 1], edge_index=[2, 82], edge_attr=[82, 3], y=45.0, custom_label=0.48913044, min_label=0, max_label=92, instance_name='p17.txt');0.489130437374115;0.23499329388141632;0.7078341245651245;4.0150612790057494e-07
Data(x=[78, 1], edge_index=[2, 82], edge_attr=[82, 3], y=44.0, custom_label=0.47826087, min_label=0, max_label=92, instance_name='p17.txt');0.47826087474823;0.23499329388141632;0.7078341245651245;4.0150612790057494e-07
Data(x=[78, 1], edge_index=[2, 82], edge_attr=[82, 3], y=43.0, custom_label=0.4673913, min_label=0, max_label=92, instance_name='p17.txt');0.46739131212234497;0.23499329388141632;0.7078341245651245;4.0150612790057494e-07
Data(x=[78, 1], edge_index=[2, 82], edge_attr=[82, 3], y=42.0, custom_label=0.45652175, min_label=0, max_label=92, instance_name='p17.txt');0.45652174949645996;0.23499329388141632;0.7078341245651245;4.0150612790057494e-07
Data(x=[78, 1], edge_index=[2, 82], edge_attr=[82, 3], y=41.0, custom_label=0.4456522, min_label=0, max_label=92, instance_name='p17.txt');0.44565218687057495;0.23499329388141632;0.7078341245651245;4.0150612790057494e-07
Data(x=[78, 1], edge_index=[2, 82], edge_attr=[82, 3], y=40.0, custom_label=0.4347826, min_label=0, max_label=92, instance_name='p17.txt');0.43478259444236755;0.23499329388141632;0.7078341245651245;4.0150612790057494e-07
Data(x=[78, 1], edge_index=[2, 82], edge_attr=[82, 3], y=39.0, custom_label=0.42391303, min_label=0, max_label=92, instance_name='p17.txt');0.42391303181648254;0.23499329388141632;0.7078341245651245;4.0150612790057494e-07
Data(x=[78, 1], edge_index=[2, 82], edge_attr=[82, 3], y=38.0, custom_label=0.41304347, min_label=0, max_label=92, instance_name='p17.txt');0.41304346919059753;0.23499329388141632;0.7078341245651245;4.0150612790057494e-07
Data(x=[78, 1], edge_index=[2, 82], edge_attr=[82, 3], y=37.0, custom_label=0.4021739, min_label=0, max_label=92, instance_name='p17.txt');0.4021739065647125;0.23499329388141632;0.7078341245651245;4.0150612790057494e-07
Data(x=[78, 1], edge_index=[2, 82], edge_attr=[82, 3], y=36.0, custom_label=0.39130434, min_label=0, max_label=92, instance_name='p17.txt');0.3913043439388275;0.23499329388141632;0.7078341245651245;4.0150612790057494e-07
Data(x=[78, 1], edge_index=[2, 82], edge_attr=[82, 3], y=35.0, custom_label=0.38043478, min_label=0, max_label=92, instance_name='p17.txt');0.3804347813129425;0.23499329388141632;0.7078341245651245;4.0150612790057494e-07
Data(x=[78, 1], edge_index=[2, 82], edge_attr=[82, 3], y=34.0, custom_label=0.36956522, min_label=0, max_label=92, instance_name='p17.txt');0.3695652186870575;0.23499329388141632;0.7078341245651245;4.0150612790057494e-07
Data(x=[78, 1], edge_index=[2, 82], edge_attr=[82, 3], y=33.0, custom_label=0.35869566, min_label=0, max_label=92, instance_name='p17.txt');0.3586956560611725;0.23499329388141632;0.7078341245651245;4.0150612790057494e-07
Data(x=[78, 1], edge_index=[2, 82], edge_attr=[82, 3], y=32.0, custom_label=0.3478261, min_label=0, max_label=92, instance_name='p17.txt');0.3478260934352875;0.23499329388141632;0.7078341245651245;4.0150612790057494e-07
Data(x=[78, 1], edge_index=[2, 82], edge_attr=[82, 3], y=31.0, custom_label=0.33695653, min_label=0, max_label=92, instance_name='p17.txt');0.33695653080940247;0.23499329388141632;0.7078341245651245;4.0150612790057494e-07
Data(x=[78, 1], edge_index=[2, 82], edge_attr=[82, 3], y=30.0, custom_label=0.32608697, min_label=0, max_label=92, instance_name='p17.txt');0.32608696818351746;0.23499329388141632;0.7078341245651245;4.0150612790057494e-07
Data(x=[78, 1], edge_index=[2, 82], edge_attr=[82, 3], y=29.0, custom_label=0.3152174, min_label=0, max_label=92, instance_name='p17.txt');0.31521740555763245;0.23499329388141632;0.7078341245651245;4.0150612790057494e-07
Data(x=[78, 1], edge_index=[2, 82], edge_attr=[82, 3], y=28.0, custom_label=0.3043478, min_label=0, max_label=92, instance_name='p17.txt');0.30434781312942505;0.23499329388141632;0.7078341245651245;4.0150612790057494e-07
Data(x=[79, 1], edge_index=[2, 84], edge_attr=[84, 3], y=27.0, custom_label=0.29347825, min_label=0, max_label=92, instance_name='p17.txt');0.29347825050354004;0.23499329388141632;0.31545358896255493;4.0150612790057494e-07
Data(x=[79, 1], edge_index=[2, 84], edge_attr=[84, 3], y=26.0, custom_label=0.2826087, min_label=0, max_label=92, instance_name='p17.txt');0.28260868787765503;0.23499329388141632;0.31545358896255493;4.0150612790057494e-07
Data(x=[79, 1], edge_index=[2, 84], edge_attr=[84, 3], y=25.0, custom_label=0.27173913, min_label=0, max_label=92, instance_name='p17.txt');0.27173912525177;0.23499329388141632;0.31545358896255493;4.0150612790057494e-07
Data(x=[79, 1], edge_index=[2, 84], edge_attr=[84, 3], y=24.0, custom_label=0.26086956, min_label=0, max_label=92, instance_name='p17.txt');0.260869562625885;0.23499329388141632;0.31545358896255493;4.0150612790057494e-07
Data(x=[79, 1], edge_index=[2, 84], edge_attr=[84, 3], y=23.0, custom_label=0.25, min_label=0, max_label=92, instance_name='p17.txt');0.25;0.23499329388141632;0.31545358896255493;4.0150612790057494e-07
Data(x=[80, 1], edge_index=[2, 86], edge_attr=[86, 3], y=22.0, custom_label=0.23913044, min_label=0, max_label=92, instance_name='p17.txt');0.239130437374115;0.23499329388141632;0.17462700605392456;4.0150612790057494e-07
Data(x=[79, 1], edge_index=[2, 84], edge_attr=[84, 3], y=21.0, custom_label=0.22826087, min_label=0, max_label=92, instance_name='p17.txt');0.22826087474822998;0.23499329388141632;0.31545358896255493;4.0150612790057494e-07
Data(x=[79, 1], edge_index=[2, 84], edge_attr=[84, 3], y=20.0, custom_label=0.2173913, min_label=0, max_label=92, instance_name='p17.txt');0.21739129722118378;0.23499329388141632;0.31545358896255493;4.0150612790057494e-07
Data(x=[79, 1], edge_index=[2, 84], edge_attr=[84, 3], y=19.0, custom_label=0.20652173, min_label=0, max_label=92, instance_name='p17.txt');0.20652173459529877;0.23499329388141632;0.31545358896255493;4.0150612790057494e-07
Data(x=[79, 1], edge_index=[2, 84], edge_attr=[84, 3], y=18.0, custom_label=0.19565217, min_label=0, max_label=92, instance_name='p17.txt');0.19565217196941376;0.23499329388141632;0.31545358896255493;4.0150612790057494e-07
Data(x=[79, 1], edge_index=[2, 84], edge_attr=[84, 3], y=17.0, custom_label=0.18478261, min_label=0, max_label=92, instance_name='p17.txt');0.18478260934352875;0.23499329388141632;0.31545358896255493;4.0150612790057494e-07
Data(x=[79, 1], edge_index=[2, 84], edge_attr=[84, 3], y=16.0, custom_label=0.17391305, min_label=0, max_label=92, instance_name='p17.txt');0.17391304671764374;0.23499329388141632;0.31545358896255493;4.0150612790057494e-07
Data(x=[79, 1], edge_index=[2, 84], edge_attr=[84, 3], y=15.0, custom_label=0.16304348, min_label=0, max_label=92, instance_name='p17.txt');0.16304348409175873;0.23499329388141632;0.31545358896255493;4.0150612790057494e-07
Data(x=[80, 1], edge_index=[2, 86], edge_attr=[86, 3], y=14.0, custom_label=0.1521739, min_label=0, max_label=92, instance_name='p17.txt');0.15217390656471252;0.23499329388141632;0.17462696135044098;4.0150612790057494e-07
Data(x=[79, 1], edge_index=[2, 84], edge_attr=[84, 3], y=13.0, custom_label=0.14130434, min_label=0, max_label=92, instance_name='p17.txt');0.14130434393882751;0.23499329388141632;0.31545358896255493;4.0150612790057494e-07
Data(x=[80, 1], edge_index=[2, 86], edge_attr=[86, 3], y=12.0, custom_label=0.13043478, min_label=0, max_label=92, instance_name='p17.txt');0.1304347813129425;0.23499329388141632;0.17462700605392456;4.0150612790057494e-07
Data(x=[80, 1], edge_index=[2, 86], edge_attr=[86, 3], y=11.0, custom_label=0.11956522, min_label=0, max_label=92, instance_name='p17.txt');0.1195652186870575;0.23499329388141632;0.17462696135044098;4.0150612790057494e-07
Data(x=[80, 1], edge_index=[2, 86], edge_attr=[86, 3], y=10.0, custom_label=0.10869565, min_label=0, max_label=92, instance_name='p17.txt');0.10869564861059189;0.23499329388141632;0.17462696135044098;4.0150612790057494e-07
Data(x=[80, 1], edge_index=[2, 86], edge_attr=[86, 3], y=9.0, custom_label=0.097826086, min_label=0, max_label=92, instance_name='p17.txt');0.09782608598470688;0.23499329388141632;0.17462696135044098;4.0150612790057494e-07
Data(x=[80, 1], edge_index=[2, 86], edge_attr=[86, 3], y=8.0, custom_label=0.08695652, min_label=0, max_label=92, instance_name='p17.txt');0.08695652335882187;0.23499329388141632;0.17462696135044098;4.0150612790057494e-07
Data(x=[80, 1], edge_index=[2, 86], edge_attr=[86, 3], y=7.0, custom_label=0.07608695, min_label=0, max_label=92, instance_name='p17.txt');0.07608695328235626;0.23499329388141632;0.17462696135044098;4.0150612790057494e-07
Data(x=[80, 1], edge_index=[2, 86], edge_attr=[86, 3], y=6.0, custom_label=0.06521739, min_label=0, max_label=92, instance_name='p17.txt');0.06521739065647125;0.23499329388141632;0.17462696135044098;4.0150612790057494e-07
Data(x=[80, 1], edge_index=[2, 86], edge_attr=[86, 3], y=5.0, custom_label=0.054347824, min_label=0, max_label=92, instance_name='p17.txt');0.054347824305295944;0.23499329388141632;0.17462696135044098;4.0150612790057494e-07
Data(x=[80, 1], edge_index=[2, 86], edge_attr=[86, 3], y=4.0, custom_label=0.04347826, min_label=0, max_label=92, instance_name='p17.txt');0.043478261679410934;0.23499329388141632;0.17462696135044098;4.0150612790057494e-07
Data(x=[80, 1], edge_index=[2, 86], edge_attr=[86, 3], y=3.0, custom_label=0.032608695, min_label=0, max_label=92, instance_name='p17.txt');0.032608695328235626;0.23499329388141632;0.17462696135044098;4.0150612790057494e-07
Data(x=[80, 1], edge_index=[2, 86], edge_attr=[86, 3], y=2.0, custom_label=0.02173913, min_label=0, max_label=92, instance_name='p17.txt');0.021739130839705467;0.23499329388141632;0.17462696135044098;4.0150612790057494e-07
Data(x=[80, 1], edge_index=[2, 86], edge_attr=[86, 3], y=1.0, custom_label=0.010869565, min_label=0, max_label=92, instance_name='p17.txt');0.010869565419852734;0.23499329388141632;0.17462696135044098;4.0150612790057494e-07
Data(x=[81, 1], edge_index=[2, 88], edge_attr=[88, 3], y=0.0, custom_label=0.0, min_label=0, max_label=92, instance_name='p17.txt');0.0;0.23499329388141632;0.015248456969857216;4.0150612790057494e-07
Data(x=[42, 1], edge_index=[2, 50], edge_attr=[50, 3], y=0.0, custom_label=0.0, min_label=0, max_label=92, instance_name='p17.txt');0.0;0.23499329388141632;0.001671093050390482;4.0150612790057494e-07
Data(x=[41, 1], edge_index=[2, 50], edge_attr=[50, 3], y=0.0, custom_label=0.0, min_label=0, max_label=92, instance_name='p17.txt');0.0;0.23499329388141632;0.001097379601560533;0.0
Data(x=[50, 1], edge_index=[2, 60], edge_attr=[60, 3], y=0.0, custom_label=0.0, min_label=0, max_label=92, instance_name='p17.txt');0.0;0.23499329388141632;0.0003692358732223511;0.0
Data(x=[48, 1], edge_index=[2, 58], edge_attr=[58, 3], y=0.0, custom_label=0.0, min_label=0, max_label=92, instance_name='p17.txt');0.0;0.23499329388141632;2.3766784579493105e-05;0.0
Data(x=[54, 1], edge_index=[2, 64], edge_attr=[64, 3], y=0.0, custom_label=0.0, min_label=0, max_label=92, instance_name='p17.txt');0.0;0.23499329388141632;0.0024648283142596483;0.0
Data(x=[58, 1], edge_index=[2, 66], edge_attr=[66, 3], y=0.0, custom_label=0.0, min_label=0, max_label=92, instance_name='p17.txt');0.0;0.23499329388141632;0.0010870529804378748;4.0150612790057494e-07
Data(x=[43, 1], edge_index=[2, 52], edge_attr=[52, 3], y=0.0, custom_label=0.0, min_label=0, max_label=92, instance_name='p17.txt');0.0;0.23499329388141632;0.00020533690985757858;4.0150612790057494e-07
Data(x=[89, 1], edge_index=[2, 94], edge_attr=[94, 3], y=197.0, custom_label=1.0, min_label=0, max_label=197, instance_name='p18.txt');1.0;0.23499329388141632;0.7225127220153809;4.0150612790057494e-07
Data(x=[89, 1], edge_index=[2, 94], edge_attr=[94, 3], y=196.0, custom_label=0.99492383, min_label=0, max_label=197, instance_name='p18.txt');0.9949238300323486;0.23499329388141632;0.7225127220153809;4.0150612790057494e-07
Data(x=[89, 1], edge_index=[2, 94], edge_attr=[94, 3], y=195.0, custom_label=0.9898477, min_label=0, max_label=197, instance_name='p18.txt');0.989847719669342;0.23499329388141632;0.7225127220153809;4.0150612790057494e-07
Data(x=[89, 1], edge_index=[2, 94], edge_attr=[94, 3], y=194.0, custom_label=0.98477155, min_label=0, max_label=197, instance_name='p18.txt');0.9847715497016907;0.23499329388141632;0.7225127220153809;4.0150612790057494e-07
Data(x=[89, 1], edge_index=[2, 94], edge_attr=[94, 3], y=193.0, custom_label=0.97969544, min_label=0, max_label=197, instance_name='p18.txt');0.9796954393386841;0.23499329388141632;0.7225127220153809;4.0150612790057494e-07
Data(x=[89, 1], edge_index=[2, 94], edge_attr=[94, 3], y=192.0, custom_label=0.97461927, min_label=0, max_label=197, instance_name='p18.txt');0.9746192693710327;0.23499329388141632;0.7225127220153809;4.0150612790057494e-07
Data(x=[89, 1], edge_index=[2, 94], edge_attr=[94, 3], y=191.0, custom_label=0.96954316, min_label=0, max_label=197, instance_name='p18.txt');0.9695431590080261;0.23499329388141632;0.7225127220153809;4.0150612790057494e-07
Data(x=[89, 1], edge_index=[2, 94], edge_attr=[94, 3], y=190.0, custom_label=0.964467, min_label=0, max_label=197, instance_name='p18.txt');0.9644669890403748;0.23499329388141632;0.7225127220153809;4.0150612790057494e-07
Data(x=[89, 1], edge_index=[2, 94], edge_attr=[94, 3], y=189.0, custom_label=0.9593909, min_label=0, max_label=197, instance_name='p18.txt');0.9593908786773682;0.23499329388141632;0.7225127220153809;4.0150612790057494e-07
Data(x=[89, 1], edge_index=[2, 94], edge_attr=[94, 3], y=188.0, custom_label=0.9543147, min_label=0, max_label=197, instance_name='p18.txt');0.9543147087097168;0.23499329388141632;0.7225127220153809;4.0150612790057494e-07
Data(x=[89, 1], edge_index=[2, 94], edge_attr=[94, 3], y=187.0, custom_label=0.9492386, min_label=0, max_label=197, instance_name='p18.txt');0.9492385983467102;0.23499329388141632;0.7225127220153809;4.0150612790057494e-07
Data(x=[89, 1], edge_index=[2, 94], edge_attr=[94, 3], y=186.0, custom_label=0.9441624, min_label=0, max_label=197, instance_name='p18.txt');0.9441624283790588;0.23499329388141632;0.7225127220153809;4.0150612790057494e-07
Data(x=[89, 1], edge_index=[2, 94], edge_attr=[94, 3], y=185.0, custom_label=0.9390863, min_label=0, max_label=197, instance_name='p18.txt');0.9390863180160522;0.23499329388141632;0.7225127220153809;4.0150612790057494e-07
Data(x=[89, 1], edge_index=[2, 94], edge_attr=[94, 3], y=184.0, custom_label=0.93401015, min_label=0, max_label=197, instance_name='p18.txt');0.9340101480484009;0.23499329388141632;0.7225127220153809;4.0150612790057494e-07
Data(x=[89, 1], edge_index=[2, 94], edge_attr=[94, 3], y=183.0, custom_label=0.92893404, min_label=0, max_label=197, instance_name='p18.txt');0.9289340376853943;0.23499329388141632;0.7225127220153809;4.0150612790057494e-07
Data(x=[89, 1], edge_index=[2, 94], edge_attr=[94, 3], y=182.0, custom_label=0.92385787, min_label=0, max_label=197, instance_name='p18.txt');0.9238578677177429;0.23499329388141632;0.7225127220153809;4.0150612790057494e-07
Data(x=[89, 1], edge_index=[2, 94], edge_attr=[94, 3], y=181.0, custom_label=0.9187817, min_label=0, max_label=197, instance_name='p18.txt');0.9187816977500916;0.23499329388141632;0.7225127220153809;4.0150612790057494e-07
Data(x=[89, 1], edge_index=[2, 94], edge_attr=[94, 3], y=180.0, custom_label=0.9137056, min_label=0, max_label=197, instance_name='p18.txt');0.913705587387085;0.23499329388141632;0.7225127220153809;4.0150612790057494e-07
Data(x=[89, 1], edge_index=[2, 94], edge_attr=[94, 3], y=179.0, custom_label=0.9086294, min_label=0, max_label=197, instance_name='p18.txt');0.9086294174194336;0.23499329388141632;0.7225127220153809;4.0150612790057494e-07
Data(x=[89, 1], edge_index=[2, 94], edge_attr=[94, 3], y=178.0, custom_label=0.9035533, min_label=0, max_label=197, instance_name='p18.txt');0.903553307056427;0.23499329388141632;0.7225127220153809;4.0150612790057494e-07
Data(x=[89, 1], edge_index=[2, 94], edge_attr=[94, 3], y=177.0, custom_label=0.89847714, min_label=0, max_label=197, instance_name='p18.txt');0.8984771370887756;0.23499329388141632;0.7225127220153809;4.0150612790057494e-07
Data(x=[89, 1], edge_index=[2, 94], edge_attr=[94, 3], y=176.0, custom_label=0.893401, min_label=0, max_label=197, instance_name='p18.txt');0.893401026725769;0.23499329388141632;0.7225127220153809;4.0150612790057494e-07
Data(x=[89, 1], edge_index=[2, 94], edge_attr=[94, 3], y=175.0, custom_label=0.88832486, min_label=0, max_label=197, instance_name='p18.txt');0.8883248567581177;0.23499329388141632;0.7225127220153809;4.0150612790057494e-07
Data(x=[89, 1], edge_index=[2, 94], edge_attr=[94, 3], y=174.0, custom_label=0.88324875, min_label=0, max_label=197, instance_name='p18.txt');0.8832487463951111;0.23499329388141632;0.7225127220153809;4.0150612790057494e-07
Data(x=[89, 1], edge_index=[2, 94], edge_attr=[94, 3], y=173.0, custom_label=0.8781726, min_label=0, max_label=197, instance_name='p18.txt');0.8781725764274597;0.23499329388141632;0.7225127220153809;4.0150612790057494e-07
Data(x=[89, 1], edge_index=[2, 94], edge_attr=[94, 3], y=172.0, custom_label=0.87309647, min_label=0, max_label=197, instance_name='p18.txt');0.8730964660644531;0.23499329388141632;0.7225127220153809;4.0150612790057494e-07
Data(x=[89, 1], edge_index=[2, 94], edge_attr=[94, 3], y=171.0, custom_label=0.8680203, min_label=0, max_label=197, instance_name='p18.txt');0.8680202960968018;0.23499329388141632;0.7225127220153809;4.0150612790057494e-07
Data(x=[89, 1], edge_index=[2, 94], edge_attr=[94, 3], y=170.0, custom_label=0.8629442, min_label=0, max_label=197, instance_name='p18.txt');0.8629441857337952;0.23499329388141632;0.7225127220153809;4.0150612790057494e-07
Data(x=[89, 1], edge_index=[2, 94], edge_attr=[94, 3], y=169.0, custom_label=0.857868, min_label=0, max_label=197, instance_name='p18.txt');0.8578680157661438;0.23499329388141632;0.7225127220153809;4.0150612790057494e-07
Data(x=[89, 1], edge_index=[2, 94], edge_attr=[94, 3], y=168.0, custom_label=0.8527919, min_label=0, max_label=197, instance_name='p18.txt');0.8527919054031372;0.23499329388141632;0.7225127220153809;4.0150612790057494e-07
Data(x=[89, 1], edge_index=[2, 94], edge_attr=[94, 3], y=167.0, custom_label=0.84771574, min_label=0, max_label=197, instance_name='p18.txt');0.8477157354354858;0.23499329388141632;0.7225127220153809;4.0150612790057494e-07
Data(x=[89, 1], edge_index=[2, 94], edge_attr=[94, 3], y=166.0, custom_label=0.84263957, min_label=0, max_label=197, instance_name='p18.txt');0.8426395654678345;0.23499329388141632;0.7225127220153809;4.0150612790057494e-07
Data(x=[89, 1], edge_index=[2, 94], edge_attr=[94, 3], y=165.0, custom_label=0.83756346, min_label=0, max_label=197, instance_name='p18.txt');0.8375634551048279;0.23499329388141632;0.7225127220153809;4.0150612790057494e-07
Data(x=[89, 1], edge_index=[2, 94], edge_attr=[94, 3], y=164.0, custom_label=0.8324873, min_label=0, max_label=197, instance_name='p18.txt');0.8324872851371765;0.23499329388141632;0.7225127220153809;4.0150612790057494e-07
Data(x=[89, 1], edge_index=[2, 94], edge_attr=[94, 3], y=163.0, custom_label=0.8274112, min_label=0, max_label=197, instance_name='p18.txt');0.8274111747741699;0.23499329388141632;0.7225127220153809;4.0150612790057494e-07
Data(x=[89, 1], edge_index=[2, 94], edge_attr=[94, 3], y=162.0, custom_label=0.822335, min_label=0, max_label=197, instance_name='p18.txt');0.8223350048065186;0.23499329388141632;0.7225127220153809;4.0150612790057494e-07
Data(x=[89, 1], edge_index=[2, 94], edge_attr=[94, 3], y=161.0, custom_label=0.8172589, min_label=0, max_label=197, instance_name='p18.txt');0.817258894443512;0.23499329388141632;0.7225127220153809;4.0150612790057494e-07
Data(x=[89, 1], edge_index=[2, 94], edge_attr=[94, 3], y=160.0, custom_label=0.8121827, min_label=0, max_label=197, instance_name='p18.txt');0.8121827244758606;0.23499329388141632;0.7225127220153809;4.0150612790057494e-07
Data(x=[89, 1], edge_index=[2, 94], edge_attr=[94, 3], y=159.0, custom_label=0.8071066, min_label=0, max_label=197, instance_name='p18.txt');0.807106614112854;0.23499329388141632;0.7225127220153809;4.0150612790057494e-07
Data(x=[89, 1], edge_index=[2, 94], edge_attr=[94, 3], y=158.0, custom_label=0.80203044, min_label=0, max_label=197, instance_name='p18.txt');0.8020304441452026;0.23499329388141632;0.7225127220153809;4.0150612790057494e-07
Data(x=[89, 1], edge_index=[2, 94], edge_attr=[94, 3], y=157.0, custom_label=0.79695433, min_label=0, max_label=197, instance_name='p18.txt');0.796954333782196;0.23499329388141632;0.7225127220153809;4.0150612790057494e-07
Data(x=[89, 1], edge_index=[2, 94], edge_attr=[94, 3], y=156.0, custom_label=0.79187816, min_label=0, max_label=197, instance_name='p18.txt');0.7918781638145447;0.23499329388141632;0.7225127220153809;4.0150612790057494e-07
Data(x=[89, 1], edge_index=[2, 94], edge_attr=[94, 3], y=155.0, custom_label=0.78680205, min_label=0, max_label=197, instance_name='p18.txt');0.7868020534515381;0.23499329388141632;0.7225127220153809;4.0150612790057494e-07
Data(x=[89, 1], edge_index=[2, 94], edge_attr=[94, 3], y=154.0, custom_label=0.7817259, min_label=0, max_label=197, instance_name='p18.txt');0.7817258834838867;0.23499329388141632;0.7225127220153809;4.0150612790057494e-07
Data(x=[89, 1], edge_index=[2, 94], edge_attr=[94, 3], y=153.0, custom_label=0.7766498, min_label=0, max_label=197, instance_name='p18.txt');0.7766497731208801;0.23499329388141632;0.7225127220153809;4.0150612790057494e-07
Data(x=[89, 1], edge_index=[2, 94], edge_attr=[94, 3], y=152.0, custom_label=0.7715736, min_label=0, max_label=197, instance_name='p18.txt');0.7715736031532288;0.23499329388141632;0.7225127220153809;4.0150612790057494e-07
Data(x=[89, 1], edge_index=[2, 94], edge_attr=[94, 3], y=151.0, custom_label=0.76649743, min_label=0, max_label=197, instance_name='p18.txt');0.7664974331855774;0.23499329388141632;0.7225127220153809;4.0150612790057494e-07
Data(x=[89, 1], edge_index=[2, 94], edge_attr=[94, 3], y=150.0, custom_label=0.7614213, min_label=0, max_label=197, instance_name='p18.txt');0.7614213228225708;0.23499329388141632;0.7225127220153809;4.0150612790057494e-07
Data(x=[89, 1], edge_index=[2, 94], edge_attr=[94, 3], y=149.0, custom_label=0.75634515, min_label=0, max_label=197, instance_name='p18.txt');0.7563451528549194;0.23499329388141632;0.7225127220153809;4.0150612790057494e-07
Data(x=[89, 1], edge_index=[2, 94], edge_attr=[94, 3], y=148.0, custom_label=0.75126904, min_label=0, max_label=197, instance_name='p18.txt');0.7512690424919128;0.23499329388141632;0.7225127220153809;4.0150612790057494e-07
Data(x=[89, 1], edge_index=[2, 94], edge_attr=[94, 3], y=147.0, custom_label=0.7461929, min_label=0, max_label=197, instance_name='p18.txt');0.7461928725242615;0.23499329388141632;0.7225127220153809;4.0150612790057494e-07
Data(x=[89, 1], edge_index=[2, 94], edge_attr=[94, 3], y=146.0, custom_label=0.74111676, min_label=0, max_label=197, instance_name='p18.txt');0.7411167621612549;0.23499329388141632;0.7225127220153809;4.0150612790057494e-07
Data(x=[89, 1], edge_index=[2, 94], edge_attr=[94, 3], y=145.0, custom_label=0.7360406, min_label=0, max_label=197, instance_name='p18.txt');0.7360405921936035;0.23499329388141632;0.7225127220153809;4.0150612790057494e-07
Data(x=[89, 1], edge_index=[2, 94], edge_attr=[94, 3], y=144.0, custom_label=0.7309645, min_label=0, max_label=197, instance_name='p18.txt');0.7309644818305969;0.23499329388141632;0.7225127220153809;4.0150612790057494e-07
Data(x=[89, 1], edge_index=[2, 94], edge_attr=[94, 3], y=143.0, custom_label=0.7258883, min_label=0, max_label=197, instance_name='p18.txt');0.7258883118629456;0.23499329388141632;0.7225127220153809;4.0150612790057494e-07
Data(x=[89, 1], edge_index=[2, 94], edge_attr=[94, 3], y=142.0, custom_label=0.7208122, min_label=0, max_label=197, instance_name='p18.txt');0.720812201499939;0.23499329388141632;0.7225127220153809;4.0150612790057494e-07
Data(x=[89, 1], edge_index=[2, 94], edge_attr=[94, 3], y=141.0, custom_label=0.71573603, min_label=0, max_label=197, instance_name='p18.txt');0.7157360315322876;0.23499329388141632;0.7225127220153809;4.0150612790057494e-07
Data(x=[89, 1], edge_index=[2, 94], edge_attr=[94, 3], y=140.0, custom_label=0.7106599, min_label=0, max_label=197, instance_name='p18.txt');0.710659921169281;0.23499329388141632;0.7225127220153809;4.0150612790057494e-07
Data(x=[89, 1], edge_index=[2, 94], edge_attr=[94, 3], y=139.0, custom_label=0.70558375, min_label=0, max_label=197, instance_name='p18.txt');0.7055837512016296;0.23499329388141632;0.7225127220153809;4.0150612790057494e-07
Data(x=[89, 1], edge_index=[2, 94], edge_attr=[94, 3], y=138.0, custom_label=0.70050764, min_label=0, max_label=197, instance_name='p18.txt');0.700507640838623;0.23499329388141632;0.7225127220153809;4.0150612790057494e-07
Data(x=[89, 1], edge_index=[2, 94], edge_attr=[94, 3], y=137.0, custom_label=0.6954315, min_label=0, max_label=197, instance_name='p18.txt');0.6954314708709717;0.23499329388141632;0.7225127220153809;4.0150612790057494e-07
Data(x=[89, 1], edge_index=[2, 94], edge_attr=[94, 3], y=136.0, custom_label=0.6903553, min_label=0, max_label=197, instance_name='p18.txt');0.6903553009033203;0.23499329388141632;0.7225127220153809;4.0150612790057494e-07
Data(x=[89, 1], edge_index=[2, 94], edge_attr=[94, 3], y=135.0, custom_label=0.6852792, min_label=0, max_label=197, instance_name='p18.txt');0.6852791905403137;0.23499329388141632;0.7225127220153809;4.0150612790057494e-07
Data(x=[89, 1], edge_index=[2, 94], edge_attr=[94, 3], y=134.0, custom_label=0.680203, min_label=0, max_label=197, instance_name='p18.txt');0.6802030205726624;0.23499329388141632;0.7225127220153809;4.0150612790057494e-07
Data(x=[89, 1], edge_index=[2, 94], edge_attr=[94, 3], y=133.0, custom_label=0.6751269, min_label=0, max_label=197, instance_name='p18.txt');0.6751269102096558;0.23499329388141632;0.7225127220153809;4.0150612790057494e-07
Data(x=[89, 1], edge_index=[2, 94], edge_attr=[94, 3], y=132.0, custom_label=0.67005074, min_label=0, max_label=197, instance_name='p18.txt');0.6700507402420044;0.23499329388141632;0.7225127220153809;4.0150612790057494e-07
Data(x=[89, 1], edge_index=[2, 94], edge_attr=[94, 3], y=131.0, custom_label=0.66497463, min_label=0, max_label=197, instance_name='p18.txt');0.6649746298789978;0.23499329388141632;0.7225127220153809;4.0150612790057494e-07
Data(x=[89, 1], edge_index=[2, 94], edge_attr=[94, 3], y=130.0, custom_label=0.65989846, min_label=0, max_label=197, instance_name='p18.txt');0.6598984599113464;0.23499329388141632;0.7225127220153809;4.0150612790057494e-07
Data(x=[89, 1], edge_index=[2, 94], edge_attr=[94, 3], y=129.0, custom_label=0.65482235, min_label=0, max_label=197, instance_name='p18.txt');0.6548223495483398;0.23499329388141632;0.7225127220153809;4.0150612790057494e-07
Data(x=[89, 1], edge_index=[2, 94], edge_attr=[94, 3], y=128.0, custom_label=0.6497462, min_label=0, max_label=197, instance_name='p18.txt');0.6497461795806885;0.23499329388141632;0.7225127220153809;4.0150612790057494e-07
Data(x=[89, 1], edge_index=[2, 94], edge_attr=[94, 3], y=127.0, custom_label=0.64467007, min_label=0, max_label=197, instance_name='p18.txt');0.6446700692176819;0.23499329388141632;0.7225127220153809;4.0150612790057494e-07
Data(x=[89, 1], edge_index=[2, 94], edge_attr=[94, 3], y=126.0, custom_label=0.6395939, min_label=0, max_label=197, instance_name='p18.txt');0.6395938992500305;0.23499329388141632;0.7225127220153809;4.0150612790057494e-07
Data(x=[89, 1], edge_index=[2, 94], edge_attr=[94, 3], y=125.0, custom_label=0.6345178, min_label=0, max_label=197, instance_name='p18.txt');0.6345177888870239;0.23499329388141632;0.7225127220153809;4.0150612790057494e-07
Data(x=[89, 1], edge_index=[2, 94], edge_attr=[94, 3], y=124.0, custom_label=0.6294416, min_label=0, max_label=197, instance_name='p18.txt');0.6294416189193726;0.23499329388141632;0.7225127220153809;4.0150612790057494e-07
Data(x=[89, 1], edge_index=[2, 94], edge_attr=[94, 3], y=123.0, custom_label=0.6243655, min_label=0, max_label=197, instance_name='p18.txt');0.624365508556366;0.23499329388141632;0.7225127220153809;4.0150612790057494e-07
Data(x=[89, 1], edge_index=[2, 94], edge_attr=[94, 3], y=122.0, custom_label=0.61928934, min_label=0, max_label=197, instance_name='p18.txt');0.6192893385887146;0.23499329388141632;0.7225127220153809;4.0150612790057494e-07
Data(x=[89, 1], edge_index=[2, 94], edge_attr=[94, 3], y=121.0, custom_label=0.61421317, min_label=0, max_label=197, instance_name='p18.txt');0.6142131686210632;0.23499329388141632;0.7225127220153809;4.0150612790057494e-07
Data(x=[89, 1], edge_index=[2, 94], edge_attr=[94, 3], y=120.0, custom_label=0.60913706, min_label=0, max_label=197, instance_name='p18.txt');0.6091370582580566;0.23499329388141632;0.7225127220153809;4.0150612790057494e-07
Data(x=[89, 1], edge_index=[2, 94], edge_attr=[94, 3], y=119.0, custom_label=0.6040609, min_label=0, max_label=197, instance_name='p18.txt');0.6040608882904053;0.23499329388141632;0.7225127220153809;4.0150612790057494e-07
Data(x=[89, 1], edge_index=[2, 94], edge_attr=[94, 3], y=118.0, custom_label=0.5989848, min_label=0, max_label=197, instance_name='p18.txt');0.5989847779273987;0.23499329388141632;0.7225127220153809;4.0150612790057494e-07
Data(x=[89, 1], edge_index=[2, 94], edge_attr=[94, 3], y=117.0, custom_label=0.5939086, min_label=0, max_label=197, instance_name='p18.txt');0.5939086079597473;0.23499329388141632;0.7225127220153809;4.0150612790057494e-07
Data(x=[89, 1], edge_index=[2, 94], edge_attr=[94, 3], y=116.0, custom_label=0.5888325, min_label=0, max_label=197, instance_name='p18.txt');0.5888324975967407;0.23499329388141632;0.7225127220153809;4.0150612790057494e-07
Data(x=[89, 1], edge_index=[2, 94], edge_attr=[94, 3], y=115.0, custom_label=0.5837563, min_label=0, max_label=197, instance_name='p18.txt');0.5837563276290894;0.23499329388141632;0.7225127220153809;4.0150612790057494e-07
Data(x=[89, 1], edge_index=[2, 94], edge_attr=[94, 3], y=114.0, custom_label=0.5786802, min_label=0, max_label=197, instance_name='p18.txt');0.5786802172660828;0.23499329388141632;0.7225127220153809;4.0150612790057494e-07
Data(x=[89, 1], edge_index=[2, 94], edge_attr=[94, 3], y=113.0, custom_label=0.57360405, min_label=0, max_label=197, instance_name='p18.txt');0.5736040472984314;0.23499329388141632;0.7225127220153809;4.0150612790057494e-07
Data(x=[89, 1], edge_index=[2, 94], edge_attr=[94, 3], y=112.0, custom_label=0.56852794, min_label=0, max_label=197, instance_name='p18.txt');0.5685279369354248;0.23499329388141632;0.7225127220153809;4.0150612790057494e-07
Data(x=[89, 1], edge_index=[2, 94], edge_attr=[94, 3], y=111.0, custom_label=0.56345177, min_label=0, max_label=197, instance_name='p18.txt');0.5634517669677734;0.23499329388141632;0.7225127220153809;4.0150612790057494e-07
Data(x=[89, 1], edge_index=[2, 94], edge_attr=[94, 3], y=110.0, custom_label=0.55837566, min_label=0, max_label=197, instance_name='p18.txt');0.5583756566047668;0.23499329388141632;0.7225127220153809;4.0150612790057494e-07
Data(x=[89, 1], edge_index=[2, 94], edge_attr=[94, 3], y=109.0, custom_label=0.5532995, min_label=0, max_label=197, instance_name='p18.txt');0.5532994866371155;0.23499329388141632;0.7225127220153809;4.0150612790057494e-07
Data(x=[89, 1], edge_index=[2, 94], edge_attr=[94, 3], y=108.0, custom_label=0.5482234, min_label=0, max_label=197, instance_name='p18.txt');0.5482233762741089;0.23499329388141632;0.7225127220153809;4.0150612790057494e-07
Data(x=[89, 1], edge_index=[2, 94], edge_attr=[94, 3], y=107.0, custom_label=0.5431472, min_label=0, max_label=197, instance_name='p18.txt');0.5431472063064575;0.23499329388141632;0.7225127220153809;4.0150612790057494e-07
Data(x=[90, 1], edge_index=[2, 96], edge_attr=[96, 3], y=106.0, custom_label=0.53807104, min_label=0, max_label=197, instance_name='p18.txt');0.5380710363388062;0.23499329388141632;0.3612672686576843;4.0150612790057494e-07
Data(x=[89, 1], edge_index=[2, 94], edge_attr=[94, 3], y=105.0, custom_label=0.5329949, min_label=0, max_label=197, instance_name='p18.txt');0.5329949259757996;0.23499329388141632;0.7225127220153809;4.0150612790057494e-07
Data(x=[89, 1], edge_index=[2, 94], edge_attr=[94, 3], y=104.0, custom_label=0.52791876, min_label=0, max_label=197, instance_name='p18.txt');0.5279187560081482;0.23499329388141632;0.7225127220153809;4.0150612790057494e-07
Data(x=[89, 1], edge_index=[2, 94], edge_attr=[94, 3], y=103.0, custom_label=0.52284265, min_label=0, max_label=197, instance_name='p18.txt');0.5228426456451416;0.23499329388141632;0.7225127220153809;4.0150612790057494e-07
Data(x=[89, 1], edge_index=[2, 94], edge_attr=[94, 3], y=102.0, custom_label=0.5177665, min_label=0, max_label=197, instance_name='p18.txt');0.5177664756774902;0.23499329388141632;0.7225127220153809;4.0150612790057494e-07
Data(x=[89, 1], edge_index=[2, 94], edge_attr=[94, 3], y=101.0, custom_label=0.51269037, min_label=0, max_label=197, instance_name='p18.txt');0.5126903653144836;0.23499329388141632;0.7225127220153809;4.0150612790057494e-07
Data(x=[90, 1], edge_index=[2, 96], edge_attr=[96, 3], y=100.0, custom_label=0.5076142, min_label=0, max_label=197, instance_name='p18.txt');0.5076141953468323;0.23499329388141632;0.3612672686576843;4.0150612790057494e-07
Data(x=[90, 1], edge_index=[2, 96], edge_attr=[96, 3], y=99.0, custom_label=0.5025381, min_label=0, max_label=197, instance_name='p18.txt');0.5025380849838257;0.23499329388141632;0.3612672686576843;4.0150612790057494e-07
Data(x=[90, 1], edge_index=[2, 96], edge_attr=[96, 3], y=98.0, custom_label=0.49746192, min_label=0, max_label=197, instance_name='p18.txt');0.4974619150161743;0.23499329388141632;0.3612672686576843;4.0150612790057494e-07
Data(x=[90, 1], edge_index=[2, 96], edge_attr=[96, 3], y=97.0, custom_label=0.49238577, min_label=0, max_label=197, instance_name='p18.txt');0.49238577485084534;0.23499329388141632;0.3612672686576843;4.0150612790057494e-07
Data(x=[90, 1], edge_index=[2, 96], edge_attr=[96, 3], y=96.0, custom_label=0.48730963, min_label=0, max_label=197, instance_name='p18.txt');0.48730963468551636;0.23499329388141632;0.3612672686576843;4.0150612790057494e-07
Data(x=[90, 1], edge_index=[2, 96], edge_attr=[96, 3], y=95.0, custom_label=0.4822335, min_label=0, max_label=197, instance_name='p18.txt');0.4822334945201874;0.23499329388141632;0.3612672686576843;4.0150612790057494e-07
Data(x=[90, 1], edge_index=[2, 96], edge_attr=[96, 3], y=94.0, custom_label=0.47715735, min_label=0, max_label=197, instance_name='p18.txt');0.4771573543548584;0.23499329388141632;0.3612672686576843;4.0150612790057494e-07
Data(x=[90, 1], edge_index=[2, 96], edge_attr=[96, 3], y=93.0, custom_label=0.4720812, min_label=0, max_label=197, instance_name='p18.txt');0.4720812141895294;0.23499329388141632;0.3612672686576843;4.0150612790057494e-07
Data(x=[90, 1], edge_index=[2, 96], edge_attr=[96, 3], y=92.0, custom_label=0.46700507, min_label=0, max_label=197, instance_name='p18.txt');0.46700507402420044;0.23499329388141632;0.3612672686576843;4.0150612790057494e-07
Data(x=[90, 1], edge_index=[2, 96], edge_attr=[96, 3], y=91.0, custom_label=0.46192893, min_label=0, max_label=197, instance_name='p18.txt');0.46192893385887146;0.23499329388141632;0.3612672686576843;4.0150612790057494e-07
Data(x=[90, 1], edge_index=[2, 96], edge_attr=[96, 3], y=90.0, custom_label=0.4568528, min_label=0, max_label=197, instance_name='p18.txt');0.4568527936935425;0.23499329388141632;0.3612672686576843;4.0150612790057494e-07
Data(x=[90, 1], edge_index=[2, 96], edge_attr=[96, 3], y=89.0, custom_label=0.45177665, min_label=0, max_label=197, instance_name='p18.txt');0.4517766535282135;0.23499329388141632;0.3612672686576843;4.0150612790057494e-07
Data(x=[90, 1], edge_index=[2, 96], edge_attr=[96, 3], y=88.0, custom_label=0.4467005, min_label=0, max_label=197, instance_name='p18.txt');0.4467005133628845;0.23499329388141632;0.3612672686576843;4.0150612790057494e-07
Data(x=[90, 1], edge_index=[2, 96], edge_attr=[96, 3], y=87.0, custom_label=0.44162437, min_label=0, max_label=197, instance_name='p18.txt');0.44162437319755554;0.23499329388141632;0.3612672686576843;4.0150612790057494e-07
Data(x=[90, 1], edge_index=[2, 96], edge_attr=[96, 3], y=86.0, custom_label=0.43654823, min_label=0, max_label=197, instance_name='p18.txt');0.43654823303222656;0.23499329388141632;0.3612672686576843;4.0150612790057494e-07
Data(x=[90, 1], edge_index=[2, 96], edge_attr=[96, 3], y=85.0, custom_label=0.4314721, min_label=0, max_label=197, instance_name='p18.txt');0.4314720928668976;0.23499329388141632;0.3612672686576843;4.0150612790057494e-07
Data(x=[90, 1], edge_index=[2, 96], edge_attr=[96, 3], y=84.0, custom_label=0.42639595, min_label=0, max_label=197, instance_name='p18.txt');0.4263959527015686;0.23499329388141632;0.3612672686576843;4.0150612790057494e-07
Data(x=[90, 1], edge_index=[2, 96], edge_attr=[96, 3], y=83.0, custom_label=0.42131978, min_label=0, max_label=197, instance_name='p18.txt');0.42131978273391724;0.23499329388141632;0.3612672686576843;4.0150612790057494e-07
Data(x=[90, 1], edge_index=[2, 96], edge_attr=[96, 3], y=82.0, custom_label=0.41624364, min_label=0, max_label=197, instance_name='p18.txt');0.41624364256858826;0.23499329388141632;0.3612672686576843;4.0150612790057494e-07
Data(x=[90, 1], edge_index=[2, 96], edge_attr=[96, 3], y=81.0, custom_label=0.4111675, min_label=0, max_label=197, instance_name='p18.txt');0.4111675024032593;0.23499329388141632;0.3612672686576843;4.0150612790057494e-07
Data(x=[90, 1], edge_index=[2, 96], edge_attr=[96, 3], y=80.0, custom_label=0.40609136, min_label=0, max_label=197, instance_name='p18.txt');0.4060913622379303;0.23499329388141632;0.3612672686576843;4.0150612790057494e-07
Data(x=[90, 1], edge_index=[2, 96], edge_attr=[96, 3], y=79.0, custom_label=0.40101522, min_label=0, max_label=197, instance_name='p18.txt');0.4010152220726013;0.23499329388141632;0.3612672686576843;4.0150612790057494e-07
Data(x=[90, 1], edge_index=[2, 96], edge_attr=[96, 3], y=78.0, custom_label=0.39593908, min_label=0, max_label=197, instance_name='p18.txt');0.39593908190727234;0.23499329388141632;0.3612672686576843;4.0150612790057494e-07
Data(x=[90, 1], edge_index=[2, 96], edge_attr=[96, 3], y=77.0, custom_label=0.39086294, min_label=0, max_label=197, instance_name='p18.txt');0.39086294174194336;0.23499329388141632;0.3612672686576843;4.0150612790057494e-07
Data(x=[90, 1], edge_index=[2, 96], edge_attr=[96, 3], y=76.0, custom_label=0.3857868, min_label=0, max_label=197, instance_name='p18.txt');0.3857868015766144;0.23499329388141632;0.3612672686576843;4.0150612790057494e-07
Data(x=[90, 1], edge_index=[2, 96], edge_attr=[96, 3], y=75.0, custom_label=0.38071066, min_label=0, max_label=197, instance_name='p18.txt');0.3807106614112854;0.23499329388141632;0.3612672686576843;4.0150612790057494e-07
Data(x=[90, 1], edge_index=[2, 96], edge_attr=[96, 3], y=74.0, custom_label=0.37563452, min_label=0, max_label=197, instance_name='p18.txt');0.3756345212459564;0.23499329388141632;0.3612672686576843;4.0150612790057494e-07
Data(x=[90, 1], edge_index=[2, 96], edge_attr=[96, 3], y=73.0, custom_label=0.37055838, min_label=0, max_label=197, instance_name='p18.txt');0.37055838108062744;0.23499329388141632;0.3612672686576843;4.0150612790057494e-07
Data(x=[90, 1], edge_index=[2, 96], edge_attr=[96, 3], y=72.0, custom_label=0.36548224, min_label=0, max_label=197, instance_name='p18.txt');0.36548224091529846;0.23499329388141632;0.3612672686576843;4.0150612790057494e-07
Data(x=[90, 1], edge_index=[2, 96], edge_attr=[96, 3], y=71.0, custom_label=0.3604061, min_label=0, max_label=197, instance_name='p18.txt');0.3604061007499695;0.23499329388141632;0.3612672686576843;4.0150612790057494e-07
Data(x=[91, 1], edge_index=[2, 98], edge_attr=[98, 3], y=70.0, custom_label=0.35532996, min_label=0, max_label=197, instance_name='p18.txt');0.3553299605846405;0.23499329388141632;0.22856935858726501;4.0150612790057494e-07
Data(x=[90, 1], edge_index=[2, 96], edge_attr=[96, 3], y=69.0, custom_label=0.35025382, min_label=0, max_label=197, instance_name='p18.txt');0.3502538204193115;0.23499329388141632;0.3612672686576843;4.0150612790057494e-07
Data(x=[90, 1], edge_index=[2, 96], edge_attr=[96, 3], y=68.0, custom_label=0.34517765, min_label=0, max_label=197, instance_name='p18.txt');0.34517765045166016;0.23499329388141632;0.3612672686576843;4.0150612790057494e-07
Data(x=[90, 1], edge_index=[2, 96], edge_attr=[96, 3], y=67.0, custom_label=0.3401015, min_label=0, max_label=197, instance_name='p18.txt');0.3401015102863312;0.23499329388141632;0.3612672686576843;4.0150612790057494e-07
Data(x=[90, 1], edge_index=[2, 96], edge_attr=[96, 3], y=66.0, custom_label=0.33502537, min_label=0, max_label=197, instance_name='p18.txt');0.3350253701210022;0.23499329388141632;0.3612672686576843;4.0150612790057494e-07
Data(x=[90, 1], edge_index=[2, 96], edge_attr=[96, 3], y=65.0, custom_label=0.32994923, min_label=0, max_label=197, instance_name='p18.txt');0.3299492299556732;0.23499329388141632;0.3612672686576843;4.0150612790057494e-07
Data(x=[90, 1], edge_index=[2, 96], edge_attr=[96, 3], y=64.0, custom_label=0.3248731, min_label=0, max_label=197, instance_name='p18.txt');0.32487308979034424;0.23499329388141632;0.3612672686576843;4.0150612790057494e-07
Data(x=[90, 1], edge_index=[2, 96], edge_attr=[96, 3], y=63.0, custom_label=0.31979695, min_label=0, max_label=197, instance_name='p18.txt');0.31979694962501526;0.23499329388141632;0.3612672686576843;4.0150612790057494e-07
Data(x=[90, 1], edge_index=[2, 96], edge_attr=[96, 3], y=62.0, custom_label=0.3147208, min_label=0, max_label=197, instance_name='p18.txt');0.3147208094596863;0.23499329388141632;0.3612672686576843;4.0150612790057494e-07
Data(x=[90, 1], edge_index=[2, 96], edge_attr=[96, 3], y=61.0, custom_label=0.30964467, min_label=0, max_label=197, instance_name='p18.txt');0.3096446692943573;0.23499329388141632;0.3612672686576843;4.0150612790057494e-07
Data(x=[90, 1], edge_index=[2, 96], edge_attr=[96, 3], y=60.0, custom_label=0.30456853, min_label=0, max_label=197, instance_name='p18.txt');0.3045685291290283;0.23499329388141632;0.3612672686576843;4.0150612790057494e-07
Data(x=[90, 1], edge_index=[2, 96], edge_attr=[96, 3], y=59.0, custom_label=0.2994924, min_label=0, max_label=197, instance_name='p18.txt');0.29949238896369934;0.23499329388141632;0.3612672686576843;4.0150612790057494e-07
Data(x=[90, 1], edge_index=[2, 96], edge_attr=[96, 3], y=58.0, custom_label=0.29441625, min_label=0, max_label=197, instance_name='p18.txt');0.29441624879837036;0.23499329388141632;0.3612672686576843;4.0150612790057494e-07
Data(x=[90, 1], edge_index=[2, 96], edge_attr=[96, 3], y=57.0, custom_label=0.2893401, min_label=0, max_label=197, instance_name='p18.txt');0.2893401086330414;0.23499329388141632;0.3612672686576843;4.0150612790057494e-07
Data(x=[90, 1], edge_index=[2, 96], edge_attr=[96, 3], y=56.0, custom_label=0.28426397, min_label=0, max_label=197, instance_name='p18.txt');0.2842639684677124;0.23499329388141632;0.3612672686576843;4.0150612790057494e-07
Data(x=[90, 1], edge_index=[2, 96], edge_attr=[96, 3], y=55.0, custom_label=0.27918783, min_label=0, max_label=197, instance_name='p18.txt');0.2791878283023834;0.23499329388141632;0.3612672686576843;4.0150612790057494e-07
Data(x=[91, 1], edge_index=[2, 98], edge_attr=[98, 3], y=54.0, custom_label=0.2741117, min_label=0, max_label=197, instance_name='p18.txt');0.27411168813705444;0.23499329388141632;0.22856935858726501;4.0150612790057494e-07
Data(x=[92, 1], edge_index=[2, 100], edge_attr=[100, 3], y=53.0, custom_label=0.26903552, min_label=0, max_label=197, instance_name='p18.txt');0.2690355181694031;0.23499329388141632;0.12643028795719147;4.0150612790057494e-07
Data(x=[92, 1], edge_index=[2, 100], edge_attr=[100, 3], y=52.0, custom_label=0.26395938, min_label=0, max_label=197, instance_name='p18.txt');0.2639593780040741;0.23499329388141632;0.12643028795719147;4.0150612790057494e-07
Data(x=[92, 1], edge_index=[2, 100], edge_attr=[100, 3], y=51.0, custom_label=0.25888324, min_label=0, max_label=197, instance_name='p18.txt');0.2588832378387451;0.23499329388141632;0.12643028795719147;4.0150612790057494e-07
Data(x=[92, 1], edge_index=[2, 100], edge_attr=[100, 3], y=50.0, custom_label=0.2538071, min_label=0, max_label=197, instance_name='p18.txt');0.25380709767341614;0.23499329388141632;0.12643028795719147;4.0150612790057494e-07
Data(x=[92, 1], edge_index=[2, 100], edge_attr=[100, 3], y=49.0, custom_label=0.24873096, min_label=0, max_label=197, instance_name='p18.txt');0.24873095750808716;0.23499329388141632;0.12643028795719147;4.0150612790057494e-07
Data(x=[92, 1], edge_index=[2, 100], edge_attr=[100, 3], y=48.0, custom_label=0.24365482, min_label=0, max_label=197, instance_name='p18.txt');0.24365481734275818;0.23499329388141632;0.12643028795719147;4.0150612790057494e-07
Data(x=[92, 1], edge_index=[2, 100], edge_attr=[100, 3], y=47.0, custom_label=0.23857868, min_label=0, max_label=197, instance_name='p18.txt');0.2385786771774292;0.23499329388141632;0.12643028795719147;4.0150612790057494e-07
Data(x=[92, 1], edge_index=[2, 100], edge_attr=[100, 3], y=46.0, custom_label=0.23350254, min_label=0, max_label=197, instance_name='p18.txt');0.23350253701210022;0.23499329388141632;0.12643028795719147;4.0150612790057494e-07
Data(x=[92, 1], edge_index=[2, 100], edge_attr=[100, 3], y=45.0, custom_label=0.2284264, min_label=0, max_label=197, instance_name='p18.txt');0.22842639684677124;0.23499329388141632;0.12643028795719147;4.0150612790057494e-07
Data(x=[92, 1], edge_index=[2, 100], edge_attr=[100, 3], y=44.0, custom_label=0.22335026, min_label=0, max_label=197, instance_name='p18.txt');0.22335025668144226;0.23499329388141632;0.12643028795719147;4.0150612790057494e-07
Data(x=[92, 1], edge_index=[2, 100], edge_attr=[100, 3], y=43.0, custom_label=0.21827412, min_label=0, max_label=197, instance_name='p18.txt');0.21827411651611328;0.23499329388141632;0.12643028795719147;4.0150612790057494e-07
Data(x=[92, 1], edge_index=[2, 100], edge_attr=[100, 3], y=42.0, custom_label=0.21319798, min_label=0, max_label=197, instance_name='p18.txt');0.2131979763507843;0.23499329388141632;0.12643028795719147;4.0150612790057494e-07
Data(x=[92, 1], edge_index=[2, 100], edge_attr=[100, 3], y=41.0, custom_label=0.20812182, min_label=0, max_label=197, instance_name='p18.txt');0.20812182128429413;0.23499329388141632;0.12643028795719147;4.0150612790057494e-07
Data(x=[92, 1], edge_index=[2, 100], edge_attr=[100, 3], y=40.0, custom_label=0.20304568, min_label=0, max_label=197, instance_name='p18.txt');0.20304568111896515;0.23499329388141632;0.12643028795719147;4.0150612790057494e-07
Data(x=[92, 1], edge_index=[2, 100], edge_attr=[100, 3], y=39.0, custom_label=0.19796954, min_label=0, max_label=197, instance_name='p18.txt');0.19796954095363617;0.23499329388141632;0.12643028795719147;4.0150612790057494e-07
Data(x=[92, 1], edge_index=[2, 100], edge_attr=[100, 3], y=38.0, custom_label=0.1928934, min_label=0, max_label=197, instance_name='p18.txt');0.1928934007883072;0.23499329388141632;0.12643028795719147;4.0150612790057494e-07
Data(x=[92, 1], edge_index=[2, 100], edge_attr=[100, 3], y=37.0, custom_label=0.18781726, min_label=0, max_label=197, instance_name='p18.txt');0.1878172606229782;0.23499329388141632;0.12643028795719147;4.0150612790057494e-07
Data(x=[92, 1], edge_index=[2, 100], edge_attr=[100, 3], y=36.0, custom_label=0.18274112, min_label=0, max_label=197, instance_name='p18.txt');0.18274112045764923;0.23499329388141632;0.12643028795719147;4.0150612790057494e-07
Data(x=[92, 1], edge_index=[2, 100], edge_attr=[100, 3], y=35.0, custom_label=0.17766498, min_label=0, max_label=197, instance_name='p18.txt');0.17766498029232025;0.23499329388141632;0.12643028795719147;4.0150612790057494e-07
Data(x=[92, 1], edge_index=[2, 100], edge_attr=[100, 3], y=34.0, custom_label=0.17258883, min_label=0, max_label=197, instance_name='p18.txt');0.17258882522583008;0.23499329388141632;0.12643028795719147;4.0150612790057494e-07
Data(x=[92, 1], edge_index=[2, 100], edge_attr=[100, 3], y=33.0, custom_label=0.16751269, min_label=0, max_label=197, instance_name='p18.txt');0.1675126850605011;0.23499329388141632;0.12643028795719147;4.0150612790057494e-07
Data(x=[92, 1], edge_index=[2, 100], edge_attr=[100, 3], y=32.0, custom_label=0.16243654, min_label=0, max_label=197, instance_name='p18.txt');0.16243654489517212;0.23499329388141632;0.12643028795719147;4.0150612790057494e-07
Data(x=[92, 1], edge_index=[2, 100], edge_attr=[100, 3], y=31.0, custom_label=0.1573604, min_label=0, max_label=197, instance_name='p18.txt');0.15736040472984314;0.23499329388141632;0.12643028795719147;4.0150612790057494e-07
Data(x=[92, 1], edge_index=[2, 100], edge_attr=[100, 3], y=30.0, custom_label=0.15228426, min_label=0, max_label=197, instance_name='p18.txt');0.15228426456451416;0.23499329388141632;0.12643028795719147;4.0150612790057494e-07
Data(x=[92, 1], edge_index=[2, 100], edge_attr=[100, 3], y=29.0, custom_label=0.14720812, min_label=0, max_label=197, instance_name='p18.txt');0.14720812439918518;0.23499329388141632;0.12643028795719147;4.0150612790057494e-07
Data(x=[92, 1], edge_index=[2, 100], edge_attr=[100, 3], y=28.0, custom_label=0.14213198, min_label=0, max_label=197, instance_name='p18.txt');0.1421319842338562;0.23499329388141632;0.12643028795719147;4.0150612790057494e-07
Data(x=[92, 1], edge_index=[2, 100], edge_attr=[100, 3], y=27.0, custom_label=0.13705584, min_label=0, max_label=197, instance_name='p18.txt');0.13705584406852722;0.23499329388141632;0.12643028795719147;4.0150612790057494e-07
Data(x=[92, 1], edge_index=[2, 100], edge_attr=[100, 3], y=26.0, custom_label=0.13197969, min_label=0, max_label=197, instance_name='p18.txt');0.13197968900203705;0.23499329388141632;0.12643028795719147;4.0150612790057494e-07
Data(x=[92, 1], edge_index=[2, 100], edge_attr=[100, 3], y=25.0, custom_label=0.12690355, min_label=0, max_label=197, instance_name='p18.txt');0.12690354883670807;0.23499329388141632;0.12643028795719147;4.0150612790057494e-07
Data(x=[92, 1], edge_index=[2, 100], edge_attr=[100, 3], y=24.0, custom_label=0.12182741, min_label=0, max_label=197, instance_name='p18.txt');0.12182740867137909;0.23499329388141632;0.12643028795719147;4.0150612790057494e-07
Data(x=[92, 1], edge_index=[2, 100], edge_attr=[100, 3], y=23.0, custom_label=0.11675127, min_label=0, max_label=197, instance_name='p18.txt');0.11675126850605011;0.23499329388141632;0.12643028795719147;4.0150612790057494e-07
Data(x=[92, 1], edge_index=[2, 100], edge_attr=[100, 3], y=22.0, custom_label=0.11167513, min_label=0, max_label=197, instance_name='p18.txt');0.11167512834072113;0.23499329388141632;0.12643028795719147;4.0150612790057494e-07
Data(x=[92, 1], edge_index=[2, 100], edge_attr=[100, 3], y=21.0, custom_label=0.10659899, min_label=0, max_label=197, instance_name='p18.txt');0.10659898817539215;0.23499329388141632;0.12643028795719147;4.0150612790057494e-07
Data(x=[92, 1], edge_index=[2, 100], edge_attr=[100, 3], y=20.0, custom_label=0.10152284, min_label=0, max_label=197, instance_name='p18.txt');0.10152284055948257;0.23499329388141632;0.12643028795719147;4.0150612790057494e-07
Data(x=[92, 1], edge_index=[2, 100], edge_attr=[100, 3], y=19.0, custom_label=0.0964467, min_label=0, max_label=197, instance_name='p18.txt');0.0964467003941536;0.23499329388141632;0.12643028795719147;4.0150612790057494e-07
Data(x=[92, 1], edge_index=[2, 100], edge_attr=[100, 3], y=18.0, custom_label=0.09137056, min_label=0, max_label=197, instance_name='p18.txt');0.09137056022882462;0.23499329388141632;0.12643028795719147;4.0150612790057494e-07
Data(x=[91, 1], edge_index=[2, 98], edge_attr=[98, 3], y=17.0, custom_label=0.08629441, min_label=0, max_label=197, instance_name='p18.txt');0.08629441261291504;0.23499329388141632;0.22856935858726501;4.0150612790057494e-07
Data(x=[91, 1], edge_index=[2, 98], edge_attr=[98, 3], y=16.0, custom_label=0.08121827, min_label=0, max_label=197, instance_name='p18.txt');0.08121827244758606;0.23499329388141632;0.22856935858726501;4.0150612790057494e-07
Data(x=[91, 1], edge_index=[2, 98], edge_attr=[98, 3], y=15.0, custom_label=0.07614213, min_label=0, max_label=197, instance_name='p18.txt');0.07614213228225708;0.23499329388141632;0.22856935858726501;4.0150612790057494e-07
Data(x=[91, 1], edge_index=[2, 98], edge_attr=[98, 3], y=14.0, custom_label=0.07106599, min_label=0, max_label=197, instance_name='p18.txt');0.0710659921169281;0.23499329388141632;0.22856935858726501;4.0150612790057494e-07
Data(x=[91, 1], edge_index=[2, 98], edge_attr=[98, 3], y=13.0, custom_label=0.065989845, min_label=0, max_label=197, instance_name='p18.txt');0.06598984450101852;0.23499329388141632;0.22856935858726501;4.0150612790057494e-07
Data(x=[91, 1], edge_index=[2, 98], edge_attr=[98, 3], y=12.0, custom_label=0.060913704, min_label=0, max_label=197, instance_name='p18.txt');0.060913704335689545;0.23499329388141632;0.22856935858726501;4.0150612790057494e-07
Data(x=[91, 1], edge_index=[2, 98], edge_attr=[98, 3], y=11.0, custom_label=0.055837564, min_label=0, max_label=197, instance_name='p18.txt');0.055837564170360565;0.23499329388141632;0.22856935858726501;4.0150612790057494e-07
Data(x=[91, 1], edge_index=[2, 98], edge_attr=[98, 3], y=10.0, custom_label=0.05076142, min_label=0, max_label=197, instance_name='p18.txt');0.05076142027974129;0.23499329388141632;0.22856935858726501;4.0150612790057494e-07
Data(x=[91, 1], edge_index=[2, 98], edge_attr=[98, 3], y=9.0, custom_label=0.04568528, min_label=0, max_label=197, instance_name='p18.txt');0.04568528011441231;0.23499329388141632;0.22856935858726501;4.0150612790057494e-07
Data(x=[91, 1], edge_index=[2, 98], edge_attr=[98, 3], y=8.0, custom_label=0.040609136, min_label=0, max_label=197, instance_name='p18.txt');0.04060913622379303;0.23499329388141632;0.22856935858726501;4.0150612790057494e-07
Data(x=[91, 1], edge_index=[2, 98], edge_attr=[98, 3], y=7.0, custom_label=0.035532996, min_label=0, max_label=197, instance_name='p18.txt');0.03553299605846405;0.23499329388141632;0.22856935858726501;4.0150612790057494e-07
Data(x=[91, 1], edge_index=[2, 98], edge_attr=[98, 3], y=6.0, custom_label=0.030456852, min_label=0, max_label=197, instance_name='p18.txt');0.030456852167844772;0.23499329388141632;0.22856935858726501;4.0150612790057494e-07
Data(x=[91, 1], edge_index=[2, 98], edge_attr=[98, 3], y=5.0, custom_label=0.02538071, min_label=0, max_label=197, instance_name='p18.txt');0.025380710139870644;0.23499329388141632;0.22856935858726501;4.0150612790057494e-07
Data(x=[91, 1], edge_index=[2, 98], edge_attr=[98, 3], y=4.0, custom_label=0.020304568, min_label=0, max_label=197, instance_name='p18.txt');0.020304568111896515;0.23499329388141632;0.22856935858726501;4.0150612790057494e-07
Data(x=[92, 1], edge_index=[2, 100], edge_attr=[100, 3], y=3.0, custom_label=0.015228426, min_label=0, max_label=197, instance_name='p18.txt');0.015228426083922386;0.23499329388141632;0.12643028795719147;4.0150612790057494e-07
Data(x=[92, 1], edge_index=[2, 100], edge_attr=[100, 3], y=2.0, custom_label=0.010152284, min_label=0, max_label=197, instance_name='p18.txt');0.010152284055948257;0.23499329388141632;0.12643028795719147;4.0150612790057494e-07
Data(x=[92, 1], edge_index=[2, 100], edge_attr=[100, 3], y=1.0, custom_label=0.005076142, min_label=0, max_label=197, instance_name='p18.txt');0.005076142027974129;0.23499329388141632;0.12643028795719147;4.0150612790057494e-07
Data(x=[93, 1], edge_index=[2, 102], edge_attr=[102, 3], y=0.0, custom_label=0.0, min_label=0, max_label=197, instance_name='p18.txt');0.0;0.23499329388141632;0.0032892299350351095;4.0150612790057494e-07
Data(x=[46, 1], edge_index=[2, 60], edge_attr=[60, 3], y=0.0, custom_label=0.0, min_label=0, max_label=8, instance_name='p19.txt');0.0;0.23499329388141632;3.6586468468158273e-06;0.0
Data(x=[41, 1], edge_index=[2, 54], edge_attr=[54, 3], y=0.0, custom_label=0.0, min_label=0, max_label=8, instance_name='p19.txt');0.0;0.23499329388141632;1.085260919353459e-05;4.0150612790057494e-07
Data(x=[53, 1], edge_index=[2, 64], edge_attr=[64, 3], y=0.0, custom_label=0.0, min_label=0, max_label=8, instance_name='p19.txt');0.0;0.23499329388141632;2.972539368784055e-05;0.0
Data(x=[48, 1], edge_index=[2, 60], edge_attr=[60, 3], y=0.0, custom_label=0.0, min_label=0, max_label=8, instance_name='p19.txt');0.0;0.23499329388141632;9.709375262900721e-06;0.0
Data(x=[43, 1], edge_index=[2, 54], edge_attr=[54, 3], y=0.0, custom_label=0.0, min_label=0, max_label=8, instance_name='p19.txt');0.0;0.23499329388141632;3.564082135198987e-06;0.0
Data(x=[47, 1], edge_index=[2, 58], edge_attr=[58, 3], y=0.0, custom_label=0.0, min_label=0, max_label=8, instance_name='p19.txt');0.0;0.23499329388141632;5.9655143559211865e-05;0.0
Data(x=[52, 1], edge_index=[2, 64], edge_attr=[64, 3], y=0.0, custom_label=0.0, min_label=0, max_label=8, instance_name='p19.txt');0.0;0.23499329388141632;1.9628887457656674e-05;0.0
Data(x=[41, 1], edge_index=[2, 54], edge_attr=[54, 3], y=0.0, custom_label=0.0, min_label=0, max_label=8, instance_name='p19.txt');0.0;0.23499329388141632;7.663977186211923e-08;0.0
Data(x=[50, 1], edge_index=[2, 62], edge_attr=[62, 3], y=0.0, custom_label=0.0, min_label=0, max_label=8, instance_name='p19.txt');0.0;0.23499329388141632;1.1090272522551459e-07;4.0150612790057494e-07
Data(x=[58, 1], edge_index=[2, 70], edge_attr=[70, 3], y=0.0, custom_label=0.0, min_label=0, max_label=8, instance_name='p19.txt');0.0;0.23499329388141632;0.0001888296683318913;4.0150612790057494e-07
Data(x=[48, 1], edge_index=[2, 58], edge_attr=[58, 3], y=6.0, custom_label=0.75, min_label=0, max_label=8, instance_name='p19.txt');0.75;0.23499329388141632;0.22684170305728912;4.0150612790057494e-07
Data(x=[48, 1], edge_index=[2, 58], edge_attr=[58, 3], y=5.0, custom_label=0.625, min_label=0, max_label=8, instance_name='p19.txt');0.625;0.23499329388141632;0.20213843882083893;4.0150612790057494e-07
Data(x=[49, 1], edge_index=[2, 60], edge_attr=[60, 3], y=4.0, custom_label=0.5, min_label=0, max_label=8, instance_name='p19.txt');0.5;0.23499329388141632;0.03685691952705383;0.0
Data(x=[48, 1], edge_index=[2, 58], edge_attr=[58, 3], y=3.0, custom_label=0.375, min_label=0, max_label=8, instance_name='p19.txt');0.375;0.23499329388141632;0.03651627525687218;0.0
Data(x=[48, 1], edge_index=[2, 58], edge_attr=[58, 3], y=2.0, custom_label=0.25, min_label=0, max_label=8, instance_name='p19.txt');0.25;0.23499329388141632;0.06606032699346542;0.0
Data(x=[48, 1], edge_index=[2, 58], edge_attr=[58, 3], y=1.0, custom_label=0.125, min_label=0, max_label=8, instance_name='p19.txt');0.125;0.23499329388141632;0.07294387370347977;0.0
Data(x=[49, 1], edge_index=[2, 60], edge_attr=[60, 3], y=0.0, custom_label=0.0, min_label=0, max_label=8, instance_name='p19.txt');0.0;0.23499329388141632;2.3904285626485944e-06;0.0
Data(x=[57, 1], edge_index=[2, 68], edge_attr=[68, 3], y=0.0, custom_label=0.0, min_label=0, max_label=8, instance_name='p19.txt');0.0;0.23499329388141632;0.00021468130580615252;4.0150612790057494e-07
Data(x=[58, 1], edge_index=[2, 68], edge_attr=[68, 3], y=0.0, custom_label=0.0, min_label=0, max_label=8, instance_name='p19.txt');0.0;0.23499329388141632;0.00030098314164206386;0.0
Data(x=[41, 1], edge_index=[2, 54], edge_attr=[54, 3], y=0.0, custom_label=0.0, min_label=0, max_label=8, instance_name='p19.txt');0.0;0.23499329388141632;1.4872814517730149e-06;4.0150612790057494e-07
Data(x=[36, 1], edge_index=[2, 46], edge_attr=[46, 3], y=0.0, custom_label=0.0, min_label=0, max_label=8, instance_name='p19.txt');0.0;0.23499329388141632;9.503509318165015e-06;0.0
Data(x=[45, 1], edge_index=[2, 56], edge_attr=[56, 3], y=0.0, custom_label=0.0, min_label=0, max_label=8, instance_name='p19.txt');0.0;0.23499329388141632;4.855936026615382e-07;4.0150612790057494e-07
Data(x=[49, 1], edge_index=[2, 62], edge_attr=[62, 3], y=0.0, custom_label=0.0, min_label=0, max_label=8, instance_name='p19.txt');0.0;0.23499329388141632;7.550152645308117e-07;0.0
Data(x=[52, 1], edge_index=[2, 64], edge_attr=[64, 3], y=0.0, custom_label=0.0, min_label=0, max_label=8, instance_name='p19.txt');0.0;0.23499329388141632;9.277494973503053e-05;0.0
Data(x=[48, 1], edge_index=[2, 58], edge_attr=[58, 3], y=0.0, custom_label=0.0, min_label=0, max_label=8, instance_name='p19.txt');0.0;0.23499329388141632;9.158372995443642e-05;0.0
Data(x=[51, 1], edge_index=[2, 62], edge_attr=[62, 3], y=0.0, custom_label=0.0, min_label=0, max_label=8, instance_name='p19.txt');0.0;0.23499329388141632;2.1672416551155038e-05;0.0
Data(x=[59, 1], edge_index=[2, 70], edge_attr=[70, 3], y=0.0, custom_label=0.0, min_label=0, max_label=8, instance_name='p19.txt');0.0;0.23499329388141632;5.616696216748096e-05;4.0150612790057494e-07
Data(x=[56, 1], edge_index=[2, 66], edge_attr=[66, 3], y=0.0, custom_label=0.0, min_label=0, max_label=8, instance_name='p19.txt');0.0;0.23499329388141632;5.827053610119037e-05;4.0150612790057494e-07
Data(x=[64, 1], edge_index=[2, 78], edge_attr=[78, 3], y=0.0, custom_label=0.0, min_label=0, max_label=8, instance_name='p19.txt');0.0;0.23499329388141632;9.557496923662256e-06;4.0150612790057494e-07
Data(x=[57, 1], edge_index=[2, 70], edge_attr=[70, 3], y=0.0, custom_label=0.0, min_label=0, max_label=8, instance_name='p19.txt');0.0;0.23499329388141632;3.255452975281514e-05;0.0
Data(x=[45, 1], edge_index=[2, 54], edge_attr=[54, 3], y=0.0, custom_label=0.0, min_label=0, max_label=8, instance_name='p19.txt');0.0;0.23499329388141632;7.811580144334584e-05;4.0150612790057494e-07
Data(x=[50, 1], edge_index=[2, 60], edge_attr=[60, 3], y=0.0, custom_label=0.0, min_label=0, max_label=8, instance_name='p19.txt');0.0;0.23499329388141632;0.0001205553489853628;4.0150612790057494e-07
Data(x=[42, 1], edge_index=[2, 54], edge_attr=[54, 3], y=0.0, custom_label=0.0, min_label=0, max_label=8, instance_name='p19.txt');0.0;0.23499329388141632;2.6503921617404558e-06;4.0150612790057494e-07
Data(x=[44, 1], edge_index=[2, 56], edge_attr=[56, 3], y=0.0, custom_label=0.0, min_label=0, max_label=8, instance_name='p19.txt');0.0;0.23499329388141632;4.130095021537272e-07;0.0
Data(x=[43, 1], edge_index=[2, 54], edge_attr=[54, 3], y=0.0, custom_label=0.0, min_label=0, max_label=8, instance_name='p19.txt');0.0;0.23499329388141632;2.756031847184204e-07;4.0150612790057494e-07
Data(x=[44, 1], edge_index=[2, 54], edge_attr=[54, 3], y=2.0, custom_label=0.25, min_label=0, max_label=8, instance_name='p19.txt');0.25;0.23499329388141632;0.02228633500635624;0.0
Data(x=[43, 1], edge_index=[2, 52], edge_attr=[52, 3], y=1.0, custom_label=0.125, min_label=0, max_label=8, instance_name='p19.txt');0.125;0.23499329388141632;0.10271742194890976;0.0
Data(x=[44, 1], edge_index=[2, 54], edge_attr=[54, 3], y=0.0, custom_label=0.0, min_label=0, max_label=8, instance_name='p19.txt');0.0;0.23499329388141632;4.924222594127059e-05;0.0
Data(x=[52, 1], edge_index=[2, 64], edge_attr=[64, 3], y=0.0, custom_label=0.0, min_label=0, max_label=8, instance_name='p19.txt');0.0;0.23499329388141632;9.277494973503053e-05;0.0
Data(x=[56, 1], edge_index=[2, 68], edge_attr=[68, 3], y=0.0, custom_label=0.0, min_label=0, max_label=8, instance_name='p19.txt');0.0;0.23499329388141632;3.595053203753196e-05;4.0150612790057494e-07
Data(x=[49, 1], edge_index=[2, 60], edge_attr=[60, 3], y=0.0, custom_label=0.0, min_label=0, max_label=8, instance_name='p19.txt');0.0;0.23499329388141632;8.020852692425251e-05;0.0
Data(x=[50, 1], edge_index=[2, 62], edge_attr=[62, 3], y=0.0, custom_label=0.0, min_label=0, max_label=8, instance_name='p19.txt');0.0;0.23499329388141632;1.3986880730953999e-05;0.0
Data(x=[49, 1], edge_index=[2, 60], edge_attr=[60, 3], y=0.0, custom_label=0.0, min_label=0, max_label=8, instance_name='p19.txt');0.0;0.23499329388141632;8.020852692425251e-05;4.0150612790057494e-07
Data(x=[55, 1], edge_index=[2, 66], edge_attr=[66, 3], y=0.0, custom_label=0.0, min_label=0, max_label=8, instance_name='p19.txt');0.0;0.23499329388141632;0.0001721061853459105;4.0150612790057494e-07
Data(x=[51, 1], edge_index=[2, 64], edge_attr=[64, 3], y=0.0, custom_label=0.0, min_label=0, max_label=8, instance_name='p19.txt');0.0;0.23499329388141632;1.2761597645294387e-05;0.0
Data(x=[49, 1], edge_index=[2, 58], edge_attr=[58, 3], y=0.0, custom_label=0.0, min_label=0, max_label=8, instance_name='p19.txt');0.0;0.23499329388141632;0.00013853028940502554;4.0150612790057494e-07
Data(x=[54, 1], edge_index=[2, 66], edge_attr=[66, 3], y=0.0, custom_label=0.0, min_label=0, max_label=8, instance_name='p19.txt');0.0;0.23499329388141632;0.00011960497067775577;4.0150612790057494e-07
Data(x=[57, 1], edge_index=[2, 70], edge_attr=[70, 3], y=0.0, custom_label=0.0, min_label=0, max_label=8, instance_name='p19.txt');0.0;0.23499329388141632;3.255452975281514e-05;0.0
Data(x=[48, 1], edge_index=[2, 60], edge_attr=[60, 3], y=0.0, custom_label=0.0, min_label=0, max_label=8, instance_name='p19.txt');0.0;0.23499329388141632;9.709375262900721e-06;0.0
Data(x=[44, 1], edge_index=[2, 54], edge_attr=[54, 3], y=0.0, custom_label=0.0, min_label=0, max_label=8, instance_name='p19.txt');0.0;0.23499329388141632;4.924227323499508e-05;0.0
Data(x=[57, 1], edge_index=[2, 70], edge_attr=[70, 3], y=0.0, custom_label=0.0, min_label=0, max_label=8, instance_name='p19.txt');0.0;0.23499329388141632;3.919685241271509e-06;4.0150612790057494e-07
Data(x=[36, 1], edge_index=[2, 48], edge_attr=[48, 3], y=0.0, custom_label=0.0, min_label=0, max_label=8, instance_name='p19.txt');0.0;0.23499329388141632;3.6264470537616944e-08;0.0
Data(x=[53, 1], edge_index=[2, 66], edge_attr=[66, 3], y=0.0, custom_label=0.0, min_label=0, max_label=8, instance_name='p19.txt');0.0;0.23499329388141632;1.7844611647888087e-05;0.0
Data(x=[52, 1], edge_index=[2, 64], edge_attr=[64, 3], y=0.0, custom_label=0.0, min_label=0, max_label=8, instance_name='p19.txt');0.0;0.23499329388141632;9.277512435801327e-05;0.0
Data(x=[52, 1], edge_index=[2, 64], edge_attr=[64, 3], y=0.0, custom_label=0.0, min_label=0, max_label=8, instance_name='p19.txt');0.0;0.23499329388141632;9.277494973503053e-05;0.0
Data(x=[35, 1], edge_index=[2, 44], edge_attr=[44, 3], y=0.0, custom_label=0.0, min_label=0, max_label=8, instance_name='p19.txt');0.0;0.23499329388141632;1.0710370588640217e-05;4.0150612790057494e-07
Data(x=[39, 1], edge_index=[2, 50], edge_attr=[50, 3], y=0.0, custom_label=0.0, min_label=0, max_label=8, instance_name='p19.txt');0.0;0.23499329388141632;1.2013455830128805e-07;4.0150612790057494e-07
Data(x=[47, 1], edge_index=[2, 58], edge_attr=[58, 3], y=0.0, custom_label=0.0, min_label=0, max_label=8, instance_name='p19.txt');0.0;0.23499329388141632;1.0637710147420876e-05;0.0
Data(x=[44, 1], edge_index=[2, 54], edge_attr=[54, 3], y=0.0, custom_label=0.0, min_label=0, max_label=8, instance_name='p19.txt');0.0;0.23499329388141632;4.924227323499508e-05;0.0
Data(x=[47, 1], edge_index=[2, 58], edge_attr=[58, 3], y=0.0, custom_label=0.0, min_label=0, max_label=8, instance_name='p19.txt');0.0;0.23499329388141632;5.965502714389004e-05;0.0
Data(x=[56, 1], edge_index=[2, 68], edge_attr=[68, 3], y=0.0, custom_label=0.0, min_label=0, max_label=8, instance_name='p19.txt');0.0;0.23499329388141632;3.595053203753196e-05;0.0
Data(x=[53, 1], edge_index=[2, 64], edge_attr=[64, 3], y=0.0, custom_label=0.0, min_label=0, max_label=8, instance_name='p19.txt');0.0;0.23499329388141632;0.00013598408258985728;4.0150612790057494e-07
Data(x=[47, 1], edge_index=[2, 58], edge_attr=[58, 3], y=0.0, custom_label=0.0, min_label=0, max_label=8, instance_name='p19.txt');0.0;0.23499329388141632;5.965502714389004e-05;4.0150612790057494e-07
Data(x=[44, 1], edge_index=[2, 58], edge_attr=[58, 3], y=0.0, custom_label=0.0, min_label=0, max_label=8, instance_name='p19.txt');0.0;0.23499329388141632;1.4635894274306338e-07;0.0
Data(x=[46, 1], edge_index=[2, 56], edge_attr=[56, 3], y=0.0, custom_label=0.0, min_label=0, max_label=8, instance_name='p19.txt');0.0;0.23499329388141632;6.806448072893545e-05;0.0
Data(x=[55, 1], edge_index=[2, 66], edge_attr=[66, 3], y=0.0, custom_label=0.0, min_label=0, max_label=8, instance_name='p19.txt');0.0;0.23499329388141632;0.00017210601072292775;0.0
Data(x=[57, 1], edge_index=[2, 68], edge_attr=[68, 3], y=0.0, custom_label=0.0, min_label=0, max_label=8, instance_name='p19.txt');0.0;0.23499329388141632;5.232102921581827e-05;4.0150612790057494e-07
Data(x=[47, 1], edge_index=[2, 58], edge_attr=[58, 3], y=0.0, custom_label=0.0, min_label=0, max_label=8, instance_name='p19.txt');0.0;0.23499329388141632;1.0637730156304315e-05;0.0
Data(x=[46, 1], edge_index=[2, 58], edge_attr=[58, 3], y=0.0, custom_label=0.0, min_label=0, max_label=8, instance_name='p19.txt');0.0;0.23499329388141632;4.714040926501184e-07;0.0
Data(x=[45, 1], edge_index=[2, 56], edge_attr=[56, 3], y=0.0, custom_label=0.0, min_label=0, max_label=8, instance_name='p19.txt');0.0;0.23499329388141632;7.122773240553215e-06;0.0
Data(x=[46, 1], edge_index=[2, 58], edge_attr=[58, 3], y=0.0, custom_label=0.0, min_label=0, max_label=8, instance_name='p19.txt');0.0;0.23499329388141632;6.5321278270857874e-06;0.0
Data(x=[53, 1], edge_index=[2, 64], edge_attr=[64, 3], y=0.0, custom_label=0.0, min_label=0, max_label=8, instance_name='p19.txt');0.0;0.23499329388141632;0.000135983937070705;0.0
Data(x=[45, 1], edge_index=[2, 56], edge_attr=[56, 3], y=0.0, custom_label=0.0, min_label=0, max_label=8, instance_name='p19.txt');0.0;0.23499329388141632;7.122773240553215e-06;0.0
Data(x=[48, 1], edge_index=[2, 60], edge_attr=[60, 3], y=0.0, custom_label=0.0, min_label=0, max_label=8, instance_name='p19.txt');0.0;0.23499329388141632;9.709375262900721e-06;4.0150612790057494e-07
Data(x=[43, 1], edge_index=[2, 54], edge_attr=[54, 3], y=0.0, custom_label=0.0, min_label=0, max_label=8, instance_name='p19.txt');0.0;0.23499329388141632;3.0381663236767054e-05;4.0150612790057494e-07
Data(x=[39, 1], edge_index=[2, 50], edge_attr=[50, 3], y=0.0, custom_label=0.0, min_label=0, max_label=8, instance_name='p19.txt');0.0;0.23499329388141632;1.6799156128399773e-06;0.0
Data(x=[62, 1], edge_index=[2, 72], edge_attr=[72, 3], y=8.0, custom_label=1.0, min_label=0, max_label=8, instance_name='p19.txt');1.0;0.23499329388141632;0.08026997745037079;4.0150612790057494e-07
Data(x=[61, 1], edge_index=[2, 70], edge_attr=[70, 3], y=7.0, custom_label=0.875, min_label=0, max_label=8, instance_name='p19.txt');0.875;0.23499329388141632;0.10468275099992752;4.0150612790057494e-07
Data(x=[61, 1], edge_index=[2, 70], edge_attr=[70, 3], y=6.0, custom_label=0.75, min_label=0, max_label=8, instance_name='p19.txt');0.75;0.23499329388141632;0.10468275099992752;4.0150612790057494e-07
Data(x=[61, 1], edge_index=[2, 70], edge_attr=[70, 3], y=5.0, custom_label=0.625, min_label=0, max_label=8, instance_name='p19.txt');0.625;0.23499329388141632;0.10468275099992752;4.0150612790057494e-07
Data(x=[61, 1], edge_index=[2, 70], edge_attr=[70, 3], y=4.0, custom_label=0.5, min_label=0, max_label=8, instance_name='p19.txt');0.5;0.23499329388141632;0.10468275099992752;4.0150612790057494e-07
Data(x=[61, 1], edge_index=[2, 70], edge_attr=[70, 3], y=3.0, custom_label=0.375, min_label=0, max_label=8, instance_name='p19.txt');0.375;0.23499329388141632;0.10468275099992752;4.0150612790057494e-07
Data(x=[61, 1], edge_index=[2, 70], edge_attr=[70, 3], y=2.0, custom_label=0.25, min_label=0, max_label=8, instance_name='p19.txt');0.25;0.23499329388141632;0.10468275099992752;4.0150612790057494e-07
Data(x=[61, 1], edge_index=[2, 70], edge_attr=[70, 3], y=1.0, custom_label=0.125, min_label=0, max_label=8, instance_name='p19.txt');0.125;0.23499329388141632;0.10468275099992752;4.0150612790057494e-07
Data(x=[62, 1], edge_index=[2, 72], edge_attr=[72, 3], y=0.0, custom_label=0.0, min_label=0, max_label=8, instance_name='p19.txt');0.0;0.23499329388141632;0.0004358789592515677;4.0150612790057494e-07
Data(x=[47, 1], edge_index=[2, 58], edge_attr=[58, 3], y=0.0, custom_label=0.0, min_label=0, max_label=8, instance_name='p19.txt');0.0;0.23499329388141632;5.9655143559211865e-05;0.0
Data(x=[61, 1], edge_index=[2, 72], edge_attr=[72, 3], y=0.0, custom_label=0.0, min_label=0, max_label=8, instance_name='p19.txt');0.0;0.23499329388141632;0.00031981096253730357;4.0150612790057494e-07
Data(x=[48, 1], edge_index=[2, 58], edge_attr=[58, 3], y=0.0, custom_label=0.0, min_label=0, max_label=8, instance_name='p19.txt');0.0;0.23499329388141632;1.3592141840490513e-05;4.0150612790057494e-07
Data(x=[41, 1], edge_index=[2, 52], edge_attr=[52, 3], y=0.0, custom_label=0.0, min_label=0, max_label=8, instance_name='p19.txt');0.0;0.23499329388141632;2.1770790681330254e-06;0.0
Data(x=[48, 1], edge_index=[2, 60], edge_attr=[60, 3], y=0.0, custom_label=0.0, min_label=0, max_label=8, instance_name='p19.txt');0.0;0.23499329388141632;1.446819737793703e-06;4.0150612790057494e-07
Data(x=[50, 1], edge_index=[2, 62], edge_attr=[62, 3], y=0.0, custom_label=0.0, min_label=0, max_label=8, instance_name='p19.txt');0.0;0.23499329388141632;7.062491931719705e-05;4.0150612790057494e-07
Data(x=[50, 1], edge_index=[2, 60], edge_attr=[60, 3], y=0.0, custom_label=0.0, min_label=0, max_label=8, instance_name='p19.txt');0.0;0.23499329388141632;0.0001205553489853628;4.0150612790057494e-07
Data(x=[60, 1], edge_index=[2, 72], edge_attr=[72, 3], y=6.0, custom_label=0.75, min_label=0, max_label=8, instance_name='p19.txt');0.75;0.23499329388141632;0.006940110586583614;0.0
Data(x=[59, 1], edge_index=[2, 70], edge_attr=[70, 3], y=5.0, custom_label=0.625, min_label=0, max_label=8, instance_name='p19.txt');0.625;0.23499329388141632;0.02703915350139141;0.0
Data(x=[59, 1], edge_index=[2, 70], edge_attr=[70, 3], y=4.0, custom_label=0.5, min_label=0, max_label=8, instance_name='p19.txt');0.5;0.23499329388141632;0.02703915350139141;0.0
Data(x=[59, 1], edge_index=[2, 70], edge_attr=[70, 3], y=3.0, custom_label=0.375, min_label=0, max_label=8, instance_name='p19.txt');0.375;0.23499329388141632;0.02703915350139141;0.0
Data(x=[59, 1], edge_index=[2, 70], edge_attr=[70, 3], y=2.0, custom_label=0.25, min_label=0, max_label=8, instance_name='p19.txt');0.25;0.23499329388141632;0.03383751958608627;0.0
Data(x=[59, 1], edge_index=[2, 70], edge_attr=[70, 3], y=1.0, custom_label=0.125, min_label=0, max_label=8, instance_name='p19.txt');0.125;0.23499329388141632;0.02703915350139141;0.0
Data(x=[60, 1], edge_index=[2, 72], edge_attr=[72, 3], y=0.0, custom_label=0.0, min_label=0, max_label=8, instance_name='p19.txt');0.0;0.23499329388141632;8.131057256832719e-06;0.0
Data(x=[43, 1], edge_index=[2, 54], edge_attr=[54, 3], y=4.0, custom_label=0.5, min_label=0, max_label=8, instance_name='p19.txt');0.5;0.23499329388141632;0.032473571598529816;4.0150612790057494e-07
Data(x=[42, 1], edge_index=[2, 52], edge_attr=[52, 3], y=3.0, custom_label=0.375, min_label=0, max_label=8, instance_name='p19.txt');0.375;0.23499329388141632;0.07005802541971207;4.0150612790057494e-07
Data(x=[41, 1], edge_index=[2, 50], edge_attr=[50, 3], y=2.0, custom_label=0.25, min_label=0, max_label=8, instance_name='p19.txt');0.25;0.23499329388141632;0.10271117091178894;4.0150612790057494e-07
Data(x=[41, 1], edge_index=[2, 50], edge_attr=[50, 3], y=1.0, custom_label=0.125, min_label=0, max_label=8, instance_name='p19.txt');0.125;0.23499329388141632;0.10271117091178894;4.0150612790057494e-07
Data(x=[42, 1], edge_index=[2, 52], edge_attr=[52, 3], y=0.0, custom_label=0.0, min_label=0, max_label=8, instance_name='p19.txt');0.0;0.23499329388141632;3.4543347283033654e-05;4.0150612790057494e-07
Data(x=[436, 1], edge_index=[2, 438], edge_attr=[438, 3], y=429.0, custom_label=1.0, min_label=0, max_label=429, instance_name='p20.txt');1.0;0.23499329388141632;0.5194661617279053;4.0150612790057494e-07
Data(x=[436, 1], edge_index=[2, 438], edge_attr=[438, 3], y=428.0, custom_label=0.997669, min_label=0, max_label=429, instance_name='p20.txt');0.997668981552124;0.23499329388141632;0.5194661617279053;4.0150612790057494e-07
Data(x=[436, 1], edge_index=[2, 438], edge_attr=[438, 3], y=427.0, custom_label=0.995338, min_label=0, max_label=429, instance_name='p20.txt');0.9953380227088928;0.23499329388141632;0.5194661617279053;4.0150612790057494e-07
Data(x=[436, 1], edge_index=[2, 438], edge_attr=[438, 3], y=426.0, custom_label=0.993007, min_label=0, max_label=429, instance_name='p20.txt');0.9930070042610168;0.23499329388141632;0.5194661617279053;4.0150612790057494e-07
Data(x=[436, 1], edge_index=[2, 438], edge_attr=[438, 3], y=425.0, custom_label=0.990676, min_label=0, max_label=429, instance_name='p20.txt');0.9906759858131409;0.23499329388141632;0.5194661617279053;4.0150612790057494e-07
Data(x=[436, 1], edge_index=[2, 438], edge_attr=[438, 3], y=424.0, custom_label=0.98834497, min_label=0, max_label=429, instance_name='p20.txt');0.9883449673652649;0.23499329388141632;0.5194661617279053;4.0150612790057494e-07
Data(x=[436, 1], edge_index=[2, 438], edge_attr=[438, 3], y=423.0, custom_label=0.986014, min_label=0, max_label=429, instance_name='p20.txt');0.9860140085220337;0.23499329388141632;0.5194661617279053;4.0150612790057494e-07
Data(x=[436, 1], edge_index=[2, 438], edge_attr=[438, 3], y=422.0, custom_label=0.983683, min_label=0, max_label=429, instance_name='p20.txt');0.9836829900741577;0.23499329388141632;0.5194661617279053;4.0150612790057494e-07
Data(x=[436, 1], edge_index=[2, 438], edge_attr=[438, 3], y=421.0, custom_label=0.981352, min_label=0, max_label=429, instance_name='p20.txt');0.9813519716262817;0.23499329388141632;0.5194661617279053;4.0150612790057494e-07
Data(x=[436, 1], edge_index=[2, 438], edge_attr=[438, 3], y=420.0, custom_label=0.97902095, min_label=0, max_label=429, instance_name='p20.txt');0.9790209531784058;0.23499329388141632;0.5194661617279053;4.0150612790057494e-07
Data(x=[436, 1], edge_index=[2, 438], edge_attr=[438, 3], y=419.0, custom_label=0.97669, min_label=0, max_label=429, instance_name='p20.txt');0.9766899943351746;0.23499329388141632;0.5194661617279053;4.0150612790057494e-07
Data(x=[436, 1], edge_index=[2, 438], edge_attr=[438, 3], y=418.0, custom_label=0.974359, min_label=0, max_label=429, instance_name='p20.txt');0.9743589758872986;0.23499329388141632;0.5194661617279053;4.0150612790057494e-07
Data(x=[436, 1], edge_index=[2, 438], edge_attr=[438, 3], y=417.0, custom_label=0.97202796, min_label=0, max_label=429, instance_name='p20.txt');0.9720279574394226;0.23499329388141632;0.5194661617279053;4.0150612790057494e-07
Data(x=[436, 1], edge_index=[2, 438], edge_attr=[438, 3], y=416.0, custom_label=0.969697, min_label=0, max_label=429, instance_name='p20.txt');0.9696969985961914;0.23499329388141632;0.5194661617279053;4.0150612790057494e-07
Data(x=[436, 1], edge_index=[2, 438], edge_attr=[438, 3], y=415.0, custom_label=0.967366, min_label=0, max_label=429, instance_name='p20.txt');0.9673659801483154;0.23499329388141632;0.5194661617279053;4.0150612790057494e-07
Data(x=[436, 1], edge_index=[2, 438], edge_attr=[438, 3], y=414.0, custom_label=0.96503496, min_label=0, max_label=429, instance_name='p20.txt');0.9650349617004395;0.23499329388141632;0.5194661617279053;4.0150612790057494e-07
Data(x=[436, 1], edge_index=[2, 438], edge_attr=[438, 3], y=413.0, custom_label=0.96270394, min_label=0, max_label=429, instance_name='p20.txt');0.9627039432525635;0.23499329388141632;0.5194661617279053;4.0150612790057494e-07
Data(x=[436, 1], edge_index=[2, 438], edge_attr=[438, 3], y=412.0, custom_label=0.960373, min_label=0, max_label=429, instance_name='p20.txt');0.9603729844093323;0.23499329388141632;0.5194661617279053;4.0150612790057494e-07
Data(x=[436, 1], edge_index=[2, 438], edge_attr=[438, 3], y=411.0, custom_label=0.95804197, min_label=0, max_label=429, instance_name='p20.txt');0.9580419659614563;0.23499329388141632;0.5194661617279053;4.0150612790057494e-07
Data(x=[436, 1], edge_index=[2, 438], edge_attr=[438, 3], y=410.0, custom_label=0.95571095, min_label=0, max_label=429, instance_name='p20.txt');0.9557109475135803;0.23499329388141632;0.5194661617279053;4.0150612790057494e-07
Data(x=[436, 1], edge_index=[2, 438], edge_attr=[438, 3], y=409.0, custom_label=0.9533799, min_label=0, max_label=429, instance_name='p20.txt');0.9533799290657043;0.23499329388141632;0.5194661617279053;4.0150612790057494e-07
Data(x=[436, 1], edge_index=[2, 438], edge_attr=[438, 3], y=408.0, custom_label=0.951049, min_label=0, max_label=429, instance_name='p20.txt');0.9510489702224731;0.23499329388141632;0.5194661617279053;4.0150612790057494e-07
Data(x=[436, 1], edge_index=[2, 438], edge_attr=[438, 3], y=407.0, custom_label=0.94871795, min_label=0, max_label=429, instance_name='p20.txt');0.9487179517745972;0.23499329388141632;0.5194661617279053;4.0150612790057494e-07
Data(x=[436, 1], edge_index=[2, 438], edge_attr=[438, 3], y=406.0, custom_label=0.94638693, min_label=0, max_label=429, instance_name='p20.txt');0.9463869333267212;0.23499329388141632;0.5194661617279053;4.0150612790057494e-07
Data(x=[436, 1], edge_index=[2, 438], edge_attr=[438, 3], y=405.0, custom_label=0.9440559, min_label=0, max_label=429, instance_name='p20.txt');0.9440559148788452;0.23499329388141632;0.5194661617279053;4.0150612790057494e-07
Data(x=[436, 1], edge_index=[2, 438], edge_attr=[438, 3], y=404.0, custom_label=0.94172496, min_label=0, max_label=429, instance_name='p20.txt');0.941724956035614;0.23499329388141632;0.5194661617279053;4.0150612790057494e-07
Data(x=[436, 1], edge_index=[2, 438], edge_attr=[438, 3], y=403.0, custom_label=0.93939394, min_label=0, max_label=429, instance_name='p20.txt');0.939393937587738;0.23499329388141632;0.5194661617279053;4.0150612790057494e-07
Data(x=[436, 1], edge_index=[2, 438], edge_attr=[438, 3], y=402.0, custom_label=0.9370629, min_label=0, max_label=429, instance_name='p20.txt');0.9370629191398621;0.23499329388141632;0.5194661617279053;4.0150612790057494e-07
Data(x=[436, 1], edge_index=[2, 438], edge_attr=[438, 3], y=401.0, custom_label=0.93473196, min_label=0, max_label=429, instance_name='p20.txt');0.9347319602966309;0.23499329388141632;0.5194661617279053;4.0150612790057494e-07
Data(x=[436, 1], edge_index=[2, 438], edge_attr=[438, 3], y=400.0, custom_label=0.93240094, min_label=0, max_label=429, instance_name='p20.txt');0.9324009418487549;0.23499329388141632;0.5194661617279053;4.0150612790057494e-07
Data(x=[436, 1], edge_index=[2, 438], edge_attr=[438, 3], y=399.0, custom_label=0.9300699, min_label=0, max_label=429, instance_name='p20.txt');0.9300699234008789;0.23499329388141632;0.5194661617279053;4.0150612790057494e-07
Data(x=[436, 1], edge_index=[2, 438], edge_attr=[438, 3], y=398.0, custom_label=0.9277389, min_label=0, max_label=429, instance_name='p20.txt');0.9277389049530029;0.23499329388141632;0.5194661617279053;4.0150612790057494e-07
Data(x=[436, 1], edge_index=[2, 438], edge_attr=[438, 3], y=397.0, custom_label=0.92540795, min_label=0, max_label=429, instance_name='p20.txt');0.9254079461097717;0.23499329388141632;0.5194661617279053;4.0150612790057494e-07
Data(x=[436, 1], edge_index=[2, 438], edge_attr=[438, 3], y=396.0, custom_label=0.9230769, min_label=0, max_label=429, instance_name='p20.txt');0.9230769276618958;0.23499329388141632;0.5194661617279053;4.0150612790057494e-07
Data(x=[436, 1], edge_index=[2, 438], edge_attr=[438, 3], y=395.0, custom_label=0.9207459, min_label=0, max_label=429, instance_name='p20.txt');0.9207459092140198;0.23499329388141632;0.5194661617279053;4.0150612790057494e-07
Data(x=[436, 1], edge_index=[2, 438], edge_attr=[438, 3], y=394.0, custom_label=0.9184149, min_label=0, max_label=429, instance_name='p20.txt');0.9184148907661438;0.23499329388141632;0.5194661617279053;4.0150612790057494e-07
Data(x=[436, 1], edge_index=[2, 438], edge_attr=[438, 3], y=393.0, custom_label=0.91608393, min_label=0, max_label=429, instance_name='p20.txt');0.9160839319229126;0.23499329388141632;0.5194661617279053;4.0150612790057494e-07
Data(x=[436, 1], edge_index=[2, 438], edge_attr=[438, 3], y=392.0, custom_label=0.9137529, min_label=0, max_label=429, instance_name='p20.txt');0.9137529134750366;0.23499329388141632;0.5194661617279053;4.0150612790057494e-07
Data(x=[436, 1], edge_index=[2, 438], edge_attr=[438, 3], y=391.0, custom_label=0.9114219, min_label=0, max_label=429, instance_name='p20.txt');0.9114218950271606;0.23499329388141632;0.5194661617279053;4.0150612790057494e-07
Data(x=[436, 1], edge_index=[2, 438], edge_attr=[438, 3], y=390.0, custom_label=0.90909094, min_label=0, max_label=429, instance_name='p20.txt');0.9090909361839294;0.23499329388141632;0.5194661617279053;4.0150612790057494e-07
Data(x=[436, 1], edge_index=[2, 438], edge_attr=[438, 3], y=389.0, custom_label=0.9067599, min_label=0, max_label=429, instance_name='p20.txt');0.9067599177360535;0.23499329388141632;0.5194661617279053;4.0150612790057494e-07
Data(x=[436, 1], edge_index=[2, 438], edge_attr=[438, 3], y=388.0, custom_label=0.9044289, min_label=0, max_label=429, instance_name='p20.txt');0.9044288992881775;0.23499329388141632;0.5194661617279053;4.0150612790057494e-07
Data(x=[436, 1], edge_index=[2, 438], edge_attr=[438, 3], y=387.0, custom_label=0.9020979, min_label=0, max_label=429, instance_name='p20.txt');0.9020978808403015;0.23499329388141632;0.5194661617279053;4.0150612790057494e-07
Data(x=[436, 1], edge_index=[2, 438], edge_attr=[438, 3], y=386.0, custom_label=0.8997669, min_label=0, max_label=429, instance_name='p20.txt');0.8997669219970703;0.23499329388141632;0.5194661617279053;4.0150612790057494e-07
Data(x=[436, 1], edge_index=[2, 438], edge_attr=[438, 3], y=385.0, custom_label=0.8974359, min_label=0, max_label=429, instance_name='p20.txt');0.8974359035491943;0.23499329388141632;0.5194661617279053;4.0150612790057494e-07
Data(x=[436, 1], edge_index=[2, 438], edge_attr=[438, 3], y=384.0, custom_label=0.8951049, min_label=0, max_label=429, instance_name='p20.txt');0.8951048851013184;0.23499329388141632;0.5194661617279053;4.0150612790057494e-07
Data(x=[436, 1], edge_index=[2, 438], edge_attr=[438, 3], y=383.0, custom_label=0.89277387, min_label=0, max_label=429, instance_name='p20.txt');0.8927738666534424;0.23499329388141632;0.5194661617279053;4.0150612790057494e-07
Data(x=[436, 1], edge_index=[2, 438], edge_attr=[438, 3], y=382.0, custom_label=0.8904429, min_label=0, max_label=429, instance_name='p20.txt');0.8904429078102112;0.23499329388141632;0.5194661617279053;4.0150612790057494e-07
Data(x=[436, 1], edge_index=[2, 438], edge_attr=[438, 3], y=381.0, custom_label=0.8881119, min_label=0, max_label=429, instance_name='p20.txt');0.8881118893623352;0.23499329388141632;0.5194661617279053;4.0150612790057494e-07
Data(x=[436, 1], edge_index=[2, 438], edge_attr=[438, 3], y=380.0, custom_label=0.8857809, min_label=0, max_label=429, instance_name='p20.txt');0.8857808709144592;0.23499329388141632;0.5194661617279053;4.0150612790057494e-07
Data(x=[436, 1], edge_index=[2, 438], edge_attr=[438, 3], y=379.0, custom_label=0.8834499, min_label=0, max_label=429, instance_name='p20.txt');0.883449912071228;0.23499329388141632;0.5194661617279053;4.0150612790057494e-07
Data(x=[436, 1], edge_index=[2, 438], edge_attr=[438, 3], y=378.0, custom_label=0.8811189, min_label=0, max_label=429, instance_name='p20.txt');0.881118893623352;0.23499329388141632;0.5194661617279053;4.0150612790057494e-07
Data(x=[436, 1], edge_index=[2, 438], edge_attr=[438, 3], y=377.0, custom_label=0.8787879, min_label=0, max_label=429, instance_name='p20.txt');0.8787878751754761;0.23499329388141632;0.5194661617279053;4.0150612790057494e-07
Data(x=[436, 1], edge_index=[2, 438], edge_attr=[438, 3], y=376.0, custom_label=0.87645686, min_label=0, max_label=429, instance_name='p20.txt');0.8764568567276001;0.23499329388141632;0.5194661617279053;4.0150612790057494e-07
Data(x=[436, 1], edge_index=[2, 438], edge_attr=[438, 3], y=375.0, custom_label=0.8741259, min_label=0, max_label=429, instance_name='p20.txt');0.8741258978843689;0.23499329388141632;0.5194661617279053;4.0150612790057494e-07
Data(x=[436, 1], edge_index=[2, 438], edge_attr=[438, 3], y=374.0, custom_label=0.8717949, min_label=0, max_label=429, instance_name='p20.txt');0.8717948794364929;0.23499329388141632;0.5194661617279053;4.0150612790057494e-07
Data(x=[436, 1], edge_index=[2, 438], edge_attr=[438, 3], y=373.0, custom_label=0.86946386, min_label=0, max_label=429, instance_name='p20.txt');0.8694638609886169;0.23499329388141632;0.5194661617279053;4.0150612790057494e-07
Data(x=[436, 1], edge_index=[2, 438], edge_attr=[438, 3], y=372.0, custom_label=0.86713284, min_label=0, max_label=429, instance_name='p20.txt');0.867132842540741;0.23499329388141632;0.5194661617279053;4.0150612790057494e-07
Data(x=[436, 1], edge_index=[2, 438], edge_attr=[438, 3], y=371.0, custom_label=0.8648019, min_label=0, max_label=429, instance_name='p20.txt');0.8648018836975098;0.23499329388141632;0.5194661617279053;4.0150612790057494e-07
Data(x=[436, 1], edge_index=[2, 438], edge_attr=[438, 3], y=370.0, custom_label=0.86247087, min_label=0, max_label=429, instance_name='p20.txt');0.8624708652496338;0.23499329388141632;0.5194661617279053;4.0150612790057494e-07
Data(x=[436, 1], edge_index=[2, 438], edge_attr=[438, 3], y=369.0, custom_label=0.86013985, min_label=0, max_label=429, instance_name='p20.txt');0.8601398468017578;0.23499329388141632;0.5194661617279053;4.0150612790057494e-07
Data(x=[436, 1], edge_index=[2, 438], edge_attr=[438, 3], y=368.0, custom_label=0.8578088, min_label=0, max_label=429, instance_name='p20.txt');0.8578088283538818;0.23499329388141632;0.5194661617279053;4.0150612790057494e-07
Data(x=[436, 1], edge_index=[2, 438], edge_attr=[438, 3], y=367.0, custom_label=0.85547787, min_label=0, max_label=429, instance_name='p20.txt');0.8554778695106506;0.23499329388141632;0.5194661617279053;4.0150612790057494e-07
Data(x=[436, 1], edge_index=[2, 438], edge_attr=[438, 3], y=366.0, custom_label=0.85314685, min_label=0, max_label=429, instance_name='p20.txt');0.8531468510627747;0.23499329388141632;0.5194661617279053;4.0150612790057494e-07
Data(x=[436, 1], edge_index=[2, 438], edge_attr=[438, 3], y=365.0, custom_label=0.85081583, min_label=0, max_label=429, instance_name='p20.txt');0.8508158326148987;0.23499329388141632;0.5194661617279053;4.0150612790057494e-07
Data(x=[436, 1], edge_index=[2, 438], edge_attr=[438, 3], y=364.0, custom_label=0.8484849, min_label=0, max_label=429, instance_name='p20.txt');0.8484848737716675;0.23499329388141632;0.5194661617279053;4.0150612790057494e-07
Data(x=[436, 1], edge_index=[2, 438], edge_attr=[438, 3], y=363.0, custom_label=0.84615386, min_label=0, max_label=429, instance_name='p20.txt');0.8461538553237915;0.23499329388141632;0.5194661617279053;4.0150612790057494e-07
Data(x=[436, 1], edge_index=[2, 438], edge_attr=[438, 3], y=362.0, custom_label=0.84382284, min_label=0, max_label=429, instance_name='p20.txt');0.8438228368759155;0.23499329388141632;0.5194661617279053;4.0150612790057494e-07
Data(x=[436, 1], edge_index=[2, 438], edge_attr=[438, 3], y=361.0, custom_label=0.8414918, min_label=0, max_label=429, instance_name='p20.txt');0.8414918184280396;0.23499329388141632;0.5194661617279053;4.0150612790057494e-07
Data(x=[436, 1], edge_index=[2, 438], edge_attr=[438, 3], y=360.0, custom_label=0.83916086, min_label=0, max_label=429, instance_name='p20.txt');0.8391608595848083;0.23499329388141632;0.5194661617279053;4.0150612790057494e-07
Data(x=[436, 1], edge_index=[2, 438], edge_attr=[438, 3], y=359.0, custom_label=0.83682984, min_label=0, max_label=429, instance_name='p20.txt');0.8368298411369324;0.23499329388141632;0.5194661617279053;4.0150612790057494e-07
Data(x=[436, 1], edge_index=[2, 438], edge_attr=[438, 3], y=358.0, custom_label=0.8344988, min_label=0, max_label=429, instance_name='p20.txt');0.8344988226890564;0.23499329388141632;0.5194661617279053;4.0150612790057494e-07
Data(x=[436, 1], edge_index=[2, 438], edge_attr=[438, 3], y=357.0, custom_label=0.8321678, min_label=0, max_label=429, instance_name='p20.txt');0.8321678042411804;0.23499329388141632;0.5194661617279053;4.0150612790057494e-07
Data(x=[436, 1], edge_index=[2, 438], edge_attr=[438, 3], y=356.0, custom_label=0.82983685, min_label=0, max_label=429, instance_name='p20.txt');0.8298368453979492;0.23499329388141632;0.5194661617279053;4.0150612790057494e-07
Data(x=[436, 1], edge_index=[2, 438], edge_attr=[438, 3], y=355.0, custom_label=0.8275058, min_label=0, max_label=429, instance_name='p20.txt');0.8275058269500732;0.23499329388141632;0.5194661617279053;4.0150612790057494e-07
Data(x=[436, 1], edge_index=[2, 438], edge_attr=[438, 3], y=354.0, custom_label=0.8251748, min_label=0, max_label=429, instance_name='p20.txt');0.8251748085021973;0.23499329388141632;0.5194661617279053;4.0150612790057494e-07
Data(x=[436, 1], edge_index=[2, 438], edge_attr=[438, 3], y=353.0, custom_label=0.82284385, min_label=0, max_label=429, instance_name='p20.txt');0.8228438496589661;0.23499329388141632;0.5194661617279053;4.0150612790057494e-07
Data(x=[436, 1], edge_index=[2, 438], edge_attr=[438, 3], y=352.0, custom_label=0.82051283, min_label=0, max_label=429, instance_name='p20.txt');0.8205128312110901;0.23499329388141632;0.5194661617279053;4.0150612790057494e-07
Data(x=[436, 1], edge_index=[2, 438], edge_attr=[438, 3], y=351.0, custom_label=0.8181818, min_label=0, max_label=429, instance_name='p20.txt');0.8181818127632141;0.23499329388141632;0.5194661617279053;4.0150612790057494e-07
Data(x=[436, 1], edge_index=[2, 438], edge_attr=[438, 3], y=350.0, custom_label=0.8158508, min_label=0, max_label=429, instance_name='p20.txt');0.8158507943153381;0.23499329388141632;0.5194661617279053;4.0150612790057494e-07
Data(x=[436, 1], edge_index=[2, 438], edge_attr=[438, 3], y=349.0, custom_label=0.81351984, min_label=0, max_label=429, instance_name='p20.txt');0.8135198354721069;0.23499329388141632;0.5194661617279053;4.0150612790057494e-07
Data(x=[436, 1], edge_index=[2, 438], edge_attr=[438, 3], y=348.0, custom_label=0.8111888, min_label=0, max_label=429, instance_name='p20.txt');0.811188817024231;0.23499329388141632;0.5194661617279053;4.0150612790057494e-07
Data(x=[436, 1], edge_index=[2, 438], edge_attr=[438, 3], y=347.0, custom_label=0.8088578, min_label=0, max_label=429, instance_name='p20.txt');0.808857798576355;0.23499329388141632;0.5194661617279053;4.0150612790057494e-07
Data(x=[436, 1], edge_index=[2, 438], edge_attr=[438, 3], y=346.0, custom_label=0.8065268, min_label=0, max_label=429, instance_name='p20.txt');0.806526780128479;0.23499329388141632;0.5194661617279053;4.0150612790057494e-07
Data(x=[436, 1], edge_index=[2, 438], edge_attr=[438, 3], y=345.0, custom_label=0.8041958, min_label=0, max_label=429, instance_name='p20.txt');0.8041958212852478;0.23499329388141632;0.5194661617279053;4.0150612790057494e-07
Data(x=[436, 1], edge_index=[2, 438], edge_attr=[438, 3], y=344.0, custom_label=0.8018648, min_label=0, max_label=429, instance_name='p20.txt');0.8018648028373718;0.23499329388141632;0.5194661617279053;4.0150612790057494e-07
Data(x=[436, 1], edge_index=[2, 438], edge_attr=[438, 3], y=343.0, custom_label=0.7995338, min_label=0, max_label=429, instance_name='p20.txt');0.7995337843894958;0.23499329388141632;0.5194661617279053;4.0150612790057494e-07
Data(x=[436, 1], edge_index=[2, 438], edge_attr=[438, 3], y=342.0, custom_label=0.7972028, min_label=0, max_label=429, instance_name='p20.txt');0.7972028255462646;0.23499329388141632;0.5194661617279053;4.0150612790057494e-07
Data(x=[436, 1], edge_index=[2, 438], edge_attr=[438, 3], y=341.0, custom_label=0.7948718, min_label=0, max_label=429, instance_name='p20.txt');0.7948718070983887;0.23499329388141632;0.5194661617279053;4.0150612790057494e-07
Data(x=[436, 1], edge_index=[2, 438], edge_attr=[438, 3], y=340.0, custom_label=0.7925408, min_label=0, max_label=429, instance_name='p20.txt');0.7925407886505127;0.23499329388141632;0.5194661617279053;4.0150612790057494e-07
Data(x=[436, 1], edge_index=[2, 438], edge_attr=[438, 3], y=339.0, custom_label=0.7902098, min_label=0, max_label=429, instance_name='p20.txt');0.7902097702026367;0.23499329388141632;0.5194661617279053;4.0150612790057494e-07
Data(x=[436, 1], edge_index=[2, 438], edge_attr=[438, 3], y=338.0, custom_label=0.7878788, min_label=0, max_label=429, instance_name='p20.txt');0.7878788113594055;0.23499329388141632;0.5194661617279053;4.0150612790057494e-07
Data(x=[436, 1], edge_index=[2, 438], edge_attr=[438, 3], y=337.0, custom_label=0.7855478, min_label=0, max_label=429, instance_name='p20.txt');0.7855477929115295;0.23499329388141632;0.5194661617279053;4.0150612790057494e-07
Data(x=[436, 1], edge_index=[2, 438], edge_attr=[438, 3], y=336.0, custom_label=0.7832168, min_label=0, max_label=429, instance_name='p20.txt');0.7832167744636536;0.23499329388141632;0.5194661617279053;4.0150612790057494e-07
Data(x=[436, 1], edge_index=[2, 438], edge_attr=[438, 3], y=335.0, custom_label=0.78088576, min_label=0, max_label=429, instance_name='p20.txt');0.7808857560157776;0.23499329388141632;0.5194661617279053;4.0150612790057494e-07
Data(x=[436, 1], edge_index=[2, 438], edge_attr=[438, 3], y=334.0, custom_label=0.7785548, min_label=0, max_label=429, instance_name='p20.txt');0.7785547971725464;0.23499329388141632;0.5194661617279053;4.0150612790057494e-07
Data(x=[436, 1], edge_index=[2, 438], edge_attr=[438, 3], y=333.0, custom_label=0.7762238, min_label=0, max_label=429, instance_name='p20.txt');0.7762237787246704;0.23499329388141632;0.5194661617279053;4.0150612790057494e-07
Data(x=[436, 1], edge_index=[2, 438], edge_attr=[438, 3], y=332.0, custom_label=0.77389276, min_label=0, max_label=429, instance_name='p20.txt');0.7738927602767944;0.23499329388141632;0.5194661617279053;4.0150612790057494e-07
Data(x=[436, 1], edge_index=[2, 438], edge_attr=[438, 3], y=331.0, custom_label=0.77156174, min_label=0, max_label=429, instance_name='p20.txt');0.7715617418289185;0.23499329388141632;0.5194661617279053;4.0150612790057494e-07
Data(x=[436, 1], edge_index=[2, 438], edge_attr=[438, 3], y=330.0, custom_label=0.7692308, min_label=0, max_label=429, instance_name='p20.txt');0.7692307829856873;0.23499329388141632;0.5194661617279053;4.0150612790057494e-07
Data(x=[436, 1], edge_index=[2, 438], edge_attr=[438, 3], y=329.0, custom_label=0.76689976, min_label=0, max_label=429, instance_name='p20.txt');0.7668997645378113;0.23499329388141632;0.5194661617279053;4.0150612790057494e-07
Data(x=[436, 1], edge_index=[2, 438], edge_attr=[438, 3], y=328.0, custom_label=0.76456875, min_label=0, max_label=429, instance_name='p20.txt');0.7645687460899353;0.23499329388141632;0.5194661617279053;4.0150612790057494e-07
Data(x=[436, 1], edge_index=[2, 438], edge_attr=[438, 3], y=327.0, custom_label=0.7622378, min_label=0, max_label=429, instance_name='p20.txt');0.7622377872467041;0.23499329388141632;0.5194661617279053;4.0150612790057494e-07
Data(x=[436, 1], edge_index=[2, 438], edge_attr=[438, 3], y=326.0, custom_label=0.75990677, min_label=0, max_label=429, instance_name='p20.txt');0.7599067687988281;0.23499329388141632;0.5194661617279053;4.0150612790057494e-07
Data(x=[436, 1], edge_index=[2, 438], edge_attr=[438, 3], y=325.0, custom_label=0.75757575, min_label=0, max_label=429, instance_name='p20.txt');0.7575757503509521;0.23499329388141632;0.5194661617279053;4.0150612790057494e-07
Data(x=[436, 1], edge_index=[2, 438], edge_attr=[438, 3], y=324.0, custom_label=0.75524473, min_label=0, max_label=429, instance_name='p20.txt');0.7552447319030762;0.23499329388141632;0.5194661617279053;4.0150612790057494e-07
Data(x=[436, 1], edge_index=[2, 438], edge_attr=[438, 3], y=323.0, custom_label=0.7529138, min_label=0, max_label=429, instance_name='p20.txt');0.752913773059845;0.23499329388141632;0.5194661617279053;4.0150612790057494e-07
Data(x=[436, 1], edge_index=[2, 438], edge_attr=[438, 3], y=322.0, custom_label=0.75058275, min_label=0, max_label=429, instance_name='p20.txt');0.750582754611969;0.23499329388141632;0.5194661617279053;4.0150612790057494e-07
Data(x=[436, 1], edge_index=[2, 438], edge_attr=[438, 3], y=321.0, custom_label=0.74825174, min_label=0, max_label=429, instance_name='p20.txt');0.748251736164093;0.23499329388141632;0.5194661617279053;4.0150612790057494e-07
Data(x=[436, 1], edge_index=[2, 438], edge_attr=[438, 3], y=320.0, custom_label=0.7459207, min_label=0, max_label=429, instance_name='p20.txt');0.745920717716217;0.23499329388141632;0.5194661617279053;4.0150612790057494e-07
Data(x=[436, 1], edge_index=[2, 438], edge_attr=[438, 3], y=319.0, custom_label=0.74358976, min_label=0, max_label=429, instance_name='p20.txt');0.7435897588729858;0.23499329388141632;0.5194661617279053;4.0150612790057494e-07
Data(x=[436, 1], edge_index=[2, 438], edge_attr=[438, 3], y=318.0, custom_label=0.74125874, min_label=0, max_label=429, instance_name='p20.txt');0.7412587404251099;0.23499329388141632;0.5194661617279053;4.0150612790057494e-07
Data(x=[436, 1], edge_index=[2, 438], edge_attr=[438, 3], y=317.0, custom_label=0.7389277, min_label=0, max_label=429, instance_name='p20.txt');0.7389277219772339;0.23499329388141632;0.5194661617279053;4.0150612790057494e-07
Data(x=[436, 1], edge_index=[2, 438], edge_attr=[438, 3], y=316.0, custom_label=0.73659676, min_label=0, max_label=429, instance_name='p20.txt');0.7365967631340027;0.23499329388141632;0.5194661617279053;4.0150612790057494e-07
Data(x=[436, 1], edge_index=[2, 438], edge_attr=[438, 3], y=315.0, custom_label=0.73426574, min_label=0, max_label=429, instance_name='p20.txt');0.7342657446861267;0.23499329388141632;0.5194661617279053;4.0150612790057494e-07
Data(x=[436, 1], edge_index=[2, 438], edge_attr=[438, 3], y=314.0, custom_label=0.7319347, min_label=0, max_label=429, instance_name='p20.txt');0.7319347262382507;0.23499329388141632;0.5194661617279053;4.0150612790057494e-07
Data(x=[436, 1], edge_index=[2, 438], edge_attr=[438, 3], y=313.0, custom_label=0.7296037, min_label=0, max_label=429, instance_name='p20.txt');0.7296037077903748;0.23499329388141632;0.5194661617279053;4.0150612790057494e-07
Data(x=[436, 1], edge_index=[2, 438], edge_attr=[438, 3], y=312.0, custom_label=0.72727275, min_label=0, max_label=429, instance_name='p20.txt');0.7272727489471436;0.23499329388141632;0.5194661617279053;4.0150612790057494e-07
Data(x=[436, 1], edge_index=[2, 438], edge_attr=[438, 3], y=311.0, custom_label=0.72494173, min_label=0, max_label=429, instance_name='p20.txt');0.7249417304992676;0.23499329388141632;0.5194661617279053;4.0150612790057494e-07
Data(x=[436, 1], edge_index=[2, 438], edge_attr=[438, 3], y=310.0, custom_label=0.7226107, min_label=0, max_label=429, instance_name='p20.txt');0.7226107120513916;0.23499329388141632;0.5194661617279053;4.0150612790057494e-07
Data(x=[436, 1], edge_index=[2, 438], edge_attr=[438, 3], y=309.0, custom_label=0.7202797, min_label=0, max_label=429, instance_name='p20.txt');0.7202796936035156;0.23499329388141632;0.5194661617279053;4.0150612790057494e-07
Data(x=[436, 1], edge_index=[2, 438], edge_attr=[438, 3], y=308.0, custom_label=0.71794873, min_label=0, max_label=429, instance_name='p20.txt');0.7179487347602844;0.23499329388141632;0.5194661617279053;4.0150612790057494e-07
Data(x=[436, 1], edge_index=[2, 438], edge_attr=[438, 3], y=307.0, custom_label=0.7156177, min_label=0, max_label=429, instance_name='p20.txt');0.7156177163124084;0.23499329388141632;0.5194661617279053;4.0150612790057494e-07
Data(x=[436, 1], edge_index=[2, 438], edge_attr=[438, 3], y=306.0, custom_label=0.7132867, min_label=0, max_label=429, instance_name='p20.txt');0.7132866978645325;0.23499329388141632;0.5194661617279053;4.0150612790057494e-07
Data(x=[436, 1], edge_index=[2, 438], edge_attr=[438, 3], y=305.0, custom_label=0.71095574, min_label=0, max_label=429, instance_name='p20.txt');0.7109557390213013;0.23499329388141632;0.5194661617279053;4.0150612790057494e-07
Data(x=[436, 1], edge_index=[2, 438], edge_attr=[438, 3], y=304.0, custom_label=0.7086247, min_label=0, max_label=429, instance_name='p20.txt');0.7086247205734253;0.23499329388141632;0.5194661617279053;4.0150612790057494e-07
Data(x=[436, 1], edge_index=[2, 438], edge_attr=[438, 3], y=303.0, custom_label=0.7062937, min_label=0, max_label=429, instance_name='p20.txt');0.7062937021255493;0.23499329388141632;0.5194661617279053;4.0150612790057494e-07
Data(x=[436, 1], edge_index=[2, 438], edge_attr=[438, 3], y=302.0, custom_label=0.7039627, min_label=0, max_label=429, instance_name='p20.txt');0.7039626836776733;0.23499329388141632;0.5194661617279053;4.0150612790057494e-07
Data(x=[436, 1], edge_index=[2, 438], edge_attr=[438, 3], y=301.0, custom_label=0.7016317, min_label=0, max_label=429, instance_name='p20.txt');0.7016317248344421;0.23499329388141632;0.5194661617279053;4.0150612790057494e-07
Data(x=[436, 1], edge_index=[2, 438], edge_attr=[438, 3], y=300.0, custom_label=0.6993007, min_label=0, max_label=429, instance_name='p20.txt');0.6993007063865662;0.23499329388141632;0.5194661617279053;4.0150612790057494e-07
Data(x=[436, 1], edge_index=[2, 438], edge_attr=[438, 3], y=299.0, custom_label=0.6969697, min_label=0, max_label=429, instance_name='p20.txt');0.6969696879386902;0.23499329388141632;0.5194661617279053;4.0150612790057494e-07
Data(x=[436, 1], edge_index=[2, 438], edge_attr=[438, 3], y=298.0, custom_label=0.69463867, min_label=0, max_label=429, instance_name='p20.txt');0.6946386694908142;0.23499329388141632;0.5194661617279053;4.0150612790057494e-07
Data(x=[436, 1], edge_index=[2, 438], edge_attr=[438, 3], y=297.0, custom_label=0.6923077, min_label=0, max_label=429, instance_name='p20.txt');0.692307710647583;0.23499329388141632;0.5194661617279053;4.0150612790057494e-07
Data(x=[436, 1], edge_index=[2, 438], edge_attr=[438, 3], y=296.0, custom_label=0.6899767, min_label=0, max_label=429, instance_name='p20.txt');0.689976692199707;0.23499329388141632;0.5194661617279053;4.0150612790057494e-07
Data(x=[436, 1], edge_index=[2, 438], edge_attr=[438, 3], y=295.0, custom_label=0.6876457, min_label=0, max_label=429, instance_name='p20.txt');0.687645673751831;0.23499329388141632;0.5194661617279053;4.0150612790057494e-07
Data(x=[436, 1], edge_index=[2, 438], edge_attr=[438, 3], y=294.0, custom_label=0.6853147, min_label=0, max_label=429, instance_name='p20.txt');0.6853147149085999;0.23499329388141632;0.5194661617279053;4.0150612790057494e-07
Data(x=[436, 1], edge_index=[2, 438], edge_attr=[438, 3], y=293.0, custom_label=0.6829837, min_label=0, max_label=429, instance_name='p20.txt');0.6829836964607239;0.23499329388141632;0.5194661617279053;4.0150612790057494e-07
Data(x=[436, 1], edge_index=[2, 438], edge_attr=[438, 3], y=292.0, custom_label=0.6806527, min_label=0, max_label=429, instance_name='p20.txt');0.6806526780128479;0.23499329388141632;0.5194661617279053;4.0150612790057494e-07
Data(x=[436, 1], edge_index=[2, 438], edge_attr=[438, 3], y=291.0, custom_label=0.67832166, min_label=0, max_label=429, instance_name='p20.txt');0.6783216595649719;0.23499329388141632;0.5194661617279053;4.0150612790057494e-07
Data(x=[436, 1], edge_index=[2, 438], edge_attr=[438, 3], y=290.0, custom_label=0.6759907, min_label=0, max_label=429, instance_name='p20.txt');0.6759907007217407;0.23499329388141632;0.5194661617279053;4.0150612790057494e-07
Data(x=[436, 1], edge_index=[2, 438], edge_attr=[438, 3], y=289.0, custom_label=0.6736597, min_label=0, max_label=429, instance_name='p20.txt');0.6736596822738647;0.23499329388141632;0.5194661617279053;4.0150612790057494e-07
Data(x=[436, 1], edge_index=[2, 438], edge_attr=[438, 3], y=288.0, custom_label=0.67132866, min_label=0, max_label=429, instance_name='p20.txt');0.6713286638259888;0.23499329388141632;0.5194661617279053;4.0150612790057494e-07
Data(x=[436, 1], edge_index=[2, 438], edge_attr=[438, 3], y=287.0, custom_label=0.66899765, min_label=0, max_label=429, instance_name='p20.txt');0.6689976453781128;0.23499329388141632;0.5194661617279053;4.0150612790057494e-07
Data(x=[436, 1], edge_index=[2, 438], edge_attr=[438, 3], y=286.0, custom_label=0.6666667, min_label=0, max_label=429, instance_name='p20.txt');0.6666666865348816;0.23499329388141632;0.5194661617279053;4.0150612790057494e-07
Data(x=[436, 1], edge_index=[2, 438], edge_attr=[438, 3], y=285.0, custom_label=0.66433567, min_label=0, max_label=429, instance_name='p20.txt');0.6643356680870056;0.23499329388141632;0.5194661617279053;4.0150612790057494e-07
Data(x=[436, 1], edge_index=[2, 438], edge_attr=[438, 3], y=284.0, custom_label=0.66200465, min_label=0, max_label=429, instance_name='p20.txt');0.6620046496391296;0.23499329388141632;0.5194661617279053;4.0150612790057494e-07
Data(x=[436, 1], edge_index=[2, 438], edge_attr=[438, 3], y=283.0, custom_label=0.65967363, min_label=0, max_label=429, instance_name='p20.txt');0.6596736311912537;0.23499329388141632;0.5194661617279053;4.0150612790057494e-07
Data(x=[436, 1], edge_index=[2, 438], edge_attr=[438, 3], y=282.0, custom_label=0.6573427, min_label=0, max_label=429, instance_name='p20.txt');0.6573426723480225;0.23499329388141632;0.5194661617279053;4.0150612790057494e-07
Data(x=[436, 1], edge_index=[2, 438], edge_attr=[438, 3], y=281.0, custom_label=0.65501165, min_label=0, max_label=429, instance_name='p20.txt');0.6550116539001465;0.23499329388141632;0.5194661617279053;4.0150612790057494e-07
Data(x=[436, 1], edge_index=[2, 438], edge_attr=[438, 3], y=280.0, custom_label=0.65268064, min_label=0, max_label=429, instance_name='p20.txt');0.6526806354522705;0.23499329388141632;0.5194661617279053;4.0150612790057494e-07
Data(x=[436, 1], edge_index=[2, 438], edge_attr=[438, 3], y=279.0, custom_label=0.6503497, min_label=0, max_label=429, instance_name='p20.txt');0.6503496766090393;0.23499329388141632;0.5194661617279053;4.0150612790057494e-07
Data(x=[436, 1], edge_index=[2, 438], edge_attr=[438, 3], y=278.0, custom_label=0.64801866, min_label=0, max_label=429, instance_name='p20.txt');0.6480186581611633;0.23499329388141632;0.5194661617279053;4.0150612790057494e-07
Data(x=[436, 1], edge_index=[2, 438], edge_attr=[438, 3], y=277.0, custom_label=0.64568764, min_label=0, max_label=429, instance_name='p20.txt');0.6456876397132874;0.23499329388141632;0.5194661617279053;4.0150612790057494e-07
Data(x=[436, 1], edge_index=[2, 438], edge_attr=[438, 3], y=276.0, custom_label=0.6433566, min_label=0, max_label=429, instance_name='p20.txt');0.6433566212654114;0.23499329388141632;0.5194661617279053;4.0150612790057494e-07
Data(x=[436, 1], edge_index=[2, 438], edge_attr=[438, 3], y=275.0, custom_label=0.64102566, min_label=0, max_label=429, instance_name='p20.txt');0.6410256624221802;0.23499329388141632;0.5194661617279053;4.0150612790057494e-07
Data(x=[436, 1], edge_index=[2, 438], edge_attr=[438, 3], y=274.0, custom_label=0.63869464, min_label=0, max_label=429, instance_name='p20.txt');0.6386946439743042;0.23499329388141632;0.5194661617279053;4.0150612790057494e-07
Data(x=[436, 1], edge_index=[2, 438], edge_attr=[438, 3], y=273.0, custom_label=0.6363636, min_label=0, max_label=429, instance_name='p20.txt');0.6363636255264282;0.23499329388141632;0.5194661617279053;4.0150612790057494e-07
Data(x=[436, 1], edge_index=[2, 438], edge_attr=[438, 3], y=272.0, custom_label=0.6340326, min_label=0, max_label=429, instance_name='p20.txt');0.6340326070785522;0.23499329388141632;0.5194661617279053;4.0150612790057494e-07
Data(x=[436, 1], edge_index=[2, 438], edge_attr=[438, 3], y=271.0, custom_label=0.63170165, min_label=0, max_label=429, instance_name='p20.txt');0.631701648235321;0.23499329388141632;0.5194661617279053;4.0150612790057494e-07
Data(x=[436, 1], edge_index=[2, 438], edge_attr=[438, 3], y=270.0, custom_label=0.6293706, min_label=0, max_label=429, instance_name='p20.txt');0.6293706297874451;0.23499329388141632;0.5194661617279053;4.0150612790057494e-07
Data(x=[436, 1], edge_index=[2, 438], edge_attr=[438, 3], y=269.0, custom_label=0.6270396, min_label=0, max_label=429, instance_name='p20.txt');0.6270396113395691;0.23499329388141632;0.5194661617279053;4.0150612790057494e-07
Data(x=[436, 1], edge_index=[2, 438], edge_attr=[438, 3], y=268.0, custom_label=0.62470865, min_label=0, max_label=429, instance_name='p20.txt');0.6247086524963379;0.23499329388141632;0.5194661617279053;4.0150612790057494e-07
Data(x=[436, 1], edge_index=[2, 438], edge_attr=[438, 3], y=267.0, custom_label=0.62237763, min_label=0, max_label=429, instance_name='p20.txt');0.6223776340484619;0.23499329388141632;0.5194661617279053;4.0150612790057494e-07
Data(x=[436, 1], edge_index=[2, 438], edge_attr=[438, 3], y=266.0, custom_label=0.6200466, min_label=0, max_label=429, instance_name='p20.txt');0.6200466156005859;0.23499329388141632;0.5194661617279053;4.0150612790057494e-07
Data(x=[436, 1], edge_index=[2, 438], edge_attr=[438, 3], y=265.0, custom_label=0.6177156, min_label=0, max_label=429, instance_name='p20.txt');0.61771559715271;0.23499329388141632;0.5194661617279053;4.0150612790057494e-07
Data(x=[436, 1], edge_index=[2, 438], edge_attr=[438, 3], y=264.0, custom_label=0.61538464, min_label=0, max_label=429, instance_name='p20.txt');0.6153846383094788;0.23499329388141632;0.5194661617279053;4.0150612790057494e-07
Data(x=[436, 1], edge_index=[2, 438], edge_attr=[438, 3], y=263.0, custom_label=0.6130536, min_label=0, max_label=429, instance_name='p20.txt');0.6130536198616028;0.23499329388141632;0.5194661617279053;4.0150612790057494e-07
Data(x=[436, 1], edge_index=[2, 438], edge_attr=[438, 3], y=262.0, custom_label=0.6107226, min_label=0, max_label=429, instance_name='p20.txt');0.6107226014137268;0.23499329388141632;0.5194661617279053;4.0150612790057494e-07
Data(x=[436, 1], edge_index=[2, 438], edge_attr=[438, 3], y=261.0, custom_label=0.6083916, min_label=0, max_label=429, instance_name='p20.txt');0.6083915829658508;0.23499329388141632;0.5194661617279053;4.0150612790057494e-07
Data(x=[436, 1], edge_index=[2, 438], edge_attr=[438, 3], y=260.0, custom_label=0.6060606, min_label=0, max_label=429, instance_name='p20.txt');0.6060606241226196;0.23499329388141632;0.5194661617279053;4.0150612790057494e-07
Data(x=[436, 1], edge_index=[2, 438], edge_attr=[438, 3], y=259.0, custom_label=0.6037296, min_label=0, max_label=429, instance_name='p20.txt');0.6037296056747437;0.23499329388141632;0.5194661617279053;4.0150612790057494e-07
Data(x=[436, 1], edge_index=[2, 438], edge_attr=[438, 3], y=258.0, custom_label=0.6013986, min_label=0, max_label=429, instance_name='p20.txt');0.6013985872268677;0.23499329388141632;0.5194661617279053;4.0150612790057494e-07
Data(x=[436, 1], edge_index=[2, 438], edge_attr=[438, 3], y=257.0, custom_label=0.5990676, min_label=0, max_label=429, instance_name='p20.txt');0.5990676283836365;0.23499329388141632;0.5194661617279053;4.0150612790057494e-07
Data(x=[436, 1], edge_index=[2, 438], edge_attr=[438, 3], y=256.0, custom_label=0.5967366, min_label=0, max_label=429, instance_name='p20.txt');0.5967366099357605;0.23499329388141632;0.5194661617279053;4.0150612790057494e-07
Data(x=[436, 1], edge_index=[2, 438], edge_attr=[438, 3], y=255.0, custom_label=0.5944056, min_label=0, max_label=429, instance_name='p20.txt');0.5944055914878845;0.23499329388141632;0.5194661617279053;4.0150612790057494e-07
Data(x=[436, 1], edge_index=[2, 438], edge_attr=[438, 3], y=254.0, custom_label=0.5920746, min_label=0, max_label=429, instance_name='p20.txt');0.5920745730400085;0.23499329388141632;0.5194661617279053;4.0150612790057494e-07
Data(x=[436, 1], edge_index=[2, 438], edge_attr=[438, 3], y=253.0, custom_label=0.5897436, min_label=0, max_label=429, instance_name='p20.txt');0.5897436141967773;0.23499329388141632;0.5194661617279053;4.0150612790057494e-07
Data(x=[436, 1], edge_index=[2, 438], edge_attr=[438, 3], y=252.0, custom_label=0.5874126, min_label=0, max_label=429, instance_name='p20.txt');0.5874125957489014;0.23499329388141632;0.5194661617279053;4.0150612790057494e-07
Data(x=[436, 1], edge_index=[2, 438], edge_attr=[438, 3], y=251.0, custom_label=0.5850816, min_label=0, max_label=429, instance_name='p20.txt');0.5850815773010254;0.23499329388141632;0.5194661617279053;4.0150612790057494e-07
Data(x=[436, 1], edge_index=[2, 438], edge_attr=[438, 3], y=250.0, custom_label=0.58275056, min_label=0, max_label=429, instance_name='p20.txt');0.5827505588531494;0.23499329388141632;0.5194661617279053;4.0150612790057494e-07
Data(x=[436, 1], edge_index=[2, 438], edge_attr=[438, 3], y=249.0, custom_label=0.5804196, min_label=0, max_label=429, instance_name='p20.txt');0.5804196000099182;0.23499329388141632;0.5194661617279053;4.0150612790057494e-07
Data(x=[436, 1], edge_index=[2, 438], edge_attr=[438, 3], y=248.0, custom_label=0.5780886, min_label=0, max_label=429, instance_name='p20.txt');0.5780885815620422;0.23499329388141632;0.5194661617279053;4.0150612790057494e-07
Data(x=[436, 1], edge_index=[2, 438], edge_attr=[438, 3], y=247.0, custom_label=0.57575756, min_label=0, max_label=429, instance_name='p20.txt');0.5757575631141663;0.23499329388141632;0.5194661617279053;4.0150612790057494e-07
Data(x=[436, 1], edge_index=[2, 438], edge_attr=[438, 3], y=246.0, custom_label=0.57342654, min_label=0, max_label=429, instance_name='p20.txt');0.5734265446662903;0.23499329388141632;0.5194661617279053;4.0150612790057494e-07
Data(x=[436, 1], edge_index=[2, 438], edge_attr=[438, 3], y=245.0, custom_label=0.5710956, min_label=0, max_label=429, instance_name='p20.txt');0.5710955858230591;0.23499329388141632;0.5194661617279053;4.0150612790057494e-07
Data(x=[436, 1], edge_index=[2, 438], edge_attr=[438, 3], y=244.0, custom_label=0.56876457, min_label=0, max_label=429, instance_name='p20.txt');0.5687645673751831;0.23499329388141632;0.5194661617279053;4.0150612790057494e-07
Data(x=[436, 1], edge_index=[2, 438], edge_attr=[438, 3], y=243.0, custom_label=0.56643355, min_label=0, max_label=429, instance_name='p20.txt');0.5664335489273071;0.23499329388141632;0.5194661617279053;4.0150612790057494e-07
Data(x=[436, 1], edge_index=[2, 438], edge_attr=[438, 3], y=242.0, custom_label=0.5641026, min_label=0, max_label=429, instance_name='p20.txt');0.5641025900840759;0.23499329388141632;0.5194661617279053;4.0150612790057494e-07
Data(x=[436, 1], edge_index=[2, 438], edge_attr=[438, 3], y=241.0, custom_label=0.5617716, min_label=0, max_label=429, instance_name='p20.txt');0.5617715716362;0.23499329388141632;0.5194661617279053;4.0150612790057494e-07
Data(x=[436, 1], edge_index=[2, 438], edge_attr=[438, 3], y=240.0, custom_label=0.55944055, min_label=0, max_label=429, instance_name='p20.txt');0.559440553188324;0.23499329388141632;0.5194661617279053;4.0150612790057494e-07
Data(x=[436, 1], edge_index=[2, 438], edge_attr=[438, 3], y=239.0, custom_label=0.55710953, min_label=0, max_label=429, instance_name='p20.txt');0.557109534740448;0.23499329388141632;0.5194661617279053;4.0150612790057494e-07
Data(x=[436, 1], edge_index=[2, 438], edge_attr=[438, 3], y=238.0, custom_label=0.5547786, min_label=0, max_label=429, instance_name='p20.txt');0.5547785758972168;0.23499329388141632;0.5194661617279053;4.0150612790057494e-07
Data(x=[436, 1], edge_index=[2, 438], edge_attr=[438, 3], y=237.0, custom_label=0.55244756, min_label=0, max_label=429, instance_name='p20.txt');0.5524475574493408;0.23499329388141632;0.5194661617279053;4.0150612790057494e-07
Data(x=[436, 1], edge_index=[2, 438], edge_attr=[438, 3], y=236.0, custom_label=0.55011654, min_label=0, max_label=429, instance_name='p20.txt');0.5501165390014648;0.23499329388141632;0.5194661617279053;4.0150612790057494e-07
Data(x=[436, 1], edge_index=[2, 438], edge_attr=[438, 3], y=235.0, custom_label=0.5477855, min_label=0, max_label=429, instance_name='p20.txt');0.5477855205535889;0.23499329388141632;0.5194661617279053;4.0150612790057494e-07
Data(x=[436, 1], edge_index=[2, 438], edge_attr=[438, 3], y=234.0, custom_label=0.54545456, min_label=0, max_label=429, instance_name='p20.txt');0.5454545617103577;0.23499329388141632;0.5194661617279053;4.0150612790057494e-07
Data(x=[436, 1], edge_index=[2, 438], edge_attr=[438, 3], y=233.0, custom_label=0.54312354, min_label=0, max_label=429, instance_name='p20.txt');0.5431235432624817;0.23499329388141632;0.5194661617279053;4.0150612790057494e-07
Data(x=[436, 1], edge_index=[2, 438], edge_attr=[438, 3], y=232.0, custom_label=0.5407925, min_label=0, max_label=429, instance_name='p20.txt');0.5407925248146057;0.23499329388141632;0.5194661617279053;4.0150612790057494e-07
Data(x=[436, 1], edge_index=[2, 438], edge_attr=[438, 3], y=231.0, custom_label=0.53846157, min_label=0, max_label=429, instance_name='p20.txt');0.5384615659713745;0.23499329388141632;0.5194661617279053;4.0150612790057494e-07
Data(x=[436, 1], edge_index=[2, 438], edge_attr=[438, 3], y=230.0, custom_label=0.53613055, min_label=0, max_label=429, instance_name='p20.txt');0.5361305475234985;0.23499329388141632;0.5194661617279053;4.0150612790057494e-07
Data(x=[436, 1], edge_index=[2, 438], edge_attr=[438, 3], y=229.0, custom_label=0.5337995, min_label=0, max_label=429, instance_name='p20.txt');0.5337995290756226;0.23499329388141632;0.5194661617279053;4.0150612790057494e-07
Data(x=[436, 1], edge_index=[2, 438], edge_attr=[438, 3], y=228.0, custom_label=0.5314685, min_label=0, max_label=429, instance_name='p20.txt');0.5314685106277466;0.23499329388141632;0.5194661617279053;4.0150612790057494e-07
Data(x=[436, 1], edge_index=[2, 438], edge_attr=[438, 3], y=227.0, custom_label=0.52913755, min_label=0, max_label=429, instance_name='p20.txt');0.5291375517845154;0.23499329388141632;0.5194661617279053;4.0150612790057494e-07
Data(x=[436, 1], edge_index=[2, 438], edge_attr=[438, 3], y=226.0, custom_label=0.52680653, min_label=0, max_label=429, instance_name='p20.txt');0.5268065333366394;0.23499329388141632;0.5194661617279053;4.0150612790057494e-07
Data(x=[436, 1], edge_index=[2, 438], edge_attr=[438, 3], y=225.0, custom_label=0.5244755, min_label=0, max_label=429, instance_name='p20.txt');0.5244755148887634;0.23499329388141632;0.5194661617279053;4.0150612790057494e-07
Data(x=[436, 1], edge_index=[2, 438], edge_attr=[438, 3], y=224.0, custom_label=0.5221445, min_label=0, max_label=429, instance_name='p20.txt');0.5221444964408875;0.23499329388141632;0.5194661617279053;4.0150612790057494e-07
Data(x=[436, 1], edge_index=[2, 438], edge_attr=[438, 3], y=223.0, custom_label=0.51981354, min_label=0, max_label=429, instance_name='p20.txt');0.5198135375976562;0.23499329388141632;0.5194661617279053;4.0150612790057494e-07
Data(x=[436, 1], edge_index=[2, 438], edge_attr=[438, 3], y=222.0, custom_label=0.5174825, min_label=0, max_label=429, instance_name='p20.txt');0.5174825191497803;0.23499329388141632;0.5194661617279053;4.0150612790057494e-07
Data(x=[436, 1], edge_index=[2, 438], edge_attr=[438, 3], y=221.0, custom_label=0.5151515, min_label=0, max_label=429, instance_name='p20.txt');0.5151515007019043;0.23499329388141632;0.5194661617279053;4.0150612790057494e-07
Data(x=[436, 1], edge_index=[2, 438], edge_attr=[438, 3], y=220.0, custom_label=0.51282054, min_label=0, max_label=429, instance_name='p20.txt');0.5128205418586731;0.23499329388141632;0.5194661617279053;4.0150612790057494e-07
Data(x=[436, 1], edge_index=[2, 438], edge_attr=[438, 3], y=219.0, custom_label=0.5104895, min_label=0, max_label=429, instance_name='p20.txt');0.5104895234107971;0.23499329388141632;0.5194661617279053;4.0150612790057494e-07
Data(x=[436, 1], edge_index=[2, 438], edge_attr=[438, 3], y=218.0, custom_label=0.5081585, min_label=0, max_label=429, instance_name='p20.txt');0.5081585049629211;0.23499329388141632;0.5194661617279053;4.0150612790057494e-07
Data(x=[436, 1], edge_index=[2, 438], edge_attr=[438, 3], y=217.0, custom_label=0.5058275, min_label=0, max_label=429, instance_name='p20.txt');0.5058274865150452;0.23499329388141632;0.5194661617279053;4.0150612790057494e-07
Data(x=[436, 1], edge_index=[2, 438], edge_attr=[438, 3], y=216.0, custom_label=0.5034965, min_label=0, max_label=429, instance_name='p20.txt');0.503496527671814;0.23499329388141632;0.5194661617279053;4.0150612790057494e-07
Data(x=[436, 1], edge_index=[2, 438], edge_attr=[438, 3], y=215.0, custom_label=0.5011655, min_label=0, max_label=429, instance_name='p20.txt');0.501165509223938;0.23499329388141632;0.5194661617279053;4.0150612790057494e-07
Data(x=[436, 1], edge_index=[2, 438], edge_attr=[438, 3], y=214.0, custom_label=0.4988345, min_label=0, max_label=429, instance_name='p20.txt');0.498834490776062;0.23499329388141632;0.5194661617279053;4.0150612790057494e-07
Data(x=[436, 1], edge_index=[2, 438], edge_attr=[438, 3], y=213.0, custom_label=0.4965035, min_label=0, max_label=429, instance_name='p20.txt');0.4965035021305084;0.23499329388141632;0.5194661617279053;4.0150612790057494e-07
Data(x=[436, 1], edge_index=[2, 438], edge_attr=[438, 3], y=212.0, custom_label=0.49417248, min_label=0, max_label=429, instance_name='p20.txt');0.49417248368263245;0.23499329388141632;0.5194661617279053;4.0150612790057494e-07
Data(x=[436, 1], edge_index=[2, 438], edge_attr=[438, 3], y=211.0, custom_label=0.4918415, min_label=0, max_label=429, instance_name='p20.txt');0.49184149503707886;0.23499329388141632;0.5194661617279053;4.0150612790057494e-07
Data(x=[436, 1], edge_index=[2, 438], edge_attr=[438, 3], y=210.0, custom_label=0.48951048, min_label=0, max_label=429, instance_name='p20.txt');0.4895104765892029;0.23499329388141632;0.5194661617279053;4.0150612790057494e-07
Data(x=[436, 1], edge_index=[2, 438], edge_attr=[438, 3], y=209.0, custom_label=0.4871795, min_label=0, max_label=429, instance_name='p20.txt');0.4871794879436493;0.23499329388141632;0.5194661617279053;4.0150612790057494e-07
Data(x=[436, 1], edge_index=[2, 438], edge_attr=[438, 3], y=208.0, custom_label=0.4848485, min_label=0, max_label=429, instance_name='p20.txt');0.4848484992980957;0.23499329388141632;0.5194661617279053;4.0150612790057494e-07
Data(x=[436, 1], edge_index=[2, 438], edge_attr=[438, 3], y=207.0, custom_label=0.48251748, min_label=0, max_label=429, instance_name='p20.txt');0.4825174808502197;0.23499329388141632;0.5194661617279053;4.0150612790057494e-07
Data(x=[436, 1], edge_index=[2, 438], edge_attr=[438, 3], y=206.0, custom_label=0.4801865, min_label=0, max_label=429, instance_name='p20.txt');0.48018649220466614;0.23499329388141632;0.5194661617279053;4.0150612790057494e-07
Data(x=[436, 1], edge_index=[2, 438], edge_attr=[438, 3], y=205.0, custom_label=0.47785547, min_label=0, max_label=429, instance_name='p20.txt');0.47785547375679016;0.23499329388141632;0.5194661617279053;4.0150612790057494e-07
Data(x=[436, 1], edge_index=[2, 438], edge_attr=[438, 3], y=204.0, custom_label=0.4755245, min_label=0, max_label=429, instance_name='p20.txt');0.4755244851112366;0.23499329388141632;0.5194661617279053;4.0150612790057494e-07
Data(x=[436, 1], edge_index=[2, 438], edge_attr=[438, 3], y=203.0, custom_label=0.47319347, min_label=0, max_label=429, instance_name='p20.txt');0.4731934666633606;0.23499329388141632;0.5194661617279053;4.0150612790057494e-07
Data(x=[436, 1], edge_index=[2, 438], edge_attr=[438, 3], y=202.0, custom_label=0.47086248, min_label=0, max_label=429, instance_name='p20.txt');0.470862478017807;0.23499329388141632;0.5194661617279053;4.0150612790057494e-07
Data(x=[436, 1], edge_index=[2, 438], edge_attr=[438, 3], y=201.0, custom_label=0.46853146, min_label=0, max_label=429, instance_name='p20.txt');0.46853145956993103;0.23499329388141632;0.5194661617279053;4.0150612790057494e-07
Data(x=[436, 1], edge_index=[2, 438], edge_attr=[438, 3], y=200.0, custom_label=0.46620047, min_label=0, max_label=429, instance_name='p20.txt');0.46620047092437744;0.23499329388141632;0.5194661617279053;4.0150612790057494e-07
Data(x=[436, 1], edge_index=[2, 438], edge_attr=[438, 3], y=199.0, custom_label=0.46386945, min_label=0, max_label=429, instance_name='p20.txt');0.46386945247650146;0.23499329388141632;0.5194661617279053;4.0150612790057494e-07
Data(x=[436, 1], edge_index=[2, 438], edge_attr=[438, 3], y=198.0, custom_label=0.46153846, min_label=0, max_label=429, instance_name='p20.txt');0.4615384638309479;0.23499329388141632;0.5194661617279053;4.0150612790057494e-07
Data(x=[436, 1], edge_index=[2, 438], edge_attr=[438, 3], y=197.0, custom_label=0.45920745, min_label=0, max_label=429, instance_name='p20.txt');0.4592074453830719;0.23499329388141632;0.5194661617279053;4.0150612790057494e-07
Data(x=[436, 1], edge_index=[2, 438], edge_attr=[438, 3], y=196.0, custom_label=0.45687646, min_label=0, max_label=429, instance_name='p20.txt');0.4568764567375183;0.23499329388141632;0.5194661617279053;4.0150612790057494e-07
Data(x=[436, 1], edge_index=[2, 438], edge_attr=[438, 3], y=195.0, custom_label=0.45454547, min_label=0, max_label=429, instance_name='p20.txt');0.4545454680919647;0.23499329388141632;0.5194661617279053;4.0150612790057494e-07
Data(x=[436, 1], edge_index=[2, 438], edge_attr=[438, 3], y=194.0, custom_label=0.45221445, min_label=0, max_label=429, instance_name='p20.txt');0.45221444964408875;0.23499329388141632;0.5194661617279053;4.0150612790057494e-07
Data(x=[436, 1], edge_index=[2, 438], edge_attr=[438, 3], y=193.0, custom_label=0.44988346, min_label=0, max_label=429, instance_name='p20.txt');0.44988346099853516;0.23499329388141632;0.5194661617279053;4.0150612790057494e-07
Data(x=[436, 1], edge_index=[2, 438], edge_attr=[438, 3], y=192.0, custom_label=0.44755244, min_label=0, max_label=429, instance_name='p20.txt');0.4475524425506592;0.23499329388141632;0.5194661617279053;4.0150612790057494e-07
Data(x=[436, 1], edge_index=[2, 438], edge_attr=[438, 3], y=191.0, custom_label=0.44522145, min_label=0, max_label=429, instance_name='p20.txt');0.4452214539051056;0.23499329388141632;0.5194661617279053;4.0150612790057494e-07
Data(x=[436, 1], edge_index=[2, 438], edge_attr=[438, 3], y=190.0, custom_label=0.44289044, min_label=0, max_label=429, instance_name='p20.txt');0.4428904354572296;0.23499329388141632;0.5194661617279053;4.0150612790057494e-07
Data(x=[436, 1], edge_index=[2, 438], edge_attr=[438, 3], y=189.0, custom_label=0.44055945, min_label=0, max_label=429, instance_name='p20.txt');0.440559446811676;0.23499329388141632;0.5194661617279053;4.0150612790057494e-07
Data(x=[436, 1], edge_index=[2, 438], edge_attr=[438, 3], y=188.0, custom_label=0.43822843, min_label=0, max_label=429, instance_name='p20.txt');0.43822842836380005;0.23499329388141632;0.5194661617279053;4.0150612790057494e-07
Data(x=[436, 1], edge_index=[2, 438], edge_attr=[438, 3], y=187.0, custom_label=0.43589744, min_label=0, max_label=429, instance_name='p20.txt');0.43589743971824646;0.23499329388141632;0.5194661617279053;4.0150612790057494e-07
Data(x=[436, 1], edge_index=[2, 438], edge_attr=[438, 3], y=186.0, custom_label=0.43356642, min_label=0, max_label=429, instance_name='p20.txt');0.4335664212703705;0.23499329388141632;0.5194661617279053;4.0150612790057494e-07
Data(x=[436, 1], edge_index=[2, 438], edge_attr=[438, 3], y=185.0, custom_label=0.43123543, min_label=0, max_label=429, instance_name='p20.txt');0.4312354326248169;0.23499329388141632;0.5194661617279053;4.0150612790057494e-07
Data(x=[436, 1], edge_index=[2, 438], edge_attr=[438, 3], y=184.0, custom_label=0.4289044, min_label=0, max_label=429, instance_name='p20.txt');0.4289044141769409;0.23499329388141632;0.5194661617279053;4.0150612790057494e-07
Data(x=[436, 1], edge_index=[2, 438], edge_attr=[438, 3], y=183.0, custom_label=0.42657343, min_label=0, max_label=429, instance_name='p20.txt');0.42657342553138733;0.23499329388141632;0.5194661617279053;4.0150612790057494e-07
Data(x=[436, 1], edge_index=[2, 438], edge_attr=[438, 3], y=182.0, custom_label=0.42424244, min_label=0, max_label=429, instance_name='p20.txt');0.42424243688583374;0.23499329388141632;0.5194661617279053;4.0150612790057494e-07
Data(x=[436, 1], edge_index=[2, 438], edge_attr=[438, 3], y=181.0, custom_label=0.42191142, min_label=0, max_label=429, instance_name='p20.txt');0.42191141843795776;0.23499329388141632;0.5194661617279053;4.0150612790057494e-07
Data(x=[436, 1], edge_index=[2, 438], edge_attr=[438, 3], y=180.0, custom_label=0.41958043, min_label=0, max_label=429, instance_name='p20.txt');0.4195804297924042;0.23499329388141632;0.5194661617279053;4.0150612790057494e-07
Data(x=[436, 1], edge_index=[2, 438], edge_attr=[438, 3], y=179.0, custom_label=0.4172494, min_label=0, max_label=429, instance_name='p20.txt');0.4172494113445282;0.23499329388141632;0.5194661617279053;4.0150612790057494e-07
Data(x=[436, 1], edge_index=[2, 438], edge_attr=[438, 3], y=178.0, custom_label=0.41491842, min_label=0, max_label=429, instance_name='p20.txt');0.4149184226989746;0.23499329388141632;0.5194661617279053;4.0150612790057494e-07
Data(x=[436, 1], edge_index=[2, 438], edge_attr=[438, 3], y=177.0, custom_label=0.4125874, min_label=0, max_label=429, instance_name='p20.txt');0.41258740425109863;0.23499329388141632;0.5194661617279053;4.0150612790057494e-07
Data(x=[436, 1], edge_index=[2, 438], edge_attr=[438, 3], y=176.0, custom_label=0.41025642, min_label=0, max_label=429, instance_name='p20.txt');0.41025641560554504;0.23499329388141632;0.5194661617279053;4.0150612790057494e-07
Data(x=[436, 1], edge_index=[2, 438], edge_attr=[438, 3], y=175.0, custom_label=0.4079254, min_label=0, max_label=429, instance_name='p20.txt');0.40792539715766907;0.23499329388141632;0.5194661617279053;4.0150612790057494e-07
Data(x=[436, 1], edge_index=[2, 438], edge_attr=[438, 3], y=174.0, custom_label=0.4055944, min_label=0, max_label=429, instance_name='p20.txt');0.4055944085121155;0.23499329388141632;0.5194661617279053;4.0150612790057494e-07
Data(x=[436, 1], edge_index=[2, 438], edge_attr=[438, 3], y=173.0, custom_label=0.4032634, min_label=0, max_label=429, instance_name='p20.txt');0.4032633900642395;0.23499329388141632;0.5194661617279053;4.0150612790057494e-07
Data(x=[436, 1], edge_index=[2, 438], edge_attr=[438, 3], y=172.0, custom_label=0.4009324, min_label=0, max_label=429, instance_name='p20.txt');0.4009324014186859;0.23499329388141632;0.5194661617279053;4.0150612790057494e-07
Data(x=[436, 1], edge_index=[2, 438], edge_attr=[438, 3], y=171.0, custom_label=0.3986014, min_label=0, max_label=429, instance_name='p20.txt');0.3986014127731323;0.23499329388141632;0.5194661617279053;4.0150612790057494e-07
Data(x=[436, 1], edge_index=[2, 438], edge_attr=[438, 3], y=170.0, custom_label=0.3962704, min_label=0, max_label=429, instance_name='p20.txt');0.39627039432525635;0.23499329388141632;0.5194661617279053;4.0150612790057494e-07
Data(x=[436, 1], edge_index=[2, 438], edge_attr=[438, 3], y=169.0, custom_label=0.3939394, min_label=0, max_label=429, instance_name='p20.txt');0.39393940567970276;0.23499329388141632;0.5194661617279053;4.0150612790057494e-07
Data(x=[436, 1], edge_index=[2, 438], edge_attr=[438, 3], y=168.0, custom_label=0.3916084, min_label=0, max_label=429, instance_name='p20.txt');0.3916083872318268;0.23499329388141632;0.5194661617279053;4.0150612790057494e-07
Data(x=[436, 1], edge_index=[2, 438], edge_attr=[438, 3], y=167.0, custom_label=0.3892774, min_label=0, max_label=429, instance_name='p20.txt');0.3892773985862732;0.23499329388141632;0.5194661617279053;4.0150612790057494e-07
Data(x=[436, 1], edge_index=[2, 438], edge_attr=[438, 3], y=166.0, custom_label=0.38694638, min_label=0, max_label=429, instance_name='p20.txt');0.3869463801383972;0.23499329388141632;0.5194661617279053;4.0150612790057494e-07
Data(x=[436, 1], edge_index=[2, 438], edge_attr=[438, 3], y=165.0, custom_label=0.3846154, min_label=0, max_label=429, instance_name='p20.txt');0.38461539149284363;0.23499329388141632;0.5194661617279053;4.0150612790057494e-07
Data(x=[436, 1], edge_index=[2, 438], edge_attr=[438, 3], y=164.0, custom_label=0.38228437, min_label=0, max_label=429, instance_name='p20.txt');0.38228437304496765;0.23499329388141632;0.5194661617279053;4.0150612790057494e-07
Data(x=[436, 1], edge_index=[2, 438], edge_attr=[438, 3], y=163.0, custom_label=0.37995338, min_label=0, max_label=429, instance_name='p20.txt');0.37995338439941406;0.23499329388141632;0.5194661617279053;4.0150612790057494e-07
Data(x=[436, 1], edge_index=[2, 438], edge_attr=[438, 3], y=162.0, custom_label=0.37762237, min_label=0, max_label=429, instance_name='p20.txt');0.3776223659515381;0.23499329388141632;0.5194661617279053;4.0150612790057494e-07
Data(x=[436, 1], edge_index=[2, 438], edge_attr=[438, 3], y=161.0, custom_label=0.37529138, min_label=0, max_label=429, instance_name='p20.txt');0.3752913773059845;0.23499329388141632;0.5194661617279053;4.0150612790057494e-07
Data(x=[436, 1], edge_index=[2, 438], edge_attr=[438, 3], y=160.0, custom_label=0.37296036, min_label=0, max_label=429, instance_name='p20.txt');0.3729603588581085;0.23499329388141632;0.5194661617279053;4.0150612790057494e-07
Data(x=[436, 1], edge_index=[2, 438], edge_attr=[438, 3], y=159.0, custom_label=0.37062937, min_label=0, max_label=429, instance_name='p20.txt');0.37062937021255493;0.23499329388141632;0.5194661617279053;4.0150612790057494e-07
Data(x=[436, 1], edge_index=[2, 438], edge_attr=[438, 3], y=158.0, custom_label=0.36829838, min_label=0, max_label=429, instance_name='p20.txt');0.36829838156700134;0.23499329388141632;0.5194661617279053;4.0150612790057494e-07
Data(x=[436, 1], edge_index=[2, 438], edge_attr=[438, 3], y=157.0, custom_label=0.36596736, min_label=0, max_label=429, instance_name='p20.txt');0.36596736311912537;0.23499329388141632;0.5194661617279053;4.0150612790057494e-07
Data(x=[436, 1], edge_index=[2, 438], edge_attr=[438, 3], y=156.0, custom_label=0.36363637, min_label=0, max_label=429, instance_name='p20.txt');0.3636363744735718;0.23499329388141632;0.5194661617279053;4.0150612790057494e-07
Data(x=[436, 1], edge_index=[2, 438], edge_attr=[438, 3], y=155.0, custom_label=0.36130536, min_label=0, max_label=429, instance_name='p20.txt');0.3613053560256958;0.23499329388141632;0.5194661617279053;4.0150612790057494e-07
Data(x=[436, 1], edge_index=[2, 438], edge_attr=[438, 3], y=154.0, custom_label=0.35897437, min_label=0, max_label=429, instance_name='p20.txt');0.3589743673801422;0.23499329388141632;0.5194661617279053;4.0150612790057494e-07
Data(x=[436, 1], edge_index=[2, 438], edge_attr=[438, 3], y=153.0, custom_label=0.35664335, min_label=0, max_label=429, instance_name='p20.txt');0.35664334893226624;0.23499329388141632;0.5194661617279053;4.0150612790057494e-07
Data(x=[436, 1], edge_index=[2, 438], edge_attr=[438, 3], y=152.0, custom_label=0.35431236, min_label=0, max_label=429, instance_name='p20.txt');0.35431236028671265;0.23499329388141632;0.5194661617279053;4.0150612790057494e-07
Data(x=[436, 1], edge_index=[2, 438], edge_attr=[438, 3], y=151.0, custom_label=0.35198134, min_label=0, max_label=429, instance_name='p20.txt');0.35198134183883667;0.23499329388141632;0.5194661617279053;4.0150612790057494e-07
Data(x=[436, 1], edge_index=[2, 438], edge_attr=[438, 3], y=150.0, custom_label=0.34965035, min_label=0, max_label=429, instance_name='p20.txt');0.3496503531932831;0.23499329388141632;0.5194661617279053;4.0150612790057494e-07
Data(x=[436, 1], edge_index=[2, 438], edge_attr=[438, 3], y=149.0, custom_label=0.34731933, min_label=0, max_label=429, instance_name='p20.txt');0.3473193347454071;0.23499329388141632;0.5194661617279053;4.0150612790057494e-07
Data(x=[436, 1], edge_index=[2, 438], edge_attr=[438, 3], y=148.0, custom_label=0.34498835, min_label=0, max_label=429, instance_name='p20.txt');0.3449883460998535;0.23499329388141632;0.5194661617279053;4.0150612790057494e-07
Data(x=[436, 1], edge_index=[2, 438], edge_attr=[438, 3], y=147.0, custom_label=0.34265736, min_label=0, max_label=429, instance_name='p20.txt');0.3426573574542999;0.23499329388141632;0.5194661617279053;4.0150612790057494e-07
Data(x=[436, 1], edge_index=[2, 438], edge_attr=[438, 3], y=146.0, custom_label=0.34032634, min_label=0, max_label=429, instance_name='p20.txt');0.34032633900642395;0.23499329388141632;0.5194661617279053;4.0150612790057494e-07
Data(x=[436, 1], edge_index=[2, 438], edge_attr=[438, 3], y=145.0, custom_label=0.33799535, min_label=0, max_label=429, instance_name='p20.txt');0.33799535036087036;0.23499329388141632;0.5194661617279053;4.0150612790057494e-07
Data(x=[436, 1], edge_index=[2, 438], edge_attr=[438, 3], y=144.0, custom_label=0.33566433, min_label=0, max_label=429, instance_name='p20.txt');0.3356643319129944;0.23499329388141632;0.5194661617279053;4.0150612790057494e-07
Data(x=[436, 1], edge_index=[2, 438], edge_attr=[438, 3], y=143.0, custom_label=0.33333334, min_label=0, max_label=429, instance_name='p20.txt');0.3333333432674408;0.23499329388141632;0.5194661617279053;4.0150612790057494e-07
Data(x=[436, 1], edge_index=[2, 438], edge_attr=[438, 3], y=142.0, custom_label=0.33100232, min_label=0, max_label=429, instance_name='p20.txt');0.3310023248195648;0.23499329388141632;0.5194661617279053;4.0150612790057494e-07
Data(x=[436, 1], edge_index=[2, 438], edge_attr=[438, 3], y=141.0, custom_label=0.32867134, min_label=0, max_label=429, instance_name='p20.txt');0.32867133617401123;0.23499329388141632;0.5194661617279053;4.0150612790057494e-07
Data(x=[436, 1], edge_index=[2, 438], edge_attr=[438, 3], y=140.0, custom_label=0.32634032, min_label=0, max_label=429, instance_name='p20.txt');0.32634031772613525;0.23499329388141632;0.5194661617279053;4.0150612790057494e-07
Data(x=[436, 1], edge_index=[2, 438], edge_attr=[438, 3], y=139.0, custom_label=0.32400933, min_label=0, max_label=429, instance_name='p20.txt');0.32400932908058167;0.23499329388141632;0.5194661617279053;4.0150612790057494e-07
Data(x=[436, 1], edge_index=[2, 438], edge_attr=[438, 3], y=138.0, custom_label=0.3216783, min_label=0, max_label=429, instance_name='p20.txt');0.3216783106327057;0.23499329388141632;0.5194661617279053;4.0150612790057494e-07
Data(x=[436, 1], edge_index=[2, 438], edge_attr=[438, 3], y=137.0, custom_label=0.31934732, min_label=0, max_label=429, instance_name='p20.txt');0.3193473219871521;0.23499329388141632;0.5194661617279053;4.0150612790057494e-07
Data(x=[436, 1], edge_index=[2, 438], edge_attr=[438, 3], y=136.0, custom_label=0.3170163, min_label=0, max_label=429, instance_name='p20.txt');0.3170163035392761;0.23499329388141632;0.5194661617279053;4.0150612790057494e-07
Data(x=[436, 1], edge_index=[2, 438], edge_attr=[438, 3], y=135.0, custom_label=0.3146853, min_label=0, max_label=429, instance_name='p20.txt');0.31468531489372253;0.23499329388141632;0.5194661617279053;4.0150612790057494e-07
Data(x=[436, 1], edge_index=[2, 438], edge_attr=[438, 3], y=134.0, custom_label=0.31235433, min_label=0, max_label=429, instance_name='p20.txt');0.31235432624816895;0.23499329388141632;0.5194661617279053;4.0150612790057494e-07
Data(x=[436, 1], edge_index=[2, 438], edge_attr=[438, 3], y=133.0, custom_label=0.3100233, min_label=0, max_label=429, instance_name='p20.txt');0.31002330780029297;0.23499329388141632;0.5194661617279053;4.0150612790057494e-07
Data(x=[436, 1], edge_index=[2, 438], edge_attr=[438, 3], y=132.0, custom_label=0.30769232, min_label=0, max_label=429, instance_name='p20.txt');0.3076923191547394;0.23499329388141632;0.5194661617279053;4.0150612790057494e-07
Data(x=[436, 1], edge_index=[2, 438], edge_attr=[438, 3], y=131.0, custom_label=0.3053613, min_label=0, max_label=429, instance_name='p20.txt');0.3053613007068634;0.23499329388141632;0.5194661617279053;4.0150612790057494e-07
Data(x=[436, 1], edge_index=[2, 438], edge_attr=[438, 3], y=130.0, custom_label=0.3030303, min_label=0, max_label=429, instance_name='p20.txt');0.3030303120613098;0.23499329388141632;0.5194661617279053;4.0150612790057494e-07
Data(x=[436, 1], edge_index=[2, 438], edge_attr=[438, 3], y=129.0, custom_label=0.3006993, min_label=0, max_label=429, instance_name='p20.txt');0.30069929361343384;0.23499329388141632;0.5194661617279053;4.0150612790057494e-07
Data(x=[436, 1], edge_index=[2, 438], edge_attr=[438, 3], y=128.0, custom_label=0.2983683, min_label=0, max_label=429, instance_name='p20.txt');0.29836830496788025;0.23499329388141632;0.5194661617279053;4.0150612790057494e-07
Data(x=[436, 1], edge_index=[2, 438], edge_attr=[438, 3], y=127.0, custom_label=0.2960373, min_label=0, max_label=429, instance_name='p20.txt');0.2960372865200043;0.23499329388141632;0.5194661617279053;4.0150612790057494e-07
Data(x=[436, 1], edge_index=[2, 438], edge_attr=[438, 3], y=126.0, custom_label=0.2937063, min_label=0, max_label=429, instance_name='p20.txt');0.2937062978744507;0.23499329388141632;0.5194661617279053;4.0150612790057494e-07
Data(x=[436, 1], edge_index=[2, 438], edge_attr=[438, 3], y=125.0, custom_label=0.29137528, min_label=0, max_label=429, instance_name='p20.txt');0.2913752794265747;0.23499329388141632;0.5194661617279053;4.0150612790057494e-07
Data(x=[436, 1], edge_index=[2, 438], edge_attr=[438, 3], y=124.0, custom_label=0.2890443, min_label=0, max_label=429, instance_name='p20.txt');0.2890442907810211;0.23499329388141632;0.5194661617279053;4.0150612790057494e-07
Data(x=[436, 1], edge_index=[2, 438], edge_attr=[438, 3], y=123.0, custom_label=0.28671327, min_label=0, max_label=429, instance_name='p20.txt');0.28671327233314514;0.23499329388141632;0.5194661617279053;4.0150612790057494e-07
Data(x=[436, 1], edge_index=[2, 438], edge_attr=[438, 3], y=122.0, custom_label=0.28438228, min_label=0, max_label=429, instance_name='p20.txt');0.28438228368759155;0.23499329388141632;0.5194661617279053;4.0150612790057494e-07
Data(x=[436, 1], edge_index=[2, 438], edge_attr=[438, 3], y=121.0, custom_label=0.2820513, min_label=0, max_label=429, instance_name='p20.txt');0.28205129504203796;0.23499329388141632;0.5194661617279053;4.0150612790057494e-07
Data(x=[436, 1], edge_index=[2, 438], edge_attr=[438, 3], y=120.0, custom_label=0.27972028, min_label=0, max_label=429, instance_name='p20.txt');0.279720276594162;0.23499329388141632;0.5194661617279053;4.0150612790057494e-07
Data(x=[436, 1], edge_index=[2, 438], edge_attr=[438, 3], y=119.0, custom_label=0.2773893, min_label=0, max_label=429, instance_name='p20.txt');0.2773892879486084;0.23499329388141632;0.5194661617279053;4.0150612790057494e-07
Data(x=[436, 1], edge_index=[2, 438], edge_attr=[438, 3], y=118.0, custom_label=0.27505827, min_label=0, max_label=429, instance_name='p20.txt');0.2750582695007324;0.23499329388141632;0.5194661617279053;4.0150612790057494e-07
Data(x=[436, 1], edge_index=[2, 438], edge_attr=[438, 3], y=117.0, custom_label=0.27272728, min_label=0, max_label=429, instance_name='p20.txt');0.27272728085517883;0.23499329388141632;0.5194661617279053;4.0150612790057494e-07
Data(x=[436, 1], edge_index=[2, 438], edge_attr=[438, 3], y=116.0, custom_label=0.27039626, min_label=0, max_label=429, instance_name='p20.txt');0.27039626240730286;0.23499329388141632;0.5194661617279053;4.0150612790057494e-07
Data(x=[436, 1], edge_index=[2, 438], edge_attr=[438, 3], y=115.0, custom_label=0.26806527, min_label=0, max_label=429, instance_name='p20.txt');0.26806527376174927;0.23499329388141632;0.5194661617279053;4.0150612790057494e-07
Data(x=[436, 1], edge_index=[2, 438], edge_attr=[438, 3], y=114.0, custom_label=0.26573426, min_label=0, max_label=429, instance_name='p20.txt');0.2657342553138733;0.23499329388141632;0.5194661617279053;4.0150612790057494e-07
Data(x=[436, 1], edge_index=[2, 438], edge_attr=[438, 3], y=113.0, custom_label=0.26340327, min_label=0, max_label=429, instance_name='p20.txt');0.2634032666683197;0.23499329388141632;0.5194661617279053;4.0150612790057494e-07
Data(x=[436, 1], edge_index=[2, 438], edge_attr=[438, 3], y=112.0, custom_label=0.26107225, min_label=0, max_label=429, instance_name='p20.txt');0.2610722482204437;0.23499329388141632;0.5194661617279053;4.0150612790057494e-07
Data(x=[436, 1], edge_index=[2, 438], edge_attr=[438, 3], y=111.0, custom_label=0.25874126, min_label=0, max_label=429, instance_name='p20.txt');0.25874125957489014;0.23499329388141632;0.5194661617279053;4.0150612790057494e-07
Data(x=[436, 1], edge_index=[2, 438], edge_attr=[438, 3], y=110.0, custom_label=0.25641027, min_label=0, max_label=429, instance_name='p20.txt');0.25641027092933655;0.23499329388141632;0.5194661617279053;4.0150612790057494e-07
Data(x=[436, 1], edge_index=[2, 438], edge_attr=[438, 3], y=109.0, custom_label=0.25407925, min_label=0, max_label=429, instance_name='p20.txt');0.25407925248146057;0.23499329388141632;0.5194661617279053;4.0150612790057494e-07
Data(x=[436, 1], edge_index=[2, 438], edge_attr=[438, 3], y=108.0, custom_label=0.25174826, min_label=0, max_label=429, instance_name='p20.txt');0.251748263835907;0.23499329388141632;0.5194661617279053;4.0150612790057494e-07
Data(x=[436, 1], edge_index=[2, 438], edge_attr=[438, 3], y=107.0, custom_label=0.24941725, min_label=0, max_label=429, instance_name='p20.txt');0.249417245388031;0.23499329388141632;0.5194661617279053;4.0150612790057494e-07
Data(x=[436, 1], edge_index=[2, 438], edge_attr=[438, 3], y=106.0, custom_label=0.24708624, min_label=0, max_label=429, instance_name='p20.txt');0.24708624184131622;0.23499329388141632;0.5194661617279053;4.0150612790057494e-07
Data(x=[436, 1], edge_index=[2, 438], edge_attr=[438, 3], y=105.0, custom_label=0.24475524, min_label=0, max_label=429, instance_name='p20.txt');0.24475523829460144;0.23499329388141632;0.5194661617279053;4.0150612790057494e-07
Data(x=[436, 1], edge_index=[2, 438], edge_attr=[438, 3], y=104.0, custom_label=0.24242425, min_label=0, max_label=429, instance_name='p20.txt');0.24242424964904785;0.23499329388141632;0.5194661617279053;4.0150612790057494e-07
Data(x=[436, 1], edge_index=[2, 438], edge_attr=[438, 3], y=103.0, custom_label=0.24009325, min_label=0, max_label=429, instance_name='p20.txt');0.24009324610233307;0.23499329388141632;0.5194661617279053;4.0150612790057494e-07
Data(x=[436, 1], edge_index=[2, 438], edge_attr=[438, 3], y=102.0, custom_label=0.23776224, min_label=0, max_label=429, instance_name='p20.txt');0.2377622425556183;0.23499329388141632;0.5194661617279053;4.0150612790057494e-07
Data(x=[436, 1], edge_index=[2, 438], edge_attr=[438, 3], y=101.0, custom_label=0.23543124, min_label=0, max_label=429, instance_name='p20.txt');0.2354312390089035;0.23499329388141632;0.5194661617279053;4.0150612790057494e-07
Data(x=[436, 1], edge_index=[2, 438], edge_attr=[438, 3], y=100.0, custom_label=0.23310024, min_label=0, max_label=429, instance_name='p20.txt');0.23310023546218872;0.23499329388141632;0.5194661617279053;4.0150612790057494e-07
Data(x=[436, 1], edge_index=[2, 438], edge_attr=[438, 3], y=99.0, custom_label=0.23076923, min_label=0, max_label=429, instance_name='p20.txt');0.23076923191547394;0.23499329388141632;0.5194661617279053;4.0150612790057494e-07
Data(x=[436, 1], edge_index=[2, 438], edge_attr=[438, 3], y=98.0, custom_label=0.22843823, min_label=0, max_label=429, instance_name='p20.txt');0.22843822836875916;0.23499329388141632;0.5194661617279053;4.0150612790057494e-07
Data(x=[436, 1], edge_index=[2, 438], edge_attr=[438, 3], y=97.0, custom_label=0.22610722, min_label=0, max_label=429, instance_name='p20.txt');0.22610722482204437;0.23499329388141632;0.5194661617279053;4.0150612790057494e-07
Data(x=[436, 1], edge_index=[2, 438], edge_attr=[438, 3], y=96.0, custom_label=0.22377622, min_label=0, max_label=429, instance_name='p20.txt');0.2237762212753296;0.23499329388141632;0.5194661617279053;4.0150612790057494e-07
Data(x=[436, 1], edge_index=[2, 438], edge_attr=[438, 3], y=95.0, custom_label=0.22144522, min_label=0, max_label=429, instance_name='p20.txt');0.2214452177286148;0.23499329388141632;0.5194661617279053;4.0150612790057494e-07
Data(x=[436, 1], edge_index=[2, 438], edge_attr=[438, 3], y=94.0, custom_label=0.21911421, min_label=0, max_label=429, instance_name='p20.txt');0.21911421418190002;0.23499329388141632;0.5194661617279053;4.0150612790057494e-07
Data(x=[436, 1], edge_index=[2, 438], edge_attr=[438, 3], y=93.0, custom_label=0.21678321, min_label=0, max_label=429, instance_name='p20.txt');0.21678321063518524;0.23499329388141632;0.5194661617279053;4.0150612790057494e-07
Data(x=[436, 1], edge_index=[2, 438], edge_attr=[438, 3], y=92.0, custom_label=0.2144522, min_label=0, max_label=429, instance_name='p20.txt');0.21445220708847046;0.23499329388141632;0.5194661617279053;4.0150612790057494e-07
Data(x=[436, 1], edge_index=[2, 438], edge_attr=[438, 3], y=91.0, custom_label=0.21212122, min_label=0, max_label=429, instance_name='p20.txt');0.21212121844291687;0.23499329388141632;0.5194661617279053;4.0150612790057494e-07
Data(x=[436, 1], edge_index=[2, 438], edge_attr=[438, 3], y=90.0, custom_label=0.20979021, min_label=0, max_label=429, instance_name='p20.txt');0.2097902148962021;0.23499329388141632;0.5194661617279053;4.0150612790057494e-07
Data(x=[436, 1], edge_index=[2, 438], edge_attr=[438, 3], y=89.0, custom_label=0.20745921, min_label=0, max_label=429, instance_name='p20.txt');0.2074592113494873;0.23499329388141632;0.5194661617279053;4.0150612790057494e-07
Data(x=[436, 1], edge_index=[2, 438], edge_attr=[438, 3], y=88.0, custom_label=0.20512821, min_label=0, max_label=429, instance_name='p20.txt');0.20512820780277252;0.23499329388141632;0.5194661617279053;4.0150612790057494e-07
Data(x=[436, 1], edge_index=[2, 438], edge_attr=[438, 3], y=87.0, custom_label=0.2027972, min_label=0, max_label=429, instance_name='p20.txt');0.20279720425605774;0.23499329388141632;0.5194661617279053;4.0150612790057494e-07
Data(x=[436, 1], edge_index=[2, 438], edge_attr=[438, 3], y=86.0, custom_label=0.2004662, min_label=0, max_label=429, instance_name='p20.txt');0.20046620070934296;0.23499329388141632;0.5194661617279053;4.0150612790057494e-07
Data(x=[436, 1], edge_index=[2, 438], edge_attr=[438, 3], y=85.0, custom_label=0.1981352, min_label=0, max_label=429, instance_name='p20.txt');0.19813519716262817;0.23499329388141632;0.5194661617279053;4.0150612790057494e-07
Data(x=[436, 1], edge_index=[2, 438], edge_attr=[438, 3], y=84.0, custom_label=0.1958042, min_label=0, max_label=429, instance_name='p20.txt');0.1958041936159134;0.23499329388141632;0.5194661617279053;4.0150612790057494e-07
Data(x=[436, 1], edge_index=[2, 438], edge_attr=[438, 3], y=83.0, custom_label=0.19347319, min_label=0, max_label=429, instance_name='p20.txt');0.1934731900691986;0.23499329388141632;0.5194661617279053;4.0150612790057494e-07
Data(x=[436, 1], edge_index=[2, 438], edge_attr=[438, 3], y=82.0, custom_label=0.19114219, min_label=0, max_label=429, instance_name='p20.txt');0.19114218652248383;0.23499329388141632;0.5194661617279053;4.0150612790057494e-07
Data(x=[436, 1], edge_index=[2, 438], edge_attr=[438, 3], y=81.0, custom_label=0.18881118, min_label=0, max_label=429, instance_name='p20.txt');0.18881118297576904;0.23499329388141632;0.5194661617279053;4.0150612790057494e-07
Data(x=[436, 1], edge_index=[2, 438], edge_attr=[438, 3], y=80.0, custom_label=0.18648018, min_label=0, max_label=429, instance_name='p20.txt');0.18648017942905426;0.23499329388141632;0.5194661617279053;4.0150612790057494e-07
Data(x=[436, 1], edge_index=[2, 438], edge_attr=[438, 3], y=79.0, custom_label=0.18414919, min_label=0, max_label=429, instance_name='p20.txt');0.18414919078350067;0.23499329388141632;0.5194661617279053;4.0150612790057494e-07
Data(x=[436, 1], edge_index=[2, 438], edge_attr=[438, 3], y=78.0, custom_label=0.18181819, min_label=0, max_label=429, instance_name='p20.txt');0.1818181872367859;0.23499329388141632;0.5194661617279053;4.0150612790057494e-07
Data(x=[436, 1], edge_index=[2, 438], edge_attr=[438, 3], y=77.0, custom_label=0.17948718, min_label=0, max_label=429, instance_name='p20.txt');0.1794871836900711;0.23499329388141632;0.5194661617279053;4.0150612790057494e-07
Data(x=[436, 1], edge_index=[2, 438], edge_attr=[438, 3], y=76.0, custom_label=0.17715618, min_label=0, max_label=429, instance_name='p20.txt');0.17715618014335632;0.23499329388141632;0.5194661617279053;4.0150612790057494e-07
Data(x=[436, 1], edge_index=[2, 438], edge_attr=[438, 3], y=75.0, custom_label=0.17482518, min_label=0, max_label=429, instance_name='p20.txt');0.17482517659664154;0.23499329388141632;0.5194661617279053;4.0150612790057494e-07
Data(x=[436, 1], edge_index=[2, 438], edge_attr=[438, 3], y=74.0, custom_label=0.17249417, min_label=0, max_label=429, instance_name='p20.txt');0.17249417304992676;0.23499329388141632;0.5194661617279053;4.0150612790057494e-07
Data(x=[436, 1], edge_index=[2, 438], edge_attr=[438, 3], y=73.0, custom_label=0.17016317, min_label=0, max_label=429, instance_name='p20.txt');0.17016316950321198;0.23499329388141632;0.5194661617279053;4.0150612790057494e-07
Data(x=[436, 1], edge_index=[2, 438], edge_attr=[438, 3], y=72.0, custom_label=0.16783217, min_label=0, max_label=429, instance_name='p20.txt');0.1678321659564972;0.23499329388141632;0.5194661617279053;4.0150612790057494e-07
Data(x=[436, 1], edge_index=[2, 438], edge_attr=[438, 3], y=71.0, custom_label=0.16550116, min_label=0, max_label=429, instance_name='p20.txt');0.1655011624097824;0.23499329388141632;0.5194661617279053;4.0150612790057494e-07
Data(x=[436, 1], edge_index=[2, 438], edge_attr=[438, 3], y=70.0, custom_label=0.16317016, min_label=0, max_label=429, instance_name='p20.txt');0.16317015886306763;0.23499329388141632;0.5194661617279053;4.0150612790057494e-07
Data(x=[436, 1], edge_index=[2, 438], edge_attr=[438, 3], y=69.0, custom_label=0.16083916, min_label=0, max_label=429, instance_name='p20.txt');0.16083915531635284;0.23499329388141632;0.5194661617279053;4.0150612790057494e-07
Data(x=[436, 1], edge_index=[2, 438], edge_attr=[438, 3], y=68.0, custom_label=0.15850815, min_label=0, max_label=429, instance_name='p20.txt');0.15850815176963806;0.23499329388141632;0.5194661617279053;4.0150612790057494e-07
Data(x=[436, 1], edge_index=[2, 438], edge_attr=[438, 3], y=67.0, custom_label=0.15617716, min_label=0, max_label=429, instance_name='p20.txt');0.15617716312408447;0.23499329388141632;0.5194661617279053;4.0150612790057494e-07
Data(x=[436, 1], edge_index=[2, 438], edge_attr=[438, 3], y=66.0, custom_label=0.15384616, min_label=0, max_label=429, instance_name='p20.txt');0.1538461595773697;0.23499329388141632;0.5194661617279053;4.0150612790057494e-07
Data(x=[436, 1], edge_index=[2, 438], edge_attr=[438, 3], y=65.0, custom_label=0.15151516, min_label=0, max_label=429, instance_name='p20.txt');0.1515151560306549;0.23499329388141632;0.5194661617279053;4.0150612790057494e-07
Data(x=[436, 1], edge_index=[2, 438], edge_attr=[438, 3], y=64.0, custom_label=0.14918415, min_label=0, max_label=429, instance_name='p20.txt');0.14918415248394012;0.23499329388141632;0.5194661617279053;4.0150612790057494e-07
Data(x=[436, 1], edge_index=[2, 438], edge_attr=[438, 3], y=63.0, custom_label=0.14685315, min_label=0, max_label=429, instance_name='p20.txt');0.14685314893722534;0.23499329388141632;0.5194661617279053;4.0150612790057494e-07
Data(x=[436, 1], edge_index=[2, 438], edge_attr=[438, 3], y=62.0, custom_label=0.14452215, min_label=0, max_label=429, instance_name='p20.txt');0.14452214539051056;0.23499329388141632;0.5194661617279053;4.0150612790057494e-07
Data(x=[436, 1], edge_index=[2, 438], edge_attr=[438, 3], y=61.0, custom_label=0.14219114, min_label=0, max_label=429, instance_name='p20.txt');0.14219114184379578;0.23499329388141632;0.5194661617279053;4.0150612790057494e-07
Data(x=[436, 1], edge_index=[2, 438], edge_attr=[438, 3], y=60.0, custom_label=0.13986014, min_label=0, max_label=429, instance_name='p20.txt');0.139860138297081;0.23499329388141632;0.5194661617279053;4.0150612790057494e-07
Data(x=[436, 1], edge_index=[2, 438], edge_attr=[438, 3], y=59.0, custom_label=0.13752913, min_label=0, max_label=429, instance_name='p20.txt');0.1375291347503662;0.23499329388141632;0.5194661617279053;4.0150612790057494e-07
Data(x=[436, 1], edge_index=[2, 438], edge_attr=[438, 3], y=58.0, custom_label=0.13519813, min_label=0, max_label=429, instance_name='p20.txt');0.13519813120365143;0.23499329388141632;0.5194661617279053;4.0150612790057494e-07
Data(x=[436, 1], edge_index=[2, 438], edge_attr=[438, 3], y=57.0, custom_label=0.13286713, min_label=0, max_label=429, instance_name='p20.txt');0.13286712765693665;0.23499329388141632;0.5194661617279053;4.0150612790057494e-07
Data(x=[436, 1], edge_index=[2, 438], edge_attr=[438, 3], y=56.0, custom_label=0.13053612, min_label=0, max_label=429, instance_name='p20.txt');0.13053612411022186;0.23499329388141632;0.5194661617279053;4.0150612790057494e-07
Data(x=[436, 1], edge_index=[2, 438], edge_attr=[438, 3], y=55.0, custom_label=0.12820514, min_label=0, max_label=429, instance_name='p20.txt');0.12820513546466827;0.23499329388141632;0.5194661617279053;4.0150612790057494e-07
Data(x=[436, 1], edge_index=[2, 438], edge_attr=[438, 3], y=54.0, custom_label=0.12587413, min_label=0, max_label=429, instance_name='p20.txt');0.1258741319179535;0.23499329388141632;0.5194661617279053;4.0150612790057494e-07
Data(x=[436, 1], edge_index=[2, 438], edge_attr=[438, 3], y=53.0, custom_label=0.12354312, min_label=0, max_label=429, instance_name='p20.txt');0.12354312092065811;0.23499329388141632;0.5194661617279053;4.0150612790057494e-07
Data(x=[436, 1], edge_index=[2, 438], edge_attr=[438, 3], y=52.0, custom_label=0.121212125, min_label=0, max_label=429, instance_name='p20.txt');0.12121212482452393;0.23499329388141632;0.5194661617279053;4.0150612790057494e-07
Data(x=[436, 1], edge_index=[2, 438], edge_attr=[438, 3], y=51.0, custom_label=0.11888112, min_label=0, max_label=429, instance_name='p20.txt');0.11888112127780914;0.23499329388141632;0.5194661617279053;4.0150612790057494e-07
Data(x=[436, 1], edge_index=[2, 438], edge_attr=[438, 3], y=50.0, custom_label=0.11655012, min_label=0, max_label=429, instance_name='p20.txt');0.11655011773109436;0.23499329388141632;0.5194661617279053;4.0150612790057494e-07
Data(x=[436, 1], edge_index=[2, 438], edge_attr=[438, 3], y=49.0, custom_label=0.114219114, min_label=0, max_label=429, instance_name='p20.txt');0.11421911418437958;0.23499329388141632;0.5194661617279053;4.0150612790057494e-07
Data(x=[436, 1], edge_index=[2, 438], edge_attr=[438, 3], y=48.0, custom_label=0.11188811, min_label=0, max_label=429, instance_name='p20.txt');0.1118881106376648;0.23499329388141632;0.5194661617279053;4.0150612790057494e-07
Data(x=[436, 1], edge_index=[2, 438], edge_attr=[438, 3], y=47.0, custom_label=0.10955711, min_label=0, max_label=429, instance_name='p20.txt');0.10955710709095001;0.23499329388141632;0.5194661617279053;4.0150612790057494e-07
Data(x=[436, 1], edge_index=[2, 438], edge_attr=[438, 3], y=46.0, custom_label=0.1072261, min_label=0, max_label=429, instance_name='p20.txt');0.10722610354423523;0.23499329388141632;0.5194661617279053;4.0150612790057494e-07
Data(x=[436, 1], edge_index=[2, 438], edge_attr=[438, 3], y=45.0, custom_label=0.10489511, min_label=0, max_label=429, instance_name='p20.txt');0.10489510744810104;0.23499329388141632;0.5194661617279053;4.0150612790057494e-07
Data(x=[436, 1], edge_index=[2, 438], edge_attr=[438, 3], y=44.0, custom_label=0.102564104, min_label=0, max_label=429, instance_name='p20.txt');0.10256410390138626;0.23499329388141632;0.5194661617279053;4.0150612790057494e-07
Data(x=[436, 1], edge_index=[2, 438], edge_attr=[438, 3], y=43.0, custom_label=0.1002331, min_label=0, max_label=429, instance_name='p20.txt');0.10023310035467148;0.23499329388141632;0.5194661617279053;4.0150612790057494e-07
Data(x=[436, 1], edge_index=[2, 438], edge_attr=[438, 3], y=42.0, custom_label=0.0979021, min_label=0, max_label=429, instance_name='p20.txt');0.0979020968079567;0.23499329388141632;0.5194661617279053;4.0150612790057494e-07
Data(x=[436, 1], edge_index=[2, 438], edge_attr=[438, 3], y=41.0, custom_label=0.09557109, min_label=0, max_label=429, instance_name='p20.txt');0.09557109326124191;0.23499329388141632;0.5194661617279053;4.0150612790057494e-07
Data(x=[436, 1], edge_index=[2, 438], edge_attr=[438, 3], y=40.0, custom_label=0.09324009, min_label=0, max_label=429, instance_name='p20.txt');0.09324008971452713;0.23499329388141632;0.5194661617279053;4.0150612790057494e-07
Data(x=[436, 1], edge_index=[2, 438], edge_attr=[438, 3], y=39.0, custom_label=0.09090909, min_label=0, max_label=429, instance_name='p20.txt');0.09090909361839294;0.23499329388141632;0.5194661617279053;4.0150612790057494e-07
Data(x=[436, 1], edge_index=[2, 438], edge_attr=[438, 3], y=38.0, custom_label=0.08857809, min_label=0, max_label=429, instance_name='p20.txt');0.08857809007167816;0.23499329388141632;0.5194661617279053;4.0150612790057494e-07
Data(x=[436, 1], edge_index=[2, 438], edge_attr=[438, 3], y=37.0, custom_label=0.08624709, min_label=0, max_label=429, instance_name='p20.txt');0.08624708652496338;0.23499329388141632;0.5194661617279053;4.0150612790057494e-07
Data(x=[436, 1], edge_index=[2, 438], edge_attr=[438, 3], y=36.0, custom_label=0.08391608, min_label=0, max_label=429, instance_name='p20.txt');0.0839160829782486;0.23499329388141632;0.5194661617279053;4.0150612790057494e-07
Data(x=[436, 1], edge_index=[2, 438], edge_attr=[438, 3], y=35.0, custom_label=0.08158508, min_label=0, max_label=429, instance_name='p20.txt');0.08158507943153381;0.23499329388141632;0.5194661617279053;4.0150612790057494e-07
Data(x=[436, 1], edge_index=[2, 438], edge_attr=[438, 3], y=34.0, custom_label=0.079254076, min_label=0, max_label=429, instance_name='p20.txt');0.07925407588481903;0.23499329388141632;0.5194661617279053;4.0150612790057494e-07
Data(x=[436, 1], edge_index=[2, 438], edge_attr=[438, 3], y=33.0, custom_label=0.07692308, min_label=0, max_label=429, instance_name='p20.txt');0.07692307978868484;0.23499329388141632;0.5194661617279053;4.0150612790057494e-07
Data(x=[436, 1], edge_index=[2, 438], edge_attr=[438, 3], y=32.0, custom_label=0.074592076, min_label=0, max_label=429, instance_name='p20.txt');0.07459207624197006;0.23499329388141632;0.5194661617279053;4.0150612790057494e-07
Data(x=[436, 1], edge_index=[2, 438], edge_attr=[438, 3], y=31.0, custom_label=0.07226107, min_label=0, max_label=429, instance_name='p20.txt');0.07226107269525528;0.23499329388141632;0.5194661617279053;4.0150612790057494e-07
Data(x=[436, 1], edge_index=[2, 438], edge_attr=[438, 3], y=30.0, custom_label=0.06993007, min_label=0, max_label=429, instance_name='p20.txt');0.0699300691485405;0.23499329388141632;0.5194661617279053;4.0150612790057494e-07
Data(x=[436, 1], edge_index=[2, 438], edge_attr=[438, 3], y=29.0, custom_label=0.067599066, min_label=0, max_label=429, instance_name='p20.txt');0.06759906560182571;0.23499329388141632;0.5194661617279053;4.0150612790057494e-07
Data(x=[436, 1], edge_index=[2, 438], edge_attr=[438, 3], y=28.0, custom_label=0.06526806, min_label=0, max_label=429, instance_name='p20.txt');0.06526806205511093;0.23499329388141632;0.5194661617279053;4.0150612790057494e-07
Data(x=[436, 1], edge_index=[2, 438], edge_attr=[438, 3], y=27.0, custom_label=0.062937066, min_label=0, max_label=429, instance_name='p20.txt');0.06293706595897675;0.23499329388141632;0.5194661617279053;4.0150612790057494e-07
Data(x=[436, 1], edge_index=[2, 438], edge_attr=[438, 3], y=26.0, custom_label=0.060606062, min_label=0, max_label=429, instance_name='p20.txt');0.06060606241226196;0.23499329388141632;0.5194661617279053;4.0150612790057494e-07
Data(x=[436, 1], edge_index=[2, 438], edge_attr=[438, 3], y=25.0, custom_label=0.05827506, min_label=0, max_label=429, instance_name='p20.txt');0.05827505886554718;0.23499329388141632;0.5194661617279053;4.0150612790057494e-07
Data(x=[436, 1], edge_index=[2, 438], edge_attr=[438, 3], y=24.0, custom_label=0.055944055, min_label=0, max_label=429, instance_name='p20.txt');0.0559440553188324;0.23499329388141632;0.5194661617279053;4.0150612790057494e-07
Data(x=[436, 1], edge_index=[2, 438], edge_attr=[438, 3], y=23.0, custom_label=0.05361305, min_label=0, max_label=429, instance_name='p20.txt');0.053613051772117615;0.23499329388141632;0.5194661617279053;4.0150612790057494e-07
Data(x=[436, 1], edge_index=[2, 438], edge_attr=[438, 3], y=22.0, custom_label=0.051282052, min_label=0, max_label=429, instance_name='p20.txt');0.05128205195069313;0.23499329388141632;0.5194661617279053;4.0150612790057494e-07
Data(x=[436, 1], edge_index=[2, 438], edge_attr=[438, 3], y=21.0, custom_label=0.04895105, min_label=0, max_label=429, instance_name='p20.txt');0.04895104840397835;0.23499329388141632;0.5194661617279053;4.0150612790057494e-07
Data(x=[436, 1], edge_index=[2, 438], edge_attr=[438, 3], y=20.0, custom_label=0.046620045, min_label=0, max_label=429, instance_name='p20.txt');0.046620044857263565;0.23499329388141632;0.5194661617279053;4.0150612790057494e-07
Data(x=[436, 1], edge_index=[2, 438], edge_attr=[438, 3], y=19.0, custom_label=0.044289045, min_label=0, max_label=429, instance_name='p20.txt');0.04428904503583908;0.23499329388141632;0.5194661617279053;4.0150612790057494e-07
Data(x=[436, 1], edge_index=[2, 438], edge_attr=[438, 3], y=18.0, custom_label=0.04195804, min_label=0, max_label=429, instance_name='p20.txt');0.0419580414891243;0.23499329388141632;0.5194661617279053;4.0150612790057494e-07
Data(x=[436, 1], edge_index=[2, 438], edge_attr=[438, 3], y=17.0, custom_label=0.039627038, min_label=0, max_label=429, instance_name='p20.txt');0.039627037942409515;0.23499329388141632;0.5194661617279053;4.0150612790057494e-07
Data(x=[436, 1], edge_index=[2, 438], edge_attr=[438, 3], y=16.0, custom_label=0.037296038, min_label=0, max_label=429, instance_name='p20.txt');0.03729603812098503;0.23499329388141632;0.5194661617279053;4.0150612790057494e-07
Data(x=[436, 1], edge_index=[2, 438], edge_attr=[438, 3], y=15.0, custom_label=0.034965035, min_label=0, max_label=429, instance_name='p20.txt');0.03496503457427025;0.23499329388141632;0.5194661617279053;4.0150612790057494e-07
Data(x=[436, 1], edge_index=[2, 438], edge_attr=[438, 3], y=14.0, custom_label=0.03263403, min_label=0, max_label=429, instance_name='p20.txt');0.032634031027555466;0.23499329388141632;0.5194661617279053;4.0150612790057494e-07
Data(x=[436, 1], edge_index=[2, 438], edge_attr=[438, 3], y=13.0, custom_label=0.030303031, min_label=0, max_label=429, instance_name='p20.txt');0.03030303120613098;0.23499329388141632;0.5194661617279053;4.0150612790057494e-07
Data(x=[436, 1], edge_index=[2, 438], edge_attr=[438, 3], y=12.0, custom_label=0.027972028, min_label=0, max_label=429, instance_name='p20.txt');0.0279720276594162;0.23499329388141632;0.5194661617279053;4.0150612790057494e-07
Data(x=[436, 1], edge_index=[2, 438], edge_attr=[438, 3], y=11.0, custom_label=0.025641026, min_label=0, max_label=429, instance_name='p20.txt');0.025641025975346565;0.23499329388141632;0.5194661617279053;4.0150612790057494e-07
Data(x=[436, 1], edge_index=[2, 438], edge_attr=[438, 3], y=10.0, custom_label=0.023310022, min_label=0, max_label=429, instance_name='p20.txt');0.023310022428631783;0.23499329388141632;0.5194661617279053;4.0150612790057494e-07
Data(x=[436, 1], edge_index=[2, 438], edge_attr=[438, 3], y=9.0, custom_label=0.02097902, min_label=0, max_label=429, instance_name='p20.txt');0.02097902074456215;0.23499329388141632;0.5194661617279053;4.0150612790057494e-07
Data(x=[436, 1], edge_index=[2, 438], edge_attr=[438, 3], y=8.0, custom_label=0.018648019, min_label=0, max_label=429, instance_name='p20.txt');0.018648019060492516;0.23499329388141632;0.5194661617279053;4.0150612790057494e-07
Data(x=[436, 1], edge_index=[2, 438], edge_attr=[438, 3], y=7.0, custom_label=0.016317016, min_label=0, max_label=429, instance_name='p20.txt');0.016317015513777733;0.23499329388141632;0.5194661617279053;4.0150612790057494e-07
Data(x=[436, 1], edge_index=[2, 438], edge_attr=[438, 3], y=6.0, custom_label=0.013986014, min_label=0, max_label=429, instance_name='p20.txt');0.0139860138297081;0.23499329388141632;0.5194661617279053;4.0150612790057494e-07
Data(x=[436, 1], edge_index=[2, 438], edge_attr=[438, 3], y=5.0, custom_label=0.011655011, min_label=0, max_label=429, instance_name='p20.txt');0.011655011214315891;0.23499329388141632;0.5194661617279053;4.0150612790057494e-07
Data(x=[436, 1], edge_index=[2, 438], edge_attr=[438, 3], y=4.0, custom_label=0.0093240095, min_label=0, max_label=429, instance_name='p20.txt');0.009324009530246258;0.23499329388141632;0.5194661617279053;4.0150612790057494e-07
Data(x=[436, 1], edge_index=[2, 438], edge_attr=[438, 3], y=3.0, custom_label=0.006993007, min_label=0, max_label=429, instance_name='p20.txt');0.00699300691485405;0.23499329388141632;0.5194661617279053;4.0150612790057494e-07
Data(x=[436, 1], edge_index=[2, 438], edge_attr=[438, 3], y=2.0, custom_label=0.0046620048, min_label=0, max_label=429, instance_name='p20.txt');0.004662004765123129;0.23499329388141632;0.5194661617279053;4.0150612790057494e-07
Data(x=[436, 1], edge_index=[2, 438], edge_attr=[438, 3], y=1.0, custom_label=0.0023310024, min_label=0, max_label=429, instance_name='p20.txt');0.0023310023825615644;0.23499329388141632;0.5194661617279053;4.0150612790057494e-07
Data(x=[437, 1], edge_index=[2, 440], edge_attr=[440, 3], y=0.0, custom_label=0.0, min_label=0, max_label=429, instance_name='p20.txt');0.0;0.23499329388141632;0.3359570801258087;4.0150612790057494e-07
Data(x=[94, 1], edge_index=[2, 116], edge_attr=[116, 3], y=38.0, custom_label=1.0, min_label=0, max_label=38, instance_name='p21.txt');1.0;0.23499329388141632;3.281180397607386e-06;4.0150612790057494e-07
Data(x=[94, 1], edge_index=[2, 116], edge_attr=[116, 3], y=37.0, custom_label=0.9736842, min_label=0, max_label=38, instance_name='p21.txt');0.9736841917037964;0.23499329388141632;3.281180397607386e-06;4.0150612790057494e-07
Data(x=[94, 1], edge_index=[2, 116], edge_attr=[116, 3], y=36.0, custom_label=0.94736844, min_label=0, max_label=38, instance_name='p21.txt');0.9473684430122375;0.23499329388141632;3.281180397607386e-06;4.0150612790057494e-07
Data(x=[94, 1], edge_index=[2, 116], edge_attr=[116, 3], y=35.0, custom_label=0.92105263, min_label=0, max_label=38, instance_name='p21.txt');0.9210526347160339;0.23499329388141632;3.281180397607386e-06;4.0150612790057494e-07
Data(x=[93, 1], edge_index=[2, 114], edge_attr=[114, 3], y=34.0, custom_label=0.8947368, min_label=0, max_label=38, instance_name='p21.txt');0.8947368264198303;0.23499329388141632;0.0006445776089094579;4.0150612790057494e-07
Data(x=[93, 1], edge_index=[2, 114], edge_attr=[114, 3], y=33.0, custom_label=0.8684211, min_label=0, max_label=38, instance_name='p21.txt');0.8684210777282715;0.23499329388141632;0.0006445766775868833;4.0150612790057494e-07
Data(x=[93, 1], edge_index=[2, 114], edge_attr=[114, 3], y=32.0, custom_label=0.84210527, min_label=0, max_label=38, instance_name='p21.txt');0.8421052694320679;0.23499329388141632;0.0006445770268328488;4.0150612790057494e-07
Data(x=[93, 1], edge_index=[2, 114], edge_attr=[114, 3], y=31.0, custom_label=0.81578946, min_label=0, max_label=38, instance_name='p21.txt');0.8157894611358643;0.23499329388141632;0.0006445776089094579;4.0150612790057494e-07
Data(x=[93, 1], edge_index=[2, 114], edge_attr=[114, 3], y=30.0, custom_label=0.7894737, min_label=0, max_label=38, instance_name='p21.txt');0.7894737124443054;0.23499329388141632;0.0006445776089094579;4.0150612790057494e-07
Data(x=[93, 1], edge_index=[2, 114], edge_attr=[114, 3], y=29.0, custom_label=0.7631579, min_label=0, max_label=38, instance_name='p21.txt');0.7631579041481018;0.23499329388141632;0.0006445776089094579;4.0150612790057494e-07
Data(x=[93, 1], edge_index=[2, 114], edge_attr=[114, 3], y=28.0, custom_label=0.7368421, min_label=0, max_label=38, instance_name='p21.txt');0.7368420958518982;0.23499329388141632;0.0006445770268328488;4.0150612790057494e-07
Data(x=[93, 1], edge_index=[2, 114], edge_attr=[114, 3], y=27.0, custom_label=0.7105263, min_label=0, max_label=38, instance_name='p21.txt');0.7105262875556946;0.23499329388141632;0.0006445770268328488;4.0150612790057494e-07
Data(x=[93, 1], edge_index=[2, 114], edge_attr=[114, 3], y=26.0, custom_label=0.68421054, min_label=0, max_label=38, instance_name='p21.txt');0.6842105388641357;0.23499329388141632;0.0006445776089094579;4.0150612790057494e-07
Data(x=[93, 1], edge_index=[2, 114], edge_attr=[114, 3], y=25.0, custom_label=0.65789473, min_label=0, max_label=38, instance_name='p21.txt');0.6578947305679321;0.23499329388141632;0.0006445776089094579;4.0150612790057494e-07
Data(x=[93, 1], edge_index=[2, 114], edge_attr=[114, 3], y=24.0, custom_label=0.6315789, min_label=0, max_label=38, instance_name='p21.txt');0.6315789222717285;0.23499329388141632;0.0006445776089094579;4.0150612790057494e-07
Data(x=[93, 1], edge_index=[2, 114], edge_attr=[114, 3], y=23.0, custom_label=0.6052632, min_label=0, max_label=38, instance_name='p21.txt');0.6052631735801697;0.23499329388141632;0.0006445776089094579;4.0150612790057494e-07
Data(x=[92, 1], edge_index=[2, 112], edge_attr=[112, 3], y=22.0, custom_label=0.57894737, min_label=0, max_label=38, instance_name='p21.txt');0.5789473652839661;0.23499329388141632;0.03626101091504097;4.0150612790057494e-07
Data(x=[92, 1], edge_index=[2, 112], edge_attr=[112, 3], y=21.0, custom_label=0.55263156, min_label=0, max_label=38, instance_name='p21.txt');0.5526315569877625;0.23499329388141632;0.036260996013879776;4.0150612790057494e-07
Data(x=[93, 1], edge_index=[2, 114], edge_attr=[114, 3], y=20.0, custom_label=0.5263158, min_label=0, max_label=38, instance_name='p21.txt');0.5263158082962036;0.23499329388141632;0.0006445776089094579;4.0150612790057494e-07
Data(x=[93, 1], edge_index=[2, 114], edge_attr=[114, 3], y=19.0, custom_label=0.5, min_label=0, max_label=38, instance_name='p21.txt');0.5;0.23499329388141632;0.0006445776089094579;4.0150612790057494e-07
Data(x=[93, 1], edge_index=[2, 114], edge_attr=[114, 3], y=18.0, custom_label=0.47368422, min_label=0, max_label=38, instance_name='p21.txt');0.4736842215061188;0.23499329388141632;0.0006445766775868833;4.0150612790057494e-07
Data(x=[93, 1], edge_index=[2, 114], edge_attr=[114, 3], y=17.0, custom_label=0.4473684, min_label=0, max_label=38, instance_name='p21.txt');0.44736841320991516;0.23499329388141632;0.0006445778999477625;4.0150612790057494e-07
Data(x=[93, 1], edge_index=[2, 114], edge_attr=[114, 3], y=16.0, custom_label=0.42105263, min_label=0, max_label=38, instance_name='p21.txt');0.42105263471603394;0.23499329388141632;0.0006445778999477625;4.0150612790057494e-07
Data(x=[93, 1], edge_index=[2, 114], edge_attr=[114, 3], y=15.0, custom_label=0.39473686, min_label=0, max_label=38, instance_name='p21.txt');0.3947368562221527;0.23499329388141632;0.0006445778999477625;4.0150612790057494e-07
Data(x=[93, 1], edge_index=[2, 114], edge_attr=[114, 3], y=14.0, custom_label=0.36842105, min_label=0, max_label=38, instance_name='p21.txt');0.3684210479259491;0.23499329388141632;0.0006445778999477625;4.0150612790057494e-07
Data(x=[93, 1], edge_index=[2, 114], edge_attr=[114, 3], y=13.0, custom_label=0.34210527, min_label=0, max_label=38, instance_name='p21.txt');0.34210526943206787;0.23499329388141632;0.0006445778999477625;4.0150612790057494e-07
Data(x=[93, 1], edge_index=[2, 114], edge_attr=[114, 3], y=12.0, custom_label=0.31578946, min_label=0, max_label=38, instance_name='p21.txt');0.31578946113586426;0.23499329388141632;0.0006445778999477625;4.0150612790057494e-07
Data(x=[92, 1], edge_index=[2, 112], edge_attr=[112, 3], y=11.0, custom_label=0.28947368, min_label=0, max_label=38, instance_name='p21.txt');0.28947368264198303;0.23499329388141632;0.03626101836562157;4.0150612790057494e-07
Data(x=[92, 1], edge_index=[2, 112], edge_attr=[112, 3], y=10.0, custom_label=0.2631579, min_label=0, max_label=38, instance_name='p21.txt');0.2631579041481018;0.23499329388141632;0.03626101091504097;4.0150612790057494e-07
Data(x=[93, 1], edge_index=[2, 114], edge_attr=[114, 3], y=9.0, custom_label=0.23684211, min_label=0, max_label=38, instance_name='p21.txt');0.2368421107530594;0.23499329388141632;0.0006445770268328488;4.0150612790057494e-07
Data(x=[93, 1], edge_index=[2, 114], edge_attr=[114, 3], y=8.0, custom_label=0.21052632, min_label=0, max_label=38, instance_name='p21.txt');0.21052631735801697;0.23499329388141632;0.0006445776089094579;4.0150612790057494e-07
Data(x=[94, 1], edge_index=[2, 116], edge_attr=[116, 3], y=7.0, custom_label=0.18421052, min_label=0, max_label=38, instance_name='p21.txt');0.18421052396297455;0.23499329388141632;3.2811740311444737e-06;4.0150612790057494e-07
Data(x=[94, 1], edge_index=[2, 116], edge_attr=[116, 3], y=6.0, custom_label=0.15789473, min_label=0, max_label=38, instance_name='p21.txt');0.15789473056793213;0.23499329388141632;3.28117721437593e-06;4.0150612790057494e-07
Data(x=[94, 1], edge_index=[2, 116], edge_attr=[116, 3], y=5.0, custom_label=0.13157895, min_label=0, max_label=38, instance_name='p21.txt');0.1315789520740509;0.23499329388141632;3.281180397607386e-06;4.0150612790057494e-07
Data(x=[94, 1], edge_index=[2, 116], edge_attr=[116, 3], y=4.0, custom_label=0.10526316, min_label=0, max_label=38, instance_name='p21.txt');0.10526315867900848;0.23499329388141632;3.28117721437593e-06;4.0150612790057494e-07
Data(x=[94, 1], edge_index=[2, 116], edge_attr=[116, 3], y=3.0, custom_label=0.078947365, min_label=0, max_label=38, instance_name='p21.txt');0.07894736528396606;0.23499329388141632;3.28117721437593e-06;4.0150612790057494e-07
Data(x=[94, 1], edge_index=[2, 116], edge_attr=[116, 3], y=2.0, custom_label=0.05263158, min_label=0, max_label=38, instance_name='p21.txt');0.05263157933950424;0.23499329388141632;3.28117721437593e-06;4.0150612790057494e-07
Data(x=[94, 1], edge_index=[2, 116], edge_attr=[116, 3], y=1.0, custom_label=0.02631579, min_label=0, max_label=38, instance_name='p21.txt');0.02631578966975212;0.23499329388141632;3.28117721437593e-06;4.0150612790057494e-07
Data(x=[95, 1], edge_index=[2, 118], edge_attr=[118, 3], y=0.0, custom_label=0.0, min_label=0, max_label=38, instance_name='p21.txt');0.0;0.23499329388141632;1.878378519393209e-08;4.0150612790057494e-07
Data(x=[74, 1], edge_index=[2, 104], edge_attr=[104, 3], y=6.0, custom_label=0.15789473, min_label=0, max_label=38, instance_name='p21.txt');0.15789473056793213;0.23499329388141632;5.1810797430107414e-08;0.0
Data(x=[74, 1], edge_index=[2, 104], edge_attr=[104, 3], y=5.0, custom_label=0.13157895, min_label=0, max_label=38, instance_name='p21.txt');0.1315789520740509;0.23499329388141632;5.1810797430107414e-08;0.0
Data(x=[74, 1], edge_index=[2, 104], edge_attr=[104, 3], y=4.0, custom_label=0.10526316, min_label=0, max_label=38, instance_name='p21.txt');0.10526315867900848;0.23499329388141632;1.4672336234866634e-08;0.0
Data(x=[74, 1], edge_index=[2, 104], edge_attr=[104, 3], y=3.0, custom_label=0.078947365, min_label=0, max_label=38, instance_name='p21.txt');0.07894736528396606;0.23499329388141632;5.1810797430107414e-08;0.0
Data(x=[74, 1], edge_index=[2, 104], edge_attr=[104, 3], y=2.0, custom_label=0.05263158, min_label=0, max_label=38, instance_name='p21.txt');0.05263157933950424;0.23499329388141632;5.1810797430107414e-08;0.0
Data(x=[74, 1], edge_index=[2, 104], edge_attr=[104, 3], y=1.0, custom_label=0.02631579, min_label=0, max_label=38, instance_name='p21.txt');0.02631578966975212;0.23499329388141632;5.1810797430107414e-08;0.0
Data(x=[75, 1], edge_index=[2, 106], edge_attr=[106, 3], y=0.0, custom_label=0.0, min_label=0, max_label=38, instance_name='p21.txt');0.0;0.23499329388141632;2.2138501101776065e-11;0.0
Data(x=[74, 1], edge_index=[2, 98], edge_attr=[98, 3], y=30.0, custom_label=0.7894737, min_label=0, max_label=38, instance_name='p21.txt');0.7894737124443054;0.23499329388141632;0.40322431921958923;4.0150612790057494e-07
Data(x=[74, 1], edge_index=[2, 98], edge_attr=[98, 3], y=29.0, custom_label=0.7631579, min_label=0, max_label=38, instance_name='p21.txt');0.7631579041481018;0.23499329388141632;0.27872470021247864;4.0150612790057494e-07
Data(x=[73, 1], edge_index=[2, 96], edge_attr=[96, 3], y=28.0, custom_label=0.7368421, min_label=0, max_label=38, instance_name='p21.txt');0.7368420958518982;0.23499329388141632;0.29680973291397095;4.0150612790057494e-07
Data(x=[73, 1], edge_index=[2, 96], edge_attr=[96, 3], y=27.0, custom_label=0.7105263, min_label=0, max_label=38, instance_name='p21.txt');0.7105262875556946;0.23499329388141632;0.29680976271629333;4.0150612790057494e-07
Data(x=[73, 1], edge_index=[2, 96], edge_attr=[96, 3], y=26.0, custom_label=0.68421054, min_label=0, max_label=38, instance_name='p21.txt');0.6842105388641357;0.23499329388141632;0.29680973291397095;4.0150612790057494e-07
Data(x=[74, 1], edge_index=[2, 98], edge_attr=[98, 3], y=25.0, custom_label=0.65789473, min_label=0, max_label=38, instance_name='p21.txt');0.6578947305679321;0.23499329388141632;0.13391706347465515;4.0150612790057494e-07
Data(x=[74, 1], edge_index=[2, 98], edge_attr=[98, 3], y=24.0, custom_label=0.6315789, min_label=0, max_label=38, instance_name='p21.txt');0.6315789222717285;0.23499329388141632;0.13391706347465515;4.0150612790057494e-07
Data(x=[75, 1], edge_index=[2, 100], edge_attr=[100, 3], y=23.0, custom_label=0.6052632, min_label=0, max_label=38, instance_name='p21.txt');0.6052631735801697;0.23499329388141632;0.028510136529803276;4.0150612790057494e-07
Data(x=[75, 1], edge_index=[2, 100], edge_attr=[100, 3], y=22.0, custom_label=0.57894737, min_label=0, max_label=38, instance_name='p21.txt');0.5789473652839661;0.23499329388141632;0.031067177653312683;4.0150612790057494e-07
Data(x=[75, 1], edge_index=[2, 100], edge_attr=[100, 3], y=21.0, custom_label=0.55263156, min_label=0, max_label=38, instance_name='p21.txt');0.5526315569877625;0.23499329388141632;0.016376972198486328;4.0150612790057494e-07
Data(x=[74, 1], edge_index=[2, 98], edge_attr=[98, 3], y=20.0, custom_label=0.5263158, min_label=0, max_label=38, instance_name='p21.txt');0.5263158082962036;0.23499329388141632;0.1400119662284851;4.0150612790057494e-07
Data(x=[74, 1], edge_index=[2, 98], edge_attr=[98, 3], y=19.0, custom_label=0.5, min_label=0, max_label=38, instance_name='p21.txt');0.5;0.23499329388141632;0.16100133955478668;4.0150612790057494e-07
Data(x=[74, 1], edge_index=[2, 98], edge_attr=[98, 3], y=18.0, custom_label=0.47368422, min_label=0, max_label=38, instance_name='p21.txt');0.4736842215061188;0.23499329388141632;0.1610013097524643;0.0
Data(x=[74, 1], edge_index=[2, 98], edge_attr=[98, 3], y=17.0, custom_label=0.4473684, min_label=0, max_label=38, instance_name='p21.txt');0.44736841320991516;0.23499329388141632;0.1610013097524643;0.0
Data(x=[74, 1], edge_index=[2, 98], edge_attr=[98, 3], y=16.0, custom_label=0.42105263, min_label=0, max_label=38, instance_name='p21.txt');0.42105263471603394;0.23499329388141632;0.1610013097524643;0.0
Data(x=[75, 1], edge_index=[2, 100], edge_attr=[100, 3], y=15.0, custom_label=0.39473686, min_label=0, max_label=38, instance_name='p21.txt');0.3947368562221527;0.23499329388141632;0.031067177653312683;4.0150612790057494e-07
Data(x=[75, 1], edge_index=[2, 100], edge_attr=[100, 3], y=14.0, custom_label=0.36842105, min_label=0, max_label=38, instance_name='p21.txt');0.3684210479259491;0.23499329388141632;0.031067177653312683;0.0
Data(x=[75, 1], edge_index=[2, 100], edge_attr=[100, 3], y=13.0, custom_label=0.34210527, min_label=0, max_label=38, instance_name='p21.txt');0.34210526943206787;0.23499329388141632;0.031067177653312683;4.0150612790057494e-07
Data(x=[75, 1], edge_index=[2, 100], edge_attr=[100, 3], y=12.0, custom_label=0.31578946, min_label=0, max_label=38, instance_name='p21.txt');0.31578946113586426;0.23499329388141632;0.031067177653312683;4.0150612790057494e-07
Data(x=[75, 1], edge_index=[2, 100], edge_attr=[100, 3], y=11.0, custom_label=0.28947368, min_label=0, max_label=38, instance_name='p21.txt');0.28947368264198303;0.23499329388141632;0.031067177653312683;4.0150612790057494e-07
Data(x=[75, 1], edge_index=[2, 100], edge_attr=[100, 3], y=10.0, custom_label=0.2631579, min_label=0, max_label=38, instance_name='p21.txt');0.2631579041481018;0.23499329388141632;0.04691385105252266;4.0150612790057494e-07
Data(x=[75, 1], edge_index=[2, 100], edge_attr=[100, 3], y=9.0, custom_label=0.23684211, min_label=0, max_label=38, instance_name='p21.txt');0.2368421107530594;0.23499329388141632;0.031067177653312683;4.0150612790057494e-07
Data(x=[75, 1], edge_index=[2, 100], edge_attr=[100, 3], y=8.0, custom_label=0.21052632, min_label=0, max_label=38, instance_name='p21.txt');0.21052631735801697;0.23499329388141632;0.03106716275215149;4.0150612790057494e-07
Data(x=[75, 1], edge_index=[2, 100], edge_attr=[100, 3], y=7.0, custom_label=0.18421052, min_label=0, max_label=38, instance_name='p21.txt');0.18421052396297455;0.23499329388141632;0.031067177653312683;4.0150612790057494e-07
Data(x=[75, 1], edge_index=[2, 100], edge_attr=[100, 3], y=6.0, custom_label=0.15789473, min_label=0, max_label=38, instance_name='p21.txt');0.15789473056793213;0.23499329388141632;0.031067177653312683;4.0150612790057494e-07
Data(x=[74, 1], edge_index=[2, 98], edge_attr=[98, 3], y=5.0, custom_label=0.13157895, min_label=0, max_label=38, instance_name='p21.txt');0.1315789520740509;0.23499329388141632;0.06822970509529114;4.0150612790057494e-07
Data(x=[75, 1], edge_index=[2, 100], edge_attr=[100, 3], y=4.0, custom_label=0.10526316, min_label=0, max_label=38, instance_name='p21.txt');0.10526315867900848;0.23499329388141632;0.0006291221361607313;4.0150612790057494e-07
Data(x=[76, 1], edge_index=[2, 102], edge_attr=[102, 3], y=3.0, custom_label=0.078947365, min_label=0, max_label=38, instance_name='p21.txt');0.07894736528396606;0.23499329388141632;9.370694442623062e-07;4.0150612790057494e-07
Data(x=[75, 1], edge_index=[2, 100], edge_attr=[100, 3], y=2.0, custom_label=0.05263158, min_label=0, max_label=38, instance_name='p21.txt');0.05263157933950424;0.23499329388141632;2.858419975382276e-06;4.0150612790057494e-07
Data(x=[76, 1], edge_index=[2, 102], edge_attr=[102, 3], y=1.0, custom_label=0.02631579, min_label=0, max_label=38, instance_name='p21.txt');0.02631578966975212;0.23499329388141632;4.453038826568445e-09;4.0150612790057494e-07
Data(x=[77, 1], edge_index=[2, 104], edge_attr=[104, 3], y=0.0, custom_label=0.0, min_label=0, max_label=38, instance_name='p21.txt');0.0;0.23499329388141632;8.130237802439488e-12;4.0150612790057494e-07
Data(x=[75, 1], edge_index=[2, 104], edge_attr=[104, 3], y=7.0, custom_label=0.18421052, min_label=0, max_label=38, instance_name='p21.txt');0.18421052396297455;0.23499329388141632;1.0014819963544142e-05;0.0
Data(x=[75, 1], edge_index=[2, 104], edge_attr=[104, 3], y=6.0, custom_label=0.15789473, min_label=0, max_label=38, instance_name='p21.txt');0.15789473056793213;0.23499329388141632;2.8734684747178108e-06;0.0
Data(x=[75, 1], edge_index=[2, 104], edge_attr=[104, 3], y=5.0, custom_label=0.13157895, min_label=0, max_label=38, instance_name='p21.txt');0.1315789520740509;0.23499329388141632;2.873465973607381e-06;0.0
Data(x=[76, 1], edge_index=[2, 106], edge_attr=[106, 3], y=4.0, custom_label=0.10526316, min_label=0, max_label=38, instance_name='p21.txt');0.10526315867900848;0.23499329388141632;4.405535047879994e-09;0.0
Data(x=[76, 1], edge_index=[2, 106], edge_attr=[106, 3], y=3.0, custom_label=0.078947365, min_label=0, max_label=38, instance_name='p21.txt');0.07894736528396606;0.23499329388141632;1.5031909050833292e-09;0.0
Data(x=[75, 1], edge_index=[2, 104], edge_attr=[104, 3], y=2.0, custom_label=0.05263158, min_label=0, max_label=38, instance_name='p21.txt');0.05263157933950424;0.23499329388141632;1.2210207289697905e-09;0.0
Data(x=[75, 1], edge_index=[2, 104], edge_attr=[104, 3], y=1.0, custom_label=0.02631579, min_label=0, max_label=38, instance_name='p21.txt');0.02631578966975212;0.23499329388141632;4.205098047549427e-09;0.0
Data(x=[76, 1], edge_index=[2, 106], edge_attr=[106, 3], y=0.0, custom_label=0.0, min_label=0, max_label=38, instance_name='p21.txt');0.0;0.23499329388141632;7.057236305757497e-12;0.0
Data(x=[76, 1], edge_index=[2, 104], edge_attr=[104, 3], y=15.0, custom_label=0.39473686, min_label=0, max_label=38, instance_name='p21.txt');0.3947368562221527;0.23499329388141632;1.3002056221012026e-05;4.0150612790057494e-07
Data(x=[75, 1], edge_index=[2, 102], edge_attr=[102, 3], y=14.0, custom_label=0.36842105, min_label=0, max_label=38, instance_name='p21.txt');0.3684210479259491;0.23499329388141632;4.127902866457589e-05;4.0150612790057494e-07
Data(x=[76, 1], edge_index=[2, 104], edge_attr=[104, 3], y=13.0, custom_label=0.34210527, min_label=0, max_label=38, instance_name='p21.txt');0.34210526943206787;0.23499329388141632;6.14194419767955e-08;4.0150612790057494e-07
Data(x=[75, 1], edge_index=[2, 102], edge_attr=[102, 3], y=12.0, custom_label=0.31578946, min_label=0, max_label=38, instance_name='p21.txt');0.31578946113586426;0.23499329388141632;9.214714964400628e-07;4.0150612790057494e-07
Data(x=[75, 1], edge_index=[2, 102], edge_attr=[102, 3], y=11.0, custom_label=0.28947368, min_label=0, max_label=38, instance_name='p21.txt');0.28947368264198303;0.23499329388141632;2.6648919515537273e-07;4.0150612790057494e-07
Data(x=[75, 1], edge_index=[2, 102], edge_attr=[102, 3], y=10.0, custom_label=0.2631579, min_label=0, max_label=38, instance_name='p21.txt');0.2631579041481018;0.23499329388141632;9.214706437887799e-07;4.0150612790057494e-07
Data(x=[75, 1], edge_index=[2, 102], edge_attr=[102, 3], y=9.0, custom_label=0.23684211, min_label=0, max_label=38, instance_name='p21.txt');0.2368421107530594;0.23499329388141632;9.214706437887799e-07;4.0150612790057494e-07
Data(x=[75, 1], edge_index=[2, 102], edge_attr=[102, 3], y=8.0, custom_label=0.21052632, min_label=0, max_label=38, instance_name='p21.txt');0.21052631735801697;0.23499329388141632;1.7332781681034248e-06;4.0150612790057494e-07
Data(x=[75, 1], edge_index=[2, 102], edge_attr=[102, 3], y=7.0, custom_label=0.18421052, min_label=0, max_label=38, instance_name='p21.txt');0.18421052396297455;0.23499329388141632;9.214714964400628e-07;4.0150612790057494e-07
Data(x=[76, 1], edge_index=[2, 104], edge_attr=[104, 3], y=6.0, custom_label=0.15789473, min_label=0, max_label=38, instance_name='p21.txt');0.15789473056793213;0.23499329388141632;1.4496246425466097e-09;4.0150612790057494e-07
Data(x=[75, 1], edge_index=[2, 102], edge_attr=[102, 3], y=5.0, custom_label=0.13157895, min_label=0, max_label=38, instance_name='p21.txt');0.1315789520740509;0.23499329388141632;2.063892523551658e-08;4.0150612790057494e-07
Data(x=[75, 1], edge_index=[2, 102], edge_attr=[102, 3], y=4.0, custom_label=0.10526316, min_label=0, max_label=38, instance_name='p21.txt');0.10526315867900848;0.23499329388141632;5.982717432573281e-09;4.0150612790057494e-07
Data(x=[74, 1], edge_index=[2, 100], edge_attr=[100, 3], y=3.0, custom_label=0.078947365, min_label=0, max_label=38, instance_name='p21.txt');0.07894736528396606;0.23499329388141632;1.4036652373761171e-06;4.0150612790057494e-07
Data(x=[74, 1], edge_index=[2, 100], edge_attr=[100, 3], y=2.0, custom_label=0.05263158, min_label=0, max_label=38, instance_name='p21.txt');0.05263157933950424;0.23499329388141632;1.6406456193607255e-09;4.0150612790057494e-07
Data(x=[74, 1], edge_index=[2, 100], edge_attr=[100, 3], y=1.0, custom_label=0.02631579, min_label=0, max_label=38, instance_name='p21.txt');0.02631578966975212;0.23499329388141632;1.6406456193607255e-09;4.0150612790057494e-07
Data(x=[75, 1], edge_index=[2, 102], edge_attr=[102, 3], y=0.0, custom_label=0.0, min_label=0, max_label=38, instance_name='p21.txt');0.0;0.23499329388141632;2.5631721137925334e-12;4.0150612790057494e-07
Data(x=[54, 1], edge_index=[2, 64], edge_attr=[64, 3], y=0.0, custom_label=0.0, min_label=0, max_label=5, instance_name='p22.txt');0.0;0.23499329388141632;0.000196730179595761;4.0150612790057494e-07
Data(x=[55, 1], edge_index=[2, 64], edge_attr=[64, 3], y=0.0, custom_label=0.0, min_label=0, max_label=5, instance_name='p22.txt');0.0;0.23499329388141632;0.0002813945466186851;4.0150612790057494e-07
Data(x=[54, 1], edge_index=[2, 66], edge_attr=[66, 3], y=0.0, custom_label=0.0, min_label=0, max_label=5, instance_name='p22.txt');0.0;0.23499329388141632;0.0001196050870930776;0.0
Data(x=[67, 1], edge_index=[2, 80], edge_attr=[80, 3], y=0.0, custom_label=0.0, min_label=0, max_label=5, instance_name='p22.txt');0.0;0.23499329388141632;0.00010689428745536134;0.0
Data(x=[53, 1], edge_index=[2, 66], edge_attr=[66, 3], y=0.0, custom_label=0.0, min_label=0, max_label=5, instance_name='p22.txt');0.0;0.23499329388141632;3.1874710657575633e-06;0.0
Data(x=[56, 1], edge_index=[2, 68], edge_attr=[68, 3], y=0.0, custom_label=0.0, min_label=0, max_label=5, instance_name='p22.txt');0.0;0.23499329388141632;0.00015142046322580427;4.0150612790057494e-07
Data(x=[53, 1], edge_index=[2, 64], edge_attr=[64, 3], y=0.0, custom_label=0.0, min_label=0, max_label=5, instance_name='p22.txt');0.0;0.23499329388141632;0.00013598408258985728;4.0150612790057494e-07
Data(x=[54, 1], edge_index=[2, 66], edge_attr=[66, 3], y=0.0, custom_label=0.0, min_label=0, max_label=5, instance_name='p22.txt');0.0;0.23499329388141632;2.1995003407937475e-05;0.0
Data(x=[56, 1], edge_index=[2, 68], edge_attr=[68, 3], y=0.0, custom_label=0.0, min_label=0, max_label=5, instance_name='p22.txt');0.0;0.23499329388141632;3.595053203753196e-05;0.0
Data(x=[61, 1], edge_index=[2, 74], edge_attr=[74, 3], y=0.0, custom_label=0.0, min_label=0, max_label=5, instance_name='p22.txt');0.0;0.23499329388141632;5.4886859288671985e-05;4.0150612790057494e-07
Data(x=[49, 1], edge_index=[2, 60], edge_attr=[60, 3], y=0.0, custom_label=0.0, min_label=0, max_label=5, instance_name='p22.txt');0.0;0.23499329388141632;1.2353149941191077e-05;4.0150612790057494e-07
Data(x=[61, 1], edge_index=[2, 72], edge_attr=[72, 3], y=0.0, custom_label=0.0, min_label=0, max_label=5, instance_name='p22.txt');0.0;0.23499329388141632;0.00031981096253730357;4.0150612790057494e-07
Data(x=[57, 1], edge_index=[2, 68], edge_attr=[68, 3], y=0.0, custom_label=0.0, min_label=0, max_label=5, instance_name='p22.txt');0.0;0.23499329388141632;5.232092735241167e-05;0.0
Data(x=[46, 1], edge_index=[2, 58], edge_attr=[58, 3], y=0.0, custom_label=0.0, min_label=0, max_label=5, instance_name='p22.txt');0.0;0.23499329388141632;8.935322739489493e-07;4.0150612790057494e-07
Data(x=[56, 1], edge_index=[2, 68], edge_attr=[68, 3], y=0.0, custom_label=0.0, min_label=0, max_label=5, instance_name='p22.txt');0.0;0.23499329388141632;3.595056477934122e-05;4.0150612790057494e-07
Data(x=[49, 1], edge_index=[2, 60], edge_attr=[60, 3], y=0.0, custom_label=0.0, min_label=0, max_label=5, instance_name='p22.txt');0.0;0.23499329388141632;1.5398700270452537e-05;0.0
Data(x=[71, 1], edge_index=[2, 82], edge_attr=[82, 3], y=0.0, custom_label=0.0, min_label=0, max_label=5, instance_name='p22.txt');0.0;0.23499329388141632;0.00023273719125427306;4.0150612790057494e-07
Data(x=[50, 1], edge_index=[2, 62], edge_attr=[62, 3], y=0.0, custom_label=0.0, min_label=0, max_label=5, instance_name='p22.txt');0.0;0.23499329388141632;2.2536153210239718e-06;4.0150612790057494e-07
Data(x=[50, 1], edge_index=[2, 60], edge_attr=[60, 3], y=0.0, custom_label=0.0, min_label=0, max_label=5, instance_name='p22.txt');0.0;0.23499329388141632;0.0001205553489853628;4.0150612790057494e-07
Data(x=[47, 1], edge_index=[2, 58], edge_attr=[58, 3], y=0.0, custom_label=0.0, min_label=0, max_label=5, instance_name='p22.txt');0.0;0.23499329388141632;5.965508898952976e-05;0.0
Data(x=[58, 1], edge_index=[2, 68], edge_attr=[68, 3], y=0.0, custom_label=0.0, min_label=0, max_label=5, instance_name='p22.txt');0.0;0.23499329388141632;0.00030098314164206386;0.0
Data(x=[60, 1], edge_index=[2, 72], edge_attr=[72, 3], y=0.0, custom_label=0.0, min_label=0, max_label=5, instance_name='p22.txt');0.0;0.23499329388141632;6.0739264881704e-05;0.0
Data(x=[56, 1], edge_index=[2, 68], edge_attr=[68, 3], y=0.0, custom_label=0.0, min_label=0, max_label=5, instance_name='p22.txt');0.0;0.23499329388141632;0.00015142046322580427;4.0150612790057494e-07
Data(x=[53, 1], edge_index=[2, 66], edge_attr=[66, 3], y=0.0, custom_label=0.0, min_label=0, max_label=5, instance_name='p22.txt');0.0;0.23499329388141632;1.7844611647888087e-05;4.0150612790057494e-07
Data(x=[59, 1], edge_index=[2, 72], edge_attr=[72, 3], y=0.0, custom_label=0.0, min_label=0, max_label=5, instance_name='p22.txt');0.0;0.23499329388141632;0.00016681462875567377;0.0
Data(x=[55, 1], edge_index=[2, 68], edge_attr=[68, 3], y=0.0, custom_label=0.0, min_label=0, max_label=5, instance_name='p22.txt');0.0;0.23499329388141632;2.4367260266444646e-05;0.0
Data(x=[58, 1], edge_index=[2, 70], edge_attr=[70, 3], y=2.0, custom_label=0.4, min_label=0, max_label=5, instance_name='p22.txt');0.4000000059604645;0.23499329388141632;0.06078900024294853;4.0150612790057494e-07
Data(x=[58, 1], edge_index=[2, 70], edge_attr=[70, 3], y=1.0, custom_label=0.2, min_label=0, max_label=5, instance_name='p22.txt');0.20000000298023224;0.23499329388141632;0.06660729646682739;4.0150612790057494e-07
Data(x=[59, 1], edge_index=[2, 72], edge_attr=[72, 3], y=0.0, custom_label=0.0, min_label=0, max_label=5, instance_name='p22.txt');0.0;0.23499329388141632;4.2646694055292755e-05;4.0150612790057494e-07
Data(x=[47, 1], edge_index=[2, 58], edge_attr=[58, 3], y=0.0, custom_label=0.0, min_label=0, max_label=5, instance_name='p22.txt');0.0;0.23499329388141632;8.445965249848086e-06;0.0
Data(x=[66, 1], edge_index=[2, 78], edge_attr=[78, 3], y=0.0, custom_label=0.0, min_label=0, max_label=5, instance_name='p22.txt');0.0;0.23499329388141632;0.00011843180254800245;4.0150612790057494e-07
Data(x=[59, 1], edge_index=[2, 70], edge_attr=[70, 3], y=0.0, custom_label=0.0, min_label=0, max_label=5, instance_name='p22.txt');0.0;0.23499329388141632;3.4163196687586606e-05;4.0150612790057494e-07
Data(x=[60, 1], edge_index=[2, 70], edge_attr=[70, 3], y=0.0, custom_label=0.0, min_label=0, max_label=5, instance_name='p22.txt');0.0;0.23499329388141632;0.00036444899160414934;4.0150612790057494e-07
Data(x=[55, 1], edge_index=[2, 66], edge_attr=[66, 3], y=0.0, custom_label=0.0, min_label=0, max_label=5, instance_name='p22.txt');0.0;0.23499329388141632;3.9844340790295973e-05;0.0
Data(x=[54, 1], edge_index=[2, 66], edge_attr=[66, 3], y=0.0, custom_label=0.0, min_label=0, max_label=5, instance_name='p22.txt');0.0;0.23499329388141632;2.686382686079014e-05;0.0
Data(x=[52, 1], edge_index=[2, 64], edge_attr=[64, 3], y=0.0, custom_label=0.0, min_label=0, max_label=5, instance_name='p22.txt');0.0;0.23499329388141632;1.962886926776264e-05;0.0
Data(x=[42, 1], edge_index=[2, 52], edge_attr=[52, 3], y=0.0, custom_label=0.0, min_label=0, max_label=5, instance_name='p22.txt');0.0;0.23499329388141632;3.454338002484292e-05;0.0
Data(x=[70, 1], edge_index=[2, 82], edge_attr=[82, 3], y=0.0, custom_label=0.0, min_label=0, max_label=5, instance_name='p22.txt');0.0;0.23499329388141632;0.00015011525829322636;4.0150612790057494e-07
Data(x=[50, 1], edge_index=[2, 62], edge_attr=[62, 3], y=0.0, custom_label=0.0, min_label=0, max_label=5, instance_name='p22.txt');0.0;0.23499329388141632;1.3986867998028174e-05;4.0150612790057494e-07
Data(x=[49, 1], edge_index=[2, 60], edge_attr=[60, 3], y=0.0, custom_label=0.0, min_label=0, max_label=5, instance_name='p22.txt');0.0;0.23499329388141632;8.020852692425251e-05;0.0
Data(x=[62, 1], edge_index=[2, 72], edge_attr=[72, 3], y=0.0, custom_label=0.0, min_label=0, max_label=5, instance_name='p22.txt');0.0;0.23499329388141632;0.00043587872642092407;0.0
Data(x=[52, 1], edge_index=[2, 64], edge_attr=[64, 3], y=0.0, custom_label=0.0, min_label=0, max_label=5, instance_name='p22.txt');0.0;0.23499329388141632;1.9280537344457116e-06;0.0
Data(x=[62, 1], edge_index=[2, 72], edge_attr=[72, 3], y=0.0, custom_label=0.0, min_label=0, max_label=5, instance_name='p22.txt');0.0;0.23499329388141632;0.0004358785517979413;4.0150612790057494e-07
Data(x=[59, 1], edge_index=[2, 72], edge_attr=[72, 3], y=0.0, custom_label=0.0, min_label=0, max_label=5, instance_name='p22.txt');0.0;0.23499329388141632;4.2646694055292755e-05;4.0150612790057494e-07
Data(x=[53, 1], edge_index=[2, 64], edge_attr=[64, 3], y=0.0, custom_label=0.0, min_label=0, max_label=5, instance_name='p22.txt');0.0;0.23499329388141632;2.972539368784055e-05;4.0150612790057494e-07
Data(x=[55, 1], edge_index=[2, 66], edge_attr=[66, 3], y=0.0, custom_label=0.0, min_label=0, max_label=5, instance_name='p22.txt');0.0;0.23499329388141632;0.00017210601072292775;4.0150612790057494e-07
Data(x=[43, 1], edge_index=[2, 54], edge_attr=[54, 3], y=0.0, custom_label=0.0, min_label=0, max_label=5, instance_name='p22.txt');0.0;0.23499329388141632;3.564082135198987e-06;4.0150612790057494e-07
Data(x=[53, 1], edge_index=[2, 64], edge_attr=[64, 3], y=0.0, custom_label=0.0, min_label=0, max_label=5, instance_name='p22.txt');0.0;0.23499329388141632;0.000135983937070705;4.0150612790057494e-07
Data(x=[58, 1], edge_index=[2, 70], edge_attr=[70, 3], y=0.0, custom_label=0.0, min_label=0, max_label=5, instance_name='p22.txt');0.0;0.23499329388141632;4.715363320428878e-05;0.0
Data(x=[57, 1], edge_index=[2, 66], edge_attr=[66, 3], y=1.0, custom_label=0.2, min_label=0, max_label=5, instance_name='p22.txt');0.20000000298023224;0.23499329388141632;0.08283015340566635;4.0150612790057494e-07
Data(x=[57, 1], edge_index=[2, 66], edge_attr=[66, 3], y=0.0, custom_label=0.0, min_label=0, max_label=5, instance_name='p22.txt');0.0;0.23499329388141632;0.00034499375033192337;4.0150612790057494e-07
Data(x=[45, 1], edge_index=[2, 58], edge_attr=[58, 3], y=0.0, custom_label=0.0, min_label=0, max_label=5, instance_name='p22.txt');0.0;0.23499329388141632;3.934857431886485e-06;0.0
Data(x=[49, 1], edge_index=[2, 60], edge_attr=[60, 3], y=0.0, custom_label=0.0, min_label=0, max_label=5, instance_name='p22.txt');0.0;0.23499329388141632;1.5398700270452537e-05;4.0150612790057494e-07
Data(x=[55, 1], edge_index=[2, 68], edge_attr=[68, 3], y=0.0, custom_label=0.0, min_label=0, max_label=5, instance_name='p22.txt');0.0;0.23499329388141632;2.0023566321469843e-05;0.0
Data(x=[57, 1], edge_index=[2, 68], edge_attr=[68, 3], y=0.0, custom_label=0.0, min_label=0, max_label=5, instance_name='p22.txt');0.0;0.23499329388141632;0.00021468130580615252;4.0150612790057494e-07
Data(x=[50, 1], edge_index=[2, 64], edge_attr=[64, 3], y=0.0, custom_label=0.0, min_label=0, max_label=5, instance_name='p22.txt');0.0;0.23499329388141632;7.282318961188139e-07;0.0
Data(x=[64, 1], edge_index=[2, 74], edge_attr=[74, 3], y=0.0, custom_label=0.0, min_label=0, max_label=5, instance_name='p22.txt');0.0;0.23499329388141632;0.0005155015387572348;4.0150612790057494e-07
Data(x=[52, 1], edge_index=[2, 64], edge_attr=[64, 3], y=0.0, custom_label=0.0, min_label=0, max_label=5, instance_name='p22.txt');0.0;0.23499329388141632;1.9628887457656674e-05;0.0
Data(x=[51, 1], edge_index=[2, 64], edge_attr=[64, 3], y=0.0, custom_label=0.0, min_label=0, max_label=5, instance_name='p22.txt');0.0;0.23499329388141632;1.2761597645294387e-05;0.0
Data(x=[55, 1], edge_index=[2, 68], edge_attr=[68, 3], y=0.0, custom_label=0.0, min_label=0, max_label=5, instance_name='p22.txt');0.0;0.23499329388141632;4.633841399481753e-06;0.0
Data(x=[59, 1], edge_index=[2, 72], edge_attr=[72, 3], y=0.0, custom_label=0.0, min_label=0, max_label=5, instance_name='p22.txt');0.0;0.23499329388141632;0.00016681462875567377;0.0
Data(x=[51, 1], edge_index=[2, 64], edge_attr=[64, 3], y=2.0, custom_label=0.4, min_label=0, max_label=5, instance_name='p22.txt');0.4000000059604645;0.23499329388141632;0.003360483795404434;4.0150612790057494e-07
Data(x=[50, 1], edge_index=[2, 62], edge_attr=[62, 3], y=1.0, custom_label=0.2, min_label=0, max_label=5, instance_name='p22.txt');0.20000000298023224;0.23499329388141632;0.01751367561519146;4.0150612790057494e-07
Data(x=[51, 1], edge_index=[2, 64], edge_attr=[64, 3], y=0.0, custom_label=0.0, min_label=0, max_label=5, instance_name='p22.txt');0.0;0.23499329388141632;1.1963007864324027e-06;4.0150612790057494e-07
Data(x=[54, 1], edge_index=[2, 66], edge_attr=[66, 3], y=0.0, custom_label=0.0, min_label=0, max_label=5, instance_name='p22.txt');0.0;0.23499329388141632;0.0001196050870930776;0.0
Data(x=[55, 1], edge_index=[2, 68], edge_attr=[68, 3], y=0.0, custom_label=0.0, min_label=0, max_label=5, instance_name='p22.txt');0.0;0.23499329388141632;2.4367280275328085e-05;4.0150612790057494e-07
Data(x=[50, 1], edge_index=[2, 62], edge_attr=[62, 3], y=0.0, custom_label=0.0, min_label=0, max_label=5, instance_name='p22.txt');0.0;0.23499329388141632;1.3986880730953999e-05;0.0
Data(x=[54, 1], edge_index=[2, 66], edge_attr=[66, 3], y=0.0, custom_label=0.0, min_label=0, max_label=5, instance_name='p22.txt');0.0;0.23499329388141632;0.00011960497067775577;0.0
Data(x=[58, 1], edge_index=[2, 70], edge_attr=[70, 3], y=0.0, custom_label=0.0, min_label=0, max_label=5, instance_name='p22.txt');0.0;0.23499329388141632;9.772460543899797e-06;0.0
Data(x=[62, 1], edge_index=[2, 74], edge_attr=[74, 3], y=0.0, custom_label=0.0, min_label=0, max_label=5, instance_name='p22.txt');0.0;0.23499329388141632;7.697135879425332e-05;0.0
Data(x=[58, 1], edge_index=[2, 68], edge_attr=[68, 3], y=0.0, custom_label=0.0, min_label=0, max_label=5, instance_name='p22.txt');0.0;0.23499329388141632;7.516637560911477e-05;4.0150612790057494e-07
Data(x=[54, 1], edge_index=[2, 64], edge_attr=[64, 3], y=0.0, custom_label=0.0, min_label=0, max_label=5, instance_name='p22.txt');0.0;0.23499329388141632;0.00019673035421874374;4.0150612790057494e-07
Data(x=[56, 1], edge_index=[2, 68], edge_attr=[68, 3], y=0.0, custom_label=0.0, min_label=0, max_label=5, instance_name='p22.txt');0.0;0.23499329388141632;3.595053203753196e-05;0.0
Data(x=[56, 1], edge_index=[2, 68], edge_attr=[68, 3], y=0.0, custom_label=0.0, min_label=0, max_label=5, instance_name='p22.txt');0.0;0.23499329388141632;3.595053203753196e-05;0.0
Data(x=[46, 1], edge_index=[2, 58], edge_attr=[58, 3], y=0.0, custom_label=0.0, min_label=0, max_label=5, instance_name='p22.txt');0.0;0.23499329388141632;6.532121915370226e-06;4.0150612790057494e-07
Data(x=[52, 1], edge_index=[2, 64], edge_attr=[64, 3], y=0.0, custom_label=0.0, min_label=0, max_label=5, instance_name='p22.txt');0.0;0.23499329388141632;9.277494973503053e-05;4.0150612790057494e-07
Data(x=[55, 1], edge_index=[2, 68], edge_attr=[68, 3], y=0.0, custom_label=0.0, min_label=0, max_label=5, instance_name='p22.txt');0.0;0.23499329388141632;1.1746506061172113e-05;0.0
Data(x=[50, 1], edge_index=[2, 62], edge_attr=[62, 3], y=0.0, custom_label=0.0, min_label=0, max_label=5, instance_name='p22.txt');0.0;0.23499329388141632;1.3986880730953999e-05;4.0150612790057494e-07
Data(x=[57, 1], edge_index=[2, 70], edge_attr=[70, 3], y=0.0, custom_label=0.0, min_label=0, max_label=5, instance_name='p22.txt');0.0;0.23499329388141632;3.919688879250316e-06;4.0150612790057494e-07
Data(x=[56, 1], edge_index=[2, 68], edge_attr=[68, 3], y=0.0, custom_label=0.0, min_label=0, max_label=5, instance_name='p22.txt');0.0;0.23499329388141632;7.043505320325494e-06;4.0150612790057494e-07
Data(x=[65, 1], edge_index=[2, 76], edge_attr=[76, 3], y=0.0, custom_label=0.0, min_label=0, max_label=5, instance_name='p22.txt');0.0;0.23499329388141632;0.0004535967018455267;0.0
Data(x=[56, 1], edge_index=[2, 64], edge_attr=[64, 3], y=5.0, custom_label=1.0, min_label=0, max_label=5, instance_name='p22.txt');1.0;0.23499329388141632;0.1058855652809143;4.0150612790057494e-07
Data(x=[56, 1], edge_index=[2, 64], edge_attr=[64, 3], y=4.0, custom_label=0.8, min_label=0, max_label=5, instance_name='p22.txt');0.800000011920929;0.23499329388141632;0.1058855652809143;4.0150612790057494e-07
Data(x=[56, 1], edge_index=[2, 64], edge_attr=[64, 3], y=3.0, custom_label=0.6, min_label=0, max_label=5, instance_name='p22.txt');0.6000000238418579;0.23499329388141632;0.1058855652809143;4.0150612790057494e-07
Data(x=[56, 1], edge_index=[2, 64], edge_attr=[64, 3], y=2.0, custom_label=0.4, min_label=0, max_label=5, instance_name='p22.txt');0.4000000059604645;0.23499329388141632;0.1058855652809143;4.0150612790057494e-07
Data(x=[56, 1], edge_index=[2, 64], edge_attr=[64, 3], y=1.0, custom_label=0.2, min_label=0, max_label=5, instance_name='p22.txt');0.20000000298023224;0.23499329388141632;0.1058855652809143;4.0150612790057494e-07
Data(x=[57, 1], edge_index=[2, 66], edge_attr=[66, 3], y=0.0, custom_label=0.0, min_label=0, max_label=5, instance_name='p22.txt');0.0;0.23499329388141632;0.00034499375033192337;4.0150612790057494e-07
Data(x=[53, 1], edge_index=[2, 66], edge_attr=[66, 3], y=0.0, custom_label=0.0, min_label=0, max_label=5, instance_name='p22.txt');0.0;0.23499329388141632;1.7844595276983455e-05;0.0
Data(x=[59, 1], edge_index=[2, 72], edge_attr=[72, 3], y=0.0, custom_label=0.0, min_label=0, max_label=5, instance_name='p22.txt');0.0;0.23499329388141632;4.2646694055292755e-05;0.0
Data(x=[65, 1], edge_index=[2, 76], edge_attr=[76, 3], y=0.0, custom_label=0.0, min_label=0, max_label=5, instance_name='p22.txt');0.0;0.23499329388141632;0.0004535967018455267;4.0150612790057494e-07
Data(x=[52, 1], edge_index=[2, 64], edge_attr=[64, 3], y=0.0, custom_label=0.0, min_label=0, max_label=5, instance_name='p22.txt');0.0;0.23499329388141632;1.9628887457656674e-05;0.0
Data(x=[50, 1], edge_index=[2, 60], edge_attr=[60, 3], y=0.0, custom_label=0.0, min_label=0, max_label=5, instance_name='p22.txt');0.0;0.23499329388141632;0.0001205553489853628;0.0
Data(x=[56, 1], edge_index=[2, 68], edge_attr=[68, 3], y=0.0, custom_label=0.0, min_label=0, max_label=5, instance_name='p22.txt');0.0;0.23499329388141632;7.04349804436788e-06;0.0
Data(x=[57, 1], edge_index=[2, 70], edge_attr=[70, 3], y=0.0, custom_label=0.0, min_label=0, max_label=5, instance_name='p22.txt');0.0;0.23499329388141632;3.255452975281514e-05;4.0150612790057494e-07
Data(x=[50, 1], edge_index=[2, 62], edge_attr=[62, 3], y=0.0, custom_label=0.0, min_label=0, max_label=5, instance_name='p22.txt');0.0;0.23499329388141632;7.062491931719705e-05;0.0
Data(x=[57, 1], edge_index=[2, 68], edge_attr=[68, 3], y=0.0, custom_label=0.0, min_label=0, max_label=5, instance_name='p22.txt');0.0;0.23499329388141632;0.00021468130580615252;0.0
Data(x=[62, 1], edge_index=[2, 74], edge_attr=[74, 3], y=0.0, custom_label=0.0, min_label=0, max_label=5, instance_name='p22.txt');0.0;0.23499329388141632;1.4891938917571679e-05;0.0
Data(x=[48, 1], edge_index=[2, 60], edge_attr=[60, 3], y=0.0, custom_label=0.0, min_label=0, max_label=5, instance_name='p22.txt');0.0;0.23499329388141632;9.709375262900721e-06;0.0
Data(x=[53, 1], edge_index=[2, 64], edge_attr=[64, 3], y=0.0, custom_label=0.0, min_label=0, max_label=5, instance_name='p22.txt');0.0;0.23499329388141632;0.00013598408258985728;4.0150612790057494e-07
Data(x=[61, 1], edge_index=[2, 72], edge_attr=[72, 3], y=3.0, custom_label=0.6, min_label=0, max_label=5, instance_name='p22.txt');0.6000000238418579;0.23499329388141632;0.04468909651041031;0.0
Data(x=[60, 1], edge_index=[2, 70], edge_attr=[70, 3], y=2.0, custom_label=0.4, min_label=0, max_label=5, instance_name='p22.txt');0.4000000059604645;0.23499329388141632;0.07897844910621643;0.0
Data(x=[60, 1], edge_index=[2, 70], edge_attr=[70, 3], y=1.0, custom_label=0.2, min_label=0, max_label=5, instance_name='p22.txt');0.20000000298023224;0.23499329388141632;0.07897844910621643;0.0
Data(x=[61, 1], edge_index=[2, 72], edge_attr=[72, 3], y=0.0, custom_label=0.0, min_label=0, max_label=5, instance_name='p22.txt');0.0;0.23499329388141632;8.550967322662473e-05;0.0
Data(x=[54, 1], edge_index=[2, 60], edge_attr=[60, 3], y=77.0, custom_label=1.0, min_label=0, max_label=77, instance_name='p23.txt');1.0;0.23499329388141632;0.8288834691047668;4.0150612790057494e-07
Data(x=[54, 1], edge_index=[2, 60], edge_attr=[60, 3], y=76.0, custom_label=0.987013, min_label=0, max_label=77, instance_name='p23.txt');0.9870129823684692;0.23499329388141632;0.8288834691047668;4.0150612790057494e-07
Data(x=[54, 1], edge_index=[2, 60], edge_attr=[60, 3], y=75.0, custom_label=0.97402596, min_label=0, max_label=77, instance_name='p23.txt');0.9740259647369385;0.23499329388141632;0.8288834691047668;4.0150612790057494e-07
Data(x=[54, 1], edge_index=[2, 60], edge_attr=[60, 3], y=74.0, custom_label=0.96103895, min_label=0, max_label=77, instance_name='p23.txt');0.9610389471054077;0.23499329388141632;0.8288834691047668;4.0150612790057494e-07
Data(x=[54, 1], edge_index=[2, 60], edge_attr=[60, 3], y=73.0, custom_label=0.9480519, min_label=0, max_label=77, instance_name='p23.txt');0.948051929473877;0.23499329388141632;0.8288834691047668;4.0150612790057494e-07
Data(x=[54, 1], edge_index=[2, 60], edge_attr=[60, 3], y=72.0, custom_label=0.9350649, min_label=0, max_label=77, instance_name='p23.txt');0.9350649118423462;0.23499329388141632;0.8288834691047668;4.0150612790057494e-07
Data(x=[54, 1], edge_index=[2, 60], edge_attr=[60, 3], y=71.0, custom_label=0.9220779, min_label=0, max_label=77, instance_name='p23.txt');0.9220778942108154;0.23499329388141632;0.8288834691047668;4.0150612790057494e-07
Data(x=[54, 1], edge_index=[2, 60], edge_attr=[60, 3], y=70.0, custom_label=0.90909094, min_label=0, max_label=77, instance_name='p23.txt');0.9090909361839294;0.23499329388141632;0.8288834691047668;4.0150612790057494e-07
Data(x=[54, 1], edge_index=[2, 60], edge_attr=[60, 3], y=69.0, custom_label=0.8961039, min_label=0, max_label=77, instance_name='p23.txt');0.8961039185523987;0.23499329388141632;0.8288834691047668;4.0150612790057494e-07
Data(x=[54, 1], edge_index=[2, 60], edge_attr=[60, 3], y=68.0, custom_label=0.8831169, min_label=0, max_label=77, instance_name='p23.txt');0.8831169009208679;0.23499329388141632;0.8288834691047668;4.0150612790057494e-07
Data(x=[54, 1], edge_index=[2, 60], edge_attr=[60, 3], y=67.0, custom_label=0.8701299, min_label=0, max_label=77, instance_name='p23.txt');0.8701298832893372;0.23499329388141632;0.8288834691047668;4.0150612790057494e-07
Data(x=[55, 1], edge_index=[2, 62], edge_attr=[62, 3], y=66.0, custom_label=0.85714287, min_label=0, max_label=77, instance_name='p23.txt');0.8571428656578064;0.23499329388141632;0.5925708413124084;4.0150612790057494e-07
Data(x=[55, 1], edge_index=[2, 62], edge_attr=[62, 3], y=65.0, custom_label=0.84415585, min_label=0, max_label=77, instance_name='p23.txt');0.8441558480262756;0.23499329388141632;0.5925708413124084;4.0150612790057494e-07
Data(x=[55, 1], edge_index=[2, 62], edge_attr=[62, 3], y=64.0, custom_label=0.83116883, min_label=0, max_label=77, instance_name='p23.txt');0.8311688303947449;0.23499329388141632;0.5925708413124084;4.0150612790057494e-07
Data(x=[55, 1], edge_index=[2, 62], edge_attr=[62, 3], y=63.0, custom_label=0.8181818, min_label=0, max_label=77, instance_name='p23.txt');0.8181818127632141;0.23499329388141632;0.5925708413124084;4.0150612790057494e-07
Data(x=[55, 1], edge_index=[2, 62], edge_attr=[62, 3], y=62.0, custom_label=0.8051948, min_label=0, max_label=77, instance_name='p23.txt');0.8051947951316833;0.23499329388141632;0.5925708413124084;4.0150612790057494e-07
Data(x=[55, 1], edge_index=[2, 62], edge_attr=[62, 3], y=61.0, custom_label=0.7922078, min_label=0, max_label=77, instance_name='p23.txt');0.7922077775001526;0.23499329388141632;0.5925708413124084;4.0150612790057494e-07
Data(x=[55, 1], edge_index=[2, 62], edge_attr=[62, 3], y=60.0, custom_label=0.77922076, min_label=0, max_label=77, instance_name='p23.txt');0.7792207598686218;0.23499329388141632;0.5925708413124084;4.0150612790057494e-07
Data(x=[55, 1], edge_index=[2, 62], edge_attr=[62, 3], y=59.0, custom_label=0.76623374, min_label=0, max_label=77, instance_name='p23.txt');0.7662337422370911;0.23499329388141632;0.5925708413124084;4.0150612790057494e-07
Data(x=[55, 1], edge_index=[2, 62], edge_attr=[62, 3], y=58.0, custom_label=0.7532467, min_label=0, max_label=77, instance_name='p23.txt');0.7532467246055603;0.23499329388141632;0.5925708413124084;4.0150612790057494e-07
Data(x=[55, 1], edge_index=[2, 62], edge_attr=[62, 3], y=57.0, custom_label=0.74025977, min_label=0, max_label=77, instance_name='p23.txt');0.7402597665786743;0.23499329388141632;0.5925708413124084;4.0150612790057494e-07
Data(x=[55, 1], edge_index=[2, 62], edge_attr=[62, 3], y=56.0, custom_label=0.72727275, min_label=0, max_label=77, instance_name='p23.txt');0.7272727489471436;0.23499329388141632;0.5925708413124084;4.0150612790057494e-07
Data(x=[55, 1], edge_index=[2, 62], edge_attr=[62, 3], y=55.0, custom_label=0.71428573, min_label=0, max_label=77, instance_name='p23.txt');0.7142857313156128;0.23499329388141632;0.5925708413124084;4.0150612790057494e-07
Data(x=[55, 1], edge_index=[2, 62], edge_attr=[62, 3], y=54.0, custom_label=0.7012987, min_label=0, max_label=77, instance_name='p23.txt');0.701298713684082;0.23499329388141632;0.5925708413124084;4.0150612790057494e-07
Data(x=[56, 1], edge_index=[2, 64], edge_attr=[64, 3], y=53.0, custom_label=0.6883117, min_label=0, max_label=77, instance_name='p23.txt');0.6883116960525513;0.23499329388141632;0.37799081206321716;4.0150612790057494e-07
Data(x=[56, 1], edge_index=[2, 64], edge_attr=[64, 3], y=52.0, custom_label=0.6753247, min_label=0, max_label=77, instance_name='p23.txt');0.6753246784210205;0.23499329388141632;0.37799081206321716;4.0150612790057494e-07
Data(x=[56, 1], edge_index=[2, 64], edge_attr=[64, 3], y=51.0, custom_label=0.66233766, min_label=0, max_label=77, instance_name='p23.txt');0.6623376607894897;0.23499329388141632;0.37799081206321716;4.0150612790057494e-07
Data(x=[56, 1], edge_index=[2, 64], edge_attr=[64, 3], y=50.0, custom_label=0.64935064, min_label=0, max_label=77, instance_name='p23.txt');0.649350643157959;0.23499329388141632;0.37799081206321716;4.0150612790057494e-07
Data(x=[56, 1], edge_index=[2, 64], edge_attr=[64, 3], y=49.0, custom_label=0.6363636, min_label=0, max_label=77, instance_name='p23.txt');0.6363636255264282;0.23499329388141632;0.37799081206321716;4.0150612790057494e-07
Data(x=[56, 1], edge_index=[2, 64], edge_attr=[64, 3], y=48.0, custom_label=0.6233766, min_label=0, max_label=77, instance_name='p23.txt');0.6233766078948975;0.23499329388141632;0.37799081206321716;4.0150612790057494e-07
Data(x=[56, 1], edge_index=[2, 64], edge_attr=[64, 3], y=47.0, custom_label=0.6103896, min_label=0, max_label=77, instance_name='p23.txt');0.6103895902633667;0.23499329388141632;0.37799081206321716;4.0150612790057494e-07
Data(x=[56, 1], edge_index=[2, 64], edge_attr=[64, 3], y=46.0, custom_label=0.5974026, min_label=0, max_label=77, instance_name='p23.txt');0.5974025726318359;0.23499329388141632;0.37799081206321716;4.0150612790057494e-07
Data(x=[56, 1], edge_index=[2, 64], edge_attr=[64, 3], y=45.0, custom_label=0.58441556, min_label=0, max_label=77, instance_name='p23.txt');0.5844155550003052;0.23499329388141632;0.37799081206321716;4.0150612790057494e-07
Data(x=[57, 1], edge_index=[2, 66], edge_attr=[66, 3], y=44.0, custom_label=0.5714286, min_label=0, max_label=77, instance_name='p23.txt');0.5714285969734192;0.23499329388141632;0.1910448670387268;4.0150612790057494e-07
Data(x=[57, 1], edge_index=[2, 66], edge_attr=[66, 3], y=43.0, custom_label=0.5584416, min_label=0, max_label=77, instance_name='p23.txt');0.5584415793418884;0.23499329388141632;0.1910448968410492;4.0150612790057494e-07
Data(x=[57, 1], edge_index=[2, 66], edge_attr=[66, 3], y=42.0, custom_label=0.54545456, min_label=0, max_label=77, instance_name='p23.txt');0.5454545617103577;0.23499329388141632;0.1910448968410492;4.0150612790057494e-07
Data(x=[57, 1], edge_index=[2, 66], edge_attr=[66, 3], y=41.0, custom_label=0.53246754, min_label=0, max_label=77, instance_name='p23.txt');0.5324675440788269;0.23499329388141632;0.1910448670387268;4.0150612790057494e-07
Data(x=[57, 1], edge_index=[2, 66], edge_attr=[66, 3], y=40.0, custom_label=0.5194805, min_label=0, max_label=77, instance_name='p23.txt');0.5194805264472961;0.23499329388141632;0.1910448968410492;4.0150612790057494e-07
Data(x=[57, 1], edge_index=[2, 66], edge_attr=[66, 3], y=39.0, custom_label=0.5064935, min_label=0, max_label=77, instance_name='p23.txt');0.5064935088157654;0.23499329388141632;0.1910448968410492;4.0150612790057494e-07
Data(x=[57, 1], edge_index=[2, 66], edge_attr=[66, 3], y=38.0, custom_label=0.4935065, min_label=0, max_label=77, instance_name='p23.txt');0.4935064911842346;0.23499329388141632;0.1910448968410492;4.0150612790057494e-07
Data(x=[57, 1], edge_index=[2, 66], edge_attr=[66, 3], y=37.0, custom_label=0.48051947, min_label=0, max_label=77, instance_name='p23.txt');0.48051947355270386;0.23499329388141632;0.1910448968410492;4.0150612790057494e-07
Data(x=[57, 1], edge_index=[2, 66], edge_attr=[66, 3], y=36.0, custom_label=0.46753246, min_label=0, max_label=77, instance_name='p23.txt');0.4675324559211731;0.23499329388141632;0.1910448968410492;4.0150612790057494e-07
Data(x=[57, 1], edge_index=[2, 66], edge_attr=[66, 3], y=35.0, custom_label=0.45454547, min_label=0, max_label=77, instance_name='p23.txt');0.4545454680919647;0.23499329388141632;0.1910448968410492;4.0150612790057494e-07
Data(x=[57, 1], edge_index=[2, 66], edge_attr=[66, 3], y=34.0, custom_label=0.44155845, min_label=0, max_label=77, instance_name='p23.txt');0.44155845046043396;0.23499329388141632;0.1910448968410492;4.0150612790057494e-07
Data(x=[57, 1], edge_index=[2, 66], edge_attr=[66, 3], y=33.0, custom_label=0.42857143, min_label=0, max_label=77, instance_name='p23.txt');0.4285714328289032;0.23499329388141632;0.1910448968410492;4.0150612790057494e-07
Data(x=[57, 1], edge_index=[2, 66], edge_attr=[66, 3], y=32.0, custom_label=0.41558442, min_label=0, max_label=77, instance_name='p23.txt');0.41558441519737244;0.23499329388141632;0.1910448968410492;4.0150612790057494e-07
Data(x=[57, 1], edge_index=[2, 66], edge_attr=[66, 3], y=31.0, custom_label=0.4025974, min_label=0, max_label=77, instance_name='p23.txt');0.4025973975658417;0.23499329388141632;0.1910448968410492;4.0150612790057494e-07
Data(x=[57, 1], edge_index=[2, 66], edge_attr=[66, 3], y=30.0, custom_label=0.38961038, min_label=0, max_label=77, instance_name='p23.txt');0.3896103799343109;0.23499329388141632;0.1910448968410492;4.0150612790057494e-07
Data(x=[57, 1], edge_index=[2, 66], edge_attr=[66, 3], y=29.0, custom_label=0.37662336, min_label=0, max_label=77, instance_name='p23.txt');0.37662336230278015;0.23499329388141632;0.1910448968410492;4.0150612790057494e-07
Data(x=[57, 1], edge_index=[2, 66], edge_attr=[66, 3], y=28.0, custom_label=0.36363637, min_label=0, max_label=77, instance_name='p23.txt');0.3636363744735718;0.23499329388141632;0.1910448968410492;4.0150612790057494e-07
Data(x=[57, 1], edge_index=[2, 66], edge_attr=[66, 3], y=27.0, custom_label=0.35064936, min_label=0, max_label=77, instance_name='p23.txt');0.350649356842041;0.23499329388141632;0.1910448670387268;4.0150612790057494e-07
Data(x=[57, 1], edge_index=[2, 66], edge_attr=[66, 3], y=26.0, custom_label=0.33766234, min_label=0, max_label=77, instance_name='p23.txt');0.33766233921051025;0.23499329388141632;0.1910448670387268;4.0150612790057494e-07
Data(x=[58, 1], edge_index=[2, 68], edge_attr=[68, 3], y=25.0, custom_label=0.32467532, min_label=0, max_label=77, instance_name='p23.txt');0.3246753215789795;0.23499329388141632;0.04387269169092178;4.0150612790057494e-07
Data(x=[58, 1], edge_index=[2, 68], edge_attr=[68, 3], y=24.0, custom_label=0.3116883, min_label=0, max_label=77, instance_name='p23.txt');0.31168830394744873;0.23499329388141632;0.04387269169092178;4.0150612790057494e-07
Data(x=[58, 1], edge_index=[2, 68], edge_attr=[68, 3], y=23.0, custom_label=0.2987013, min_label=0, max_label=77, instance_name='p23.txt');0.29870128631591797;0.23499329388141632;0.04387269169092178;4.0150612790057494e-07
Data(x=[58, 1], edge_index=[2, 68], edge_attr=[68, 3], y=22.0, custom_label=0.2857143, min_label=0, max_label=77, instance_name='p23.txt');0.2857142984867096;0.23499329388141632;0.04387269169092178;4.0150612790057494e-07
Data(x=[58, 1], edge_index=[2, 68], edge_attr=[68, 3], y=21.0, custom_label=0.27272728, min_label=0, max_label=77, instance_name='p23.txt');0.27272728085517883;0.23499329388141632;0.04387269169092178;4.0150612790057494e-07
Data(x=[58, 1], edge_index=[2, 68], edge_attr=[68, 3], y=20.0, custom_label=0.25974026, min_label=0, max_label=77, instance_name='p23.txt');0.25974026322364807;0.23499329388141632;0.04387268051505089;4.0150612790057494e-07
Data(x=[58, 1], edge_index=[2, 68], edge_attr=[68, 3], y=19.0, custom_label=0.24675325, min_label=0, max_label=77, instance_name='p23.txt');0.2467532455921173;0.23499329388141632;0.04387268051505089;4.0150612790057494e-07
Data(x=[58, 1], edge_index=[2, 68], edge_attr=[68, 3], y=18.0, custom_label=0.23376623, min_label=0, max_label=77, instance_name='p23.txt');0.23376622796058655;0.23499329388141632;0.04387268051505089;4.0150612790057494e-07
Data(x=[58, 1], edge_index=[2, 68], edge_attr=[68, 3], y=17.0, custom_label=0.22077923, min_label=0, max_label=77, instance_name='p23.txt');0.22077922523021698;0.23499329388141632;0.04387269169092178;4.0150612790057494e-07
Data(x=[58, 1], edge_index=[2, 68], edge_attr=[68, 3], y=16.0, custom_label=0.20779221, min_label=0, max_label=77, instance_name='p23.txt');0.20779220759868622;0.23499329388141632;0.04387269169092178;4.0150612790057494e-07
Data(x=[58, 1], edge_index=[2, 68], edge_attr=[68, 3], y=15.0, custom_label=0.19480519, min_label=0, max_label=77, instance_name='p23.txt');0.19480518996715546;0.23499329388141632;0.04387269169092178;4.0150612790057494e-07
Data(x=[58, 1], edge_index=[2, 68], edge_attr=[68, 3], y=14.0, custom_label=0.18181819, min_label=0, max_label=77, instance_name='p23.txt');0.1818181872367859;0.23499329388141632;0.04387269169092178;4.0150612790057494e-07
Data(x=[58, 1], edge_index=[2, 68], edge_attr=[68, 3], y=13.0, custom_label=0.16883117, min_label=0, max_label=77, instance_name='p23.txt');0.16883116960525513;0.23499329388141632;0.04387269169092178;4.0150612790057494e-07
Data(x=[58, 1], edge_index=[2, 68], edge_attr=[68, 3], y=12.0, custom_label=0.15584415, min_label=0, max_label=77, instance_name='p23.txt');0.15584415197372437;0.23499329388141632;0.04387269169092178;4.0150612790057494e-07
Data(x=[58, 1], edge_index=[2, 68], edge_attr=[68, 3], y=11.0, custom_label=0.14285715, min_label=0, max_label=77, instance_name='p23.txt');0.1428571492433548;0.23499329388141632;0.04387269169092178;4.0150612790057494e-07
Data(x=[58, 1], edge_index=[2, 68], edge_attr=[68, 3], y=10.0, custom_label=0.12987013, min_label=0, max_label=77, instance_name='p23.txt');0.12987013161182404;0.23499329388141632;0.04387269169092178;4.0150612790057494e-07
Data(x=[58, 1], edge_index=[2, 68], edge_attr=[68, 3], y=9.0, custom_label=0.116883114, min_label=0, max_label=77, instance_name='p23.txt');0.11688311398029327;0.23499329388141632;0.04387269169092178;4.0150612790057494e-07
Data(x=[58, 1], edge_index=[2, 68], edge_attr=[68, 3], y=8.0, custom_label=0.103896104, min_label=0, max_label=77, instance_name='p23.txt');0.10389610379934311;0.23499329388141632;0.04387269169092178;4.0150612790057494e-07
Data(x=[58, 1], edge_index=[2, 68], edge_attr=[68, 3], y=7.0, custom_label=0.09090909, min_label=0, max_label=77, instance_name='p23.txt');0.09090909361839294;0.23499329388141632;0.04387269169092178;4.0150612790057494e-07
Data(x=[58, 1], edge_index=[2, 68], edge_attr=[68, 3], y=6.0, custom_label=0.077922076, min_label=0, max_label=77, instance_name='p23.txt');0.07792207598686218;0.23499329388141632;0.04387269169092178;4.0150612790057494e-07
Data(x=[58, 1], edge_index=[2, 68], edge_attr=[68, 3], y=5.0, custom_label=0.064935066, min_label=0, max_label=77, instance_name='p23.txt');0.06493506580591202;0.23499329388141632;0.04387269169092178;4.0150612790057494e-07
Data(x=[58, 1], edge_index=[2, 68], edge_attr=[68, 3], y=4.0, custom_label=0.051948052, min_label=0, max_label=77, instance_name='p23.txt');0.051948051899671555;0.23499329388141632;0.04387269169092178;4.0150612790057494e-07
Data(x=[58, 1], edge_index=[2, 68], edge_attr=[68, 3], y=3.0, custom_label=0.038961038, min_label=0, max_label=77, instance_name='p23.txt');0.03896103799343109;0.23499329388141632;0.04387269169092178;4.0150612790057494e-07
Data(x=[58, 1], edge_index=[2, 68], edge_attr=[68, 3], y=2.0, custom_label=0.025974026, min_label=0, max_label=77, instance_name='p23.txt');0.025974025949835777;0.23499329388141632;0.04387269169092178;4.0150612790057494e-07
Data(x=[58, 1], edge_index=[2, 68], edge_attr=[68, 3], y=1.0, custom_label=0.012987013, min_label=0, max_label=77, instance_name='p23.txt');0.012987012974917889;0.23499329388141632;0.04387269169092178;4.0150612790057494e-07
Data(x=[59, 1], edge_index=[2, 70], edge_attr=[70, 3], y=0.0, custom_label=0.0, min_label=0, max_label=77, instance_name='p23.txt');0.0;0.23499329388141632;2.6038029318442568e-05;4.0150612790057494e-07
Data(x=[46, 1], edge_index=[2, 60], edge_attr=[60, 3], y=3.0, custom_label=0.038961038, min_label=0, max_label=77, instance_name='p23.txt');0.03896103799343109;0.23499329388141632;0.006363486405462027;0.0
Data(x=[45, 1], edge_index=[2, 58], edge_attr=[58, 3], y=2.0, custom_label=0.025974026, min_label=0, max_label=77, instance_name='p23.txt');0.025974025949835777;0.23499329388141632;0.024585217237472534;0.0
Data(x=[45, 1], edge_index=[2, 58], edge_attr=[58, 3], y=1.0, custom_label=0.012987013, min_label=0, max_label=77, instance_name='p23.txt');0.012987012974917889;0.23499329388141632;0.006223674863576889;0.0
Data(x=[46, 1], edge_index=[2, 60], edge_attr=[60, 3], y=0.0, custom_label=0.0, min_label=0, max_label=77, instance_name='p23.txt');0.0;0.23499329388141632;1.1065810667787446e-06;0.0
Data(x=[46, 1], edge_index=[2, 60], edge_attr=[60, 3], y=0.0, custom_label=0.0, min_label=0, max_label=77, instance_name='p23.txt');0.0;0.23499329388141632;1.1065789067288279e-06;0.0
Data(x=[49, 1], edge_index=[2, 64], edge_attr=[64, 3], y=0.0, custom_label=0.0, min_label=0, max_label=77, instance_name='p23.txt');0.0;0.23499329388141632;1.6747552535889554e-06;0.0
Data(x=[45, 1], edge_index=[2, 58], edge_attr=[58, 3], y=0.0, custom_label=0.0, min_label=0, max_label=77, instance_name='p23.txt');0.0;0.23499329388141632;1.1579320471355459e-06;0.0
Data(x=[41, 1], edge_index=[2, 54], edge_attr=[54, 3], y=4.0, custom_label=0.051948052, min_label=0, max_label=77, instance_name='p23.txt');0.051948051899671555;0.23499329388141632;0.16456004977226257;0.0
Data(x=[42, 1], edge_index=[2, 56], edge_attr=[56, 3], y=3.0, custom_label=0.038961038, min_label=0, max_label=77, instance_name='p23.txt');0.03896103799343109;0.23499329388141632;0.0008733344147913158;0.0
Data(x=[41, 1], edge_index=[2, 54], edge_attr=[54, 3], y=2.0, custom_label=0.025974026, min_label=0, max_label=77, instance_name='p23.txt');0.025974025949835777;0.23499329388141632;0.004870550241321325;0.0
Data(x=[41, 1], edge_index=[2, 54], edge_attr=[54, 3], y=1.0, custom_label=0.012987013, min_label=0, max_label=77, instance_name='p23.txt');0.012987012974917889;0.23499329388141632;0.006192429456859827;0.0
Data(x=[42, 1], edge_index=[2, 56], edge_attr=[56, 3], y=0.0, custom_label=0.0, min_label=0, max_label=77, instance_name='p23.txt');0.0;0.23499329388141632;5.479423137444428e-08;0.0
Data(x=[40, 1], edge_index=[2, 54], edge_attr=[54, 3], y=0.0, custom_label=0.0, min_label=0, max_label=77, instance_name='p23.txt');0.0;0.23499329388141632;2.0798503896912734e-07;0.0
Data(x=[43, 1], edge_index=[2, 56], edge_attr=[56, 3], y=0.0, custom_label=0.0, min_label=0, max_label=77, instance_name='p23.txt');0.0;0.23499329388141632;6.904611495883728e-07;0.0
Data(x=[45, 1], edge_index=[2, 60], edge_attr=[60, 3], y=0.0, custom_label=0.0, min_label=0, max_label=77, instance_name='p23.txt');0.0;0.23499329388141632;4.2954383161486476e-08;0.0
Data(x=[41, 1], edge_index=[2, 54], edge_attr=[54, 3], y=0.0, custom_label=0.0, min_label=0, max_label=77, instance_name='p23.txt');0.0;0.23499329388141632;3.9171223420453316e-07;4.0150612790057494e-07
Data(x=[53, 1], edge_index=[2, 64], edge_attr=[64, 3], y=13.0, custom_label=0.16883117, min_label=0, max_label=77, instance_name='p23.txt');0.16883116960525513;0.23499329388141632;0.1738421618938446;0.0
Data(x=[53, 1], edge_index=[2, 64], edge_attr=[64, 3], y=12.0, custom_label=0.15584415, min_label=0, max_label=77, instance_name='p23.txt');0.15584415197372437;0.23499329388141632;0.1738421618938446;0.0
Data(x=[53, 1], edge_index=[2, 64], edge_attr=[64, 3], y=11.0, custom_label=0.14285715, min_label=0, max_label=77, instance_name='p23.txt');0.1428571492433548;0.23499329388141632;0.173842191696167;0.0
Data(x=[53, 1], edge_index=[2, 64], edge_attr=[64, 3], y=10.0, custom_label=0.12987013, min_label=0, max_label=77, instance_name='p23.txt');0.12987013161182404;0.23499329388141632;0.173842191696167;0.0
Data(x=[53, 1], edge_index=[2, 64], edge_attr=[64, 3], y=9.0, custom_label=0.116883114, min_label=0, max_label=77, instance_name='p23.txt');0.11688311398029327;0.23499329388141632;0.173842191696167;0.0
Data(x=[53, 1], edge_index=[2, 64], edge_attr=[64, 3], y=8.0, custom_label=0.103896104, min_label=0, max_label=77, instance_name='p23.txt');0.10389610379934311;0.23499329388141632;0.1738421618938446;0.0
Data(x=[54, 1], edge_index=[2, 66], edge_attr=[66, 3], y=7.0, custom_label=0.09090909, min_label=0, max_label=77, instance_name='p23.txt');0.09090909361839294;0.23499329388141632;0.013956130482256413;0.0
Data(x=[54, 1], edge_index=[2, 66], edge_attr=[66, 3], y=6.0, custom_label=0.077922076, min_label=0, max_label=77, instance_name='p23.txt');0.07792207598686218;0.23499329388141632;0.011755812913179398;0.0
Data(x=[54, 1], edge_index=[2, 66], edge_attr=[66, 3], y=5.0, custom_label=0.064935066, min_label=0, max_label=77, instance_name='p23.txt');0.06493506580591202;0.23499329388141632;0.013956130482256413;0.0
Data(x=[54, 1], edge_index=[2, 66], edge_attr=[66, 3], y=4.0, custom_label=0.051948052, min_label=0, max_label=77, instance_name='p23.txt');0.051948051899671555;0.23499329388141632;0.013956130482256413;0.0
Data(x=[53, 1], edge_index=[2, 64], edge_attr=[64, 3], y=3.0, custom_label=0.038961038, min_label=0, max_label=77, instance_name='p23.txt');0.03896103799343109;0.23499329388141632;0.03719385340809822;0.0
Data(x=[53, 1], edge_index=[2, 64], edge_attr=[64, 3], y=2.0, custom_label=0.025974026, min_label=0, max_label=77, instance_name='p23.txt');0.025974025949835777;0.23499329388141632;0.03719385340809822;0.0
Data(x=[53, 1], edge_index=[2, 64], edge_attr=[64, 3], y=1.0, custom_label=0.012987013, min_label=0, max_label=77, instance_name='p23.txt');0.012987012974917889;0.23499329388141632;0.037193845957517624;0.0
Data(x=[54, 1], edge_index=[2, 66], edge_attr=[66, 3], y=0.0, custom_label=0.0, min_label=0, max_label=77, instance_name='p23.txt');0.0;0.23499329388141632;9.56207441049628e-06;0.0
Data(x=[59, 1], edge_index=[2, 76], edge_attr=[76, 3], y=0.0, custom_label=0.0, min_label=0, max_label=7, instance_name='p24.txt');0.0;0.23499329388141632;2.779465191338204e-08;0.0
Data(x=[53, 1], edge_index=[2, 68], edge_attr=[68, 3], y=0.0, custom_label=0.0, min_label=0, max_label=7, instance_name='p24.txt');0.0;0.23499329388141632;8.190767744054028e-07;0.0
Data(x=[50, 1], edge_index=[2, 66], edge_attr=[66, 3], y=0.0, custom_label=0.0, min_label=0, max_label=7, instance_name='p24.txt');0.0;0.23499329388141632;3.139552120501321e-07;0.0
Data(x=[53, 1], edge_index=[2, 68], edge_attr=[68, 3], y=0.0, custom_label=0.0, min_label=0, max_label=7, instance_name='p24.txt');0.0;0.23499329388141632;8.190760354409576e-07;0.0
Data(x=[57, 1], edge_index=[2, 74], edge_attr=[74, 3], y=0.0, custom_label=0.0, min_label=0, max_label=7, instance_name='p24.txt');0.0;0.23499329388141632;1.6398454150134967e-08;0.0
Data(x=[46, 1], edge_index=[2, 60], edge_attr=[60, 3], y=0.0, custom_label=0.0, min_label=0, max_label=7, instance_name='p24.txt');0.0;0.23499329388141632;1.1065810667787446e-06;0.0
Data(x=[64, 1], edge_index=[2, 78], edge_attr=[78, 3], y=0.0, custom_label=0.0, min_label=0, max_label=7, instance_name='p24.txt');0.0;0.23499329388141632;2.619241422507912e-05;4.0150612790057494e-07
Data(x=[53, 1], edge_index=[2, 68], edge_attr=[68, 3], y=0.0, custom_label=0.0, min_label=0, max_label=7, instance_name='p24.txt');0.0;0.23499329388141632;8.190767744054028e-07;0.0
Data(x=[52, 1], edge_index=[2, 64], edge_attr=[64, 3], y=0.0, custom_label=0.0, min_label=0, max_label=7, instance_name='p24.txt');0.0;0.23499329388141632;6.7422943175188266e-06;4.0150612790057494e-07
Data(x=[53, 1], edge_index=[2, 68], edge_attr=[68, 3], y=0.0, custom_label=0.0, min_label=0, max_label=7, instance_name='p24.txt');0.0;0.23499329388141632;8.190767744054028e-07;0.0
Data(x=[55, 1], edge_index=[2, 70], edge_attr=[70, 3], y=0.0, custom_label=0.0, min_label=0, max_label=7, instance_name='p24.txt');0.0;0.23499329388141632;1.37951445822182e-07;0.0
Data(x=[56, 1], edge_index=[2, 68], edge_attr=[68, 3], y=3.0, custom_label=0.42857143, min_label=0, max_label=7, instance_name='p24.txt');0.4285714328289032;0.23499329388141632;0.002921371255069971;4.0150612790057494e-07
Data(x=[56, 1], edge_index=[2, 68], edge_attr=[68, 3], y=2.0, custom_label=0.2857143, min_label=0, max_label=7, instance_name='p24.txt');0.2857142984867096;0.23499329388141632;0.0034968159161508083;4.0150612790057494e-07
Data(x=[56, 1], edge_index=[2, 68], edge_attr=[68, 3], y=1.0, custom_label=0.14285715, min_label=0, max_label=7, instance_name='p24.txt');0.1428571492433548;0.23499329388141632;0.0034968177787959576;4.0150612790057494e-07
Data(x=[56, 1], edge_index=[2, 68], edge_attr=[68, 3], y=0.0, custom_label=0.0, min_label=0, max_label=7, instance_name='p24.txt');0.0;0.23499329388141632;2.584151388873579e-06;4.0150612790057494e-07
Data(x=[51, 1], edge_index=[2, 64], edge_attr=[64, 3], y=0.0, custom_label=0.0, min_label=0, max_label=7, instance_name='p24.txt');0.0;0.23499329388141632;3.992879840097885e-07;0.0
Data(x=[48, 1], edge_index=[2, 62], edge_attr=[62, 3], y=0.0, custom_label=0.0, min_label=0, max_label=7, instance_name='p24.txt');0.0;0.23499329388141632;4.7579732154190424e-08;0.0
Data(x=[53, 1], edge_index=[2, 66], edge_attr=[66, 3], y=0.0, custom_label=0.0, min_label=0, max_label=7, instance_name='p24.txt');0.0;0.23499329388141632;6.265578122111037e-06;0.0
Data(x=[65, 1], edge_index=[2, 82], edge_attr=[82, 3], y=0.0, custom_label=0.0, min_label=0, max_label=7, instance_name='p24.txt');0.0;0.23499329388141632;4.614019417203963e-06;4.0150612790057494e-07
Data(x=[62, 1], edge_index=[2, 76], edge_attr=[76, 3], y=1.0, custom_label=0.14285715, min_label=0, max_label=7, instance_name='p24.txt');0.1428571492433548;0.23499329388141632;0.012267189100384712;4.0150612790057494e-07
Data(x=[63, 1], edge_index=[2, 78], edge_attr=[78, 3], y=0.0, custom_label=0.0, min_label=0, max_label=7, instance_name='p24.txt');0.0;0.23499329388141632;5.173163572180783e-06;4.0150612790057494e-07
Data(x=[39, 1], edge_index=[2, 54], edge_attr=[54, 3], y=0.0, custom_label=0.0, min_label=0, max_label=7, instance_name='p24.txt');0.0;0.23499329388141632;9.838128534056523e-09;0.0
Data(x=[51, 1], edge_index=[2, 64], edge_attr=[64, 3], y=0.0, custom_label=0.0, min_label=0, max_label=7, instance_name='p24.txt');0.0;0.23499329388141632;4.315605565352598e-06;4.0150612790057494e-07
Data(x=[60, 1], edge_index=[2, 72], edge_attr=[72, 3], y=0.0, custom_label=0.0, min_label=0, max_label=7, instance_name='p24.txt');0.0;0.23499329388141632;2.3823335141059943e-05;0.0
Data(x=[59, 1], edge_index=[2, 72], edge_attr=[72, 3], y=2.0, custom_label=0.2857143, min_label=0, max_label=7, instance_name='p24.txt');0.2857142984867096;0.23499329388141632;0.0005206993664614856;4.0150612790057494e-07
Data(x=[58, 1], edge_index=[2, 70], edge_attr=[70, 3], y=1.0, custom_label=0.14285715, min_label=0, max_label=7, instance_name='p24.txt');0.1428571492433548;0.23499329388141632;0.015787096694111824;4.0150612790057494e-07
Data(x=[59, 1], edge_index=[2, 72], edge_attr=[72, 3], y=0.0, custom_label=0.0, min_label=0, max_label=7, instance_name='p24.txt');0.0;0.23499329388141632;8.937794291341561e-07;4.0150612790057494e-07
Data(x=[58, 1], edge_index=[2, 72], edge_attr=[72, 3], y=0.0, custom_label=0.0, min_label=0, max_label=7, instance_name='p24.txt');0.0;0.23499329388141632;1.1302220627840143e-05;0.0
Data(x=[61, 1], edge_index=[2, 74], edge_attr=[74, 3], y=3.0, custom_label=0.42857143, min_label=0, max_label=7, instance_name='p24.txt');0.4285714328289032;0.23499329388141632;0.004393572919070721;0.0
Data(x=[60, 1], edge_index=[2, 72], edge_attr=[72, 3], y=2.0, custom_label=0.2857143, min_label=0, max_label=7, instance_name='p24.txt');0.2857142984867096;0.23499329388141632;0.01668599434196949;0.0
Data(x=[60, 1], edge_index=[2, 72], edge_attr=[72, 3], y=1.0, custom_label=0.14285715, min_label=0, max_label=7, instance_name='p24.txt');0.1428571492433548;0.23499329388141632;0.016686003655195236;0.0
Data(x=[61, 1], edge_index=[2, 74], edge_attr=[74, 3], y=0.0, custom_label=0.0, min_label=0, max_label=7, instance_name='p24.txt');0.0;0.23499329388141632;5.843739472766174e-06;0.0
Data(x=[58, 1], edge_index=[2, 74], edge_attr=[74, 3], y=3.0, custom_label=0.42857143, min_label=0, max_label=7, instance_name='p24.txt');0.4285714328289032;0.23499329388141632;0.00023771253472659737;0.0
Data(x=[57, 1], edge_index=[2, 72], edge_attr=[72, 3], y=2.0, custom_label=0.2857143, min_label=0, max_label=7, instance_name='p24.txt');0.2857142984867096;0.23499329388141632;0.0015486062038689852;0.0
Data(x=[57, 1], edge_index=[2, 72], edge_attr=[72, 3], y=1.0, custom_label=0.14285715, min_label=0, max_label=7, instance_name='p24.txt');0.1428571492433548;0.23499329388141632;0.00022382978932000697;4.0150612790057494e-07
Data(x=[58, 1], edge_index=[2, 74], edge_attr=[74, 3], y=0.0, custom_label=0.0, min_label=0, max_label=7, instance_name='p24.txt');0.0;0.23499329388141632;2.18851496924799e-07;0.0
Data(x=[53, 1], edge_index=[2, 68], edge_attr=[68, 3], y=0.0, custom_label=0.0, min_label=0, max_label=7, instance_name='p24.txt');0.0;0.23499329388141632;1.4708651185912913e-08;4.0150612790057494e-07
Data(x=[53, 1], edge_index=[2, 66], edge_attr=[66, 3], y=0.0, custom_label=0.0, min_label=0, max_label=7, instance_name='p24.txt');0.0;0.23499329388141632;1.357467112939048e-06;4.0150612790057494e-07
Data(x=[58, 1], edge_index=[2, 72], edge_attr=[72, 3], y=3.0, custom_label=0.42857143, min_label=0, max_label=7, instance_name='p24.txt');0.4285714328289032;0.23499329388141632;0.0056885601952672005;0.0
Data(x=[58, 1], edge_index=[2, 72], edge_attr=[72, 3], y=2.0, custom_label=0.2857143, min_label=0, max_label=7, instance_name='p24.txt');0.2857142984867096;0.23499329388141632;0.0056885601952672005;0.0
Data(x=[58, 1], edge_index=[2, 72], edge_attr=[72, 3], y=1.0, custom_label=0.14285715, min_label=0, max_label=7, instance_name='p24.txt');0.1428571492433548;0.23499329388141632;0.0056885601952672005;0.0
Data(x=[59, 1], edge_index=[2, 74], edge_attr=[74, 3], y=0.0, custom_label=0.0, min_label=0, max_label=7, instance_name='p24.txt');0.0;0.23499329388141632;1.3477899756253464e-06;0.0
Data(x=[54, 1], edge_index=[2, 66], edge_attr=[66, 3], y=0.0, custom_label=0.0, min_label=0, max_label=7, instance_name='p24.txt');0.0;0.23499329388141632;9.56207441049628e-06;4.0150612790057494e-07
Data(x=[65, 1], edge_index=[2, 80], edge_attr=[80, 3], y=0.0, custom_label=0.0, min_label=0, max_label=7, instance_name='p24.txt');0.0;0.23499329388141632;2.414351183688268e-05;4.0150612790057494e-07
Data(x=[53, 1], edge_index=[2, 66], edge_attr=[66, 3], y=0.0, custom_label=0.0, min_label=0, max_label=7, instance_name='p24.txt');0.0;0.23499329388141632;6.265578122111037e-06;0.0
Data(x=[49, 1], edge_index=[2, 62], edge_attr=[62, 3], y=1.0, custom_label=0.14285715, min_label=0, max_label=7, instance_name='p24.txt');0.1428571492433548;0.23499329388141632;0.009334174916148186;4.0150612790057494e-07
Data(x=[49, 1], edge_index=[2, 62], edge_attr=[62, 3], y=0.0, custom_label=0.0, min_label=0, max_label=7, instance_name='p24.txt');0.0;0.23499329388141632;2.8833894702984253e-06;4.0150612790057494e-07
Data(x=[53, 1], edge_index=[2, 66], edge_attr=[66, 3], y=0.0, custom_label=0.0, min_label=0, max_label=7, instance_name='p24.txt');0.0;0.23499329388141632;6.265572210395476e-06;0.0
Data(x=[46, 1], edge_index=[2, 58], edge_attr=[58, 3], y=0.0, custom_label=0.0, min_label=0, max_label=7, instance_name='p24.txt');0.0;0.23499329388141632;1.9697033621923765e-06;4.0150612790057494e-07
Data(x=[47, 1], edge_index=[2, 60], edge_attr=[60, 3], y=7.0, custom_label=1.0, min_label=0, max_label=7, instance_name='p24.txt');1.0;0.23499329388141632;0.08932988345623016;4.0150612790057494e-07
Data(x=[46, 1], edge_index=[2, 58], edge_attr=[58, 3], y=6.0, custom_label=0.85714287, min_label=0, max_label=7, instance_name='p24.txt');0.8571428656578064;0.23499329388141632;0.13851025700569153;4.0150612790057494e-07
Data(x=[46, 1], edge_index=[2, 58], edge_attr=[58, 3], y=5.0, custom_label=0.71428573, min_label=0, max_label=7, instance_name='p24.txt');0.7142857313156128;0.23499329388141632;0.11783869564533234;4.0150612790057494e-07
Data(x=[47, 1], edge_index=[2, 60], edge_attr=[60, 3], y=4.0, custom_label=0.5714286, min_label=0, max_label=7, instance_name='p24.txt');0.5714285969734192;0.23499329388141632;0.00014068132441025227;4.0150612790057494e-07
Data(x=[46, 1], edge_index=[2, 58], edge_attr=[58, 3], y=3.0, custom_label=0.42857143, min_label=0, max_label=7, instance_name='p24.txt');0.4285714328289032;0.23499329388141632;0.010357818566262722;4.0150612790057494e-07
Data(x=[46, 1], edge_index=[2, 58], edge_attr=[58, 3], y=2.0, custom_label=0.2857143, min_label=0, max_label=7, instance_name='p24.txt');0.2857142984867096;0.23499329388141632;0.008400698192417622;4.0150612790057494e-07
Data(x=[46, 1], edge_index=[2, 58], edge_attr=[58, 3], y=1.0, custom_label=0.14285715, min_label=0, max_label=7, instance_name='p24.txt');0.1428571492433548;0.23499329388141632;0.010357818566262722;4.0150612790057494e-07
Data(x=[47, 1], edge_index=[2, 60], edge_attr=[60, 3], y=0.0, custom_label=0.0, min_label=0, max_label=7, instance_name='p24.txt');0.0;0.23499329388141632;3.308168743387796e-07;4.0150612790057494e-07
Data(x=[50, 1], edge_index=[2, 64], edge_attr=[64, 3], y=0.0, custom_label=0.0, min_label=0, max_label=7, instance_name='p24.txt');0.0;0.23499329388141632;5.348946388039622e-07;4.0150612790057494e-07
Data(x=[61, 1], edge_index=[2, 76], edge_attr=[76, 3], y=2.0, custom_label=0.2857143, min_label=0, max_label=7, instance_name='p24.txt');0.2857142984867096;0.23499329388141632;0.0028843318577855825;4.0150612790057494e-07
Data(x=[60, 1], edge_index=[2, 74], edge_attr=[74, 3], y=1.0, custom_label=0.14285715, min_label=0, max_label=7, instance_name='p24.txt');0.1428571492433548;0.23499329388141632;0.011496861465275288;4.0150612790057494e-07
Data(x=[61, 1], edge_index=[2, 76], edge_attr=[76, 3], y=0.0, custom_label=0.0, min_label=0, max_label=7, instance_name='p24.txt');0.0;0.23499329388141632;3.750866881091497e-06;4.0150612790057494e-07
Data(x=[48, 1], edge_index=[2, 62], edge_attr=[62, 3], y=0.0, custom_label=0.0, min_label=0, max_label=7, instance_name='p24.txt');0.0;0.23499329388141632;3.248613325013139e-07;0.0
Data(x=[54, 1], edge_index=[2, 70], edge_attr=[70, 3], y=0.0, custom_label=0.0, min_label=0, max_label=7, instance_name='p24.txt');0.0;0.23499329388141632;7.925398222141666e-07;0.0
Data(x=[57, 1], edge_index=[2, 70], edge_attr=[70, 3], y=0.0, custom_label=0.0, min_label=0, max_label=7, instance_name='p24.txt');0.0;0.23499329388141632;1.2217292351124343e-05;0.0
Data(x=[49, 1], edge_index=[2, 62], edge_attr=[62, 3], y=0.0, custom_label=0.0, min_label=0, max_label=7, instance_name='p24.txt');0.0;0.23499329388141632;5.498629320754844e-07;4.0150612790057494e-07
Data(x=[53, 1], edge_index=[2, 70], edge_attr=[70, 3], y=0.0, custom_label=0.0, min_label=0, max_label=7, instance_name='p24.txt');0.0;0.23499329388141632;4.954757173436519e-07;0.0
Data(x=[61, 1], edge_index=[2, 76], edge_attr=[76, 3], y=0.0, custom_label=0.0, min_label=0, max_label=7, instance_name='p24.txt');0.0;0.23499329388141632;1.9426718154136324e-06;4.0150612790057494e-07
Data(x=[54, 1], edge_index=[2, 70], edge_attr=[70, 3], y=0.0, custom_label=0.0, min_label=0, max_label=7, instance_name='p24.txt');0.0;0.23499329388141632;7.925398222141666e-07;4.0150612790057494e-07
Data(x=[61, 1], edge_index=[2, 74], edge_attr=[74, 3], y=0.0, custom_label=0.0, min_label=0, max_label=7, instance_name='p24.txt');0.0;0.23499329388141632;2.1879939595237374e-05;4.0150612790057494e-07
Data(x=[59, 1], edge_index=[2, 74], edge_attr=[74, 3], y=0.0, custom_label=0.0, min_label=0, max_label=7, instance_name='p24.txt');0.0;0.23499329388141632;1.0489471605978906e-05;0.0
Data(x=[49, 1], edge_index=[2, 62], edge_attr=[62, 3], y=0.0, custom_label=0.0, min_label=0, max_label=7, instance_name='p24.txt');0.0;0.23499329388141632;2.8833894702984253e-06;0.0
Data(x=[54, 1], edge_index=[2, 68], edge_attr=[68, 3], y=0.0, custom_label=0.0, min_label=0, max_label=7, instance_name='p24.txt');0.0;0.23499329388141632;5.838403467350872e-06;4.0150612790057494e-07
Data(x=[63, 1], edge_index=[2, 78], edge_attr=[78, 3], y=0.0, custom_label=0.0, min_label=0, max_label=7, instance_name='p24.txt');0.0;0.23499329388141632;5.1731590247072745e-06;0.0
Data(x=[59, 1], edge_index=[2, 72], edge_attr=[72, 3], y=0.0, custom_label=0.0, min_label=0, max_label=7, instance_name='p24.txt');0.0;0.23499329388141632;7.440183367179998e-07;4.0150612790057494e-07
Data(x=[61, 1], edge_index=[2, 74], edge_attr=[74, 3], y=2.0, custom_label=0.2857143, min_label=0, max_label=7, instance_name='p24.txt');0.2857142984867096;0.23499329388141632;0.01433362066745758;4.0150612790057494e-07
Data(x=[60, 1], edge_index=[2, 72], edge_attr=[72, 3], y=1.0, custom_label=0.14285715, min_label=0, max_label=7, instance_name='p24.txt');0.1428571492433548;0.23499329388141632;0.037571221590042114;4.0150612790057494e-07
Data(x=[61, 1], edge_index=[2, 74], edge_attr=[74, 3], y=0.0, custom_label=0.0, min_label=0, max_label=7, instance_name='p24.txt');0.0;0.23499329388141632;2.1879939595237374e-05;4.0150612790057494e-07
Data(x=[57, 1], edge_index=[2, 72], edge_attr=[72, 3], y=3.0, custom_label=0.42857143, min_label=0, max_label=7, instance_name='p24.txt');0.4285714328289032;0.23499329388141632;0.0022799225989729166;0.0
Data(x=[56, 1], edge_index=[2, 70], edge_attr=[70, 3], y=2.0, custom_label=0.2857143, min_label=0, max_label=7, instance_name='p24.txt');0.2857142984867096;0.23499329388141632;0.00995779037475586;0.0
Data(x=[56, 1], edge_index=[2, 70], edge_attr=[70, 3], y=1.0, custom_label=0.14285715, min_label=0, max_label=7, instance_name='p24.txt');0.1428571492433548;0.23499329388141632;0.0022254250943660736;0.0
Data(x=[57, 1], edge_index=[2, 72], edge_attr=[72, 3], y=0.0, custom_label=0.0, min_label=0, max_label=7, instance_name='p24.txt');0.0;0.23499329388141632;1.845911356213037e-06;0.0
Data(x=[57, 1], edge_index=[2, 70], edge_attr=[70, 3], y=1.0, custom_label=0.14285715, min_label=0, max_label=7, instance_name='p24.txt');0.1428571492433548;0.23499329388141632;0.03181615099310875;4.0150612790057494e-07
Data(x=[58, 1], edge_index=[2, 72], edge_attr=[72, 3], y=0.0, custom_label=0.0, min_label=0, max_label=7, instance_name='p24.txt');0.0;0.23499329388141632;1.1302220627840143e-05;4.0150612790057494e-07
Data(x=[55, 1], edge_index=[2, 68], edge_attr=[68, 3], y=2.0, custom_label=0.2857143, min_label=0, max_label=7, instance_name='p24.txt');0.2857142984867096;0.23499329388141632;0.0026332377456128597;4.0150612790057494e-07
Data(x=[55, 1], edge_index=[2, 68], edge_attr=[68, 3], y=1.0, custom_label=0.14285715, min_label=0, max_label=7, instance_name='p24.txt');0.1428571492433548;0.23499329388141632;0.0026332365814596415;4.0150612790057494e-07
Data(x=[56, 1], edge_index=[2, 70], edge_attr=[70, 3], y=0.0, custom_label=0.0, min_label=0, max_label=7, instance_name='p24.txt');0.0;0.23499329388141632;3.776404469135741e-07;4.0150612790057494e-07
Data(x=[41, 1], edge_index=[2, 54], edge_attr=[54, 3], y=0.0, custom_label=0.0, min_label=0, max_label=7, instance_name='p24.txt');0.0;0.23499329388141632;4.090075123031056e-08;4.0150612790057494e-07
Data(x=[50, 1], edge_index=[2, 64], edge_attr=[64, 3], y=4.0, custom_label=0.5714286, min_label=0, max_label=7, instance_name='p24.txt');0.5714285969734192;0.23499329388141632;0.0017855247715488076;0.0
Data(x=[49, 1], edge_index=[2, 62], edge_attr=[62, 3], y=3.0, custom_label=0.42857143, min_label=0, max_label=7, instance_name='p24.txt');0.4285714328289032;0.23499329388141632;0.009334170259535313;4.0150612790057494e-07
Data(x=[49, 1], edge_index=[2, 62], edge_attr=[62, 3], y=2.0, custom_label=0.2857143, min_label=0, max_label=7, instance_name='p24.txt');0.2857142984867096;0.23499329388141632;0.007640637457370758;4.0150612790057494e-07
Data(x=[49, 1], edge_index=[2, 62], edge_attr=[62, 3], y=1.0, custom_label=0.14285715, min_label=0, max_label=7, instance_name='p24.txt');0.1428571492433548;0.23499329388141632;0.009334170259535313;4.0150612790057494e-07
Data(x=[50, 1], edge_index=[2, 64], edge_attr=[64, 3], y=0.0, custom_label=0.0, min_label=0, max_label=7, instance_name='p24.txt');0.0;0.23499329388141632;5.348951503947319e-07;4.0150612790057494e-07
Data(x=[53, 1], edge_index=[2, 70], edge_attr=[70, 3], y=0.0, custom_label=0.0, min_label=0, max_label=7, instance_name='p24.txt');0.0;0.23499329388141632;4.954762289344217e-07;4.0150612790057494e-07
Data(x=[46, 1], edge_index=[2, 60], edge_attr=[60, 3], y=0.0, custom_label=0.0, min_label=0, max_label=7, instance_name='p24.txt');0.0;0.23499329388141632;2.537696985882576e-08;4.0150612790057494e-07
Data(x=[53, 1], edge_index=[2, 68], edge_attr=[68, 3], y=0.0, custom_label=0.0, min_label=0, max_label=7, instance_name='p24.txt');0.0;0.23499329388141632;1.4473397413894418e-07;4.0150612790057494e-07
Data(x=[55, 1], edge_index=[2, 68], edge_attr=[68, 3], y=0.0, custom_label=0.0, min_label=0, max_label=7, instance_name='p24.txt');0.0;0.23499329388141632;8.85330155142583e-06;4.0150612790057494e-07
Data(x=[57, 1], edge_index=[2, 72], edge_attr=[72, 3], y=0.0, custom_label=0.0, min_label=0, max_label=7, instance_name='p24.txt');0.0;0.23499329388141632;4.418623333890537e-08;0.0
Data(x=[55, 1], edge_index=[2, 70], edge_attr=[70, 3], y=0.0, custom_label=0.0, min_label=0, max_label=7, instance_name='p24.txt');0.0;0.23499329388141632;1.0228015980828786e-06;4.0150612790057494e-07
Data(x=[57, 1], edge_index=[2, 72], edge_attr=[72, 3], y=0.0, custom_label=0.0, min_label=0, max_label=7, instance_name='p24.txt');0.0;0.23499329388141632;1.524792082818749e-06;0.0
Data(x=[47, 1], edge_index=[2, 60], edge_attr=[60, 3], y=0.0, custom_label=0.0, min_label=0, max_label=7, instance_name='p24.txt');0.0;0.23499329388141632;3.3081624906117213e-07;0.0
Data(x=[47, 1], edge_index=[2, 60], edge_attr=[60, 3], y=0.0, custom_label=0.0, min_label=0, max_label=8, instance_name='p25.txt');0.0;0.23499329388141632;1.4026960570845404e-07;0.0
Data(x=[49, 1], edge_index=[2, 64], edge_attr=[64, 3], y=0.0, custom_label=0.0, min_label=0, max_label=8, instance_name='p25.txt');0.0;0.23499329388141632;2.6640174510816905e-08;0.0
Data(x=[51, 1], edge_index=[2, 66], edge_attr=[66, 3], y=0.0, custom_label=0.0, min_label=0, max_label=8, instance_name='p25.txt');0.0;0.23499329388141632;5.208963216318807e-07;4.0150612790057494e-07
Data(x=[54, 1], edge_index=[2, 68], edge_attr=[68, 3], y=0.0, custom_label=0.0, min_label=0, max_label=8, instance_name='p25.txt');0.0;0.23499329388141632;1.3002796777072945e-06;0.0
Data(x=[47, 1], edge_index=[2, 62], edge_attr=[62, 3], y=0.0, custom_label=0.0, min_label=0, max_label=8, instance_name='p25.txt');0.0;0.23499329388141632;1.4845761597825913e-07;0.0
Data(x=[49, 1], edge_index=[2, 64], edge_attr=[64, 3], y=0.0, custom_label=0.0, min_label=0, max_label=8, instance_name='p25.txt');0.0;0.23499329388141632;2.54961094015016e-07;0.0
Data(x=[50, 1], edge_index=[2, 64], edge_attr=[64, 3], y=0.0, custom_label=0.0, min_label=0, max_label=8, instance_name='p25.txt');0.0;0.23499329388141632;5.348946388039622e-07;0.0
Data(x=[56, 1], edge_index=[2, 72], edge_attr=[72, 3], y=0.0, custom_label=0.0, min_label=0, max_label=8, instance_name='p25.txt');0.0;0.23499329388141632;5.107943252369296e-06;0.0
Data(x=[54, 1], edge_index=[2, 68], edge_attr=[68, 3], y=0.0, custom_label=0.0, min_label=0, max_label=8, instance_name='p25.txt');0.0;0.23499329388141632;5.838403467350872e-06;4.0150612790057494e-07
Data(x=[51, 1], edge_index=[2, 66], edge_attr=[66, 3], y=0.0, custom_label=0.0, min_label=0, max_label=8, instance_name='p25.txt');0.0;0.23499329388141632;5.208963216318807e-07;0.0
Data(x=[46, 1], edge_index=[2, 62], edge_attr=[62, 3], y=0.0, custom_label=0.0, min_label=0, max_label=8, instance_name='p25.txt');0.0;0.23499329388141632;1.0587581300569582e-07;0.0
Data(x=[50, 1], edge_index=[2, 64], edge_attr=[64, 3], y=3.0, custom_label=0.375, min_label=0, max_label=8, instance_name='p25.txt');0.375;0.23499329388141632;0.0017855247715488076;0.0
Data(x=[49, 1], edge_index=[2, 62], edge_attr=[62, 3], y=2.0, custom_label=0.25, min_label=0, max_label=8, instance_name='p25.txt');0.25;0.23499329388141632;0.009334170259535313;0.0
Data(x=[49, 1], edge_index=[2, 62], edge_attr=[62, 3], y=1.0, custom_label=0.125, min_label=0, max_label=8, instance_name='p25.txt');0.125;0.23499329388141632;0.009334170259535313;0.0
Data(x=[50, 1], edge_index=[2, 64], edge_attr=[64, 3], y=0.0, custom_label=0.0, min_label=0, max_label=8, instance_name='p25.txt');0.0;0.23499329388141632;5.348946388039622e-07;0.0
Data(x=[62, 1], edge_index=[2, 76], edge_attr=[76, 3], y=0.0, custom_label=0.0, min_label=0, max_label=8, instance_name='p25.txt');0.0;0.23499329388141632;2.0150782802375033e-05;0.0
Data(x=[58, 1], edge_index=[2, 72], edge_attr=[72, 3], y=0.0, custom_label=0.0, min_label=0, max_label=8, instance_name='p25.txt');0.0;0.23499329388141632;3.4910050317193964e-07;4.0150612790057494e-07
Data(x=[48, 1], edge_index=[2, 62], edge_attr=[62, 3], y=0.0, custom_label=0.0, min_label=0, max_label=8, instance_name='p25.txt');0.0;0.23499329388141632;2.5779204548825874e-08;0.0
Data(x=[49, 1], edge_index=[2, 64], edge_attr=[64, 3], y=0.0, custom_label=0.0, min_label=0, max_label=8, instance_name='p25.txt');0.0;0.23499329388141632;4.8543153496893865e-08;0.0
Data(x=[55, 1], edge_index=[2, 70], edge_attr=[70, 3], y=0.0, custom_label=0.0, min_label=0, max_label=8, instance_name='p25.txt');0.0;0.23499329388141632;1.2474508821469499e-06;0.0
Data(x=[61, 1], edge_index=[2, 76], edge_attr=[76, 3], y=0.0, custom_label=0.0, min_label=0, max_label=8, instance_name='p25.txt');0.0;0.23499329388141632;1.4097077837504912e-05;4.0150612790057494e-07
Data(x=[44, 1], edge_index=[2, 56], edge_attr=[56, 3], y=0.0, custom_label=0.0, min_label=0, max_label=8, instance_name='p25.txt');0.0;0.23499329388141632;1.2141690604039468e-06;4.0150612790057494e-07
Data(x=[61, 1], edge_index=[2, 74], edge_attr=[74, 3], y=8.0, custom_label=1.0, min_label=0, max_label=8, instance_name='p25.txt');1.0;0.23499329388141632;0.002311861841008067;4.0150612790057494e-07
Data(x=[61, 1], edge_index=[2, 74], edge_attr=[74, 3], y=7.0, custom_label=0.875, min_label=0, max_label=8, instance_name='p25.txt');0.875;0.23499329388141632;0.002311861841008067;4.0150612790057494e-07
Data(x=[61, 1], edge_index=[2, 74], edge_attr=[74, 3], y=6.0, custom_label=0.75, min_label=0, max_label=8, instance_name='p25.txt');0.75;0.23499329388141632;0.002311861841008067;4.0150612790057494e-07
Data(x=[61, 1], edge_index=[2, 74], edge_attr=[74, 3], y=5.0, custom_label=0.625, min_label=0, max_label=8, instance_name='p25.txt');0.625;0.23499329388141632;0.002311861841008067;4.0150612790057494e-07
Data(x=[61, 1], edge_index=[2, 74], edge_attr=[74, 3], y=4.0, custom_label=0.5, min_label=0, max_label=8, instance_name='p25.txt');0.5;0.23499329388141632;0.002311861841008067;4.0150612790057494e-07
Data(x=[61, 1], edge_index=[2, 74], edge_attr=[74, 3], y=3.0, custom_label=0.375, min_label=0, max_label=8, instance_name='p25.txt');0.375;0.23499329388141632;0.002311861841008067;4.0150612790057494e-07
Data(x=[61, 1], edge_index=[2, 74], edge_attr=[74, 3], y=2.0, custom_label=0.25, min_label=0, max_label=8, instance_name='p25.txt');0.25;0.23499329388141632;0.002311861841008067;4.0150612790057494e-07
Data(x=[61, 1], edge_index=[2, 74], edge_attr=[74, 3], y=1.0, custom_label=0.125, min_label=0, max_label=8, instance_name='p25.txt');0.125;0.23499329388141632;0.002311861841008067;4.0150612790057494e-07
Data(x=[62, 1], edge_index=[2, 76], edge_attr=[76, 3], y=0.0, custom_label=0.0, min_label=0, max_label=8, instance_name='p25.txt');0.0;0.23499329388141632;2.8619305680877005e-07;4.0150612790057494e-07
Data(x=[59, 1], edge_index=[2, 72], edge_attr=[72, 3], y=0.0, custom_label=0.0, min_label=0, max_label=8, instance_name='p25.txt');0.0;0.23499329388141632;1.6512010915903375e-05;4.0150612790057494e-07
Data(x=[52, 1], edge_index=[2, 66], edge_attr=[66, 3], y=0.0, custom_label=0.0, min_label=0, max_label=8, instance_name='p25.txt');0.0;0.23499329388141632;4.03932517656358e-06;0.0
Data(x=[53, 1], edge_index=[2, 66], edge_attr=[66, 3], y=0.0, custom_label=0.0, min_label=0, max_label=8, instance_name='p25.txt');0.0;0.23499329388141632;6.35353273992223e-07;4.0150612790057494e-07
Data(x=[52, 1], edge_index=[2, 66], edge_attr=[66, 3], y=0.0, custom_label=0.0, min_label=0, max_label=8, instance_name='p25.txt');0.0;0.23499329388141632;3.909255212874996e-07;0.0
Data(x=[47, 1], edge_index=[2, 62], edge_attr=[62, 3], y=0.0, custom_label=0.0, min_label=0, max_label=8, instance_name='p25.txt');0.0;0.23499329388141632;1.0595505273158778e-06;0.0
Data(x=[51, 1], edge_index=[2, 66], edge_attr=[66, 3], y=0.0, custom_label=0.0, min_label=0, max_label=8, instance_name='p25.txt');0.0;0.23499329388141632;4.8090019078017576e-08;0.0
Data(x=[55, 1], edge_index=[2, 66], edge_attr=[66, 3], y=3.0, custom_label=0.375, min_label=0, max_label=8, instance_name='p25.txt');0.375;0.23499329388141632;0.01480015367269516;4.0150612790057494e-07
Data(x=[55, 1], edge_index=[2, 66], edge_attr=[66, 3], y=2.0, custom_label=0.25, min_label=0, max_label=8, instance_name='p25.txt');0.25;0.23499329388141632;0.01480015367269516;4.0150612790057494e-07
Data(x=[55, 1], edge_index=[2, 66], edge_attr=[66, 3], y=1.0, custom_label=0.125, min_label=0, max_label=8, instance_name='p25.txt');0.125;0.23499329388141632;0.01480015367269516;4.0150612790057494e-07
Data(x=[56, 1], edge_index=[2, 68], edge_attr=[68, 3], y=0.0, custom_label=0.0, min_label=0, max_label=8, instance_name='p25.txt');0.0;0.23499329388141632;2.5841563910944387e-06;4.0150612790057494e-07
Data(x=[57, 1], edge_index=[2, 70], edge_attr=[70, 3], y=0.0, custom_label=0.0, min_label=0, max_label=8, instance_name='p25.txt');0.0;0.23499329388141632;1.2217292351124343e-05;0.0
Data(x=[61, 1], edge_index=[2, 76], edge_attr=[76, 3], y=5.0, custom_label=0.625, min_label=0, max_label=8, instance_name='p25.txt');0.625;0.23499329388141632;0.0028843318577855825;0.0
Data(x=[60, 1], edge_index=[2, 74], edge_attr=[74, 3], y=4.0, custom_label=0.5, min_label=0, max_label=8, instance_name='p25.txt');0.5;0.23499329388141632;0.009727437980473042;0.0
Data(x=[59, 1], edge_index=[2, 72], edge_attr=[72, 3], y=3.0, custom_label=0.375, min_label=0, max_label=8, instance_name='p25.txt');0.375;0.23499329388141632;0.16253742575645447;0.0
Data(x=[60, 1], edge_index=[2, 74], edge_attr=[74, 3], y=2.0, custom_label=0.25, min_label=0, max_label=8, instance_name='p25.txt');0.25;0.23499329388141632;0.011496854946017265;0.0
Data(x=[60, 1], edge_index=[2, 74], edge_attr=[74, 3], y=1.0, custom_label=0.125, min_label=0, max_label=8, instance_name='p25.txt');0.125;0.23499329388141632;0.011496861465275288;0.0
Data(x=[61, 1], edge_index=[2, 76], edge_attr=[76, 3], y=0.0, custom_label=0.0, min_label=0, max_label=8, instance_name='p25.txt');0.0;0.23499329388141632;3.750866881091497e-06;0.0
Data(x=[50, 1], edge_index=[2, 66], edge_attr=[66, 3], y=0.0, custom_label=0.0, min_label=0, max_label=8, instance_name='p25.txt');0.0;0.23499329388141632;2.4321928915327362e-09;0.0
Data(x=[58, 1], edge_index=[2, 72], edge_attr=[72, 3], y=0.0, custom_label=0.0, min_label=0, max_label=8, instance_name='p25.txt');0.0;0.23499329388141632;1.1302220627840143e-05;0.0
Data(x=[47, 1], edge_index=[2, 62], edge_attr=[62, 3], y=0.0, custom_label=0.0, min_label=0, max_label=8, instance_name='p25.txt');0.0;0.23499329388141632;1.0595485946396366e-06;0.0
Data(x=[53, 1], edge_index=[2, 66], edge_attr=[66, 3], y=0.0, custom_label=0.0, min_label=0, max_label=8, instance_name='p25.txt');0.0;0.23499329388141632;6.265572210395476e-06;4.0150612790057494e-07
Data(x=[56, 1], edge_index=[2, 70], edge_attr=[70, 3], y=0.0, custom_label=0.0, min_label=0, max_label=8, instance_name='p25.txt');0.0;0.23499329388141632;1.934726924446295e-06;4.0150612790057494e-07
Data(x=[49, 1], edge_index=[2, 64], edge_attr=[64, 3], y=0.0, custom_label=0.0, min_label=0, max_label=8, instance_name='p25.txt');0.0;0.23499329388141632;3.1925043231240124e-07;0.0
Data(x=[65, 1], edge_index=[2, 78], edge_attr=[78, 3], y=7.0, custom_label=0.875, min_label=0, max_label=8, instance_name='p25.txt');0.875;0.23499329388141632;0.01602289266884327;0.0
Data(x=[65, 1], edge_index=[2, 78], edge_attr=[78, 3], y=6.0, custom_label=0.75, min_label=0, max_label=8, instance_name='p25.txt');0.75;0.23499329388141632;0.01602289266884327;0.0
Data(x=[65, 1], edge_index=[2, 78], edge_attr=[78, 3], y=5.0, custom_label=0.625, min_label=0, max_label=8, instance_name='p25.txt');0.625;0.23499329388141632;0.01602289266884327;0.0
Data(x=[65, 1], edge_index=[2, 78], edge_attr=[78, 3], y=4.0, custom_label=0.5, min_label=0, max_label=8, instance_name='p25.txt');0.5;0.23499329388141632;0.01602289266884327;0.0
Data(x=[65, 1], edge_index=[2, 78], edge_attr=[78, 3], y=3.0, custom_label=0.375, min_label=0, max_label=8, instance_name='p25.txt');0.375;0.23499329388141632;0.016022883355617523;0.0
Data(x=[65, 1], edge_index=[2, 78], edge_attr=[78, 3], y=2.0, custom_label=0.25, min_label=0, max_label=8, instance_name='p25.txt');0.25;0.23499329388141632;0.013876764103770256;0.0
Data(x=[65, 1], edge_index=[2, 78], edge_attr=[78, 3], y=1.0, custom_label=0.125, min_label=0, max_label=8, instance_name='p25.txt');0.125;0.23499329388141632;0.016022898256778717;0.0
Data(x=[66, 1], edge_index=[2, 80], edge_attr=[80, 3], y=0.0, custom_label=0.0, min_label=0, max_label=8, instance_name='p25.txt');0.0;0.23499329388141632;9.91545311990194e-06;0.0
Data(x=[43, 1], edge_index=[2, 56], edge_attr=[56, 3], y=0.0, custom_label=0.0, min_label=0, max_label=8, instance_name='p25.txt');0.0;0.23499329388141632;6.904604674673465e-07;0.0
Data(x=[46, 1], edge_index=[2, 60], edge_attr=[60, 3], y=0.0, custom_label=0.0, min_label=0, max_label=8, instance_name='p25.txt');0.0;0.23499329388141632;1.1065810667787446e-06;0.0
Data(x=[58, 1], edge_index=[2, 70], edge_attr=[70, 3], y=0.0, custom_label=0.0, min_label=0, max_label=8, instance_name='p25.txt');0.0;0.23499329388141632;1.7943688362720422e-05;4.0150612790057494e-07
Data(x=[60, 1], edge_index=[2, 76], edge_attr=[76, 3], y=0.0, custom_label=0.0, min_label=0, max_label=8, instance_name='p25.txt');0.0;0.23499329388141632;2.112429228873225e-06;0.0
Data(x=[53, 1], edge_index=[2, 66], edge_attr=[66, 3], y=6.0, custom_label=0.75, min_label=0, max_label=8, instance_name='p25.txt');0.75;0.23499329388141632;0.010955174453556538;0.0
Data(x=[52, 1], edge_index=[2, 64], edge_attr=[64, 3], y=5.0, custom_label=0.625, min_label=0, max_label=8, instance_name='p25.txt');0.625;0.23499329388141632;0.0329633466899395;0.0
Data(x=[52, 1], edge_index=[2, 64], edge_attr=[64, 3], y=4.0, custom_label=0.5, min_label=0, max_label=8, instance_name='p25.txt');0.5;0.23499329388141632;0.032963357865810394;0.0
Data(x=[52, 1], edge_index=[2, 64], edge_attr=[64, 3], y=3.0, custom_label=0.375, min_label=0, max_label=8, instance_name='p25.txt');0.375;0.23499329388141632;0.0329633466899395;0.0
Data(x=[52, 1], edge_index=[2, 64], edge_attr=[64, 3], y=2.0, custom_label=0.25, min_label=0, max_label=8, instance_name='p25.txt');0.25;0.23499329388141632;0.032963357865810394;0.0
Data(x=[52, 1], edge_index=[2, 64], edge_attr=[64, 3], y=1.0, custom_label=0.125, min_label=0, max_label=8, instance_name='p25.txt');0.125;0.23499329388141632;0.010899201966822147;0.0
Data(x=[53, 1], edge_index=[2, 66], edge_attr=[66, 3], y=0.0, custom_label=0.0, min_label=0, max_label=8, instance_name='p25.txt');0.0;0.23499329388141632;1.1050771036025253e-06;0.0
Data(x=[55, 1], edge_index=[2, 70], edge_attr=[70, 3], y=0.0, custom_label=0.0, min_label=0, max_label=8, instance_name='p25.txt');0.0;0.23499329388141632;1.2474508821469499e-06;0.0
Data(x=[51, 1], edge_index=[2, 64], edge_attr=[64, 3], y=0.0, custom_label=0.0, min_label=0, max_label=8, instance_name='p25.txt');0.0;0.23499329388141632;4.315605565352598e-06;4.0150612790057494e-07
Data(x=[54, 1], edge_index=[2, 68], edge_attr=[68, 3], y=0.0, custom_label=0.0, min_label=0, max_label=8, instance_name='p25.txt');0.0;0.23499329388141632;6.171648010422359e-07;4.0150612790057494e-07
Data(x=[63, 1], edge_index=[2, 78], edge_attr=[78, 3], y=0.0, custom_label=0.0, min_label=0, max_label=8, instance_name='p25.txt');0.0;0.23499329388141632;1.2119859320591786e-06;0.0
Data(x=[57, 1], edge_index=[2, 72], edge_attr=[72, 3], y=0.0, custom_label=0.0, min_label=0, max_label=8, instance_name='p25.txt');0.0;0.23499329388141632;1.524792082818749e-06;0.0
Data(x=[56, 1], edge_index=[2, 72], edge_attr=[72, 3], y=2.0, custom_label=0.25, min_label=0, max_label=8, instance_name='p25.txt');0.25;0.23499329388141632;0.00019262325076851994;4.0150612790057494e-07
Data(x=[55, 1], edge_index=[2, 70], edge_attr=[70, 3], y=1.0, custom_label=0.125, min_label=0, max_label=8, instance_name='p25.txt');0.125;0.23499329388141632;0.0009616370080038905;0.0
Data(x=[56, 1], edge_index=[2, 72], edge_attr=[72, 3], y=0.0, custom_label=0.0, min_label=0, max_label=8, instance_name='p25.txt');0.0;0.23499329388141632;1.3769042084277316e-07;4.0150612790057494e-07
Data(x=[43, 1], edge_index=[2, 58], edge_attr=[58, 3], y=0.0, custom_label=0.0, min_label=0, max_label=8, instance_name='p25.txt');0.0;0.23499329388141632;5.599347474571914e-08;0.0
Data(x=[58, 1], edge_index=[2, 72], edge_attr=[72, 3], y=0.0, custom_label=0.0, min_label=0, max_label=8, instance_name='p25.txt');0.0;0.23499329388141632;2.804775022013928e-06;0.0
Data(x=[54, 1], edge_index=[2, 68], edge_attr=[68, 3], y=1.0, custom_label=0.125, min_label=0, max_label=8, instance_name='p25.txt');0.125;0.23499329388141632;0.02641735039651394;0.0
Data(x=[55, 1], edge_index=[2, 70], edge_attr=[70, 3], y=0.0, custom_label=0.0, min_label=0, max_label=8, instance_name='p25.txt');0.0;0.23499329388141632;5.454347956401762e-06;0.0
Data(x=[55, 1], edge_index=[2, 70], edge_attr=[70, 3], y=0.0, custom_label=0.0, min_label=0, max_label=8, instance_name='p25.txt');0.0;0.23499329388141632;1.2474508821469499e-06;4.0150612790057494e-07
Data(x=[55, 1], edge_index=[2, 68], edge_attr=[68, 3], y=6.0, custom_label=0.75, min_label=0, max_label=8, instance_name='p25.txt');0.75;0.23499329388141632;0.00991289783269167;4.0150612790057494e-07
Data(x=[55, 1], edge_index=[2, 68], edge_attr=[68, 3], y=5.0, custom_label=0.625, min_label=0, max_label=8, instance_name='p25.txt');0.625;0.23499329388141632;0.009912887588143349;4.0150612790057494e-07
Data(x=[55, 1], edge_index=[2, 68], edge_attr=[68, 3], y=4.0, custom_label=0.5, min_label=0, max_label=8, instance_name='p25.txt');0.5;0.23499329388141632;0.00991289783269167;4.0150612790057494e-07
Data(x=[55, 1], edge_index=[2, 68], edge_attr=[68, 3], y=3.0, custom_label=0.375, min_label=0, max_label=8, instance_name='p25.txt');0.375;0.23499329388141632;0.009912887588143349;4.0150612790057494e-07
Data(x=[55, 1], edge_index=[2, 68], edge_attr=[68, 3], y=2.0, custom_label=0.25, min_label=0, max_label=8, instance_name='p25.txt');0.25;0.23499329388141632;0.00991289783269167;4.0150612790057494e-07
Data(x=[55, 1], edge_index=[2, 68], edge_attr=[68, 3], y=1.0, custom_label=0.125, min_label=0, max_label=8, instance_name='p25.txt');0.125;0.23499329388141632;0.00991289783269167;4.0150612790057494e-07
Data(x=[56, 1], edge_index=[2, 70], edge_attr=[70, 3], y=0.0, custom_label=0.0, min_label=0, max_label=8, instance_name='p25.txt');0.0;0.23499329388141632;8.219617484428454e-06;4.0150612790057494e-07
Data(x=[65, 1], edge_index=[2, 80], edge_attr=[80, 3], y=1.0, custom_label=0.125, min_label=0, max_label=8, instance_name='p25.txt');0.125;0.23499329388141632;0.00355168548412621;0.0
Data(x=[65, 1], edge_index=[2, 80], edge_attr=[80, 3], y=0.0, custom_label=0.0, min_label=0, max_label=8, instance_name='p25.txt');0.0;0.23499329388141632;1.7139803958343691e-06;0.0
Data(x=[57, 1], edge_index=[2, 68], edge_attr=[68, 3], y=5.0, custom_label=0.625, min_label=0, max_label=8, instance_name='p25.txt');0.625;0.23499329388141632;0.18748155236244202;4.0150612790057494e-07
Data(x=[58, 1], edge_index=[2, 70], edge_attr=[70, 3], y=4.0, custom_label=0.5, min_label=0, max_label=8, instance_name='p25.txt');0.5;0.23499329388141632;0.03644557669758797;4.0150612790057494e-07
Data(x=[57, 1], edge_index=[2, 68], edge_attr=[68, 3], y=3.0, custom_label=0.375, min_label=0, max_label=8, instance_name='p25.txt');0.375;0.23499329388141632;0.18748155236244202;4.0150612790057494e-07
Data(x=[58, 1], edge_index=[2, 70], edge_attr=[70, 3], y=2.0, custom_label=0.25, min_label=0, max_label=8, instance_name='p25.txt');0.25;0.23499329388141632;0.03644557669758797;4.0150612790057494e-07
Data(x=[58, 1], edge_index=[2, 70], edge_attr=[70, 3], y=1.0, custom_label=0.125, min_label=0, max_label=8, instance_name='p25.txt');0.125;0.23499329388141632;0.03644557669758797;4.0150612790057494e-07
Data(x=[59, 1], edge_index=[2, 72], edge_attr=[72, 3], y=0.0, custom_label=0.0, min_label=0, max_label=8, instance_name='p25.txt');0.0;0.23499329388141632;1.6511996363988146e-05;4.0150612790057494e-07
Data(x=[59, 1], edge_index=[2, 74], edge_attr=[74, 3], y=0.0, custom_label=0.0, min_label=0, max_label=6, instance_name='p26.txt');0.0;0.23499329388141632;2.660971176737803e-06;4.0150612790057494e-07
Data(x=[54, 1], edge_index=[2, 66], edge_attr=[66, 3], y=0.0, custom_label=0.0, min_label=0, max_label=6, instance_name='p26.txt');0.0;0.23499329388141632;9.56207441049628e-06;4.0150612790057494e-07
Data(x=[52, 1], edge_index=[2, 66], edge_attr=[66, 3], y=0.0, custom_label=0.0, min_label=0, max_label=6, instance_name='p26.txt');0.0;0.23499329388141632;8.475751656078501e-07;4.0150612790057494e-07
Data(x=[47, 1], edge_index=[2, 62], edge_attr=[62, 3], y=0.0, custom_label=0.0, min_label=0, max_label=6, instance_name='p26.txt');0.0;0.23499329388141632;1.8767946130537894e-07;0.0
Data(x=[58, 1], edge_index=[2, 72], edge_attr=[72, 3], y=0.0, custom_label=0.0, min_label=0, max_label=6, instance_name='p26.txt');0.0;0.23499329388141632;1.1302230632281862e-05;4.0150612790057494e-07
Data(x=[48, 1], edge_index=[2, 60], edge_attr=[60, 3], y=2.0, custom_label=0.33333334, min_label=0, max_label=6, instance_name='p26.txt');0.3333333432674408;0.23499329388141632;0.009213721379637718;0.0
Data(x=[48, 1], edge_index=[2, 60], edge_attr=[60, 3], y=1.0, custom_label=0.16666667, min_label=0, max_label=6, instance_name='p26.txt');0.1666666716337204;0.23499329388141632;0.011248437687754631;0.0
Data(x=[49, 1], edge_index=[2, 62], edge_attr=[62, 3], y=0.0, custom_label=0.0, min_label=0, max_label=6, instance_name='p26.txt');0.0;0.23499329388141632;5.498629320754844e-07;0.0
Data(x=[49, 1], edge_index=[2, 62], edge_attr=[62, 3], y=0.0, custom_label=0.0, min_label=0, max_label=6, instance_name='p26.txt');0.0;0.23499329388141632;2.883391971408855e-06;0.0
Data(x=[60, 1], edge_index=[2, 74], edge_attr=[74, 3], y=0.0, custom_label=0.0, min_label=0, max_label=6, instance_name='p26.txt');0.0;0.23499329388141632;8.648494258522987e-07;0.0
Data(x=[51, 1], edge_index=[2, 64], edge_attr=[64, 3], y=0.0, custom_label=0.0, min_label=0, max_label=6, instance_name='p26.txt');0.0;0.23499329388141632;4.315605565352598e-06;4.0150612790057494e-07
Data(x=[54, 1], edge_index=[2, 70], edge_attr=[70, 3], y=0.0, custom_label=0.0, min_label=0, max_label=6, instance_name='p26.txt');0.0;0.23499329388141632;3.5648026823764667e-06;0.0
Data(x=[58, 1], edge_index=[2, 72], edge_attr=[72, 3], y=0.0, custom_label=0.0, min_label=0, max_label=6, instance_name='p26.txt');0.0;0.23499329388141632;2.804775022013928e-06;0.0
Data(x=[51, 1], edge_index=[2, 64], edge_attr=[64, 3], y=0.0, custom_label=0.0, min_label=0, max_label=6, instance_name='p26.txt');0.0;0.23499329388141632;8.789414209786628e-07;4.0150612790057494e-07
Data(x=[54, 1], edge_index=[2, 66], edge_attr=[66, 3], y=0.0, custom_label=0.0, min_label=0, max_label=6, instance_name='p26.txt');0.0;0.23499329388141632;1.7515767467557453e-06;4.0150612790057494e-07
Data(x=[54, 1], edge_index=[2, 68], edge_attr=[68, 3], y=0.0, custom_label=0.0, min_label=0, max_label=6, instance_name='p26.txt');0.0;0.23499329388141632;1.3002796777072945e-06;0.0
Data(x=[65, 1], edge_index=[2, 80], edge_attr=[80, 3], y=0.0, custom_label=0.0, min_label=0, max_label=6, instance_name='p26.txt');0.0;0.23499329388141632;6.995013336563716e-06;0.0
Data(x=[64, 1], edge_index=[2, 78], edge_attr=[78, 3], y=0.0, custom_label=0.0, min_label=0, max_label=6, instance_name='p26.txt');0.0;0.23499329388141632;2.619241422507912e-05;4.0150612790057494e-07
Data(x=[57, 1], edge_index=[2, 70], edge_attr=[70, 3], y=0.0, custom_label=0.0, min_label=0, max_label=6, instance_name='p26.txt');0.0;0.23499329388141632;2.961822019642568e-06;0.0
Data(x=[50, 1], edge_index=[2, 64], edge_attr=[64, 3], y=0.0, custom_label=0.0, min_label=0, max_label=6, instance_name='p26.txt');0.0;0.23499329388141632;2.387825759342377e-07;0.0
Data(x=[55, 1], edge_index=[2, 70], edge_attr=[70, 3], y=0.0, custom_label=0.0, min_label=0, max_label=6, instance_name='p26.txt');0.0;0.23499329388141632;5.454342954180902e-06;0.0
Data(x=[50, 1], edge_index=[2, 64], edge_attr=[64, 3], y=0.0, custom_label=0.0, min_label=0, max_label=6, instance_name='p26.txt');0.0;0.23499329388141632;5.348946388039622e-07;4.0150612790057494e-07
Data(x=[53, 1], edge_index=[2, 68], edge_attr=[68, 3], y=2.0, custom_label=0.33333334, min_label=0, max_label=6, instance_name='p26.txt');0.3333333432674408;0.23499329388141632;0.007105169352144003;0.0
Data(x=[52, 1], edge_index=[2, 66], edge_attr=[66, 3], y=1.0, custom_label=0.16666667, min_label=0, max_label=6, instance_name='p26.txt');0.1666666716337204;0.23499329388141632;0.025277523323893547;0.0
Data(x=[53, 1], edge_index=[2, 68], edge_attr=[68, 3], y=0.0, custom_label=0.0, min_label=0, max_label=6, instance_name='p26.txt');0.0;0.23499329388141632;3.790180016949307e-06;0.0
Data(x=[57, 1], edge_index=[2, 72], edge_attr=[72, 3], y=0.0, custom_label=0.0, min_label=0, max_label=6, instance_name='p26.txt');0.0;0.23499329388141632;7.651220585103147e-06;0.0
Data(x=[53, 1], edge_index=[2, 66], edge_attr=[66, 3], y=3.0, custom_label=0.5, min_label=0, max_label=6, instance_name='p26.txt');0.5;0.23499329388141632;0.010955163277685642;0.0
Data(x=[53, 1], edge_index=[2, 66], edge_attr=[66, 3], y=2.0, custom_label=0.33333334, min_label=0, max_label=6, instance_name='p26.txt');0.3333333432674408;0.23499329388141632;0.009135844185948372;0.0
Data(x=[53, 1], edge_index=[2, 66], edge_attr=[66, 3], y=1.0, custom_label=0.16666667, min_label=0, max_label=6, instance_name='p26.txt');0.1666666716337204;0.23499329388141632;0.0023072143085300922;4.0150612790057494e-07
Data(x=[54, 1], edge_index=[2, 68], edge_attr=[68, 3], y=0.0, custom_label=0.0, min_label=0, max_label=6, instance_name='p26.txt');0.0;0.23499329388141632;1.3002796777072945e-06;0.0
Data(x=[48, 1], edge_index=[2, 62], edge_attr=[62, 3], y=0.0, custom_label=0.0, min_label=0, max_label=6, instance_name='p26.txt');0.0;0.23499329388141632;3.248610482842196e-07;0.0
Data(x=[60, 1], edge_index=[2, 76], edge_attr=[76, 3], y=0.0, custom_label=0.0, min_label=0, max_label=6, instance_name='p26.txt');0.0;0.23499329388141632;5.506832394530647e-07;0.0
Data(x=[59, 1], edge_index=[2, 74], edge_attr=[74, 3], y=0.0, custom_label=0.0, min_label=0, max_label=6, instance_name='p26.txt');0.0;0.23499329388141632;5.647679586218146e-07;0.0
Data(x=[47, 1], edge_index=[2, 60], edge_attr=[60, 3], y=0.0, custom_label=0.0, min_label=0, max_label=6, instance_name='p26.txt');0.0;0.23499329388141632;3.3081656169997586e-07;4.0150612790057494e-07
Data(x=[60, 1], edge_index=[2, 72], edge_attr=[72, 3], y=0.0, custom_label=0.0, min_label=0, max_label=6, instance_name='p26.txt');0.0;0.23499329388141632;2.3823309675208293e-05;4.0150612790057494e-07
Data(x=[54, 1], edge_index=[2, 68], edge_attr=[68, 3], y=0.0, custom_label=0.0, min_label=0, max_label=6, instance_name='p26.txt');0.0;0.23499329388141632;1.3002796777072945e-06;0.0
Data(x=[45, 1], edge_index=[2, 58], edge_attr=[58, 3], y=0.0, custom_label=0.0, min_label=0, max_label=6, instance_name='p26.txt');0.0;0.23499329388141632;1.1579330703170854e-06;0.0
Data(x=[44, 1], edge_index=[2, 58], edge_attr=[58, 3], y=0.0, custom_label=0.0, min_label=0, max_label=6, instance_name='p26.txt');0.0;0.23499329388141632;1.0459103094717648e-07;0.0
Data(x=[55, 1], edge_index=[2, 70], edge_attr=[70, 3], y=0.0, custom_label=0.0, min_label=0, max_label=6, instance_name='p26.txt');0.0;0.23499329388141632;1.2474508821469499e-06;4.0150612790057494e-07
Data(x=[52, 1], edge_index=[2, 66], edge_attr=[66, 3], y=0.0, custom_label=0.0, min_label=0, max_label=6, instance_name='p26.txt');0.0;0.23499329388141632;3.909259191914316e-07;0.0
Data(x=[61, 1], edge_index=[2, 74], edge_attr=[74, 3], y=0.0, custom_label=0.0, min_label=0, max_label=6, instance_name='p26.txt');0.0;0.23499329388141632;2.1879917767364532e-05;0.0
Data(x=[50, 1], edge_index=[2, 64], edge_attr=[64, 3], y=0.0, custom_label=0.0, min_label=0, max_label=6, instance_name='p26.txt');0.0;0.23499329388141632;5.348946388039622e-07;0.0
Data(x=[56, 1], edge_index=[2, 68], edge_attr=[68, 3], y=0.0, custom_label=0.0, min_label=0, max_label=6, instance_name='p26.txt');0.0;0.23499329388141632;1.3244619367469568e-05;0.0
Data(x=[46, 1], edge_index=[2, 60], edge_attr=[60, 3], y=0.0, custom_label=0.0, min_label=0, max_label=6, instance_name='p26.txt');0.0;0.23499329388141632;1.3392300601822171e-08;4.0150612790057494e-07
Data(x=[37, 1], edge_index=[2, 52], edge_attr=[52, 3], y=0.0, custom_label=0.0, min_label=0, max_label=6, instance_name='p26.txt');0.0;0.23499329388141632;5.644758438450026e-09;0.0
Data(x=[54, 1], edge_index=[2, 68], edge_attr=[68, 3], y=0.0, custom_label=0.0, min_label=0, max_label=6, instance_name='p26.txt');0.0;0.23499329388141632;5.838409379066434e-06;4.0150612790057494e-07
Data(x=[49, 1], edge_index=[2, 62], edge_attr=[62, 3], y=0.0, custom_label=0.0, min_label=0, max_label=6, instance_name='p26.txt');0.0;0.23499329388141632;2.883391971408855e-06;0.0
Data(x=[62, 1], edge_index=[2, 78], edge_attr=[78, 3], y=0.0, custom_label=0.0, min_label=0, max_label=6, instance_name='p26.txt');0.0;0.23499329388141632;1.8587448948892416e-06;0.0
Data(x=[53, 1], edge_index=[2, 68], edge_attr=[68, 3], y=0.0, custom_label=0.0, min_label=0, max_label=6, instance_name='p26.txt');0.0;0.23499329388141632;8.190767744054028e-07;0.0
Data(x=[59, 1], edge_index=[2, 74], edge_attr=[74, 3], y=0.0, custom_label=0.0, min_label=0, max_label=6, instance_name='p26.txt');0.0;0.23499329388141632;3.4303525353607256e-07;4.0150612790057494e-07
Data(x=[55, 1], edge_index=[2, 70], edge_attr=[70, 3], y=0.0, custom_label=0.0, min_label=0, max_label=6, instance_name='p26.txt');0.0;0.23499329388141632;1.2474521327021648e-06;0.0
Data(x=[60, 1], edge_index=[2, 76], edge_attr=[76, 3], y=0.0, custom_label=0.0, min_label=0, max_label=6, instance_name='p26.txt');0.0;0.23499329388141632;2.530269512135419e-06;4.0150612790057494e-07
Data(x=[49, 1], edge_index=[2, 62], edge_attr=[62, 3], y=4.0, custom_label=0.6666667, min_label=0, max_label=6, instance_name='p26.txt');0.6666666865348816;0.23499329388141632;0.00212133233435452;4.0150612790057494e-07
Data(x=[48, 1], edge_index=[2, 60], edge_attr=[60, 3], y=3.0, custom_label=0.5, min_label=0, max_label=6, instance_name='p26.txt');0.5;0.23499329388141632;0.011248442344367504;4.0150612790057494e-07
Data(x=[48, 1], edge_index=[2, 60], edge_attr=[60, 3], y=2.0, custom_label=0.33333334, min_label=0, max_label=6, instance_name='p26.txt');0.3333333432674408;0.23499329388141632;0.009213712997734547;4.0150612790057494e-07
Data(x=[48, 1], edge_index=[2, 60], edge_attr=[60, 3], y=1.0, custom_label=0.16666667, min_label=0, max_label=6, instance_name='p26.txt');0.1666666716337204;0.23499329388141632;0.00204960023984313;4.0150612790057494e-07
Data(x=[49, 1], edge_index=[2, 62], edge_attr=[62, 3], y=0.0, custom_label=0.0, min_label=0, max_label=6, instance_name='p26.txt');0.0;0.23499329388141632;5.498629320754844e-07;4.0150612790057494e-07
Data(x=[54, 1], edge_index=[2, 68], edge_attr=[68, 3], y=6.0, custom_label=1.0, min_label=0, max_label=6, instance_name='p26.txt');1.0;0.23499329388141632;0.0001196050870930776;4.0150612790057494e-07
Data(x=[54, 1], edge_index=[2, 68], edge_attr=[68, 3], y=5.0, custom_label=0.8333333, min_label=0, max_label=6, instance_name='p26.txt');0.8333333134651184;0.23499329388141632;0.0001196050870930776;4.0150612790057494e-07
Data(x=[54, 1], edge_index=[2, 68], edge_attr=[68, 3], y=4.0, custom_label=0.6666667, min_label=0, max_label=6, instance_name='p26.txt');0.6666666865348816;0.23499329388141632;0.0001196050870930776;4.0150612790057494e-07
Data(x=[54, 1], edge_index=[2, 68], edge_attr=[68, 3], y=3.0, custom_label=0.5, min_label=0, max_label=6, instance_name='p26.txt');0.5;0.23499329388141632;0.00028937376919202507;4.0150612790057494e-07
Data(x=[54, 1], edge_index=[2, 68], edge_attr=[68, 3], y=2.0, custom_label=0.33333334, min_label=0, max_label=6, instance_name='p26.txt');0.3333333432674408;0.23499329388141632;0.0001196050870930776;4.0150612790057494e-07
Data(x=[54, 1], edge_index=[2, 68], edge_attr=[68, 3], y=1.0, custom_label=0.16666667, min_label=0, max_label=6, instance_name='p26.txt');0.1666666716337204;0.23499329388141632;0.0001196050870930776;4.0150612790057494e-07
Data(x=[54, 1], edge_index=[2, 68], edge_attr=[68, 3], y=0.0, custom_label=0.0, min_label=0, max_label=6, instance_name='p26.txt');0.0;0.23499329388141632;6.171648010422359e-07;4.0150612790057494e-07
Data(x=[62, 1], edge_index=[2, 76], edge_attr=[76, 3], y=0.0, custom_label=0.0, min_label=0, max_label=6, instance_name='p26.txt');0.0;0.23499329388141632;2.0150821001152508e-05;0.0
Data(x=[52, 1], edge_index=[2, 64], edge_attr=[64, 3], y=0.0, custom_label=0.0, min_label=0, max_label=6, instance_name='p26.txt');0.0;0.23499329388141632;6.7422943175188266e-06;4.0150612790057494e-07
Data(x=[56, 1], edge_index=[2, 72], edge_attr=[72, 3], y=0.0, custom_label=0.0, min_label=0, max_label=6, instance_name='p26.txt');0.0;0.23499329388141632;1.581626563051941e-08;4.0150612790057494e-07
Data(x=[54, 1], edge_index=[2, 66], edge_attr=[66, 3], y=2.0, custom_label=0.33333334, min_label=0, max_label=6, instance_name='p26.txt');0.3333333432674408;0.23499329388141632;0.013956130482256413;0.0
Data(x=[53, 1], edge_index=[2, 64], edge_attr=[64, 3], y=1.0, custom_label=0.16666667, min_label=0, max_label=6, instance_name='p26.txt');0.1666666716337204;0.23499329388141632;0.037193864583969116;0.0
Data(x=[54, 1], edge_index=[2, 66], edge_attr=[66, 3], y=0.0, custom_label=0.0, min_label=0, max_label=6, instance_name='p26.txt');0.0;0.23499329388141632;1.7515767467557453e-06;4.0150612790057494e-07
Data(x=[47, 1], edge_index=[2, 60], edge_attr=[60, 3], y=0.0, custom_label=0.0, min_label=0, max_label=6, instance_name='p26.txt');0.0;0.23499329388141632;2.4931411601869513e-08;4.0150612790057494e-07
Data(x=[58, 1], edge_index=[2, 72], edge_attr=[72, 3], y=0.0, custom_label=0.0, min_label=0, max_label=6, instance_name='p26.txt');0.0;0.23499329388141632;2.804775022013928e-06;0.0
Data(x=[49, 1], edge_index=[2, 64], edge_attr=[64, 3], y=0.0, custom_label=0.0, min_label=0, max_label=6, instance_name='p26.txt');0.0;0.23499329388141632;1.4019003913290362e-07;0.0
Data(x=[64, 1], edge_index=[2, 78], edge_attr=[78, 3], y=6.0, custom_label=1.0, min_label=0, max_label=6, instance_name='p26.txt');1.0;0.23499329388141632;0.0022240406833589077;0.0
Data(x=[64, 1], edge_index=[2, 78], edge_attr=[78, 3], y=5.0, custom_label=0.8333333, min_label=0, max_label=6, instance_name='p26.txt');0.8333333134651184;0.23499329388141632;0.0022240406833589077;0.0
Data(x=[64, 1], edge_index=[2, 78], edge_attr=[78, 3], y=4.0, custom_label=0.6666667, min_label=0, max_label=6, instance_name='p26.txt');0.6666666865348816;0.23499329388141632;0.0005342572694644332;0.0
Data(x=[64, 1], edge_index=[2, 78], edge_attr=[78, 3], y=3.0, custom_label=0.5, min_label=0, max_label=6, instance_name='p26.txt');0.5;0.23499329388141632;0.0022240395192056894;0.0
Data(x=[64, 1], edge_index=[2, 78], edge_attr=[78, 3], y=2.0, custom_label=0.33333334, min_label=0, max_label=6, instance_name='p26.txt');0.3333333432674408;0.23499329388141632;0.001876238384284079;0.0
Data(x=[64, 1], edge_index=[2, 78], edge_attr=[78, 3], y=1.0, custom_label=0.16666667, min_label=0, max_label=6, instance_name='p26.txt');0.1666666716337204;0.23499329388141632;0.0022240395192056894;0.0
Data(x=[65, 1], edge_index=[2, 80], edge_attr=[80, 3], y=0.0, custom_label=0.0, min_label=0, max_label=6, instance_name='p26.txt');0.0;0.23499329388141632;1.0900902225330356e-06;0.0
Data(x=[62, 1], edge_index=[2, 78], edge_attr=[78, 3], y=0.0, custom_label=0.0, min_label=0, max_label=6, instance_name='p26.txt');0.0;0.23499329388141632;8.123532779791276e-07;0.0
Data(x=[55, 1], edge_index=[2, 68], edge_attr=[68, 3], y=0.0, custom_label=0.0, min_label=0, max_label=6, instance_name='p26.txt');0.0;0.23499329388141632;2.0318639144534245e-06;0.0
Data(x=[65, 1], edge_index=[2, 80], edge_attr=[80, 3], y=0.0, custom_label=0.0, min_label=0, max_label=6, instance_name='p26.txt');0.0;0.23499329388141632;6.995020157773979e-06;4.0150612790057494e-07
Data(x=[59, 1], edge_index=[2, 72], edge_attr=[72, 3], y=0.0, custom_label=0.0, min_label=0, max_label=6, instance_name='p26.txt');0.0;0.23499329388141632;1.6511996363988146e-05;0.0
Data(x=[54, 1], edge_index=[2, 68], edge_attr=[68, 3], y=0.0, custom_label=0.0, min_label=0, max_label=6, instance_name='p26.txt');0.0;0.23499329388141632;1.3002796777072945e-06;4.0150612790057494e-07
Data(x=[51, 1], edge_index=[2, 64], edge_attr=[64, 3], y=0.0, custom_label=0.0, min_label=0, max_label=6, instance_name='p26.txt');0.0;0.23499329388141632;7.095194973771868e-07;4.0150612790057494e-07
Data(x=[56, 1], edge_index=[2, 70], edge_attr=[70, 3], y=0.0, custom_label=0.0, min_label=0, max_label=6, instance_name='p26.txt');0.0;0.23499329388141632;8.219617484428454e-06;0.0
Data(x=[58, 1], edge_index=[2, 72], edge_attr=[72, 3], y=0.0, custom_label=0.0, min_label=0, max_label=6, instance_name='p26.txt');0.0;0.23499329388141632;1.1302220627840143e-05;4.0150612790057494e-07
Data(x=[46, 1], edge_index=[2, 60], edge_attr=[60, 3], y=0.0, custom_label=0.0, min_label=0, max_label=6, instance_name='p26.txt');0.0;0.23499329388141632;1.3392352116170514e-08;4.0150612790057494e-07
Data(x=[39, 1], edge_index=[2, 52], edge_attr=[52, 3], y=0.0, custom_label=0.0, min_label=0, max_label=6, instance_name='p26.txt');0.0;0.23499329388141632;2.0986233550956968e-07;0.0
Data(x=[48, 1], edge_index=[2, 62], edge_attr=[62, 3], y=0.0, custom_label=0.0, min_label=0, max_label=6, instance_name='p26.txt');0.0;0.23499329388141632;3.248610482842196e-07;4.0150612790057494e-07
Data(x=[59, 1], edge_index=[2, 72], edge_attr=[72, 3], y=3.0, custom_label=0.5, min_label=0, max_label=6, instance_name='p26.txt');0.5;0.23499329388141632;0.013491712510585785;0.0
Data(x=[59, 1], edge_index=[2, 72], edge_attr=[72, 3], y=2.0, custom_label=0.33333334, min_label=0, max_label=6, instance_name='p26.txt');0.3333333432674408;0.23499329388141632;0.013491712510585785;0.0
Data(x=[59, 1], edge_index=[2, 72], edge_attr=[72, 3], y=1.0, custom_label=0.16666667, min_label=0, max_label=6, instance_name='p26.txt');0.1666666716337204;0.23499329388141632;0.013491712510585785;0.0
Data(x=[60, 1], edge_index=[2, 74], edge_attr=[74, 3], y=0.0, custom_label=0.0, min_label=0, max_label=6, instance_name='p26.txt');0.0;0.23499329388141632;3.96928680856945e-06;0.0
Data(x=[57, 1], edge_index=[2, 72], edge_attr=[72, 3], y=0.0, custom_label=0.0, min_label=0, max_label=6, instance_name='p26.txt');0.0;0.23499329388141632;1.8459130615156027e-06;0.0
Data(x=[52, 1], edge_index=[2, 66], edge_attr=[66, 3], y=0.0, custom_label=0.0, min_label=0, max_label=6, instance_name='p26.txt');0.0;0.23499329388141632;8.475767572235782e-07;4.0150612790057494e-07
Data(x=[65, 1], edge_index=[2, 80], edge_attr=[80, 3], y=0.0, custom_label=0.0, min_label=0, max_label=6, instance_name='p26.txt');0.0;0.23499329388141632;1.7139803958343691e-06;0.0
Data(x=[67, 1], edge_index=[2, 82], edge_attr=[82, 3], y=0.0, custom_label=0.0, min_label=0, max_label=6, instance_name='p26.txt');0.0;0.23499329388141632;1.5305657825592789e-06;4.0150612790057494e-07
Data(x=[59, 1], edge_index=[2, 70], edge_attr=[70, 3], y=6.0, custom_label=1.0, min_label=0, max_label=6, instance_name='p26.txt');1.0;0.23499329388141632;0.04060850664973259;4.0150612790057494e-07
Data(x=[59, 1], edge_index=[2, 70], edge_attr=[70, 3], y=5.0, custom_label=0.8333333, min_label=0, max_label=6, instance_name='p26.txt');0.8333333134651184;0.23499329388141632;0.040608521550893784;4.0150612790057494e-07
Data(x=[59, 1], edge_index=[2, 70], edge_attr=[70, 3], y=4.0, custom_label=0.6666667, min_label=0, max_label=6, instance_name='p26.txt');0.6666666865348816;0.23499329388141632;0.04060850664973259;4.0150612790057494e-07
Data(x=[59, 1], edge_index=[2, 70], edge_attr=[70, 3], y=3.0, custom_label=0.5, min_label=0, max_label=6, instance_name='p26.txt');0.5;0.23499329388141632;0.040608521550893784;4.0150612790057494e-07
Data(x=[59, 1], edge_index=[2, 70], edge_attr=[70, 3], y=2.0, custom_label=0.33333334, min_label=0, max_label=6, instance_name='p26.txt');0.3333333432674408;0.23499329388141632;0.040608521550893784;4.0150612790057494e-07
Data(x=[59, 1], edge_index=[2, 70], edge_attr=[70, 3], y=1.0, custom_label=0.16666667, min_label=0, max_label=6, instance_name='p26.txt');0.1666666716337204;0.23499329388141632;0.040608521550893784;4.0150612790057494e-07
Data(x=[60, 1], edge_index=[2, 72], edge_attr=[72, 3], y=0.0, custom_label=0.0, min_label=0, max_label=6, instance_name='p26.txt');0.0;0.23499329388141632;2.3823335141059943e-05;4.0150612790057494e-07
Data(x=[66, 1], edge_index=[2, 88], edge_attr=[88, 3], y=0.0, custom_label=0.0, min_label=0, max_label=13, instance_name='p27.txt');0.0;0.23499329388141632;1.2387779690925527e-10;0.0
Data(x=[64, 1], edge_index=[2, 84], edge_attr=[84, 3], y=0.0, custom_label=0.0, min_label=0, max_label=13, instance_name='p27.txt');0.0;0.23499329388141632;2.494753736925759e-08;0.0
Data(x=[66, 1], edge_index=[2, 86], edge_attr=[86, 3], y=0.0, custom_label=0.0, min_label=0, max_label=13, instance_name='p27.txt');0.0;0.23499329388141632;3.935089765150224e-08;0.0
Data(x=[56, 1], edge_index=[2, 76], edge_attr=[76, 3], y=0.0, custom_label=0.0, min_label=0, max_label=13, instance_name='p27.txt');0.0;0.23499329388141632;1.5229456806764574e-08;0.0
Data(x=[65, 1], edge_index=[2, 82], edge_attr=[82, 3], y=1.0, custom_label=0.07692308, min_label=0, max_label=13, instance_name='p27.txt');0.07692307978868484;0.23499329388141632;0.0001245757594006136;4.0150612790057494e-07
Data(x=[65, 1], edge_index=[2, 82], edge_attr=[82, 3], y=0.0, custom_label=0.0, min_label=0, max_label=13, instance_name='p27.txt');0.0;0.23499329388141632;2.407687702543626e-07;4.0150612790057494e-07
Data(x=[57, 1], edge_index=[2, 76], edge_attr=[76, 3], y=0.0, custom_label=0.0, min_label=0, max_label=13, instance_name='p27.txt');0.0;0.23499329388141632;4.97208452188147e-09;0.0
Data(x=[64, 1], edge_index=[2, 84], edge_attr=[84, 3], y=0.0, custom_label=0.0, min_label=0, max_label=13, instance_name='p27.txt');0.0;0.23499329388141632;4.410646958774578e-09;0.0
Data(x=[62, 1], edge_index=[2, 82], edge_attr=[82, 3], y=0.0, custom_label=0.0, min_label=0, max_label=13, instance_name='p27.txt');0.0;0.23499329388141632;1.835118013104875e-08;0.0
Data(x=[61, 1], edge_index=[2, 82], edge_attr=[82, 3], y=4.0, custom_label=0.30769232, min_label=0, max_label=13, instance_name='p27.txt');0.3076923191547394;0.23499329388141632;1.6627589616291516e-07;0.0
Data(x=[60, 1], edge_index=[2, 80], edge_attr=[80, 3], y=3.0, custom_label=0.23076923, min_label=0, max_label=13, instance_name='p27.txt');0.23076923191547394;0.23499329388141632;8.754947202760377e-07;0.0
Data(x=[60, 1], edge_index=[2, 80], edge_attr=[80, 3], y=2.0, custom_label=0.15384616, min_label=0, max_label=13, instance_name='p27.txt');0.1538461595773697;0.23499329388141632;6.454669687627757e-07;0.0
Data(x=[60, 1], edge_index=[2, 80], edge_attr=[80, 3], y=1.0, custom_label=0.07692308, min_label=0, max_label=13, instance_name='p27.txt');0.07692307978868484;0.23499329388141632;6.454657750509796e-07;0.0
Data(x=[60, 1], edge_index=[2, 80], edge_attr=[80, 3], y=0.0, custom_label=0.0, min_label=0, max_label=13, instance_name='p27.txt');0.0;0.23499329388141632;5.608719710892274e-09;0.0
Data(x=[63, 1], edge_index=[2, 82], edge_attr=[82, 3], y=0.0, custom_label=0.0, min_label=0, max_label=13, instance_name='p27.txt');0.0;0.23499329388141632;1.523050308094298e-08;0.0
Data(x=[61, 1], edge_index=[2, 80], edge_attr=[80, 3], y=0.0, custom_label=0.0, min_label=0, max_label=13, instance_name='p27.txt');0.0;0.23499329388141632;1.481748057585719e-08;4.0150612790057494e-07
Data(x=[60, 1], edge_index=[2, 78], edge_attr=[78, 3], y=0.0, custom_label=0.0, min_label=0, max_label=13, instance_name='p27.txt');0.0;0.23499329388141632;8.74927863492303e-09;0.0
Data(x=[59, 1], edge_index=[2, 78], edge_attr=[78, 3], y=1.0, custom_label=0.07692308, min_label=0, max_label=13, instance_name='p27.txt');0.07692307978868484;0.23499329388141632;5.213518306845799e-06;0.0
Data(x=[60, 1], edge_index=[2, 80], edge_attr=[80, 3], y=0.0, custom_label=0.0, min_label=0, max_label=13, instance_name='p27.txt');0.0;0.23499329388141632;3.096825018644722e-10;0.0
Data(x=[63, 1], edge_index=[2, 80], edge_attr=[80, 3], y=0.0, custom_label=0.0, min_label=0, max_label=13, instance_name='p27.txt');0.0;0.23499329388141632;3.713168084118479e-08;4.0150612790057494e-07
Data(x=[57, 1], edge_index=[2, 78], edge_attr=[78, 3], y=0.0, custom_label=0.0, min_label=0, max_label=13, instance_name='p27.txt');0.0;0.23499329388141632;4.437766265574794e-10;0.0
Data(x=[56, 1], edge_index=[2, 72], edge_attr=[72, 3], y=13.0, custom_label=1.0, min_label=0, max_label=13, instance_name='p27.txt');1.0;0.23499329388141632;0.28018614649772644;4.0150612790057494e-07
Data(x=[56, 1], edge_index=[2, 72], edge_attr=[72, 3], y=12.0, custom_label=0.9230769, min_label=0, max_label=13, instance_name='p27.txt');0.9230769276618958;0.23499329388141632;0.28018614649772644;4.0150612790057494e-07
Data(x=[56, 1], edge_index=[2, 72], edge_attr=[72, 3], y=11.0, custom_label=0.84615386, min_label=0, max_label=13, instance_name='p27.txt');0.8461538553237915;0.23499329388141632;0.28018614649772644;4.0150612790057494e-07
Data(x=[56, 1], edge_index=[2, 72], edge_attr=[72, 3], y=10.0, custom_label=0.7692308, min_label=0, max_label=13, instance_name='p27.txt');0.7692307829856873;0.23499329388141632;0.24995578825473785;4.0150612790057494e-07
Data(x=[57, 1], edge_index=[2, 74], edge_attr=[74, 3], y=9.0, custom_label=0.6923077, min_label=0, max_label=13, instance_name='p27.txt');0.692307710647583;0.23499329388141632;0.10842236131429672;4.0150612790057494e-07
Data(x=[57, 1], edge_index=[2, 74], edge_attr=[74, 3], y=8.0, custom_label=0.61538464, min_label=0, max_label=13, instance_name='p27.txt');0.6153846383094788;0.23499329388141632;0.11530264467000961;4.0150612790057494e-07
Data(x=[57, 1], edge_index=[2, 74], edge_attr=[74, 3], y=7.0, custom_label=0.53846157, min_label=0, max_label=13, instance_name='p27.txt');0.5384615659713745;0.23499329388141632;0.11512325704097748;4.0150612790057494e-07
Data(x=[58, 1], edge_index=[2, 76], edge_attr=[76, 3], y=6.0, custom_label=0.46153846, min_label=0, max_label=13, instance_name='p27.txt');0.4615384638309479;0.23499329388141632;0.0012343610869720578;4.0150612790057494e-07
Data(x=[58, 1], edge_index=[2, 76], edge_attr=[76, 3], y=5.0, custom_label=0.3846154, min_label=0, max_label=13, instance_name='p27.txt');0.38461539149284363;0.23499329388141632;0.004451506305485964;4.0150612790057494e-07
Data(x=[58, 1], edge_index=[2, 76], edge_attr=[76, 3], y=4.0, custom_label=0.30769232, min_label=0, max_label=13, instance_name='p27.txt');0.3076923191547394;0.23499329388141632;0.0012343610869720578;4.0150612790057494e-07
Data(x=[59, 1], edge_index=[2, 78], edge_attr=[78, 3], y=3.0, custom_label=0.23076923, min_label=0, max_label=13, instance_name='p27.txt');0.23076923191547394;0.23499329388141632;2.7495869403537654e-07;4.0150612790057494e-07
Data(x=[58, 1], edge_index=[2, 76], edge_attr=[76, 3], y=2.0, custom_label=0.15384616, min_label=0, max_label=13, instance_name='p27.txt');0.1538461595773697;0.23499329388141632;1.5464453326785588e-06;4.0150612790057494e-07
Data(x=[58, 1], edge_index=[2, 76], edge_attr=[76, 3], y=1.0, custom_label=0.07692308, min_label=0, max_label=13, instance_name='p27.txt');0.07692307978868484;0.23499329388141632;1.1282115792710101e-06;4.0150612790057494e-07
Data(x=[59, 1], edge_index=[2, 78], edge_attr=[78, 3], y=0.0, custom_label=0.0, min_label=0, max_label=13, instance_name='p27.txt');0.0;0.23499329388141632;2.7976948535624047e-10;4.0150612790057494e-07
Data(x=[51, 1], edge_index=[2, 70], edge_attr=[70, 3], y=0.0, custom_label=0.0, min_label=0, max_label=13, instance_name='p27.txt');0.0;0.23499329388141632;1.8533645104734653e-11;4.0150612790057494e-07
Data(x=[66, 1], edge_index=[2, 84], edge_attr=[84, 3], y=3.0, custom_label=0.23076923, min_label=0, max_label=13, instance_name='p27.txt');0.23076923191547394;0.23499329388141632;0.00011243226617807522;0.0
Data(x=[66, 1], edge_index=[2, 84], edge_attr=[84, 3], y=2.0, custom_label=0.15384616, min_label=0, max_label=13, instance_name='p27.txt');0.1538461595773697;0.23499329388141632;9.500979649601504e-05;0.0
Data(x=[66, 1], edge_index=[2, 84], edge_attr=[84, 3], y=1.0, custom_label=0.07692308, min_label=0, max_label=13, instance_name='p27.txt');0.07692307978868484;0.23499329388141632;0.00011243226617807522;0.0
Data(x=[67, 1], edge_index=[2, 86], edge_attr=[86, 3], y=0.0, custom_label=0.0, min_label=0, max_label=13, instance_name='p27.txt');0.0;0.23499329388141632;7.039289329213716e-08;0.0
Data(x=[61, 1], edge_index=[2, 82], edge_attr=[82, 3], y=2.0, custom_label=0.15384616, min_label=0, max_label=13, instance_name='p27.txt');0.1538461595773697;0.23499329388141632;1.2190222378194449e-06;4.0150612790057494e-07
Data(x=[60, 1], edge_index=[2, 80], edge_attr=[80, 3], y=1.0, custom_label=0.07692308, min_label=0, max_label=13, instance_name='p27.txt');0.07692307978868484;0.23499329388141632;3.777322854148224e-05;4.0150612790057494e-07
Data(x=[61, 1], edge_index=[2, 82], edge_attr=[82, 3], y=0.0, custom_label=0.0, min_label=0, max_label=13, instance_name='p27.txt');0.0;0.23499329388141632;2.5086905885984834e-09;4.0150612790057494e-07
Data(x=[62, 1], edge_index=[2, 80], edge_attr=[80, 3], y=0.0, custom_label=0.0, min_label=0, max_label=13, instance_name='p27.txt');0.0;0.23499329388141632;1.0471739386730405e-07;4.0150612790057494e-07
Data(x=[65, 1], edge_index=[2, 84], edge_attr=[84, 3], y=0.0, custom_label=0.0, min_label=0, max_label=13, instance_name='p27.txt');0.0;0.23499329388141632;7.033139404200028e-09;0.0
Data(x=[61, 1], edge_index=[2, 78], edge_attr=[78, 3], y=0.0, custom_label=0.0, min_label=0, max_label=13, instance_name='p27.txt');0.0;0.23499329388141632;2.2939612875916282e-08;4.0150612790057494e-07
Data(x=[69, 1], edge_index=[2, 90], edge_attr=[90, 3], y=0.0, custom_label=0.0, min_label=0, max_label=13, instance_name='p27.txt');0.0;0.23499329388141632;7.175580662988068e-08;0.0
Data(x=[52, 1], edge_index=[2, 70], edge_attr=[70, 3], y=0.0, custom_label=0.0, min_label=0, max_label=13, instance_name='p27.txt');0.0;0.23499329388141632;2.6948671072446473e-10;0.0
Data(x=[70, 1], edge_index=[2, 88], edge_attr=[88, 3], y=2.0, custom_label=0.15384616, min_label=0, max_label=13, instance_name='p27.txt');0.1538461595773697;0.23499329388141632;9.062721801456064e-06;0.0
Data(x=[69, 1], edge_index=[2, 86], edge_attr=[86, 3], y=1.0, custom_label=0.07692308, min_label=0, max_label=13, instance_name='p27.txt');0.07692307978868484;0.23499329388141632;0.00018129427917301655;0.0
Data(x=[70, 1], edge_index=[2, 88], edge_attr=[88, 3], y=0.0, custom_label=0.0, min_label=0, max_label=13, instance_name='p27.txt');0.0;0.23499329388141632;1.5569534639325866e-07;0.0
Data(x=[70, 1], edge_index=[2, 90], edge_attr=[90, 3], y=0.0, custom_label=0.0, min_label=0, max_label=13, instance_name='p27.txt');0.0;0.23499329388141632;3.3860644066407986e-07;0.0
Data(x=[54, 1], edge_index=[2, 72], edge_attr=[72, 3], y=0.0, custom_label=0.0, min_label=0, max_label=13, instance_name='p27.txt');0.0;0.23499329388141632;1.4650768376256451e-09;0.0
Data(x=[61, 1], edge_index=[2, 80], edge_attr=[80, 3], y=3.0, custom_label=0.23076923, min_label=0, max_label=13, instance_name='p27.txt');0.23076923191547394;0.23499329388141632;1.1559951417439152e-05;4.0150612790057494e-07
Data(x=[60, 1], edge_index=[2, 78], edge_attr=[78, 3], y=2.0, custom_label=0.15384616, min_label=0, max_label=13, instance_name='p27.txt');0.1538461595773697;0.23499329388141632;1.0343930625822395e-05;4.0150612790057494e-07
Data(x=[60, 1], edge_index=[2, 78], edge_attr=[78, 3], y=1.0, custom_label=0.07692308, min_label=0, max_label=13, instance_name='p27.txt');0.07692307978868484;0.23499329388141632;4.851291669183411e-05;4.0150612790057494e-07
Data(x=[61, 1], edge_index=[2, 80], edge_attr=[80, 3], y=0.0, custom_label=0.0, min_label=0, max_label=13, instance_name='p27.txt');0.0;0.23499329388141632;1.481748057585719e-08;4.0150612790057494e-07
Data(x=[62, 1], edge_index=[2, 82], edge_attr=[82, 3], y=0.0, custom_label=0.0, min_label=0, max_label=13, instance_name='p27.txt');0.0;0.23499329388141632;6.815014330641134e-08;0.0
Data(x=[64, 1], edge_index=[2, 84], edge_attr=[84, 3], y=0.0, custom_label=0.0, min_label=0, max_label=13, instance_name='p27.txt');0.0;0.23499329388141632;6.9825745185880805e-09;0.0
Data(x=[58, 1], edge_index=[2, 72], edge_attr=[72, 3], y=0.0, custom_label=0.0, min_label=0, max_label=12, instance_name='p28.txt');0.0;0.23499329388141632;1.1302230632281862e-05;0.0
Data(x=[67, 1], edge_index=[2, 82], edge_attr=[82, 3], y=0.0, custom_label=0.0, min_label=0, max_label=12, instance_name='p28.txt');0.0;0.23499329388141632;9.289632544096094e-06;4.0150612790057494e-07
Data(x=[55, 1], edge_index=[2, 70], edge_attr=[70, 3], y=0.0, custom_label=0.0, min_label=0, max_label=12, instance_name='p28.txt');0.0;0.23499329388141632;1.0228026212644181e-06;0.0
Data(x=[56, 1], edge_index=[2, 70], edge_attr=[70, 3], y=0.0, custom_label=0.0, min_label=0, max_label=12, instance_name='p28.txt');0.0;0.23499329388141632;1.5942890740916482e-06;4.0150612790057494e-07
Data(x=[54, 1], edge_index=[2, 68], edge_attr=[68, 3], y=0.0, custom_label=0.0, min_label=0, max_label=12, instance_name='p28.txt');0.0;0.23499329388141632;5.838409379066434e-06;0.0
Data(x=[59, 1], edge_index=[2, 72], edge_attr=[72, 3], y=4.0, custom_label=0.33333334, min_label=0, max_label=12, instance_name='p28.txt');0.3333333432674408;0.23499329388141632;0.013491712510585785;0.0
Data(x=[59, 1], edge_index=[2, 72], edge_attr=[72, 3], y=3.0, custom_label=0.25, min_label=0, max_label=12, instance_name='p28.txt');0.25;0.23499329388141632;0.013491712510585785;0.0
Data(x=[59, 1], edge_index=[2, 72], edge_attr=[72, 3], y=2.0, custom_label=0.16666667, min_label=0, max_label=12, instance_name='p28.txt');0.1666666716337204;0.23499329388141632;0.013491712510585785;0.0
Data(x=[59, 1], edge_index=[2, 72], edge_attr=[72, 3], y=1.0, custom_label=0.083333336, min_label=0, max_label=12, instance_name='p28.txt');0.0833333358168602;0.23499329388141632;0.013491712510585785;0.0
Data(x=[60, 1], edge_index=[2, 74], edge_attr=[74, 3], y=0.0, custom_label=0.0, min_label=0, max_label=12, instance_name='p28.txt');0.0;0.23499329388141632;3.969290446548257e-06;0.0
Data(x=[62, 1], edge_index=[2, 74], edge_attr=[74, 3], y=0.0, custom_label=0.0, min_label=0, max_label=12, instance_name='p28.txt');0.0;0.23499329388141632;3.1115621823119e-05;4.0150612790057494e-07
Data(x=[64, 1], edge_index=[2, 78], edge_attr=[78, 3], y=0.0, custom_label=0.0, min_label=0, max_label=12, instance_name='p28.txt');0.0;0.23499329388141632;6.2919725678511895e-06;0.0
Data(x=[67, 1], edge_index=[2, 80], edge_attr=[80, 3], y=0.0, custom_label=0.0, min_label=0, max_label=12, instance_name='p28.txt');0.0;0.23499329388141632;1.3909530935052317e-05;4.0150612790057494e-07
Data(x=[66, 1], edge_index=[2, 80], edge_attr=[80, 3], y=0.0, custom_label=0.0, min_label=0, max_label=12, instance_name='p28.txt');0.0;0.23499329388141632;8.4189377957955e-06;0.0
Data(x=[63, 1], edge_index=[2, 78], edge_attr=[78, 3], y=0.0, custom_label=0.0, min_label=0, max_label=12, instance_name='p28.txt');0.0;0.23499329388141632;5.173163572180783e-06;0.0
Data(x=[64, 1], edge_index=[2, 76], edge_attr=[76, 3], y=2.0, custom_label=0.16666667, min_label=0, max_label=12, instance_name='p28.txt');0.1666666716337204;0.23499329388141632;0.01849045231938362;0.0
Data(x=[63, 1], edge_index=[2, 74], edge_attr=[74, 3], y=1.0, custom_label=0.083333336, min_label=0, max_label=12, instance_name='p28.txt');0.0833333358168602;0.23499329388141632;0.018567195162177086;4.0150612790057494e-07
Data(x=[64, 1], edge_index=[2, 76], edge_attr=[76, 3], y=0.0, custom_label=0.0, min_label=0, max_label=12, instance_name='p28.txt');0.0;0.23499329388141632;3.996722443844192e-05;0.0
Data(x=[74, 1], edge_index=[2, 88], edge_attr=[88, 3], y=0.0, custom_label=0.0, min_label=0, max_label=12, instance_name='p28.txt');0.0;0.23499329388141632;7.767359420540743e-06;4.0150612790057494e-07
Data(x=[70, 1], edge_index=[2, 84], edge_attr=[84, 3], y=0.0, custom_label=0.0, min_label=0, max_label=12, instance_name='p28.txt');0.0;0.23499329388141632;5.282094934955239e-05;4.0150612790057494e-07
Data(x=[51, 1], edge_index=[2, 64], edge_attr=[64, 3], y=0.0, custom_label=0.0, min_label=0, max_label=12, instance_name='p28.txt');0.0;0.23499329388141632;8.789405683273799e-07;0.0
Data(x=[67, 1], edge_index=[2, 82], edge_attr=[82, 3], y=0.0, custom_label=0.0, min_label=0, max_label=12, instance_name='p28.txt');0.0;0.23499329388141632;5.1033466661465354e-06;4.0150612790057494e-07
Data(x=[65, 1], edge_index=[2, 80], edge_attr=[80, 3], y=0.0, custom_label=0.0, min_label=0, max_label=12, instance_name='p28.txt');0.0;0.23499329388141632;5.924341166974045e-06;0.0
Data(x=[56, 1], edge_index=[2, 72], edge_attr=[72, 3], y=0.0, custom_label=0.0, min_label=0, max_label=12, instance_name='p28.txt');0.0;0.23499329388141632;1.3769042084277316e-07;4.0150612790057494e-07
Data(x=[55, 1], edge_index=[2, 68], edge_attr=[68, 3], y=0.0, custom_label=0.0, min_label=0, max_label=12, instance_name='p28.txt');0.0;0.23499329388141632;8.85330155142583e-06;4.0150612790057494e-07
Data(x=[66, 1], edge_index=[2, 80], edge_attr=[80, 3], y=0.0, custom_label=0.0, min_label=0, max_label=12, instance_name='p28.txt');0.0;0.23499329388141632;3.356403249199502e-05;0.0
Data(x=[54, 1], edge_index=[2, 70], edge_attr=[70, 3], y=0.0, custom_label=0.0, min_label=0, max_label=12, instance_name='p28.txt');0.0;0.23499329388141632;7.925398222141666e-07;0.0
Data(x=[65, 1], edge_index=[2, 80], edge_attr=[80, 3], y=12.0, custom_label=1.0, min_label=0, max_label=12, instance_name='p28.txt');1.0;0.23499329388141632;0.011111167259514332;4.0150612790057494e-07
Data(x=[65, 1], edge_index=[2, 80], edge_attr=[80, 3], y=11.0, custom_label=0.9166667, min_label=0, max_label=12, instance_name='p28.txt');0.9166666865348816;0.23499329388141632;0.011111167259514332;4.0150612790057494e-07
Data(x=[65, 1], edge_index=[2, 80], edge_attr=[80, 3], y=10.0, custom_label=0.8333333, min_label=0, max_label=12, instance_name='p28.txt');0.8333333134651184;0.23499329388141632;0.011111161671578884;4.0150612790057494e-07
Data(x=[65, 1], edge_index=[2, 80], edge_attr=[80, 3], y=9.0, custom_label=0.75, min_label=0, max_label=12, instance_name='p28.txt');0.75;0.23499329388141632;0.009507713839411736;4.0150612790057494e-07
Data(x=[65, 1], edge_index=[2, 80], edge_attr=[80, 3], y=8.0, custom_label=0.6666667, min_label=0, max_label=12, instance_name='p28.txt');0.6666666865348816;0.23499329388141632;0.011111179366707802;4.0150612790057494e-07
Data(x=[65, 1], edge_index=[2, 80], edge_attr=[80, 3], y=7.0, custom_label=0.5833333, min_label=0, max_label=12, instance_name='p28.txt');0.5833333134651184;0.23499329388141632;0.011111179366707802;4.0150612790057494e-07
Data(x=[64, 1], edge_index=[2, 78], edge_attr=[78, 3], y=6.0, custom_label=0.5, min_label=0, max_label=12, instance_name='p28.txt');0.5;0.23499329388141632;0.03188995644450188;4.0150612790057494e-07
Data(x=[64, 1], edge_index=[2, 78], edge_attr=[78, 3], y=5.0, custom_label=0.41666666, min_label=0, max_label=12, instance_name='p28.txt');0.4166666567325592;0.23499329388141632;0.03188995644450188;4.0150612790057494e-07
Data(x=[64, 1], edge_index=[2, 78], edge_attr=[78, 3], y=4.0, custom_label=0.33333334, min_label=0, max_label=12, instance_name='p28.txt');0.3333333432674408;0.23499329388141632;0.03188994899392128;4.0150612790057494e-07
Data(x=[64, 1], edge_index=[2, 78], edge_attr=[78, 3], y=3.0, custom_label=0.25, min_label=0, max_label=12, instance_name='p28.txt');0.25;0.23499329388141632;0.031889963895082474;4.0150612790057494e-07
Data(x=[64, 1], edge_index=[2, 78], edge_attr=[78, 3], y=2.0, custom_label=0.16666667, min_label=0, max_label=12, instance_name='p28.txt');0.1666666716337204;0.23499329388141632;0.011128921993076801;4.0150612790057494e-07
Data(x=[64, 1], edge_index=[2, 78], edge_attr=[78, 3], y=1.0, custom_label=0.083333336, min_label=0, max_label=12, instance_name='p28.txt');0.0833333358168602;0.23499329388141632;0.03188995644450188;4.0150612790057494e-07
Data(x=[65, 1], edge_index=[2, 80], edge_attr=[80, 3], y=0.0, custom_label=0.0, min_label=0, max_label=12, instance_name='p28.txt');0.0;0.23499329388141632;2.4143490009009838e-05;4.0150612790057494e-07
Data(x=[73, 1], edge_index=[2, 88], edge_attr=[88, 3], y=0.0, custom_label=0.0, min_label=0, max_label=12, instance_name='p28.txt');0.0;0.23499329388141632;1.0787639439513441e-06;4.0150612790057494e-07
Data(x=[68, 1], edge_index=[2, 84], edge_attr=[84, 3], y=0.0, custom_label=0.0, min_label=0, max_label=12, instance_name='p28.txt');0.0;0.23499329388141632;2.8477694286266342e-05;0.0
Data(x=[61, 1], edge_index=[2, 74], edge_attr=[74, 3], y=0.0, custom_label=0.0, min_label=0, max_label=12, instance_name='p28.txt');0.0;0.23499329388141632;2.1879939595237374e-05;4.0150612790057494e-07
Data(x=[59, 1], edge_index=[2, 74], edge_attr=[74, 3], y=0.0, custom_label=0.0, min_label=0, max_label=12, instance_name='p28.txt');0.0;0.23499329388141632;2.660971176737803e-06;4.0150612790057494e-07
Data(x=[70, 1], edge_index=[2, 84], edge_attr=[84, 3], y=0.0, custom_label=0.0, min_label=0, max_label=12, instance_name='p28.txt');0.0;0.23499329388141632;5.282094934955239e-05;4.0150612790057494e-07
Data(x=[62, 1], edge_index=[2, 76], edge_attr=[76, 3], y=0.0, custom_label=0.0, min_label=0, max_label=12, instance_name='p28.txt');0.0;0.23499329388141632;5.492840500664897e-06;4.0150612790057494e-07
Data(x=[61, 1], edge_index=[2, 74], edge_attr=[74, 3], y=0.0, custom_label=0.0, min_label=0, max_label=12, instance_name='p28.txt');0.0;0.23499329388141632;2.1879917767364532e-05;4.0150612790057494e-07
Data(x=[54, 1], edge_index=[2, 68], edge_attr=[68, 3], y=0.0, custom_label=0.0, min_label=0, max_label=12, instance_name='p28.txt');0.0;0.23499329388141632;2.3831709938804124e-07;4.0150612790057494e-07
Data(x=[74, 1], edge_index=[2, 88], edge_attr=[88, 3], y=0.0, custom_label=0.0, min_label=0, max_label=12, instance_name='p28.txt');0.0;0.23499329388141632;2.6677562345867045e-05;4.0150612790057494e-07
Data(x=[63, 1], edge_index=[2, 78], edge_attr=[78, 3], y=0.0, custom_label=0.0, min_label=0, max_label=12, instance_name='p28.txt');0.0;0.23499329388141632;5.173163572180783e-06;0.0
Data(x=[63, 1], edge_index=[2, 78], edge_attr=[78, 3], y=0.0, custom_label=0.0, min_label=0, max_label=12, instance_name='p28.txt');0.0;0.23499329388141632;1.8606868252390996e-05;0.0
Data(x=[76, 1], edge_index=[2, 90], edge_attr=[90, 3], y=0.0, custom_label=0.0, min_label=0, max_label=12, instance_name='p28.txt');0.0;0.23499329388141632;9.535170102026314e-05;0.0
Data(x=[63, 1], edge_index=[2, 76], edge_attr=[76, 3], y=0.0, custom_label=0.0, min_label=0, max_label=12, instance_name='p28.txt');0.0;0.23499329388141632;4.202833679300966e-06;4.0150612790057494e-07
Data(x=[59, 1], edge_index=[2, 74], edge_attr=[74, 3], y=0.0, custom_label=0.0, min_label=0, max_label=12, instance_name='p28.txt');0.0;0.23499329388141632;3.4303525353607256e-07;4.0150612790057494e-07
Data(x=[70, 1], edge_index=[2, 84], edge_attr=[84, 3], y=7.0, custom_label=0.5833333, min_label=0, max_label=12, instance_name='p28.txt');0.5833333134651184;0.23499329388141632;0.003057265654206276;4.0150612790057494e-07
Data(x=[69, 1], edge_index=[2, 82], edge_attr=[82, 3], y=6.0, custom_label=0.5, min_label=0, max_label=12, instance_name='p28.txt');0.5;0.23499329388141632;0.015455533750355244;4.0150612790057494e-07
Data(x=[69, 1], edge_index=[2, 82], edge_attr=[82, 3], y=5.0, custom_label=0.41666666, min_label=0, max_label=12, instance_name='p28.txt');0.4166666567325592;0.23499329388141632;0.03828347101807594;4.0150612790057494e-07
Data(x=[69, 1], edge_index=[2, 82], edge_attr=[82, 3], y=4.0, custom_label=0.33333334, min_label=0, max_label=12, instance_name='p28.txt');0.3333333432674408;0.23499329388141632;0.03828348219394684;4.0150612790057494e-07
Data(x=[69, 1], edge_index=[2, 82], edge_attr=[82, 3], y=3.0, custom_label=0.25, min_label=0, max_label=12, instance_name='p28.txt');0.25;0.23499329388141632;0.015455533750355244;4.0150612790057494e-07
Data(x=[69, 1], edge_index=[2, 82], edge_attr=[82, 3], y=2.0, custom_label=0.16666667, min_label=0, max_label=12, instance_name='p28.txt');0.1666666716337204;0.23499329388141632;0.03828347101807594;4.0150612790057494e-07
Data(x=[69, 1], edge_index=[2, 82], edge_attr=[82, 3], y=1.0, custom_label=0.083333336, min_label=0, max_label=12, instance_name='p28.txt');0.0833333358168602;0.23499329388141632;0.03828347101807594;4.0150612790057494e-07
Data(x=[70, 1], edge_index=[2, 84], edge_attr=[84, 3], y=0.0, custom_label=0.0, min_label=0, max_label=12, instance_name='p28.txt');0.0;0.23499329388141632;5.282094934955239e-05;4.0150612790057494e-07
Data(x=[64, 1], edge_index=[2, 78], edge_attr=[78, 3], y=0.0, custom_label=0.0, min_label=0, max_label=12, instance_name='p28.txt');0.0;0.23499329388141632;6.2919725678511895e-06;4.0150612790057494e-07
Data(x=[67, 1], edge_index=[2, 80], edge_attr=[80, 3], y=0.0, custom_label=0.0, min_label=0, max_label=12, instance_name='p28.txt');0.0;0.23499329388141632;4.623458517016843e-05;4.0150612790057494e-07
Data(x=[52, 1], edge_index=[2, 68], edge_attr=[68, 3], y=0.0, custom_label=0.0, min_label=0, max_label=12, instance_name='p28.txt');0.0;0.23499329388141632;5.0778265858753e-07;0.0
Data(x=[63, 1], edge_index=[2, 80], edge_attr=[80, 3], y=0.0, custom_label=0.0, min_label=0, max_label=12, instance_name='p28.txt');0.0;0.23499329388141632;3.367519639141392e-06;0.0
Data(x=[57, 1], edge_index=[2, 70], edge_attr=[70, 3], y=0.0, custom_label=0.0, min_label=0, max_label=12, instance_name='p28.txt');0.0;0.23499329388141632;1.2217292351124343e-05;4.0150612790057494e-07
Data(x=[72, 1], edge_index=[2, 86], edge_attr=[86, 3], y=0.0, custom_label=0.0, min_label=0, max_label=12, instance_name='p28.txt');0.0;0.23499329388141632;6.502270844066516e-05;4.0150612790057494e-07
Data(x=[50, 1], edge_index=[2, 64], edge_attr=[64, 3], y=0.0, custom_label=0.0, min_label=0, max_label=12, instance_name='p28.txt');0.0;0.23499329388141632;4.7186780705033016e-08;4.0150612790057494e-07
Data(x=[62, 1], edge_index=[2, 76], edge_attr=[76, 3], y=0.0, custom_label=0.0, min_label=0, max_label=12, instance_name='p28.txt');0.0;0.23499329388141632;2.875239488275838e-06;4.0150612790057494e-07
Data(x=[60, 1], edge_index=[2, 74], edge_attr=[74, 3], y=0.0, custom_label=0.0, min_label=0, max_label=12, instance_name='p28.txt');0.0;0.23499329388141632;1.5236729268508498e-05;4.0150612790057494e-07
Data(x=[57, 1], edge_index=[2, 72], edge_attr=[72, 3], y=0.0, custom_label=0.0, min_label=0, max_label=12, instance_name='p28.txt');0.0;0.23499329388141632;2.2104134700384748e-07;4.0150612790057494e-07
Data(x=[61, 1], edge_index=[2, 74], edge_attr=[74, 3], y=0.0, custom_label=0.0, min_label=0, max_label=12, instance_name='p28.txt');0.0;0.23499329388141632;2.1879939595237374e-05;0.0
Data(x=[58, 1], edge_index=[2, 70], edge_attr=[70, 3], y=0.0, custom_label=0.0, min_label=0, max_label=12, instance_name='p28.txt');0.0;0.23499329388141632;3.7115869417903014e-06;4.0150612790057494e-07
Data(x=[57, 1], edge_index=[2, 70], edge_attr=[70, 3], y=0.0, custom_label=0.0, min_label=0, max_label=12, instance_name='p28.txt');0.0;0.23499329388141632;5.956036943643994e-07;0.0
Data(x=[61, 1], edge_index=[2, 74], edge_attr=[74, 3], y=0.0, custom_label=0.0, min_label=0, max_label=12, instance_name='p28.txt');0.0;0.23499329388141632;2.1879939595237374e-05;0.0
Data(x=[56, 1], edge_index=[2, 70], edge_attr=[70, 3], y=0.0, custom_label=0.0, min_label=0, max_label=12, instance_name='p28.txt');0.0;0.23499329388141632;8.219617484428454e-06;4.0150612790057494e-07
Data(x=[65, 1], edge_index=[2, 78], edge_attr=[78, 3], y=4.0, custom_label=0.33333334, min_label=0, max_label=12, instance_name='p28.txt');0.3333333432674408;0.23499329388141632;0.00453691091388464;4.0150612790057494e-07
Data(x=[64, 1], edge_index=[2, 76], edge_attr=[76, 3], y=3.0, custom_label=0.25, min_label=0, max_label=12, instance_name='p28.txt');0.25;0.23499329388141632;0.016055822372436523;4.0150612790057494e-07
Data(x=[64, 1], edge_index=[2, 76], edge_attr=[76, 3], y=2.0, custom_label=0.16666667, min_label=0, max_label=12, instance_name='p28.txt');0.1666666716337204;0.23499329388141632;0.016055822372436523;4.0150612790057494e-07
Data(x=[64, 1], edge_index=[2, 76], edge_attr=[76, 3], y=1.0, custom_label=0.083333336, min_label=0, max_label=12, instance_name='p28.txt');0.0833333358168602;0.23499329388141632;0.016055822372436523;4.0150612790057494e-07
Data(x=[65, 1], edge_index=[2, 78], edge_attr=[78, 3], y=0.0, custom_label=0.0, min_label=0, max_label=12, instance_name='p28.txt');0.0;0.23499329388141632;8.98150847206125e-06;4.0150612790057494e-07
Data(x=[67, 1], edge_index=[2, 80], edge_attr=[80, 3], y=2.0, custom_label=0.16666667, min_label=0, max_label=12, instance_name='p28.txt');0.1666666716337204;0.23499329388141632;0.0009678666247054935;0.0
Data(x=[66, 1], edge_index=[2, 78], edge_attr=[78, 3], y=1.0, custom_label=0.083333336, min_label=0, max_label=12, instance_name='p28.txt');0.0833333358168602;0.23499329388141632;0.019402071833610535;0.0
Data(x=[67, 1], edge_index=[2, 80], edge_attr=[80, 3], y=0.0, custom_label=0.0, min_label=0, max_label=12, instance_name='p28.txt');0.0;0.23499329388141632;1.3909544577472843e-05;0.0
Data(x=[65, 1], edge_index=[2, 80], edge_attr=[80, 3], y=0.0, custom_label=0.0, min_label=0, max_label=12, instance_name='p28.txt');0.0;0.23499329388141632;2.414351183688268e-05;0.0
Data(x=[56, 1], edge_index=[2, 72], edge_attr=[72, 3], y=0.0, custom_label=0.0, min_label=0, max_label=12, instance_name='p28.txt');0.0;0.23499329388141632;1.3769042084277316e-07;4.0150612790057494e-07
Data(x=[47, 1], edge_index=[2, 62], edge_attr=[62, 3], y=2.0, custom_label=0.16666667, min_label=0, max_label=12, instance_name='p28.txt');0.1666666716337204;0.23499329388141632;7.991353049874306e-05;0.0
Data(x=[46, 1], edge_index=[2, 60], edge_attr=[60, 3], y=1.0, custom_label=0.083333336, min_label=0, max_label=12, instance_name='p28.txt');0.0833333358168602;0.23499329388141632;0.006363495718687773;0.0
Data(x=[47, 1], edge_index=[2, 62], edge_attr=[62, 3], y=0.0, custom_label=0.0, min_label=0, max_label=12, instance_name='p28.txt');0.0;0.23499329388141632;1.8767946130537894e-07;0.0
Data(x=[59, 1], edge_index=[2, 74], edge_attr=[74, 3], y=2.0, custom_label=0.16666667, min_label=0, max_label=12, instance_name='p28.txt');0.1666666716337204;0.23499329388141632;4.2646694055292755e-05;4.0150612790057494e-07
Data(x=[58, 1], edge_index=[2, 72], edge_attr=[72, 3], y=1.0, custom_label=0.083333336, min_label=0, max_label=12, instance_name='p28.txt');0.0833333358168602;0.23499329388141632;0.0015228883130475879;4.0150612790057494e-07
Data(x=[59, 1], edge_index=[2, 74], edge_attr=[74, 3], y=0.0, custom_label=0.0, min_label=0, max_label=12, instance_name='p28.txt');0.0;0.23499329388141632;3.4303562301829515e-07;4.0150612790057494e-07
Data(x=[60, 1], edge_index=[2, 76], edge_attr=[76, 3], y=0.0, custom_label=0.0, min_label=0, max_label=12, instance_name='p28.txt');0.0;0.23499329388141632;3.3727025083862827e-07;4.0150612790057494e-07
Data(x=[61, 1], edge_index=[2, 74], edge_attr=[74, 3], y=0.0, custom_label=0.0, min_label=0, max_label=12, instance_name='p28.txt');0.0;0.23499329388141632;4.895664005744038e-06;4.0150612790057494e-07
Data(x=[48, 1], edge_index=[2, 60], edge_attr=[60, 3], y=0.0, custom_label=0.0, min_label=0, max_label=12, instance_name='p28.txt');0.0;0.23499329388141632;3.0717174013261683e-06;4.0150612790057494e-07
Data(x=[69, 1], edge_index=[2, 82], edge_attr=[82, 3], y=0.0, custom_label=0.0, min_label=0, max_label=12, instance_name='p28.txt');0.0;0.23499329388141632;5.765368405263871e-05;0.0
Data(x=[68, 1], edge_index=[2, 82], edge_attr=[82, 3], y=0.0, custom_label=0.0, min_label=0, max_label=12, instance_name='p28.txt');0.0;0.23499329388141632;1.1073570931330323e-05;4.0150612790057494e-07
Data(x=[66, 1], edge_index=[2, 82], edge_attr=[82, 3], y=0.0, custom_label=0.0, min_label=0, max_label=12, instance_name='p28.txt');0.0;0.23499329388141632;6.581752586498624e-06;0.0
Data(x=[66, 1], edge_index=[2, 80], edge_attr=[80, 3], y=5.0, custom_label=0.41666666, min_label=0, max_label=12, instance_name='p28.txt');0.4166666567325592;0.23499329388141632;0.004564029164612293;4.0150612790057494e-07
Data(x=[65, 1], edge_index=[2, 78], edge_attr=[78, 3], y=4.0, custom_label=0.33333334, min_label=0, max_label=12, instance_name='p28.txt');0.3333333432674408;0.23499329388141632;0.01602289266884327;4.0150612790057494e-07
Data(x=[65, 1], edge_index=[2, 78], edge_attr=[78, 3], y=3.0, custom_label=0.25, min_label=0, max_label=12, instance_name='p28.txt');0.25;0.23499329388141632;0.004536908585578203;4.0150612790057494e-07
Data(x=[65, 1], edge_index=[2, 78], edge_attr=[78, 3], y=2.0, custom_label=0.16666667, min_label=0, max_label=12, instance_name='p28.txt');0.1666666716337204;0.23499329388141632;0.016022883355617523;4.0150612790057494e-07
Data(x=[65, 1], edge_index=[2, 78], edge_attr=[78, 3], y=1.0, custom_label=0.083333336, min_label=0, max_label=12, instance_name='p28.txt');0.0833333358168602;0.23499329388141632;0.013876764103770256;4.0150612790057494e-07
Data(x=[66, 1], edge_index=[2, 80], edge_attr=[80, 3], y=0.0, custom_label=0.0, min_label=0, max_label=12, instance_name='p28.txt');0.0;0.23499329388141632;8.418928700848483e-06;4.0150612790057494e-07
Data(x=[92, 1], edge_index=[2, 122], edge_attr=[122, 3], y=16.0, custom_label=0.9411765, min_label=0, max_label=17, instance_name='p29.txt');0.9411764740943909;0.23499329388141632;9.247622801922262e-05;0.0
Data(x=[91, 1], edge_index=[2, 120], edge_attr=[120, 3], y=15.0, custom_label=0.88235295, min_label=0, max_label=17, instance_name='p29.txt');0.8823529481887817;0.23499329388141632;0.0008941570995375514;0.0
Data(x=[91, 1], edge_index=[2, 120], edge_attr=[120, 3], y=14.0, custom_label=0.8235294, min_label=0, max_label=17, instance_name='p29.txt');0.8235294222831726;0.23499329388141632;0.0007965599070303142;0.0
Data(x=[91, 1], edge_index=[2, 120], edge_attr=[120, 3], y=13.0, custom_label=0.7647059, min_label=0, max_label=17, instance_name='p29.txt');0.7647058963775635;0.23499329388141632;0.0007965606055222452;0.0
Data(x=[92, 1], edge_index=[2, 122], edge_attr=[122, 3], y=12.0, custom_label=0.7058824, min_label=0, max_label=17, instance_name='p29.txt');0.7058823704719543;0.23499329388141632;1.5217094642139273e-06;0.0
Data(x=[92, 1], edge_index=[2, 122], edge_attr=[122, 3], y=11.0, custom_label=0.64705884, min_label=0, max_label=17, instance_name='p29.txt');0.6470588445663452;0.23499329388141632;1.5217094642139273e-06;0.0
Data(x=[92, 1], edge_index=[2, 122], edge_attr=[122, 3], y=10.0, custom_label=0.5882353, min_label=0, max_label=17, instance_name='p29.txt');0.5882353186607361;0.23499329388141632;1.8392775302800146e-08;0.0
Data(x=[92, 1], edge_index=[2, 122], edge_attr=[122, 3], y=9.0, custom_label=0.5294118, min_label=0, max_label=17, instance_name='p29.txt');0.529411792755127;0.23499329388141632;1.8392775302800146e-08;0.0
Data(x=[92, 1], edge_index=[2, 122], edge_attr=[122, 3], y=8.0, custom_label=0.47058824, min_label=0, max_label=17, instance_name='p29.txt');0.47058823704719543;0.23499329388141632;6.726036616555575e-09;0.0
Data(x=[92, 1], edge_index=[2, 122], edge_attr=[122, 3], y=7.0, custom_label=0.4117647, min_label=0, max_label=17, instance_name='p29.txt');0.4117647111415863;0.23499329388141632;1.8392775302800146e-08;0.0
Data(x=[92, 1], edge_index=[2, 122], edge_attr=[122, 3], y=6.0, custom_label=0.3529412, min_label=0, max_label=17, instance_name='p29.txt');0.3529411852359772;0.23499329388141632;6.726036616555575e-09;4.0150612790057494e-07
Data(x=[92, 1], edge_index=[2, 122], edge_attr=[122, 3], y=5.0, custom_label=0.29411766, min_label=0, max_label=17, instance_name='p29.txt');0.29411765933036804;0.23499329388141632;1.8392775302800146e-08;0.0
Data(x=[92, 1], edge_index=[2, 122], edge_attr=[122, 3], y=4.0, custom_label=0.23529412, min_label=0, max_label=17, instance_name='p29.txt');0.23529411852359772;0.23499329388141632;1.8392775302800146e-08;0.0
Data(x=[92, 1], edge_index=[2, 122], edge_attr=[122, 3], y=3.0, custom_label=0.1764706, min_label=0, max_label=17, instance_name='p29.txt');0.1764705926179886;0.23499329388141632;1.8392775302800146e-08;0.0
Data(x=[92, 1], edge_index=[2, 122], edge_attr=[122, 3], y=2.0, custom_label=0.11764706, min_label=0, max_label=17, instance_name='p29.txt');0.11764705926179886;0.23499329388141632;1.8392775302800146e-08;0.0
Data(x=[92, 1], edge_index=[2, 122], edge_attr=[122, 3], y=1.0, custom_label=0.05882353, min_label=0, max_label=17, instance_name='p29.txt');0.05882352963089943;0.23499329388141632;9.256921451594735e-09;0.0
Data(x=[93, 1], edge_index=[2, 124], edge_attr=[124, 3], y=0.0, custom_label=0.0, min_label=0, max_label=17, instance_name='p29.txt');0.0;0.23499329388141632;9.796044531107384e-11;0.0
Data(x=[96, 1], edge_index=[2, 128], edge_attr=[128, 3], y=10.0, custom_label=0.5882353, min_label=0, max_label=17, instance_name='p29.txt');0.5882353186607361;0.23499329388141632;7.781837894071941e-07;0.0
Data(x=[96, 1], edge_index=[2, 128], edge_attr=[128, 3], y=9.0, custom_label=0.5294118, min_label=0, max_label=17, instance_name='p29.txt');0.529411792755127;0.23499329388141632;6.938030310266186e-07;0.0
Data(x=[96, 1], edge_index=[2, 128], edge_attr=[128, 3], y=8.0, custom_label=0.47058824, min_label=0, max_label=17, instance_name='p29.txt');0.47058823704719543;0.23499329388141632;7.781837894071941e-07;0.0
Data(x=[97, 1], edge_index=[2, 130], edge_attr=[130, 3], y=7.0, custom_label=0.4117647, min_label=0, max_label=17, instance_name='p29.txt');0.4117647111415863;0.23499329388141632;4.9937347590400805e-09;0.0
Data(x=[96, 1], edge_index=[2, 128], edge_attr=[128, 3], y=6.0, custom_label=0.3529412, min_label=0, max_label=17, instance_name='p29.txt');0.3529411852359772;0.23499329388141632;1.1294798873962009e-08;0.0
Data(x=[96, 1], edge_index=[2, 128], edge_attr=[128, 3], y=5.0, custom_label=0.29411766, min_label=0, max_label=17, instance_name='p29.txt');0.29411765933036804;0.23499329388141632;1.1294798873962009e-08;0.0
Data(x=[96, 1], edge_index=[2, 128], edge_attr=[128, 3], y=4.0, custom_label=0.23529412, min_label=0, max_label=17, instance_name='p29.txt');0.23529411852359772;0.23499329388141632;4.300453326777642e-09;0.0
Data(x=[96, 1], edge_index=[2, 128], edge_attr=[128, 3], y=3.0, custom_label=0.1764706, min_label=0, max_label=17, instance_name='p29.txt');0.1764705926179886;0.23499329388141632;1.3673747467635167e-08;0.0
Data(x=[96, 1], edge_index=[2, 128], edge_attr=[128, 3], y=2.0, custom_label=0.11764706, min_label=0, max_label=17, instance_name='p29.txt');0.11764705926179886;0.23499329388141632;1.1294798873962009e-08;0.0
Data(x=[96, 1], edge_index=[2, 128], edge_attr=[128, 3], y=1.0, custom_label=0.05882353, min_label=0, max_label=17, instance_name='p29.txt');0.05882352963089943;0.23499329388141632;4.300453326777642e-09;0.0
Data(x=[96, 1], edge_index=[2, 128], edge_attr=[128, 3], y=0.0, custom_label=0.0, min_label=0, max_label=17, instance_name='p29.txt');0.0;0.23499329388141632;2.2042237479702464e-10;0.0
Data(x=[105, 1], edge_index=[2, 136], edge_attr=[136, 3], y=16.0, custom_label=0.9411765, min_label=0, max_label=17, instance_name='p29.txt');0.9411764740943909;0.23499329388141632;3.769743628367905e-08;0.0
Data(x=[105, 1], edge_index=[2, 136], edge_attr=[136, 3], y=15.0, custom_label=0.88235295, min_label=0, max_label=17, instance_name='p29.txt');0.8823529481887817;0.23499329388141632;3.769743628367905e-08;4.0150612790057494e-07
Data(x=[105, 1], edge_index=[2, 136], edge_attr=[136, 3], y=14.0, custom_label=0.8235294, min_label=0, max_label=17, instance_name='p29.txt');0.8235294222831726;0.23499329388141632;3.769743628367905e-08;4.0150612790057494e-07
Data(x=[105, 1], edge_index=[2, 136], edge_attr=[136, 3], y=13.0, custom_label=0.7647059, min_label=0, max_label=17, instance_name='p29.txt');0.7647058963775635;0.23499329388141632;3.769743628367905e-08;4.0150612790057494e-07
Data(x=[105, 1], edge_index=[2, 136], edge_attr=[136, 3], y=12.0, custom_label=0.7058824, min_label=0, max_label=17, instance_name='p29.txt');0.7058823704719543;0.23499329388141632;3.769743628367905e-08;4.0150612790057494e-07
Data(x=[105, 1], edge_index=[2, 136], edge_attr=[136, 3], y=11.0, custom_label=0.64705884, min_label=0, max_label=17, instance_name='p29.txt');0.6470588445663452;0.23499329388141632;3.396675296585272e-08;4.0150612790057494e-07
Data(x=[105, 1], edge_index=[2, 136], edge_attr=[136, 3], y=10.0, custom_label=0.5882353, min_label=0, max_label=17, instance_name='p29.txt');0.5882353186607361;0.23499329388141632;1.5673201403387793e-08;4.0150612790057494e-07
Data(x=[105, 1], edge_index=[2, 136], edge_attr=[136, 3], y=9.0, custom_label=0.5294118, min_label=0, max_label=17, instance_name='p29.txt');0.529411792755127;0.23499329388141632;6.540394892340373e-09;4.0150612790057494e-07
Data(x=[105, 1], edge_index=[2, 136], edge_attr=[136, 3], y=8.0, custom_label=0.47058824, min_label=0, max_label=17, instance_name='p29.txt');0.47058823704719543;0.23499329388141632;1.5673201403387793e-08;4.0150612790057494e-07
Data(x=[105, 1], edge_index=[2, 136], edge_attr=[136, 3], y=7.0, custom_label=0.4117647, min_label=0, max_label=17, instance_name='p29.txt');0.4117647111415863;0.23499329388141632;1.5673201403387793e-08;0.0
Data(x=[104, 1], edge_index=[2, 134], edge_attr=[134, 3], y=6.0, custom_label=0.3529412, min_label=0, max_label=17, instance_name='p29.txt');0.3529411852359772;0.23499329388141632;1.4969921267038444e-06;4.0150612790057494e-07
Data(x=[105, 1], edge_index=[2, 136], edge_attr=[136, 3], y=5.0, custom_label=0.29411766, min_label=0, max_label=17, instance_name='p29.txt');0.29411765933036804;0.23499329388141632;1.413850725384691e-08;4.0150612790057494e-07
Data(x=[105, 1], edge_index=[2, 136], edge_attr=[136, 3], y=4.0, custom_label=0.23529412, min_label=0, max_label=17, instance_name='p29.txt');0.23529411852359772;0.23499329388141632;1.5673201403387793e-08;4.0150612790057494e-07
Data(x=[105, 1], edge_index=[2, 136], edge_attr=[136, 3], y=3.0, custom_label=0.1764706, min_label=0, max_label=17, instance_name='p29.txt');0.1764705926179886;0.23499329388141632;1.5673201403387793e-08;4.0150612790057494e-07
Data(x=[104, 1], edge_index=[2, 134], edge_attr=[134, 3], y=2.0, custom_label=0.11764706, min_label=0, max_label=17, instance_name='p29.txt');0.11764705926179886;0.23499329388141632;3.352834809788874e-08;4.0150612790057494e-07
Data(x=[104, 1], edge_index=[2, 134], edge_attr=[134, 3], y=1.0, custom_label=0.05882353, min_label=0, max_label=17, instance_name='p29.txt');0.05882352963089943;0.23499329388141632;1.3846229052205672e-08;4.0150612790057494e-07
Data(x=[105, 1], edge_index=[2, 136], edge_attr=[136, 3], y=0.0, custom_label=0.0, min_label=0, max_label=17, instance_name='p29.txt');0.0;0.23499329388141632;3.271498349999291e-10;4.0150612790057494e-07
Data(x=[97, 1], edge_index=[2, 124], edge_attr=[124, 3], y=17.0, custom_label=1.0, min_label=0, max_label=17, instance_name='p29.txt');1.0;0.23499329388141632;0.13078129291534424;0.0
Data(x=[98, 1], edge_index=[2, 126], edge_attr=[126, 3], y=16.0, custom_label=0.9411765, min_label=0, max_label=17, instance_name='p29.txt');0.9411764740943909;0.23499329388141632;0.026525190100073814;0.0
Data(x=[97, 1], edge_index=[2, 124], edge_attr=[124, 3], y=15.0, custom_label=0.88235295, min_label=0, max_label=17, instance_name='p29.txt');0.8823529481887817;0.23499329388141632;0.03982912749052048;0.0
Data(x=[97, 1], edge_index=[2, 124], edge_attr=[124, 3], y=14.0, custom_label=0.8235294, min_label=0, max_label=17, instance_name='p29.txt');0.8235294222831726;0.23499329388141632;0.03982914611697197;0.0
Data(x=[97, 1], edge_index=[2, 124], edge_attr=[124, 3], y=13.0, custom_label=0.7647059, min_label=0, max_label=17, instance_name='p29.txt');0.7647058963775635;0.23499329388141632;0.03752540424466133;0.0
Data(x=[97, 1], edge_index=[2, 124], edge_attr=[124, 3], y=12.0, custom_label=0.7058824, min_label=0, max_label=17, instance_name='p29.txt');0.7058823704719543;0.23499329388141632;0.03982914611697197;0.0
Data(x=[97, 1], edge_index=[2, 124], edge_attr=[124, 3], y=11.0, custom_label=0.64705884, min_label=0, max_label=17, instance_name='p29.txt');0.6470588445663452;0.23499329388141632;0.03982914611697197;0.0
Data(x=[97, 1], edge_index=[2, 124], edge_attr=[124, 3], y=10.0, custom_label=0.5882353, min_label=0, max_label=17, instance_name='p29.txt');0.5882353186607361;0.23499329388141632;0.0019942426588386297;0.0
Data(x=[97, 1], edge_index=[2, 124], edge_attr=[124, 3], y=9.0, custom_label=0.5294118, min_label=0, max_label=17, instance_name='p29.txt');0.529411792755127;0.23499329388141632;0.0019942426588386297;0.0
Data(x=[98, 1], edge_index=[2, 126], edge_attr=[126, 3], y=8.0, custom_label=0.47058824, min_label=0, max_label=17, instance_name='p29.txt');0.47058823704719543;0.23499329388141632;1.3460157788358629e-05;0.0
Data(x=[98, 1], edge_index=[2, 126], edge_attr=[126, 3], y=7.0, custom_label=0.4117647, min_label=0, max_label=17, instance_name='p29.txt');0.4117647111415863;0.23499329388141632;1.3460170521284454e-05;0.0
Data(x=[99, 1], edge_index=[2, 128], edge_attr=[128, 3], y=6.0, custom_label=0.3529412, min_label=0, max_label=17, instance_name='p29.txt');0.3529411852359772;0.23499329388141632;3.679103954823404e-08;0.0
Data(x=[99, 1], edge_index=[2, 128], edge_attr=[128, 3], y=5.0, custom_label=0.29411766, min_label=0, max_label=17, instance_name='p29.txt');0.29411765933036804;0.23499329388141632;3.679103954823404e-08;0.0
Data(x=[99, 1], edge_index=[2, 128], edge_attr=[128, 3], y=4.0, custom_label=0.23529412, min_label=0, max_label=17, instance_name='p29.txt');0.23529411852359772;0.23499329388141632;3.679103954823404e-08;0.0
Data(x=[99, 1], edge_index=[2, 128], edge_attr=[128, 3], y=3.0, custom_label=0.1764706, min_label=0, max_label=17, instance_name='p29.txt');0.1764705926179886;0.23499329388141632;3.294538686304804e-08;0.0
Data(x=[99, 1], edge_index=[2, 128], edge_attr=[128, 3], y=2.0, custom_label=0.11764706, min_label=0, max_label=17, instance_name='p29.txt');0.11764705926179886;0.23499329388141632;3.679103954823404e-08;0.0
Data(x=[99, 1], edge_index=[2, 128], edge_attr=[128, 3], y=1.0, custom_label=0.05882353, min_label=0, max_label=17, instance_name='p29.txt');0.05882352963089943;0.23499329388141632;3.679103954823404e-08;0.0
Data(x=[99, 1], edge_index=[2, 128], edge_attr=[128, 3], y=0.0, custom_label=0.0, min_label=0, max_label=17, instance_name='p29.txt');0.0;0.23499329388141632;6.046024791928062e-10;0.0
Data(x=[101, 1], edge_index=[2, 134], edge_attr=[134, 3], y=4.0, custom_label=0.23529412, min_label=0, max_label=17, instance_name='p29.txt');0.23529411852359772;0.23499329388141632;2.1659287696706997e-09;0.0
Data(x=[100, 1], edge_index=[2, 132], edge_attr=[132, 3], y=3.0, custom_label=0.1764706, min_label=0, max_label=17, instance_name='p29.txt');0.1764705926179886;0.23499329388141632;6.2870539885295784e-09;0.0
Data(x=[99, 1], edge_index=[2, 130], edge_attr=[130, 3], y=2.0, custom_label=0.11764706, min_label=0, max_label=17, instance_name='p29.txt');0.11764705926179886;0.23499329388141632;2.136542889275006e-06;0.0
Data(x=[100, 1], edge_index=[2, 132], edge_attr=[132, 3], y=1.0, custom_label=0.05882353, min_label=0, max_label=17, instance_name='p29.txt');0.05882352963089943;0.23499329388141632;1.585891951094709e-08;0.0
Data(x=[101, 1], edge_index=[2, 134], edge_attr=[134, 3], y=0.0, custom_label=0.0, min_label=0, max_label=17, instance_name='p29.txt');0.0;0.23499329388141632;1.2875356336650157e-10;0.0
