item;Label;GATModel;GENModel;GINEModel;original_label;instance_name;GATModel_rescaled;GENModel_rescaled;GINEModel_rescaled
Data(x=[49, 1], edge_index=[2, 52], edge_attr=[52, 3], y=49.0, custom_label=1.0, min_label=0, max_label=49, instance_name='p01.txt');1.0;0.2349932938814163;0.7360663414001465;4.0150612790057494e-07;49.0;p01.txt;12.0;36.0;0.0
Data(x=[49, 1], edge_index=[2, 52], edge_attr=[52, 3], y=48.0, custom_label=0.97959185, min_label=0, max_label=49, instance_name='p01.txt');0.9795918464660645;0.2349932938814163;0.7360663414001465;4.0150612790057494e-07;48.0;p01.txt;12.0;36.0;0.0
Data(x=[49, 1], edge_index=[2, 52], edge_attr=[52, 3], y=47.0, custom_label=0.9591837, min_label=0, max_label=49, instance_name='p01.txt');0.9591836929321288;0.2349932938814163;0.7360663414001465;4.0150612790057494e-07;47.0;p01.txt;12.0;36.0;0.0
Data(x=[49, 1], edge_index=[2, 52], edge_attr=[52, 3], y=46.0, custom_label=0.93877554, min_label=0, max_label=49, instance_name='p01.txt');0.9387755393981934;0.2349932938814163;0.7360663414001465;4.0150612790057494e-07;46.0;p01.txt;12.0;36.0;0.0
Data(x=[49, 1], edge_index=[2, 52], edge_attr=[52, 3], y=45.0, custom_label=0.9183673, min_label=0, max_label=49, instance_name='p01.txt');0.918367326259613;0.2349932938814163;0.7360663414001465;4.0150612790057494e-07;45.0;p01.txt;12.0;36.0;0.0
Data(x=[49, 1], edge_index=[2, 52], edge_attr=[52, 3], y=44.0, custom_label=0.8979592, min_label=0, max_label=49, instance_name='p01.txt');0.8979591727256775;0.2349932938814163;0.7360663414001465;4.0150612790057494e-07;44.0;p01.txt;12.0;36.0;0.0
Data(x=[49, 1], edge_index=[2, 52], edge_attr=[52, 3], y=43.0, custom_label=0.877551, min_label=0, max_label=49, instance_name='p01.txt');0.8775510191917419;0.2349932938814163;0.7360663414001465;4.0150612790057494e-07;43.0;p01.txt;12.0;36.0;0.0
Data(x=[49, 1], edge_index=[2, 52], edge_attr=[52, 3], y=42.0, custom_label=0.85714287, min_label=0, max_label=49, instance_name='p01.txt');0.8571428656578064;0.2349932938814163;0.7360663414001465;4.0150612790057494e-07;42.0;p01.txt;12.0;36.0;0.0
Data(x=[49, 1], edge_index=[2, 52], edge_attr=[52, 3], y=41.0, custom_label=0.8367347, min_label=0, max_label=49, instance_name='p01.txt');0.8367347121238708;0.2349932938814163;0.7360663414001465;4.0150612790057494e-07;41.0;p01.txt;12.0;36.0;0.0
Data(x=[49, 1], edge_index=[2, 52], edge_attr=[52, 3], y=40.0, custom_label=0.81632656, min_label=0, max_label=49, instance_name='p01.txt');0.8163265585899353;0.2349932938814163;0.7360663414001465;4.0150612790057494e-07;40.0;p01.txt;12.0;36.0;0.0
Data(x=[49, 1], edge_index=[2, 52], edge_attr=[52, 3], y=39.0, custom_label=0.79591835, min_label=0, max_label=49, instance_name='p01.txt');0.795918345451355;0.2349932938814163;0.7360663414001465;4.0150612790057494e-07;39.0;p01.txt;12.0;36.0;0.0
Data(x=[49, 1], edge_index=[2, 52], edge_attr=[52, 3], y=38.0, custom_label=0.7755102, min_label=0, max_label=49, instance_name='p01.txt');0.7755101919174194;0.2349932938814163;0.7360663414001465;4.0150612790057494e-07;38.0;p01.txt;12.0;36.0;0.0
Data(x=[49, 1], edge_index=[2, 52], edge_attr=[52, 3], y=37.0, custom_label=0.75510204, min_label=0, max_label=49, instance_name='p01.txt');0.7551020383834839;0.2349932938814163;0.7360663414001465;4.0150612790057494e-07;37.0;p01.txt;12.0;36.0;0.0
Data(x=[49, 1], edge_index=[2, 52], edge_attr=[52, 3], y=36.0, custom_label=0.7346939, min_label=0, max_label=49, instance_name='p01.txt');0.7346938848495483;0.2349932938814163;0.7360663414001465;4.0150612790057494e-07;36.0;p01.txt;12.0;36.0;0.0
Data(x=[49, 1], edge_index=[2, 52], edge_attr=[52, 3], y=35.0, custom_label=0.71428573, min_label=0, max_label=49, instance_name='p01.txt');0.7142857313156128;0.2349932938814163;0.7360663414001465;4.0150612790057494e-07;35.0;p01.txt;12.0;36.0;0.0
Data(x=[49, 1], edge_index=[2, 52], edge_attr=[52, 3], y=34.0, custom_label=0.6938776, min_label=0, max_label=49, instance_name='p01.txt');0.6938775777816772;0.2349932938814163;0.7360663414001465;4.0150612790057494e-07;34.0;p01.txt;12.0;36.0;0.0
Data(x=[49, 1], edge_index=[2, 52], edge_attr=[52, 3], y=33.0, custom_label=0.67346936, min_label=0, max_label=49, instance_name='p01.txt');0.6734693646430969;0.2349932938814163;0.7360663414001465;4.0150612790057494e-07;33.0;p01.txt;12.0;36.0;0.0
Data(x=[49, 1], edge_index=[2, 52], edge_attr=[52, 3], y=32.0, custom_label=0.6530612, min_label=0, max_label=49, instance_name='p01.txt');0.6530612111091614;0.2349932938814163;0.7360663414001465;4.0150612790057494e-07;32.0;p01.txt;12.0;36.0;0.0
Data(x=[49, 1], edge_index=[2, 52], edge_attr=[52, 3], y=31.0, custom_label=0.63265306, min_label=0, max_label=49, instance_name='p01.txt');0.6326530575752258;0.2349932938814163;0.7360663414001465;4.0150612790057494e-07;31.0;p01.txt;12.0;36.0;0.0
Data(x=[49, 1], edge_index=[2, 52], edge_attr=[52, 3], y=30.0, custom_label=0.6122449, min_label=0, max_label=49, instance_name='p01.txt');0.6122449040412903;0.2349932938814163;0.7360663414001465;4.0150612790057494e-07;30.0;p01.txt;12.0;36.0;0.0
Data(x=[49, 1], edge_index=[2, 52], edge_attr=[52, 3], y=29.0, custom_label=0.59183675, min_label=0, max_label=49, instance_name='p01.txt');0.5918367505073547;0.2349932938814163;0.7360663414001465;4.0150612790057494e-07;29.0;p01.txt;12.0;36.0;0.0
Data(x=[49, 1], edge_index=[2, 52], edge_attr=[52, 3], y=28.0, custom_label=0.5714286, min_label=0, max_label=49, instance_name='p01.txt');0.5714285969734192;0.2349932938814163;0.7360663414001465;4.0150612790057494e-07;28.0;p01.txt;12.0;36.0;0.0
Data(x=[49, 1], edge_index=[2, 52], edge_attr=[52, 3], y=27.0, custom_label=0.5510204, min_label=0, max_label=49, instance_name='p01.txt');0.5510203838348389;0.2349932938814163;0.7360663414001465;4.0150612790057494e-07;27.0;p01.txt;12.0;36.0;0.0
Data(x=[49, 1], edge_index=[2, 52], edge_attr=[52, 3], y=26.0, custom_label=0.53061223, min_label=0, max_label=49, instance_name='p01.txt');0.5306122303009033;0.2349932938814163;0.7360663414001465;4.0150612790057494e-07;26.0;p01.txt;12.0;36.0;0.0
Data(x=[49, 1], edge_index=[2, 52], edge_attr=[52, 3], y=25.0, custom_label=0.5102041, min_label=0, max_label=49, instance_name='p01.txt');0.5102040767669678;0.2349932938814163;0.7360663414001465;4.0150612790057494e-07;25.0;p01.txt;12.0;36.0;0.0
Data(x=[50, 1], edge_index=[2, 54], edge_attr=[54, 3], y=24.0, custom_label=0.48979592, min_label=0, max_label=49, instance_name='p01.txt');0.4897959232330322;0.2349932938814163;0.2783295512199402;4.0150612790057494e-07;24.0;p01.txt;12.0;14.0;0.0
Data(x=[50, 1], edge_index=[2, 54], edge_attr=[54, 3], y=23.0, custom_label=0.46938777, min_label=0, max_label=49, instance_name='p01.txt');0.4693877696990967;0.2349932938814163;0.2783295512199402;4.0150612790057494e-07;23.0;p01.txt;12.0;14.0;0.0
Data(x=[50, 1], edge_index=[2, 54], edge_attr=[54, 3], y=22.0, custom_label=0.4489796, min_label=0, max_label=49, instance_name='p01.txt');0.4489795863628387;0.2349932938814163;0.2783295512199402;4.0150612790057494e-07;22.0;p01.txt;12.0;14.0;0.0
Data(x=[50, 1], edge_index=[2, 54], edge_attr=[54, 3], y=21.0, custom_label=0.42857143, min_label=0, max_label=49, instance_name='p01.txt');0.4285714328289032;0.2349932938814163;0.2783295512199402;4.0150612790057494e-07;21.0;p01.txt;12.0;14.0;0.0
Data(x=[50, 1], edge_index=[2, 54], edge_attr=[54, 3], y=20.0, custom_label=0.40816328, min_label=0, max_label=49, instance_name='p01.txt');0.4081632792949676;0.2349932938814163;0.2783295512199402;4.0150612790057494e-07;20.0;p01.txt;12.0;14.0;0.0
Data(x=[50, 1], edge_index=[2, 54], edge_attr=[54, 3], y=19.0, custom_label=0.3877551, min_label=0, max_label=49, instance_name='p01.txt');0.3877550959587097;0.2349932938814163;0.2783295512199402;4.0150612790057494e-07;19.0;p01.txt;12.0;14.0;0.0
Data(x=[50, 1], edge_index=[2, 54], edge_attr=[54, 3], y=18.0, custom_label=0.36734694, min_label=0, max_label=49, instance_name='p01.txt');0.3673469424247741;0.2349932938814163;0.2783295512199402;4.0150612790057494e-07;18.0;p01.txt;12.0;14.0;0.0
Data(x=[50, 1], edge_index=[2, 54], edge_attr=[54, 3], y=17.0, custom_label=0.3469388, min_label=0, max_label=49, instance_name='p01.txt');0.3469387888908386;0.2349932938814163;0.2783295512199402;4.0150612790057494e-07;17.0;p01.txt;12.0;14.0;0.0
Data(x=[50, 1], edge_index=[2, 54], edge_attr=[54, 3], y=16.0, custom_label=0.3265306, min_label=0, max_label=49, instance_name='p01.txt');0.3265306055545807;0.2349932938814163;0.2783295512199402;4.0150612790057494e-07;16.0;p01.txt;12.0;14.0;0.0
Data(x=[50, 1], edge_index=[2, 54], edge_attr=[54, 3], y=15.0, custom_label=0.30612245, min_label=0, max_label=49, instance_name='p01.txt');0.3061224520206451;0.2349932938814163;0.2783295512199402;4.0150612790057494e-07;15.0;p01.txt;12.0;14.0;0.0
Data(x=[50, 1], edge_index=[2, 54], edge_attr=[54, 3], y=14.0, custom_label=0.2857143, min_label=0, max_label=49, instance_name='p01.txt');0.2857142984867096;0.2349932938814163;0.2783295512199402;4.0150612790057494e-07;14.0;p01.txt;12.0;14.0;0.0
Data(x=[50, 1], edge_index=[2, 54], edge_attr=[54, 3], y=13.0, custom_label=0.26530612, min_label=0, max_label=49, instance_name='p01.txt');0.2653061151504516;0.2349932938814163;0.2783295512199402;4.0150612790057494e-07;13.0;p01.txt;12.0;14.0;0.0
Data(x=[50, 1], edge_index=[2, 54], edge_attr=[54, 3], y=12.0, custom_label=0.24489796, min_label=0, max_label=49, instance_name='p01.txt');0.2448979616165161;0.2349932938814163;0.2783295512199402;4.0150612790057494e-07;12.0;p01.txt;12.0;14.0;0.0
Data(x=[50, 1], edge_index=[2, 54], edge_attr=[54, 3], y=11.0, custom_label=0.2244898, min_label=0, max_label=49, instance_name='p01.txt');0.2244897931814193;0.2349932938814163;0.2783295512199402;4.0150612790057494e-07;11.0;p01.txt;12.0;14.0;0.0
Data(x=[50, 1], edge_index=[2, 54], edge_attr=[54, 3], y=10.0, custom_label=0.20408164, min_label=0, max_label=49, instance_name='p01.txt');0.2040816396474838;0.2349932938814163;0.2783295512199402;4.0150612790057494e-07;10.0;p01.txt;12.0;14.0;0.0
Data(x=[50, 1], edge_index=[2, 54], edge_attr=[54, 3], y=9.0, custom_label=0.18367347, min_label=0, max_label=49, instance_name='p01.txt');0.183673471212387;0.2349932938814163;0.2783295512199402;4.0150612790057494e-07;9.0;p01.txt;12.0;14.0;0.0
Data(x=[50, 1], edge_index=[2, 54], edge_attr=[54, 3], y=8.0, custom_label=0.1632653, min_label=0, max_label=49, instance_name='p01.txt');0.1632653027772903;0.2349932938814163;0.2783295512199402;4.0150612790057494e-07;8.0;p01.txt;12.0;14.0;0.0
Data(x=[50, 1], edge_index=[2, 54], edge_attr=[54, 3], y=7.0, custom_label=0.14285715, min_label=0, max_label=49, instance_name='p01.txt');0.1428571492433548;0.2349932938814163;0.2783295512199402;4.0150612790057494e-07;7.0;p01.txt;12.0;14.0;0.0
Data(x=[50, 1], edge_index=[2, 54], edge_attr=[54, 3], y=6.0, custom_label=0.12244898, min_label=0, max_label=49, instance_name='p01.txt');0.122448980808258;0.2349932938814163;0.2783295512199402;4.0150612790057494e-07;6.0;p01.txt;12.0;14.0;0.0
Data(x=[50, 1], edge_index=[2, 54], edge_attr=[54, 3], y=5.0, custom_label=0.10204082, min_label=0, max_label=49, instance_name='p01.txt');0.1020408198237419;0.2349932938814163;0.2783295512199402;4.0150612790057494e-07;5.0;p01.txt;12.0;14.0;0.0
Data(x=[50, 1], edge_index=[2, 54], edge_attr=[54, 3], y=4.0, custom_label=0.08163265, min_label=0, max_label=49, instance_name='p01.txt');0.0816326513886451;0.2349932938814163;0.2783295512199402;4.0150612790057494e-07;4.0;p01.txt;12.0;14.0;0.0
Data(x=[50, 1], edge_index=[2, 54], edge_attr=[54, 3], y=3.0, custom_label=0.06122449, min_label=0, max_label=49, instance_name='p01.txt');0.061224490404129;0.2349932938814163;0.2783295512199402;4.0150612790057494e-07;3.0;p01.txt;12.0;14.0;0.0
Data(x=[50, 1], edge_index=[2, 54], edge_attr=[54, 3], y=2.0, custom_label=0.040816326, min_label=0, max_label=49, instance_name='p01.txt');0.0408163256943225;0.2349932938814163;0.2783295512199402;4.0150612790057494e-07;2.0;p01.txt;12.0;14.0;0.0
Data(x=[50, 1], edge_index=[2, 54], edge_attr=[54, 3], y=1.0, custom_label=0.020408163, min_label=0, max_label=49, instance_name='p01.txt');0.0204081628471612;0.2349932938814163;0.2783295512199402;4.0150612790057494e-07;1.0;p01.txt;12.0;14.0;0.0
Data(x=[51, 1], edge_index=[2, 56], edge_attr=[56, 3], y=0.0, custom_label=0.0, min_label=0, max_label=49, instance_name='p01.txt');0.0;0.2349932938814163;0.0678407996892929;4.0150612790057494e-07;0.0;p01.txt;12.0;3.0;0.0
Data(x=[31, 1], edge_index=[2, 38], edge_attr=[38, 3], y=0.0, custom_label=0.0, min_label=0, max_label=49, instance_name='p01.txt');0.0;0.2349932938814163;0.0037738734390586;4.0150612790057494e-07;0.0;p01.txt;12.0;0.0;0.0
Data(x=[31, 1], edge_index=[2, 38], edge_attr=[38, 3], y=0.0, custom_label=0.0, min_label=0, max_label=49, instance_name='p01.txt');0.0;0.2349932938814163;0.0307946410030126;4.0150612790057494e-07;0.0;p01.txt;12.0;2.0;0.0
Data(x=[28, 1], edge_index=[2, 34], edge_attr=[34, 3], y=0.0, custom_label=0.0, min_label=0, max_label=49, instance_name='p01.txt');0.0;0.2349932938814163;0.0353274345397949;4.0150612790057494e-07;0.0;p01.txt;12.0;2.0;0.0
Data(x=[29, 1], edge_index=[2, 36], edge_attr=[36, 3], y=0.0, custom_label=0.0, min_label=0, max_label=49, instance_name='p01.txt');0.0;0.2349932938814163;0.0286429021507501;0.0;0.0;p01.txt;12.0;1.0;0.0
Data(x=[24, 1], edge_index=[2, 30], edge_attr=[30, 3], y=0.0, custom_label=0.0, min_label=0, max_label=49, instance_name='p01.txt');0.0;0.2349932938814163;0.0304403156042099;4.0150612790057494e-07;0.0;p01.txt;12.0;1.0;0.0
Data(x=[29, 1], edge_index=[2, 34], edge_attr=[34, 3], y=0.0, custom_label=0.0, min_label=0, max_label=49, instance_name='p01.txt');0.0;0.2349932938814163;0.0438726916909217;4.0150612790057494e-07;0.0;p01.txt;12.0;2.0;0.0
Data(x=[40, 1], edge_index=[2, 48], edge_attr=[48, 3], y=0.0, custom_label=0.0, min_label=0, max_label=49, instance_name='p01.txt');0.0;0.2349932938814163;0.0055118035525083;0.0;0.0;p01.txt;12.0;0.0;0.0
Data(x=[32, 1], edge_index=[2, 38], edge_attr=[38, 3], y=0.0, custom_label=0.0, min_label=0, max_label=49, instance_name='p01.txt');0.0;0.2349932938814163;0.006150173023343;0.0;0.0;p01.txt;12.0;0.0;0.0
Data(x=[40, 1], edge_index=[2, 46], edge_attr=[46, 3], y=0.0, custom_label=0.0, min_label=0, max_label=49, instance_name='p01.txt');0.0;0.2349932938814163;0.0476372353732585;4.0150612790057494e-07;0.0;p01.txt;12.0;2.0;0.0
Data(x=[28, 1], edge_index=[2, 34], edge_attr=[34, 3], y=0.0, custom_label=0.0, min_label=0, max_label=49, instance_name='p01.txt');0.0;0.2349932938814163;0.0353274345397949;4.0150612790057494e-07;0.0;p01.txt;12.0;2.0;0.0
Data(x=[31, 1], edge_index=[2, 38], edge_attr=[38, 3], y=0.0, custom_label=0.0, min_label=0, max_label=49, instance_name='p01.txt');0.0;0.2349932938814163;0.0037738734390586;0.0;0.0;p01.txt;12.0;0.0;0.0
Data(x=[30, 1], edge_index=[2, 36], edge_attr=[36, 3], y=0.0, custom_label=0.0, min_label=0, max_label=49, instance_name='p01.txt');0.0;0.2349932938814163;0.0051387334242463;0.0;0.0;p01.txt;12.0;0.0;0.0
Data(x=[27, 1], edge_index=[2, 34], edge_attr=[34, 3], y=0.0, custom_label=0.0, min_label=0, max_label=49, instance_name='p01.txt');0.0;0.2349932938814163;0.0023741314653307;0.0;0.0;p01.txt;12.0;0.0;0.0
Data(x=[27, 1], edge_index=[2, 34], edge_attr=[34, 3], y=0.0, custom_label=0.0, min_label=0, max_label=49, instance_name='p01.txt');0.0;0.2349932938814163;0.0264173559844493;0.0;0.0;p01.txt;12.0;1.0;0.0
Data(x=[28, 1], edge_index=[2, 34], edge_attr=[34, 3], y=0.0, custom_label=0.0, min_label=0, max_label=49, instance_name='p01.txt');0.0;0.2349932938814163;0.0041909753344953;0.0;0.0;p01.txt;12.0;0.0;0.0
Data(x=[29, 1], edge_index=[2, 36], edge_attr=[36, 3], y=0.0, custom_label=0.0, min_label=0, max_label=49, instance_name='p01.txt');0.0;0.2349932938814163;0.0030387362930923;4.0150612790057494e-07;0.0;p01.txt;12.0;0.0;0.0
Data(x=[32, 1], edge_index=[2, 38], edge_attr=[38, 3], y=0.0, custom_label=0.0, min_label=0, max_label=49, instance_name='p01.txt');0.0;0.2349932938814163;0.0397004187107086;4.0150612790057494e-07;0.0;p01.txt;12.0;2.0;0.0
Data(x=[25, 1], edge_index=[2, 30], edge_attr=[30, 3], y=0.0, custom_label=0.0, min_label=0, max_label=49, instance_name='p01.txt');0.0;0.2349932938814163;0.0389063321053981;4.0150612790057494e-07;0.0;p01.txt;12.0;2.0;0.0
Data(x=[36, 1], edge_index=[2, 44], edge_attr=[44, 3], y=0.0, custom_label=0.0, min_label=0, max_label=49, instance_name='p01.txt');0.0;0.2349932938814163;0.0040282551199197;0.0;0.0;p01.txt;12.0;0.0;0.0
Data(x=[35, 1], edge_index=[2, 40], edge_attr=[40, 3], y=0.0, custom_label=0.0, min_label=0, max_label=49, instance_name='p01.txt');0.0;0.2349932938814163;0.0503377690911293;4.0150612790057494e-07;0.0;p01.txt;12.0;2.0;0.0
Data(x=[38, 1], edge_index=[2, 46], edge_attr=[46, 3], y=0.0, custom_label=0.0, min_label=0, max_label=49, instance_name='p01.txt');0.0;0.2349932938814163;0.0047497348859906;4.0150612790057494e-07;0.0;p01.txt;12.0;0.0;0.0
Data(x=[39, 1], edge_index=[2, 46], edge_attr=[46, 3], y=0.0, custom_label=0.0, min_label=0, max_label=49, instance_name='p01.txt');0.0;0.2349932938814163;0.007281235884875;4.0150612790057494e-07;0.0;p01.txt;12.0;0.0;0.0
Data(x=[34, 1], edge_index=[2, 40], edge_attr=[40, 3], y=0.0, custom_label=0.0, min_label=0, max_label=49, instance_name='p01.txt');0.0;0.2349932938814163;0.0054068178869783;4.0150612790057494e-07;0.0;p01.txt;12.0;0.0;0.0
Data(x=[40, 1], edge_index=[2, 48], edge_attr=[48, 3], y=0.0, custom_label=0.0, min_label=0, max_label=49, instance_name='p01.txt');0.0;0.2349932938814163;0.0055118007585406;0.0;0.0;p01.txt;12.0;0.0;0.0
Data(x=[28, 1], edge_index=[2, 34], edge_attr=[34, 3], y=0.0, custom_label=0.0, min_label=0, max_label=49, instance_name='p01.txt');0.0;0.2349932938814163;0.0041909711435437;4.0150612790057494e-07;0.0;p01.txt;12.0;0.0;0.0
Data(x=[37, 1], edge_index=[2, 42], edge_attr=[42, 3], y=12.0, custom_label=0.24489796, min_label=0, max_label=49, instance_name='p01.txt');0.2448979616165161;0.2349932938814163;0.2835575342178345;4.0150612790057494e-07;12.0;p01.txt;12.0;14.0;0.0
Data(x=[37, 1], edge_index=[2, 42], edge_attr=[42, 3], y=11.0, custom_label=0.2244898, min_label=0, max_label=49, instance_name='p01.txt');0.2244897931814193;0.2349932938814163;0.2835575342178345;4.0150612790057494e-07;11.0;p01.txt;12.0;14.0;0.0
Data(x=[37, 1], edge_index=[2, 42], edge_attr=[42, 3], y=10.0, custom_label=0.20408164, min_label=0, max_label=49, instance_name='p01.txt');0.2040816396474838;0.2349932938814163;0.2835575342178345;4.0150612790057494e-07;10.0;p01.txt;12.0;14.0;0.0
Data(x=[37, 1], edge_index=[2, 42], edge_attr=[42, 3], y=9.0, custom_label=0.18367347, min_label=0, max_label=49, instance_name='p01.txt');0.183673471212387;0.2349932938814163;0.2677444517612457;4.0150612790057494e-07;9.0;p01.txt;12.0;13.0;0.0
Data(x=[37, 1], edge_index=[2, 42], edge_attr=[42, 3], y=8.0, custom_label=0.1632653, min_label=0, max_label=49, instance_name='p01.txt');0.1632653027772903;0.2349932938814163;0.2835575342178345;4.0150612790057494e-07;8.0;p01.txt;12.0;14.0;0.0
Data(x=[37, 1], edge_index=[2, 42], edge_attr=[42, 3], y=7.0, custom_label=0.14285715, min_label=0, max_label=49, instance_name='p01.txt');0.1428571492433548;0.2349932938814163;0.2835575342178345;4.0150612790057494e-07;7.0;p01.txt;12.0;14.0;0.0
Data(x=[36, 1], edge_index=[2, 40], edge_attr=[40, 3], y=6.0, custom_label=0.12244898, min_label=0, max_label=49, instance_name='p01.txt');0.122448980808258;0.2349932938814163;0.3201460540294647;4.0150612790057494e-07;6.0;p01.txt;12.0;16.0;0.0
Data(x=[36, 1], edge_index=[2, 40], edge_attr=[40, 3], y=5.0, custom_label=0.10204082, min_label=0, max_label=49, instance_name='p01.txt');0.1020408198237419;0.2349932938814163;0.3201460540294647;4.0150612790057494e-07;5.0;p01.txt;12.0;16.0;0.0
Data(x=[36, 1], edge_index=[2, 40], edge_attr=[40, 3], y=4.0, custom_label=0.08163265, min_label=0, max_label=49, instance_name='p01.txt');0.0816326513886451;0.2349932938814163;0.3201460540294647;4.0150612790057494e-07;4.0;p01.txt;12.0;16.0;0.0
Data(x=[36, 1], edge_index=[2, 40], edge_attr=[40, 3], y=3.0, custom_label=0.06122449, min_label=0, max_label=49, instance_name='p01.txt');0.061224490404129;0.2349932938814163;0.3201460540294647;4.0150612790057494e-07;3.0;p01.txt;12.0;16.0;0.0
Data(x=[36, 1], edge_index=[2, 40], edge_attr=[40, 3], y=2.0, custom_label=0.040816326, min_label=0, max_label=49, instance_name='p01.txt');0.0408163256943225;0.2349932938814163;0.3201460540294647;4.0150612790057494e-07;2.0;p01.txt;12.0;16.0;0.0
Data(x=[36, 1], edge_index=[2, 40], edge_attr=[40, 3], y=1.0, custom_label=0.020408163, min_label=0, max_label=49, instance_name='p01.txt');0.0204081628471612;0.2349932938814163;0.3201460540294647;4.0150612790057494e-07;1.0;p01.txt;12.0;16.0;0.0
Data(x=[37, 1], edge_index=[2, 42], edge_attr=[42, 3], y=0.0, custom_label=0.0, min_label=0, max_label=49, instance_name='p01.txt');0.0;0.2349932938814163;0.0524758026003837;4.0150612790057494e-07;0.0;p01.txt;12.0;3.0;0.0
Data(x=[42, 1], edge_index=[2, 50], edge_attr=[50, 3], y=0.0, custom_label=0.0, min_label=0, max_label=49, instance_name='p01.txt');0.0;0.2349932938814163;0.0063481577672064;4.0150612790057494e-07;0.0;p01.txt;12.0;0.0;0.0
Data(x=[39, 1], edge_index=[2, 46], edge_attr=[46, 3], y=0.0, custom_label=0.0, min_label=0, max_label=49, instance_name='p01.txt');0.0;0.2349932938814163;0.0387131534516811;4.0150612790057494e-07;0.0;p01.txt;12.0;2.0;0.0
Data(x=[29, 1], edge_index=[2, 34], edge_attr=[34, 3], y=0.0, custom_label=0.0, min_label=0, max_label=49, instance_name='p01.txt');0.0;0.2349932938814163;0.0438726916909217;4.0150612790057494e-07;0.0;p01.txt;12.0;2.0;0.0
Data(x=[38, 1], edge_index=[2, 46], edge_attr=[46, 3], y=0.0, custom_label=0.0, min_label=0, max_label=49, instance_name='p01.txt');0.0;0.2349932938814163;0.0047497348859906;4.0150612790057494e-07;0.0;p01.txt;12.0;0.0;0.0
Data(x=[28, 1], edge_index=[2, 36], edge_attr=[36, 3], y=0.0, custom_label=0.0, min_label=0, max_label=49, instance_name='p01.txt');0.0;0.2349932938814163;0.0016897813184186;0.0;0.0;p01.txt;12.0;0.0;0.0
Data(x=[30, 1], edge_index=[2, 36], edge_attr=[36, 3], y=0.0, custom_label=0.0, min_label=0, max_label=49, instance_name='p01.txt');0.0;0.2349932938814163;0.037571232765913;0.0;0.0;p01.txt;12.0;2.0;0.0
Data(x=[33, 1], edge_index=[2, 38], edge_attr=[38, 3], y=0.0, custom_label=0.0, min_label=0, max_label=49, instance_name='p01.txt');0.0;0.2349932938814163;0.0482435524463653;4.0150612790057494e-07;0.0;p01.txt;12.0;2.0;0.0
Data(x=[29, 1], edge_index=[2, 36], edge_attr=[36, 3], y=0.0, custom_label=0.0, min_label=0, max_label=49, instance_name='p01.txt');0.0;0.2349932938814163;0.0030387362930923;0.0;0.0;p01.txt;12.0;0.0;0.0
Data(x=[33, 1], edge_index=[2, 40], edge_attr=[40, 3], y=0.0, custom_label=0.0, min_label=0, max_label=49, instance_name='p01.txt');0.0;0.2349932938814163;0.000289329647785;0.0;0.0;p01.txt;12.0;0.0;0.0
Data(x=[32, 1], edge_index=[2, 40], edge_attr=[40, 3], y=0.0, custom_label=0.0, min_label=0, max_label=49, instance_name='p01.txt');0.0;0.2349932938814163;0.0027439112309366;0.0;0.0;p01.txt;12.0;0.0;0.0
Data(x=[25, 1], edge_index=[2, 32], edge_attr=[32, 3], y=0.0, custom_label=0.0, min_label=0, max_label=49, instance_name='p01.txt');0.0;0.2349932938814163;0.0241002980619668;0.0;0.0;p01.txt;12.0;1.0;0.0
Data(x=[28, 1], edge_index=[2, 34], edge_attr=[34, 3], y=0.0, custom_label=0.0, min_label=0, max_label=49, instance_name='p01.txt');0.0;0.2349932938814163;0.0353274345397949;4.0150612790057494e-07;0.0;p01.txt;12.0;2.0;0.0
Data(x=[41, 1], edge_index=[2, 44], edge_attr=[44, 3], y=35.0, custom_label=1.0, min_label=0, max_label=35, instance_name='p02.txt');1.0;0.2349932938814163;0.7600696682929993;4.0150612790057494e-07;35.0;p02.txt;8.0;27.0;0.0
Data(x=[41, 1], edge_index=[2, 44], edge_attr=[44, 3], y=34.0, custom_label=0.9714286, min_label=0, max_label=35, instance_name='p02.txt');0.9714285731315612;0.2349932938814163;0.7600696682929993;4.0150612790057494e-07;34.0;p02.txt;8.0;27.0;0.0
Data(x=[41, 1], edge_index=[2, 44], edge_attr=[44, 3], y=33.0, custom_label=0.94285715, min_label=0, max_label=35, instance_name='p02.txt');0.9428571462631226;0.2349932938814163;0.7600696682929993;4.0150612790057494e-07;33.0;p02.txt;8.0;27.0;0.0
Data(x=[41, 1], edge_index=[2, 44], edge_attr=[44, 3], y=32.0, custom_label=0.9142857, min_label=0, max_label=35, instance_name='p02.txt');0.9142857193946838;0.2349932938814163;0.7600696682929993;4.0150612790057494e-07;32.0;p02.txt;8.0;27.0;0.0
Data(x=[41, 1], edge_index=[2, 44], edge_attr=[44, 3], y=31.0, custom_label=0.8857143, min_label=0, max_label=35, instance_name='p02.txt');0.8857142925262451;0.2349932938814163;0.7600696682929993;4.0150612790057494e-07;31.0;p02.txt;8.0;27.0;0.0
Data(x=[41, 1], edge_index=[2, 44], edge_attr=[44, 3], y=30.0, custom_label=0.85714287, min_label=0, max_label=35, instance_name='p02.txt');0.8571428656578064;0.2349932938814163;0.7600696682929993;4.0150612790057494e-07;30.0;p02.txt;8.0;27.0;0.0
Data(x=[41, 1], edge_index=[2, 44], edge_attr=[44, 3], y=29.0, custom_label=0.82857144, min_label=0, max_label=35, instance_name='p02.txt');0.8285714387893677;0.2349932938814163;0.7600696682929993;4.0150612790057494e-07;29.0;p02.txt;8.0;27.0;0.0
Data(x=[41, 1], edge_index=[2, 44], edge_attr=[44, 3], y=28.0, custom_label=0.8, min_label=0, max_label=35, instance_name='p02.txt');0.800000011920929;0.2349932938814163;0.7600696682929993;4.0150612790057494e-07;28.0;p02.txt;8.0;27.0;0.0
Data(x=[41, 1], edge_index=[2, 44], edge_attr=[44, 3], y=27.0, custom_label=0.7714286, min_label=0, max_label=35, instance_name='p02.txt');0.7714285850524902;0.2349932938814163;0.7600696682929993;4.0150612790057494e-07;27.0;p02.txt;8.0;27.0;0.0
Data(x=[41, 1], edge_index=[2, 44], edge_attr=[44, 3], y=26.0, custom_label=0.74285716, min_label=0, max_label=35, instance_name='p02.txt');0.7428571581840515;0.2349932938814163;0.7600696682929993;4.0150612790057494e-07;26.0;p02.txt;8.0;27.0;0.0
Data(x=[41, 1], edge_index=[2, 44], edge_attr=[44, 3], y=25.0, custom_label=0.71428573, min_label=0, max_label=35, instance_name='p02.txt');0.7142857313156128;0.2349932938814163;0.7600696682929993;4.0150612790057494e-07;25.0;p02.txt;8.0;27.0;0.0
Data(x=[41, 1], edge_index=[2, 44], edge_attr=[44, 3], y=24.0, custom_label=0.6857143, min_label=0, max_label=35, instance_name='p02.txt');0.6857143044471741;0.2349932938814163;0.7600696682929993;4.0150612790057494e-07;24.0;p02.txt;8.0;27.0;0.0
Data(x=[41, 1], edge_index=[2, 44], edge_attr=[44, 3], y=23.0, custom_label=0.6571429, min_label=0, max_label=35, instance_name='p02.txt');0.6571428775787354;0.2349932938814163;0.7600696682929993;4.0150612790057494e-07;23.0;p02.txt;8.0;27.0;0.0
Data(x=[41, 1], edge_index=[2, 44], edge_attr=[44, 3], y=22.0, custom_label=0.62857145, min_label=0, max_label=35, instance_name='p02.txt');0.6285714507102966;0.2349932938814163;0.7600696682929993;4.0150612790057494e-07;22.0;p02.txt;8.0;27.0;0.0
Data(x=[41, 1], edge_index=[2, 44], edge_attr=[44, 3], y=21.0, custom_label=0.6, min_label=0, max_label=35, instance_name='p02.txt');0.6000000238418579;0.2349932938814163;0.7600696682929993;4.0150612790057494e-07;21.0;p02.txt;8.0;27.0;0.0
Data(x=[41, 1], edge_index=[2, 44], edge_attr=[44, 3], y=20.0, custom_label=0.5714286, min_label=0, max_label=35, instance_name='p02.txt');0.5714285969734192;0.2349932938814163;0.7600696682929993;4.0150612790057494e-07;20.0;p02.txt;8.0;27.0;0.0
Data(x=[41, 1], edge_index=[2, 44], edge_attr=[44, 3], y=19.0, custom_label=0.54285717, min_label=0, max_label=35, instance_name='p02.txt');0.5428571701049805;0.2349932938814163;0.7600696682929993;4.0150612790057494e-07;19.0;p02.txt;8.0;27.0;0.0
Data(x=[41, 1], edge_index=[2, 44], edge_attr=[44, 3], y=18.0, custom_label=0.51428574, min_label=0, max_label=35, instance_name='p02.txt');0.5142857432365417;0.2349932938814163;0.7600696682929993;4.0150612790057494e-07;18.0;p02.txt;8.0;27.0;0.0
Data(x=[41, 1], edge_index=[2, 44], edge_attr=[44, 3], y=17.0, custom_label=0.4857143, min_label=0, max_label=35, instance_name='p02.txt');0.4857142865657806;0.2349932938814163;0.7600696682929993;4.0150612790057494e-07;17.0;p02.txt;8.0;27.0;0.0
Data(x=[41, 1], edge_index=[2, 44], edge_attr=[44, 3], y=16.0, custom_label=0.45714286, min_label=0, max_label=35, instance_name='p02.txt');0.4571428596973419;0.2349932938814163;0.7600696682929993;4.0150612790057494e-07;16.0;p02.txt;8.0;27.0;0.0
Data(x=[41, 1], edge_index=[2, 44], edge_attr=[44, 3], y=15.0, custom_label=0.42857143, min_label=0, max_label=35, instance_name='p02.txt');0.4285714328289032;0.2349932938814163;0.7600696682929993;4.0150612790057494e-07;15.0;p02.txt;8.0;27.0;0.0
Data(x=[41, 1], edge_index=[2, 44], edge_attr=[44, 3], y=14.0, custom_label=0.4, min_label=0, max_label=35, instance_name='p02.txt');0.4000000059604645;0.2349932938814163;0.7600696682929993;4.0150612790057494e-07;14.0;p02.txt;8.0;27.0;0.0
Data(x=[41, 1], edge_index=[2, 44], edge_attr=[44, 3], y=13.0, custom_label=0.37142858, min_label=0, max_label=35, instance_name='p02.txt');0.3714285790920257;0.2349932938814163;0.7600696682929993;4.0150612790057494e-07;13.0;p02.txt;8.0;27.0;0.0
Data(x=[41, 1], edge_index=[2, 44], edge_attr=[44, 3], y=12.0, custom_label=0.34285715, min_label=0, max_label=35, instance_name='p02.txt');0.342857152223587;0.2349932938814163;0.7600696682929993;4.0150612790057494e-07;12.0;p02.txt;8.0;27.0;0.0
Data(x=[41, 1], edge_index=[2, 44], edge_attr=[44, 3], y=11.0, custom_label=0.31428573, min_label=0, max_label=35, instance_name='p02.txt');0.3142857253551483;0.2349932938814163;0.7600696682929993;4.0150612790057494e-07;11.0;p02.txt;8.0;27.0;0.0
Data(x=[41, 1], edge_index=[2, 44], edge_attr=[44, 3], y=10.0, custom_label=0.2857143, min_label=0, max_label=35, instance_name='p02.txt');0.2857142984867096;0.2349932938814163;0.7600696682929993;4.0150612790057494e-07;10.0;p02.txt;8.0;27.0;0.0
Data(x=[41, 1], edge_index=[2, 44], edge_attr=[44, 3], y=9.0, custom_label=0.25714287, min_label=0, max_label=35, instance_name='p02.txt');0.2571428716182709;0.2349932938814163;0.7600696682929993;4.0150612790057494e-07;9.0;p02.txt;8.0;27.0;0.0
Data(x=[41, 1], edge_index=[2, 44], edge_attr=[44, 3], y=8.0, custom_label=0.22857143, min_label=0, max_label=35, instance_name='p02.txt');0.2285714298486709;0.2349932938814163;0.7600696682929993;4.0150612790057494e-07;8.0;p02.txt;8.0;27.0;0.0
Data(x=[41, 1], edge_index=[2, 44], edge_attr=[44, 3], y=7.0, custom_label=0.2, min_label=0, max_label=35, instance_name='p02.txt');0.2000000029802322;0.2349932938814163;0.7600696682929993;4.0150612790057494e-07;7.0;p02.txt;8.0;27.0;0.0
Data(x=[41, 1], edge_index=[2, 44], edge_attr=[44, 3], y=6.0, custom_label=0.17142858, min_label=0, max_label=35, instance_name='p02.txt');0.1714285761117935;0.2349932938814163;0.7600696682929993;4.0150612790057494e-07;6.0;p02.txt;8.0;27.0;0.0
Data(x=[41, 1], edge_index=[2, 44], edge_attr=[44, 3], y=5.0, custom_label=0.14285715, min_label=0, max_label=35, instance_name='p02.txt');0.1428571492433548;0.2349932938814163;0.7600696682929993;4.0150612790057494e-07;5.0;p02.txt;8.0;27.0;0.0
Data(x=[42, 1], edge_index=[2, 46], edge_attr=[46, 3], y=4.0, custom_label=0.114285715, min_label=0, max_label=35, instance_name='p02.txt');0.1142857149243354;0.2349932938814163;0.298303872346878;4.0150612790057494e-07;4.0;p02.txt;8.0;10.0;0.0
Data(x=[42, 1], edge_index=[2, 46], edge_attr=[46, 3], y=3.0, custom_label=0.08571429, min_label=0, max_label=35, instance_name='p02.txt');0.0857142880558967;0.2349932938814163;0.298303872346878;4.0150612790057494e-07;3.0;p02.txt;8.0;10.0;0.0
Data(x=[42, 1], edge_index=[2, 46], edge_attr=[46, 3], y=2.0, custom_label=0.057142857, min_label=0, max_label=35, instance_name='p02.txt');0.0571428574621677;0.2349932938814163;0.298303872346878;4.0150612790057494e-07;2.0;p02.txt;8.0;10.0;0.0
Data(x=[42, 1], edge_index=[2, 46], edge_attr=[46, 3], y=1.0, custom_label=0.028571429, min_label=0, max_label=35, instance_name='p02.txt');0.0285714287310838;0.2349932938814163;0.298303872346878;4.0150612790057494e-07;1.0;p02.txt;8.0;10.0;0.0
Data(x=[43, 1], edge_index=[2, 48], edge_attr=[48, 3], y=0.0, custom_label=0.0, min_label=0, max_label=35, instance_name='p02.txt');0.0;0.2349932938814163;0.0592901073396205;4.0150612790057494e-07;0.0;p02.txt;8.0;2.0;0.0
Data(x=[27, 1], edge_index=[2, 32], edge_attr=[32, 3], y=0.0, custom_label=0.0, min_label=0, max_label=35, instance_name='p02.txt');0.0;0.2349932938814163;0.0414095446467399;4.0150612790057494e-07;0.0;p02.txt;8.0;1.0;0.0
Data(x=[28, 1], edge_index=[2, 34], edge_attr=[34, 3], y=0.0, custom_label=0.0, min_label=0, max_label=35, instance_name='p02.txt');0.0;0.2349932938814163;0.0353274345397949;4.0150612790057494e-07;0.0;p02.txt;8.0;1.0;0.0
Data(x=[31, 1], edge_index=[2, 36], edge_attr=[36, 3], y=5.0, custom_label=0.14285715, min_label=0, max_label=35, instance_name='p02.txt');0.1428571492433548;0.2349932938814163;0.3104813992977142;4.0150612790057494e-07;5.0;p02.txt;8.0;11.0;0.0
Data(x=[31, 1], edge_index=[2, 36], edge_attr=[36, 3], y=4.0, custom_label=0.114285715, min_label=0, max_label=35, instance_name='p02.txt');0.1142857149243354;0.2349932938814163;0.3104813992977142;4.0150612790057494e-07;4.0;p02.txt;8.0;11.0;0.0
Data(x=[31, 1], edge_index=[2, 36], edge_attr=[36, 3], y=3.0, custom_label=0.08571429, min_label=0, max_label=35, instance_name='p02.txt');0.0857142880558967;0.2349932938814163;0.2917479872703552;4.0150612790057494e-07;3.0;p02.txt;8.0;10.0;0.0
Data(x=[31, 1], edge_index=[2, 36], edge_attr=[36, 3], y=2.0, custom_label=0.057142857, min_label=0, max_label=35, instance_name='p02.txt');0.0571428574621677;0.2349932938814163;0.3104813992977142;4.0150612790057494e-07;2.0;p02.txt;8.0;11.0;0.0
Data(x=[31, 1], edge_index=[2, 36], edge_attr=[36, 3], y=1.0, custom_label=0.028571429, min_label=0, max_label=35, instance_name='p02.txt');0.0285714287310838;0.2349932938814163;0.3104813992977142;4.0150612790057494e-07;1.0;p02.txt;8.0;11.0;0.0
Data(x=[31, 1], edge_index=[2, 36], edge_attr=[36, 3], y=0.0, custom_label=0.0, min_label=0, max_label=35, instance_name='p02.txt');0.0;0.2349932938814163;0.046190682798624;4.0150612790057494e-07;0.0;p02.txt;8.0;2.0;0.0
Data(x=[20, 1], edge_index=[2, 26], edge_attr=[26, 3], y=0.0, custom_label=0.0, min_label=0, max_label=35, instance_name='p02.txt');0.0;0.2349932938814163;0.0012833660002797;0.0;0.0;p02.txt;8.0;0.0;0.0
Data(x=[24, 1], edge_index=[2, 30], edge_attr=[30, 3], y=0.0, custom_label=0.0, min_label=0, max_label=35, instance_name='p02.txt');0.0;0.2349932938814163;0.0016546422848477;4.0150612790057494e-07;0.0;p02.txt;8.0;0.0;0.0
Data(x=[26, 1], edge_index=[2, 32], edge_attr=[32, 3], y=0.0, custom_label=0.0, min_label=0, max_label=35, instance_name='p02.txt');0.0;0.2349932938814163;0.0329633392393589;0.0;0.0;p02.txt;8.0;1.0;0.0
Data(x=[30, 1], edge_index=[2, 36], edge_attr=[36, 3], y=0.0, custom_label=0.0, min_label=0, max_label=35, instance_name='p02.txt');0.0;0.2349932938814163;0.0051387385465204;0.0;0.0;p02.txt;8.0;0.0;0.0
Data(x=[20, 1], edge_index=[2, 26], edge_attr=[26, 3], y=0.0, custom_label=0.0, min_label=0, max_label=35, instance_name='p02.txt');0.0;0.2349932938814163;0.0247019510716199;0.0;0.0;p02.txt;8.0;1.0;0.0
Data(x=[26, 1], edge_index=[2, 32], edge_attr=[32, 3], y=2.0, custom_label=0.057142857, min_label=0, max_label=35, instance_name='p02.txt');0.0571428574621677;0.2349932938814163;0.344244509935379;0.0;2.0;p02.txt;8.0;12.0;0.0
Data(x=[25, 1], edge_index=[2, 30], edge_attr=[30, 3], y=1.0, custom_label=0.028571429, min_label=0, max_label=35, instance_name='p02.txt');0.0285714287310838;0.2349932938814163;0.4068507850170135;0.0;1.0;p02.txt;8.0;14.0;0.0
Data(x=[26, 1], edge_index=[2, 32], edge_attr=[32, 3], y=0.0, custom_label=0.0, min_label=0, max_label=35, instance_name='p02.txt');0.0;0.2349932938814163;0.0329633392393589;0.0;0.0;p02.txt;8.0;1.0;0.0
Data(x=[26, 1], edge_index=[2, 32], edge_attr=[32, 3], y=0.0, custom_label=0.0, min_label=0, max_label=35, instance_name='p02.txt');0.0;0.2349932938814163;0.0329633392393589;0.0;0.0;p02.txt;8.0;1.0;0.0
Data(x=[29, 1], edge_index=[2, 34], edge_attr=[34, 3], y=0.0, custom_label=0.0, min_label=0, max_label=35, instance_name='p02.txt');0.0;0.2349932938814163;0.0438726805150508;4.0150612790057494e-07;0.0;p02.txt;8.0;2.0;0.0
Data(x=[26, 1], edge_index=[2, 34], edge_attr=[34, 3], y=0.0, custom_label=0.0, min_label=0, max_label=35, instance_name='p02.txt');0.0;0.2349932938814163;0.0012563677737489;0.0;0.0;p02.txt;8.0;0.0;0.0
Data(x=[39, 1], edge_index=[2, 46], edge_attr=[46, 3], y=0.0, custom_label=0.0, min_label=0, max_label=35, instance_name='p02.txt');0.0;0.2349932938814163;0.0072812284342944;4.0150612790057494e-07;0.0;p02.txt;8.0;0.0;0.0
Data(x=[24, 1], edge_index=[2, 30], edge_attr=[30, 3], y=0.0, custom_label=0.0, min_label=0, max_label=35, instance_name='p02.txt');0.0;0.2349932938814163;0.0304403062909841;0.0;0.0;p02.txt;8.0;1.0;0.0
Data(x=[36, 1], edge_index=[2, 44], edge_attr=[44, 3], y=0.0, custom_label=0.0, min_label=0, max_label=35, instance_name='p02.txt');0.0;0.2349932938814163;0.0040282551199197;0.0;0.0;p02.txt;8.0;0.0;0.0
Data(x=[37, 1], edge_index=[2, 44], edge_attr=[44, 3], y=0.0, custom_label=0.0, min_label=0, max_label=35, instance_name='p02.txt');0.0;0.2349932938814163;0.0369037948548793;4.0150612790057494e-07;0.0;p02.txt;8.0;1.0;0.0
Data(x=[19, 1], edge_index=[2, 26], edge_attr=[26, 3], y=0.0, custom_label=0.0, min_label=0, max_label=35, instance_name='p02.txt');0.0;0.2349932938814163;0.0005475241923704;0.0;0.0;p02.txt;8.0;0.0;0.0
Data(x=[24, 1], edge_index=[2, 30], edge_attr=[30, 3], y=0.0, custom_label=0.0, min_label=0, max_label=35, instance_name='p02.txt');0.0;0.2349932938814163;0.0025385981425642;0.0;0.0;p02.txt;8.0;0.0;0.0
Data(x=[28, 1], edge_index=[2, 36], edge_attr=[36, 3], y=0.0, custom_label=0.0, min_label=0, max_label=35, instance_name='p02.txt');0.0;0.2349932938814163;0.0016897829482331;0.0;0.0;p02.txt;8.0;0.0;0.0
Data(x=[30, 1], edge_index=[2, 38], edge_attr=[38, 3], y=0.0, custom_label=0.0, min_label=0, max_label=35, instance_name='p02.txt');0.0;0.2349932938814163;0.0021853526122868;0.0;0.0;p02.txt;8.0;0.0;0.0
Data(x=[30, 1], edge_index=[2, 36], edge_attr=[36, 3], y=0.0, custom_label=0.0, min_label=0, max_label=35, instance_name='p02.txt');0.0;0.2349932938814163;0.0375712104141712;0.0;0.0;p02.txt;8.0;1.0;0.0
Data(x=[26, 1], edge_index=[2, 32], edge_attr=[32, 3], y=3.0, custom_label=0.08571429, min_label=0, max_label=35, instance_name='p02.txt');0.0857142880558967;0.2349932938814163;0.344244509935379;0.0;3.0;p02.txt;8.0;12.0;0.0
Data(x=[25, 1], edge_index=[2, 30], edge_attr=[30, 3], y=2.0, custom_label=0.057142857, min_label=0, max_label=35, instance_name='p02.txt');0.0571428574621677;0.2349932938814163;0.4068507850170135;0.0;2.0;p02.txt;8.0;14.0;0.0
Data(x=[25, 1], edge_index=[2, 30], edge_attr=[30, 3], y=1.0, custom_label=0.028571429, min_label=0, max_label=35, instance_name='p02.txt');0.0285714287310838;0.2349932938814163;0.4068507850170135;0.0;1.0;p02.txt;8.0;14.0;0.0
Data(x=[26, 1], edge_index=[2, 32], edge_attr=[32, 3], y=0.0, custom_label=0.0, min_label=0, max_label=35, instance_name='p02.txt');0.0;0.2349932938814163;0.03296335414052;0.0;0.0;p02.txt;8.0;1.0;0.0
Data(x=[28, 1], edge_index=[2, 34], edge_attr=[34, 3], y=0.0, custom_label=0.0, min_label=0, max_label=35, instance_name='p02.txt');0.0;0.2349932938814163;0.0353274345397949;4.0150612790057494e-07;0.0;p02.txt;8.0;1.0;0.0
Data(x=[30, 1], edge_index=[2, 38], edge_attr=[38, 3], y=0.0, custom_label=0.0, min_label=0, max_label=35, instance_name='p02.txt');0.0;0.2349932938814163;3.869983265758492e-05;0.0;0.0;p02.txt;8.0;0.0;0.0
Data(x=[27, 1], edge_index=[2, 34], edge_attr=[34, 3], y=0.0, custom_label=0.0, min_label=0, max_label=35, instance_name='p02.txt');0.0;0.2349932938814163;7.961551455082372e-05;0.0;0.0;p02.txt;8.0;0.0;0.0
Data(x=[26, 1], edge_index=[2, 32], edge_attr=[32, 3], y=0.0, custom_label=0.0, min_label=0, max_label=35, instance_name='p02.txt');0.0;0.2349932938814163;0.03296335414052;0.0;0.0;p02.txt;8.0;1.0;0.0
Data(x=[36, 1], edge_index=[2, 42], edge_attr=[42, 3], y=0.0, custom_label=0.0, min_label=0, max_label=35, instance_name='p02.txt');0.0;0.2349932938814163;0.0083864983171224;4.0150612790057494e-07;0.0;p02.txt;8.0;0.0;0.0
Data(x=[22, 1], edge_index=[2, 28], edge_attr=[28, 3], y=0.0, custom_label=0.0, min_label=0, max_label=35, instance_name='p02.txt');0.0;0.2349932938814163;0.027703870087862;0.0;0.0;p02.txt;8.0;1.0;0.0
Data(x=[26, 1], edge_index=[2, 34], edge_attr=[34, 3], y=0.0, custom_label=0.0, min_label=0, max_label=35, instance_name='p02.txt');0.0;0.2349932938814163;1.1689022358041257e-05;4.0150612790057494e-07;0.0;p02.txt;8.0;0.0;0.0
Data(x=[37, 1], edge_index=[2, 44], edge_attr=[44, 3], y=0.0, custom_label=0.0, min_label=0, max_label=35, instance_name='p02.txt');0.0;0.2349932938814163;0.0063084498979151;4.0150612790057494e-07;0.0;p02.txt;8.0;0.0;0.0
Data(x=[25, 1], edge_index=[2, 32], edge_attr=[32, 3], y=0.0, custom_label=0.0, min_label=0, max_label=35, instance_name='p02.txt');0.0;0.2349932938814163;0.0017855247715488;0.0;0.0;p02.txt;8.0;0.0;0.0
Data(x=[26, 1], edge_index=[2, 32], edge_attr=[32, 3], y=0.0, custom_label=0.0, min_label=0, max_label=35, instance_name='p02.txt');0.0;0.2349932938814163;0.0022443037014454;4.0150612790057494e-07;0.0;p02.txt;8.0;0.0;0.0
Data(x=[30, 1], edge_index=[2, 38], edge_attr=[38, 3], y=0.0, custom_label=0.0, min_label=0, max_label=35, instance_name='p02.txt');0.0;0.2349932938814163;0.0021853526122868;4.0150612790057494e-07;0.0;p02.txt;8.0;0.0;0.0
Data(x=[28, 1], edge_index=[2, 34], edge_attr=[34, 3], y=0.0, custom_label=0.0, min_label=0, max_label=35, instance_name='p02.txt');0.0;0.2349932938814163;0.0353274345397949;4.0150612790057494e-07;0.0;p02.txt;8.0;1.0;0.0
Data(x=[30, 1], edge_index=[2, 36], edge_attr=[36, 3], y=0.0, custom_label=0.0, min_label=0, max_label=35, instance_name='p02.txt');0.0;0.2349932938814163;0.0051387334242463;4.0150612790057494e-07;0.0;p02.txt;8.0;0.0;0.0
Data(x=[30, 1], edge_index=[2, 36], edge_attr=[36, 3], y=0.0, custom_label=0.0, min_label=0, max_label=35, instance_name='p02.txt');0.0;0.2349932938814163;0.0051387357525527;4.0150612790057494e-07;0.0;p02.txt;8.0;0.0;0.0
Data(x=[26, 1], edge_index=[2, 32], edge_attr=[32, 3], y=3.0, custom_label=0.08571429, min_label=0, max_label=35, instance_name='p02.txt');0.0857142880558967;0.2349932938814163;0.344244509935379;4.0150612790057494e-07;3.0;p02.txt;8.0;12.0;0.0
Data(x=[26, 1], edge_index=[2, 32], edge_attr=[32, 3], y=2.0, custom_label=0.057142857, min_label=0, max_label=35, instance_name='p02.txt');0.0571428574621677;0.2349932938814163;0.344244509935379;4.0150612790057494e-07;2.0;p02.txt;8.0;12.0;0.0
Data(x=[26, 1], edge_index=[2, 32], edge_attr=[32, 3], y=1.0, custom_label=0.028571429, min_label=0, max_label=35, instance_name='p02.txt');0.0285714287310838;0.2349932938814163;0.344244509935379;4.0150612790057494e-07;1.0;p02.txt;8.0;12.0;0.0
Data(x=[27, 1], edge_index=[2, 34], edge_attr=[34, 3], y=0.0, custom_label=0.0, min_label=0, max_label=35, instance_name='p02.txt');0.0;0.2349932938814163;0.0023741303011775;4.0150612790057494e-07;0.0;p02.txt;8.0;0.0;0.0
Data(x=[36, 1], edge_index=[2, 44], edge_attr=[44, 3], y=0.0, custom_label=0.0, min_label=0, max_label=35, instance_name='p02.txt');0.0;0.2349932938814163;0.0040282551199197;4.0150612790057494e-07;0.0;p02.txt;8.0;0.0;0.0
Data(x=[29, 1], edge_index=[2, 34], edge_attr=[34, 3], y=0.0, custom_label=0.0, min_label=0, max_label=35, instance_name='p02.txt');0.0;0.2349932938814163;0.0438726916909217;4.0150612790057494e-07;0.0;p02.txt;8.0;2.0;0.0
Data(x=[26, 1], edge_index=[2, 32], edge_attr=[32, 3], y=0.0, custom_label=0.0, min_label=0, max_label=35, instance_name='p02.txt');0.0;0.2349932938814163;0.0033213004935532;4.0150612790057494e-07;0.0;p02.txt;8.0;0.0;0.0
Data(x=[26, 1], edge_index=[2, 32], edge_attr=[32, 3], y=0.0, custom_label=0.0, min_label=0, max_label=35, instance_name='p02.txt');0.0;0.2349932938814163;0.03296335414052;4.0150612790057494e-07;0.0;p02.txt;8.0;1.0;0.0
Data(x=[31, 1], edge_index=[2, 38], edge_attr=[38, 3], y=0.0, custom_label=0.0, min_label=0, max_label=35, instance_name='p02.txt');0.0;0.2349932938814163;0.0037738734390586;0.0;0.0;p02.txt;8.0;0.0;0.0
Data(x=[22, 1], edge_index=[2, 30], edge_attr=[30, 3], y=0.0, custom_label=0.0, min_label=0, max_label=35, instance_name='p02.txt');0.0;0.2349932938814163;2.317501639481634e-06;0.0;0.0;p02.txt;8.0;0.0;0.0
Data(x=[24, 1], edge_index=[2, 30], edge_attr=[30, 3], y=0.0, custom_label=0.0, min_label=0, max_label=35, instance_name='p02.txt');0.0;0.2349932938814163;0.0025385981425642;0.0;0.0;p02.txt;8.0;0.0;0.0
Data(x=[22, 1], edge_index=[2, 28], edge_attr=[28, 3], y=0.0, custom_label=0.0, min_label=0, max_label=35, instance_name='p02.txt');0.0;0.2349932938814163;0.0277038943022489;0.0;0.0;p02.txt;8.0;1.0;0.0
Data(x=[23, 1], edge_index=[2, 30], edge_attr=[30, 3], y=0.0, custom_label=0.0, min_label=0, max_label=35, instance_name='p02.txt');0.0;0.2349932938814163;0.0012851622886955;0.0;0.0;p02.txt;8.0;0.0;0.0
Data(x=[37, 1], edge_index=[2, 44], edge_attr=[44, 3], y=0.0, custom_label=0.0, min_label=0, max_label=35, instance_name='p02.txt');0.0;0.2349932938814163;0.0063084554858505;4.0150612790057494e-07;0.0;p02.txt;8.0;0.0;0.0
Data(x=[24, 1], edge_index=[2, 30], edge_attr=[30, 3], y=0.0, custom_label=0.0, min_label=0, max_label=35, instance_name='p02.txt');0.0;0.2349932938814163;0.0016546414699405;4.0150612790057494e-07;0.0;p02.txt;8.0;0.0;0.0
Data(x=[32, 1], edge_index=[2, 38], edge_attr=[38, 3], y=0.0, custom_label=0.0, min_label=0, max_label=35, instance_name='p02.txt');0.0;0.2349932938814163;0.0397004187107086;4.0150612790057494e-07;0.0;p02.txt;8.0;1.0;0.0
Data(x=[24, 1], edge_index=[2, 30], edge_attr=[30, 3], y=0.0, custom_label=0.0, min_label=0, max_label=35, instance_name='p02.txt');0.0;0.2349932938814163;0.0016546422848477;4.0150612790057494e-07;0.0;p02.txt;8.0;0.0;0.0
Data(x=[30, 1], edge_index=[2, 36], edge_attr=[36, 3], y=0.0, custom_label=0.0, min_label=0, max_label=35, instance_name='p02.txt');0.0;0.2349932938814163;0.0375712215900421;0.0;0.0;p02.txt;8.0;1.0;0.0
Data(x=[36, 1], edge_index=[2, 40], edge_attr=[40, 3], y=51.0, custom_label=1.0, min_label=0, max_label=51, instance_name='p03.txt');1.0;0.2349932938814163;0.3201460242271423;4.0150612790057494e-07;51.0;p03.txt;12.0;16.0;0.0
Data(x=[36, 1], edge_index=[2, 40], edge_attr=[40, 3], y=50.0, custom_label=0.98039216, min_label=0, max_label=51, instance_name='p03.txt');0.9803921580314636;0.2349932938814163;0.3201460242271423;4.0150612790057494e-07;50.0;p03.txt;12.0;16.0;0.0
Data(x=[36, 1], edge_index=[2, 40], edge_attr=[40, 3], y=49.0, custom_label=0.9607843, min_label=0, max_label=51, instance_name='p03.txt');0.9607843160629272;0.2349932938814163;0.3201460242271423;4.0150612790057494e-07;49.0;p03.txt;12.0;16.0;0.0
Data(x=[36, 1], edge_index=[2, 40], edge_attr=[40, 3], y=48.0, custom_label=0.9411765, min_label=0, max_label=51, instance_name='p03.txt');0.9411764740943908;0.2349932938814163;0.3201460242271423;4.0150612790057494e-07;48.0;p03.txt;12.0;16.0;0.0
Data(x=[36, 1], edge_index=[2, 40], edge_attr=[40, 3], y=47.0, custom_label=0.92156863, min_label=0, max_label=51, instance_name='p03.txt');0.9215686321258544;0.2349932938814163;0.3201460540294647;4.0150612790057494e-07;47.0;p03.txt;12.0;16.0;0.0
Data(x=[36, 1], edge_index=[2, 40], edge_attr=[40, 3], y=46.0, custom_label=0.9019608, min_label=0, max_label=51, instance_name='p03.txt');0.901960790157318;0.2349932938814163;0.3201460242271423;4.0150612790057494e-07;46.0;p03.txt;12.0;16.0;0.0
Data(x=[36, 1], edge_index=[2, 40], edge_attr=[40, 3], y=45.0, custom_label=0.88235295, min_label=0, max_label=51, instance_name='p03.txt');0.8823529481887817;0.2349932938814163;0.3201460242271423;4.0150612790057494e-07;45.0;p03.txt;12.0;16.0;0.0
Data(x=[36, 1], edge_index=[2, 40], edge_attr=[40, 3], y=44.0, custom_label=0.8627451, min_label=0, max_label=51, instance_name='p03.txt');0.8627451062202454;0.2349932938814163;0.3201460242271423;4.0150612790057494e-07;44.0;p03.txt;12.0;16.0;0.0
Data(x=[36, 1], edge_index=[2, 40], edge_attr=[40, 3], y=43.0, custom_label=0.84313726, min_label=0, max_label=51, instance_name='p03.txt');0.843137264251709;0.2349932938814163;0.3201460242271423;4.0150612790057494e-07;43.0;p03.txt;12.0;16.0;0.0
Data(x=[36, 1], edge_index=[2, 40], edge_attr=[40, 3], y=42.0, custom_label=0.8235294, min_label=0, max_label=51, instance_name='p03.txt');0.8235294222831726;0.2349932938814163;0.3201460242271423;4.0150612790057494e-07;42.0;p03.txt;12.0;16.0;0.0
Data(x=[36, 1], edge_index=[2, 40], edge_attr=[40, 3], y=41.0, custom_label=0.8039216, min_label=0, max_label=51, instance_name='p03.txt');0.8039215803146362;0.2349932938814163;0.3201460242271423;4.0150612790057494e-07;41.0;p03.txt;12.0;16.0;0.0
Data(x=[36, 1], edge_index=[2, 40], edge_attr=[40, 3], y=40.0, custom_label=0.78431374, min_label=0, max_label=51, instance_name='p03.txt');0.7843137383460999;0.2349932938814163;0.3201460242271423;4.0150612790057494e-07;40.0;p03.txt;12.0;16.0;0.0
Data(x=[36, 1], edge_index=[2, 40], edge_attr=[40, 3], y=39.0, custom_label=0.7647059, min_label=0, max_label=51, instance_name='p03.txt');0.7647058963775635;0.2349932938814163;0.3201460242271423;4.0150612790057494e-07;39.0;p03.txt;12.0;16.0;0.0
Data(x=[36, 1], edge_index=[2, 40], edge_attr=[40, 3], y=38.0, custom_label=0.74509805, min_label=0, max_label=51, instance_name='p03.txt');0.7450980544090271;0.2349932938814163;0.3201460540294647;4.0150612790057494e-07;38.0;p03.txt;12.0;16.0;0.0
Data(x=[36, 1], edge_index=[2, 40], edge_attr=[40, 3], y=37.0, custom_label=0.7254902, min_label=0, max_label=51, instance_name='p03.txt');0.7254902124404907;0.2349932938814163;0.3201460540294647;4.0150612790057494e-07;37.0;p03.txt;12.0;16.0;0.0
Data(x=[36, 1], edge_index=[2, 40], edge_attr=[40, 3], y=36.0, custom_label=0.7058824, min_label=0, max_label=51, instance_name='p03.txt');0.7058823704719543;0.2349932938814163;0.3201460540294647;4.0150612790057494e-07;36.0;p03.txt;12.0;16.0;0.0
Data(x=[36, 1], edge_index=[2, 40], edge_attr=[40, 3], y=35.0, custom_label=0.6862745, min_label=0, max_label=51, instance_name='p03.txt');0.686274528503418;0.2349932938814163;0.3201460540294647;4.0150612790057494e-07;35.0;p03.txt;12.0;16.0;0.0
Data(x=[36, 1], edge_index=[2, 40], edge_attr=[40, 3], y=34.0, custom_label=0.6666667, min_label=0, max_label=51, instance_name='p03.txt');0.6666666865348816;0.2349932938814163;0.3201460540294647;4.0150612790057494e-07;34.0;p03.txt;12.0;16.0;0.0
Data(x=[36, 1], edge_index=[2, 40], edge_attr=[40, 3], y=33.0, custom_label=0.64705884, min_label=0, max_label=51, instance_name='p03.txt');0.6470588445663452;0.2349932938814163;0.3201460242271423;4.0150612790057494e-07;33.0;p03.txt;12.0;16.0;0.0
Data(x=[36, 1], edge_index=[2, 40], edge_attr=[40, 3], y=32.0, custom_label=0.627451, min_label=0, max_label=51, instance_name='p03.txt');0.6274510025978088;0.2349932938814163;0.3201460540294647;4.0150612790057494e-07;32.0;p03.txt;12.0;16.0;0.0
Data(x=[36, 1], edge_index=[2, 40], edge_attr=[40, 3], y=31.0, custom_label=0.60784316, min_label=0, max_label=51, instance_name='p03.txt');0.6078431606292725;0.2349932938814163;0.3201460540294647;4.0150612790057494e-07;31.0;p03.txt;12.0;16.0;0.0
Data(x=[36, 1], edge_index=[2, 40], edge_attr=[40, 3], y=30.0, custom_label=0.5882353, min_label=0, max_label=51, instance_name='p03.txt');0.5882353186607361;0.2349932938814163;0.3201460540294647;4.0150612790057494e-07;30.0;p03.txt;12.0;16.0;0.0
Data(x=[36, 1], edge_index=[2, 40], edge_attr=[40, 3], y=29.0, custom_label=0.5686275, min_label=0, max_label=51, instance_name='p03.txt');0.5686274766921997;0.2349932938814163;0.3201460540294647;4.0150612790057494e-07;29.0;p03.txt;12.0;16.0;0.0
Data(x=[35, 1], edge_index=[2, 38], edge_attr=[38, 3], y=28.0, custom_label=0.54901963, min_label=0, max_label=51, instance_name='p03.txt');0.5490196347236633;0.2349932938814163;0.7820783257484436;4.0150612790057494e-07;28.0;p03.txt;12.0;40.0;0.0
Data(x=[35, 1], edge_index=[2, 38], edge_attr=[38, 3], y=27.0, custom_label=0.5294118, min_label=0, max_label=51, instance_name='p03.txt');0.529411792755127;0.2349932938814163;0.7820783257484436;4.0150612790057494e-07;27.0;p03.txt;12.0;40.0;0.0
Data(x=[36, 1], edge_index=[2, 40], edge_attr=[40, 3], y=26.0, custom_label=0.50980395, min_label=0, max_label=51, instance_name='p03.txt');0.5098039507865906;0.2349932938814163;0.3201460540294647;4.0150612790057494e-07;26.0;p03.txt;12.0;16.0;0.0
Data(x=[36, 1], edge_index=[2, 40], edge_attr=[40, 3], y=25.0, custom_label=0.49019608, min_label=0, max_label=51, instance_name='p03.txt');0.4901960790157318;0.2349932938814163;0.3201460242271423;4.0150612790057494e-07;25.0;p03.txt;12.0;16.0;0.0
Data(x=[36, 1], edge_index=[2, 40], edge_attr=[40, 3], y=24.0, custom_label=0.47058824, min_label=0, max_label=51, instance_name='p03.txt');0.4705882370471954;0.2349932938814163;0.3201460540294647;4.0150612790057494e-07;24.0;p03.txt;12.0;16.0;0.0
Data(x=[36, 1], edge_index=[2, 40], edge_attr=[40, 3], y=23.0, custom_label=0.4509804, min_label=0, max_label=51, instance_name='p03.txt');0.450980395078659;0.2349932938814163;0.3201460540294647;4.0150612790057494e-07;23.0;p03.txt;12.0;16.0;0.0
Data(x=[36, 1], edge_index=[2, 40], edge_attr=[40, 3], y=22.0, custom_label=0.43137255, min_label=0, max_label=51, instance_name='p03.txt');0.4313725531101227;0.2349932938814163;0.3201460540294647;4.0150612790057494e-07;22.0;p03.txt;12.0;16.0;0.0
Data(x=[36, 1], edge_index=[2, 40], edge_attr=[40, 3], y=21.0, custom_label=0.4117647, min_label=0, max_label=51, instance_name='p03.txt');0.4117647111415863;0.2349932938814163;0.3201460540294647;4.0150612790057494e-07;21.0;p03.txt;12.0;16.0;0.0
Data(x=[36, 1], edge_index=[2, 40], edge_attr=[40, 3], y=20.0, custom_label=0.39215687, min_label=0, max_label=51, instance_name='p03.txt');0.3921568691730499;0.2349932938814163;0.3201460540294647;4.0150612790057494e-07;20.0;p03.txt;12.0;16.0;0.0
Data(x=[36, 1], edge_index=[2, 40], edge_attr=[40, 3], y=19.0, custom_label=0.37254903, min_label=0, max_label=51, instance_name='p03.txt');0.3725490272045135;0.2349932938814163;0.3201460242271423;4.0150612790057494e-07;19.0;p03.txt;12.0;16.0;0.0
Data(x=[36, 1], edge_index=[2, 40], edge_attr=[40, 3], y=18.0, custom_label=0.3529412, min_label=0, max_label=51, instance_name='p03.txt');0.3529411852359772;0.2349932938814163;0.3201460242271423;4.0150612790057494e-07;18.0;p03.txt;12.0;16.0;0.0
Data(x=[36, 1], edge_index=[2, 40], edge_attr=[40, 3], y=17.0, custom_label=0.33333334, min_label=0, max_label=51, instance_name='p03.txt');0.3333333432674408;0.2349932938814163;0.3201460540294647;4.0150612790057494e-07;17.0;p03.txt;12.0;16.0;0.0
Data(x=[36, 1], edge_index=[2, 40], edge_attr=[40, 3], y=16.0, custom_label=0.3137255, min_label=0, max_label=51, instance_name='p03.txt');0.3137255012989044;0.2349932938814163;0.3201460242271423;4.0150612790057494e-07;16.0;p03.txt;12.0;16.0;0.0
Data(x=[36, 1], edge_index=[2, 40], edge_attr=[40, 3], y=15.0, custom_label=0.29411766, min_label=0, max_label=51, instance_name='p03.txt');0.294117659330368;0.2349932938814163;0.3201460242271423;4.0150612790057494e-07;15.0;p03.txt;12.0;16.0;0.0
Data(x=[36, 1], edge_index=[2, 40], edge_attr=[40, 3], y=14.0, custom_label=0.27450982, min_label=0, max_label=51, instance_name='p03.txt');0.2745098173618316;0.2349932938814163;0.3201460242271423;4.0150612790057494e-07;14.0;p03.txt;12.0;16.0;0.0
Data(x=[36, 1], edge_index=[2, 40], edge_attr=[40, 3], y=13.0, custom_label=0.25490198, min_label=0, max_label=51, instance_name='p03.txt');0.2549019753932953;0.2349932938814163;0.3201460242271423;4.0150612790057494e-07;13.0;p03.txt;12.0;16.0;0.0
Data(x=[36, 1], edge_index=[2, 40], edge_attr=[40, 3], y=12.0, custom_label=0.23529412, min_label=0, max_label=51, instance_name='p03.txt');0.2352941185235977;0.2349932938814163;0.3201460242271423;4.0150612790057494e-07;12.0;p03.txt;12.0;16.0;0.0
Data(x=[36, 1], edge_index=[2, 40], edge_attr=[40, 3], y=11.0, custom_label=0.21568628, min_label=0, max_label=51, instance_name='p03.txt');0.2156862765550613;0.2349932938814163;0.3201460242271423;4.0150612790057494e-07;11.0;p03.txt;12.0;16.0;0.0
Data(x=[36, 1], edge_index=[2, 40], edge_attr=[40, 3], y=10.0, custom_label=0.19607843, min_label=0, max_label=51, instance_name='p03.txt');0.1960784345865249;0.2349932938814163;0.3201460540294647;4.0150612790057494e-07;10.0;p03.txt;12.0;16.0;0.0
Data(x=[36, 1], edge_index=[2, 40], edge_attr=[40, 3], y=9.0, custom_label=0.1764706, min_label=0, max_label=51, instance_name='p03.txt');0.1764705926179886;0.2349932938814163;0.3201460540294647;4.0150612790057494e-07;9.0;p03.txt;12.0;16.0;0.0
Data(x=[36, 1], edge_index=[2, 40], edge_attr=[40, 3], y=8.0, custom_label=0.15686275, min_label=0, max_label=51, instance_name='p03.txt');0.1568627506494522;0.2349932938814163;0.3201460540294647;4.0150612790057494e-07;8.0;p03.txt;12.0;16.0;0.0
Data(x=[35, 1], edge_index=[2, 38], edge_attr=[38, 3], y=7.0, custom_label=0.13725491, min_label=0, max_label=51, instance_name='p03.txt');0.1372549086809158;0.2349932938814163;0.7820783257484436;4.0150612790057494e-07;7.0;p03.txt;12.0;40.0;0.0
Data(x=[35, 1], edge_index=[2, 38], edge_attr=[38, 3], y=6.0, custom_label=0.11764706, min_label=0, max_label=51, instance_name='p03.txt');0.1176470592617988;0.2349932938814163;0.7820783257484436;4.0150612790057494e-07;6.0;p03.txt;12.0;40.0;0.0
Data(x=[36, 1], edge_index=[2, 40], edge_attr=[40, 3], y=5.0, custom_label=0.09803922, min_label=0, max_label=51, instance_name='p03.txt');0.0980392172932624;0.2349932938814163;0.3201460540294647;4.0150612790057494e-07;5.0;p03.txt;12.0;16.0;0.0
Data(x=[36, 1], edge_index=[2, 40], edge_attr=[40, 3], y=4.0, custom_label=0.078431375, min_label=0, max_label=51, instance_name='p03.txt');0.0784313753247261;0.2349932938814163;0.3201460540294647;4.0150612790057494e-07;4.0;p03.txt;12.0;16.0;0.0
Data(x=[36, 1], edge_index=[2, 40], edge_attr=[40, 3], y=3.0, custom_label=0.05882353, min_label=0, max_label=51, instance_name='p03.txt');0.0588235296308994;0.2349932938814163;0.3201460540294647;4.0150612790057494e-07;3.0;p03.txt;12.0;16.0;0.0
Data(x=[36, 1], edge_index=[2, 40], edge_attr=[40, 3], y=2.0, custom_label=0.039215688, min_label=0, max_label=51, instance_name='p03.txt');0.039215687662363;0.2349932938814163;0.3201460540294647;4.0150612790057494e-07;2.0;p03.txt;12.0;16.0;0.0
Data(x=[36, 1], edge_index=[2, 40], edge_attr=[40, 3], y=1.0, custom_label=0.019607844, min_label=0, max_label=51, instance_name='p03.txt');0.0196078438311815;0.2349932938814163;0.3201460540294647;4.0150612790057494e-07;1.0;p03.txt;12.0;16.0;0.0
Data(x=[37, 1], edge_index=[2, 42], edge_attr=[42, 3], y=0.0, custom_label=0.0, min_label=0, max_label=51, instance_name='p03.txt');0.0;0.2349932938814163;0.0524757914245128;4.0150612790057494e-07;0.0;p03.txt;12.0;3.0;0.0
Data(x=[34, 1], edge_index=[2, 42], edge_attr=[42, 3], y=0.0, custom_label=0.0, min_label=0, max_label=51, instance_name='p03.txt');0.0;0.2349932938814163;0.0033604837954044;4.0150612790057494e-07;0.0;p03.txt;12.0;0.0;0.0
Data(x=[27, 1], edge_index=[2, 34], edge_attr=[34, 3], y=0.0, custom_label=0.0, min_label=0, max_label=51, instance_name='p03.txt');0.0;0.2349932938814163;2.686382686079014e-05;0.0;0.0;p03.txt;12.0;0.0;0.0
Data(x=[30, 1], edge_index=[2, 36], edge_attr=[36, 3], y=0.0, custom_label=0.0, min_label=0, max_label=51, instance_name='p03.txt');0.0;0.2349932938814163;0.0051387385465204;0.0;0.0;p03.txt;12.0;0.0;0.0
Data(x=[27, 1], edge_index=[2, 32], edge_attr=[32, 3], y=0.0, custom_label=0.0, min_label=0, max_label=51, instance_name='p03.txt');0.0;0.2349932938814163;0.0414095260202884;4.0150612790057494e-07;0.0;p03.txt;12.0;2.0;0.0
Data(x=[27, 1], edge_index=[2, 32], edge_attr=[32, 3], y=0.0, custom_label=0.0, min_label=0, max_label=51, instance_name='p03.txt');0.0;0.2349932938814163;0.0414095260202884;4.0150612790057494e-07;0.0;p03.txt;12.0;2.0;0.0
Data(x=[20, 1], edge_index=[2, 26], edge_attr=[26, 3], y=0.0, custom_label=0.0, min_label=0, max_label=51, instance_name='p03.txt');0.0;0.2349932938814163;0.0007585796993225;0.0;0.0;p03.txt;12.0;0.0;0.0
Data(x=[35, 1], edge_index=[2, 42], edge_attr=[42, 3], y=4.0, custom_label=0.078431375, min_label=0, max_label=51, instance_name='p03.txt');0.0784313753247261;0.2349932938814163;0.2448634952306747;0.0;4.0;p03.txt;12.0;12.0;0.0
Data(x=[34, 1], edge_index=[2, 40], edge_attr=[40, 3], y=3.0, custom_label=0.05882353, min_label=0, max_label=51, instance_name='p03.txt');0.0588235296308994;0.2349932938814163;0.2886675894260406;0.0;3.0;p03.txt;12.0;15.0;0.0
Data(x=[34, 1], edge_index=[2, 40], edge_attr=[40, 3], y=2.0, custom_label=0.039215688, min_label=0, max_label=51, instance_name='p03.txt');0.039215687662363;0.2349932938814163;0.2719664573669433;4.0150612790057494e-07;2.0;p03.txt;12.0;14.0;0.0
Data(x=[34, 1], edge_index=[2, 40], edge_attr=[40, 3], y=1.0, custom_label=0.019607844, min_label=0, max_label=51, instance_name='p03.txt');0.0196078438311815;0.2349932938814163;0.2886675894260406;0.0;1.0;p03.txt;12.0;15.0;0.0
Data(x=[35, 1], edge_index=[2, 42], edge_attr=[42, 3], y=0.0, custom_label=0.0, min_label=0, max_label=51, instance_name='p03.txt');0.0;0.2349932938814163;0.005411306861788;0.0;0.0;p03.txt;12.0;0.0;0.0
Data(x=[25, 1], edge_index=[2, 32], edge_attr=[32, 3], y=0.0, custom_label=0.0, min_label=0, max_label=51, instance_name='p03.txt');0.0;0.2349932938814163;0.0241002906113863;0.0;0.0;p03.txt;12.0;1.0;0.0
Data(x=[24, 1], edge_index=[2, 32], edge_attr=[32, 3], y=0.0, custom_label=0.0, min_label=0, max_label=51, instance_name='p03.txt');0.0;0.2349932938814163;5.560265435633482e-06;0.0;0.0;p03.txt;12.0;0.0;0.0
Data(x=[26, 1], edge_index=[2, 32], edge_attr=[32, 3], y=0.0, custom_label=0.0, min_label=0, max_label=51, instance_name='p03.txt');0.0;0.2349932938814163;0.0033213004935532;0.0;0.0;p03.txt;12.0;0.0;0.0
Data(x=[23, 1], edge_index=[2, 30], edge_attr=[30, 3], y=0.0, custom_label=0.0, min_label=0, max_label=51, instance_name='p03.txt');0.0;0.2349932938814163;2.3371161660179496e-05;0.0;0.0;p03.txt;12.0;0.0;0.0
Data(x=[24, 1], edge_index=[2, 32], edge_attr=[32, 3], y=0.0, custom_label=0.0, min_label=0, max_label=51, instance_name='p03.txt');0.0;0.2349932938814163;5.560265435633482e-06;0.0;0.0;p03.txt;12.0;0.0;0.0
Data(x=[25, 1], edge_index=[2, 30], edge_attr=[30, 3], y=0.0, custom_label=0.0, min_label=0, max_label=51, instance_name='p03.txt');0.0;0.2349932938814163;0.0389063470065593;4.0150612790057494e-07;0.0;p03.txt;12.0;2.0;0.0
Data(x=[24, 1], edge_index=[2, 30], edge_attr=[30, 3], y=0.0, custom_label=0.0, min_label=0, max_label=51, instance_name='p03.txt');0.0;0.2349932938814163;0.0025385981425642;4.0150612790057494e-07;0.0;p03.txt;12.0;0.0;0.0
Data(x=[30, 1], edge_index=[2, 36], edge_attr=[36, 3], y=0.0, custom_label=0.0, min_label=0, max_label=51, instance_name='p03.txt');0.0;0.2349932938814163;0.0051387385465204;4.0150612790057494e-07;0.0;p03.txt;12.0;0.0;0.0
Data(x=[23, 1], edge_index=[2, 30], edge_attr=[30, 3], y=0.0, custom_label=0.0, min_label=0, max_label=51, instance_name='p03.txt');0.0;0.2349932938814163;0.0012851628707721;0.0;0.0;p03.txt;12.0;0.0;0.0
Data(x=[32, 1], edge_index=[2, 38], edge_attr=[38, 3], y=0.0, custom_label=0.0, min_label=0, max_label=51, instance_name='p03.txt');0.0;0.2349932938814163;0.006150173023343;4.0150612790057494e-07;0.0;p03.txt;12.0;0.0;0.0
Data(x=[19, 1], edge_index=[2, 26], edge_attr=[26, 3], y=0.0, custom_label=0.0, min_label=0, max_label=51, instance_name='p03.txt');0.0;0.2349932938814163;0.0005475244252011;0.0;0.0;p03.txt;12.0;0.0;0.0
Data(x=[26, 1], edge_index=[2, 32], edge_attr=[32, 3], y=0.0, custom_label=0.0, min_label=0, max_label=51, instance_name='p03.txt');0.0;0.2349932938814163;0.0329633578658103;0.0;0.0;p03.txt;12.0;2.0;0.0
Data(x=[26, 1], edge_index=[2, 34], edge_attr=[34, 3], y=0.0, custom_label=0.0, min_label=0, max_label=51, instance_name='p03.txt');0.0;0.2349932938814163;0.0012563677737489;0.0;0.0;p03.txt;12.0;0.0;0.0
Data(x=[25, 1], edge_index=[2, 32], edge_attr=[32, 3], y=0.0, custom_label=0.0, min_label=0, max_label=51, instance_name='p03.txt');0.0;0.2349932938814163;0.0241002906113863;0.0;0.0;p03.txt;12.0;1.0;0.0
Data(x=[28, 1], edge_index=[2, 34], edge_attr=[34, 3], y=4.0, custom_label=0.078431375, min_label=0, max_label=51, instance_name='p03.txt');0.0784313753247261;0.2349932938814163;0.2405093163251876;0.0;4.0;p03.txt;12.0;12.0;0.0
Data(x=[28, 1], edge_index=[2, 34], edge_attr=[34, 3], y=3.0, custom_label=0.05882353, min_label=0, max_label=51, instance_name='p03.txt');0.0588235296308994;0.2349932938814163;0.2405093163251876;0.0;3.0;p03.txt;12.0;12.0;0.0
Data(x=[28, 1], edge_index=[2, 34], edge_attr=[34, 3], y=2.0, custom_label=0.039215688, min_label=0, max_label=51, instance_name='p03.txt');0.039215687662363;0.2349932938814163;0.2405093163251876;0.0;2.0;p03.txt;12.0;12.0;0.0
Data(x=[28, 1], edge_index=[2, 34], edge_attr=[34, 3], y=1.0, custom_label=0.019607844, min_label=0, max_label=51, instance_name='p03.txt');0.0196078438311815;0.2349932938814163;0.2405093163251876;0.0;1.0;p03.txt;12.0;12.0;0.0
Data(x=[29, 1], edge_index=[2, 36], edge_attr=[36, 3], y=0.0, custom_label=0.0, min_label=0, max_label=51, instance_name='p03.txt');0.0;0.2349932938814163;4.715367686003447e-05;0.0;0.0;p03.txt;12.0;0.0;0.0
Data(x=[28, 1], edge_index=[2, 34], edge_attr=[34, 3], y=0.0, custom_label=0.0, min_label=0, max_label=51, instance_name='p03.txt');0.0;0.2349932938814163;0.0353274345397949;0.0;0.0;p03.txt;12.0;2.0;0.0
Data(x=[30, 1], edge_index=[2, 36], edge_attr=[36, 3], y=0.0, custom_label=0.0, min_label=0, max_label=51, instance_name='p03.txt');0.0;0.2349932938814163;0.0051387306302785;4.0150612790057494e-07;0.0;p03.txt;12.0;0.0;0.0
Data(x=[23, 1], edge_index=[2, 30], edge_attr=[30, 3], y=0.0, custom_label=0.0, min_label=0, max_label=51, instance_name='p03.txt');0.0;0.2349932938814163;6.5321278270857874e-06;0.0;0.0;p03.txt;12.0;0.0;0.0
Data(x=[25, 1], edge_index=[2, 30], edge_attr=[30, 3], y=2.0, custom_label=0.039215688, min_label=0, max_label=51, instance_name='p03.txt');0.039215687662363;0.2349932938814163;0.3596906661987304;0.0;2.0;p03.txt;12.0;18.0;0.0
Data(x=[24, 1], edge_index=[2, 28], edge_attr=[28, 3], y=1.0, custom_label=0.019607844, min_label=0, max_label=51, instance_name='p03.txt');0.0196078438311815;0.2349932938814163;0.4255789816379547;4.0150612790057494e-07;1.0;p03.txt;12.0;22.0;0.0
Data(x=[25, 1], edge_index=[2, 30], edge_attr=[30, 3], y=0.0, custom_label=0.0, min_label=0, max_label=51, instance_name='p03.txt');0.0;0.2349932938814163;0.0389063470065593;4.0150612790057494e-07;0.0;p03.txt;12.0;2.0;0.0
Data(x=[23, 1], edge_index=[2, 28], edge_attr=[28, 3], y=0.0, custom_label=0.0, min_label=0, max_label=51, instance_name='p03.txt');0.0;0.2349932938814163;0.0362610109150409;4.0150612790057494e-07;0.0;p03.txt;12.0;2.0;0.0
Data(x=[26, 1], edge_index=[2, 32], edge_attr=[32, 3], y=0.0, custom_label=0.0, min_label=0, max_label=51, instance_name='p03.txt');0.0;0.2349932938814163;0.03296335414052;0.0;0.0;p03.txt;12.0;2.0;0.0
Data(x=[24, 1], edge_index=[2, 32], edge_attr=[32, 3], y=0.0, custom_label=0.0, min_label=0, max_label=51, instance_name='p03.txt');0.0;0.2349932938814163;0.0008950705523602;0.0;0.0;p03.txt;12.0;0.0;0.0
Data(x=[25, 1], edge_index=[2, 32], edge_attr=[32, 3], y=0.0, custom_label=0.0, min_label=0, max_label=51, instance_name='p03.txt');0.0;0.2349932938814163;0.0017855247715488;0.0;0.0;p03.txt;12.0;0.0;0.0
Data(x=[21, 1], edge_index=[2, 26], edge_attr=[26, 3], y=0.0, custom_label=0.0, min_label=0, max_label=51, instance_name='p03.txt');0.0;0.2349932938814163;0.0333372466266155;4.0150612790057494e-07;0.0;p03.txt;12.0;2.0;0.0
Data(x=[27, 1], edge_index=[2, 34], edge_attr=[34, 3], y=0.0, custom_label=0.0, min_label=0, max_label=51, instance_name='p03.txt');0.0;0.2349932938814163;0.0023741314653307;4.0150612790057494e-07;0.0;p03.txt;12.0;0.0;0.0
Data(x=[27, 1], edge_index=[2, 34], edge_attr=[34, 3], y=0.0, custom_label=0.0, min_label=0, max_label=51, instance_name='p03.txt');0.0;0.2349932938814163;0.0005366535042412;0.0;0.0;p03.txt;12.0;0.0;0.0
Data(x=[33, 1], edge_index=[2, 40], edge_attr=[40, 3], y=0.0, custom_label=0.0, min_label=0, max_label=51, instance_name='p03.txt');0.0;0.2349932938814163;0.0001184319262392;4.0150612790057494e-07;0.0;p03.txt;12.0;0.0;0.0
Data(x=[23, 1], edge_index=[2, 28], edge_attr=[28, 3], y=0.0, custom_label=0.0, min_label=0, max_label=51, instance_name='p03.txt');0.0;0.2349932938814163;0.0362610109150409;4.0150612790057494e-07;0.0;p03.txt;12.0;2.0;0.0
Data(x=[23, 1], edge_index=[2, 30], edge_attr=[30, 3], y=0.0, custom_label=0.0, min_label=0, max_label=51, instance_name='p03.txt');0.0;0.2349932938814163;0.0012851634528487;0.0;0.0;p03.txt;12.0;0.0;0.0
Data(x=[29, 1], edge_index=[2, 36], edge_attr=[36, 3], y=0.0, custom_label=0.0, min_label=0, max_label=51, instance_name='p03.txt');0.0;0.2349932938814163;0.0286429189145565;4.0150612790057494e-07;0.0;p03.txt;12.0;1.0;0.0
Data(x=[30, 1], edge_index=[2, 36], edge_attr=[36, 3], y=0.0, custom_label=0.0, min_label=0, max_label=51, instance_name='p03.txt');0.0;0.2349932938814163;0.0375712215900421;4.0150612790057494e-07;0.0;p03.txt;12.0;2.0;0.0
Data(x=[60, 1], edge_index=[2, 64], edge_attr=[64, 3], y=107.0, custom_label=1.0, min_label=0, max_label=107, instance_name='p04.txt');1.0;0.2349932938814163;0.7477017641067505;4.0150612790057494e-07;107.0;p04.txt;25.0;80.0;0.0
Data(x=[60, 1], edge_index=[2, 64], edge_attr=[64, 3], y=106.0, custom_label=0.99065423, min_label=0, max_label=107, instance_name='p04.txt');0.990654230117798;0.2349932938814163;0.7477017641067505;4.0150612790057494e-07;106.0;p04.txt;25.0;80.0;0.0
Data(x=[60, 1], edge_index=[2, 64], edge_attr=[64, 3], y=105.0, custom_label=0.9813084, min_label=0, max_label=107, instance_name='p04.txt');0.9813084006309508;0.2349932938814163;0.7477017641067505;4.0150612790057494e-07;105.0;p04.txt;25.0;80.0;0.0
Data(x=[60, 1], edge_index=[2, 64], edge_attr=[64, 3], y=104.0, custom_label=0.97196263, min_label=0, max_label=107, instance_name='p04.txt');0.9719626307487488;0.2349932938814163;0.7477017641067505;4.0150612790057494e-07;104.0;p04.txt;25.0;80.0;0.0
Data(x=[60, 1], edge_index=[2, 64], edge_attr=[64, 3], y=103.0, custom_label=0.9626168, min_label=0, max_label=107, instance_name='p04.txt');0.962616801261902;0.2349932938814163;0.7477017641067505;4.0150612790057494e-07;103.0;p04.txt;25.0;80.0;0.0
Data(x=[60, 1], edge_index=[2, 64], edge_attr=[64, 3], y=102.0, custom_label=0.95327103, min_label=0, max_label=107, instance_name='p04.txt');0.9532710313796996;0.2349932938814163;0.7477017641067505;4.0150612790057494e-07;102.0;p04.txt;25.0;80.0;0.0
Data(x=[60, 1], edge_index=[2, 64], edge_attr=[64, 3], y=101.0, custom_label=0.94392526, min_label=0, max_label=107, instance_name='p04.txt');0.9439252614974976;0.2349932938814163;0.7477017641067505;4.0150612790057494e-07;101.0;p04.txt;25.0;80.0;0.0
Data(x=[60, 1], edge_index=[2, 64], edge_attr=[64, 3], y=100.0, custom_label=0.93457943, min_label=0, max_label=107, instance_name='p04.txt');0.9345794320106506;0.2349932938814163;0.7477017641067505;4.0150612790057494e-07;100.0;p04.txt;25.0;80.0;0.0
Data(x=[60, 1], edge_index=[2, 64], edge_attr=[64, 3], y=99.0, custom_label=0.92523366, min_label=0, max_label=107, instance_name='p04.txt');0.9252336621284484;0.2349932938814163;0.7477017641067505;4.0150612790057494e-07;99.0;p04.txt;25.0;80.0;0.0
Data(x=[60, 1], edge_index=[2, 64], edge_attr=[64, 3], y=98.0, custom_label=0.91588783, min_label=0, max_label=107, instance_name='p04.txt');0.9158878326416016;0.2349932938814163;0.7477017641067505;4.0150612790057494e-07;98.0;p04.txt;25.0;80.0;0.0
Data(x=[60, 1], edge_index=[2, 64], edge_attr=[64, 3], y=97.0, custom_label=0.90654206, min_label=0, max_label=107, instance_name='p04.txt');0.9065420627593994;0.2349932938814163;0.7477017641067505;4.0150612790057494e-07;97.0;p04.txt;25.0;80.0;0.0
Data(x=[60, 1], edge_index=[2, 64], edge_attr=[64, 3], y=96.0, custom_label=0.89719623, min_label=0, max_label=107, instance_name='p04.txt');0.8971962332725525;0.2349932938814163;0.7477017641067505;4.0150612790057494e-07;96.0;p04.txt;25.0;80.0;0.0
Data(x=[60, 1], edge_index=[2, 64], edge_attr=[64, 3], y=95.0, custom_label=0.88785046, min_label=0, max_label=107, instance_name='p04.txt');0.8878504633903503;0.2349932938814163;0.7477017641067505;4.0150612790057494e-07;95.0;p04.txt;25.0;80.0;0.0
Data(x=[60, 1], edge_index=[2, 64], edge_attr=[64, 3], y=94.0, custom_label=0.8785047, min_label=0, max_label=107, instance_name='p04.txt');0.8785046935081482;0.2349932938814163;0.7477017641067505;4.0150612790057494e-07;94.0;p04.txt;25.0;80.0;0.0
Data(x=[60, 1], edge_index=[2, 64], edge_attr=[64, 3], y=93.0, custom_label=0.86915886, min_label=0, max_label=107, instance_name='p04.txt');0.8691588640213013;0.2349932938814163;0.7477017641067505;4.0150612790057494e-07;93.0;p04.txt;25.0;80.0;0.0
Data(x=[60, 1], edge_index=[2, 64], edge_attr=[64, 3], y=92.0, custom_label=0.8598131, min_label=0, max_label=107, instance_name='p04.txt');0.8598130941390991;0.2349932938814163;0.7477017641067505;4.0150612790057494e-07;92.0;p04.txt;25.0;80.0;0.0
Data(x=[60, 1], edge_index=[2, 64], edge_attr=[64, 3], y=91.0, custom_label=0.85046726, min_label=0, max_label=107, instance_name='p04.txt');0.8504672646522522;0.2349932938814163;0.7477017641067505;4.0150612790057494e-07;91.0;p04.txt;25.0;80.0;0.0
Data(x=[60, 1], edge_index=[2, 64], edge_attr=[64, 3], y=90.0, custom_label=0.8411215, min_label=0, max_label=107, instance_name='p04.txt');0.84112149477005;0.2349932938814163;0.7477017641067505;4.0150612790057494e-07;90.0;p04.txt;25.0;80.0;0.0
Data(x=[60, 1], edge_index=[2, 64], edge_attr=[64, 3], y=89.0, custom_label=0.8317757, min_label=0, max_label=107, instance_name='p04.txt');0.8317757248878479;0.2349932938814163;0.7477017641067505;4.0150612790057494e-07;89.0;p04.txt;25.0;80.0;0.0
Data(x=[60, 1], edge_index=[2, 64], edge_attr=[64, 3], y=88.0, custom_label=0.8224299, min_label=0, max_label=107, instance_name='p04.txt');0.822429895401001;0.2349932938814163;0.7477017641067505;4.0150612790057494e-07;88.0;p04.txt;25.0;80.0;0.0
Data(x=[60, 1], edge_index=[2, 64], edge_attr=[64, 3], y=87.0, custom_label=0.8130841, min_label=0, max_label=107, instance_name='p04.txt');0.8130841255187988;0.2349932938814163;0.7477017641067505;4.0150612790057494e-07;87.0;p04.txt;25.0;80.0;0.0
Data(x=[60, 1], edge_index=[2, 64], edge_attr=[64, 3], y=86.0, custom_label=0.8037383, min_label=0, max_label=107, instance_name='p04.txt');0.8037382960319519;0.2349932938814163;0.7477017641067505;4.0150612790057494e-07;86.0;p04.txt;25.0;80.0;0.0
Data(x=[60, 1], edge_index=[2, 64], edge_attr=[64, 3], y=85.0, custom_label=0.7943925, min_label=0, max_label=107, instance_name='p04.txt');0.7943925261497498;0.2349932938814163;0.7477017641067505;4.0150612790057494e-07;85.0;p04.txt;25.0;80.0;0.0
Data(x=[60, 1], edge_index=[2, 64], edge_attr=[64, 3], y=84.0, custom_label=0.78504676, min_label=0, max_label=107, instance_name='p04.txt');0.7850467562675476;0.2349932938814163;0.7477017641067505;4.0150612790057494e-07;84.0;p04.txt;25.0;80.0;0.0
Data(x=[60, 1], edge_index=[2, 64], edge_attr=[64, 3], y=83.0, custom_label=0.7757009, min_label=0, max_label=107, instance_name='p04.txt');0.7757009267807007;0.2349932938814163;0.7477017641067505;4.0150612790057494e-07;83.0;p04.txt;25.0;80.0;0.0
Data(x=[60, 1], edge_index=[2, 64], edge_attr=[64, 3], y=82.0, custom_label=0.76635516, min_label=0, max_label=107, instance_name='p04.txt');0.7663551568984985;0.2349932938814163;0.7477017641067505;4.0150612790057494e-07;82.0;p04.txt;25.0;80.0;0.0
Data(x=[60, 1], edge_index=[2, 64], edge_attr=[64, 3], y=81.0, custom_label=0.7570093, min_label=0, max_label=107, instance_name='p04.txt');0.7570093274116516;0.2349932938814163;0.7477017641067505;4.0150612790057494e-07;81.0;p04.txt;25.0;80.0;0.0
Data(x=[60, 1], edge_index=[2, 64], edge_attr=[64, 3], y=80.0, custom_label=0.74766356, min_label=0, max_label=107, instance_name='p04.txt');0.7476635575294495;0.2349932938814163;0.7477017641067505;4.0150612790057494e-07;80.0;p04.txt;25.0;80.0;0.0
Data(x=[60, 1], edge_index=[2, 64], edge_attr=[64, 3], y=79.0, custom_label=0.7383177, min_label=0, max_label=107, instance_name='p04.txt');0.7383177280426025;0.2349932938814163;0.7477017641067505;4.0150612790057494e-07;79.0;p04.txt;25.0;80.0;0.0
Data(x=[60, 1], edge_index=[2, 64], edge_attr=[64, 3], y=78.0, custom_label=0.72897196, min_label=0, max_label=107, instance_name='p04.txt');0.7289719581604004;0.2349932938814163;0.7477017641067505;4.0150612790057494e-07;78.0;p04.txt;25.0;80.0;0.0
Data(x=[60, 1], edge_index=[2, 64], edge_attr=[64, 3], y=77.0, custom_label=0.7196262, min_label=0, max_label=107, instance_name='p04.txt');0.7196261882781982;0.2349932938814163;0.7477017641067505;4.0150612790057494e-07;77.0;p04.txt;25.0;80.0;0.0
Data(x=[60, 1], edge_index=[2, 64], edge_attr=[64, 3], y=76.0, custom_label=0.71028036, min_label=0, max_label=107, instance_name='p04.txt');0.7102803587913513;0.2349932938814163;0.7477017641067505;4.0150612790057494e-07;76.0;p04.txt;25.0;80.0;0.0
Data(x=[60, 1], edge_index=[2, 64], edge_attr=[64, 3], y=75.0, custom_label=0.7009346, min_label=0, max_label=107, instance_name='p04.txt');0.7009345889091492;0.2349932938814163;0.7477017641067505;4.0150612790057494e-07;75.0;p04.txt;25.0;80.0;0.0
Data(x=[60, 1], edge_index=[2, 64], edge_attr=[64, 3], y=74.0, custom_label=0.69158876, min_label=0, max_label=107, instance_name='p04.txt');0.6915887594223022;0.2349932938814163;0.7477017641067505;4.0150612790057494e-07;74.0;p04.txt;25.0;80.0;0.0
Data(x=[60, 1], edge_index=[2, 64], edge_attr=[64, 3], y=73.0, custom_label=0.682243, min_label=0, max_label=107, instance_name='p04.txt');0.6822429895401001;0.2349932938814163;0.7477017641067505;4.0150612790057494e-07;73.0;p04.txt;25.0;80.0;0.0
Data(x=[60, 1], edge_index=[2, 64], edge_attr=[64, 3], y=72.0, custom_label=0.6728972, min_label=0, max_label=107, instance_name='p04.txt');0.672897219657898;0.2349932938814163;0.7477017641067505;4.0150612790057494e-07;72.0;p04.txt;25.0;80.0;0.0
Data(x=[60, 1], edge_index=[2, 64], edge_attr=[64, 3], y=71.0, custom_label=0.6635514, min_label=0, max_label=107, instance_name='p04.txt');0.663551390171051;0.2349932938814163;0.7477017641067505;4.0150612790057494e-07;71.0;p04.txt;25.0;80.0;0.0
Data(x=[61, 1], edge_index=[2, 66], edge_attr=[66, 3], y=70.0, custom_label=0.6542056, min_label=0, max_label=107, instance_name='p04.txt');0.6542056202888489;0.2349932938814163;0.3507678508758545;4.0150612790057494e-07;70.0;p04.txt;25.0;38.0;0.0
Data(x=[61, 1], edge_index=[2, 66], edge_attr=[66, 3], y=69.0, custom_label=0.6448598, min_label=0, max_label=107, instance_name='p04.txt');0.644859790802002;0.2349932938814163;0.3507678508758545;4.0150612790057494e-07;69.0;p04.txt;25.0;38.0;0.0
Data(x=[61, 1], edge_index=[2, 66], edge_attr=[66, 3], y=68.0, custom_label=0.635514, min_label=0, max_label=107, instance_name='p04.txt');0.6355140209197998;0.2349932938814163;0.3507678508758545;4.0150612790057494e-07;68.0;p04.txt;25.0;38.0;0.0
Data(x=[61, 1], edge_index=[2, 66], edge_attr=[66, 3], y=67.0, custom_label=0.62616825, min_label=0, max_label=107, instance_name='p04.txt');0.6261682510375977;0.2349932938814163;0.3507678508758545;4.0150612790057494e-07;67.0;p04.txt;25.0;38.0;0.0
Data(x=[61, 1], edge_index=[2, 66], edge_attr=[66, 3], y=66.0, custom_label=0.6168224, min_label=0, max_label=107, instance_name='p04.txt');0.6168224215507507;0.2349932938814163;0.3507678508758545;4.0150612790057494e-07;66.0;p04.txt;25.0;38.0;0.0
Data(x=[61, 1], edge_index=[2, 66], edge_attr=[66, 3], y=65.0, custom_label=0.60747665, min_label=0, max_label=107, instance_name='p04.txt');0.6074766516685486;0.2349932938814163;0.3507678508758545;4.0150612790057494e-07;65.0;p04.txt;25.0;38.0;0.0
Data(x=[61, 1], edge_index=[2, 66], edge_attr=[66, 3], y=64.0, custom_label=0.5981308, min_label=0, max_label=107, instance_name='p04.txt');0.5981308221817017;0.2349932938814163;0.3507678508758545;4.0150612790057494e-07;64.0;p04.txt;25.0;38.0;0.0
Data(x=[61, 1], edge_index=[2, 66], edge_attr=[66, 3], y=63.0, custom_label=0.58878505, min_label=0, max_label=107, instance_name='p04.txt');0.5887850522994995;0.2349932938814163;0.3507678508758545;4.0150612790057494e-07;63.0;p04.txt;25.0;38.0;0.0
Data(x=[61, 1], edge_index=[2, 66], edge_attr=[66, 3], y=62.0, custom_label=0.5794392, min_label=0, max_label=107, instance_name='p04.txt');0.5794392228126526;0.2349932938814163;0.3507678508758545;4.0150612790057494e-07;62.0;p04.txt;25.0;38.0;0.0
Data(x=[61, 1], edge_index=[2, 66], edge_attr=[66, 3], y=61.0, custom_label=0.57009345, min_label=0, max_label=107, instance_name='p04.txt');0.5700934529304504;0.2349932938814163;0.3507678508758545;4.0150612790057494e-07;61.0;p04.txt;25.0;38.0;0.0
Data(x=[61, 1], edge_index=[2, 66], edge_attr=[66, 3], y=60.0, custom_label=0.5607477, min_label=0, max_label=107, instance_name='p04.txt');0.5607476830482483;0.2349932938814163;0.3507678508758545;4.0150612790057494e-07;60.0;p04.txt;25.0;38.0;0.0
Data(x=[61, 1], edge_index=[2, 66], edge_attr=[66, 3], y=59.0, custom_label=0.55140185, min_label=0, max_label=107, instance_name='p04.txt');0.5514018535614014;0.2349932938814163;0.3507678508758545;4.0150612790057494e-07;59.0;p04.txt;25.0;38.0;0.0
Data(x=[61, 1], edge_index=[2, 66], edge_attr=[66, 3], y=58.0, custom_label=0.5420561, min_label=0, max_label=107, instance_name='p04.txt');0.5420560836791992;0.2349932938814163;0.3507678508758545;4.0150612790057494e-07;58.0;p04.txt;25.0;38.0;0.0
Data(x=[61, 1], edge_index=[2, 66], edge_attr=[66, 3], y=57.0, custom_label=0.53271025, min_label=0, max_label=107, instance_name='p04.txt');0.5327102541923523;0.2349932938814163;0.3507678508758545;4.0150612790057494e-07;57.0;p04.txt;25.0;38.0;0.0
Data(x=[61, 1], edge_index=[2, 66], edge_attr=[66, 3], y=56.0, custom_label=0.5233645, min_label=0, max_label=107, instance_name='p04.txt');0.5233644843101501;0.2349932938814163;0.3507678508758545;4.0150612790057494e-07;56.0;p04.txt;25.0;38.0;0.0
Data(x=[61, 1], edge_index=[2, 66], edge_attr=[66, 3], y=55.0, custom_label=0.5140187, min_label=0, max_label=107, instance_name='p04.txt');0.514018714427948;0.2349932938814163;0.3507678508758545;4.0150612790057494e-07;55.0;p04.txt;25.0;38.0;0.0
Data(x=[61, 1], edge_index=[2, 66], edge_attr=[66, 3], y=54.0, custom_label=0.5046729, min_label=0, max_label=107, instance_name='p04.txt');0.5046728849411011;0.2349932938814163;0.3507678508758545;4.0150612790057494e-07;54.0;p04.txt;25.0;38.0;0.0
Data(x=[61, 1], edge_index=[2, 66], edge_attr=[66, 3], y=53.0, custom_label=0.49532712, min_label=0, max_label=107, instance_name='p04.txt');0.4953271150588989;0.2349932938814163;0.3507678508758545;4.0150612790057494e-07;53.0;p04.txt;25.0;38.0;0.0
Data(x=[61, 1], edge_index=[2, 66], edge_attr=[66, 3], y=52.0, custom_label=0.48598132, min_label=0, max_label=107, instance_name='p04.txt');0.4859813153743744;0.2349932938814163;0.3507678508758545;4.0150612790057494e-07;52.0;p04.txt;25.0;38.0;0.0
Data(x=[61, 1], edge_index=[2, 66], edge_attr=[66, 3], y=51.0, custom_label=0.47663552, min_label=0, max_label=107, instance_name='p04.txt');0.4766355156898498;0.2349932938814163;0.3507678508758545;4.0150612790057494e-07;51.0;p04.txt;25.0;38.0;0.0
Data(x=[61, 1], edge_index=[2, 66], edge_attr=[66, 3], y=50.0, custom_label=0.46728972, min_label=0, max_label=107, instance_name='p04.txt');0.4672897160053253;0.2349932938814163;0.3507678508758545;4.0150612790057494e-07;50.0;p04.txt;25.0;38.0;0.0
Data(x=[61, 1], edge_index=[2, 66], edge_attr=[66, 3], y=49.0, custom_label=0.45794392, min_label=0, max_label=107, instance_name='p04.txt');0.4579439163208008;0.2349932938814163;0.3507678508758545;4.0150612790057494e-07;49.0;p04.txt;25.0;38.0;0.0
Data(x=[61, 1], edge_index=[2, 66], edge_attr=[66, 3], y=48.0, custom_label=0.44859812, min_label=0, max_label=107, instance_name='p04.txt');0.4485981166362762;0.2349932938814163;0.3507678508758545;4.0150612790057494e-07;48.0;p04.txt;25.0;38.0;0.0
Data(x=[61, 1], edge_index=[2, 66], edge_attr=[66, 3], y=47.0, custom_label=0.43925235, min_label=0, max_label=107, instance_name='p04.txt');0.4392523467540741;0.2349932938814163;0.3507678508758545;4.0150612790057494e-07;47.0;p04.txt;25.0;38.0;0.0
Data(x=[61, 1], edge_index=[2, 66], edge_attr=[66, 3], y=46.0, custom_label=0.42990655, min_label=0, max_label=107, instance_name='p04.txt');0.4299065470695495;0.2349932938814163;0.3507678508758545;4.0150612790057494e-07;46.0;p04.txt;25.0;38.0;0.0
Data(x=[61, 1], edge_index=[2, 66], edge_attr=[66, 3], y=45.0, custom_label=0.42056075, min_label=0, max_label=107, instance_name='p04.txt');0.420560747385025;0.2349932938814163;0.3507678508758545;4.0150612790057494e-07;45.0;p04.txt;25.0;38.0;0.0
Data(x=[61, 1], edge_index=[2, 66], edge_attr=[66, 3], y=44.0, custom_label=0.41121495, min_label=0, max_label=107, instance_name='p04.txt');0.4112149477005005;0.2349932938814163;0.3507678508758545;4.0150612790057494e-07;44.0;p04.txt;25.0;38.0;0.0
Data(x=[61, 1], edge_index=[2, 66], edge_attr=[66, 3], y=43.0, custom_label=0.40186915, min_label=0, max_label=107, instance_name='p04.txt');0.4018691480159759;0.2349932938814163;0.3507678508758545;4.0150612790057494e-07;43.0;p04.txt;25.0;38.0;0.0
Data(x=[61, 1], edge_index=[2, 66], edge_attr=[66, 3], y=42.0, custom_label=0.39252338, min_label=0, max_label=107, instance_name='p04.txt');0.3925233781337738;0.2349932938814163;0.3507678508758545;4.0150612790057494e-07;42.0;p04.txt;25.0;38.0;0.0
Data(x=[61, 1], edge_index=[2, 66], edge_attr=[66, 3], y=41.0, custom_label=0.38317758, min_label=0, max_label=107, instance_name='p04.txt');0.3831775784492492;0.2349932938814163;0.3507678508758545;4.0150612790057494e-07;41.0;p04.txt;25.0;38.0;0.0
Data(x=[61, 1], edge_index=[2, 66], edge_attr=[66, 3], y=40.0, custom_label=0.37383178, min_label=0, max_label=107, instance_name='p04.txt');0.3738317787647247;0.2349932938814163;0.3507678508758545;4.0150612790057494e-07;40.0;p04.txt;25.0;38.0;0.0
Data(x=[61, 1], edge_index=[2, 66], edge_attr=[66, 3], y=39.0, custom_label=0.36448598, min_label=0, max_label=107, instance_name='p04.txt');0.3644859790802002;0.2349932938814163;0.3507678508758545;4.0150612790057494e-07;39.0;p04.txt;25.0;38.0;0.0
Data(x=[61, 1], edge_index=[2, 66], edge_attr=[66, 3], y=38.0, custom_label=0.35514018, min_label=0, max_label=107, instance_name='p04.txt');0.3551401793956756;0.2349932938814163;0.3507678508758545;4.0150612790057494e-07;38.0;p04.txt;25.0;38.0;0.0
Data(x=[61, 1], edge_index=[2, 66], edge_attr=[66, 3], y=37.0, custom_label=0.34579438, min_label=0, max_label=107, instance_name='p04.txt');0.3457943797111511;0.2349932938814163;0.3507678508758545;4.0150612790057494e-07;37.0;p04.txt;25.0;38.0;0.0
Data(x=[61, 1], edge_index=[2, 66], edge_attr=[66, 3], y=36.0, custom_label=0.3364486, min_label=0, max_label=107, instance_name='p04.txt');0.336448609828949;0.2349932938814163;0.3507678508758545;4.0150612790057494e-07;36.0;p04.txt;25.0;38.0;0.0
Data(x=[61, 1], edge_index=[2, 66], edge_attr=[66, 3], y=35.0, custom_label=0.3271028, min_label=0, max_label=107, instance_name='p04.txt');0.3271028101444244;0.2349932938814163;0.3507678508758545;4.0150612790057494e-07;35.0;p04.txt;25.0;38.0;0.0
Data(x=[62, 1], edge_index=[2, 68], edge_attr=[68, 3], y=34.0, custom_label=0.317757, min_label=0, max_label=107, instance_name='p04.txt');0.3177570104598999;0.2349932938814163;0.1693317890167236;4.0150612790057494e-07;34.0;p04.txt;25.0;18.0;0.0
Data(x=[62, 1], edge_index=[2, 68], edge_attr=[68, 3], y=33.0, custom_label=0.3084112, min_label=0, max_label=107, instance_name='p04.txt');0.3084112107753753;0.2349932938814163;0.1693317890167236;4.0150612790057494e-07;33.0;p04.txt;25.0;18.0;0.0
Data(x=[62, 1], edge_index=[2, 68], edge_attr=[68, 3], y=32.0, custom_label=0.2990654, min_label=0, max_label=107, instance_name='p04.txt');0.2990654110908508;0.2349932938814163;0.1693317890167236;4.0150612790057494e-07;32.0;p04.txt;25.0;18.0;0.0
Data(x=[62, 1], edge_index=[2, 68], edge_attr=[68, 3], y=31.0, custom_label=0.2897196, min_label=0, max_label=107, instance_name='p04.txt');0.2897196114063263;0.2349932938814163;0.1693317890167236;4.0150612790057494e-07;31.0;p04.txt;25.0;18.0;0.0
Data(x=[62, 1], edge_index=[2, 68], edge_attr=[68, 3], y=30.0, custom_label=0.28037384, min_label=0, max_label=107, instance_name='p04.txt');0.2803738415241241;0.2349932938814163;0.1693317890167236;4.0150612790057494e-07;30.0;p04.txt;25.0;18.0;0.0
Data(x=[62, 1], edge_index=[2, 68], edge_attr=[68, 3], y=29.0, custom_label=0.27102804, min_label=0, max_label=107, instance_name='p04.txt');0.2710280418395996;0.2349932938814163;0.1693317890167236;4.0150612790057494e-07;29.0;p04.txt;25.0;18.0;0.0
Data(x=[62, 1], edge_index=[2, 68], edge_attr=[68, 3], y=28.0, custom_label=0.26168224, min_label=0, max_label=107, instance_name='p04.txt');0.2616822421550751;0.2349932938814163;0.1693317890167236;4.0150612790057494e-07;28.0;p04.txt;25.0;18.0;0.0
Data(x=[62, 1], edge_index=[2, 68], edge_attr=[68, 3], y=27.0, custom_label=0.25233644, min_label=0, max_label=107, instance_name='p04.txt');0.2523364424705505;0.2349932938814163;0.1693317890167236;4.0150612790057494e-07;27.0;p04.txt;25.0;18.0;0.0
Data(x=[62, 1], edge_index=[2, 68], edge_attr=[68, 3], y=26.0, custom_label=0.24299066, min_label=0, max_label=107, instance_name='p04.txt');0.2429906576871872;0.2349932938814163;0.1693317890167236;4.0150612790057494e-07;26.0;p04.txt;25.0;18.0;0.0
Data(x=[62, 1], edge_index=[2, 68], edge_attr=[68, 3], y=25.0, custom_label=0.23364486, min_label=0, max_label=107, instance_name='p04.txt');0.2336448580026626;0.2349932938814163;0.1693317890167236;4.0150612790057494e-07;25.0;p04.txt;25.0;18.0;0.0
Data(x=[62, 1], edge_index=[2, 68], edge_attr=[68, 3], y=24.0, custom_label=0.22429906, min_label=0, max_label=107, instance_name='p04.txt');0.2242990583181381;0.2349932938814163;0.1693317890167236;4.0150612790057494e-07;24.0;p04.txt;25.0;18.0;0.0
Data(x=[62, 1], edge_index=[2, 68], edge_attr=[68, 3], y=23.0, custom_label=0.21495327, min_label=0, max_label=107, instance_name='p04.txt');0.2149532735347747;0.2349932938814163;0.1693317890167236;4.0150612790057494e-07;23.0;p04.txt;25.0;18.0;0.0
Data(x=[62, 1], edge_index=[2, 68], edge_attr=[68, 3], y=22.0, custom_label=0.20560747, min_label=0, max_label=107, instance_name='p04.txt');0.2056074738502502;0.2349932938814163;0.1693317890167236;4.0150612790057494e-07;22.0;p04.txt;25.0;18.0;0.0
Data(x=[62, 1], edge_index=[2, 68], edge_attr=[68, 3], y=21.0, custom_label=0.19626169, min_label=0, max_label=107, instance_name='p04.txt');0.1962616890668869;0.2349932938814163;0.1693317890167236;4.0150612790057494e-07;21.0;p04.txt;25.0;18.0;0.0
Data(x=[62, 1], edge_index=[2, 68], edge_attr=[68, 3], y=20.0, custom_label=0.18691589, min_label=0, max_label=107, instance_name='p04.txt');0.1869158893823623;0.2349932938814163;0.1693317890167236;4.0150612790057494e-07;20.0;p04.txt;25.0;18.0;0.0
Data(x=[62, 1], edge_index=[2, 68], edge_attr=[68, 3], y=19.0, custom_label=0.17757009, min_label=0, max_label=107, instance_name='p04.txt');0.1775700896978378;0.2349932938814163;0.1693317890167236;4.0150612790057494e-07;19.0;p04.txt;25.0;18.0;0.0
Data(x=[62, 1], edge_index=[2, 68], edge_attr=[68, 3], y=18.0, custom_label=0.1682243, min_label=0, max_label=107, instance_name='p04.txt');0.1682243049144745;0.2349932938814163;0.1693317890167236;4.0150612790057494e-07;18.0;p04.txt;25.0;18.0;0.0
Data(x=[62, 1], edge_index=[2, 68], edge_attr=[68, 3], y=17.0, custom_label=0.1588785, min_label=0, max_label=107, instance_name='p04.txt');0.1588785052299499;0.2349932938814163;0.1693317890167236;4.0150612790057494e-07;17.0;p04.txt;25.0;18.0;0.0
Data(x=[62, 1], edge_index=[2, 68], edge_attr=[68, 3], y=16.0, custom_label=0.1495327, min_label=0, max_label=107, instance_name='p04.txt');0.1495327055454254;0.2349932938814163;0.1693317890167236;4.0150612790057494e-07;16.0;p04.txt;25.0;18.0;0.0
Data(x=[62, 1], edge_index=[2, 68], edge_attr=[68, 3], y=15.0, custom_label=0.14018692, min_label=0, max_label=107, instance_name='p04.txt');0.140186920762062;0.2349932938814163;0.1693317890167236;4.0150612790057494e-07;15.0;p04.txt;25.0;18.0;0.0
Data(x=[62, 1], edge_index=[2, 68], edge_attr=[68, 3], y=14.0, custom_label=0.13084112, min_label=0, max_label=107, instance_name='p04.txt');0.1308411210775375;0.2349932938814163;0.1693317890167236;4.0150612790057494e-07;14.0;p04.txt;25.0;18.0;0.0
Data(x=[62, 1], edge_index=[2, 68], edge_attr=[68, 3], y=13.0, custom_label=0.12149533, min_label=0, max_label=107, instance_name='p04.txt');0.1214953288435936;0.2349932938814163;0.1693317890167236;4.0150612790057494e-07;13.0;p04.txt;25.0;18.0;0.0
Data(x=[62, 1], edge_index=[2, 68], edge_attr=[68, 3], y=12.0, custom_label=0.11214953, min_label=0, max_label=107, instance_name='p04.txt');0.112149529159069;0.2349932938814163;0.1693317890167236;4.0150612790057494e-07;12.0;p04.txt;25.0;18.0;0.0
Data(x=[62, 1], edge_index=[2, 68], edge_attr=[68, 3], y=11.0, custom_label=0.10280374, min_label=0, max_label=107, instance_name='p04.txt');0.1028037369251251;0.2349932938814163;0.1693317890167236;4.0150612790057494e-07;11.0;p04.txt;25.0;18.0;0.0
Data(x=[62, 1], edge_index=[2, 68], edge_attr=[68, 3], y=10.0, custom_label=0.093457945, min_label=0, max_label=107, instance_name='p04.txt');0.0934579446911811;0.2349932938814163;0.1693317890167236;4.0150612790057494e-07;10.0;p04.txt;25.0;18.0;0.0
Data(x=[62, 1], edge_index=[2, 68], edge_attr=[68, 3], y=9.0, custom_label=0.08411215, min_label=0, max_label=107, instance_name='p04.txt');0.0841121524572372;0.2349932938814163;0.1693317890167236;4.0150612790057494e-07;9.0;p04.txt;25.0;18.0;0.0
Data(x=[62, 1], edge_index=[2, 68], edge_attr=[68, 3], y=8.0, custom_label=0.07476635, min_label=0, max_label=107, instance_name='p04.txt');0.0747663527727127;0.2349932938814163;0.1693317890167236;4.0150612790057494e-07;8.0;p04.txt;25.0;18.0;0.0
Data(x=[62, 1], edge_index=[2, 68], edge_attr=[68, 3], y=7.0, custom_label=0.06542056, min_label=0, max_label=107, instance_name='p04.txt');0.0654205605387687;0.2349932938814163;0.1693317890167236;4.0150612790057494e-07;7.0;p04.txt;25.0;18.0;0.0
Data(x=[62, 1], edge_index=[2, 68], edge_attr=[68, 3], y=6.0, custom_label=0.056074765, min_label=0, max_label=107, instance_name='p04.txt');0.0560747645795345;0.2349932938814163;0.1693317890167236;4.0150612790057494e-07;6.0;p04.txt;25.0;18.0;0.0
Data(x=[62, 1], edge_index=[2, 68], edge_attr=[68, 3], y=5.0, custom_label=0.046728972, min_label=0, max_label=107, instance_name='p04.txt');0.0467289723455905;0.2349932938814163;0.1693317890167236;4.0150612790057494e-07;5.0;p04.txt;25.0;18.0;0.0
Data(x=[62, 1], edge_index=[2, 68], edge_attr=[68, 3], y=4.0, custom_label=0.037383176, min_label=0, max_label=107, instance_name='p04.txt');0.0373831763863563;0.2349932938814163;0.1693317890167236;4.0150612790057494e-07;4.0;p04.txt;25.0;18.0;0.0
Data(x=[62, 1], edge_index=[2, 68], edge_attr=[68, 3], y=3.0, custom_label=0.028037382, min_label=0, max_label=107, instance_name='p04.txt');0.0280373822897672;0.2349932938814163;0.1693317890167236;4.0150612790057494e-07;3.0;p04.txt;25.0;18.0;0.0
Data(x=[62, 1], edge_index=[2, 68], edge_attr=[68, 3], y=2.0, custom_label=0.018691588, min_label=0, max_label=107, instance_name='p04.txt');0.0186915881931781;0.2349932938814163;0.1693317890167236;4.0150612790057494e-07;2.0;p04.txt;25.0;18.0;0.0
Data(x=[62, 1], edge_index=[2, 68], edge_attr=[68, 3], y=1.0, custom_label=0.009345794, min_label=0, max_label=107, instance_name='p04.txt');0.009345794096589;0.2349932938814163;0.1693317890167236;4.0150612790057494e-07;1.0;p04.txt;25.0;18.0;0.0
Data(x=[63, 1], edge_index=[2, 70], edge_attr=[70, 3], y=0.0, custom_label=0.0, min_label=0, max_label=107, instance_name='p04.txt');0.0;0.2349932938814163;0.0081937629729509;4.0150612790057494e-07;0.0;p04.txt;25.0;1.0;0.0
Data(x=[81, 1], edge_index=[2, 90], edge_attr=[90, 3], y=25.0, custom_label=1.0, min_label=0, max_label=25, instance_name='p05.txt');1.0;0.2349932938814163;0.8288834691047668;4.0150612790057494e-07;25.0;p05.txt;6.0;21.0;0.0
Data(x=[81, 1], edge_index=[2, 90], edge_attr=[90, 3], y=24.0, custom_label=0.96, min_label=0, max_label=25, instance_name='p05.txt');0.959999978542328;0.2349932938814163;0.8288834691047668;4.0150612790057494e-07;24.0;p05.txt;6.0;21.0;0.0
Data(x=[81, 1], edge_index=[2, 90], edge_attr=[90, 3], y=23.0, custom_label=0.92, min_label=0, max_label=25, instance_name='p05.txt');0.9200000166893004;0.2349932938814163;0.8288834691047668;4.0150612790057494e-07;23.0;p05.txt;6.0;21.0;0.0
Data(x=[82, 1], edge_index=[2, 92], edge_attr=[92, 3], y=22.0, custom_label=0.88, min_label=0, max_label=25, instance_name='p05.txt');0.8799999952316284;0.2349932938814163;0.6453934907913208;4.0150612790057494e-07;22.0;p05.txt;6.0;16.0;0.0
Data(x=[83, 1], edge_index=[2, 94], edge_attr=[94, 3], y=21.0, custom_label=0.84, min_label=0, max_label=25, instance_name='p05.txt');0.8399999737739563;0.2349932938814163;0.5171415209770203;4.0150612790057494e-07;21.0;p05.txt;6.0;13.0;0.0
Data(x=[83, 1], edge_index=[2, 94], edge_attr=[94, 3], y=20.0, custom_label=0.8, min_label=0, max_label=25, instance_name='p05.txt');0.800000011920929;0.2349932938814163;0.5171415209770203;4.0150612790057494e-07;20.0;p05.txt;6.0;13.0;0.0
Data(x=[83, 1], edge_index=[2, 94], edge_attr=[94, 3], y=19.0, custom_label=0.76, min_label=0, max_label=25, instance_name='p05.txt');0.7599999904632568;0.2349932938814163;0.5171415209770203;4.0150612790057494e-07;19.0;p05.txt;6.0;13.0;0.0
Data(x=[83, 1], edge_index=[2, 94], edge_attr=[94, 3], y=18.0, custom_label=0.72, min_label=0, max_label=25, instance_name='p05.txt');0.7200000286102295;0.2349932938814163;0.5171415209770203;4.0150612790057494e-07;18.0;p05.txt;6.0;13.0;0.0
Data(x=[83, 1], edge_index=[2, 94], edge_attr=[94, 3], y=17.0, custom_label=0.68, min_label=0, max_label=25, instance_name='p05.txt');0.6800000071525574;0.2349932938814163;0.5171415209770203;4.0150612790057494e-07;17.0;p05.txt;6.0;13.0;0.0
Data(x=[83, 1], edge_index=[2, 94], edge_attr=[94, 3], y=16.0, custom_label=0.64, min_label=0, max_label=25, instance_name='p05.txt');0.6399999856948853;0.2349932938814163;0.5171415209770203;4.0150612790057494e-07;16.0;p05.txt;6.0;13.0;0.0
Data(x=[84, 1], edge_index=[2, 96], edge_attr=[96, 3], y=15.0, custom_label=0.6, min_label=0, max_label=25, instance_name='p05.txt');0.6000000238418579;0.2349932938814163;0.3779908120632171;4.0150612790057494e-07;15.0;p05.txt;6.0;9.0;0.0
Data(x=[85, 1], edge_index=[2, 98], edge_attr=[98, 3], y=14.0, custom_label=0.56, min_label=0, max_label=25, instance_name='p05.txt');0.5600000023841858;0.2349932938814163;0.2525168657302856;4.0150612790057494e-07;14.0;p05.txt;6.0;6.0;0.0
Data(x=[85, 1], edge_index=[2, 98], edge_attr=[98, 3], y=13.0, custom_label=0.52, min_label=0, max_label=25, instance_name='p05.txt');0.5199999809265137;0.2349932938814163;0.2525168657302856;4.0150612790057494e-07;13.0;p05.txt;6.0;6.0;0.0
Data(x=[85, 1], edge_index=[2, 98], edge_attr=[98, 3], y=12.0, custom_label=0.48, min_label=0, max_label=25, instance_name='p05.txt');0.4799999892711639;0.2349932938814163;0.2525168657302856;4.0150612790057494e-07;12.0;p05.txt;6.0;6.0;0.0
Data(x=[85, 1], edge_index=[2, 98], edge_attr=[98, 3], y=11.0, custom_label=0.44, min_label=0, max_label=25, instance_name='p05.txt');0.4399999976158142;0.2349932938814163;0.2525168657302856;4.0150612790057494e-07;11.0;p05.txt;6.0;6.0;0.0
Data(x=[85, 1], edge_index=[2, 98], edge_attr=[98, 3], y=10.0, custom_label=0.4, min_label=0, max_label=25, instance_name='p05.txt');0.4000000059604645;0.2349932938814163;0.2525168657302856;4.0150612790057494e-07;10.0;p05.txt;6.0;6.0;0.0
Data(x=[85, 1], edge_index=[2, 98], edge_attr=[98, 3], y=9.0, custom_label=0.36, min_label=0, max_label=25, instance_name='p05.txt');0.3600000143051147;0.2349932938814163;0.2525168657302856;4.0150612790057494e-07;9.0;p05.txt;6.0;6.0;0.0
Data(x=[86, 1], edge_index=[2, 100], edge_attr=[100, 3], y=8.0, custom_label=0.32, min_label=0, max_label=25, instance_name='p05.txt');0.3199999928474426;0.2349932938814163;0.1392816007137298;4.0150612790057494e-07;8.0;p05.txt;6.0;3.0;0.0
Data(x=[87, 1], edge_index=[2, 102], edge_attr=[102, 3], y=7.0, custom_label=0.28, min_label=0, max_label=25, instance_name='p05.txt');0.2800000011920929;0.2349932938814163;0.0438726693391799;4.0150612790057494e-07;7.0;p05.txt;6.0;1.0;0.0
Data(x=[87, 1], edge_index=[2, 102], edge_attr=[102, 3], y=6.0, custom_label=0.24, min_label=0, max_label=25, instance_name='p05.txt');0.2399999946355819;0.2349932938814163;0.0438726693391799;4.0150612790057494e-07;6.0;p05.txt;6.0;1.0;0.0
Data(x=[87, 1], edge_index=[2, 102], edge_attr=[102, 3], y=5.0, custom_label=0.2, min_label=0, max_label=25, instance_name='p05.txt');0.2000000029802322;0.2349932938814163;0.0438726693391799;4.0150612790057494e-07;5.0;p05.txt;6.0;1.0;0.0
Data(x=[87, 1], edge_index=[2, 102], edge_attr=[102, 3], y=4.0, custom_label=0.16, min_label=0, max_label=25, instance_name='p05.txt');0.1599999964237213;0.2349932938814163;0.0438726693391799;4.0150612790057494e-07;4.0;p05.txt;6.0;1.0;0.0
Data(x=[87, 1], edge_index=[2, 102], edge_attr=[102, 3], y=3.0, custom_label=0.12, min_label=0, max_label=25, instance_name='p05.txt');0.1199999973177909;0.2349932938814163;0.0438726693391799;4.0150612790057494e-07;3.0;p05.txt;6.0;1.0;0.0
Data(x=[87, 1], edge_index=[2, 102], edge_attr=[102, 3], y=2.0, custom_label=0.08, min_label=0, max_label=25, instance_name='p05.txt');0.0799999982118606;0.2349932938814163;0.0438726693391799;4.0150612790057494e-07;2.0;p05.txt;6.0;1.0;0.0
Data(x=[88, 1], edge_index=[2, 104], edge_attr=[104, 3], y=1.0, custom_label=0.04, min_label=0, max_label=25, instance_name='p05.txt');0.0399999991059303;0.2349932938814163;0.0004250518977642;4.0150612790057494e-07;1.0;p05.txt;6.0;0.0;0.0
Data(x=[89, 1], edge_index=[2, 106], edge_attr=[106, 3], y=0.0, custom_label=0.0, min_label=0, max_label=25, instance_name='p05.txt');0.0;0.2349932938814163;1.653192839512485e-06;4.0150612790057494e-07;0.0;p05.txt;6.0;0.0;0.0
Data(x=[66, 1], edge_index=[2, 86], edge_attr=[86, 3], y=5.0, custom_label=0.2, min_label=0, max_label=25, instance_name='p05.txt');0.2000000029802322;0.2349932938814163;2.346604560443666e-06;4.0150612790057494e-07;5.0;p05.txt;6.0;0.0;0.0
Data(x=[65, 1], edge_index=[2, 84], edge_attr=[84, 3], y=4.0, custom_label=0.16, min_label=0, max_label=25, instance_name='p05.txt');0.1599999964237213;0.2349932938814163;8.590217476012185e-06;4.0150612790057494e-07;4.0;p05.txt;6.0;0.0;0.0
Data(x=[65, 1], edge_index=[2, 84], edge_attr=[84, 3], y=3.0, custom_label=0.12, min_label=0, max_label=25, instance_name='p05.txt');0.1199999973177909;0.2349932938814163;8.590217476012185e-06;4.0150612790057494e-07;3.0;p05.txt;6.0;0.0;0.0
Data(x=[65, 1], edge_index=[2, 84], edge_attr=[84, 3], y=2.0, custom_label=0.08, min_label=0, max_label=25, instance_name='p05.txt');0.0799999982118606;0.2349932938814163;8.590217476012185e-06;4.0150612790057494e-07;2.0;p05.txt;6.0;0.0;0.0
Data(x=[65, 1], edge_index=[2, 84], edge_attr=[84, 3], y=1.0, custom_label=0.04, min_label=0, max_label=25, instance_name='p05.txt');0.0399999991059303;0.2349932938814163;8.590225661464501e-06;4.0150612790057494e-07;1.0;p05.txt;6.0;0.0;0.0
Data(x=[66, 1], edge_index=[2, 86], edge_attr=[86, 3], y=0.0, custom_label=0.0, min_label=0, max_label=25, instance_name='p05.txt');0.0;0.2349932938814163;4.973905731731065e-09;4.0150612790057494e-07;0.0;p05.txt;6.0;0.0;0.0
Data(x=[76, 1], edge_index=[2, 100], edge_attr=[100, 3], y=0.0, custom_label=0.0, min_label=0, max_label=25, instance_name='p05.txt');0.0;0.2349932938814163;2.549452204902991e-08;0.0;0.0;p05.txt;6.0;0.0;0.0
Data(x=[62, 1], edge_index=[2, 82], edge_attr=[82, 3], y=11.0, custom_label=0.44, min_label=0, max_label=25, instance_name='p05.txt');0.4399999976158142;0.2349932938814163;0.0063140536658465;0.0;11.0;p05.txt;6.0;0.0;0.0
Data(x=[62, 1], edge_index=[2, 82], edge_attr=[82, 3], y=10.0, custom_label=0.4, min_label=0, max_label=25, instance_name='p05.txt');0.4000000059604645;0.2349932938814163;0.0016192533075809;4.0150612790057494e-07;10.0;p05.txt;6.0;0.0;0.0
Data(x=[62, 1], edge_index=[2, 82], edge_attr=[82, 3], y=9.0, custom_label=0.36, min_label=0, max_label=25, instance_name='p05.txt');0.3600000143051147;0.2349932938814163;0.027087103575468;4.0150612790057494e-07;9.0;p05.txt;6.0;1.0;0.0
Data(x=[62, 1], edge_index=[2, 82], edge_attr=[82, 3], y=8.0, custom_label=0.32, min_label=0, max_label=25, instance_name='p05.txt');0.3199999928474426;0.2349932938814163;0.0063140536658465;4.0150612790057494e-07;8.0;p05.txt;6.0;0.0;0.0
Data(x=[63, 1], edge_index=[2, 84], edge_attr=[84, 3], y=7.0, custom_label=0.28, min_label=0, max_label=25, instance_name='p05.txt');0.2800000011920929;0.2349932938814163;2.650392161740456e-06;4.0150612790057494e-07;7.0;p05.txt;6.0;0.0;0.0
Data(x=[62, 1], edge_index=[2, 82], edge_attr=[82, 3], y=6.0, custom_label=0.24, min_label=0, max_label=25, instance_name='p05.txt');0.2399999946355819;0.2349932938814163;7.36978036002256e-05;4.0150612790057494e-07;6.0;p05.txt;6.0;0.0;0.0
Data(x=[63, 1], edge_index=[2, 84], edge_attr=[84, 3], y=5.0, custom_label=0.2, min_label=0, max_label=25, instance_name='p05.txt');0.2000000029802322;0.2349932938814163;6.664929053101787e-09;4.0150612790057494e-07;5.0;p05.txt;6.0;0.0;0.0
Data(x=[62, 1], edge_index=[2, 82], edge_attr=[82, 3], y=4.0, custom_label=0.16, min_label=0, max_label=25, instance_name='p05.txt');0.1599999964237213;0.2349932938814163;1.6800038338260492e-07;4.0150612790057494e-07;4.0;p05.txt;6.0;0.0;0.0
Data(x=[62, 1], edge_index=[2, 82], edge_attr=[82, 3], y=3.0, custom_label=0.12, min_label=0, max_label=25, instance_name='p05.txt');0.1199999973177909;0.2349932938814163;1.6800038338260492e-07;4.0150612790057494e-07;3.0;p05.txt;6.0;0.0;0.0
Data(x=[62, 1], edge_index=[2, 82], edge_attr=[82, 3], y=2.0, custom_label=0.08, min_label=0, max_label=25, instance_name='p05.txt');0.0799999982118606;0.2349932938814163;2.2564186963336402e-07;4.0150612790057494e-07;2.0;p05.txt;6.0;0.0;0.0
Data(x=[62, 1], edge_index=[2, 82], edge_attr=[82, 3], y=1.0, custom_label=0.04, min_label=0, max_label=25, instance_name='p05.txt');0.0399999991059303;0.2349932938814163;1.6800022706320308e-07;4.0150612790057494e-07;1.0;p05.txt;6.0;0.0;0.0
Data(x=[63, 1], edge_index=[2, 84], edge_attr=[84, 3], y=0.0, custom_label=0.0, min_label=0, max_label=25, instance_name='p05.txt');0.0;0.2349932938814163;7.2168986064991e-11;4.0150612790057494e-07;0.0;p05.txt;6.0;0.0;0.0
Data(x=[63, 1], edge_index=[2, 84], edge_attr=[84, 3], y=0.0, custom_label=0.0, min_label=0, max_label=25, instance_name='p05.txt');0.0;0.2349932938814163;3.1249083876083716e-10;4.0150612790057494e-07;0.0;p05.txt;6.0;0.0;0.0
Data(x=[68, 1], edge_index=[2, 88], edge_attr=[88, 3], y=9.0, custom_label=0.36, min_label=0, max_label=25, instance_name='p05.txt');0.3600000143051147;0.2349932938814163;0.0939450114965438;0.0;9.0;p05.txt;6.0;2.0;0.0
Data(x=[68, 1], edge_index=[2, 88], edge_attr=[88, 3], y=8.0, custom_label=0.32, min_label=0, max_label=25, instance_name='p05.txt');0.3199999928474426;0.2349932938814163;0.0885403603315353;0.0;8.0;p05.txt;6.0;2.0;0.0
Data(x=[68, 1], edge_index=[2, 88], edge_attr=[88, 3], y=7.0, custom_label=0.28, min_label=0, max_label=25, instance_name='p05.txt');0.2800000011920929;0.2349932938814163;0.0687972754240036;0.0;7.0;p05.txt;6.0;2.0;0.0
Data(x=[69, 1], edge_index=[2, 90], edge_attr=[90, 3], y=6.0, custom_label=0.24, min_label=0, max_label=25, instance_name='p05.txt');0.2399999946355819;0.2349932938814163;0.0012851628707721;0.0;6.0;p05.txt;6.0;0.0;0.0
Data(x=[69, 1], edge_index=[2, 90], edge_attr=[90, 3], y=5.0, custom_label=0.2, min_label=0, max_label=25, instance_name='p05.txt');0.2000000029802322;0.2349932938814163;3.0525604870490497e-06;0.0;5.0;p05.txt;6.0;0.0;0.0
Data(x=[68, 1], edge_index=[2, 88], edge_attr=[88, 3], y=4.0, custom_label=0.16, min_label=0, max_label=25, instance_name='p05.txt');0.1599999964237213;0.2349932938814163;1.0574513908068184e-05;0.0;4.0;p05.txt;6.0;0.0;0.0
Data(x=[68, 1], edge_index=[2, 88], edge_attr=[88, 3], y=3.0, custom_label=0.12, min_label=0, max_label=25, instance_name='p05.txt');0.1199999973177909;0.2349932938814163;1.0574503903626464e-05;0.0;3.0;p05.txt;6.0;0.0;0.0
Data(x=[68, 1], edge_index=[2, 88], edge_attr=[88, 3], y=2.0, custom_label=0.08, min_label=0, max_label=25, instance_name='p05.txt');0.0799999982118606;0.2349932938814163;1.0574513908068184e-05;0.0;2.0;p05.txt;6.0;0.0;0.0
Data(x=[68, 1], edge_index=[2, 88], edge_attr=[88, 3], y=1.0, custom_label=0.04, min_label=0, max_label=25, instance_name='p05.txt');0.0399999991059303;0.2349932938814163;1.0574513908068184e-05;0.0;1.0;p05.txt;6.0;0.0;0.0
Data(x=[69, 1], edge_index=[2, 90], edge_attr=[90, 3], y=0.0, custom_label=0.0, min_label=0, max_label=25, instance_name='p05.txt');0.0;0.2349932938814163;8.456122024824708e-09;0.0;0.0;p05.txt;6.0;0.0;0.0
Data(x=[76, 1], edge_index=[2, 96], edge_attr=[96, 3], y=9.0, custom_label=0.36, min_label=0, max_label=25, instance_name='p05.txt');0.3600000143051147;0.2349932938814163;0.0437971949577331;0.0;9.0;p05.txt;6.0;1.0;0.0
Data(x=[76, 1], edge_index=[2, 96], edge_attr=[96, 3], y=8.0, custom_label=0.32, min_label=0, max_label=25, instance_name='p05.txt');0.3199999928474426;0.2349932938814163;0.0004552658065222;0.0;8.0;p05.txt;6.0;0.0;0.0
Data(x=[75, 1], edge_index=[2, 94], edge_attr=[94, 3], y=7.0, custom_label=0.28, min_label=0, max_label=25, instance_name='p05.txt');0.2800000011920929;0.2349932938814163;0.0066241351887583;0.0;7.0;p05.txt;6.0;0.0;0.0
Data(x=[75, 1], edge_index=[2, 94], edge_attr=[94, 3], y=6.0, custom_label=0.24, min_label=0, max_label=25, instance_name='p05.txt');0.2399999946355819;0.2349932938814163;0.0066241412423551;0.0;6.0;p05.txt;6.0;0.0;0.0
Data(x=[75, 1], edge_index=[2, 94], edge_attr=[94, 3], y=5.0, custom_label=0.2, min_label=0, max_label=25, instance_name='p05.txt');0.2000000029802322;0.2349932938814163;0.0066241384483873;0.0;5.0;p05.txt;6.0;0.0;0.0
Data(x=[76, 1], edge_index=[2, 96], edge_attr=[96, 3], y=4.0, custom_label=0.16, min_label=0, max_label=25, instance_name='p05.txt');0.1599999964237213;0.2349932938814163;1.0784710866573732e-05;0.0;4.0;p05.txt;6.0;0.0;0.0
Data(x=[75, 1], edge_index=[2, 94], edge_attr=[94, 3], y=3.0, custom_label=0.12, min_label=0, max_label=25, instance_name='p05.txt');0.1199999973177909;0.2349932938814163;3.374385414645076e-05;0.0;3.0;p05.txt;6.0;0.0;0.0
Data(x=[75, 1], edge_index=[2, 94], edge_attr=[94, 3], y=2.0, custom_label=0.08, min_label=0, max_label=25, instance_name='p05.txt');0.0799999982118606;0.2349932938814163;2.9133547286619432e-05;0.0;2.0;p05.txt;6.0;0.0;0.0
Data(x=[75, 1], edge_index=[2, 94], edge_attr=[94, 3], y=1.0, custom_label=0.04, min_label=0, max_label=25, instance_name='p05.txt');0.0399999991059303;0.2349932938814163;3.3743883250281215e-05;0.0;1.0;p05.txt;6.0;0.0;0.0
Data(x=[76, 1], edge_index=[2, 96], edge_attr=[96, 3], y=0.0, custom_label=0.0, min_label=0, max_label=25, instance_name='p05.txt');0.0;0.2349932938814163;5.1591580785270714e-08;0.0;0.0;p05.txt;6.0;0.0;0.0
Data(x=[74, 1], edge_index=[2, 98], edge_attr=[98, 3], y=3.0, custom_label=0.12, min_label=0, max_label=25, instance_name='p05.txt');0.1199999973177909;0.2349932938814163;1.0210181926595396e-06;4.0150612790057494e-07;3.0;p05.txt;6.0;0.0;0.0
Data(x=[74, 1], edge_index=[2, 98], edge_attr=[98, 3], y=2.0, custom_label=0.08, min_label=0, max_label=25, instance_name='p05.txt');0.0799999982118606;0.2349932938814163;6.87120916609274e-07;4.0150612790057494e-07;2.0;p05.txt;6.0;0.0;0.0
Data(x=[74, 1], edge_index=[2, 98], edge_attr=[98, 3], y=1.0, custom_label=0.04, min_label=0, max_label=25, instance_name='p05.txt');0.0399999991059303;0.2349932938814163;2.389035898886505e-06;4.0150612790057494e-07;1.0;p05.txt;6.0;0.0;0.0
Data(x=[75, 1], edge_index=[2, 100], edge_attr=[100, 3], y=0.0, custom_label=0.0, min_label=0, max_label=25, instance_name='p05.txt');0.0;0.2349932938814163;3.434543760505448e-09;4.0150612790057494e-07;0.0;p05.txt;6.0;0.0;0.0
Data(x=[69, 1], edge_index=[2, 90], edge_attr=[90, 3], y=4.0, custom_label=0.16, min_label=0, max_label=25, instance_name='p05.txt');0.1599999964237213;0.2349932938814163;3.0525604870490497e-06;0.0;4.0;p05.txt;6.0;0.0;0.0
Data(x=[69, 1], edge_index=[2, 90], edge_attr=[90, 3], y=3.0, custom_label=0.12, min_label=0, max_label=25, instance_name='p05.txt');0.1199999973177909;0.2349932938814163;3.0525604870490497e-06;0.0;3.0;p05.txt;6.0;0.0;0.0
Data(x=[69, 1], edge_index=[2, 90], edge_attr=[90, 3], y=2.0, custom_label=0.08, min_label=0, max_label=25, instance_name='p05.txt');0.0799999982118606;0.2349932938814163;8.021550570447289e-07;0.0;2.0;p05.txt;6.0;0.0;0.0
Data(x=[69, 1], edge_index=[2, 90], edge_attr=[90, 3], y=1.0, custom_label=0.04, min_label=0, max_label=25, instance_name='p05.txt');0.0399999991059303;0.2349932938814163;3.0525604870490497e-06;0.0;1.0;p05.txt;6.0;0.0;0.0
Data(x=[70, 1], edge_index=[2, 92], edge_attr=[92, 3], y=0.0, custom_label=0.0, min_label=0, max_label=25, instance_name='p05.txt');0.0;0.2349932938814163;2.745856209074304e-09;0.0;0.0;p05.txt;6.0;0.0;0.0
Data(x=[69, 1], edge_index=[2, 88], edge_attr=[88, 3], y=15.0, custom_label=0.6, min_label=0, max_label=25, instance_name='p05.txt');0.6000000238418579;0.2349932938814163;0.1142875105142593;4.0150612790057494e-07;15.0;p05.txt;6.0;3.0;0.0
Data(x=[69, 1], edge_index=[2, 88], edge_attr=[88, 3], y=14.0, custom_label=0.56, min_label=0, max_label=25, instance_name='p05.txt');0.5600000023841858;0.2349932938814163;0.1142875105142593;4.0150612790057494e-07;14.0;p05.txt;6.0;3.0;0.0
Data(x=[69, 1], edge_index=[2, 88], edge_attr=[88, 3], y=13.0, custom_label=0.52, min_label=0, max_label=25, instance_name='p05.txt');0.5199999809265137;0.2349932938814163;0.1085435077548027;4.0150612790057494e-07;13.0;p05.txt;6.0;3.0;0.0
Data(x=[69, 1], edge_index=[2, 88], edge_attr=[88, 3], y=12.0, custom_label=0.48, min_label=0, max_label=25, instance_name='p05.txt');0.4799999892711639;0.2349932938814163;0.1142874807119369;4.0150612790057494e-07;12.0;p05.txt;6.0;3.0;0.0
Data(x=[69, 1], edge_index=[2, 88], edge_attr=[88, 3], y=11.0, custom_label=0.44, min_label=0, max_label=25, instance_name='p05.txt');0.4399999976158142;0.2349932938814163;0.1142874807119369;4.0150612790057494e-07;11.0;p05.txt;6.0;3.0;0.0
Data(x=[69, 1], edge_index=[2, 88], edge_attr=[88, 3], y=10.0, custom_label=0.4, min_label=0, max_label=25, instance_name='p05.txt');0.4000000059604645;0.2349932938814163;0.1085435077548027;4.0150612790057494e-07;10.0;p05.txt;6.0;3.0;0.0
Data(x=[69, 1], edge_index=[2, 88], edge_attr=[88, 3], y=9.0, custom_label=0.36, min_label=0, max_label=25, instance_name='p05.txt');0.3600000143051147;0.2349932938814163;0.1142874807119369;4.0150612790057494e-07;9.0;p05.txt;6.0;3.0;0.0
Data(x=[69, 1], edge_index=[2, 88], edge_attr=[88, 3], y=8.0, custom_label=0.32, min_label=0, max_label=25, instance_name='p05.txt');0.3199999928474426;0.2349932938814163;0.1142874807119369;4.0150612790057494e-07;8.0;p05.txt;6.0;3.0;0.0
Data(x=[69, 1], edge_index=[2, 88], edge_attr=[88, 3], y=7.0, custom_label=0.28, min_label=0, max_label=25, instance_name='p05.txt');0.2800000011920929;0.2349932938814163;0.1142874583601951;4.0150612790057494e-07;7.0;p05.txt;6.0;3.0;0.0
Data(x=[70, 1], edge_index=[2, 90], edge_attr=[90, 3], y=6.0, custom_label=0.24, min_label=0, max_label=25, instance_name='p05.txt');0.2399999946355819;0.2349932938814163;0.0046911663375794;4.0150612790057494e-07;6.0;p05.txt;6.0;0.0;0.0
Data(x=[70, 1], edge_index=[2, 90], edge_attr=[90, 3], y=5.0, custom_label=0.2, min_label=0, max_label=25, instance_name='p05.txt');0.2000000029802322;0.2349932938814163;0.0046911663375794;4.0150612790057494e-07;5.0;p05.txt;6.0;0.0;0.0
Data(x=[70, 1], edge_index=[2, 90], edge_attr=[90, 3], y=4.0, custom_label=0.16, min_label=0, max_label=25, instance_name='p05.txt');0.1599999964237213;0.2349932938814163;0.0040388372726738;4.0150612790057494e-07;4.0;p05.txt;6.0;0.0;0.0
Data(x=[70, 1], edge_index=[2, 90], edge_attr=[90, 3], y=3.0, custom_label=0.12, min_label=0, max_label=25, instance_name='p05.txt');0.1199999973177909;0.2349932938814163;0.0046911663375794;4.0150612790057494e-07;3.0;p05.txt;6.0;0.0;0.0
Data(x=[70, 1], edge_index=[2, 90], edge_attr=[90, 3], y=2.0, custom_label=0.08, min_label=0, max_label=25, instance_name='p05.txt');0.0799999982118606;0.2349932938814163;0.0046911663375794;4.0150612790057494e-07;2.0;p05.txt;6.0;0.0;0.0
Data(x=[71, 1], edge_index=[2, 92], edge_attr=[92, 3], y=1.0, custom_label=0.04, min_label=0, max_label=25, instance_name='p05.txt');0.0399999991059303;0.2349932938814163;4.75519300380256e-06;4.0150612790057494e-07;1.0;p05.txt;6.0;0.0;0.0
Data(x=[71, 1], edge_index=[2, 92], edge_attr=[92, 3], y=0.0, custom_label=0.0, min_label=0, max_label=25, instance_name='p05.txt');0.0;0.2349932938814163;1.555698680988371e-08;4.0150612790057494e-07;0.0;p05.txt;6.0;0.0;0.0
Data(x=[54, 1], edge_index=[2, 72], edge_attr=[72, 3], y=10.0, custom_label=0.4, min_label=0, max_label=25, instance_name='p05.txt');0.4000000059604645;0.2349932938814163;0.1711234450340271;4.0150612790057494e-07;10.0;p05.txt;6.0;4.0;0.0
Data(x=[54, 1], edge_index=[2, 72], edge_attr=[72, 3], y=9.0, custom_label=0.36, min_label=0, max_label=25, instance_name='p05.txt');0.3600000143051147;0.2349932938814163;0.1711234450340271;4.0150612790057494e-07;9.0;p05.txt;6.0;4.0;0.0
Data(x=[54, 1], edge_index=[2, 72], edge_attr=[72, 3], y=8.0, custom_label=0.32, min_label=0, max_label=25, instance_name='p05.txt');0.3199999928474426;0.2349932938814163;0.1614066362380981;4.0150612790057494e-07;8.0;p05.txt;6.0;4.0;0.0
Data(x=[54, 1], edge_index=[2, 72], edge_attr=[72, 3], y=7.0, custom_label=0.28, min_label=0, max_label=25, instance_name='p05.txt');0.2800000011920929;0.2349932938814163;0.1711234450340271;4.0150612790057494e-07;7.0;p05.txt;6.0;4.0;0.0
Data(x=[55, 1], edge_index=[2, 74], edge_attr=[74, 3], y=6.0, custom_label=0.24, min_label=0, max_label=25, instance_name='p05.txt');0.2399999946355819;0.2349932938814163;0.0155236534774303;4.0150612790057494e-07;6.0;p05.txt;6.0;0.0;0.0
Data(x=[54, 1], edge_index=[2, 72], edge_attr=[72, 3], y=5.0, custom_label=0.2, min_label=0, max_label=25, instance_name='p05.txt');0.2000000029802322;0.2349932938814163;0.0360996164381504;4.0150612790057494e-07;5.0;p05.txt;6.0;1.0;0.0
Data(x=[54, 1], edge_index=[2, 72], edge_attr=[72, 3], y=4.0, custom_label=0.16, min_label=0, max_label=25, instance_name='p05.txt');0.1599999964237213;0.2349932938814163;0.0360996164381504;4.0150612790057494e-07;4.0;p05.txt;6.0;1.0;0.0
Data(x=[55, 1], edge_index=[2, 74], edge_attr=[74, 3], y=3.0, custom_label=0.12, min_label=0, max_label=25, instance_name='p05.txt');0.1199999973177909;0.2349932938814163;1.490303566242801e-05;4.0150612790057494e-07;3.0;p05.txt;6.0;0.0;0.0
Data(x=[55, 1], edge_index=[2, 74], edge_attr=[74, 3], y=2.0, custom_label=0.08, min_label=0, max_label=25, instance_name='p05.txt');0.0799999982118606;0.2349932938814163;9.181169602356933e-09;4.0150612790057494e-07;2.0;p05.txt;6.0;0.0;0.0
Data(x=[54, 1], edge_index=[2, 72], edge_attr=[72, 3], y=1.0, custom_label=0.04, min_label=0, max_label=25, instance_name='p05.txt');0.0399999991059303;0.2349932938814163;3.7801160601702577e-07;4.0150612790057494e-07;1.0;p05.txt;6.0;0.0;0.0
Data(x=[55, 1], edge_index=[2, 74], edge_attr=[74, 3], y=0.0, custom_label=0.0, min_label=0, max_label=25, instance_name='p05.txt');0.0;0.2349932938814163;5.1408412249376305e-11;4.0150612790057494e-07;0.0;p05.txt;6.0;0.0;0.0
Data(x=[40, 1], edge_index=[2, 46], edge_attr=[46, 3], y=35.0, custom_label=1.0, min_label=0, max_label=35, instance_name='p06.txt');1.0;0.2349932938814163;0.1865624189376831;4.0150612790057494e-07;35.0;p06.txt;8.0;7.0;0.0
Data(x=[40, 1], edge_index=[2, 46], edge_attr=[46, 3], y=34.0, custom_label=0.9714286, min_label=0, max_label=35, instance_name='p06.txt');0.9714285731315612;0.2349932938814163;0.1865624189376831;4.0150612790057494e-07;34.0;p06.txt;8.0;7.0;0.0
Data(x=[40, 1], edge_index=[2, 46], edge_attr=[46, 3], y=33.0, custom_label=0.94285715, min_label=0, max_label=35, instance_name='p06.txt');0.9428571462631226;0.2349932938814163;0.1865624189376831;4.0150612790057494e-07;33.0;p06.txt;8.0;7.0;0.0
Data(x=[40, 1], edge_index=[2, 46], edge_attr=[46, 3], y=32.0, custom_label=0.9142857, min_label=0, max_label=35, instance_name='p06.txt');0.9142857193946838;0.2349932938814163;0.1865624487400055;4.0150612790057494e-07;32.0;p06.txt;8.0;7.0;0.0
Data(x=[39, 1], edge_index=[2, 44], edge_attr=[44, 3], y=31.0, custom_label=0.8857143, min_label=0, max_label=35, instance_name='p06.txt');0.8857142925262451;0.2349932938814163;0.4587489366531372;4.0150612790057494e-07;31.0;p06.txt;8.0;16.0;0.0
Data(x=[39, 1], edge_index=[2, 44], edge_attr=[44, 3], y=30.0, custom_label=0.85714287, min_label=0, max_label=35, instance_name='p06.txt');0.8571428656578064;0.2349932938814163;0.458748996257782;4.0150612790057494e-07;30.0;p06.txt;8.0;16.0;0.0
Data(x=[39, 1], edge_index=[2, 44], edge_attr=[44, 3], y=29.0, custom_label=0.82857144, min_label=0, max_label=35, instance_name='p06.txt');0.8285714387893677;0.2349932938814163;0.4587489366531372;4.0150612790057494e-07;29.0;p06.txt;8.0;16.0;0.0
Data(x=[39, 1], edge_index=[2, 44], edge_attr=[44, 3], y=28.0, custom_label=0.8, min_label=0, max_label=35, instance_name='p06.txt');0.800000011920929;0.2349932938814163;0.4587489366531372;4.0150612790057494e-07;28.0;p06.txt;8.0;16.0;0.0
Data(x=[39, 1], edge_index=[2, 44], edge_attr=[44, 3], y=27.0, custom_label=0.7714286, min_label=0, max_label=35, instance_name='p06.txt');0.7714285850524902;0.2349932938814163;0.4587489366531372;4.0150612790057494e-07;27.0;p06.txt;8.0;16.0;0.0
Data(x=[39, 1], edge_index=[2, 44], edge_attr=[44, 3], y=26.0, custom_label=0.74285716, min_label=0, max_label=35, instance_name='p06.txt');0.7428571581840515;0.2349932938814163;0.4587489366531372;4.0150612790057494e-07;26.0;p06.txt;8.0;16.0;0.0
Data(x=[39, 1], edge_index=[2, 44], edge_attr=[44, 3], y=25.0, custom_label=0.71428573, min_label=0, max_label=35, instance_name='p06.txt');0.7142857313156128;0.2349932938814163;0.4587489366531372;4.0150612790057494e-07;25.0;p06.txt;8.0;16.0;0.0
Data(x=[38, 1], edge_index=[2, 42], edge_attr=[42, 3], y=24.0, custom_label=0.6857143, min_label=0, max_label=35, instance_name='p06.txt');0.6857143044471741;0.2349932938814163;0.8180783987045288;4.0150612790057494e-07;24.0;p06.txt;8.0;29.0;0.0
Data(x=[38, 1], edge_index=[2, 42], edge_attr=[42, 3], y=23.0, custom_label=0.6571429, min_label=0, max_label=35, instance_name='p06.txt');0.6571428775787354;0.2349932938814163;0.8180783987045288;4.0150612790057494e-07;23.0;p06.txt;8.0;29.0;0.0
Data(x=[38, 1], edge_index=[2, 42], edge_attr=[42, 3], y=22.0, custom_label=0.62857145, min_label=0, max_label=35, instance_name='p06.txt');0.6285714507102966;0.2349932938814163;0.8180783987045288;4.0150612790057494e-07;22.0;p06.txt;8.0;29.0;0.0
Data(x=[38, 1], edge_index=[2, 42], edge_attr=[42, 3], y=21.0, custom_label=0.6, min_label=0, max_label=35, instance_name='p06.txt');0.6000000238418579;0.2349932938814163;0.8180783987045288;4.0150612790057494e-07;21.0;p06.txt;8.0;29.0;0.0
Data(x=[38, 1], edge_index=[2, 42], edge_attr=[42, 3], y=20.0, custom_label=0.5714286, min_label=0, max_label=35, instance_name='p06.txt');0.5714285969734192;0.2349932938814163;0.8180783987045288;4.0150612790057494e-07;20.0;p06.txt;8.0;29.0;0.0
Data(x=[38, 1], edge_index=[2, 42], edge_attr=[42, 3], y=19.0, custom_label=0.54285717, min_label=0, max_label=35, instance_name='p06.txt');0.5428571701049805;0.2349932938814163;0.8180783987045288;4.0150612790057494e-07;19.0;p06.txt;8.0;29.0;0.0
Data(x=[39, 1], edge_index=[2, 44], edge_attr=[44, 3], y=18.0, custom_label=0.51428574, min_label=0, max_label=35, instance_name='p06.txt');0.5142857432365417;0.2349932938814163;0.4587489366531372;4.0150612790057494e-07;18.0;p06.txt;8.0;16.0;0.0
Data(x=[39, 1], edge_index=[2, 44], edge_attr=[44, 3], y=17.0, custom_label=0.4857143, min_label=0, max_label=35, instance_name='p06.txt');0.4857142865657806;0.2349932938814163;0.4587489366531372;4.0150612790057494e-07;17.0;p06.txt;8.0;16.0;0.0
Data(x=[39, 1], edge_index=[2, 44], edge_attr=[44, 3], y=16.0, custom_label=0.45714286, min_label=0, max_label=35, instance_name='p06.txt');0.4571428596973419;0.2349932938814163;0.4587489366531372;4.0150612790057494e-07;16.0;p06.txt;8.0;16.0;0.0
Data(x=[39, 1], edge_index=[2, 44], edge_attr=[44, 3], y=15.0, custom_label=0.42857143, min_label=0, max_label=35, instance_name='p06.txt');0.4285714328289032;0.2349932938814163;0.4587489366531372;4.0150612790057494e-07;15.0;p06.txt;8.0;16.0;0.0
Data(x=[39, 1], edge_index=[2, 44], edge_attr=[44, 3], y=14.0, custom_label=0.4, min_label=0, max_label=35, instance_name='p06.txt');0.4000000059604645;0.2349932938814163;0.4587489366531372;4.0150612790057494e-07;14.0;p06.txt;8.0;16.0;0.0
Data(x=[39, 1], edge_index=[2, 44], edge_attr=[44, 3], y=13.0, custom_label=0.37142858, min_label=0, max_label=35, instance_name='p06.txt');0.3714285790920257;0.2349932938814163;0.4587489366531372;4.0150612790057494e-07;13.0;p06.txt;8.0;16.0;0.0
Data(x=[40, 1], edge_index=[2, 46], edge_attr=[46, 3], y=12.0, custom_label=0.34285715, min_label=0, max_label=35, instance_name='p06.txt');0.342857152223587;0.2349932938814163;0.1865624189376831;4.0150612790057494e-07;12.0;p06.txt;8.0;7.0;0.0
Data(x=[40, 1], edge_index=[2, 46], edge_attr=[46, 3], y=11.0, custom_label=0.31428573, min_label=0, max_label=35, instance_name='p06.txt');0.3142857253551483;0.2349932938814163;0.1865624189376831;4.0150612790057494e-07;11.0;p06.txt;8.0;7.0;0.0
Data(x=[40, 1], edge_index=[2, 46], edge_attr=[46, 3], y=10.0, custom_label=0.2857143, min_label=0, max_label=35, instance_name='p06.txt');0.2857142984867096;0.2349932938814163;0.1865624189376831;4.0150612790057494e-07;10.0;p06.txt;8.0;7.0;0.0
Data(x=[39, 1], edge_index=[2, 44], edge_attr=[44, 3], y=9.0, custom_label=0.25714287, min_label=0, max_label=35, instance_name='p06.txt');0.2571428716182709;0.2349932938814163;0.4587489366531372;4.0150612790057494e-07;9.0;p06.txt;8.0;16.0;0.0
Data(x=[39, 1], edge_index=[2, 44], edge_attr=[44, 3], y=8.0, custom_label=0.22857143, min_label=0, max_label=35, instance_name='p06.txt');0.2285714298486709;0.2349932938814163;0.4587489366531372;4.0150612790057494e-07;8.0;p06.txt;8.0;16.0;0.0
Data(x=[39, 1], edge_index=[2, 44], edge_attr=[44, 3], y=7.0, custom_label=0.2, min_label=0, max_label=35, instance_name='p06.txt');0.2000000029802322;0.2349932938814163;0.4587489366531372;4.0150612790057494e-07;7.0;p06.txt;8.0;16.0;0.0
Data(x=[39, 1], edge_index=[2, 44], edge_attr=[44, 3], y=6.0, custom_label=0.17142858, min_label=0, max_label=35, instance_name='p06.txt');0.1714285761117935;0.2349932938814163;0.4587489366531372;4.0150612790057494e-07;6.0;p06.txt;8.0;16.0;0.0
Data(x=[40, 1], edge_index=[2, 46], edge_attr=[46, 3], y=5.0, custom_label=0.14285715, min_label=0, max_label=35, instance_name='p06.txt');0.1428571492433548;0.2349932938814163;0.1865624189376831;4.0150612790057494e-07;5.0;p06.txt;8.0;7.0;0.0
Data(x=[40, 1], edge_index=[2, 46], edge_attr=[46, 3], y=4.0, custom_label=0.114285715, min_label=0, max_label=35, instance_name='p06.txt');0.1142857149243354;0.2349932938814163;0.1865624189376831;4.0150612790057494e-07;4.0;p06.txt;8.0;7.0;0.0
Data(x=[40, 1], edge_index=[2, 46], edge_attr=[46, 3], y=3.0, custom_label=0.08571429, min_label=0, max_label=35, instance_name='p06.txt');0.0857142880558967;0.2349932938814163;0.1865624189376831;4.0150612790057494e-07;3.0;p06.txt;8.0;7.0;0.0
Data(x=[40, 1], edge_index=[2, 46], edge_attr=[46, 3], y=2.0, custom_label=0.057142857, min_label=0, max_label=35, instance_name='p06.txt');0.0571428574621677;0.2349932938814163;0.1865624189376831;4.0150612790057494e-07;2.0;p06.txt;8.0;7.0;0.0
Data(x=[40, 1], edge_index=[2, 46], edge_attr=[46, 3], y=1.0, custom_label=0.028571429, min_label=0, max_label=35, instance_name='p06.txt');0.0285714287310838;0.2349932938814163;0.1865624189376831;4.0150612790057494e-07;1.0;p06.txt;8.0;7.0;0.0
Data(x=[41, 1], edge_index=[2, 48], edge_attr=[48, 3], y=0.0, custom_label=0.0, min_label=0, max_label=35, instance_name='p06.txt');0.0;0.2349932938814163;0.002102923579514;4.0150612790057494e-07;0.0;p06.txt;8.0;0.0;0.0
Data(x=[28, 1], edge_index=[2, 38], edge_attr=[38, 3], y=0.0, custom_label=0.0, min_label=0, max_label=35, instance_name='p06.txt');0.0;0.2349932938814163;5.079748461866984e-06;0.0;0.0;p06.txt;8.0;0.0;0.0
Data(x=[26, 1], edge_index=[2, 34], edge_attr=[34, 3], y=1.0, custom_label=0.028571429, min_label=0, max_label=35, instance_name='p06.txt');0.0285714287310838;0.2349932938814163;0.1647496819496154;0.0;1.0;p06.txt;8.0;6.0;0.0
Data(x=[27, 1], edge_index=[2, 36], edge_attr=[36, 3], y=0.0, custom_label=0.0, min_label=0, max_label=35, instance_name='p06.txt');0.0;0.2349932938814163;3.826371084869606e-06;0.0;0.0;p06.txt;8.0;0.0;0.0
Data(x=[27, 1], edge_index=[2, 36], edge_attr=[36, 3], y=0.0, custom_label=0.0, min_label=0, max_label=35, instance_name='p06.txt');0.0;0.2349932938814163;5.79265406486229e-06;0.0;0.0;p06.txt;8.0;0.0;0.0
Data(x=[29, 1], edge_index=[2, 38], edge_attr=[38, 3], y=1.0, custom_label=0.028571429, min_label=0, max_label=35, instance_name='p06.txt');0.0285714287310838;0.2349932938814163;0.1040318682789802;4.0150612790057494e-07;1.0;p06.txt;8.0;4.0;0.0
Data(x=[30, 1], edge_index=[2, 40], edge_attr=[40, 3], y=0.0, custom_label=0.0, min_label=0, max_label=35, instance_name='p06.txt');0.0;0.2349932938814163;1.6678585268437018e-07;4.0150612790057494e-07;0.0;p06.txt;8.0;0.0;0.0
Data(x=[26, 1], edge_index=[2, 36], edge_attr=[36, 3], y=0.0, custom_label=0.0, min_label=0, max_label=35, instance_name='p06.txt');0.0;0.2349932938814163;5.106108460495307e-07;0.0;0.0;p06.txt;8.0;0.0;0.0
Data(x=[24, 1], edge_index=[2, 34], edge_attr=[34, 3], y=0.0, custom_label=0.0, min_label=0, max_label=35, instance_name='p06.txt');0.0;0.2349932938814163;2.1261122640225952e-08;0.0;0.0;p06.txt;8.0;0.0;0.0
Data(x=[37, 1], edge_index=[2, 46], edge_attr=[46, 3], y=0.0, custom_label=0.0, min_label=0, max_label=35, instance_name='p06.txt');0.0;0.2349932938814163;7.655171066289768e-05;0.0;0.0;p06.txt;8.0;0.0;0.0
Data(x=[24, 1], edge_index=[2, 32], edge_attr=[32, 3], y=1.0, custom_label=0.028571429, min_label=0, max_label=35, instance_name='p06.txt');0.0285714287310838;0.2349932938814163;0.1914192885160446;0.0;1.0;p06.txt;8.0;7.0;0.0
Data(x=[25, 1], edge_index=[2, 34], edge_attr=[34, 3], y=0.0, custom_label=0.0, min_label=0, max_label=35, instance_name='p06.txt');0.0;0.2349932938814163;2.720582187976106e-06;0.0;0.0;p06.txt;8.0;0.0;0.0
Data(x=[36, 1], edge_index=[2, 46], edge_attr=[46, 3], y=0.0, custom_label=0.0, min_label=0, max_label=35, instance_name='p06.txt');0.0;0.2349932938814163;1.5038089031804702e-06;4.0150612790057494e-07;0.0;p06.txt;8.0;0.0;0.0
Data(x=[26, 1], edge_index=[2, 34], edge_attr=[34, 3], y=0.0, custom_label=0.0, min_label=0, max_label=35, instance_name='p06.txt');0.0;0.2349932938814163;6.6744041760102846e-06;0.0;0.0;p06.txt;8.0;0.0;0.0
Data(x=[29, 1], edge_index=[2, 38], edge_attr=[38, 3], y=0.0, custom_label=0.0, min_label=0, max_label=35, instance_name='p06.txt');0.0;0.2349932938814163;1.1146114047733136e-05;0.0;0.0;p06.txt;8.0;0.0;0.0
Data(x=[34, 1], edge_index=[2, 42], edge_attr=[42, 3], y=0.0, custom_label=0.0, min_label=0, max_label=35, instance_name='p06.txt');0.0;0.2349932938814163;0.0006676258635707;4.0150612790057494e-07;0.0;p06.txt;8.0;0.0;0.0
Data(x=[29, 1], edge_index=[2, 38], edge_attr=[38, 3], y=0.0, custom_label=0.0, min_label=0, max_label=35, instance_name='p06.txt');0.0;0.2349932938814163;1.1146114047733136e-05;4.0150612790057494e-07;0.0;p06.txt;8.0;0.0;0.0
Data(x=[30, 1], edge_index=[2, 40], edge_attr=[40, 3], y=0.0, custom_label=0.0, min_label=0, max_label=35, instance_name='p06.txt');0.0;0.2349932938814163;0.0001487976114731;0.0;0.0;p06.txt;8.0;0.0;0.0
Data(x=[30, 1], edge_index=[2, 40], edge_attr=[40, 3], y=0.0, custom_label=0.0, min_label=0, max_label=35, instance_name='p06.txt');0.0;0.2349932938814163;9.643605153542012e-06;0.0;0.0;p06.txt;8.0;0.0;0.0
Data(x=[34, 1], edge_index=[2, 42], edge_attr=[42, 3], y=0.0, custom_label=0.0, min_label=0, max_label=35, instance_name='p06.txt');0.0;0.2349932938814163;0.0006676262128166;0.0;0.0;p06.txt;8.0;0.0;0.0
Data(x=[34, 1], edge_index=[2, 42], edge_attr=[42, 3], y=0.0, custom_label=0.0, min_label=0, max_label=35, instance_name='p06.txt');0.0;0.2349932938814163;0.0006676255725324;0.0;0.0;p06.txt;8.0;0.0;0.0
Data(x=[25, 1], edge_index=[2, 36], edge_attr=[36, 3], y=0.0, custom_label=0.0, min_label=0, max_label=35, instance_name='p06.txt');0.0;0.2349932938814163;7.091411458048924e-09;0.0;0.0;p06.txt;8.0;0.0;0.0
Data(x=[35, 1], edge_index=[2, 44], edge_attr=[44, 3], y=0.0, custom_label=0.0, min_label=0, max_label=35, instance_name='p06.txt');0.0;0.2349932938814163;3.74476658180356e-05;0.0;0.0;p06.txt;8.0;0.0;0.0
Data(x=[25, 1], edge_index=[2, 32], edge_attr=[32, 3], y=0.0, custom_label=0.0, min_label=0, max_label=35, instance_name='p06.txt');0.0;0.2349932938814163;0.0002061245177173;4.0150612790057494e-07;0.0;p06.txt;8.0;0.0;0.0
Data(x=[29, 1], edge_index=[2, 38], edge_attr=[38, 3], y=0.0, custom_label=0.0, min_label=0, max_label=35, instance_name='p06.txt');0.0;0.2349932938814163;0.0001887801772681;0.0;0.0;p06.txt;8.0;0.0;0.0
Data(x=[30, 1], edge_index=[2, 40], edge_attr=[40, 3], y=0.0, custom_label=0.0, min_label=0, max_label=35, instance_name='p06.txt');0.0;0.2349932938814163;2.502000370441237e-06;0.0;0.0;p06.txt;8.0;0.0;0.0
Data(x=[33, 1], edge_index=[2, 44], edge_attr=[44, 3], y=0.0, custom_label=0.0, min_label=0, max_label=35, instance_name='p06.txt');0.0;0.2349932938814163;1.4650511729996651e-05;0.0;0.0;p06.txt;8.0;0.0;0.0
Data(x=[27, 1], edge_index=[2, 38], edge_attr=[38, 3], y=0.0, custom_label=0.0, min_label=0, max_label=35, instance_name='p06.txt');0.0;0.2349932938814163;2.1944347281532828e-06;0.0;0.0;p06.txt;8.0;0.0;0.0
Data(x=[31, 1], edge_index=[2, 40], edge_attr=[40, 3], y=0.0, custom_label=0.0, min_label=0, max_label=35, instance_name='p06.txt');0.0;0.2349932938814163;1.974984843400307e-05;0.0;0.0;p06.txt;8.0;0.0;0.0
Data(x=[26, 1], edge_index=[2, 34], edge_attr=[34, 3], y=0.0, custom_label=0.0, min_label=0, max_label=35, instance_name='p06.txt');0.0;0.2349932938814163;0.0001574180932948;0.0;0.0;p06.txt;8.0;0.0;0.0
Data(x=[27, 1], edge_index=[2, 36], edge_attr=[36, 3], y=0.0, custom_label=0.0, min_label=0, max_label=35, instance_name='p06.txt');0.0;0.2349932938814163;0.0001216576056322;0.0;0.0;p06.txt;8.0;0.0;0.0
Data(x=[27, 1], edge_index=[2, 36], edge_attr=[36, 3], y=0.0, custom_label=0.0, min_label=0, max_label=35, instance_name='p06.txt');0.0;0.2349932938814163;1.2500359503064828e-07;4.0150612790057494e-07;0.0;p06.txt;8.0;0.0;0.0
Data(x=[31, 1], edge_index=[2, 40], edge_attr=[40, 3], y=0.0, custom_label=0.0, min_label=0, max_label=35, instance_name='p06.txt');0.0;0.2349932938814163;1.3831012438458856e-05;4.0150612790057494e-07;0.0;p06.txt;8.0;0.0;0.0
Data(x=[26, 1], edge_index=[2, 36], edge_attr=[36, 3], y=0.0, custom_label=0.0, min_label=0, max_label=35, instance_name='p06.txt');0.0;0.2349932938814163;5.768910705228336e-05;0.0;0.0;p06.txt;8.0;0.0;0.0
Data(x=[31, 1], edge_index=[2, 40], edge_attr=[40, 3], y=0.0, custom_label=0.0, min_label=0, max_label=35, instance_name='p06.txt');0.0;0.2349932938814163;0.0002767712576314;0.0;0.0;p06.txt;8.0;0.0;0.0
Data(x=[29, 1], edge_index=[2, 36], edge_attr=[36, 3], y=0.0, custom_label=0.0, min_label=0, max_label=35, instance_name='p06.txt');0.0;0.2349932938814163;0.0004644737637136;4.0150612790057494e-07;0.0;p06.txt;8.0;0.0;0.0
Data(x=[34, 1], edge_index=[2, 42], edge_attr=[42, 3], y=0.0, custom_label=0.0, min_label=0, max_label=35, instance_name='p06.txt');0.0;0.2349932938814163;0.0006676255725324;4.0150612790057494e-07;0.0;p06.txt;8.0;0.0;0.0
Data(x=[23, 1], edge_index=[2, 32], edge_attr=[32, 3], y=0.0, custom_label=0.0, min_label=0, max_label=35, instance_name='p06.txt');0.0;0.2349932938814163;6.85947611600568e-07;0.0;0.0;p06.txt;8.0;0.0;0.0
Data(x=[31, 1], edge_index=[2, 40], edge_attr=[40, 3], y=0.0, custom_label=0.0, min_label=0, max_label=35, instance_name='p06.txt');0.0;0.2349932938814163;0.0002767712576314;0.0;0.0;p06.txt;8.0;0.0;0.0
Data(x=[28, 1], edge_index=[2, 36], edge_attr=[36, 3], y=0.0, custom_label=0.0, min_label=0, max_label=35, instance_name='p06.txt');0.0;0.2349932938814163;1.3016609045735096e-05;0.0;0.0;p06.txt;8.0;0.0;0.0
Data(x=[29, 1], edge_index=[2, 38], edge_attr=[38, 3], y=0.0, custom_label=0.0, min_label=0, max_label=35, instance_name='p06.txt');0.0;0.2349932938814163;0.0001887801772681;0.0;0.0;p06.txt;8.0;0.0;0.0
Data(x=[28, 1], edge_index=[2, 36], edge_attr=[36, 3], y=3.0, custom_label=0.08571429, min_label=0, max_label=35, instance_name='p06.txt');0.0857142880558967;0.2349932938814163;0.1399275809526443;4.0150612790057494e-07;3.0;p06.txt;8.0;5.0;0.0
Data(x=[27, 1], edge_index=[2, 34], edge_attr=[34, 3], y=2.0, custom_label=0.057142857, min_label=0, max_label=35, instance_name='p06.txt');0.0571428574621677;0.2349932938814163;0.1657979488372802;4.0150612790057494e-07;2.0;p06.txt;8.0;6.0;0.0
Data(x=[27, 1], edge_index=[2, 34], edge_attr=[34, 3], y=1.0, custom_label=0.028571429, min_label=0, max_label=35, instance_name='p06.txt');0.0285714287310838;0.2349932938814163;0.185026079416275;0.0;1.0;p06.txt;8.0;6.0;0.0
Data(x=[28, 1], edge_index=[2, 36], edge_attr=[36, 3], y=0.0, custom_label=0.0, min_label=0, max_label=35, instance_name='p06.txt');0.0;0.2349932938814163;1.301659631280927e-05;4.0150612790057494e-07;0.0;p06.txt;8.0;0.0;0.0
Data(x=[27, 1], edge_index=[2, 36], edge_attr=[36, 3], y=2.0, custom_label=0.057142857, min_label=0, max_label=35, instance_name='p06.txt');0.0571428574621677;0.2349932938814163;0.1376130282878875;0.0;2.0;p06.txt;8.0;5.0;0.0
Data(x=[26, 1], edge_index=[2, 34], edge_attr=[34, 3], y=1.0, custom_label=0.028571429, min_label=0, max_label=35, instance_name='p06.txt');0.0285714287310838;0.2349932938814163;0.18438521027565;0.0;1.0;p06.txt;8.0;6.0;0.0
Data(x=[27, 1], edge_index=[2, 36], edge_attr=[36, 3], y=0.0, custom_label=0.0, min_label=0, max_label=35, instance_name='p06.txt');0.0;0.2349932938814163;5.79265406486229e-06;0.0;0.0;p06.txt;8.0;0.0;0.0
Data(x=[35, 1], edge_index=[2, 44], edge_attr=[44, 3], y=0.0, custom_label=0.0, min_label=0, max_label=35, instance_name='p06.txt');0.0;0.2349932938814163;3.74476658180356e-05;4.0150612790057494e-07;0.0;p06.txt;8.0;0.0;0.0
Data(x=[33, 1], edge_index=[2, 42], edge_attr=[42, 3], y=0.0, custom_label=0.0, min_label=0, max_label=35, instance_name='p06.txt');0.0;0.2349932938814163;3.275311246397905e-05;0.0;0.0;p06.txt;8.0;0.0;0.0
Data(x=[28, 1], edge_index=[2, 36], edge_attr=[36, 3], y=0.0, custom_label=0.0, min_label=0, max_label=35, instance_name='p06.txt');0.0;0.2349932938814163;0.0002436039649182;0.0;0.0;p06.txt;8.0;0.0;0.0
Data(x=[32, 1], edge_index=[2, 42], edge_attr=[42, 3], y=0.0, custom_label=0.0, min_label=0, max_label=35, instance_name='p06.txt');0.0;0.2349932938814163;0.0002187921054428;0.0;0.0;p06.txt;8.0;0.0;0.0
Data(x=[31, 1], edge_index=[2, 38], edge_attr=[38, 3], y=5.0, custom_label=0.14285715, min_label=0, max_label=35, instance_name='p06.txt');0.1428571492433548;0.2349932938814163;0.5066624283790588;0.0;5.0;p06.txt;8.0;18.0;0.0
Data(x=[31, 1], edge_index=[2, 38], edge_attr=[38, 3], y=4.0, custom_label=0.114285715, min_label=0, max_label=35, instance_name='p06.txt');0.1142857149243354;0.2349932938814163;0.5066623687744141;4.0150612790057494e-07;4.0;p06.txt;8.0;18.0;0.0
Data(x=[32, 1], edge_index=[2, 40], edge_attr=[40, 3], y=3.0, custom_label=0.08571429, min_label=0, max_label=35, instance_name='p06.txt');0.0857142880558967;0.2349932938814163;0.168422445654869;4.0150612790057494e-07;3.0;p06.txt;8.0;6.0;0.0
Data(x=[32, 1], edge_index=[2, 40], edge_attr=[40, 3], y=2.0, custom_label=0.057142857, min_label=0, max_label=35, instance_name='p06.txt');0.0571428574621677;0.2349932938814163;0.1524751335382461;4.0150612790057494e-07;2.0;p06.txt;8.0;5.0;0.0
Data(x=[32, 1], edge_index=[2, 40], edge_attr=[40, 3], y=1.0, custom_label=0.028571429, min_label=0, max_label=35, instance_name='p06.txt');0.0285714287310838;0.2349932938814163;0.168422445654869;0.0;1.0;p06.txt;8.0;6.0;0.0
Data(x=[33, 1], edge_index=[2, 42], edge_attr=[42, 3], y=0.0, custom_label=0.0, min_label=0, max_label=35, instance_name='p06.txt');0.0;0.2349932938814163;3.275311246397905e-05;4.0150612790057494e-07;0.0;p06.txt;8.0;0.0;0.0
Data(x=[29, 1], edge_index=[2, 38], edge_attr=[38, 3], y=0.0, custom_label=0.0, min_label=0, max_label=35, instance_name='p06.txt');0.0;0.2349932938814163;7.587270374642685e-06;0.0;0.0;p06.txt;8.0;0.0;0.0
Data(x=[34, 1], edge_index=[2, 42], edge_attr=[42, 3], y=0.0, custom_label=0.0, min_label=0, max_label=35, instance_name='p06.txt');0.0;0.2349932938814163;4.420027471496724e-05;4.0150612790057494e-07;0.0;p06.txt;8.0;0.0;0.0
Data(x=[31, 1], edge_index=[2, 40], edge_attr=[40, 3], y=2.0, custom_label=0.057142857, min_label=0, max_label=35, instance_name='p06.txt');0.0571428574621677;0.2349932938814163;0.1672557294368744;4.0150612790057494e-07;2.0;p06.txt;8.0;6.0;0.0
Data(x=[31, 1], edge_index=[2, 40], edge_attr=[40, 3], y=1.0, custom_label=0.028571429, min_label=0, max_label=35, instance_name='p06.txt');0.0285714287310838;0.2349932938814163;0.1193735972046852;4.0150612790057494e-07;1.0;p06.txt;8.0;4.0;0.0
Data(x=[32, 1], edge_index=[2, 42], edge_attr=[42, 3], y=0.0, custom_label=0.0, min_label=0, max_label=35, instance_name='p06.txt');0.0;0.2349932938814163;9.487285979048464e-07;4.0150612790057494e-07;0.0;p06.txt;8.0;0.0;0.0
Data(x=[33, 1], edge_index=[2, 42], edge_attr=[42, 3], y=0.0, custom_label=0.0, min_label=0, max_label=35, instance_name='p06.txt');0.0;0.2349932938814163;3.275311246397905e-05;0.0;0.0;p06.txt;8.0;0.0;0.0
Data(x=[29, 1], edge_index=[2, 38], edge_attr=[38, 3], y=0.0, custom_label=0.0, min_label=0, max_label=35, instance_name='p06.txt');0.0;0.2349932938814163;0.0001887801772681;0.0;0.0;p06.txt;8.0;0.0;0.0
Data(x=[96, 1], edge_index=[2, 100], edge_attr=[100, 3], y=69.0, custom_label=1.0, min_label=0, max_label=69, instance_name='p07.txt');1.0;0.2349932938814163;0.6778932213783264;4.0150612790057494e-07;69.0;p07.txt;16.0;47.0;0.0
Data(x=[97, 1], edge_index=[2, 102], edge_attr=[102, 3], y=68.0, custom_label=0.98550725, min_label=0, max_label=69, instance_name='p07.txt');0.9855072498321532;0.2349932938814163;0.2933549880981445;4.0150612790057494e-07;68.0;p07.txt;16.0;20.0;0.0
Data(x=[96, 1], edge_index=[2, 100], edge_attr=[100, 3], y=67.0, custom_label=0.9710145, min_label=0, max_label=69, instance_name='p07.txt');0.9710144996643066;0.2349932938814163;0.6778932213783264;4.0150612790057494e-07;67.0;p07.txt;16.0;47.0;0.0
Data(x=[96, 1], edge_index=[2, 100], edge_attr=[100, 3], y=66.0, custom_label=0.95652175, min_label=0, max_label=69, instance_name='p07.txt');0.95652174949646;0.2349932938814163;0.6778932213783264;4.0150612790057494e-07;66.0;p07.txt;16.0;47.0;0.0
Data(x=[96, 1], edge_index=[2, 100], edge_attr=[100, 3], y=65.0, custom_label=0.942029, min_label=0, max_label=69, instance_name='p07.txt');0.9420289993286132;0.2349932938814163;0.6778932213783264;4.0150612790057494e-07;65.0;p07.txt;16.0;47.0;0.0
Data(x=[96, 1], edge_index=[2, 100], edge_attr=[100, 3], y=64.0, custom_label=0.92753625, min_label=0, max_label=69, instance_name='p07.txt');0.9275362491607666;0.2349932938814163;0.6778932213783264;4.0150612790057494e-07;64.0;p07.txt;16.0;47.0;0.0
Data(x=[96, 1], edge_index=[2, 100], edge_attr=[100, 3], y=63.0, custom_label=0.9130435, min_label=0, max_label=69, instance_name='p07.txt');0.91304349899292;0.2349932938814163;0.6778932213783264;4.0150612790057494e-07;63.0;p07.txt;16.0;47.0;0.0
Data(x=[96, 1], edge_index=[2, 100], edge_attr=[100, 3], y=62.0, custom_label=0.89855075, min_label=0, max_label=69, instance_name='p07.txt');0.8985507488250732;0.2349932938814163;0.6778932213783264;4.0150612790057494e-07;62.0;p07.txt;16.0;47.0;0.0
Data(x=[96, 1], edge_index=[2, 100], edge_attr=[100, 3], y=61.0, custom_label=0.884058, min_label=0, max_label=69, instance_name='p07.txt');0.8840579986572266;0.2349932938814163;0.6778932213783264;4.0150612790057494e-07;61.0;p07.txt;16.0;47.0;0.0
Data(x=[96, 1], edge_index=[2, 100], edge_attr=[100, 3], y=60.0, custom_label=0.8695652, min_label=0, max_label=69, instance_name='p07.txt');0.8695651888847351;0.2349932938814163;0.6778932213783264;4.0150612790057494e-07;60.0;p07.txt;16.0;47.0;0.0
Data(x=[96, 1], edge_index=[2, 100], edge_attr=[100, 3], y=59.0, custom_label=0.85507244, min_label=0, max_label=69, instance_name='p07.txt');0.8550724387168884;0.2349932938814163;0.6778932213783264;4.0150612790057494e-07;59.0;p07.txt;16.0;47.0;0.0
Data(x=[96, 1], edge_index=[2, 100], edge_attr=[100, 3], y=58.0, custom_label=0.8405797, min_label=0, max_label=69, instance_name='p07.txt');0.8405796885490417;0.2349932938814163;0.6778932213783264;4.0150612790057494e-07;58.0;p07.txt;16.0;47.0;0.0
Data(x=[96, 1], edge_index=[2, 100], edge_attr=[100, 3], y=57.0, custom_label=0.82608694, min_label=0, max_label=69, instance_name='p07.txt');0.8260869383811951;0.2349932938814163;0.6778932213783264;4.0150612790057494e-07;57.0;p07.txt;16.0;47.0;0.0
Data(x=[96, 1], edge_index=[2, 100], edge_attr=[100, 3], y=56.0, custom_label=0.8115942, min_label=0, max_label=69, instance_name='p07.txt');0.8115941882133484;0.2349932938814163;0.6778932213783264;4.0150612790057494e-07;56.0;p07.txt;16.0;47.0;0.0
Data(x=[96, 1], edge_index=[2, 100], edge_attr=[100, 3], y=55.0, custom_label=0.79710144, min_label=0, max_label=69, instance_name='p07.txt');0.7971014380455017;0.2349932938814163;0.6778932213783264;4.0150612790057494e-07;55.0;p07.txt;16.0;47.0;0.0
Data(x=[96, 1], edge_index=[2, 100], edge_attr=[100, 3], y=54.0, custom_label=0.7826087, min_label=0, max_label=69, instance_name='p07.txt');0.782608687877655;0.2349932938814163;0.6778932213783264;4.0150612790057494e-07;54.0;p07.txt;16.0;47.0;0.0
Data(x=[96, 1], edge_index=[2, 100], edge_attr=[100, 3], y=53.0, custom_label=0.76811594, min_label=0, max_label=69, instance_name='p07.txt');0.7681159377098083;0.2349932938814163;0.6778932213783264;4.0150612790057494e-07;53.0;p07.txt;16.0;47.0;0.0
Data(x=[96, 1], edge_index=[2, 100], edge_attr=[100, 3], y=52.0, custom_label=0.7536232, min_label=0, max_label=69, instance_name='p07.txt');0.7536231875419617;0.2349932938814163;0.6778932213783264;4.0150612790057494e-07;52.0;p07.txt;16.0;47.0;0.0
Data(x=[96, 1], edge_index=[2, 100], edge_attr=[100, 3], y=51.0, custom_label=0.73913044, min_label=0, max_label=69, instance_name='p07.txt');0.739130437374115;0.2349932938814163;0.6778932213783264;4.0150612790057494e-07;51.0;p07.txt;16.0;47.0;0.0
Data(x=[96, 1], edge_index=[2, 100], edge_attr=[100, 3], y=50.0, custom_label=0.7246377, min_label=0, max_label=69, instance_name='p07.txt');0.7246376872062683;0.2349932938814163;0.6778932213783264;4.0150612790057494e-07;50.0;p07.txt;16.0;47.0;0.0
Data(x=[96, 1], edge_index=[2, 100], edge_attr=[100, 3], y=49.0, custom_label=0.71014494, min_label=0, max_label=69, instance_name='p07.txt');0.7101449370384216;0.2349932938814163;0.6778932213783264;4.0150612790057494e-07;49.0;p07.txt;16.0;47.0;0.0
Data(x=[96, 1], edge_index=[2, 100], edge_attr=[100, 3], y=48.0, custom_label=0.6956522, min_label=0, max_label=69, instance_name='p07.txt');0.695652186870575;0.2349932938814163;0.6778932213783264;4.0150612790057494e-07;48.0;p07.txt;16.0;47.0;0.0
Data(x=[96, 1], edge_index=[2, 100], edge_attr=[100, 3], y=47.0, custom_label=0.68115944, min_label=0, max_label=69, instance_name='p07.txt');0.6811594367027283;0.2349932938814163;0.6778932213783264;4.0150612790057494e-07;47.0;p07.txt;16.0;47.0;0.0
Data(x=[96, 1], edge_index=[2, 100], edge_attr=[100, 3], y=46.0, custom_label=0.6666667, min_label=0, max_label=69, instance_name='p07.txt');0.6666666865348816;0.2349932938814163;0.6778932213783264;4.0150612790057494e-07;46.0;p07.txt;16.0;47.0;0.0
Data(x=[96, 1], edge_index=[2, 100], edge_attr=[100, 3], y=45.0, custom_label=0.65217394, min_label=0, max_label=69, instance_name='p07.txt');0.6521739363670349;0.2349932938814163;0.6778932213783264;4.0150612790057494e-07;45.0;p07.txt;16.0;47.0;0.0
Data(x=[96, 1], edge_index=[2, 100], edge_attr=[100, 3], y=44.0, custom_label=0.6376812, min_label=0, max_label=69, instance_name='p07.txt');0.6376811861991882;0.2349932938814163;0.6778932213783264;4.0150612790057494e-07;44.0;p07.txt;16.0;47.0;0.0
Data(x=[96, 1], edge_index=[2, 100], edge_attr=[100, 3], y=43.0, custom_label=0.6231884, min_label=0, max_label=69, instance_name='p07.txt');0.6231883764266968;0.2349932938814163;0.6778932213783264;4.0150612790057494e-07;43.0;p07.txt;16.0;47.0;0.0
Data(x=[97, 1], edge_index=[2, 102], edge_attr=[102, 3], y=42.0, custom_label=0.6086956, min_label=0, max_label=69, instance_name='p07.txt');0.6086956262588501;0.2349932938814163;0.2933549880981445;4.0150612790057494e-07;42.0;p07.txt;16.0;20.0;0.0
Data(x=[97, 1], edge_index=[2, 102], edge_attr=[102, 3], y=41.0, custom_label=0.5942029, min_label=0, max_label=69, instance_name='p07.txt');0.5942028760910034;0.2349932938814163;0.2933549880981445;4.0150612790057494e-07;41.0;p07.txt;16.0;20.0;0.0
Data(x=[97, 1], edge_index=[2, 102], edge_attr=[102, 3], y=40.0, custom_label=0.5797101, min_label=0, max_label=69, instance_name='p07.txt');0.5797101259231567;0.2349932938814163;0.2933549880981445;4.0150612790057494e-07;40.0;p07.txt;16.0;20.0;0.0
Data(x=[97, 1], edge_index=[2, 102], edge_attr=[102, 3], y=39.0, custom_label=0.5652174, min_label=0, max_label=69, instance_name='p07.txt');0.5652173757553101;0.2349932938814163;0.2933549880981445;4.0150612790057494e-07;39.0;p07.txt;16.0;20.0;0.0
Data(x=[97, 1], edge_index=[2, 102], edge_attr=[102, 3], y=38.0, custom_label=0.5507246, min_label=0, max_label=69, instance_name='p07.txt');0.5507246255874634;0.2349932938814163;0.2933549880981445;4.0150612790057494e-07;38.0;p07.txt;16.0;20.0;0.0
Data(x=[97, 1], edge_index=[2, 102], edge_attr=[102, 3], y=37.0, custom_label=0.5362319, min_label=0, max_label=69, instance_name='p07.txt');0.5362318754196167;0.2349932938814163;0.2933549880981445;4.0150612790057494e-07;37.0;p07.txt;16.0;20.0;0.0
Data(x=[97, 1], edge_index=[2, 102], edge_attr=[102, 3], y=36.0, custom_label=0.5217391, min_label=0, max_label=69, instance_name='p07.txt');0.52173912525177;0.2349932938814163;0.2933549880981445;4.0150612790057494e-07;36.0;p07.txt;16.0;20.0;0.0
Data(x=[97, 1], edge_index=[2, 102], edge_attr=[102, 3], y=35.0, custom_label=0.5072464, min_label=0, max_label=69, instance_name='p07.txt');0.5072463750839233;0.2349932938814163;0.2933549880981445;4.0150612790057494e-07;35.0;p07.txt;16.0;20.0;0.0
Data(x=[97, 1], edge_index=[2, 102], edge_attr=[102, 3], y=34.0, custom_label=0.49275362, min_label=0, max_label=69, instance_name='p07.txt');0.4927536249160766;0.2349932938814163;0.2933549880981445;4.0150612790057494e-07;34.0;p07.txt;16.0;20.0;0.0
Data(x=[97, 1], edge_index=[2, 102], edge_attr=[102, 3], y=33.0, custom_label=0.47826087, min_label=0, max_label=69, instance_name='p07.txt');0.47826087474823;0.2349932938814163;0.2933549880981445;4.0150612790057494e-07;33.0;p07.txt;16.0;20.0;0.0
Data(x=[97, 1], edge_index=[2, 102], edge_attr=[102, 3], y=32.0, custom_label=0.46376812, min_label=0, max_label=69, instance_name='p07.txt');0.4637681245803833;0.2349932938814163;0.2933549880981445;4.0150612790057494e-07;32.0;p07.txt;16.0;20.0;0.0
Data(x=[97, 1], edge_index=[2, 102], edge_attr=[102, 3], y=31.0, custom_label=0.44927537, min_label=0, max_label=69, instance_name='p07.txt');0.4492753744125366;0.2349932938814163;0.2933549880981445;4.0150612790057494e-07;31.0;p07.txt;16.0;20.0;0.0
Data(x=[97, 1], edge_index=[2, 102], edge_attr=[102, 3], y=30.0, custom_label=0.4347826, min_label=0, max_label=69, instance_name='p07.txt');0.4347825944423675;0.2349932938814163;0.2933549880981445;4.0150612790057494e-07;30.0;p07.txt;16.0;20.0;0.0
Data(x=[97, 1], edge_index=[2, 102], edge_attr=[102, 3], y=29.0, custom_label=0.42028984, min_label=0, max_label=69, instance_name='p07.txt');0.4202898442745209;0.2349932938814163;0.2933549880981445;4.0150612790057494e-07;29.0;p07.txt;16.0;20.0;0.0
Data(x=[97, 1], edge_index=[2, 102], edge_attr=[102, 3], y=28.0, custom_label=0.4057971, min_label=0, max_label=69, instance_name='p07.txt');0.4057970941066742;0.2349932938814163;0.2933549880981445;4.0150612790057494e-07;28.0;p07.txt;16.0;20.0;0.0
Data(x=[97, 1], edge_index=[2, 102], edge_attr=[102, 3], y=27.0, custom_label=0.39130434, min_label=0, max_label=69, instance_name='p07.txt');0.3913043439388275;0.2349932938814163;0.2933549880981445;4.0150612790057494e-07;27.0;p07.txt;16.0;20.0;0.0
Data(x=[97, 1], edge_index=[2, 102], edge_attr=[102, 3], y=26.0, custom_label=0.3768116, min_label=0, max_label=69, instance_name='p07.txt');0.3768115937709808;0.2349932938814163;0.2933549880981445;4.0150612790057494e-07;26.0;p07.txt;16.0;20.0;0.0
Data(x=[97, 1], edge_index=[2, 102], edge_attr=[102, 3], y=25.0, custom_label=0.36231884, min_label=0, max_label=69, instance_name='p07.txt');0.3623188436031341;0.2349932938814163;0.2933549880981445;4.0150612790057494e-07;25.0;p07.txt;16.0;20.0;0.0
Data(x=[97, 1], edge_index=[2, 102], edge_attr=[102, 3], y=24.0, custom_label=0.3478261, min_label=0, max_label=69, instance_name='p07.txt');0.3478260934352875;0.2349932938814163;0.2933549880981445;4.0150612790057494e-07;24.0;p07.txt;16.0;20.0;0.0
Data(x=[97, 1], edge_index=[2, 102], edge_attr=[102, 3], y=23.0, custom_label=0.33333334, min_label=0, max_label=69, instance_name='p07.txt');0.3333333432674408;0.2349932938814163;0.2933549880981445;4.0150612790057494e-07;23.0;p07.txt;16.0;20.0;0.0
Data(x=[97, 1], edge_index=[2, 102], edge_attr=[102, 3], y=22.0, custom_label=0.3188406, min_label=0, max_label=69, instance_name='p07.txt');0.3188405930995941;0.2349932938814163;0.2933549880981445;4.0150612790057494e-07;22.0;p07.txt;16.0;20.0;0.0
Data(x=[97, 1], edge_index=[2, 102], edge_attr=[102, 3], y=21.0, custom_label=0.3043478, min_label=0, max_label=69, instance_name='p07.txt');0.304347813129425;0.2349932938814163;0.2933549880981445;4.0150612790057494e-07;21.0;p07.txt;16.0;20.0;0.0
Data(x=[97, 1], edge_index=[2, 102], edge_attr=[102, 3], y=20.0, custom_label=0.28985506, min_label=0, max_label=69, instance_name='p07.txt');0.2898550629615783;0.2349932938814163;0.2933549880981445;4.0150612790057494e-07;20.0;p07.txt;16.0;20.0;0.0
Data(x=[97, 1], edge_index=[2, 102], edge_attr=[102, 3], y=19.0, custom_label=0.2753623, min_label=0, max_label=69, instance_name='p07.txt');0.2753623127937317;0.2349932938814163;0.2933549880981445;4.0150612790057494e-07;19.0;p07.txt;16.0;20.0;0.0
Data(x=[97, 1], edge_index=[2, 102], edge_attr=[102, 3], y=18.0, custom_label=0.26086956, min_label=0, max_label=69, instance_name='p07.txt');0.260869562625885;0.2349932938814163;0.2933549880981445;4.0150612790057494e-07;18.0;p07.txt;16.0;20.0;0.0
Data(x=[97, 1], edge_index=[2, 102], edge_attr=[102, 3], y=17.0, custom_label=0.24637681, min_label=0, max_label=69, instance_name='p07.txt');0.2463768124580383;0.2349932938814163;0.2933549880981445;4.0150612790057494e-07;17.0;p07.txt;16.0;20.0;0.0
Data(x=[97, 1], edge_index=[2, 102], edge_attr=[102, 3], y=16.0, custom_label=0.23188406, min_label=0, max_label=69, instance_name='p07.txt');0.2318840622901916;0.2349932938814163;0.2933549880981445;4.0150612790057494e-07;16.0;p07.txt;16.0;20.0;0.0
Data(x=[97, 1], edge_index=[2, 102], edge_attr=[102, 3], y=15.0, custom_label=0.2173913, min_label=0, max_label=69, instance_name='p07.txt');0.2173912972211837;0.2349932938814163;0.2933549880981445;4.0150612790057494e-07;15.0;p07.txt;16.0;20.0;0.0
Data(x=[97, 1], edge_index=[2, 102], edge_attr=[102, 3], y=14.0, custom_label=0.20289855, min_label=0, max_label=69, instance_name='p07.txt');0.2028985470533371;0.2349932938814163;0.2933549880981445;4.0150612790057494e-07;14.0;p07.txt;16.0;20.0;0.0
Data(x=[96, 1], edge_index=[2, 100], edge_attr=[100, 3], y=13.0, custom_label=0.1884058, min_label=0, max_label=69, instance_name='p07.txt');0.1884057968854904;0.2349932938814163;0.6778932213783264;4.0150612790057494e-07;13.0;p07.txt;16.0;47.0;0.0
Data(x=[97, 1], edge_index=[2, 102], edge_attr=[102, 3], y=12.0, custom_label=0.17391305, min_label=0, max_label=69, instance_name='p07.txt');0.1739130467176437;0.2349932938814163;0.2933549880981445;4.0150612790057494e-07;12.0;p07.txt;16.0;20.0;0.0
Data(x=[97, 1], edge_index=[2, 102], edge_attr=[102, 3], y=11.0, custom_label=0.1594203, min_label=0, max_label=69, instance_name='p07.txt');0.159420296549797;0.2349932938814163;0.2933549880981445;4.0150612790057494e-07;11.0;p07.txt;16.0;20.0;0.0
Data(x=[97, 1], edge_index=[2, 102], edge_attr=[102, 3], y=10.0, custom_label=0.14492753, min_label=0, max_label=69, instance_name='p07.txt');0.1449275314807891;0.2349932938814163;0.2933549880981445;4.0150612790057494e-07;10.0;p07.txt;16.0;20.0;0.0
Data(x=[97, 1], edge_index=[2, 102], edge_attr=[102, 3], y=9.0, custom_label=0.13043478, min_label=0, max_label=69, instance_name='p07.txt');0.1304347813129425;0.2349932938814163;0.2933549880981445;4.0150612790057494e-07;9.0;p07.txt;16.0;20.0;0.0
Data(x=[98, 1], edge_index=[2, 104], edge_attr=[104, 3], y=8.0, custom_label=0.11594203, min_label=0, max_label=69, instance_name='p07.txt');0.1159420311450958;0.2349932938814163;0.1780399084091186;4.0150612790057494e-07;8.0;p07.txt;16.0;12.0;0.0
Data(x=[98, 1], edge_index=[2, 104], edge_attr=[104, 3], y=7.0, custom_label=0.10144927, min_label=0, max_label=69, instance_name='p07.txt');0.1014492735266685;0.2349932938814163;0.1780399084091186;4.0150612790057494e-07;7.0;p07.txt;16.0;12.0;0.0
Data(x=[98, 1], edge_index=[2, 104], edge_attr=[104, 3], y=6.0, custom_label=0.08695652, min_label=0, max_label=69, instance_name='p07.txt');0.0869565233588218;0.2349932938814163;0.1780399084091186;4.0150612790057494e-07;6.0;p07.txt;16.0;12.0;0.0
Data(x=[98, 1], edge_index=[2, 104], edge_attr=[104, 3], y=5.0, custom_label=0.072463766, min_label=0, max_label=69, instance_name='p07.txt');0.0724637657403945;0.2349932938814163;0.1780399084091186;4.0150612790057494e-07;5.0;p07.txt;16.0;12.0;0.0
Data(x=[98, 1], edge_index=[2, 104], edge_attr=[104, 3], y=4.0, custom_label=0.057971016, min_label=0, max_label=69, instance_name='p07.txt');0.0579710155725479;0.2349932938814163;0.1780399084091186;4.0150612790057494e-07;4.0;p07.txt;16.0;12.0;0.0
Data(x=[98, 1], edge_index=[2, 104], edge_attr=[104, 3], y=3.0, custom_label=0.04347826, min_label=0, max_label=69, instance_name='p07.txt');0.0434782616794109;0.2349932938814163;0.1780399084091186;4.0150612790057494e-07;3.0;p07.txt;16.0;12.0;0.0
Data(x=[98, 1], edge_index=[2, 104], edge_attr=[104, 3], y=2.0, custom_label=0.028985508, min_label=0, max_label=69, instance_name='p07.txt');0.0289855077862739;0.2349932938814163;0.1780399084091186;4.0150612790057494e-07;2.0;p07.txt;16.0;12.0;0.0
Data(x=[98, 1], edge_index=[2, 104], edge_attr=[104, 3], y=1.0, custom_label=0.014492754, min_label=0, max_label=69, instance_name='p07.txt');0.0144927538931369;0.2349932938814163;0.1780399084091186;4.0150612790057494e-07;1.0;p07.txt;16.0;12.0;0.0
Data(x=[99, 1], edge_index=[2, 106], edge_attr=[106, 3], y=0.0, custom_label=0.0, min_label=0, max_label=69, instance_name='p07.txt');0.0;0.2349932938814163;0.0227128025144338;4.0150612790057494e-07;0.0;p07.txt;16.0;2.0;0.0
Data(x=[57, 1], edge_index=[2, 66], edge_attr=[66, 3], y=0.0, custom_label=0.0, min_label=0, max_label=69, instance_name='p07.txt');0.0;0.2349932938814163;0.0009404522133991;4.0150612790057494e-07;0.0;p07.txt;16.0;0.0;0.0
Data(x=[67, 1], edge_index=[2, 76], edge_attr=[76, 3], y=0.0, custom_label=0.0, min_label=0, max_label=69, instance_name='p07.txt');0.0;0.2349932938814163;0.0019423612393438;4.0150612790057494e-07;0.0;p07.txt;16.0;0.0;0.0
Data(x=[68, 1], edge_index=[2, 76], edge_attr=[76, 3], y=0.0, custom_label=0.0, min_label=0, max_label=69, instance_name='p07.txt');0.0;0.2349932938814163;0.0081212660297751;4.0150612790057494e-07;0.0;p07.txt;16.0;1.0;0.0
Data(x=[60, 1], edge_index=[2, 70], edge_attr=[70, 3], y=0.0, custom_label=0.0, min_label=0, max_label=69, instance_name='p07.txt');0.0;0.2349932938814163;0.0009461074369028;0.0;0.0;p07.txt;16.0;0.0;0.0
Data(x=[65, 1], edge_index=[2, 74], edge_attr=[74, 3], y=0.0, custom_label=0.0, min_label=0, max_label=69, instance_name='p07.txt');0.0;0.2349932938814163;0.0057546044699847;4.0150612790057494e-07;0.0;p07.txt;16.0;0.0;0.0
Data(x=[63, 1], edge_index=[2, 72], edge_attr=[72, 3], y=0.0, custom_label=0.0, min_label=0, max_label=69, instance_name='p07.txt');0.0;0.2349932938814163;0.0014887020224705;0.0;0.0;p07.txt;16.0;0.0;0.0
Data(x=[63, 1], edge_index=[2, 72], edge_attr=[72, 3], y=0.0, custom_label=0.0, min_label=0, max_label=69, instance_name='p07.txt');0.0;0.2349932938814163;0.0052373656071722;4.0150612790057494e-07;0.0;p07.txt;16.0;0.0;0.0
Data(x=[68, 1], edge_index=[2, 78], edge_attr=[78, 3], y=0.0, custom_label=0.0, min_label=0, max_label=69, instance_name='p07.txt');0.0;0.2349932938814163;0.0016730640782043;4.0150612790057494e-07;0.0;p07.txt;16.0;0.0;0.0
Data(x=[62, 1], edge_index=[2, 70], edge_attr=[70, 3], y=0.0, custom_label=0.0, min_label=0, max_label=69, instance_name='p07.txt');0.0;0.2349932938814163;0.0062403483316302;4.0150612790057494e-07;0.0;p07.txt;16.0;0.0;0.0
Data(x=[60, 1], edge_index=[2, 68], edge_attr=[68, 3], y=0.0, custom_label=0.0, min_label=0, max_label=69, instance_name='p07.txt');0.0;0.2349932938814163;0.0015130406245589;4.0150612790057494e-07;0.0;p07.txt;16.0;0.0;0.0
Data(x=[63, 1], edge_index=[2, 74], edge_attr=[74, 3], y=0.0, custom_label=0.0, min_label=0, max_label=69, instance_name='p07.txt');0.0;0.2349932938814163;0.0009512532851658;4.0150612790057494e-07;0.0;p07.txt;16.0;0.0;0.0
Data(x=[56, 1], edge_index=[2, 66], edge_attr=[66, 3], y=0.0, custom_label=0.0, min_label=0, max_label=69, instance_name='p07.txt');0.0;0.2349932938814163;0.0006728146690875;4.0150612790057494e-07;0.0;p07.txt;16.0;0.0;0.0
Data(x=[45, 1], edge_index=[2, 54], edge_attr=[54, 3], y=0.0, custom_label=0.0, min_label=0, max_label=69, instance_name='p07.txt');0.0;0.2349932938814163;0.0016160927480086;4.0150612790057494e-07;0.0;p07.txt;16.0;0.0;0.0
Data(x=[60, 1], edge_index=[2, 70], edge_attr=[70, 3], y=0.0, custom_label=0.0, min_label=0, max_label=69, instance_name='p07.txt');0.0;0.2349932938814163;0.0009461074369028;4.0150612790057494e-07;0.0;p07.txt;16.0;0.0;0.0
Data(x=[52, 1], edge_index=[2, 60], edge_attr=[60, 3], y=0.0, custom_label=0.0, min_label=0, max_label=69, instance_name='p07.txt');0.0;0.2349932938814163;0.0036030602641403;4.0150612790057494e-07;0.0;p07.txt;16.0;0.0;0.0
Data(x=[58, 1], edge_index=[2, 66], edge_attr=[66, 3], y=0.0, custom_label=0.0, min_label=0, max_label=69, instance_name='p07.txt');0.0;0.2349932938814163;0.0051203998737037;4.0150612790057494e-07;0.0;p07.txt;16.0;0.0;0.0
Data(x=[44, 1], edge_index=[2, 52], edge_attr=[52, 3], y=0.0, custom_label=0.0, min_label=0, max_label=69, instance_name='p07.txt');0.0;0.2349932938814163;0.0020005970727652;4.0150612790057494e-07;0.0;p07.txt;16.0;0.0;0.0
Data(x=[57, 1], edge_index=[2, 68], edge_attr=[68, 3], y=0.0, custom_label=0.0, min_label=0, max_label=69, instance_name='p07.txt');0.0;0.2349932938814163;0.0005759185878559;4.0150612790057494e-07;0.0;p07.txt;16.0;0.0;0.0
Data(x=[53, 1], edge_index=[2, 62], edge_attr=[62, 3], y=0.0, custom_label=0.0, min_label=0, max_label=69, instance_name='p07.txt');0.0;0.2349932938814163;0.0005375732434913;0.0;0.0;p07.txt;16.0;0.0;0.0
Data(x=[59, 1], edge_index=[2, 68], edge_attr=[68, 3], y=0.0, custom_label=0.0, min_label=0, max_label=69, instance_name='p07.txt');0.0;0.2349932938814163;0.0042601116001605;4.0150612790057494e-07;0.0;p07.txt;16.0;0.0;0.0
Data(x=[53, 1], edge_index=[2, 62], edge_attr=[62, 3], y=0.0, custom_label=0.0, min_label=0, max_label=69, instance_name='p07.txt');0.0;0.2349932938814163;0.0006557125598192;0.0;0.0;p07.txt;16.0;0.0;0.0
Data(x=[60, 1], edge_index=[2, 68], edge_attr=[68, 3], y=0.0, custom_label=0.0, min_label=0, max_label=69, instance_name='p07.txt');0.0;0.2349932938814163;0.0012741448590531;4.0150612790057494e-07;0.0;p07.txt;16.0;0.0;0.0
Data(x=[63, 1], edge_index=[2, 72], edge_attr=[72, 3], y=0.0, custom_label=0.0, min_label=0, max_label=69, instance_name='p07.txt');0.0;0.2349932938814163;0.0052373628132045;4.0150612790057494e-07;0.0;p07.txt;16.0;0.0;0.0
Data(x=[53, 1], edge_index=[2, 62], edge_attr=[62, 3], y=0.0, custom_label=0.0, min_label=0, max_label=69, instance_name='p07.txt');0.0;0.2349932938814163;0.0029687844216823;4.0150612790057494e-07;0.0;p07.txt;16.0;0.0;0.0
Data(x=[53, 1], edge_index=[2, 62], edge_attr=[62, 3], y=0.0, custom_label=0.0, min_label=0, max_label=69, instance_name='p07.txt');0.0;0.2349932938814163;0.0029687844216823;4.0150612790057494e-07;0.0;p07.txt;16.0;0.0;0.0
Data(x=[70, 1], edge_index=[2, 80], edge_attr=[80, 3], y=0.0, custom_label=0.0, min_label=0, max_label=69, instance_name='p07.txt');0.0;0.2349932938814163;0.0003469075018074;4.0150612790057494e-07;0.0;p07.txt;16.0;0.0;0.0
Data(x=[57, 1], edge_index=[2, 66], edge_attr=[66, 3], y=0.0, custom_label=0.0, min_label=0, max_label=69, instance_name='p07.txt');0.0;0.2349932938814163;0.000940452737268;4.0150612790057494e-07;0.0;p07.txt;16.0;0.0;0.0
Data(x=[60, 1], edge_index=[2, 68], edge_attr=[68, 3], y=0.0, custom_label=0.0, min_label=0, max_label=69, instance_name='p07.txt');0.0;0.2349932938814163;0.005671523977071;4.0150612790057494e-07;0.0;p07.txt;16.0;0.0;0.0
Data(x=[52, 1], edge_index=[2, 60], edge_attr=[60, 3], y=0.0, custom_label=0.0, min_label=0, max_label=69, instance_name='p07.txt');0.0;0.2349932938814163;0.0036030602641403;4.0150612790057494e-07;0.0;p07.txt;16.0;0.0;0.0
Data(x=[64, 1], edge_index=[2, 74], edge_attr=[74, 3], y=0.0, custom_label=0.0, min_label=0, max_label=69, instance_name='p07.txt');0.0;0.2349932938814163;0.0012766818981617;4.0150612790057494e-07;0.0;p07.txt;16.0;0.0;0.0
Data(x=[47, 1], edge_index=[2, 58], edge_attr=[58, 3], y=0.0, custom_label=0.0, min_label=0, max_label=10, instance_name='p08.txt');0.0;0.2349932938814163;5.965508898952976e-05;4.0150612790057494e-07;0.0;p08.txt;2.0;0.0;0.0
Data(x=[34, 1], edge_index=[2, 46], edge_attr=[46, 3], y=0.0, custom_label=0.0, min_label=0, max_label=10, instance_name='p08.txt');0.0;0.2349932938814163;1.5304118861081406e-08;0.0;0.0;p08.txt;2.0;0.0;0.0
Data(x=[47, 1], edge_index=[2, 58], edge_attr=[58, 3], y=0.0, custom_label=0.0, min_label=0, max_label=10, instance_name='p08.txt');0.0;0.2349932938814163;4.524673386185896e-06;4.0150612790057494e-07;0.0;p08.txt;2.0;0.0;0.0
Data(x=[50, 1], edge_index=[2, 60], edge_attr=[60, 3], y=0.0, custom_label=0.0, min_label=0, max_label=10, instance_name='p08.txt');0.0;0.2349932938814163;0.0001205553489853;4.0150612790057494e-07;0.0;p08.txt;2.0;0.0;0.0
Data(x=[45, 1], edge_index=[2, 56], edge_attr=[56, 3], y=10.0, custom_label=1.0, min_label=0, max_label=10, instance_name='p08.txt');1.0;0.2349932938814163;0.2194855511188507;4.0150612790057494e-07;10.0;p08.txt;2.0;2.0;0.0
Data(x=[44, 1], edge_index=[2, 54], edge_attr=[54, 3], y=9.0, custom_label=0.9, min_label=0, max_label=10, instance_name='p08.txt');0.8999999761581421;0.2349932938814163;0.2399746626615524;4.0150612790057494e-07;9.0;p08.txt;2.0;2.0;0.0
Data(x=[44, 1], edge_index=[2, 54], edge_attr=[54, 3], y=8.0, custom_label=0.8, min_label=0, max_label=10, instance_name='p08.txt');0.800000011920929;0.2349932938814163;0.2544774413108825;4.0150612790057494e-07;8.0;p08.txt;2.0;3.0;0.0
Data(x=[44, 1], edge_index=[2, 54], edge_attr=[54, 3], y=7.0, custom_label=0.7, min_label=0, max_label=10, instance_name='p08.txt');0.699999988079071;0.2349932938814163;0.2114687860012054;4.0150612790057494e-07;7.0;p08.txt;2.0;2.0;0.0
Data(x=[44, 1], edge_index=[2, 54], edge_attr=[54, 3], y=6.0, custom_label=0.6, min_label=0, max_label=10, instance_name='p08.txt');0.6000000238418579;0.2349932938814163;0.2399746030569076;4.0150612790057494e-07;6.0;p08.txt;2.0;2.0;0.0
Data(x=[44, 1], edge_index=[2, 54], edge_attr=[54, 3], y=5.0, custom_label=0.5, min_label=0, max_label=10, instance_name='p08.txt');0.5;0.2349932938814163;0.2544774413108825;4.0150612790057494e-07;5.0;p08.txt;2.0;3.0;0.0
Data(x=[44, 1], edge_index=[2, 54], edge_attr=[54, 3], y=4.0, custom_label=0.4, min_label=0, max_label=10, instance_name='p08.txt');0.4000000059604645;0.2349932938814163;0.2114687860012054;4.0150612790057494e-07;4.0;p08.txt;2.0;2.0;0.0
Data(x=[43, 1], edge_index=[2, 52], edge_attr=[52, 3], y=3.0, custom_label=0.3, min_label=0, max_label=10, instance_name='p08.txt');0.3000000119209289;0.2349932938814163;0.2464579045772552;4.0150612790057494e-07;3.0;p08.txt;2.0;2.0;0.0
Data(x=[44, 1], edge_index=[2, 54], edge_attr=[54, 3], y=2.0, custom_label=0.2, min_label=0, max_label=10, instance_name='p08.txt');0.2000000029802322;0.2349932938814163;0.0635972768068313;4.0150612790057494e-07;2.0;p08.txt;2.0;1.0;0.0
Data(x=[44, 1], edge_index=[2, 54], edge_attr=[54, 3], y=1.0, custom_label=0.1, min_label=0, max_label=10, instance_name='p08.txt');0.1000000014901161;0.2349932938814163;0.0635972768068313;4.0150612790057494e-07;1.0;p08.txt;2.0;1.0;0.0
Data(x=[45, 1], edge_index=[2, 56], edge_attr=[56, 3], y=0.0, custom_label=0.0, min_label=0, max_label=10, instance_name='p08.txt');0.0;0.2349932938814163;4.321576125221327e-05;4.0150612790057494e-07;0.0;p08.txt;2.0;0.0;0.0
Data(x=[43, 1], edge_index=[2, 56], edge_attr=[56, 3], y=0.0, custom_label=0.0, min_label=0, max_label=10, instance_name='p08.txt');0.0;0.2349932938814163;2.474500206517405e-06;0.0;0.0;p08.txt;2.0;0.0;0.0
Data(x=[42, 1], edge_index=[2, 54], edge_attr=[54, 3], y=0.0, custom_label=0.0, min_label=0, max_label=10, instance_name='p08.txt');0.0;0.2349932938814163;1.836349292716477e-05;0.0;0.0;p08.txt;2.0;0.0;0.0
Data(x=[50, 1], edge_index=[2, 62], edge_attr=[62, 3], y=0.0, custom_label=0.0, min_label=0, max_label=10, instance_name='p08.txt');0.0;0.2349932938814163;7.062505756039172e-05;0.0;0.0;p08.txt;2.0;0.0;0.0
Data(x=[46, 1], edge_index=[2, 58], edge_attr=[58, 3], y=0.0, custom_label=0.0, min_label=0, max_label=10, instance_name='p08.txt');0.0;0.2349932938814163;4.714040926501184e-07;0.0;0.0;p08.txt;2.0;0.0;0.0
Data(x=[51, 1], edge_index=[2, 64], edge_attr=[64, 3], y=0.0, custom_label=0.0, min_label=0, max_label=10, instance_name='p08.txt');0.0;0.2349932938814163;1.2761597645294389e-05;0.0;0.0;p08.txt;2.0;0.0;0.0
Data(x=[52, 1], edge_index=[2, 64], edge_attr=[64, 3], y=0.0, custom_label=0.0, min_label=0, max_label=10, instance_name='p08.txt');0.0;0.2349932938814163;1.962886926776264e-05;4.0150612790057494e-07;0.0;p08.txt;2.0;0.0;0.0
Data(x=[47, 1], edge_index=[2, 60], edge_attr=[60, 3], y=0.0, custom_label=0.0, min_label=0, max_label=10, instance_name='p08.txt');0.0;0.2349932938814163;4.582043686696125e-07;0.0;0.0;p08.txt;2.0;0.0;0.0
Data(x=[48, 1], edge_index=[2, 60], edge_attr=[60, 3], y=0.0, custom_label=0.0, min_label=0, max_label=10, instance_name='p08.txt');0.0;0.2349932938814163;9.70937526290072e-06;4.0150612790057494e-07;0.0;p08.txt;2.0;0.0;0.0
Data(x=[49, 1], edge_index=[2, 60], edge_attr=[60, 3], y=0.0, custom_label=0.0, min_label=0, max_label=10, instance_name='p08.txt');0.0;0.2349932938814163;8.020852692425251e-05;0.0;0.0;p08.txt;2.0;0.0;0.0
Data(x=[60, 1], edge_index=[2, 70], edge_attr=[70, 3], y=2.0, custom_label=0.2, min_label=0, max_label=10, instance_name='p08.txt');0.2000000029802322;0.2349932938814163;0.1014675199985504;4.0150612790057494e-07;2.0;p08.txt;2.0;1.0;0.0
Data(x=[60, 1], edge_index=[2, 70], edge_attr=[70, 3], y=1.0, custom_label=0.1, min_label=0, max_label=10, instance_name='p08.txt');0.1000000014901161;0.2349932938814163;0.1014675199985504;4.0150612790057494e-07;1.0;p08.txt;2.0;1.0;0.0
Data(x=[61, 1], edge_index=[2, 72], edge_attr=[72, 3], y=0.0, custom_label=0.0, min_label=0, max_label=10, instance_name='p08.txt');0.0;0.2349932938814163;0.0003198109625373;4.0150612790057494e-07;0.0;p08.txt;2.0;0.0;0.0
Data(x=[45, 1], edge_index=[2, 58], edge_attr=[58, 3], y=0.0, custom_label=0.0, min_label=0, max_label=10, instance_name='p08.txt');0.0;0.2349932938814163;3.934857431886485e-06;0.0;0.0;p08.txt;2.0;0.0;0.0
Data(x=[46, 1], edge_index=[2, 58], edge_attr=[58, 3], y=0.0, custom_label=0.0, min_label=0, max_label=10, instance_name='p08.txt');0.0;0.2349932938814163;4.714040926501184e-07;4.0150612790057494e-07;0.0;p08.txt;2.0;0.0;0.0
Data(x=[46, 1], edge_index=[2, 58], edge_attr=[58, 3], y=0.0, custom_label=0.0, min_label=0, max_label=10, instance_name='p08.txt');0.0;0.2349932938814163;5.1516985877242405e-06;0.0;0.0;p08.txt;2.0;0.0;0.0
Data(x=[39, 1], edge_index=[2, 52], edge_attr=[52, 3], y=0.0, custom_label=0.0, min_label=0, max_label=10, instance_name='p08.txt');0.0;0.2349932938814163;8.484404361297493e-07;0.0;0.0;p08.txt;2.0;0.0;0.0
Data(x=[47, 1], edge_index=[2, 58], edge_attr=[58, 3], y=0.0, custom_label=0.0, min_label=0, max_label=10, instance_name='p08.txt');0.0;0.2349932938814163;1.5240274251482333e-06;4.0150612790057494e-07;0.0;p08.txt;2.0;0.0;0.0
Data(x=[47, 1], edge_index=[2, 58], edge_attr=[58, 3], y=0.0, custom_label=0.0, min_label=0, max_label=10, instance_name='p08.txt');0.0;0.2349932938814163;8.445965249848086e-06;4.0150612790057494e-07;0.0;p08.txt;2.0;0.0;0.0
Data(x=[38, 1], edge_index=[2, 50], edge_attr=[50, 3], y=0.0, custom_label=0.0, min_label=0, max_label=10, instance_name='p08.txt');0.0;0.2349932938814163;3.623474142955274e-08;4.0150612790057494e-07;0.0;p08.txt;2.0;0.0;0.0
Data(x=[52, 1], edge_index=[2, 64], edge_attr=[64, 3], y=0.0, custom_label=0.0, min_label=0, max_label=10, instance_name='p08.txt');0.0;0.2349932938814163;9.277512435801329e-05;4.0150612790057494e-07;0.0;p08.txt;2.0;0.0;0.0
Data(x=[39, 1], edge_index=[2, 50], edge_attr=[50, 3], y=0.0, custom_label=0.0, min_label=0, max_label=10, instance_name='p08.txt');0.0;0.2349932938814163;1.3542018677981105e-05;0.0;0.0;p08.txt;2.0;0.0;0.0
Data(x=[48, 1], edge_index=[2, 60], edge_attr=[60, 3], y=0.0, custom_label=0.0, min_label=0, max_label=10, instance_name='p08.txt');0.0;0.2349932938814163;7.73710689827567e-06;4.0150612790057494e-07;0.0;p08.txt;2.0;0.0;0.0
Data(x=[43, 1], edge_index=[2, 56], edge_attr=[56, 3], y=0.0, custom_label=0.0, min_label=0, max_label=10, instance_name='p08.txt');0.0;0.2349932938814163;2.9096315756760305e-07;0.0;0.0;p08.txt;2.0;0.0;0.0
Data(x=[60, 1], edge_index=[2, 72], edge_attr=[72, 3], y=0.0, custom_label=0.0, min_label=0, max_label=10, instance_name='p08.txt');0.0;0.2349932938814163;2.9076616101519903e-06;4.0150612790057494e-07;0.0;p08.txt;2.0;0.0;0.0
Data(x=[49, 1], edge_index=[2, 60], edge_attr=[60, 3], y=0.0, custom_label=0.0, min_label=0, max_label=10, instance_name='p08.txt');0.0;0.2349932938814163;8.020852692425251e-05;0.0;0.0;p08.txt;2.0;0.0;0.0
Data(x=[41, 1], edge_index=[2, 52], edge_attr=[52, 3], y=0.0, custom_label=0.0, min_label=0, max_label=10, instance_name='p08.txt');0.0;0.2349932938814163;2.0672116079367697e-05;0.0;0.0;p08.txt;2.0;0.0;0.0
Data(x=[40, 1], edge_index=[2, 50], edge_attr=[50, 3], y=0.0, custom_label=0.0, min_label=0, max_label=10, instance_name='p08.txt');0.0;0.2349932938814163;2.3409149434883147e-05;4.0150612790057494e-07;0.0;p08.txt;2.0;0.0;0.0
Data(x=[51, 1], edge_index=[2, 64], edge_attr=[64, 3], y=0.0, custom_label=0.0, min_label=0, max_label=10, instance_name='p08.txt');0.0;0.2349932938814163;6.249749276321381e-05;0.0;0.0;p08.txt;2.0;0.0;0.0
Data(x=[47, 1], edge_index=[2, 56], edge_attr=[56, 3], y=0.0, custom_label=0.0, min_label=0, max_label=10, instance_name='p08.txt');0.0;0.2349932938814163;0.0001052463485393;4.0150612790057494e-07;0.0;p08.txt;2.0;0.0;0.0
Data(x=[49, 1], edge_index=[2, 60], edge_attr=[60, 3], y=0.0, custom_label=0.0, min_label=0, max_label=10, instance_name='p08.txt');0.0;0.2349932938814163;1.2353149941191076e-05;4.0150612790057494e-07;0.0;p08.txt;2.0;0.0;0.0
Data(x=[49, 1], edge_index=[2, 60], edge_attr=[60, 3], y=8.0, custom_label=0.8, min_label=0, max_label=10, instance_name='p08.txt');0.800000011920929;0.2349932938814163;0.0613033547997474;4.0150612790057494e-07;8.0;p08.txt;2.0;1.0;0.0
Data(x=[49, 1], edge_index=[2, 60], edge_attr=[60, 3], y=7.0, custom_label=0.7, min_label=0, max_label=10, instance_name='p08.txt');0.699999988079071;0.2349932938814163;0.0958109647035598;4.0150612790057494e-07;7.0;p08.txt;2.0;1.0;0.0
Data(x=[49, 1], edge_index=[2, 60], edge_attr=[60, 3], y=6.0, custom_label=0.6, min_label=0, max_label=10, instance_name='p08.txt');0.6000000238418579;0.2349932938814163;0.0958109647035598;4.0150612790057494e-07;6.0;p08.txt;2.0;1.0;0.0
Data(x=[49, 1], edge_index=[2, 60], edge_attr=[60, 3], y=5.0, custom_label=0.5, min_label=0, max_label=10, instance_name='p08.txt');0.5;0.2349932938814163;0.0958109647035598;4.0150612790057494e-07;5.0;p08.txt;2.0;1.0;0.0
Data(x=[49, 1], edge_index=[2, 60], edge_attr=[60, 3], y=4.0, custom_label=0.4, min_label=0, max_label=10, instance_name='p08.txt');0.4000000059604645;0.2349932938814163;0.0958109647035598;4.0150612790057494e-07;4.0;p08.txt;2.0;1.0;0.0
Data(x=[49, 1], edge_index=[2, 60], edge_attr=[60, 3], y=3.0, custom_label=0.3, min_label=0, max_label=10, instance_name='p08.txt');0.3000000119209289;0.2349932938814163;0.0958109647035598;4.0150612790057494e-07;3.0;p08.txt;2.0;1.0;0.0
Data(x=[49, 1], edge_index=[2, 60], edge_attr=[60, 3], y=2.0, custom_label=0.2, min_label=0, max_label=10, instance_name='p08.txt');0.2000000029802322;0.2349932938814163;0.0613033547997474;4.0150612790057494e-07;2.0;p08.txt;2.0;1.0;0.0
Data(x=[49, 1], edge_index=[2, 60], edge_attr=[60, 3], y=1.0, custom_label=0.1, min_label=0, max_label=10, instance_name='p08.txt');0.1000000014901161;0.2349932938814163;0.0958109647035598;4.0150612790057494e-07;1.0;p08.txt;2.0;1.0;0.0
Data(x=[50, 1], edge_index=[2, 62], edge_attr=[62, 3], y=0.0, custom_label=0.0, min_label=0, max_label=10, instance_name='p08.txt');0.0;0.2349932938814163;7.062491931719705e-05;4.0150612790057494e-07;0.0;p08.txt;2.0;0.0;0.0
Data(x=[42, 1], edge_index=[2, 56], edge_attr=[56, 3], y=0.0, custom_label=0.0, min_label=0, max_label=10, instance_name='p08.txt');0.0;0.2349932938814163;7.76260478119184e-08;0.0;0.0;p08.txt;2.0;0.0;0.0
Data(x=[50, 1], edge_index=[2, 62], edge_attr=[62, 3], y=0.0, custom_label=0.0, min_label=0, max_label=10, instance_name='p08.txt');0.0;0.2349932938814163;1.3986880730954e-05;4.0150612790057494e-07;0.0;p08.txt;2.0;0.0;0.0
Data(x=[49, 1], edge_index=[2, 60], edge_attr=[60, 3], y=0.0, custom_label=0.0, min_label=0, max_label=10, instance_name='p08.txt');0.0;0.2349932938814163;8.020861423574388e-05;4.0150612790057494e-07;0.0;p08.txt;2.0;0.0;0.0
Data(x=[42, 1], edge_index=[2, 54], edge_attr=[54, 3], y=0.0, custom_label=0.0, min_label=0, max_label=10, instance_name='p08.txt');0.0;0.2349932938814163;1.4739251241735476e-07;0.0;0.0;p08.txt;2.0;0.0;0.0
Data(x=[49, 1], edge_index=[2, 60], edge_attr=[60, 3], y=2.0, custom_label=0.2, min_label=0, max_label=10, instance_name='p08.txt');0.2000000029802322;0.2349932938814163;0.0175362043082714;4.0150612790057494e-07;2.0;p08.txt;2.0;0.0;0.0
Data(x=[49, 1], edge_index=[2, 60], edge_attr=[60, 3], y=1.0, custom_label=0.1, min_label=0, max_label=10, instance_name='p08.txt');0.1000000014901161;0.2349932938814163;0.0211223233491182;4.0150612790057494e-07;1.0;p08.txt;2.0;0.0;0.0
Data(x=[50, 1], edge_index=[2, 62], edge_attr=[62, 3], y=0.0, custom_label=0.0, min_label=0, max_label=10, instance_name='p08.txt');0.0;0.2349932938814163;1.2517673440015642e-06;4.0150612790057494e-07;0.0;p08.txt;2.0;0.0;0.0
Data(x=[44, 1], edge_index=[2, 54], edge_attr=[54, 3], y=0.0, custom_label=0.0, min_label=0, max_label=10, instance_name='p08.txt');0.0;0.2349932938814163;4.924227323499508e-05;4.0150612790057494e-07;0.0;p08.txt;2.0;0.0;0.0
Data(x=[47, 1], edge_index=[2, 60], edge_attr=[60, 3], y=0.0, custom_label=0.0, min_label=0, max_label=10, instance_name='p08.txt');0.0;0.2349932938814163;6.01487590756733e-06;0.0;0.0;p08.txt;2.0;0.0;0.0
Data(x=[47, 1], edge_index=[2, 58], edge_attr=[58, 3], y=0.0, custom_label=0.0, min_label=0, max_label=10, instance_name='p08.txt');0.0;0.2349932938814163;5.9655143559211865e-05;0.0;0.0;p08.txt;2.0;0.0;0.0
Data(x=[53, 1], edge_index=[2, 66], edge_attr=[66, 3], y=0.0, custom_label=0.0, min_label=0, max_label=10, instance_name='p08.txt');0.0;0.2349932938814163;1.8307970321984608e-06;0.0;0.0;p08.txt;2.0;0.0;0.0
Data(x=[44, 1], edge_index=[2, 54], edge_attr=[54, 3], y=0.0, custom_label=0.0, min_label=0, max_label=10, instance_name='p08.txt');0.0;0.2349932938814163;4.924232052871957e-05;4.0150612790057494e-07;0.0;p08.txt;2.0;0.0;0.0
Data(x=[55, 1], edge_index=[2, 68], edge_attr=[68, 3], y=0.0, custom_label=0.0, min_label=0, max_label=10, instance_name='p08.txt');0.0;0.2349932938814163;2.4367280275328085e-05;0.0;0.0;p08.txt;2.0;0.0;0.0
Data(x=[47, 1], edge_index=[2, 60], edge_attr=[60, 3], y=0.0, custom_label=0.0, min_label=0, max_label=10, instance_name='p08.txt');0.0;0.2349932938814163;6.014869541104417e-06;0.0;0.0;p08.txt;2.0;0.0;0.0
Data(x=[49, 1], edge_index=[2, 62], edge_attr=[62, 3], y=0.0, custom_label=0.0, min_label=0, max_label=10, instance_name='p08.txt');0.0;0.2349932938814163;8.895159226085525e-06;0.0;0.0;p08.txt;2.0;0.0;0.0
Data(x=[49, 1], edge_index=[2, 62], edge_attr=[62, 3], y=3.0, custom_label=0.3, min_label=0, max_label=10, instance_name='p08.txt');0.3000000119209289;0.2349932938814163;0.0002502752759028;4.0150612790057494e-07;3.0;p08.txt;2.0;0.0;0.0
Data(x=[48, 1], edge_index=[2, 60], edge_attr=[60, 3], y=2.0, custom_label=0.2, min_label=0, max_label=10, instance_name='p08.txt');0.2000000029802322;0.2349932938814163;0.0023021672386676;4.0150612790057494e-07;2.0;p08.txt;2.0;0.0;0.0
Data(x=[48, 1], edge_index=[2, 60], edge_attr=[60, 3], y=1.0, custom_label=0.1, min_label=0, max_label=10, instance_name='p08.txt');0.1000000014901161;0.2349932938814163;0.0015694526955485;4.0150612790057494e-07;1.0;p08.txt;2.0;0.0;0.0
Data(x=[49, 1], edge_index=[2, 62], edge_attr=[62, 3], y=0.0, custom_label=0.0, min_label=0, max_label=10, instance_name='p08.txt');0.0;0.2349932938814163;6.366470728380591e-08;4.0150612790057494e-07;0.0;p08.txt;2.0;0.0;0.0
Data(x=[53, 1], edge_index=[2, 62], edge_attr=[62, 3], y=0.0, custom_label=0.0, min_label=0, max_label=10, instance_name='p08.txt');0.0;0.2349932938814163;0.0002260137698613;4.0150612790057494e-07;0.0;p08.txt;2.0;0.0;0.0
Data(x=[49, 1], edge_index=[2, 62], edge_attr=[62, 3], y=0.0, custom_label=0.0, min_label=0, max_label=10, instance_name='p08.txt');0.0;0.2349932938814163;8.895151040633209e-06;0.0;0.0;p08.txt;2.0;0.0;0.0
Data(x=[44, 1], edge_index=[2, 54], edge_attr=[54, 3], y=0.0, custom_label=0.0, min_label=0, max_label=10, instance_name='p08.txt');0.0;0.2349932938814163;6.08537629886996e-06;4.0150612790057494e-07;0.0;p08.txt;2.0;0.0;0.0
Data(x=[52, 1], edge_index=[2, 64], edge_attr=[64, 3], y=0.0, custom_label=0.0, min_label=0, max_label=10, instance_name='p08.txt');0.0;0.2349932938814163;9.072216926142572e-06;4.0150612790057494e-07;0.0;p08.txt;2.0;0.0;0.0
Data(x=[49, 1], edge_index=[2, 62], edge_attr=[62, 3], y=0.0, custom_label=0.0, min_label=0, max_label=10, instance_name='p08.txt');0.0;0.2349932938814163;8.895142855180893e-06;0.0;0.0;p08.txt;2.0;0.0;0.0
Data(x=[54, 1], edge_index=[2, 66], edge_attr=[66, 3], y=0.0, custom_label=0.0, min_label=0, max_label=10, instance_name='p08.txt');0.0;0.2349932938814163;4.954955329594668e-06;0.0;0.0;p08.txt;2.0;0.0;0.0
Data(x=[50, 1], edge_index=[2, 60], edge_attr=[60, 3], y=3.0, custom_label=0.3, min_label=0, max_label=10, instance_name='p08.txt');0.3000000119209289;0.2349932938814163;0.2094814628362655;4.0150612790057494e-07;3.0;p08.txt;2.0;2.0;0.0
Data(x=[51, 1], edge_index=[2, 62], edge_attr=[62, 3], y=2.0, custom_label=0.2, min_label=0, max_label=10, instance_name='p08.txt');0.2000000029802322;0.2349932938814163;0.0223167426884174;4.0150612790057494e-07;2.0;p08.txt;2.0;0.0;0.0
Data(x=[50, 1], edge_index=[2, 60], edge_attr=[60, 3], y=1.0, custom_label=0.1, min_label=0, max_label=10, instance_name='p08.txt');0.1000000014901161;0.2349932938814163;0.1001444309949874;4.0150612790057494e-07;1.0;p08.txt;2.0;1.0;0.0
Data(x=[51, 1], edge_index=[2, 62], edge_attr=[62, 3], y=0.0, custom_label=0.0, min_label=0, max_label=10, instance_name='p08.txt');0.0;0.2349932938814163;0.0001054857784765;4.0150612790057494e-07;0.0;p08.txt;2.0;0.0;0.0
Data(x=[37, 1], edge_index=[2, 46], edge_attr=[46, 3], y=0.0, custom_label=0.0, min_label=0, max_label=10, instance_name='p08.txt');0.0;0.2349932938814163;1.7309081158600748e-05;4.0150612790057494e-07;0.0;p08.txt;2.0;0.0;0.0
Data(x=[50, 1], edge_index=[2, 58], edge_attr=[58, 3], y=4.0, custom_label=0.4, min_label=0, max_label=10, instance_name='p08.txt');0.4000000059604645;0.2349932938814163;0.2643576264381408;4.0150612790057494e-07;4.0;p08.txt;2.0;3.0;0.0
Data(x=[50, 1], edge_index=[2, 58], edge_attr=[58, 3], y=3.0, custom_label=0.3, min_label=0, max_label=10, instance_name='p08.txt');0.3000000119209289;0.2349932938814163;0.2522845268249511;4.0150612790057494e-07;3.0;p08.txt;2.0;3.0;0.0
Data(x=[51, 1], edge_index=[2, 60], edge_attr=[60, 3], y=2.0, custom_label=0.2, min_label=0, max_label=10, instance_name='p08.txt');0.2000000029802322;0.2349932938814163;0.0731702968478202;4.0150612790057494e-07;2.0;p08.txt;2.0;1.0;0.0
Data(x=[51, 1], edge_index=[2, 60], edge_attr=[60, 3], y=1.0, custom_label=0.1, min_label=0, max_label=10, instance_name='p08.txt');0.1000000014901161;0.2349932938814163;0.0801048576831817;4.0150612790057494e-07;1.0;p08.txt;2.0;1.0;0.0
Data(x=[52, 1], edge_index=[2, 62], edge_attr=[62, 3], y=0.0, custom_label=0.0, min_label=0, max_label=10, instance_name='p08.txt');0.0;0.2349932938814163;3.302006371086463e-05;4.0150612790057494e-07;0.0;p08.txt;2.0;0.0;0.0
Data(x=[45, 1], edge_index=[2, 56], edge_attr=[56, 3], y=0.0, custom_label=0.0, min_label=0, max_label=10, instance_name='p08.txt');0.0;0.2349932938814163;4.321580126998015e-05;0.0;0.0;p08.txt;2.0;0.0;0.0
Data(x=[41, 1], edge_index=[2, 52], edge_attr=[52, 3], y=0.0, custom_label=0.0, min_label=0, max_label=10, instance_name='p08.txt');0.0;0.2349932938814163;2.177079068133025e-06;4.0150612790057494e-07;0.0;p08.txt;2.0;0.0;0.0
Data(x=[55, 1], edge_index=[2, 68], edge_attr=[68, 3], y=0.0, custom_label=0.0, min_label=0, max_label=10, instance_name='p08.txt');0.0;0.2349932938814163;2.71643398264132e-06;0.0;0.0;p08.txt;2.0;0.0;0.0
Data(x=[43, 1], edge_index=[2, 56], edge_attr=[56, 3], y=0.0, custom_label=0.0, min_label=0, max_label=10, instance_name='p08.txt');0.0;0.2349932938814163;2.474500206517405e-06;0.0;0.0;p08.txt;2.0;0.0;0.0
Data(x=[48, 1], edge_index=[2, 58], edge_attr=[58, 3], y=2.0, custom_label=0.2, min_label=0, max_label=10, instance_name='p08.txt');0.2000000029802322;0.2349932938814163;0.0729438737034797;4.0150612790057494e-07;2.0;p08.txt;2.0;1.0;0.0
Data(x=[48, 1], edge_index=[2, 58], edge_attr=[58, 3], y=1.0, custom_label=0.1, min_label=0, max_label=10, instance_name='p08.txt');0.1000000014901161;0.2349932938814163;0.0729438737034797;4.0150612790057494e-07;1.0;p08.txt;2.0;1.0;0.0
Data(x=[49, 1], edge_index=[2, 60], edge_attr=[60, 3], y=0.0, custom_label=0.0, min_label=0, max_label=10, instance_name='p08.txt');0.0;0.2349932938814163;1.5398714822367765e-05;4.0150612790057494e-07;0.0;p08.txt;2.0;0.0;0.0
Data(x=[49, 1], edge_index=[2, 62], edge_attr=[62, 3], y=0.0, custom_label=0.0, min_label=0, max_label=10, instance_name='p08.txt');0.0;0.2349932938814163;4.657071622204967e-05;0.0;0.0;p08.txt;2.0;0.0;0.0
Data(x=[48, 1], edge_index=[2, 58], edge_attr=[58, 3], y=0.0, custom_label=0.0, min_label=0, max_label=10, instance_name='p08.txt');0.0;0.2349932938814163;9.158372995443642e-05;4.0150612790057494e-07;0.0;p08.txt;2.0;0.0;0.0
Data(x=[46, 1], edge_index=[2, 56], edge_attr=[56, 3], y=0.0, custom_label=0.0, min_label=0, max_label=10, instance_name='p08.txt');0.0;0.2349932938814163;6.806448072893545e-05;4.0150612790057494e-07;0.0;p08.txt;2.0;0.0;0.0
Data(x=[52, 1], edge_index=[2, 64], edge_attr=[64, 3], y=0.0, custom_label=0.0, min_label=0, max_label=10, instance_name='p08.txt');0.0;0.2349932938814163;9.07222511159489e-06;4.0150612790057494e-07;0.0;p08.txt;2.0;0.0;0.0
Data(x=[73, 1], edge_index=[2, 80], edge_attr=[80, 3], y=88.0, custom_label=1.0, min_label=0, max_label=88, instance_name='p09.txt');1.0;0.2349932938814163;0.2389776855707168;4.0150612790057494e-07;88.0;p09.txt;21.0;21.0;0.0
Data(x=[73, 1], edge_index=[2, 80], edge_attr=[80, 3], y=87.0, custom_label=0.9886364, min_label=0, max_label=88, instance_name='p09.txt');0.9886363744735718;0.2349932938814163;0.2389776855707168;4.0150612790057494e-07;87.0;p09.txt;21.0;21.0;0.0
Data(x=[73, 1], edge_index=[2, 80], edge_attr=[80, 3], y=86.0, custom_label=0.97727275, min_label=0, max_label=88, instance_name='p09.txt');0.9772727489471436;0.2349932938814163;0.2389776855707168;4.0150612790057494e-07;86.0;p09.txt;21.0;21.0;0.0
Data(x=[73, 1], edge_index=[2, 80], edge_attr=[80, 3], y=85.0, custom_label=0.96590906, min_label=0, max_label=88, instance_name='p09.txt');0.9659090638160706;0.2349932938814163;0.2389776855707168;4.0150612790057494e-07;85.0;p09.txt;21.0;21.0;0.0
Data(x=[73, 1], edge_index=[2, 80], edge_attr=[80, 3], y=84.0, custom_label=0.95454544, min_label=0, max_label=88, instance_name='p09.txt');0.9545454382896424;0.2349932938814163;0.2389776855707168;4.0150612790057494e-07;84.0;p09.txt;21.0;21.0;0.0
Data(x=[73, 1], edge_index=[2, 80], edge_attr=[80, 3], y=83.0, custom_label=0.9431818, min_label=0, max_label=88, instance_name='p09.txt');0.943181812763214;0.2349932938814163;0.2389776855707168;4.0150612790057494e-07;83.0;p09.txt;21.0;21.0;0.0
Data(x=[73, 1], edge_index=[2, 80], edge_attr=[80, 3], y=82.0, custom_label=0.9318182, min_label=0, max_label=88, instance_name='p09.txt');0.931818187236786;0.2349932938814163;0.2389776855707168;4.0150612790057494e-07;82.0;p09.txt;21.0;21.0;0.0
Data(x=[73, 1], edge_index=[2, 80], edge_attr=[80, 3], y=81.0, custom_label=0.92045456, min_label=0, max_label=88, instance_name='p09.txt');0.9204545617103576;0.2349932938814163;0.2389776855707168;4.0150612790057494e-07;81.0;p09.txt;21.0;21.0;0.0
Data(x=[73, 1], edge_index=[2, 80], edge_attr=[80, 3], y=80.0, custom_label=0.90909094, min_label=0, max_label=88, instance_name='p09.txt');0.9090909361839294;0.2349932938814163;0.2389776855707168;4.0150612790057494e-07;80.0;p09.txt;21.0;21.0;0.0
Data(x=[73, 1], edge_index=[2, 80], edge_attr=[80, 3], y=79.0, custom_label=0.89772725, min_label=0, max_label=88, instance_name='p09.txt');0.8977272510528564;0.2349932938814163;0.2389776855707168;4.0150612790057494e-07;79.0;p09.txt;21.0;21.0;0.0
Data(x=[73, 1], edge_index=[2, 80], edge_attr=[80, 3], y=78.0, custom_label=0.8863636, min_label=0, max_label=88, instance_name='p09.txt');0.8863636255264282;0.2349932938814163;0.2389776855707168;4.0150612790057494e-07;78.0;p09.txt;21.0;21.0;0.0
Data(x=[73, 1], edge_index=[2, 80], edge_attr=[80, 3], y=77.0, custom_label=0.875, min_label=0, max_label=88, instance_name='p09.txt');0.875;0.2349932938814163;0.2389776855707168;4.0150612790057494e-07;77.0;p09.txt;21.0;21.0;0.0
Data(x=[73, 1], edge_index=[2, 80], edge_attr=[80, 3], y=76.0, custom_label=0.8636364, min_label=0, max_label=88, instance_name='p09.txt');0.8636363744735718;0.2349932938814163;0.2389776855707168;4.0150612790057494e-07;76.0;p09.txt;21.0;21.0;0.0
Data(x=[73, 1], edge_index=[2, 80], edge_attr=[80, 3], y=75.0, custom_label=0.85227275, min_label=0, max_label=88, instance_name='p09.txt');0.8522727489471436;0.2349932938814163;0.2389776855707168;4.0150612790057494e-07;75.0;p09.txt;21.0;21.0;0.0
Data(x=[73, 1], edge_index=[2, 80], edge_attr=[80, 3], y=74.0, custom_label=0.84090906, min_label=0, max_label=88, instance_name='p09.txt');0.8409090638160706;0.2349932938814163;0.2389776855707168;4.0150612790057494e-07;74.0;p09.txt;21.0;21.0;0.0
Data(x=[73, 1], edge_index=[2, 80], edge_attr=[80, 3], y=73.0, custom_label=0.82954544, min_label=0, max_label=88, instance_name='p09.txt');0.8295454382896423;0.2349932938814163;0.2389776855707168;4.0150612790057494e-07;73.0;p09.txt;21.0;21.0;0.0
Data(x=[74, 1], edge_index=[2, 82], edge_attr=[82, 3], y=72.0, custom_label=0.8181818, min_label=0, max_label=88, instance_name='p09.txt');0.8181818127632141;0.2349932938814163;0.1148833036422729;4.0150612790057494e-07;72.0;p09.txt;21.0;10.0;0.0
Data(x=[74, 1], edge_index=[2, 82], edge_attr=[82, 3], y=71.0, custom_label=0.8068182, min_label=0, max_label=88, instance_name='p09.txt');0.8068181872367859;0.2349932938814163;0.1148833036422729;4.0150612790057494e-07;71.0;p09.txt;21.0;10.0;0.0
Data(x=[74, 1], edge_index=[2, 82], edge_attr=[82, 3], y=70.0, custom_label=0.79545456, min_label=0, max_label=88, instance_name='p09.txt');0.7954545617103577;0.2349932938814163;0.1148833036422729;4.0150612790057494e-07;70.0;p09.txt;21.0;10.0;0.0
Data(x=[74, 1], edge_index=[2, 82], edge_attr=[82, 3], y=69.0, custom_label=0.78409094, min_label=0, max_label=88, instance_name='p09.txt');0.7840909361839294;0.2349932938814163;0.1148833036422729;4.0150612790057494e-07;69.0;p09.txt;21.0;10.0;0.0
Data(x=[74, 1], edge_index=[2, 82], edge_attr=[82, 3], y=68.0, custom_label=0.77272725, min_label=0, max_label=88, instance_name='p09.txt');0.7727272510528564;0.2349932938814163;0.1148833036422729;4.0150612790057494e-07;68.0;p09.txt;21.0;10.0;0.0
Data(x=[74, 1], edge_index=[2, 82], edge_attr=[82, 3], y=67.0, custom_label=0.7613636, min_label=0, max_label=88, instance_name='p09.txt');0.7613636255264282;0.2349932938814163;0.1148833036422729;4.0150612790057494e-07;67.0;p09.txt;21.0;10.0;0.0
Data(x=[74, 1], edge_index=[2, 82], edge_attr=[82, 3], y=66.0, custom_label=0.75, min_label=0, max_label=88, instance_name='p09.txt');0.75;0.2349932938814163;0.1148833036422729;4.0150612790057494e-07;66.0;p09.txt;21.0;10.0;0.0
Data(x=[73, 1], edge_index=[2, 80], edge_attr=[80, 3], y=65.0, custom_label=0.7386364, min_label=0, max_label=88, instance_name='p09.txt');0.7386363744735718;0.2349932938814163;0.2389777302742004;4.0150612790057494e-07;65.0;p09.txt;21.0;21.0;0.0
Data(x=[73, 1], edge_index=[2, 80], edge_attr=[80, 3], y=64.0, custom_label=0.72727275, min_label=0, max_label=88, instance_name='p09.txt');0.7272727489471436;0.2349932938814163;0.2389776855707168;4.0150612790057494e-07;64.0;p09.txt;21.0;21.0;0.0
Data(x=[73, 1], edge_index=[2, 80], edge_attr=[80, 3], y=63.0, custom_label=0.71590906, min_label=0, max_label=88, instance_name='p09.txt');0.7159090638160706;0.2349932938814163;0.2389776855707168;4.0150612790057494e-07;63.0;p09.txt;21.0;21.0;0.0
Data(x=[73, 1], edge_index=[2, 80], edge_attr=[80, 3], y=62.0, custom_label=0.70454544, min_label=0, max_label=88, instance_name='p09.txt');0.7045454382896423;0.2349932938814163;0.2389776855707168;4.0150612790057494e-07;62.0;p09.txt;21.0;21.0;0.0
Data(x=[73, 1], edge_index=[2, 80], edge_attr=[80, 3], y=61.0, custom_label=0.6931818, min_label=0, max_label=88, instance_name='p09.txt');0.6931818127632141;0.2349932938814163;0.2389776855707168;4.0150612790057494e-07;61.0;p09.txt;21.0;21.0;0.0
Data(x=[73, 1], edge_index=[2, 80], edge_attr=[80, 3], y=60.0, custom_label=0.6818182, min_label=0, max_label=88, instance_name='p09.txt');0.6818181872367859;0.2349932938814163;0.2389776855707168;4.0150612790057494e-07;60.0;p09.txt;21.0;21.0;0.0
Data(x=[73, 1], edge_index=[2, 80], edge_attr=[80, 3], y=59.0, custom_label=0.67045456, min_label=0, max_label=88, instance_name='p09.txt');0.6704545617103577;0.2349932938814163;0.2389776855707168;4.0150612790057494e-07;59.0;p09.txt;21.0;21.0;0.0
Data(x=[73, 1], edge_index=[2, 80], edge_attr=[80, 3], y=58.0, custom_label=0.65909094, min_label=0, max_label=88, instance_name='p09.txt');0.6590909361839294;0.2349932938814163;0.2389776855707168;4.0150612790057494e-07;58.0;p09.txt;21.0;21.0;0.0
Data(x=[72, 1], edge_index=[2, 78], edge_attr=[78, 3], y=57.0, custom_label=0.64772725, min_label=0, max_label=88, instance_name='p09.txt');0.6477272510528564;0.2349932938814163;0.4039487540721893;4.0150612790057494e-07;57.0;p09.txt;21.0;36.0;0.0
Data(x=[72, 1], edge_index=[2, 78], edge_attr=[78, 3], y=56.0, custom_label=0.6363636, min_label=0, max_label=88, instance_name='p09.txt');0.6363636255264282;0.2349932938814163;0.4039487540721893;4.0150612790057494e-07;56.0;p09.txt;21.0;36.0;0.0
Data(x=[72, 1], edge_index=[2, 78], edge_attr=[78, 3], y=55.0, custom_label=0.625, min_label=0, max_label=88, instance_name='p09.txt');0.625;0.2349932938814163;0.4039487540721893;4.0150612790057494e-07;55.0;p09.txt;21.0;36.0;0.0
Data(x=[72, 1], edge_index=[2, 78], edge_attr=[78, 3], y=54.0, custom_label=0.6136364, min_label=0, max_label=88, instance_name='p09.txt');0.6136363744735718;0.2349932938814163;0.4039487540721893;4.0150612790057494e-07;54.0;p09.txt;21.0;36.0;0.0
Data(x=[72, 1], edge_index=[2, 78], edge_attr=[78, 3], y=53.0, custom_label=0.60227275, min_label=0, max_label=88, instance_name='p09.txt');0.6022727489471436;0.2349932938814163;0.4039487540721893;4.0150612790057494e-07;53.0;p09.txt;21.0;36.0;0.0
Data(x=[72, 1], edge_index=[2, 78], edge_attr=[78, 3], y=52.0, custom_label=0.59090906, min_label=0, max_label=88, instance_name='p09.txt');0.5909090638160706;0.2349932938814163;0.4039487540721893;4.0150612790057494e-07;52.0;p09.txt;21.0;36.0;0.0
Data(x=[72, 1], edge_index=[2, 78], edge_attr=[78, 3], y=51.0, custom_label=0.57954544, min_label=0, max_label=88, instance_name='p09.txt');0.5795454382896423;0.2349932938814163;0.4039487540721893;4.0150612790057494e-07;51.0;p09.txt;21.0;36.0;0.0
Data(x=[72, 1], edge_index=[2, 78], edge_attr=[78, 3], y=50.0, custom_label=0.5681818, min_label=0, max_label=88, instance_name='p09.txt');0.5681818127632141;0.2349932938814163;0.4039487540721893;4.0150612790057494e-07;50.0;p09.txt;21.0;36.0;0.0
Data(x=[72, 1], edge_index=[2, 78], edge_attr=[78, 3], y=49.0, custom_label=0.5568182, min_label=0, max_label=88, instance_name='p09.txt');0.5568181872367859;0.2349932938814163;0.4039487540721893;4.0150612790057494e-07;49.0;p09.txt;21.0;36.0;0.0
Data(x=[72, 1], edge_index=[2, 78], edge_attr=[78, 3], y=48.0, custom_label=0.54545456, min_label=0, max_label=88, instance_name='p09.txt');0.5454545617103577;0.2349932938814163;0.4039487540721893;4.0150612790057494e-07;48.0;p09.txt;21.0;36.0;0.0
Data(x=[72, 1], edge_index=[2, 78], edge_attr=[78, 3], y=47.0, custom_label=0.53409094, min_label=0, max_label=88, instance_name='p09.txt');0.5340909361839294;0.2349932938814163;0.4039487540721893;4.0150612790057494e-07;47.0;p09.txt;21.0;36.0;0.0
Data(x=[72, 1], edge_index=[2, 78], edge_attr=[78, 3], y=46.0, custom_label=0.52272725, min_label=0, max_label=88, instance_name='p09.txt');0.5227272510528564;0.2349932938814163;0.4039487540721893;4.0150612790057494e-07;46.0;p09.txt;21.0;36.0;0.0
Data(x=[72, 1], edge_index=[2, 78], edge_attr=[78, 3], y=45.0, custom_label=0.5113636, min_label=0, max_label=88, instance_name='p09.txt');0.5113636255264282;0.2349932938814163;0.4039487540721893;4.0150612790057494e-07;45.0;p09.txt;21.0;36.0;0.0
Data(x=[72, 1], edge_index=[2, 78], edge_attr=[78, 3], y=44.0, custom_label=0.5, min_label=0, max_label=88, instance_name='p09.txt');0.5;0.2349932938814163;0.4039487540721893;4.0150612790057494e-07;44.0;p09.txt;21.0;36.0;0.0
Data(x=[72, 1], edge_index=[2, 78], edge_attr=[78, 3], y=43.0, custom_label=0.48863637, min_label=0, max_label=88, instance_name='p09.txt');0.4886363744735718;0.2349932938814163;0.4039487540721893;4.0150612790057494e-07;43.0;p09.txt;21.0;36.0;0.0
Data(x=[73, 1], edge_index=[2, 80], edge_attr=[80, 3], y=42.0, custom_label=0.47727272, min_label=0, max_label=88, instance_name='p09.txt');0.4772727191448211;0.2349932938814163;0.2389777302742004;4.0150612790057494e-07;42.0;p09.txt;21.0;21.0;0.0
Data(x=[73, 1], edge_index=[2, 80], edge_attr=[80, 3], y=41.0, custom_label=0.4659091, min_label=0, max_label=88, instance_name='p09.txt');0.4659090936183929;0.2349932938814163;0.2389777302742004;4.0150612790057494e-07;41.0;p09.txt;21.0;21.0;0.0
Data(x=[73, 1], edge_index=[2, 80], edge_attr=[80, 3], y=40.0, custom_label=0.45454547, min_label=0, max_label=88, instance_name='p09.txt');0.4545454680919647;0.2349932938814163;0.2389777302742004;4.0150612790057494e-07;40.0;p09.txt;21.0;21.0;0.0
Data(x=[72, 1], edge_index=[2, 78], edge_attr=[78, 3], y=39.0, custom_label=0.4431818, min_label=0, max_label=88, instance_name='p09.txt');0.4431818127632141;0.2349932938814163;0.4039487540721893;4.0150612790057494e-07;39.0;p09.txt;21.0;36.0;0.0
Data(x=[73, 1], edge_index=[2, 80], edge_attr=[80, 3], y=38.0, custom_label=0.4318182, min_label=0, max_label=88, instance_name='p09.txt');0.4318181872367859;0.2349932938814163;0.2389777302742004;4.0150612790057494e-07;38.0;p09.txt;21.0;21.0;0.0
Data(x=[73, 1], edge_index=[2, 80], edge_attr=[80, 3], y=37.0, custom_label=0.42045453, min_label=0, max_label=88, instance_name='p09.txt');0.4204545319080353;0.2349932938814163;0.2389777302742004;4.0150612790057494e-07;37.0;p09.txt;21.0;21.0;0.0
Data(x=[73, 1], edge_index=[2, 80], edge_attr=[80, 3], y=36.0, custom_label=0.4090909, min_label=0, max_label=88, instance_name='p09.txt');0.409090906381607;0.2349932938814163;0.2389777302742004;4.0150612790057494e-07;36.0;p09.txt;21.0;21.0;0.0
Data(x=[73, 1], edge_index=[2, 80], edge_attr=[80, 3], y=35.0, custom_label=0.39772728, min_label=0, max_label=88, instance_name='p09.txt');0.3977272808551788;0.2349932938814163;0.2389777302742004;4.0150612790057494e-07;35.0;p09.txt;21.0;21.0;0.0
Data(x=[73, 1], edge_index=[2, 80], edge_attr=[80, 3], y=34.0, custom_label=0.38636363, min_label=0, max_label=88, instance_name='p09.txt');0.3863636255264282;0.2349932938814163;0.2389777302742004;4.0150612790057494e-07;34.0;p09.txt;21.0;21.0;0.0
Data(x=[72, 1], edge_index=[2, 78], edge_attr=[78, 3], y=33.0, custom_label=0.375, min_label=0, max_label=88, instance_name='p09.txt');0.375;0.2349932938814163;0.4039487540721893;4.0150612790057494e-07;33.0;p09.txt;21.0;36.0;0.0
Data(x=[72, 1], edge_index=[2, 78], edge_attr=[78, 3], y=32.0, custom_label=0.36363637, min_label=0, max_label=88, instance_name='p09.txt');0.3636363744735718;0.2349932938814163;0.4039487540721893;4.0150612790057494e-07;32.0;p09.txt;21.0;36.0;0.0
Data(x=[72, 1], edge_index=[2, 78], edge_attr=[78, 3], y=31.0, custom_label=0.35227272, min_label=0, max_label=88, instance_name='p09.txt');0.3522727191448211;0.2349932938814163;0.4039487540721893;4.0150612790057494e-07;31.0;p09.txt;21.0;36.0;0.0
Data(x=[72, 1], edge_index=[2, 78], edge_attr=[78, 3], y=30.0, custom_label=0.3409091, min_label=0, max_label=88, instance_name='p09.txt');0.3409090936183929;0.2349932938814163;0.4039487540721893;4.0150612790057494e-07;30.0;p09.txt;21.0;36.0;0.0
Data(x=[72, 1], edge_index=[2, 78], edge_attr=[78, 3], y=29.0, custom_label=0.32954547, min_label=0, max_label=88, instance_name='p09.txt');0.3295454680919647;0.2349932938814163;0.4039487540721893;4.0150612790057494e-07;29.0;p09.txt;21.0;36.0;0.0
Data(x=[72, 1], edge_index=[2, 78], edge_attr=[78, 3], y=28.0, custom_label=0.3181818, min_label=0, max_label=88, instance_name='p09.txt');0.3181818127632141;0.2349932938814163;0.4039487540721893;4.0150612790057494e-07;28.0;p09.txt;21.0;36.0;0.0
Data(x=[72, 1], edge_index=[2, 78], edge_attr=[78, 3], y=27.0, custom_label=0.3068182, min_label=0, max_label=88, instance_name='p09.txt');0.3068181872367859;0.2349932938814163;0.4039487540721893;4.0150612790057494e-07;27.0;p09.txt;21.0;36.0;0.0
Data(x=[72, 1], edge_index=[2, 78], edge_attr=[78, 3], y=26.0, custom_label=0.29545453, min_label=0, max_label=88, instance_name='p09.txt');0.2954545319080353;0.2349932938814163;0.4039487540721893;4.0150612790057494e-07;26.0;p09.txt;21.0;36.0;0.0
Data(x=[72, 1], edge_index=[2, 78], edge_attr=[78, 3], y=25.0, custom_label=0.2840909, min_label=0, max_label=88, instance_name='p09.txt');0.284090906381607;0.2349932938814163;0.4039487540721893;4.0150612790057494e-07;25.0;p09.txt;21.0;36.0;0.0
Data(x=[72, 1], edge_index=[2, 78], edge_attr=[78, 3], y=24.0, custom_label=0.27272728, min_label=0, max_label=88, instance_name='p09.txt');0.2727272808551788;0.2349932938814163;0.4039487540721893;4.0150612790057494e-07;24.0;p09.txt;21.0;36.0;0.0
Data(x=[72, 1], edge_index=[2, 78], edge_attr=[78, 3], y=23.0, custom_label=0.26136363, min_label=0, max_label=88, instance_name='p09.txt');0.2613636255264282;0.2349932938814163;0.4039487540721893;4.0150612790057494e-07;23.0;p09.txt;21.0;36.0;0.0
Data(x=[72, 1], edge_index=[2, 78], edge_attr=[78, 3], y=22.0, custom_label=0.25, min_label=0, max_label=88, instance_name='p09.txt');0.25;0.2349932938814163;0.4039487540721893;4.0150612790057494e-07;22.0;p09.txt;21.0;36.0;0.0
Data(x=[72, 1], edge_index=[2, 78], edge_attr=[78, 3], y=21.0, custom_label=0.23863636, min_label=0, max_label=88, instance_name='p09.txt');0.2386363595724105;0.2349932938814163;0.4039487540721893;4.0150612790057494e-07;21.0;p09.txt;21.0;36.0;0.0
Data(x=[73, 1], edge_index=[2, 80], edge_attr=[80, 3], y=20.0, custom_label=0.22727273, min_label=0, max_label=88, instance_name='p09.txt');0.2272727340459823;0.2349932938814163;0.2389777302742004;4.0150612790057494e-07;20.0;p09.txt;21.0;21.0;0.0
Data(x=[73, 1], edge_index=[2, 80], edge_attr=[80, 3], y=19.0, custom_label=0.2159091, min_label=0, max_label=88, instance_name='p09.txt');0.2159090936183929;0.2349932938814163;0.2389777302742004;4.0150612790057494e-07;19.0;p09.txt;21.0;21.0;0.0
Data(x=[73, 1], edge_index=[2, 80], edge_attr=[80, 3], y=18.0, custom_label=0.20454545, min_label=0, max_label=88, instance_name='p09.txt');0.2045454531908035;0.2349932938814163;0.2389777302742004;4.0150612790057494e-07;18.0;p09.txt;21.0;21.0;0.0
Data(x=[73, 1], edge_index=[2, 80], edge_attr=[80, 3], y=17.0, custom_label=0.19318181, min_label=0, max_label=88, instance_name='p09.txt');0.1931818127632141;0.2349932938814163;0.2389777302742004;4.0150612790057494e-07;17.0;p09.txt;21.0;21.0;0.0
Data(x=[73, 1], edge_index=[2, 80], edge_attr=[80, 3], y=16.0, custom_label=0.18181819, min_label=0, max_label=88, instance_name='p09.txt');0.1818181872367859;0.2349932938814163;0.2389777302742004;4.0150612790057494e-07;16.0;p09.txt;21.0;21.0;0.0
Data(x=[73, 1], edge_index=[2, 80], edge_attr=[80, 3], y=15.0, custom_label=0.17045455, min_label=0, max_label=88, instance_name='p09.txt');0.1704545468091964;0.2349932938814163;0.2389777302742004;4.0150612790057494e-07;15.0;p09.txt;21.0;21.0;0.0
Data(x=[73, 1], edge_index=[2, 80], edge_attr=[80, 3], y=14.0, custom_label=0.1590909, min_label=0, max_label=88, instance_name='p09.txt');0.159090906381607;0.2349932938814163;0.2389777302742004;4.0150612790057494e-07;14.0;p09.txt;21.0;21.0;0.0
Data(x=[73, 1], edge_index=[2, 80], edge_attr=[80, 3], y=13.0, custom_label=0.14772727, min_label=0, max_label=88, instance_name='p09.txt');0.1477272659540176;0.2349932938814163;0.2389777302742004;4.0150612790057494e-07;13.0;p09.txt;21.0;21.0;0.0
Data(x=[74, 1], edge_index=[2, 82], edge_attr=[82, 3], y=12.0, custom_label=0.13636364, min_label=0, max_label=88, instance_name='p09.txt');0.1363636404275894;0.2349932938814163;0.1148833036422729;4.0150612790057494e-07;12.0;p09.txt;21.0;10.0;0.0
Data(x=[74, 1], edge_index=[2, 82], edge_attr=[82, 3], y=11.0, custom_label=0.125, min_label=0, max_label=88, instance_name='p09.txt');0.125;0.2349932938814163;0.1148833036422729;4.0150612790057494e-07;11.0;p09.txt;21.0;10.0;0.0
Data(x=[74, 1], edge_index=[2, 82], edge_attr=[82, 3], y=10.0, custom_label=0.11363637, min_label=0, max_label=88, instance_name='p09.txt');0.1136363670229911;0.2349932938814163;0.1148832812905311;4.0150612790057494e-07;10.0;p09.txt;21.0;10.0;0.0
Data(x=[74, 1], edge_index=[2, 82], edge_attr=[82, 3], y=9.0, custom_label=0.10227273, min_label=0, max_label=88, instance_name='p09.txt');0.1022727265954017;0.2349932938814163;0.1148833036422729;4.0150612790057494e-07;9.0;p09.txt;21.0;10.0;0.0
Data(x=[74, 1], edge_index=[2, 82], edge_attr=[82, 3], y=8.0, custom_label=0.09090909, min_label=0, max_label=88, instance_name='p09.txt');0.0909090936183929;0.2349932938814163;0.1148832812905311;4.0150612790057494e-07;8.0;p09.txt;21.0;10.0;0.0
Data(x=[74, 1], edge_index=[2, 82], edge_attr=[82, 3], y=7.0, custom_label=0.07954545, min_label=0, max_label=88, instance_name='p09.txt');0.0795454531908035;0.2349932938814163;0.1148833036422729;4.0150612790057494e-07;7.0;p09.txt;21.0;10.0;0.0
Data(x=[74, 1], edge_index=[2, 82], edge_attr=[82, 3], y=6.0, custom_label=0.06818182, min_label=0, max_label=88, instance_name='p09.txt');0.0681818202137947;0.2349932938814163;0.1148833036422729;4.0150612790057494e-07;6.0;p09.txt;21.0;10.0;0.0
Data(x=[74, 1], edge_index=[2, 82], edge_attr=[82, 3], y=5.0, custom_label=0.056818184, min_label=0, max_label=88, instance_name='p09.txt');0.0568181835114955;0.2349932938814163;0.1148833036422729;4.0150612790057494e-07;5.0;p09.txt;21.0;10.0;0.0
Data(x=[74, 1], edge_index=[2, 82], edge_attr=[82, 3], y=4.0, custom_label=0.045454547, min_label=0, max_label=88, instance_name='p09.txt');0.0454545468091964;0.2349932938814163;0.1148833036422729;4.0150612790057494e-07;4.0;p09.txt;21.0;10.0;0.0
Data(x=[74, 1], edge_index=[2, 82], edge_attr=[82, 3], y=3.0, custom_label=0.03409091, min_label=0, max_label=88, instance_name='p09.txt');0.0340909101068973;0.2349932938814163;0.1148832812905311;4.0150612790057494e-07;3.0;p09.txt;21.0;10.0;0.0
Data(x=[74, 1], edge_index=[2, 82], edge_attr=[82, 3], y=2.0, custom_label=0.022727273, min_label=0, max_label=88, instance_name='p09.txt');0.0227272734045982;0.2349932938814163;0.1148832812905311;4.0150612790057494e-07;2.0;p09.txt;21.0;10.0;0.0
Data(x=[74, 1], edge_index=[2, 82], edge_attr=[82, 3], y=1.0, custom_label=0.011363637, min_label=0, max_label=88, instance_name='p09.txt');0.0113636367022991;0.2349932938814163;0.1148832812905311;4.0150612790057494e-07;1.0;p09.txt;21.0;10.0;0.0
Data(x=[75, 1], edge_index=[2, 84], edge_attr=[84, 3], y=0.0, custom_label=0.0, min_label=0, max_label=88, instance_name='p09.txt');0.0;0.2349932938814163;0.0013594408519566;4.0150612790057494e-07;0.0;p09.txt;21.0;0.0;0.0
Data(x=[57, 1], edge_index=[2, 68], edge_attr=[68, 3], y=0.0, custom_label=0.0, min_label=0, max_label=88, instance_name='p09.txt');0.0;0.2349932938814163;5.232102921581827e-05;4.0150612790057494e-07;0.0;p09.txt;21.0;0.0;0.0
Data(x=[60, 1], edge_index=[2, 72], edge_attr=[72, 3], y=0.0, custom_label=0.0, min_label=0, max_label=88, instance_name='p09.txt');0.0;0.2349932938814163;6.0739264881704e-05;0.0;0.0;p09.txt;21.0;0.0;0.0
Data(x=[44, 1], edge_index=[2, 56], edge_attr=[56, 3], y=0.0, custom_label=0.0, min_label=0, max_label=88, instance_name='p09.txt');0.0;0.2349932938814163;2.6886533305514604e-05;0.0;0.0;p09.txt;21.0;0.0;0.0
Data(x=[49, 1], edge_index=[2, 60], edge_attr=[60, 3], y=0.0, custom_label=0.0, min_label=0, max_label=88, instance_name='p09.txt');0.0;0.2349932938814163;8.020852692425251e-05;4.0150612790057494e-07;0.0;p09.txt;21.0;0.0;0.0
Data(x=[48, 1], edge_index=[2, 60], edge_attr=[60, 3], y=0.0, custom_label=0.0, min_label=0, max_label=88, instance_name='p09.txt');0.0;0.2349932938814163;1.446819737793703e-06;4.0150612790057494e-07;0.0;p09.txt;21.0;0.0;0.0
Data(x=[57, 1], edge_index=[2, 70], edge_attr=[70, 3], y=7.0, custom_label=0.07954545, min_label=0, max_label=88, instance_name='p09.txt');0.0795454531908035;0.2349932938814163;0.0310612060129642;0.0;7.0;p09.txt;21.0;3.0;0.0
Data(x=[56, 1], edge_index=[2, 68], edge_attr=[68, 3], y=6.0, custom_label=0.06818182, min_label=0, max_label=88, instance_name='p09.txt');0.0681818202137947;0.2349932938814163;0.0656761974096298;4.0150612790057494e-07;6.0;p09.txt;21.0;6.0;0.0
Data(x=[56, 1], edge_index=[2, 68], edge_attr=[68, 3], y=5.0, custom_label=0.056818184, min_label=0, max_label=88, instance_name='p09.txt');0.0568181835114955;0.2349932938814163;0.0656761974096298;4.0150612790057494e-07;5.0;p09.txt;21.0;6.0;0.0
Data(x=[56, 1], edge_index=[2, 68], edge_attr=[68, 3], y=4.0, custom_label=0.045454547, min_label=0, max_label=88, instance_name='p09.txt');0.0454545468091964;0.2349932938814163;0.065676212310791;4.0150612790057494e-07;4.0;p09.txt;21.0;6.0;0.0
Data(x=[56, 1], edge_index=[2, 68], edge_attr=[68, 3], y=3.0, custom_label=0.03409091, min_label=0, max_label=88, instance_name='p09.txt');0.0340909101068973;0.2349932938814163;0.0656761676073074;4.0150612790057494e-07;3.0;p09.txt;21.0;6.0;0.0
Data(x=[56, 1], edge_index=[2, 68], edge_attr=[68, 3], y=2.0, custom_label=0.022727273, min_label=0, max_label=88, instance_name='p09.txt');0.0227272734045982;0.2349932938814163;0.065676212310791;4.0150612790057494e-07;2.0;p09.txt;21.0;6.0;0.0
Data(x=[56, 1], edge_index=[2, 68], edge_attr=[68, 3], y=1.0, custom_label=0.011363637, min_label=0, max_label=88, instance_name='p09.txt');0.0113636367022991;0.2349932938814163;0.0656761974096298;4.0150612790057494e-07;1.0;p09.txt;21.0;6.0;0.0
Data(x=[57, 1], edge_index=[2, 70], edge_attr=[70, 3], y=0.0, custom_label=0.0, min_label=0, max_label=88, instance_name='p09.txt');0.0;0.2349932938814163;3.2554562494624406e-05;4.0150612790057494e-07;0.0;p09.txt;21.0;0.0;0.0
Data(x=[59, 1], edge_index=[2, 64], edge_attr=[64, 3], y=95.0, custom_label=1.0, min_label=0, max_label=95, instance_name='p10.txt');1.0;0.2349932938814163;0.780340850353241;4.0150612790057494e-07;95.0;p10.txt;22.0;74.0;0.0
Data(x=[59, 1], edge_index=[2, 64], edge_attr=[64, 3], y=94.0, custom_label=0.9894737, min_label=0, max_label=95, instance_name='p10.txt');0.9894737005233764;0.2349932938814163;0.780340850353241;4.0150612790057494e-07;94.0;p10.txt;22.0;74.0;0.0
Data(x=[59, 1], edge_index=[2, 64], edge_attr=[64, 3], y=93.0, custom_label=0.97894734, min_label=0, max_label=95, instance_name='p10.txt');0.9789473414421082;0.2349932938814163;0.780340850353241;4.0150612790057494e-07;93.0;p10.txt;22.0;74.0;0.0
Data(x=[59, 1], edge_index=[2, 64], edge_attr=[64, 3], y=92.0, custom_label=0.96842104, min_label=0, max_label=95, instance_name='p10.txt');0.9684210419654846;0.2349932938814163;0.780340850353241;4.0150612790057494e-07;92.0;p10.txt;22.0;74.0;0.0
Data(x=[59, 1], edge_index=[2, 64], edge_attr=[64, 3], y=91.0, custom_label=0.95789474, min_label=0, max_label=95, instance_name='p10.txt');0.9578947424888612;0.2349932938814163;0.780340850353241;4.0150612790057494e-07;91.0;p10.txt;22.0;74.0;0.0
Data(x=[59, 1], edge_index=[2, 64], edge_attr=[64, 3], y=90.0, custom_label=0.94736844, min_label=0, max_label=95, instance_name='p10.txt');0.9473684430122375;0.2349932938814163;0.780340850353241;4.0150612790057494e-07;90.0;p10.txt;22.0;74.0;0.0
Data(x=[59, 1], edge_index=[2, 64], edge_attr=[64, 3], y=89.0, custom_label=0.9368421, min_label=0, max_label=95, instance_name='p10.txt');0.9368420839309692;0.2349932938814163;0.780340850353241;4.0150612790057494e-07;89.0;p10.txt;22.0;74.0;0.0
Data(x=[59, 1], edge_index=[2, 64], edge_attr=[64, 3], y=88.0, custom_label=0.9263158, min_label=0, max_label=95, instance_name='p10.txt');0.9263157844543456;0.2349932938814163;0.780340850353241;4.0150612790057494e-07;88.0;p10.txt;22.0;74.0;0.0
Data(x=[59, 1], edge_index=[2, 64], edge_attr=[64, 3], y=87.0, custom_label=0.9157895, min_label=0, max_label=95, instance_name='p10.txt');0.9157894849777222;0.2349932938814163;0.7803407907485962;4.0150612790057494e-07;87.0;p10.txt;22.0;74.0;0.0
Data(x=[59, 1], edge_index=[2, 64], edge_attr=[64, 3], y=86.0, custom_label=0.9052632, min_label=0, max_label=95, instance_name='p10.txt');0.9052631855010986;0.2349932938814163;0.780340850353241;4.0150612790057494e-07;86.0;p10.txt;22.0;74.0;0.0
Data(x=[59, 1], edge_index=[2, 64], edge_attr=[64, 3], y=85.0, custom_label=0.8947368, min_label=0, max_label=95, instance_name='p10.txt');0.8947368264198303;0.2349932938814163;0.780340850353241;4.0150612790057494e-07;85.0;p10.txt;22.0;74.0;0.0
Data(x=[59, 1], edge_index=[2, 64], edge_attr=[64, 3], y=84.0, custom_label=0.8842105, min_label=0, max_label=95, instance_name='p10.txt');0.8842105269432068;0.2349932938814163;0.780340850353241;4.0150612790057494e-07;84.0;p10.txt;22.0;74.0;0.0
Data(x=[59, 1], edge_index=[2, 64], edge_attr=[64, 3], y=83.0, custom_label=0.8736842, min_label=0, max_label=95, instance_name='p10.txt');0.8736842274665833;0.2349932938814163;0.780340850353241;4.0150612790057494e-07;83.0;p10.txt;22.0;74.0;0.0
Data(x=[59, 1], edge_index=[2, 64], edge_attr=[64, 3], y=82.0, custom_label=0.86315787, min_label=0, max_label=95, instance_name='p10.txt');0.8631578683853149;0.2349932938814163;0.780340850353241;4.0150612790057494e-07;82.0;p10.txt;22.0;74.0;0.0
Data(x=[59, 1], edge_index=[2, 64], edge_attr=[64, 3], y=81.0, custom_label=0.85263157, min_label=0, max_label=95, instance_name='p10.txt');0.8526315689086914;0.2349932938814163;0.780340850353241;4.0150612790057494e-07;81.0;p10.txt;22.0;74.0;0.0
Data(x=[59, 1], edge_index=[2, 64], edge_attr=[64, 3], y=80.0, custom_label=0.84210527, min_label=0, max_label=95, instance_name='p10.txt');0.8421052694320679;0.2349932938814163;0.780340850353241;4.0150612790057494e-07;80.0;p10.txt;22.0;74.0;0.0
Data(x=[59, 1], edge_index=[2, 64], edge_attr=[64, 3], y=79.0, custom_label=0.83157897, min_label=0, max_label=95, instance_name='p10.txt');0.8315789699554443;0.2349932938814163;0.780340850353241;4.0150612790057494e-07;79.0;p10.txt;22.0;74.0;0.0
Data(x=[59, 1], edge_index=[2, 64], edge_attr=[64, 3], y=78.0, custom_label=0.8210526, min_label=0, max_label=95, instance_name='p10.txt');0.821052610874176;0.2349932938814163;0.7803407907485962;4.0150612790057494e-07;78.0;p10.txt;22.0;74.0;0.0
Data(x=[59, 1], edge_index=[2, 64], edge_attr=[64, 3], y=77.0, custom_label=0.8105263, min_label=0, max_label=95, instance_name='p10.txt');0.8105263113975525;0.2349932938814163;0.780340850353241;4.0150612790057494e-07;77.0;p10.txt;22.0;74.0;0.0
Data(x=[59, 1], edge_index=[2, 64], edge_attr=[64, 3], y=76.0, custom_label=0.8, min_label=0, max_label=95, instance_name='p10.txt');0.800000011920929;0.2349932938814163;0.780340850353241;4.0150612790057494e-07;76.0;p10.txt;22.0;74.0;0.0
Data(x=[59, 1], edge_index=[2, 64], edge_attr=[64, 3], y=75.0, custom_label=0.7894737, min_label=0, max_label=95, instance_name='p10.txt');0.7894737124443054;0.2349932938814163;0.7803407907485962;4.0150612790057494e-07;75.0;p10.txt;22.0;74.0;0.0
Data(x=[59, 1], edge_index=[2, 64], edge_attr=[64, 3], y=74.0, custom_label=0.77894735, min_label=0, max_label=95, instance_name='p10.txt');0.7789473533630371;0.2349932938814163;0.7803407907485962;4.0150612790057494e-07;74.0;p10.txt;22.0;74.0;0.0
Data(x=[59, 1], edge_index=[2, 64], edge_attr=[64, 3], y=73.0, custom_label=0.76842105, min_label=0, max_label=95, instance_name='p10.txt');0.7684210538864136;0.2349932938814163;0.7803407907485962;4.0150612790057494e-07;73.0;p10.txt;22.0;74.0;0.0
Data(x=[59, 1], edge_index=[2, 64], edge_attr=[64, 3], y=72.0, custom_label=0.75789475, min_label=0, max_label=95, instance_name='p10.txt');0.75789475440979;0.2349932938814163;0.7803407907485962;4.0150612790057494e-07;72.0;p10.txt;22.0;74.0;0.0
Data(x=[59, 1], edge_index=[2, 64], edge_attr=[64, 3], y=71.0, custom_label=0.7473684, min_label=0, max_label=95, instance_name='p10.txt');0.7473683953285217;0.2349932938814163;0.780340850353241;4.0150612790057494e-07;71.0;p10.txt;22.0;74.0;0.0
Data(x=[59, 1], edge_index=[2, 64], edge_attr=[64, 3], y=70.0, custom_label=0.7368421, min_label=0, max_label=95, instance_name='p10.txt');0.7368420958518982;0.2349932938814163;0.780340850353241;4.0150612790057494e-07;70.0;p10.txt;22.0;74.0;0.0
Data(x=[59, 1], edge_index=[2, 64], edge_attr=[64, 3], y=69.0, custom_label=0.7263158, min_label=0, max_label=95, instance_name='p10.txt');0.7263157963752747;0.2349932938814163;0.780340850353241;4.0150612790057494e-07;69.0;p10.txt;22.0;74.0;0.0
Data(x=[59, 1], edge_index=[2, 64], edge_attr=[64, 3], y=68.0, custom_label=0.7157895, min_label=0, max_label=95, instance_name='p10.txt');0.7157894968986511;0.2349932938814163;0.7803407907485962;4.0150612790057494e-07;68.0;p10.txt;22.0;74.0;0.0
Data(x=[59, 1], edge_index=[2, 64], edge_attr=[64, 3], y=67.0, custom_label=0.70526314, min_label=0, max_label=95, instance_name='p10.txt');0.7052631378173828;0.2349932938814163;0.780340850353241;4.0150612790057494e-07;67.0;p10.txt;22.0;74.0;0.0
Data(x=[59, 1], edge_index=[2, 64], edge_attr=[64, 3], y=66.0, custom_label=0.69473684, min_label=0, max_label=95, instance_name='p10.txt');0.6947368383407593;0.2349932938814163;0.780340850353241;4.0150612790057494e-07;66.0;p10.txt;22.0;74.0;0.0
Data(x=[59, 1], edge_index=[2, 64], edge_attr=[64, 3], y=65.0, custom_label=0.68421054, min_label=0, max_label=95, instance_name='p10.txt');0.6842105388641357;0.2349932938814163;0.780340850353241;4.0150612790057494e-07;65.0;p10.txt;22.0;74.0;0.0
Data(x=[59, 1], edge_index=[2, 64], edge_attr=[64, 3], y=64.0, custom_label=0.67368424, min_label=0, max_label=95, instance_name='p10.txt');0.6736842393875122;0.2349932938814163;0.780340850353241;4.0150612790057494e-07;64.0;p10.txt;22.0;74.0;0.0
Data(x=[59, 1], edge_index=[2, 64], edge_attr=[64, 3], y=63.0, custom_label=0.6631579, min_label=0, max_label=95, instance_name='p10.txt');0.6631578803062439;0.2349932938814163;0.780340850353241;4.0150612790057494e-07;63.0;p10.txt;22.0;74.0;0.0
Data(x=[59, 1], edge_index=[2, 64], edge_attr=[64, 3], y=62.0, custom_label=0.6526316, min_label=0, max_label=95, instance_name='p10.txt');0.6526315808296204;0.2349932938814163;0.780340850353241;4.0150612790057494e-07;62.0;p10.txt;22.0;74.0;0.0
Data(x=[59, 1], edge_index=[2, 64], edge_attr=[64, 3], y=61.0, custom_label=0.6421053, min_label=0, max_label=95, instance_name='p10.txt');0.6421052813529968;0.2349932938814163;0.780340850353241;4.0150612790057494e-07;61.0;p10.txt;22.0;74.0;0.0
Data(x=[59, 1], edge_index=[2, 64], edge_attr=[64, 3], y=60.0, custom_label=0.6315789, min_label=0, max_label=95, instance_name='p10.txt');0.6315789222717285;0.2349932938814163;0.780340850353241;4.0150612790057494e-07;60.0;p10.txt;22.0;74.0;0.0
Data(x=[59, 1], edge_index=[2, 64], edge_attr=[64, 3], y=59.0, custom_label=0.6210526, min_label=0, max_label=95, instance_name='p10.txt');0.621052622795105;0.2349932938814163;0.780340850353241;4.0150612790057494e-07;59.0;p10.txt;22.0;74.0;0.0
Data(x=[59, 1], edge_index=[2, 64], edge_attr=[64, 3], y=58.0, custom_label=0.6105263, min_label=0, max_label=95, instance_name='p10.txt');0.6105263233184814;0.2349932938814163;0.780340850353241;4.0150612790057494e-07;58.0;p10.txt;22.0;74.0;0.0
Data(x=[59, 1], edge_index=[2, 64], edge_attr=[64, 3], y=57.0, custom_label=0.6, min_label=0, max_label=95, instance_name='p10.txt');0.6000000238418579;0.2349932938814163;0.780340850353241;4.0150612790057494e-07;57.0;p10.txt;22.0;74.0;0.0
Data(x=[60, 1], edge_index=[2, 66], edge_attr=[66, 3], y=56.0, custom_label=0.58947366, min_label=0, max_label=95, instance_name='p10.txt');0.5894736647605896;0.2349932938814163;0.4504139721393585;4.0150612790057494e-07;56.0;p10.txt;22.0;43.0;0.0
Data(x=[60, 1], edge_index=[2, 66], edge_attr=[66, 3], y=55.0, custom_label=0.57894737, min_label=0, max_label=95, instance_name='p10.txt');0.5789473652839661;0.2349932938814163;0.4504139721393585;4.0150612790057494e-07;55.0;p10.txt;22.0;43.0;0.0
Data(x=[60, 1], edge_index=[2, 66], edge_attr=[66, 3], y=54.0, custom_label=0.56842107, min_label=0, max_label=95, instance_name='p10.txt');0.5684210658073425;0.2349932938814163;0.4504139721393585;4.0150612790057494e-07;54.0;p10.txt;22.0;43.0;0.0
Data(x=[60, 1], edge_index=[2, 66], edge_attr=[66, 3], y=53.0, custom_label=0.55789477, min_label=0, max_label=95, instance_name='p10.txt');0.557894766330719;0.2349932938814163;0.4504139721393585;4.0150612790057494e-07;53.0;p10.txt;22.0;43.0;0.0
Data(x=[60, 1], edge_index=[2, 66], edge_attr=[66, 3], y=52.0, custom_label=0.5473684, min_label=0, max_label=95, instance_name='p10.txt');0.5473684072494507;0.2349932938814163;0.4504139721393585;4.0150612790057494e-07;52.0;p10.txt;22.0;43.0;0.0
Data(x=[59, 1], edge_index=[2, 64], edge_attr=[64, 3], y=51.0, custom_label=0.5368421, min_label=0, max_label=95, instance_name='p10.txt');0.5368421077728271;0.2349932938814163;0.7803407907485962;4.0150612790057494e-07;51.0;p10.txt;22.0;74.0;0.0
Data(x=[59, 1], edge_index=[2, 64], edge_attr=[64, 3], y=50.0, custom_label=0.5263158, min_label=0, max_label=95, instance_name='p10.txt');0.5263158082962036;0.2349932938814163;0.7803407907485962;4.0150612790057494e-07;50.0;p10.txt;22.0;74.0;0.0
Data(x=[59, 1], edge_index=[2, 64], edge_attr=[64, 3], y=49.0, custom_label=0.51578945, min_label=0, max_label=95, instance_name='p10.txt');0.5157894492149353;0.2349932938814163;0.780340850353241;4.0150612790057494e-07;49.0;p10.txt;22.0;74.0;0.0
Data(x=[59, 1], edge_index=[2, 64], edge_attr=[64, 3], y=48.0, custom_label=0.50526315, min_label=0, max_label=95, instance_name='p10.txt');0.5052631497383118;0.2349932938814163;0.780340850353241;4.0150612790057494e-07;48.0;p10.txt;22.0;74.0;0.0
Data(x=[59, 1], edge_index=[2, 64], edge_attr=[64, 3], y=47.0, custom_label=0.49473685, min_label=0, max_label=95, instance_name='p10.txt');0.4947368502616882;0.2349932938814163;0.780340850353241;4.0150612790057494e-07;47.0;p10.txt;22.0;74.0;0.0
Data(x=[59, 1], edge_index=[2, 64], edge_attr=[64, 3], y=46.0, custom_label=0.48421052, min_label=0, max_label=95, instance_name='p10.txt');0.4842105209827423;0.2349932938814163;0.780340850353241;4.0150612790057494e-07;46.0;p10.txt;22.0;74.0;0.0
Data(x=[59, 1], edge_index=[2, 64], edge_attr=[64, 3], y=45.0, custom_label=0.47368422, min_label=0, max_label=95, instance_name='p10.txt');0.4736842215061188;0.2349932938814163;0.7803407907485962;4.0150612790057494e-07;45.0;p10.txt;22.0;74.0;0.0
Data(x=[60, 1], edge_index=[2, 66], edge_attr=[66, 3], y=44.0, custom_label=0.4631579, min_label=0, max_label=95, instance_name='p10.txt');0.4631578922271728;0.2349932938814163;0.4504139721393585;4.0150612790057494e-07;44.0;p10.txt;22.0;43.0;0.0
Data(x=[60, 1], edge_index=[2, 66], edge_attr=[66, 3], y=43.0, custom_label=0.4526316, min_label=0, max_label=95, instance_name='p10.txt');0.4526315927505493;0.2349932938814163;0.4504139721393585;4.0150612790057494e-07;43.0;p10.txt;22.0;43.0;0.0
Data(x=[60, 1], edge_index=[2, 66], edge_attr=[66, 3], y=42.0, custom_label=0.44210526, min_label=0, max_label=95, instance_name='p10.txt');0.4421052634716034;0.2349932938814163;0.4504139721393585;4.0150612790057494e-07;42.0;p10.txt;22.0;43.0;0.0
Data(x=[60, 1], edge_index=[2, 66], edge_attr=[66, 3], y=41.0, custom_label=0.43157893, min_label=0, max_label=95, instance_name='p10.txt');0.4315789341926574;0.2349932938814163;0.4504139721393585;4.0150612790057494e-07;41.0;p10.txt;22.0;43.0;0.0
Data(x=[60, 1], edge_index=[2, 66], edge_attr=[66, 3], y=40.0, custom_label=0.42105263, min_label=0, max_label=95, instance_name='p10.txt');0.4210526347160339;0.2349932938814163;0.4504139721393585;4.0150612790057494e-07;40.0;p10.txt;22.0;43.0;0.0
Data(x=[60, 1], edge_index=[2, 66], edge_attr=[66, 3], y=39.0, custom_label=0.4105263, min_label=0, max_label=95, instance_name='p10.txt');0.410526305437088;0.2349932938814163;0.4504139721393585;4.0150612790057494e-07;39.0;p10.txt;22.0;43.0;0.0
Data(x=[60, 1], edge_index=[2, 66], edge_attr=[66, 3], y=38.0, custom_label=0.4, min_label=0, max_label=95, instance_name='p10.txt');0.4000000059604645;0.2349932938814163;0.4504139721393585;4.0150612790057494e-07;38.0;p10.txt;22.0;43.0;0.0
Data(x=[60, 1], edge_index=[2, 66], edge_attr=[66, 3], y=37.0, custom_label=0.38947368, min_label=0, max_label=95, instance_name='p10.txt');0.3894736766815185;0.2349932938814163;0.4504139721393585;4.0150612790057494e-07;37.0;p10.txt;22.0;43.0;0.0
Data(x=[60, 1], edge_index=[2, 66], edge_attr=[66, 3], y=36.0, custom_label=0.37894738, min_label=0, max_label=95, instance_name='p10.txt');0.378947377204895;0.2349932938814163;0.4504139721393585;4.0150612790057494e-07;36.0;p10.txt;22.0;43.0;0.0
Data(x=[60, 1], edge_index=[2, 66], edge_attr=[66, 3], y=35.0, custom_label=0.36842105, min_label=0, max_label=95, instance_name='p10.txt');0.3684210479259491;0.2349932938814163;0.4504139721393585;4.0150612790057494e-07;35.0;p10.txt;22.0;43.0;0.0
Data(x=[60, 1], edge_index=[2, 66], edge_attr=[66, 3], y=34.0, custom_label=0.35789475, min_label=0, max_label=95, instance_name='p10.txt');0.3578947484493255;0.2349932938814163;0.4504139721393585;4.0150612790057494e-07;34.0;p10.txt;22.0;43.0;0.0
Data(x=[60, 1], edge_index=[2, 66], edge_attr=[66, 3], y=33.0, custom_label=0.34736842, min_label=0, max_label=95, instance_name='p10.txt');0.3473684191703796;0.2349932938814163;0.4504139721393585;4.0150612790057494e-07;33.0;p10.txt;22.0;43.0;0.0
Data(x=[60, 1], edge_index=[2, 66], edge_attr=[66, 3], y=32.0, custom_label=0.33684212, min_label=0, max_label=95, instance_name='p10.txt');0.3368421196937561;0.2349932938814163;0.4504139721393585;4.0150612790057494e-07;32.0;p10.txt;22.0;43.0;0.0
Data(x=[60, 1], edge_index=[2, 66], edge_attr=[66, 3], y=31.0, custom_label=0.3263158, min_label=0, max_label=95, instance_name='p10.txt');0.3263157904148102;0.2349932938814163;0.4504139721393585;4.0150612790057494e-07;31.0;p10.txt;22.0;43.0;0.0
Data(x=[60, 1], edge_index=[2, 66], edge_attr=[66, 3], y=30.0, custom_label=0.31578946, min_label=0, max_label=95, instance_name='p10.txt');0.3157894611358642;0.2349932938814163;0.4504139721393585;4.0150612790057494e-07;30.0;p10.txt;22.0;43.0;0.0
Data(x=[60, 1], edge_index=[2, 66], edge_attr=[66, 3], y=29.0, custom_label=0.30526316, min_label=0, max_label=95, instance_name='p10.txt');0.3052631616592407;0.2349932938814163;0.4504139721393585;4.0150612790057494e-07;29.0;p10.txt;22.0;43.0;0.0
Data(x=[61, 1], edge_index=[2, 68], edge_attr=[68, 3], y=28.0, custom_label=0.29473683, min_label=0, max_label=95, instance_name='p10.txt');0.2947368323802948;0.2349932938814163;0.2590544819831848;4.0150612790057494e-07;28.0;p10.txt;22.0;25.0;0.0
Data(x=[61, 1], edge_index=[2, 68], edge_attr=[68, 3], y=27.0, custom_label=0.28421053, min_label=0, max_label=95, instance_name='p10.txt');0.2842105329036712;0.2349932938814163;0.2590544819831848;4.0150612790057494e-07;27.0;p10.txt;22.0;25.0;0.0
Data(x=[61, 1], edge_index=[2, 68], edge_attr=[68, 3], y=26.0, custom_label=0.2736842, min_label=0, max_label=95, instance_name='p10.txt');0.2736842036247253;0.2349932938814163;0.2590544819831848;4.0150612790057494e-07;26.0;p10.txt;22.0;25.0;0.0
Data(x=[61, 1], edge_index=[2, 68], edge_attr=[68, 3], y=25.0, custom_label=0.2631579, min_label=0, max_label=95, instance_name='p10.txt');0.2631579041481018;0.2349932938814163;0.2590544819831848;4.0150612790057494e-07;25.0;p10.txt;22.0;25.0;0.0
Data(x=[61, 1], edge_index=[2, 68], edge_attr=[68, 3], y=24.0, custom_label=0.25263157, min_label=0, max_label=95, instance_name='p10.txt');0.2526315748691559;0.2349932938814163;0.2590544819831848;4.0150612790057494e-07;24.0;p10.txt;22.0;25.0;0.0
Data(x=[61, 1], edge_index=[2, 68], edge_attr=[68, 3], y=23.0, custom_label=0.24210526, min_label=0, max_label=95, instance_name='p10.txt');0.2421052604913711;0.2349932938814163;0.2590544819831848;4.0150612790057494e-07;23.0;p10.txt;22.0;25.0;0.0
Data(x=[61, 1], edge_index=[2, 68], edge_attr=[68, 3], y=22.0, custom_label=0.23157895, min_label=0, max_label=95, instance_name='p10.txt');0.2315789461135864;0.2349932938814163;0.2590544819831848;4.0150612790057494e-07;22.0;p10.txt;22.0;25.0;0.0
Data(x=[61, 1], edge_index=[2, 68], edge_attr=[68, 3], y=21.0, custom_label=0.22105263, min_label=0, max_label=95, instance_name='p10.txt');0.2210526317358017;0.2349932938814163;0.2590544819831848;4.0150612790057494e-07;21.0;p10.txt;22.0;25.0;0.0
Data(x=[61, 1], edge_index=[2, 68], edge_attr=[68, 3], y=20.0, custom_label=0.21052632, min_label=0, max_label=95, instance_name='p10.txt');0.2105263173580169;0.2349932938814163;0.2590544819831848;4.0150612790057494e-07;20.0;p10.txt;22.0;25.0;0.0
Data(x=[61, 1], edge_index=[2, 68], edge_attr=[68, 3], y=19.0, custom_label=0.2, min_label=0, max_label=95, instance_name='p10.txt');0.2000000029802322;0.2349932938814163;0.2590544819831848;4.0150612790057494e-07;19.0;p10.txt;22.0;25.0;0.0
Data(x=[61, 1], edge_index=[2, 68], edge_attr=[68, 3], y=18.0, custom_label=0.18947369, min_label=0, max_label=95, instance_name='p10.txt');0.1894736886024475;0.2349932938814163;0.2590544819831848;4.0150612790057494e-07;18.0;p10.txt;22.0;25.0;0.0
Data(x=[61, 1], edge_index=[2, 68], edge_attr=[68, 3], y=17.0, custom_label=0.17894737, min_label=0, max_label=95, instance_name='p10.txt');0.1789473742246627;0.2349932938814163;0.2590544819831848;4.0150612790057494e-07;17.0;p10.txt;22.0;25.0;0.0
Data(x=[61, 1], edge_index=[2, 68], edge_attr=[68, 3], y=16.0, custom_label=0.16842106, min_label=0, max_label=95, instance_name='p10.txt');0.168421059846878;0.2349932938814163;0.2590544819831848;4.0150612790057494e-07;16.0;p10.txt;22.0;25.0;0.0
Data(x=[61, 1], edge_index=[2, 68], edge_attr=[68, 3], y=15.0, custom_label=0.15789473, min_label=0, max_label=95, instance_name='p10.txt');0.1578947305679321;0.2349932938814163;0.2590544819831848;4.0150612790057494e-07;15.0;p10.txt;22.0;25.0;0.0
Data(x=[61, 1], edge_index=[2, 68], edge_attr=[68, 3], y=14.0, custom_label=0.14736842, min_label=0, max_label=95, instance_name='p10.txt');0.1473684161901474;0.2349932938814163;0.2590544819831848;4.0150612790057494e-07;14.0;p10.txt;22.0;25.0;0.0
Data(x=[61, 1], edge_index=[2, 68], edge_attr=[68, 3], y=13.0, custom_label=0.1368421, min_label=0, max_label=95, instance_name='p10.txt');0.1368421018123626;0.2349932938814163;0.2590544819831848;4.0150612790057494e-07;13.0;p10.txt;22.0;25.0;0.0
Data(x=[62, 1], edge_index=[2, 70], edge_attr=[70, 3], y=12.0, custom_label=0.12631579, min_label=0, max_label=95, instance_name='p10.txt');0.1263157874345779;0.2349932938814163;0.1078868135809898;4.0150612790057494e-07;12.0;p10.txt;22.0;10.0;0.0
Data(x=[62, 1], edge_index=[2, 70], edge_attr=[70, 3], y=11.0, custom_label=0.11578947, min_label=0, max_label=95, instance_name='p10.txt');0.1157894730567932;0.2349932938814163;0.1078868359327316;4.0150612790057494e-07;11.0;p10.txt;22.0;10.0;0.0
Data(x=[62, 1], edge_index=[2, 70], edge_attr=[70, 3], y=10.0, custom_label=0.10526316, min_label=0, max_label=95, instance_name='p10.txt');0.1052631586790084;0.2349932938814163;0.1078868135809898;4.0150612790057494e-07;10.0;p10.txt;22.0;10.0;0.0
Data(x=[62, 1], edge_index=[2, 70], edge_attr=[70, 3], y=9.0, custom_label=0.094736844, min_label=0, max_label=95, instance_name='p10.txt');0.0947368443012237;0.2349932938814163;0.1078868359327316;4.0150612790057494e-07;9.0;p10.txt;22.0;10.0;0.0
Data(x=[62, 1], edge_index=[2, 70], edge_attr=[70, 3], y=8.0, custom_label=0.08421053, min_label=0, max_label=95, instance_name='p10.txt');0.084210529923439;0.2349932938814163;0.1078868135809898;4.0150612790057494e-07;8.0;p10.txt;22.0;10.0;0.0
Data(x=[62, 1], edge_index=[2, 70], edge_attr=[70, 3], y=7.0, custom_label=0.07368421, min_label=0, max_label=95, instance_name='p10.txt');0.0736842080950737;0.2349932938814163;0.1078868359327316;4.0150612790057494e-07;7.0;p10.txt;22.0;10.0;0.0
Data(x=[62, 1], edge_index=[2, 70], edge_attr=[70, 3], y=6.0, custom_label=0.06315789, min_label=0, max_label=95, instance_name='p10.txt');0.0631578937172889;0.2349932938814163;0.1078868359327316;4.0150612790057494e-07;6.0;p10.txt;22.0;10.0;0.0
Data(x=[62, 1], edge_index=[2, 70], edge_attr=[70, 3], y=5.0, custom_label=0.05263158, min_label=0, max_label=95, instance_name='p10.txt');0.0526315793395042;0.2349932938814163;0.1078868359327316;4.0150612790057494e-07;5.0;p10.txt;22.0;10.0;0.0
Data(x=[62, 1], edge_index=[2, 70], edge_attr=[70, 3], y=4.0, custom_label=0.042105265, min_label=0, max_label=95, instance_name='p10.txt');0.0421052649617195;0.2349932938814163;0.1078868135809898;4.0150612790057494e-07;4.0;p10.txt;22.0;10.0;0.0
Data(x=[62, 1], edge_index=[2, 70], edge_attr=[70, 3], y=3.0, custom_label=0.031578947, min_label=0, max_label=95, instance_name='p10.txt');0.0315789468586444;0.2349932938814163;0.1078867837786674;4.0150612790057494e-07;3.0;p10.txt;22.0;10.0;0.0
Data(x=[62, 1], edge_index=[2, 70], edge_attr=[70, 3], y=2.0, custom_label=0.021052632, min_label=0, max_label=95, instance_name='p10.txt');0.0210526324808597;0.2349932938814163;0.1078867837786674;4.0150612790057494e-07;2.0;p10.txt;22.0;10.0;0.0
Data(x=[62, 1], edge_index=[2, 70], edge_attr=[70, 3], y=1.0, custom_label=0.010526316, min_label=0, max_label=95, instance_name='p10.txt');0.0105263162404298;0.2349932938814163;0.1078868135809898;4.0150612790057494e-07;1.0;p10.txt;22.0;10.0;0.0
Data(x=[63, 1], edge_index=[2, 72], edge_attr=[72, 3], y=0.0, custom_label=0.0, min_label=0, max_label=95, instance_name='p10.txt');0.0;0.2349932938814163;0.0005886679864488;4.0150612790057494e-07;0.0;p10.txt;22.0;0.0;0.0
Data(x=[40, 1], edge_index=[2, 52], edge_attr=[52, 3], y=0.0, custom_label=0.0, min_label=0, max_label=95, instance_name='p10.txt');0.0;0.2349932938814163;1.2089454685337842e-05;0.0;0.0;p10.txt;22.0;0.0;0.0
Data(x=[43, 1], edge_index=[2, 54], edge_attr=[54, 3], y=0.0, custom_label=0.0, min_label=0, max_label=95, instance_name='p10.txt');0.0;0.2349932938814163;5.46075796137302e-07;0.0;0.0;p10.txt;22.0;0.0;0.0
Data(x=[42, 1], edge_index=[2, 54], edge_attr=[54, 3], y=0.0, custom_label=0.0, min_label=0, max_label=95, instance_name='p10.txt');0.0;0.2349932938814163;1.014674694488349e-06;4.0150612790057494e-07;0.0;p10.txt;22.0;0.0;0.0
Data(x=[37, 1], edge_index=[2, 48], edge_attr=[48, 3], y=0.0, custom_label=0.0, min_label=0, max_label=95, instance_name='p10.txt');0.0;0.2349932938814163;6.948121722416545e-07;4.0150612790057494e-07;0.0;p10.txt;22.0;0.0;0.0
Data(x=[77, 1], edge_index=[2, 88], edge_attr=[88, 3], y=2.0, custom_label=0.33333334, min_label=0, max_label=6, instance_name='p11.txt');0.3333333432674408;0.2349932938814163;0.1049111783504486;0.0;2.0;p11.txt;1.0;1.0;0.0
Data(x=[77, 1], edge_index=[2, 88], edge_attr=[88, 3], y=1.0, custom_label=0.16666667, min_label=0, max_label=6, instance_name='p11.txt');0.1666666716337204;0.2349932938814163;0.1049111783504486;0.0;1.0;p11.txt;1.0;1.0;0.0
Data(x=[78, 1], edge_index=[2, 90], edge_attr=[90, 3], y=0.0, custom_label=0.0, min_label=0, max_label=6, instance_name='p11.txt');0.0;0.2349932938814163;0.0009410930797457;0.0;0.0;p11.txt;1.0;0.0;0.0
Data(x=[82, 1], edge_index=[2, 94], edge_attr=[94, 3], y=0.0, custom_label=0.0, min_label=0, max_label=6, instance_name='p11.txt');0.0;0.2349932938814163;0.0004508503188844;4.0150612790057494e-07;0.0;p11.txt;1.0;0.0;0.0
Data(x=[79, 1], edge_index=[2, 90], edge_attr=[90, 3], y=1.0, custom_label=0.16666667, min_label=0, max_label=6, instance_name='p11.txt');0.1666666716337204;0.2349932938814163;0.0563792809844017;4.0150612790057494e-07;1.0;p11.txt;1.0;0.0;0.0
Data(x=[79, 1], edge_index=[2, 90], edge_attr=[90, 3], y=0.0, custom_label=0.0, min_label=0, max_label=6, instance_name='p11.txt');0.0;0.2349932938814163;0.0001405433577019;4.0150612790057494e-07;0.0;p11.txt;1.0;0.0;0.0
Data(x=[75, 1], edge_index=[2, 86], edge_attr=[86, 3], y=0.0, custom_label=0.0, min_label=0, max_label=6, instance_name='p11.txt');0.0;0.2349932938814163;9.7671989351511e-05;4.0150612790057494e-07;0.0;p11.txt;1.0;0.0;0.0
Data(x=[78, 1], edge_index=[2, 90], edge_attr=[90, 3], y=0.0, custom_label=0.0, min_label=0, max_label=6, instance_name='p11.txt');0.0;0.2349932938814163;0.0009410936618223;4.0150612790057494e-07;0.0;p11.txt;1.0;0.0;0.0
Data(x=[78, 1], edge_index=[2, 90], edge_attr=[90, 3], y=0.0, custom_label=0.0, min_label=0, max_label=6, instance_name='p11.txt');0.0;0.2349932938814163;0.0009410926722921;4.0150612790057494e-07;0.0;p11.txt;1.0;0.0;0.0
Data(x=[76, 1], edge_index=[2, 88], edge_attr=[88, 3], y=0.0, custom_label=0.0, min_label=0, max_label=6, instance_name='p11.txt');0.0;0.2349932938814163;0.0008299149340018;4.0150612790057494e-07;0.0;p11.txt;1.0;0.0;0.0
Data(x=[73, 1], edge_index=[2, 86], edge_attr=[86, 3], y=0.0, custom_label=0.0, min_label=0, max_label=6, instance_name='p11.txt');0.0;0.2349932938814163;0.0001879276533145;4.0150612790057494e-07;0.0;p11.txt;1.0;0.0;0.0
Data(x=[86, 1], edge_index=[2, 98], edge_attr=[98, 3], y=0.0, custom_label=0.0, min_label=0, max_label=6, instance_name='p11.txt');0.0;0.2349932938814163;0.0005863888654857;4.0150612790057494e-07;0.0;p11.txt;1.0;0.0;0.0
Data(x=[80, 1], edge_index=[2, 92], edge_attr=[92, 3], y=0.0, custom_label=0.0, min_label=0, max_label=6, instance_name='p11.txt');0.0;0.2349932938814163;0.0001278882555197;0.0;0.0;p11.txt;1.0;0.0;0.0
Data(x=[71, 1], edge_index=[2, 84], edge_attr=[84, 3], y=0.0, custom_label=0.0, min_label=0, max_label=6, instance_name='p11.txt');0.0;0.2349932938814163;0.0001569605083204;4.0150612790057494e-07;0.0;p11.txt;1.0;0.0;0.0
Data(x=[84, 1], edge_index=[2, 96], edge_attr=[96, 3], y=0.0, custom_label=0.0, min_label=0, max_label=6, instance_name='p11.txt');0.0;0.2349932938814163;0.0005157308187335;4.0150612790057494e-07;0.0;p11.txt;1.0;0.0;0.0
Data(x=[80, 1], edge_index=[2, 90], edge_attr=[90, 3], y=0.0, custom_label=0.0, min_label=0, max_label=6, instance_name='p11.txt');0.0;0.2349932938814163;0.0015065035549923;4.0150612790057494e-07;0.0;p11.txt;1.0;0.0;0.0
Data(x=[93, 1], edge_index=[2, 102], edge_attr=[102, 3], y=6.0, custom_label=1.0, min_label=0, max_label=6, instance_name='p11.txt');1.0;0.2349932938814163;0.1236708983778953;4.0150612790057494e-07;6.0;p11.txt;1.0;1.0;0.0
Data(x=[93, 1], edge_index=[2, 102], edge_attr=[102, 3], y=5.0, custom_label=0.8333333, min_label=0, max_label=6, instance_name='p11.txt');0.8333333134651184;0.2349932938814163;0.1236708983778953;4.0150612790057494e-07;5.0;p11.txt;1.0;1.0;0.0
Data(x=[93, 1], edge_index=[2, 102], edge_attr=[102, 3], y=4.0, custom_label=0.6666667, min_label=0, max_label=6, instance_name='p11.txt');0.6666666865348816;0.2349932938814163;0.1236708983778953;4.0150612790057494e-07;4.0;p11.txt;1.0;1.0;0.0
Data(x=[93, 1], edge_index=[2, 102], edge_attr=[102, 3], y=3.0, custom_label=0.5, min_label=0, max_label=6, instance_name='p11.txt');0.5;0.2349932938814163;0.1236708983778953;4.0150612790057494e-07;3.0;p11.txt;1.0;1.0;0.0
Data(x=[93, 1], edge_index=[2, 102], edge_attr=[102, 3], y=2.0, custom_label=0.33333334, min_label=0, max_label=6, instance_name='p11.txt');0.3333333432674408;0.2349932938814163;0.1236708983778953;4.0150612790057494e-07;2.0;p11.txt;1.0;1.0;0.0
Data(x=[93, 1], edge_index=[2, 102], edge_attr=[102, 3], y=1.0, custom_label=0.16666667, min_label=0, max_label=6, instance_name='p11.txt');0.1666666716337204;0.2349932938814163;0.1006337478756904;4.0150612790057494e-07;1.0;p11.txt;1.0;1.0;0.0
Data(x=[94, 1], edge_index=[2, 104], edge_attr=[104, 3], y=0.0, custom_label=0.0, min_label=0, max_label=6, instance_name='p11.txt');0.0;0.2349932938814163;0.0011422198731452;4.0150612790057494e-07;0.0;p11.txt;1.0;0.0;0.0
Data(x=[79, 1], edge_index=[2, 90], edge_attr=[90, 3], y=0.0, custom_label=0.0, min_label=0, max_label=6, instance_name='p11.txt');0.0;0.2349932938814163;0.0011931622866541;4.0150612790057494e-07;0.0;p11.txt;1.0;0.0;0.0
Data(x=[75, 1], edge_index=[2, 88], edge_attr=[88, 3], y=0.0, custom_label=0.0, min_label=0, max_label=6, instance_name='p11.txt');0.0;0.2349932938814163;6.684095569653437e-05;0.0;0.0;p11.txt;1.0;0.0;0.0
Data(x=[78, 1], edge_index=[2, 90], edge_attr=[90, 3], y=0.0, custom_label=0.0, min_label=0, max_label=6, instance_name='p11.txt');0.0;0.2349932938814163;0.0002024094865191;4.0150612790057494e-07;0.0;p11.txt;1.0;0.0;0.0
Data(x=[75, 1], edge_index=[2, 86], edge_attr=[86, 3], y=1.0, custom_label=0.16666667, min_label=0, max_label=6, instance_name='p11.txt');0.1666666716337204;0.2349932938814163;0.0817978456616401;4.0150612790057494e-07;1.0;p11.txt;1.0;0.0;0.0
Data(x=[76, 1], edge_index=[2, 88], edge_attr=[88, 3], y=0.0, custom_label=0.0, min_label=0, max_label=6, instance_name='p11.txt');0.0;0.2349932938814163;0.0002907182497438;4.0150612790057494e-07;0.0;p11.txt;1.0;0.0;0.0
Data(x=[90, 1], edge_index=[2, 100], edge_attr=[100, 3], y=0.0, custom_label=0.0, min_label=0, max_label=6, instance_name='p11.txt');0.0;0.2349932938814163;0.0009213870507664;4.0150612790057494e-07;0.0;p11.txt;1.0;0.0;0.0
Data(x=[79, 1], edge_index=[2, 90], edge_attr=[90, 3], y=0.0, custom_label=0.0, min_label=0, max_label=6, instance_name='p11.txt');0.0;0.2349932938814163;0.0004362094332464;4.0150612790057494e-07;0.0;p11.txt;1.0;0.0;0.0
Data(x=[86, 1], edge_index=[2, 96], edge_attr=[96, 3], y=0.0, custom_label=0.0, min_label=0, max_label=6, instance_name='p11.txt');0.0;0.2349932938814163;0.0020524833817034;4.0150612790057494e-07;0.0;p11.txt;1.0;0.0;0.0
Data(x=[73, 1], edge_index=[2, 84], edge_attr=[84, 3], y=0.0, custom_label=0.0, min_label=0, max_label=6, instance_name='p11.txt');0.0;0.2349932938814163;0.0001590349856996;4.0150612790057494e-07;0.0;p11.txt;1.0;0.0;0.0
Data(x=[84, 1], edge_index=[2, 96], edge_attr=[96, 3], y=0.0, custom_label=0.0, min_label=0, max_label=6, instance_name='p11.txt');0.0;0.2349932938814163;0.0005157305276952;4.0150612790057494e-07;0.0;p11.txt;1.0;0.0;0.0
Data(x=[98, 1], edge_index=[2, 110], edge_attr=[110, 3], y=0.0, custom_label=0.0, min_label=0, max_label=6, instance_name='p11.txt');0.0;0.2349932938814163;0.0011450288584455;4.0150612790057494e-07;0.0;p11.txt;1.0;0.0;0.0
Data(x=[82, 1], edge_index=[2, 94], edge_attr=[94, 3], y=0.0, custom_label=0.0, min_label=0, max_label=6, instance_name='p11.txt');0.0;0.2349932938814163;0.0004508503188844;0.0;0.0;p11.txt;1.0;0.0;0.0
Data(x=[68, 1], edge_index=[2, 78], edge_attr=[78, 3], y=0.0, custom_label=0.0, min_label=0, max_label=6, instance_name='p11.txt');0.0;0.2349932938814163;0.0007030891138128;4.0150612790057494e-07;0.0;p11.txt;1.0;0.0;0.0
Data(x=[81, 1], edge_index=[2, 94], edge_attr=[94, 3], y=0.0, custom_label=0.0, min_label=0, max_label=6, instance_name='p11.txt');0.0;0.2349932938814163;0.0001166440561064;4.0150612790057494e-07;0.0;p11.txt;1.0;0.0;0.0
Data(x=[95, 1], edge_index=[2, 106], edge_attr=[106, 3], y=0.0, custom_label=0.0, min_label=0, max_label=6, instance_name='p11.txt');0.0;0.2349932938814163;0.0026184739544987;4.0150612790057494e-07;0.0;p11.txt;1.0;0.0;0.0
Data(x=[84, 1], edge_index=[2, 96], edge_attr=[96, 3], y=0.0, custom_label=0.0, min_label=0, max_label=6, instance_name='p11.txt');0.0;0.2349932938814163;0.0005157305276952;4.0150612790057494e-07;0.0;p11.txt;1.0;0.0;0.0
Data(x=[88, 1], edge_index=[2, 102], edge_attr=[102, 3], y=0.0, custom_label=0.0, min_label=0, max_label=6, instance_name='p11.txt');0.0;0.2349932938814163;0.0001231837959494;4.0150612790057494e-07;0.0;p11.txt;1.0;0.0;0.0
Data(x=[81, 1], edge_index=[2, 92], edge_attr=[92, 3], y=0.0, custom_label=0.0, min_label=0, max_label=6, instance_name='p11.txt');0.0;0.2349932938814163;0.000501865055412;4.0150612790057494e-07;0.0;p11.txt;1.0;0.0;0.0
Data(x=[67, 1], edge_index=[2, 78], edge_attr=[78, 3], y=0.0, custom_label=0.0, min_label=0, max_label=6, instance_name='p11.txt');0.0;0.2349932938814163;0.0001609447936061;4.0150612790057494e-07;0.0;p11.txt;1.0;0.0;0.0
Data(x=[82, 1], edge_index=[2, 96], edge_attr=[96, 3], y=0.0, custom_label=0.0, min_label=0, max_label=6, instance_name='p11.txt');0.0;0.2349932938814163;0.0003195967001374;4.0150612790057494e-07;0.0;p11.txt;1.0;0.0;0.0
Data(x=[82, 1], edge_index=[2, 94], edge_attr=[94, 3], y=1.0, custom_label=0.16666667, min_label=0, max_label=6, instance_name='p11.txt');0.1666666716337204;0.2349932938814163;0.0797004476189613;4.0150612790057494e-07;1.0;p11.txt;1.0;0.0;0.0
Data(x=[83, 1], edge_index=[2, 96], edge_attr=[96, 3], y=0.0, custom_label=0.0, min_label=0, max_label=6, instance_name='p11.txt');0.0;0.2349932938814163;0.000406305945944;4.0150612790057494e-07;0.0;p11.txt;1.0;0.0;0.0
Data(x=[72, 1], edge_index=[2, 82], edge_attr=[82, 3], y=0.0, custom_label=0.0, min_label=0, max_label=6, instance_name='p11.txt');0.0;0.2349932938814163;0.0009317899239249;4.0150612790057494e-07;0.0;p11.txt;1.0;0.0;0.0
Data(x=[81, 1], edge_index=[2, 92], edge_attr=[92, 3], y=0.0, custom_label=0.0, min_label=0, max_label=6, instance_name='p11.txt');0.0;0.2349932938814163;0.0004418274329509;4.0150612790057494e-07;0.0;p11.txt;1.0;0.0;0.0
Data(x=[85, 1], edge_index=[2, 98], edge_attr=[98, 3], y=0.0, custom_label=0.0, min_label=0, max_label=6, instance_name='p11.txt');0.0;0.2349932938814163;0.0004648972535505;4.0150612790057494e-07;0.0;p11.txt;1.0;0.0;0.0
Data(x=[75, 1], edge_index=[2, 84], edge_attr=[84, 3], y=0.0, custom_label=0.0, min_label=0, max_label=6, instance_name='p11.txt');0.0;0.2349932938814163;0.001359439571388;4.0150612790057494e-07;0.0;p11.txt;1.0;0.0;0.0
Data(x=[70, 1], edge_index=[2, 82], edge_attr=[82, 3], y=0.0, custom_label=0.0, min_label=0, max_label=6, instance_name='p11.txt');0.0;0.2349932938814163;0.000174492408405;4.0150612790057494e-07;0.0;p11.txt;1.0;0.0;0.0
Data(x=[73, 1], edge_index=[2, 86], edge_attr=[86, 3], y=0.0, custom_label=0.0, min_label=0, max_label=6, instance_name='p11.txt');0.0;0.2349932938814163;0.0005618446157313;4.0150612790057494e-07;0.0;p11.txt;1.0;0.0;0.0
Data(x=[88, 1], edge_index=[2, 100], edge_attr=[100, 3], y=0.0, custom_label=0.0, min_label=0, max_label=6, instance_name='p11.txt');0.0;0.2349932938814163;0.0006628408445976;4.0150612790057494e-07;0.0;p11.txt;1.0;0.0;0.0
Data(x=[75, 1], edge_index=[2, 86], edge_attr=[86, 3], y=0.0, custom_label=0.0, min_label=0, max_label=6, instance_name='p11.txt');0.0;0.2349932938814163;0.0009366165031678;4.0150612790057494e-07;0.0;p11.txt;1.0;0.0;0.0
Data(x=[80, 1], edge_index=[2, 90], edge_attr=[90, 3], y=0.0, custom_label=0.0, min_label=0, max_label=6, instance_name='p11.txt');0.0;0.2349932938814163;0.0015065035549923;4.0150612790057494e-07;0.0;p11.txt;1.0;0.0;0.0
Data(x=[77, 1], edge_index=[2, 88], edge_attr=[88, 3], y=0.0, custom_label=0.0, min_label=0, max_label=6, instance_name='p11.txt');0.0;0.2349932938814163;0.0003766350273508;4.0150612790057494e-07;0.0;p11.txt;1.0;0.0;0.0
Data(x=[79, 1], edge_index=[2, 92], edge_attr=[92, 3], y=0.0, custom_label=0.0, min_label=0, max_label=6, instance_name='p11.txt');0.0;0.2349932938814163;0.0003053643740713;0.0;0.0;p11.txt;1.0;0.0;0.0
Data(x=[79, 1], edge_index=[2, 92], edge_attr=[92, 3], y=0.0, custom_label=0.0, min_label=0, max_label=6, instance_name='p11.txt');0.0;0.2349932938814163;0.0003053643740713;4.0150612790057494e-07;0.0;p11.txt;1.0;0.0;0.0
Data(x=[67, 1], edge_index=[2, 78], edge_attr=[78, 3], y=0.0, custom_label=0.0, min_label=0, max_label=6, instance_name='p11.txt');0.0;0.2349932938814163;0.0005318527691997;4.0150612790057494e-07;0.0;p11.txt;1.0;0.0;0.0
Data(x=[79, 1], edge_index=[2, 90], edge_attr=[90, 3], y=0.0, custom_label=0.0, min_label=0, max_label=6, instance_name='p11.txt');0.0;0.2349932938814163;0.0011931622866541;4.0150612790057494e-07;0.0;p11.txt;1.0;0.0;0.0
Data(x=[82, 1], edge_index=[2, 92], edge_attr=[92, 3], y=1.0, custom_label=0.16666667, min_label=0, max_label=6, instance_name='p11.txt');0.1666666716337204;0.2349932938814163;0.0924158990383148;4.0150612790057494e-07;1.0;p11.txt;1.0;1.0;0.0
Data(x=[83, 1], edge_index=[2, 94], edge_attr=[94, 3], y=0.0, custom_label=0.0, min_label=0, max_label=6, instance_name='p11.txt');0.0;0.2349932938814163;0.0005736554739996;4.0150612790057494e-07;0.0;p11.txt;1.0;0.0;0.0
Data(x=[69, 1], edge_index=[2, 82], edge_attr=[82, 3], y=0.0, custom_label=0.0, min_label=0, max_label=6, instance_name='p11.txt');0.0;0.2349932938814163;2.279847285535652e-05;4.0150612790057494e-07;0.0;p11.txt;1.0;0.0;0.0
Data(x=[77, 1], edge_index=[2, 88], edge_attr=[88, 3], y=0.0, custom_label=0.0, min_label=0, max_label=6, instance_name='p11.txt');0.0;0.2349932938814163;0.0003291919128969;4.0150612790057494e-07;0.0;p11.txt;1.0;0.0;0.0
Data(x=[67, 1], edge_index=[2, 80], edge_attr=[80, 3], y=0.0, custom_label=0.0, min_label=0, max_label=6, instance_name='p11.txt');0.0;0.2349932938814163;9.09989030333236e-05;0.0;0.0;p11.txt;1.0;0.0;0.0
Data(x=[70, 1], edge_index=[2, 82], edge_attr=[82, 3], y=0.0, custom_label=0.0, min_label=0, max_label=6, instance_name='p11.txt');0.0;0.2349932938814163;0.0005472680204547;4.0150612790057494e-07;0.0;p11.txt;1.0;0.0;0.0
Data(x=[78, 1], edge_index=[2, 90], edge_attr=[90, 3], y=0.0, custom_label=0.0, min_label=0, max_label=6, instance_name='p11.txt');0.0;0.2349932938814163;7.300797005882487e-05;4.0150612790057494e-07;0.0;p11.txt;1.0;0.0;0.0
Data(x=[76, 1], edge_index=[2, 86], edge_attr=[86, 3], y=0.0, custom_label=0.0, min_label=0, max_label=6, instance_name='p11.txt');0.0;0.2349932938814163;0.0003673718310892;4.0150612790057494e-07;0.0;p11.txt;1.0;0.0;0.0
Data(x=[79, 1], edge_index=[2, 90], edge_attr=[90, 3], y=0.0, custom_label=0.0, min_label=0, max_label=6, instance_name='p11.txt');0.0;0.2349932938814163;0.0011931622866541;4.0150612790057494e-07;0.0;p11.txt;1.0;0.0;0.0
Data(x=[81, 1], edge_index=[2, 94], edge_attr=[94, 3], y=0.0, custom_label=0.0, min_label=0, max_label=6, instance_name='p11.txt');0.0;0.2349932938814163;8.064592111622915e-05;4.0150612790057494e-07;0.0;p11.txt;1.0;0.0;0.0
Data(x=[67, 1], edge_index=[2, 78], edge_attr=[78, 3], y=0.0, custom_label=0.0, min_label=0, max_label=6, instance_name='p11.txt');0.0;0.2349932938814163;0.0001609450991963;0.0;0.0;p11.txt;1.0;0.0;0.0
Data(x=[79, 1], edge_index=[2, 92], edge_attr=[92, 3], y=0.0, custom_label=0.0, min_label=0, max_label=6, instance_name='p11.txt');0.0;0.2349932938814163;0.0003053643740713;4.0150612790057494e-07;0.0;p11.txt;1.0;0.0;0.0
Data(x=[85, 1], edge_index=[2, 98], edge_attr=[98, 3], y=0.0, custom_label=0.0, min_label=0, max_label=6, instance_name='p11.txt');0.0;0.2349932938814163;0.0004648972535505;4.0150612790057494e-07;0.0;p11.txt;1.0;0.0;0.0
Data(x=[83, 1], edge_index=[2, 94], edge_attr=[94, 3], y=0.0, custom_label=0.0, min_label=0, max_label=6, instance_name='p11.txt');0.0;0.2349932938814163;0.0005736554739996;0.0;0.0;p11.txt;1.0;0.0;0.0
Data(x=[75, 1], edge_index=[2, 86], edge_attr=[86, 3], y=0.0, custom_label=0.0, min_label=0, max_label=6, instance_name='p11.txt');0.0;0.2349932938814163;0.000323560758261;4.0150612790057494e-07;0.0;p11.txt;1.0;0.0;0.0
Data(x=[72, 1], edge_index=[2, 84], edge_attr=[84, 3], y=0.0, custom_label=0.0, min_label=0, max_label=6, instance_name='p11.txt');0.0;0.2349932938814163;0.0002088253386318;4.0150612790057494e-07;0.0;p11.txt;1.0;0.0;0.0
Data(x=[88, 1], edge_index=[2, 100], edge_attr=[100, 3], y=0.0, custom_label=0.0, min_label=0, max_label=6, instance_name='p11.txt');0.0;0.2349932938814163;0.000171394291101;4.0150612790057494e-07;0.0;p11.txt;1.0;0.0;0.0
Data(x=[90, 1], edge_index=[2, 102], edge_attr=[102, 3], y=0.0, custom_label=0.0, min_label=0, max_label=6, instance_name='p11.txt');0.0;0.2349932938814163;0.0004769332881551;4.0150612790057494e-07;0.0;p11.txt;1.0;0.0;0.0
Data(x=[79, 1], edge_index=[2, 92], edge_attr=[92, 3], y=0.0, custom_label=0.0, min_label=0, max_label=6, instance_name='p11.txt');0.0;0.2349932938814163;0.0003053643740713;4.0150612790057494e-07;0.0;p11.txt;1.0;0.0;0.0
Data(x=[85, 1], edge_index=[2, 98], edge_attr=[98, 3], y=0.0, custom_label=0.0, min_label=0, max_label=6, instance_name='p11.txt');0.0;0.2349932938814163;0.0001141245666076;4.0150612790057494e-07;0.0;p11.txt;1.0;0.0;0.0
Data(x=[73, 1], edge_index=[2, 84], edge_attr=[84, 3], y=0.0, custom_label=0.0, min_label=0, max_label=6, instance_name='p11.txt');0.0;0.2349932938814163;0.000275659142062;4.0150612790057494e-07;0.0;p11.txt;1.0;0.0;0.0
Data(x=[99, 1], edge_index=[2, 110], edge_attr=[110, 3], y=0.0, custom_label=0.0, min_label=0, max_label=6, instance_name='p11.txt');0.0;0.2349932938814163;0.0030773484613746;4.0150612790057494e-07;0.0;p11.txt;1.0;0.0;0.0
Data(x=[60, 1], edge_index=[2, 70], edge_attr=[70, 3], y=0.0, custom_label=0.0, min_label=0, max_label=6, instance_name='p11.txt');0.0;0.2349932938814163;9.533615229884164e-05;4.0150612790057494e-07;0.0;p11.txt;1.0;0.0;0.0
Data(x=[82, 1], edge_index=[2, 94], edge_attr=[94, 3], y=0.0, custom_label=0.0, min_label=0, max_label=6, instance_name='p11.txt');0.0;0.2349932938814163;0.0004508500860538;4.0150612790057494e-07;0.0;p11.txt;1.0;0.0;0.0
Data(x=[80, 1], edge_index=[2, 92], edge_attr=[92, 3], y=0.0, custom_label=0.0, min_label=0, max_label=6, instance_name='p11.txt');0.0;0.2349932938814163;0.0003917423891834;4.0150612790057494e-07;0.0;p11.txt;1.0;0.0;0.0
Data(x=[82, 1], edge_index=[2, 94], edge_attr=[94, 3], y=0.0, custom_label=0.0, min_label=0, max_label=6, instance_name='p11.txt');0.0;0.2349932938814163;0.0011880187084898;4.0150612790057494e-07;0.0;p11.txt;1.0;0.0;0.0
Data(x=[72, 1], edge_index=[2, 84], edge_attr=[84, 3], y=0.0, custom_label=0.0, min_label=0, max_label=6, instance_name='p11.txt');0.0;0.2349932938814163;3.9461661799578e-05;4.0150612790057494e-07;0.0;p11.txt;1.0;0.0;0.0
Data(x=[69, 1], edge_index=[2, 80], edge_attr=[80, 3], y=0.0, custom_label=0.0, min_label=0, max_label=6, instance_name='p11.txt');0.0;0.2349932938814163;0.0006184023804962;4.0150612790057494e-07;0.0;p11.txt;1.0;0.0;0.0
Data(x=[81, 1], edge_index=[2, 92], edge_attr=[92, 3], y=0.0, custom_label=0.0, min_label=0, max_label=6, instance_name='p11.txt');0.0;0.2349932938814163;0.0001149992604041;4.0150612790057494e-07;0.0;p11.txt;1.0;0.0;0.0
Data(x=[65, 1], edge_index=[2, 76], edge_attr=[76, 3], y=0.0, custom_label=0.0, min_label=0, max_label=6, instance_name='p11.txt');0.0;0.2349932938814163;0.0004535967018455;4.0150612790057494e-07;0.0;p11.txt;1.0;0.0;0.0
Data(x=[79, 1], edge_index=[2, 92], edge_attr=[92, 3], y=0.0, custom_label=0.0, min_label=0, max_label=6, instance_name='p11.txt');0.0;0.2349932938814163;4.724437530967407e-06;4.0150612790057494e-07;0.0;p11.txt;1.0;0.0;0.0
Data(x=[75, 1], edge_index=[2, 88], edge_attr=[88, 3], y=0.0, custom_label=0.0, min_label=0, max_label=6, instance_name='p11.txt');0.0;0.2349932938814163;0.000222852351726;4.0150612790057494e-07;0.0;p11.txt;1.0;0.0;0.0
Data(x=[71, 1], edge_index=[2, 84], edge_attr=[84, 3], y=0.0, custom_label=0.0, min_label=0, max_label=6, instance_name='p11.txt');0.0;0.2349932938814163;2.896781916206237e-05;4.0150612790057494e-07;0.0;p11.txt;1.0;0.0;0.0
Data(x=[78, 1], edge_index=[2, 88], edge_attr=[88, 3], y=0.0, custom_label=0.0, min_label=0, max_label=6, instance_name='p11.txt');0.0;0.2349932938814163;0.0013465066440403;4.0150612790057494e-07;0.0;p11.txt;1.0;0.0;0.0
Data(x=[88, 1], edge_index=[2, 102], edge_attr=[102, 3], y=0.0, custom_label=0.0, min_label=0, max_label=6, instance_name='p11.txt');0.0;0.2349932938814163;0.0004783796030096;4.0150612790057494e-07;0.0;p11.txt;1.0;0.0;0.0
Data(x=[93, 1], edge_index=[2, 106], edge_attr=[106, 3], y=0.0, custom_label=0.0, min_label=0, max_label=6, instance_name='p11.txt');0.0;0.2349932938814163;0.0001884839439298;4.0150612790057494e-07;0.0;p11.txt;1.0;0.0;0.0
Data(x=[81, 1], edge_index=[2, 92], edge_attr=[92, 3], y=0.0, custom_label=0.0, min_label=0, max_label=6, instance_name='p11.txt');0.0;0.2349932938814163;0.0005018648225814;4.0150612790057494e-07;0.0;p11.txt;1.0;0.0;0.0
Data(x=[66, 1], edge_index=[2, 78], edge_attr=[78, 3], y=0.0, custom_label=0.0, min_label=0, max_label=6, instance_name='p11.txt');0.0;0.2349932938814163;0.000118431802548;4.0150612790057494e-07;0.0;p11.txt;1.0;0.0;0.0
Data(x=[65, 1], edge_index=[2, 78], edge_attr=[78, 3], y=0.0, custom_label=0.0, min_label=0, max_label=6, instance_name='p11.txt');0.0;0.2349932938814163;1.3562181266024709e-05;0.0;0.0;p11.txt;1.0;0.0;0.0
Data(x=[83, 1], edge_index=[2, 94], edge_attr=[94, 3], y=0.0, custom_label=0.0, min_label=0, max_label=6, instance_name='p11.txt');0.0;0.2349932938814163;0.0014882513787597;4.0150612790057494e-07;0.0;p11.txt;1.0;0.0;0.0
Data(x=[69, 1], edge_index=[2, 82], edge_attr=[82, 3], y=0.0, custom_label=0.0, min_label=0, max_label=6, instance_name='p11.txt');0.0;0.2349932938814163;0.0001114024198614;4.0150612790057494e-07;0.0;p11.txt;1.0;0.0;0.0
Data(x=[73, 1], edge_index=[2, 78], edge_attr=[78, 3], y=106.0, custom_label=1.0, min_label=0, max_label=106, instance_name='p12.txt');1.0;0.2349932938814163;0.7512171864509583;4.0150612790057494e-07;106.0;p12.txt;25.0;80.0;0.0
Data(x=[73, 1], edge_index=[2, 78], edge_attr=[78, 3], y=105.0, custom_label=0.990566, min_label=0, max_label=106, instance_name='p12.txt');0.9905660152435304;0.2349932938814163;0.7512171864509583;4.0150612790057494e-07;105.0;p12.txt;25.0;80.0;0.0
Data(x=[73, 1], edge_index=[2, 78], edge_attr=[78, 3], y=104.0, custom_label=0.9811321, min_label=0, max_label=106, instance_name='p12.txt');0.9811320900917052;0.2349932938814163;0.7512171864509583;4.0150612790057494e-07;104.0;p12.txt;25.0;80.0;0.0
Data(x=[73, 1], edge_index=[2, 78], edge_attr=[78, 3], y=103.0, custom_label=0.9716981, min_label=0, max_label=106, instance_name='p12.txt');0.9716981053352356;0.2349932938814163;0.7512171864509583;4.0150612790057494e-07;103.0;p12.txt;25.0;80.0;0.0
Data(x=[74, 1], edge_index=[2, 80], edge_attr=[80, 3], y=102.0, custom_label=0.9622642, min_label=0, max_label=106, instance_name='p12.txt');0.9622641801834106;0.2349932938814163;0.3981725871562958;4.0150612790057494e-07;102.0;p12.txt;25.0;42.0;0.0
Data(x=[74, 1], edge_index=[2, 80], edge_attr=[80, 3], y=101.0, custom_label=0.9528302, min_label=0, max_label=106, instance_name='p12.txt');0.9528301954269408;0.2349932938814163;0.3981725871562958;4.0150612790057494e-07;101.0;p12.txt;25.0;42.0;0.0
Data(x=[74, 1], edge_index=[2, 80], edge_attr=[80, 3], y=100.0, custom_label=0.9433962, min_label=0, max_label=106, instance_name='p12.txt');0.9433962106704712;0.2349932938814163;0.3981725871562958;4.0150612790057494e-07;100.0;p12.txt;25.0;42.0;0.0
Data(x=[74, 1], edge_index=[2, 80], edge_attr=[80, 3], y=99.0, custom_label=0.9339623, min_label=0, max_label=106, instance_name='p12.txt');0.9339622855186462;0.2349932938814163;0.3981725871562958;4.0150612790057494e-07;99.0;p12.txt;25.0;42.0;0.0
Data(x=[74, 1], edge_index=[2, 80], edge_attr=[80, 3], y=98.0, custom_label=0.9245283, min_label=0, max_label=106, instance_name='p12.txt');0.9245283007621764;0.2349932938814163;0.3981725871562958;4.0150612790057494e-07;98.0;p12.txt;25.0;42.0;0.0
Data(x=[73, 1], edge_index=[2, 78], edge_attr=[78, 3], y=97.0, custom_label=0.9150943, min_label=0, max_label=106, instance_name='p12.txt');0.9150943160057068;0.2349932938814163;0.7512171864509583;4.0150612790057494e-07;97.0;p12.txt;25.0;80.0;0.0
Data(x=[73, 1], edge_index=[2, 78], edge_attr=[78, 3], y=96.0, custom_label=0.9056604, min_label=0, max_label=106, instance_name='p12.txt');0.9056603908538818;0.2349932938814163;0.7512171864509583;4.0150612790057494e-07;96.0;p12.txt;25.0;80.0;0.0
Data(x=[73, 1], edge_index=[2, 78], edge_attr=[78, 3], y=95.0, custom_label=0.8962264, min_label=0, max_label=106, instance_name='p12.txt');0.8962264060974121;0.2349932938814163;0.7512171864509583;4.0150612790057494e-07;95.0;p12.txt;25.0;80.0;0.0
Data(x=[73, 1], edge_index=[2, 78], edge_attr=[78, 3], y=94.0, custom_label=0.8867925, min_label=0, max_label=106, instance_name='p12.txt');0.8867924809455872;0.2349932938814163;0.7512171864509583;4.0150612790057494e-07;94.0;p12.txt;25.0;80.0;0.0
Data(x=[73, 1], edge_index=[2, 78], edge_attr=[78, 3], y=93.0, custom_label=0.8773585, min_label=0, max_label=106, instance_name='p12.txt');0.8773584961891174;0.2349932938814163;0.7512171864509583;4.0150612790057494e-07;93.0;p12.txt;25.0;80.0;0.0
Data(x=[73, 1], edge_index=[2, 78], edge_attr=[78, 3], y=92.0, custom_label=0.8679245, min_label=0, max_label=106, instance_name='p12.txt');0.8679245114326477;0.2349932938814163;0.7512171864509583;4.0150612790057494e-07;92.0;p12.txt;25.0;80.0;0.0
Data(x=[73, 1], edge_index=[2, 78], edge_attr=[78, 3], y=91.0, custom_label=0.8584906, min_label=0, max_label=106, instance_name='p12.txt');0.8584905862808228;0.2349932938814163;0.7512171864509583;4.0150612790057494e-07;91.0;p12.txt;25.0;80.0;0.0
Data(x=[73, 1], edge_index=[2, 78], edge_attr=[78, 3], y=90.0, custom_label=0.8490566, min_label=0, max_label=106, instance_name='p12.txt');0.849056601524353;0.2349932938814163;0.7512171864509583;4.0150612790057494e-07;90.0;p12.txt;25.0;80.0;0.0
Data(x=[73, 1], edge_index=[2, 78], edge_attr=[78, 3], y=89.0, custom_label=0.8396226, min_label=0, max_label=106, instance_name='p12.txt');0.8396226167678833;0.2349932938814163;0.7512171864509583;4.0150612790057494e-07;89.0;p12.txt;25.0;80.0;0.0
Data(x=[73, 1], edge_index=[2, 78], edge_attr=[78, 3], y=88.0, custom_label=0.8301887, min_label=0, max_label=106, instance_name='p12.txt');0.8301886916160583;0.2349932938814163;0.7512171864509583;4.0150612790057494e-07;88.0;p12.txt;25.0;80.0;0.0
Data(x=[73, 1], edge_index=[2, 78], edge_attr=[78, 3], y=87.0, custom_label=0.8207547, min_label=0, max_label=106, instance_name='p12.txt');0.8207547068595886;0.2349932938814163;0.7512171864509583;4.0150612790057494e-07;87.0;p12.txt;25.0;80.0;0.0
Data(x=[73, 1], edge_index=[2, 78], edge_attr=[78, 3], y=86.0, custom_label=0.8113208, min_label=0, max_label=106, instance_name='p12.txt');0.8113207817077637;0.2349932938814163;0.7512171864509583;4.0150612790057494e-07;86.0;p12.txt;25.0;80.0;0.0
Data(x=[73, 1], edge_index=[2, 78], edge_attr=[78, 3], y=85.0, custom_label=0.8018868, min_label=0, max_label=106, instance_name='p12.txt');0.801886796951294;0.2349932938814163;0.7512171864509583;4.0150612790057494e-07;85.0;p12.txt;25.0;80.0;0.0
Data(x=[73, 1], edge_index=[2, 78], edge_attr=[78, 3], y=84.0, custom_label=0.7924528, min_label=0, max_label=106, instance_name='p12.txt');0.7924528121948242;0.2349932938814163;0.7512171864509583;4.0150612790057494e-07;84.0;p12.txt;25.0;80.0;0.0
Data(x=[73, 1], edge_index=[2, 78], edge_attr=[78, 3], y=83.0, custom_label=0.7830189, min_label=0, max_label=106, instance_name='p12.txt');0.7830188870429993;0.2349932938814163;0.7512171864509583;4.0150612790057494e-07;83.0;p12.txt;25.0;80.0;0.0
Data(x=[73, 1], edge_index=[2, 78], edge_attr=[78, 3], y=82.0, custom_label=0.7735849, min_label=0, max_label=106, instance_name='p12.txt');0.7735849022865295;0.2349932938814163;0.7512171864509583;4.0150612790057494e-07;82.0;p12.txt;25.0;80.0;0.0
Data(x=[73, 1], edge_index=[2, 78], edge_attr=[78, 3], y=81.0, custom_label=0.7641509, min_label=0, max_label=106, instance_name='p12.txt');0.7641509175300598;0.2349932938814163;0.7512171864509583;4.0150612790057494e-07;81.0;p12.txt;25.0;80.0;0.0
Data(x=[73, 1], edge_index=[2, 78], edge_attr=[78, 3], y=80.0, custom_label=0.754717, min_label=0, max_label=106, instance_name='p12.txt');0.7547169923782349;0.2349932938814163;0.7512171864509583;4.0150612790057494e-07;80.0;p12.txt;25.0;80.0;0.0
Data(x=[73, 1], edge_index=[2, 78], edge_attr=[78, 3], y=79.0, custom_label=0.745283, min_label=0, max_label=106, instance_name='p12.txt');0.7452830076217651;0.2349932938814163;0.7512171864509583;4.0150612790057494e-07;79.0;p12.txt;25.0;80.0;0.0
Data(x=[73, 1], edge_index=[2, 78], edge_attr=[78, 3], y=78.0, custom_label=0.7358491, min_label=0, max_label=106, instance_name='p12.txt');0.7358490824699402;0.2349932938814163;0.7512171864509583;4.0150612790057494e-07;78.0;p12.txt;25.0;80.0;0.0
Data(x=[73, 1], edge_index=[2, 78], edge_attr=[78, 3], y=77.0, custom_label=0.7264151, min_label=0, max_label=106, instance_name='p12.txt');0.7264150977134705;0.2349932938814163;0.7512171864509583;4.0150612790057494e-07;77.0;p12.txt;25.0;80.0;0.0
Data(x=[73, 1], edge_index=[2, 78], edge_attr=[78, 3], y=76.0, custom_label=0.7169811, min_label=0, max_label=106, instance_name='p12.txt');0.7169811129570007;0.2349932938814163;0.7512171864509583;4.0150612790057494e-07;76.0;p12.txt;25.0;80.0;0.0
Data(x=[73, 1], edge_index=[2, 78], edge_attr=[78, 3], y=75.0, custom_label=0.7075472, min_label=0, max_label=106, instance_name='p12.txt');0.7075471878051758;0.2349932938814163;0.7512171864509583;4.0150612790057494e-07;75.0;p12.txt;25.0;80.0;0.0
Data(x=[74, 1], edge_index=[2, 80], edge_attr=[80, 3], y=74.0, custom_label=0.6981132, min_label=0, max_label=106, instance_name='p12.txt');0.698113203048706;0.2349932938814163;0.3981725871562958;4.0150612790057494e-07;74.0;p12.txt;25.0;42.0;0.0
Data(x=[74, 1], edge_index=[2, 80], edge_attr=[80, 3], y=73.0, custom_label=0.6886792, min_label=0, max_label=106, instance_name='p12.txt');0.6886792182922363;0.2349932938814163;0.3981725871562958;4.0150612790057494e-07;73.0;p12.txt;25.0;42.0;0.0
Data(x=[74, 1], edge_index=[2, 80], edge_attr=[80, 3], y=72.0, custom_label=0.6792453, min_label=0, max_label=106, instance_name='p12.txt');0.6792452931404114;0.2349932938814163;0.3981725871562958;4.0150612790057494e-07;72.0;p12.txt;25.0;42.0;0.0
Data(x=[74, 1], edge_index=[2, 80], edge_attr=[80, 3], y=71.0, custom_label=0.6698113, min_label=0, max_label=106, instance_name='p12.txt');0.6698113083839417;0.2349932938814163;0.3981725871562958;4.0150612790057494e-07;71.0;p12.txt;25.0;42.0;0.0
Data(x=[74, 1], edge_index=[2, 80], edge_attr=[80, 3], y=70.0, custom_label=0.6603774, min_label=0, max_label=106, instance_name='p12.txt');0.6603773832321167;0.2349932938814163;0.3981725871562958;4.0150612790057494e-07;70.0;p12.txt;25.0;42.0;0.0
Data(x=[74, 1], edge_index=[2, 80], edge_attr=[80, 3], y=69.0, custom_label=0.6509434, min_label=0, max_label=106, instance_name='p12.txt');0.650943398475647;0.2349932938814163;0.3981725871562958;4.0150612790057494e-07;69.0;p12.txt;25.0;42.0;0.0
Data(x=[74, 1], edge_index=[2, 80], edge_attr=[80, 3], y=68.0, custom_label=0.6415094, min_label=0, max_label=106, instance_name='p12.txt');0.6415094137191772;0.2349932938814163;0.3981725871562958;4.0150612790057494e-07;68.0;p12.txt;25.0;42.0;0.0
Data(x=[74, 1], edge_index=[2, 80], edge_attr=[80, 3], y=67.0, custom_label=0.6320755, min_label=0, max_label=106, instance_name='p12.txt');0.6320754885673523;0.2349932938814163;0.3981725871562958;4.0150612790057494e-07;67.0;p12.txt;25.0;42.0;0.0
Data(x=[74, 1], edge_index=[2, 80], edge_attr=[80, 3], y=66.0, custom_label=0.6226415, min_label=0, max_label=106, instance_name='p12.txt');0.6226415038108826;0.2349932938814163;0.3981725871562958;4.0150612790057494e-07;66.0;p12.txt;25.0;42.0;0.0
Data(x=[74, 1], edge_index=[2, 80], edge_attr=[80, 3], y=65.0, custom_label=0.6132075, min_label=0, max_label=106, instance_name='p12.txt');0.6132075190544128;0.2349932938814163;0.3981725871562958;4.0150612790057494e-07;65.0;p12.txt;25.0;42.0;0.0
Data(x=[74, 1], edge_index=[2, 80], edge_attr=[80, 3], y=64.0, custom_label=0.6037736, min_label=0, max_label=106, instance_name='p12.txt');0.6037735939025879;0.2349932938814163;0.3981725871562958;4.0150612790057494e-07;64.0;p12.txt;25.0;42.0;0.0
Data(x=[74, 1], edge_index=[2, 80], edge_attr=[80, 3], y=63.0, custom_label=0.5943396, min_label=0, max_label=106, instance_name='p12.txt');0.5943396091461182;0.2349932938814163;0.3981725871562958;4.0150612790057494e-07;63.0;p12.txt;25.0;42.0;0.0
Data(x=[74, 1], edge_index=[2, 80], edge_attr=[80, 3], y=62.0, custom_label=0.5849057, min_label=0, max_label=106, instance_name='p12.txt');0.5849056839942932;0.2349932938814163;0.3981725871562958;4.0150612790057494e-07;62.0;p12.txt;25.0;42.0;0.0
Data(x=[74, 1], edge_index=[2, 80], edge_attr=[80, 3], y=61.0, custom_label=0.5754717, min_label=0, max_label=106, instance_name='p12.txt');0.5754716992378235;0.2349932938814163;0.3981725871562958;4.0150612790057494e-07;61.0;p12.txt;25.0;42.0;0.0
Data(x=[75, 1], edge_index=[2, 82], edge_attr=[82, 3], y=60.0, custom_label=0.5660377, min_label=0, max_label=106, instance_name='p12.txt');0.5660377144813538;0.2349932938814163;0.2368800938129425;4.0150612790057494e-07;60.0;p12.txt;25.0;25.0;0.0
Data(x=[75, 1], edge_index=[2, 82], edge_attr=[82, 3], y=59.0, custom_label=0.5566038, min_label=0, max_label=106, instance_name='p12.txt');0.5566037893295288;0.2349932938814163;0.2368800938129425;4.0150612790057494e-07;59.0;p12.txt;25.0;25.0;0.0
Data(x=[75, 1], edge_index=[2, 82], edge_attr=[82, 3], y=58.0, custom_label=0.5471698, min_label=0, max_label=106, instance_name='p12.txt');0.5471698045730591;0.2349932938814163;0.2368800938129425;4.0150612790057494e-07;58.0;p12.txt;25.0;25.0;0.0
Data(x=[75, 1], edge_index=[2, 82], edge_attr=[82, 3], y=57.0, custom_label=0.5377358, min_label=0, max_label=106, instance_name='p12.txt');0.5377358198165894;0.2349932938814163;0.2368800938129425;4.0150612790057494e-07;57.0;p12.txt;25.0;25.0;0.0
Data(x=[75, 1], edge_index=[2, 82], edge_attr=[82, 3], y=56.0, custom_label=0.5283019, min_label=0, max_label=106, instance_name='p12.txt');0.5283018946647644;0.2349932938814163;0.2368800938129425;4.0150612790057494e-07;56.0;p12.txt;25.0;25.0;0.0
Data(x=[75, 1], edge_index=[2, 82], edge_attr=[82, 3], y=55.0, custom_label=0.5188679, min_label=0, max_label=106, instance_name='p12.txt');0.5188679099082947;0.2349932938814163;0.2368800938129425;4.0150612790057494e-07;55.0;p12.txt;25.0;25.0;0.0
Data(x=[75, 1], edge_index=[2, 82], edge_attr=[82, 3], y=54.0, custom_label=0.509434, min_label=0, max_label=106, instance_name='p12.txt');0.5094339847564697;0.2349932938814163;0.2368800938129425;4.0150612790057494e-07;54.0;p12.txt;25.0;25.0;0.0
Data(x=[75, 1], edge_index=[2, 82], edge_attr=[82, 3], y=53.0, custom_label=0.5, min_label=0, max_label=106, instance_name='p12.txt');0.5;0.2349932938814163;0.2368800938129425;4.0150612790057494e-07;53.0;p12.txt;25.0;25.0;0.0
Data(x=[75, 1], edge_index=[2, 82], edge_attr=[82, 3], y=52.0, custom_label=0.49056605, min_label=0, max_label=106, instance_name='p12.txt');0.4905660450458526;0.2349932938814163;0.2368800938129425;4.0150612790057494e-07;52.0;p12.txt;25.0;25.0;0.0
Data(x=[75, 1], edge_index=[2, 82], edge_attr=[82, 3], y=51.0, custom_label=0.4811321, min_label=0, max_label=106, instance_name='p12.txt');0.4811320900917053;0.2349932938814163;0.2368800938129425;4.0150612790057494e-07;51.0;p12.txt;25.0;25.0;0.0
Data(x=[75, 1], edge_index=[2, 82], edge_attr=[82, 3], y=50.0, custom_label=0.4716981, min_label=0, max_label=106, instance_name='p12.txt');0.4716981053352356;0.2349932938814163;0.2368800938129425;4.0150612790057494e-07;50.0;p12.txt;25.0;25.0;0.0
Data(x=[75, 1], edge_index=[2, 82], edge_attr=[82, 3], y=49.0, custom_label=0.46226415, min_label=0, max_label=106, instance_name='p12.txt');0.4622641503810882;0.2349932938814163;0.2368800938129425;4.0150612790057494e-07;49.0;p12.txt;25.0;25.0;0.0
Data(x=[75, 1], edge_index=[2, 82], edge_attr=[82, 3], y=48.0, custom_label=0.4528302, min_label=0, max_label=106, instance_name='p12.txt');0.4528301954269409;0.2349932938814163;0.2368800938129425;4.0150612790057494e-07;48.0;p12.txt;25.0;25.0;0.0
Data(x=[75, 1], edge_index=[2, 82], edge_attr=[82, 3], y=47.0, custom_label=0.44339624, min_label=0, max_label=106, instance_name='p12.txt');0.4433962404727936;0.2349932938814163;0.2368800938129425;4.0150612790057494e-07;47.0;p12.txt;25.0;25.0;0.0
Data(x=[75, 1], edge_index=[2, 82], edge_attr=[82, 3], y=46.0, custom_label=0.43396226, min_label=0, max_label=106, instance_name='p12.txt');0.4339622557163238;0.2349932938814163;0.2368800938129425;4.0150612790057494e-07;46.0;p12.txt;25.0;25.0;0.0
Data(x=[75, 1], edge_index=[2, 82], edge_attr=[82, 3], y=45.0, custom_label=0.4245283, min_label=0, max_label=106, instance_name='p12.txt');0.4245283007621765;0.2349932938814163;0.2368800938129425;4.0150612790057494e-07;45.0;p12.txt;25.0;25.0;0.0
Data(x=[75, 1], edge_index=[2, 82], edge_attr=[82, 3], y=44.0, custom_label=0.41509435, min_label=0, max_label=106, instance_name='p12.txt');0.4150943458080292;0.2349932938814163;0.2368800938129425;4.0150612790057494e-07;44.0;p12.txt;25.0;25.0;0.0
Data(x=[74, 1], edge_index=[2, 80], edge_attr=[80, 3], y=43.0, custom_label=0.4056604, min_label=0, max_label=106, instance_name='p12.txt');0.4056603908538818;0.2349932938814163;0.3981725871562958;4.0150612790057494e-07;43.0;p12.txt;25.0;42.0;0.0
Data(x=[74, 1], edge_index=[2, 80], edge_attr=[80, 3], y=42.0, custom_label=0.3962264, min_label=0, max_label=106, instance_name='p12.txt');0.3962264060974121;0.2349932938814163;0.3981725871562958;4.0150612790057494e-07;42.0;p12.txt;25.0;42.0;0.0
Data(x=[74, 1], edge_index=[2, 80], edge_attr=[80, 3], y=41.0, custom_label=0.38679245, min_label=0, max_label=106, instance_name='p12.txt');0.3867924511432647;0.2349932938814163;0.3981725871562958;4.0150612790057494e-07;41.0;p12.txt;25.0;42.0;0.0
Data(x=[74, 1], edge_index=[2, 80], edge_attr=[80, 3], y=40.0, custom_label=0.3773585, min_label=0, max_label=106, instance_name='p12.txt');0.3773584961891174;0.2349932938814163;0.3981725871562958;4.0150612790057494e-07;40.0;p12.txt;25.0;42.0;0.0
Data(x=[74, 1], edge_index=[2, 80], edge_attr=[80, 3], y=39.0, custom_label=0.36792454, min_label=0, max_label=106, instance_name='p12.txt');0.3679245412349701;0.2349932938814163;0.3981725871562958;4.0150612790057494e-07;39.0;p12.txt;25.0;42.0;0.0
Data(x=[74, 1], edge_index=[2, 80], edge_attr=[80, 3], y=38.0, custom_label=0.35849056, min_label=0, max_label=106, instance_name='p12.txt');0.3584905564785003;0.2349932938814163;0.3981725871562958;4.0150612790057494e-07;38.0;p12.txt;25.0;42.0;0.0
Data(x=[74, 1], edge_index=[2, 80], edge_attr=[80, 3], y=37.0, custom_label=0.3490566, min_label=0, max_label=106, instance_name='p12.txt');0.349056601524353;0.2349932938814163;0.3981725871562958;4.0150612790057494e-07;37.0;p12.txt;25.0;42.0;0.0
Data(x=[74, 1], edge_index=[2, 80], edge_attr=[80, 3], y=36.0, custom_label=0.33962265, min_label=0, max_label=106, instance_name='p12.txt');0.3396226465702057;0.2349932938814163;0.3981725871562958;4.0150612790057494e-07;36.0;p12.txt;25.0;42.0;0.0
Data(x=[74, 1], edge_index=[2, 80], edge_attr=[80, 3], y=35.0, custom_label=0.3301887, min_label=0, max_label=106, instance_name='p12.txt');0.3301886916160583;0.2349932938814163;0.3981725871562958;4.0150612790057494e-07;35.0;p12.txt;25.0;42.0;0.0
Data(x=[74, 1], edge_index=[2, 80], edge_attr=[80, 3], y=34.0, custom_label=0.3207547, min_label=0, max_label=106, instance_name='p12.txt');0.3207547068595886;0.2349932938814163;0.3981725871562958;4.0150612790057494e-07;34.0;p12.txt;25.0;42.0;0.0
Data(x=[74, 1], edge_index=[2, 80], edge_attr=[80, 3], y=33.0, custom_label=0.31132075, min_label=0, max_label=106, instance_name='p12.txt');0.3113207519054413;0.2349932938814163;0.3981725871562958;4.0150612790057494e-07;33.0;p12.txt;25.0;42.0;0.0
Data(x=[74, 1], edge_index=[2, 80], edge_attr=[80, 3], y=32.0, custom_label=0.3018868, min_label=0, max_label=106, instance_name='p12.txt');0.3018867969512939;0.2349932938814163;0.3981725871562958;4.0150612790057494e-07;32.0;p12.txt;25.0;42.0;0.0
Data(x=[74, 1], edge_index=[2, 80], edge_attr=[80, 3], y=31.0, custom_label=0.29245284, min_label=0, max_label=106, instance_name='p12.txt');0.2924528419971466;0.2349932938814163;0.3981725871562958;4.0150612790057494e-07;31.0;p12.txt;25.0;42.0;0.0
Data(x=[74, 1], edge_index=[2, 80], edge_attr=[80, 3], y=30.0, custom_label=0.28301886, min_label=0, max_label=106, instance_name='p12.txt');0.2830188572406769;0.2349932938814163;0.3981725871562958;4.0150612790057494e-07;30.0;p12.txt;25.0;42.0;0.0
Data(x=[74, 1], edge_index=[2, 80], edge_attr=[80, 3], y=29.0, custom_label=0.2735849, min_label=0, max_label=106, instance_name='p12.txt');0.2735849022865295;0.2349932938814163;0.3981725871562958;4.0150612790057494e-07;29.0;p12.txt;25.0;42.0;0.0
Data(x=[75, 1], edge_index=[2, 82], edge_attr=[82, 3], y=28.0, custom_label=0.26415095, min_label=0, max_label=106, instance_name='p12.txt');0.2641509473323822;0.2349932938814163;0.2368800938129425;4.0150612790057494e-07;28.0;p12.txt;25.0;25.0;0.0
Data(x=[75, 1], edge_index=[2, 82], edge_attr=[82, 3], y=27.0, custom_label=0.254717, min_label=0, max_label=106, instance_name='p12.txt');0.2547169923782348;0.2349932938814163;0.2368800938129425;4.0150612790057494e-07;27.0;p12.txt;25.0;25.0;0.0
Data(x=[75, 1], edge_index=[2, 82], edge_attr=[82, 3], y=26.0, custom_label=0.24528302, min_label=0, max_label=106, instance_name='p12.txt');0.2452830225229263;0.2349932938814163;0.2368800938129425;4.0150612790057494e-07;26.0;p12.txt;25.0;25.0;0.0
Data(x=[75, 1], edge_index=[2, 82], edge_attr=[82, 3], y=25.0, custom_label=0.23584905, min_label=0, max_label=106, instance_name='p12.txt');0.2358490526676178;0.2349932938814163;0.2368800938129425;4.0150612790057494e-07;25.0;p12.txt;25.0;25.0;0.0
Data(x=[75, 1], edge_index=[2, 82], edge_attr=[82, 3], y=24.0, custom_label=0.2264151, min_label=0, max_label=106, instance_name='p12.txt');0.2264150977134704;0.2349932938814163;0.2368800938129425;4.0150612790057494e-07;24.0;p12.txt;25.0;25.0;0.0
Data(x=[75, 1], edge_index=[2, 82], edge_attr=[82, 3], y=23.0, custom_label=0.21698113, min_label=0, max_label=106, instance_name='p12.txt');0.2169811278581619;0.2349932938814163;0.2368800938129425;4.0150612790057494e-07;23.0;p12.txt;25.0;25.0;0.0
Data(x=[75, 1], edge_index=[2, 82], edge_attr=[82, 3], y=22.0, custom_label=0.20754717, min_label=0, max_label=106, instance_name='p12.txt');0.2075471729040146;0.2349932938814163;0.2368800938129425;4.0150612790057494e-07;22.0;p12.txt;25.0;25.0;0.0
Data(x=[75, 1], edge_index=[2, 82], edge_attr=[82, 3], y=21.0, custom_label=0.1981132, min_label=0, max_label=106, instance_name='p12.txt');0.198113203048706;0.2349932938814163;0.2368800938129425;4.0150612790057494e-07;21.0;p12.txt;25.0;25.0;0.0
Data(x=[75, 1], edge_index=[2, 82], edge_attr=[82, 3], y=20.0, custom_label=0.18867925, min_label=0, max_label=106, instance_name='p12.txt');0.1886792480945587;0.2349932938814163;0.2368800938129425;4.0150612790057494e-07;20.0;p12.txt;25.0;25.0;0.0
Data(x=[75, 1], edge_index=[2, 82], edge_attr=[82, 3], y=19.0, custom_label=0.17924528, min_label=0, max_label=106, instance_name='p12.txt');0.1792452782392501;0.2349932938814163;0.2368800938129425;4.0150612790057494e-07;19.0;p12.txt;25.0;25.0;0.0
Data(x=[75, 1], edge_index=[2, 82], edge_attr=[82, 3], y=18.0, custom_label=0.16981132, min_label=0, max_label=106, instance_name='p12.txt');0.1698113232851028;0.2349932938814163;0.2368800938129425;4.0150612790057494e-07;18.0;p12.txt;25.0;25.0;0.0
Data(x=[75, 1], edge_index=[2, 82], edge_attr=[82, 3], y=17.0, custom_label=0.16037735, min_label=0, max_label=106, instance_name='p12.txt');0.1603773534297943;0.2349932938814163;0.2368800938129425;4.0150612790057494e-07;17.0;p12.txt;25.0;25.0;0.0
Data(x=[75, 1], edge_index=[2, 82], edge_attr=[82, 3], y=16.0, custom_label=0.1509434, min_label=0, max_label=106, instance_name='p12.txt');0.1509433984756469;0.2349932938814163;0.2368800938129425;4.0150612790057494e-07;16.0;p12.txt;25.0;25.0;0.0
Data(x=[75, 1], edge_index=[2, 82], edge_attr=[82, 3], y=15.0, custom_label=0.14150943, min_label=0, max_label=106, instance_name='p12.txt');0.1415094286203384;0.2349932938814163;0.2368800938129425;4.0150612790057494e-07;15.0;p12.txt;25.0;25.0;0.0
Data(x=[75, 1], edge_index=[2, 82], edge_attr=[82, 3], y=14.0, custom_label=0.13207547, min_label=0, max_label=106, instance_name='p12.txt');0.1320754736661911;0.2349932938814163;0.2368800938129425;4.0150612790057494e-07;14.0;p12.txt;25.0;25.0;0.0
Data(x=[75, 1], edge_index=[2, 82], edge_attr=[82, 3], y=13.0, custom_label=0.12264151, min_label=0, max_label=106, instance_name='p12.txt');0.1226415112614631;0.2349932938814163;0.2368800938129425;4.0150612790057494e-07;13.0;p12.txt;25.0;25.0;0.0
Data(x=[75, 1], edge_index=[2, 82], edge_attr=[82, 3], y=12.0, custom_label=0.11320755, min_label=0, max_label=106, instance_name='p12.txt');0.1132075488567352;0.2349932938814163;0.2368800938129425;4.0150612790057494e-07;12.0;p12.txt;25.0;25.0;0.0
Data(x=[75, 1], edge_index=[2, 82], edge_attr=[82, 3], y=11.0, custom_label=0.10377359, min_label=0, max_label=106, instance_name='p12.txt');0.1037735864520073;0.2349932938814163;0.2368800938129425;4.0150612790057494e-07;11.0;p12.txt;25.0;25.0;0.0
Data(x=[76, 1], edge_index=[2, 84], edge_attr=[84, 3], y=10.0, custom_label=0.094339624, min_label=0, max_label=106, instance_name='p12.txt');0.0943396240472793;0.2349932938814163;0.1161979362368583;4.0150612790057494e-07;10.0;p12.txt;25.0;12.0;0.0
Data(x=[76, 1], edge_index=[2, 84], edge_attr=[84, 3], y=9.0, custom_label=0.08490566, min_label=0, max_label=106, instance_name='p12.txt');0.0849056616425514;0.2349932938814163;0.1161979362368583;4.0150612790057494e-07;9.0;p12.txt;25.0;12.0;0.0
Data(x=[76, 1], edge_index=[2, 84], edge_attr=[84, 3], y=8.0, custom_label=0.0754717, min_label=0, max_label=106, instance_name='p12.txt');0.0754716992378234;0.2349932938814163;0.1161979362368583;4.0150612790057494e-07;8.0;p12.txt;25.0;12.0;0.0
Data(x=[76, 1], edge_index=[2, 84], edge_attr=[84, 3], y=7.0, custom_label=0.06603774, min_label=0, max_label=106, instance_name='p12.txt');0.0660377368330955;0.2349932938814163;0.1161979362368583;4.0150612790057494e-07;7.0;p12.txt;25.0;12.0;0.0
Data(x=[76, 1], edge_index=[2, 84], edge_attr=[84, 3], y=6.0, custom_label=0.056603774, min_label=0, max_label=106, instance_name='p12.txt');0.0566037744283676;0.2349932938814163;0.1161979362368583;4.0150612790057494e-07;6.0;p12.txt;25.0;12.0;0.0
Data(x=[76, 1], edge_index=[2, 84], edge_attr=[84, 3], y=5.0, custom_label=0.047169812, min_label=0, max_label=106, instance_name='p12.txt');0.0471698120236396;0.2349932938814163;0.1161979362368583;4.0150612790057494e-07;5.0;p12.txt;25.0;12.0;0.0
Data(x=[76, 1], edge_index=[2, 84], edge_attr=[84, 3], y=4.0, custom_label=0.03773585, min_label=0, max_label=106, instance_name='p12.txt');0.0377358496189117;0.2349932938814163;0.1161979362368583;4.0150612790057494e-07;4.0;p12.txt;25.0;12.0;0.0
Data(x=[76, 1], edge_index=[2, 84], edge_attr=[84, 3], y=3.0, custom_label=0.028301887, min_label=0, max_label=106, instance_name='p12.txt');0.0283018872141838;0.2349932938814163;0.1161979362368583;4.0150612790057494e-07;3.0;p12.txt;25.0;12.0;0.0
Data(x=[76, 1], edge_index=[2, 84], edge_attr=[84, 3], y=2.0, custom_label=0.018867925, min_label=0, max_label=106, instance_name='p12.txt');0.0188679248094558;0.2349932938814163;0.1161979362368583;4.0150612790057494e-07;2.0;p12.txt;25.0;12.0;0.0
Data(x=[76, 1], edge_index=[2, 84], edge_attr=[84, 3], y=1.0, custom_label=0.009433962, min_label=0, max_label=106, instance_name='p12.txt');0.0094339624047279;0.2349932938814163;0.1161979362368583;4.0150612790057494e-07;1.0;p12.txt;25.0;12.0;0.0
Data(x=[77, 1], edge_index=[2, 86], edge_attr=[86, 3], y=0.0, custom_label=0.0, min_label=0, max_label=106, instance_name='p12.txt');0.0;0.2349932938814163;0.0015264294343069;4.0150612790057494e-07;0.0;p12.txt;25.0;0.0;0.0
Data(x=[36, 1], edge_index=[2, 48], edge_attr=[48, 3], y=3.0, custom_label=0.1764706, min_label=0, max_label=17, instance_name='p13.txt');0.1764705926179886;0.2349932938814163;4.352874384494498e-05;4.0150612790057494e-07;3.0;p13.txt;4.0;0.0;0.0
Data(x=[35, 1], edge_index=[2, 46], edge_attr=[46, 3], y=2.0, custom_label=0.11764706, min_label=0, max_label=17, instance_name='p13.txt');0.1176470592617988;0.2349932938814163;0.0124725671485066;4.0150612790057494e-07;2.0;p13.txt;4.0;0.0;0.0
Data(x=[35, 1], edge_index=[2, 46], edge_attr=[46, 3], y=1.0, custom_label=0.05882353, min_label=0, max_label=17, instance_name='p13.txt');0.0588235296308994;0.2349932938814163;0.0012054007966071;4.0150612790057494e-07;1.0;p13.txt;4.0;0.0;0.0
Data(x=[35, 1], edge_index=[2, 46], edge_attr=[46, 3], y=0.0, custom_label=0.0, min_label=0, max_label=17, instance_name='p13.txt');0.0;0.2349932938814163;3.559169670097617e-07;4.0150612790057494e-07;0.0;p13.txt;4.0;0.0;0.0
Data(x=[50, 1], edge_index=[2, 62], edge_attr=[62, 3], y=0.0, custom_label=0.0, min_label=0, max_label=17, instance_name='p13.txt');0.0;0.2349932938814163;1.3986880730954e-05;0.0;0.0;p13.txt;4.0;0.0;0.0
Data(x=[43, 1], edge_index=[2, 56], edge_attr=[56, 3], y=0.0, custom_label=0.0, min_label=0, max_label=17, instance_name='p13.txt');0.0;0.2349932938814163;2.4744979327806504e-06;0.0;0.0;p13.txt;4.0;0.0;0.0
Data(x=[47, 1], edge_index=[2, 60], edge_attr=[60, 3], y=0.0, custom_label=0.0, min_label=0, max_label=17, instance_name='p13.txt');0.0;0.2349932938814163;6.01488136453554e-06;4.0150612790057494e-07;0.0;p13.txt;4.0;0.0;0.0
Data(x=[41, 1], edge_index=[2, 52], edge_attr=[52, 3], y=12.0, custom_label=0.7058824, min_label=0, max_label=17, instance_name='p13.txt');0.7058823704719543;0.2349932938814163;0.2035747319459915;0.0;12.0;p13.txt;4.0;3.0;0.0
Data(x=[41, 1], edge_index=[2, 52], edge_attr=[52, 3], y=11.0, custom_label=0.64705884, min_label=0, max_label=17, instance_name='p13.txt');0.6470588445663452;0.2349932938814163;0.2035747319459915;0.0;11.0;p13.txt;4.0;3.0;0.0
Data(x=[41, 1], edge_index=[2, 52], edge_attr=[52, 3], y=10.0, custom_label=0.5882353, min_label=0, max_label=17, instance_name='p13.txt');0.5882353186607361;0.2349932938814163;0.1897123008966446;4.0150612790057494e-07;10.0;p13.txt;4.0;3.0;0.0
Data(x=[41, 1], edge_index=[2, 52], edge_attr=[52, 3], y=9.0, custom_label=0.5294118, min_label=0, max_label=17, instance_name='p13.txt');0.529411792755127;0.2349932938814163;0.2035747319459915;0.0;9.0;p13.txt;4.0;3.0;0.0
Data(x=[42, 1], edge_index=[2, 54], edge_attr=[54, 3], y=8.0, custom_label=0.47058824, min_label=0, max_label=17, instance_name='p13.txt');0.4705882370471954;0.2349932938814163;0.0023147230967879;0.0;8.0;p13.txt;4.0;0.0;0.0
Data(x=[40, 1], edge_index=[2, 50], edge_attr=[50, 3], y=7.0, custom_label=0.4117647, min_label=0, max_label=17, instance_name='p13.txt');0.4117647111415863;0.2349932938814163;0.2400300353765487;4.0150612790057494e-07;7.0;p13.txt;4.0;4.0;0.0
Data(x=[40, 1], edge_index=[2, 50], edge_attr=[50, 3], y=6.0, custom_label=0.3529412, min_label=0, max_label=17, instance_name='p13.txt');0.3529411852359772;0.2349932938814163;0.2400300651788711;4.0150612790057494e-07;6.0;p13.txt;4.0;4.0;0.0
Data(x=[40, 1], edge_index=[2, 50], edge_attr=[50, 3], y=5.0, custom_label=0.29411766, min_label=0, max_label=17, instance_name='p13.txt');0.294117659330368;0.2349932938814163;0.2400300353765487;4.0150612790057494e-07;5.0;p13.txt;4.0;4.0;0.0
Data(x=[41, 1], edge_index=[2, 52], edge_attr=[52, 3], y=4.0, custom_label=0.23529412, min_label=0, max_label=17, instance_name='p13.txt');0.2352941185235977;0.2349932938814163;0.002240268047899;4.0150612790057494e-07;4.0;p13.txt;4.0;0.0;0.0
Data(x=[41, 1], edge_index=[2, 52], edge_attr=[52, 3], y=3.0, custom_label=0.1764706, min_label=0, max_label=17, instance_name='p13.txt');0.1764705926179886;0.2349932938814163;0.0033853075001388;4.0150612790057494e-07;3.0;p13.txt;4.0;0.0;0.0
Data(x=[41, 1], edge_index=[2, 52], edge_attr=[52, 3], y=2.0, custom_label=0.11764706, min_label=0, max_label=17, instance_name='p13.txt');0.1176470592617988;0.2349932938814163;0.0022402689792215;4.0150612790057494e-07;2.0;p13.txt;4.0;0.0;0.0
Data(x=[41, 1], edge_index=[2, 52], edge_attr=[52, 3], y=1.0, custom_label=0.05882353, min_label=0, max_label=17, instance_name='p13.txt');0.0588235296308994;0.2349932938814163;0.002240268047899;4.0150612790057494e-07;1.0;p13.txt;4.0;0.0;0.0
Data(x=[41, 1], edge_index=[2, 52], edge_attr=[52, 3], y=0.0, custom_label=0.0, min_label=0, max_label=17, instance_name='p13.txt');0.0;0.2349932938814163;2.177079068133025e-06;4.0150612790057494e-07;0.0;p13.txt;4.0;0.0;0.0
Data(x=[38, 1], edge_index=[2, 50], edge_attr=[50, 3], y=0.0, custom_label=0.0, min_label=0, max_label=17, instance_name='p13.txt');0.0;0.2349932938814163;6.659187761215435e-07;0.0;0.0;p13.txt;4.0;0.0;0.0
Data(x=[35, 1], edge_index=[2, 46], edge_attr=[46, 3], y=0.0, custom_label=0.0, min_label=0, max_label=17, instance_name='p13.txt');0.0;0.2349932938814163;3.559173364919843e-07;0.0;0.0;p13.txt;4.0;0.0;0.0
Data(x=[49, 1], edge_index=[2, 60], edge_attr=[60, 3], y=1.0, custom_label=0.05882353, min_label=0, max_label=17, instance_name='p13.txt');0.0588235296308994;0.2349932938814163;0.0316871851682662;4.0150612790057494e-07;1.0;p13.txt;4.0;1.0;0.0
Data(x=[49, 1], edge_index=[2, 60], edge_attr=[60, 3], y=0.0, custom_label=0.0, min_label=0, max_label=17, instance_name='p13.txt');0.0;0.2349932938814163;1.917491545100347e-06;4.0150612790057494e-07;0.0;p13.txt;4.0;0.0;0.0
Data(x=[45, 1], edge_index=[2, 58], edge_attr=[58, 3], y=0.0, custom_label=0.0, min_label=0, max_label=17, instance_name='p13.txt');0.0;0.2349932938814163;1.8003513346798172e-08;0.0;0.0;p13.txt;4.0;0.0;0.0
Data(x=[46, 1], edge_index=[2, 58], edge_attr=[58, 3], y=4.0, custom_label=0.23529412, min_label=0, max_label=17, instance_name='p13.txt');0.2352941185235977;0.2349932938814163;0.0293037109076976;4.0150612790057494e-07;4.0;p13.txt;4.0;0.0;0.0
Data(x=[45, 1], edge_index=[2, 56], edge_attr=[56, 3], y=3.0, custom_label=0.1764706, min_label=0, max_label=17, instance_name='p13.txt');0.1764705926179886;0.2349932938814163;0.0659657940268516;4.0150612790057494e-07;3.0;p13.txt;4.0;1.0;0.0
Data(x=[45, 1], edge_index=[2, 56], edge_attr=[56, 3], y=2.0, custom_label=0.11764706, min_label=0, max_label=17, instance_name='p13.txt');0.1176470592617988;0.2349932938814163;0.0591191835701465;4.0150612790057494e-07;2.0;p13.txt;4.0;1.0;0.0
Data(x=[45, 1], edge_index=[2, 56], edge_attr=[56, 3], y=1.0, custom_label=0.05882353, min_label=0, max_label=17, instance_name='p13.txt');0.0588235296308994;0.2349932938814163;0.0659657940268516;4.0150612790057494e-07;1.0;p13.txt;4.0;1.0;0.0
Data(x=[46, 1], edge_index=[2, 58], edge_attr=[58, 3], y=0.0, custom_label=0.0, min_label=0, max_label=17, instance_name='p13.txt');0.0;0.2349932938814163;6.5321278270857874e-06;4.0150612790057494e-07;0.0;p13.txt;4.0;0.0;0.0
Data(x=[52, 1], edge_index=[2, 64], edge_attr=[64, 3], y=8.0, custom_label=0.47058824, min_label=0, max_label=17, instance_name='p13.txt');0.4705882370471954;0.2349932938814163;0.0186120979487895;0.0;8.0;p13.txt;4.0;0.0;0.0
Data(x=[52, 1], edge_index=[2, 64], edge_attr=[64, 3], y=7.0, custom_label=0.4117647, min_label=0, max_label=17, instance_name='p13.txt');0.4117647111415863;0.2349932938814163;0.0186120979487895;0.0;7.0;p13.txt;4.0;0.0;0.0
Data(x=[52, 1], edge_index=[2, 64], edge_attr=[64, 3], y=6.0, custom_label=0.3529412, min_label=0, max_label=17, instance_name='p13.txt');0.3529411852359772;0.2349932938814163;0.0186121109873056;0.0;6.0;p13.txt;4.0;0.0;0.0
Data(x=[52, 1], edge_index=[2, 64], edge_attr=[64, 3], y=5.0, custom_label=0.29411766, min_label=0, max_label=17, instance_name='p13.txt');0.294117659330368;0.2349932938814163;0.0186121072620153;0.0;5.0;p13.txt;4.0;0.0;0.0
Data(x=[52, 1], edge_index=[2, 64], edge_attr=[64, 3], y=4.0, custom_label=0.23529412, min_label=0, max_label=17, instance_name='p13.txt');0.2352941185235977;0.2349932938814163;0.0186121147125959;0.0;4.0;p13.txt;4.0;0.0;0.0
Data(x=[52, 1], edge_index=[2, 64], edge_attr=[64, 3], y=3.0, custom_label=0.1764706, min_label=0, max_label=17, instance_name='p13.txt');0.1764705926179886;0.2349932938814163;0.0155994491651654;0.0;3.0;p13.txt;4.0;0.0;0.0
Data(x=[52, 1], edge_index=[2, 64], edge_attr=[64, 3], y=2.0, custom_label=0.11764706, min_label=0, max_label=17, instance_name='p13.txt');0.1176470592617988;0.2349932938814163;0.0186120979487895;0.0;2.0;p13.txt;4.0;0.0;0.0
Data(x=[52, 1], edge_index=[2, 64], edge_attr=[64, 3], y=1.0, custom_label=0.05882353, min_label=0, max_label=17, instance_name='p13.txt');0.0588235296308994;0.2349932938814163;0.0186121016740798;0.0;1.0;p13.txt;4.0;0.0;0.0
Data(x=[52, 1], edge_index=[2, 64], edge_attr=[64, 3], y=0.0, custom_label=0.0, min_label=0, max_label=17, instance_name='p13.txt');0.0;0.2349932938814163;9.072216926142572e-06;0.0;0.0;p13.txt;4.0;0.0;0.0
Data(x=[42, 1], edge_index=[2, 52], edge_attr=[52, 3], y=0.0, custom_label=0.0, min_label=0, max_label=17, instance_name='p13.txt');0.0;0.2349932938814163;3.4543347283033654e-05;4.0150612790057494e-07;0.0;p13.txt;4.0;0.0;0.0
Data(x=[42, 1], edge_index=[2, 52], edge_attr=[52, 3], y=0.0, custom_label=0.0, min_label=0, max_label=17, instance_name='p13.txt');0.0;0.2349932938814163;3.854451279039495e-06;4.0150612790057494e-07;0.0;p13.txt;4.0;0.0;0.0
Data(x=[41, 1], edge_index=[2, 52], edge_attr=[52, 3], y=0.0, custom_label=0.0, min_label=0, max_label=17, instance_name='p13.txt');0.0;0.2349932938814163;2.177079068133025e-06;0.0;0.0;p13.txt;4.0;0.0;0.0
Data(x=[44, 1], edge_index=[2, 56], edge_attr=[56, 3], y=0.0, custom_label=0.0, min_label=0, max_label=17, instance_name='p13.txt');0.0;0.2349932938814163;2.706509576455574e-07;0.0;0.0;p13.txt;4.0;0.0;0.0
Data(x=[45, 1], edge_index=[2, 58], edge_attr=[58, 3], y=0.0, custom_label=0.0, min_label=0, max_label=17, instance_name='p13.txt');0.0;0.2349932938814163;3.08027733808558e-06;4.0150612790057494e-07;0.0;p13.txt;4.0;0.0;0.0
Data(x=[31, 1], edge_index=[2, 42], edge_attr=[42, 3], y=0.0, custom_label=0.0, min_label=0, max_label=17, instance_name='p13.txt');0.0;0.2349932938814163;2.0301622605245484e-09;0.0;0.0;p13.txt;4.0;0.0;0.0
Data(x=[43, 1], edge_index=[2, 54], edge_attr=[54, 3], y=0.0, custom_label=0.0, min_label=0, max_label=17, instance_name='p13.txt');0.0;0.2349932938814163;4.597872703016037e-06;0.0;0.0;p13.txt;4.0;0.0;0.0
Data(x=[43, 1], edge_index=[2, 54], edge_attr=[54, 3], y=2.0, custom_label=0.11764706, min_label=0, max_label=17, instance_name='p13.txt');0.1176470592617988;0.2349932938814163;0.003374183550477;0.0;2.0;p13.txt;4.0;0.0;0.0
Data(x=[42, 1], edge_index=[2, 52], edge_attr=[52, 3], y=1.0, custom_label=0.05882353, min_label=0, max_label=17, instance_name='p13.txt');0.0588235296308994;0.2349932938814163;0.070058062672615;0.0;1.0;p13.txt;4.0;1.0;0.0
Data(x=[43, 1], edge_index=[2, 54], edge_attr=[54, 3], y=0.0, custom_label=0.0, min_label=0, max_label=17, instance_name='p13.txt');0.0;0.2349932938814163;4.597872703016037e-06;0.0;0.0;p13.txt;4.0;0.0;0.0
Data(x=[41, 1], edge_index=[2, 52], edge_attr=[52, 3], y=0.0, custom_label=0.0, min_label=0, max_label=17, instance_name='p13.txt');0.0;0.2349932938814163;2.848307985914289e-06;0.0;0.0;p13.txt;4.0;0.0;0.0
Data(x=[42, 1], edge_index=[2, 54], edge_attr=[54, 3], y=0.0, custom_label=0.0, min_label=0, max_label=17, instance_name='p13.txt');0.0;0.2349932938814163;1.836349292716477e-05;0.0;0.0;p13.txt;4.0;0.0;0.0
Data(x=[41, 1], edge_index=[2, 52], edge_attr=[52, 3], y=0.0, custom_label=0.0, min_label=0, max_label=17, instance_name='p13.txt');0.0;0.2349932938814163;2.0672116079367697e-05;0.0;0.0;p13.txt;4.0;0.0;0.0
Data(x=[43, 1], edge_index=[2, 56], edge_attr=[56, 3], y=0.0, custom_label=0.0, min_label=0, max_label=17, instance_name='p13.txt');0.0;0.2349932938814163;2.4744979327806504e-06;0.0;0.0;p13.txt;4.0;0.0;0.0
Data(x=[42, 1], edge_index=[2, 54], edge_attr=[54, 3], y=0.0, custom_label=0.0, min_label=0, max_label=17, instance_name='p13.txt');0.0;0.2349932938814163;2.969039769595838e-07;4.0150612790057494e-07;0.0;p13.txt;4.0;0.0;0.0
Data(x=[40, 1], edge_index=[2, 52], edge_attr=[52, 3], y=0.0, custom_label=0.0, min_label=0, max_label=17, instance_name='p13.txt');0.0;0.2349932938814163;5.758998327110021e-07;4.0150612790057494e-07;0.0;p13.txt;4.0;0.0;0.0
Data(x=[44, 1], edge_index=[2, 56], edge_attr=[56, 3], y=0.0, custom_label=0.0, min_label=0, max_label=17, instance_name='p13.txt');0.0;0.2349932938814163;4.2459437281650025e-06;0.0;0.0;p13.txt;4.0;0.0;0.0
Data(x=[35, 1], edge_index=[2, 46], edge_attr=[46, 3], y=0.0, custom_label=0.0, min_label=0, max_label=17, instance_name='p13.txt');0.0;0.2349932938814163;5.050187155575259e-06;0.0;0.0;p13.txt;4.0;0.0;0.0
Data(x=[43, 1], edge_index=[2, 54], edge_attr=[54, 3], y=14.0, custom_label=0.8235294, min_label=0, max_label=17, instance_name='p13.txt');0.8235294222831726;0.2349932938814163;0.4450961649417877;0.0;14.0;p13.txt;4.0;8.0;0.0
Data(x=[42, 1], edge_index=[2, 52], edge_attr=[52, 3], y=13.0, custom_label=0.7647059, min_label=0, max_label=17, instance_name='p13.txt');0.7647058963775635;0.2349932938814163;0.4850485324859619;0.0;13.0;p13.txt;4.0;8.0;0.0
Data(x=[43, 1], edge_index=[2, 54], edge_attr=[54, 3], y=12.0, custom_label=0.7058824, min_label=0, max_label=17, instance_name='p13.txt');0.7058823704719543;0.2349932938814163;0.2258757054805755;0.0;12.0;p13.txt;4.0;4.0;0.0
Data(x=[42, 1], edge_index=[2, 52], edge_attr=[52, 3], y=11.0, custom_label=0.64705884, min_label=0, max_label=17, instance_name='p13.txt');0.6470588445663452;0.2349932938814163;0.2617188394069671;0.0;11.0;p13.txt;4.0;4.0;0.0
Data(x=[42, 1], edge_index=[2, 52], edge_attr=[52, 3], y=10.0, custom_label=0.5882353, min_label=0, max_label=17, instance_name='p13.txt');0.5882353186607361;0.2349932938814163;0.2617188990116119;0.0;10.0;p13.txt;4.0;4.0;0.0
Data(x=[42, 1], edge_index=[2, 52], edge_attr=[52, 3], y=9.0, custom_label=0.5294118, min_label=0, max_label=17, instance_name='p13.txt');0.529411792755127;0.2349932938814163;0.2172594517469406;0.0;9.0;p13.txt;4.0;4.0;0.0
Data(x=[42, 1], edge_index=[2, 52], edge_attr=[52, 3], y=8.0, custom_label=0.47058824, min_label=0, max_label=17, instance_name='p13.txt');0.4705882370471954;0.2349932938814163;0.2617188990116119;0.0;8.0;p13.txt;4.0;4.0;0.0
Data(x=[42, 1], edge_index=[2, 52], edge_attr=[52, 3], y=7.0, custom_label=0.4117647, min_label=0, max_label=17, instance_name='p13.txt');0.4117647111415863;0.2349932938814163;0.2473528236150741;4.0150612790057494e-07;7.0;p13.txt;4.0;4.0;0.0
Data(x=[42, 1], edge_index=[2, 52], edge_attr=[52, 3], y=6.0, custom_label=0.3529412, min_label=0, max_label=17, instance_name='p13.txt');0.3529411852359772;0.2349932938814163;0.2617188990116119;0.0;6.0;p13.txt;4.0;4.0;0.0
Data(x=[42, 1], edge_index=[2, 52], edge_attr=[52, 3], y=5.0, custom_label=0.29411766, min_label=0, max_label=17, instance_name='p13.txt');0.294117659330368;0.2349932938814163;0.2617188990116119;0.0;5.0;p13.txt;4.0;4.0;0.0
Data(x=[42, 1], edge_index=[2, 52], edge_attr=[52, 3], y=4.0, custom_label=0.23529412, min_label=0, max_label=17, instance_name='p13.txt');0.2352941185235977;0.2349932938814163;0.070058062672615;4.0150612790057494e-07;4.0;p13.txt;4.0;1.0;0.0
Data(x=[42, 1], edge_index=[2, 52], edge_attr=[52, 3], y=3.0, custom_label=0.1764706, min_label=0, max_label=17, instance_name='p13.txt');0.1764705926179886;0.2349932938814163;0.0319117568433284;4.0150612790057494e-07;3.0;p13.txt;4.0;1.0;0.0
Data(x=[42, 1], edge_index=[2, 52], edge_attr=[52, 3], y=2.0, custom_label=0.11764706, min_label=0, max_label=17, instance_name='p13.txt');0.1176470592617988;0.2349932938814163;0.0623261407017707;4.0150612790057494e-07;2.0;p13.txt;4.0;1.0;0.0
Data(x=[42, 1], edge_index=[2, 52], edge_attr=[52, 3], y=1.0, custom_label=0.05882353, min_label=0, max_label=17, instance_name='p13.txt');0.0588235296308994;0.2349932938814163;0.070058062672615;4.0150612790057494e-07;1.0;p13.txt;4.0;1.0;0.0
Data(x=[43, 1], edge_index=[2, 54], edge_attr=[54, 3], y=0.0, custom_label=0.0, min_label=0, max_label=17, instance_name='p13.txt');0.0;0.2349932938814163;5.46075796137302e-07;4.0150612790057494e-07;0.0;p13.txt;4.0;0.0;0.0
Data(x=[43, 1], edge_index=[2, 54], edge_attr=[54, 3], y=6.0, custom_label=0.3529412, min_label=0, max_label=17, instance_name='p13.txt');0.3529411852359772;0.2349932938814163;0.2406832873821258;0.0;6.0;p13.txt;4.0;4.0;0.0
Data(x=[43, 1], edge_index=[2, 54], edge_attr=[54, 3], y=5.0, custom_label=0.29411766, min_label=0, max_label=17, instance_name='p13.txt');0.294117659330368;0.2349932938814163;0.2551778554916382;0.0;5.0;p13.txt;4.0;4.0;0.0
Data(x=[44, 1], edge_index=[2, 56], edge_attr=[56, 3], y=4.0, custom_label=0.23529412, min_label=0, max_label=17, instance_name='p13.txt');0.2352941185235977;0.2349932938814163;0.0279651824384927;0.0;4.0;p13.txt;4.0;0.0;0.0
Data(x=[43, 1], edge_index=[2, 54], edge_attr=[54, 3], y=3.0, custom_label=0.1764706, min_label=0, max_label=17, instance_name='p13.txt');0.1764705926179886;0.2349932938814163;0.0648564547300338;0.0;3.0;p13.txt;4.0;1.0;0.0
Data(x=[43, 1], edge_index=[2, 54], edge_attr=[54, 3], y=2.0, custom_label=0.11764706, min_label=0, max_label=17, instance_name='p13.txt');0.1176470592617988;0.2349932938814163;0.0577773600816726;0.0;2.0;p13.txt;4.0;1.0;0.0
Data(x=[43, 1], edge_index=[2, 54], edge_attr=[54, 3], y=1.0, custom_label=0.05882353, min_label=0, max_label=17, instance_name='p13.txt');0.0588235296308994;0.2349932938814163;0.0648564547300338;0.0;1.0;p13.txt;4.0;1.0;0.0
Data(x=[44, 1], edge_index=[2, 56], edge_attr=[56, 3], y=0.0, custom_label=0.0, min_label=0, max_label=17, instance_name='p13.txt');0.0;0.2349932938814163;4.2459437281650025e-06;0.0;0.0;p13.txt;4.0;0.0;0.0
Data(x=[47, 1], edge_index=[2, 58], edge_attr=[58, 3], y=5.0, custom_label=0.29411766, min_label=0, max_label=17, instance_name='p13.txt');0.294117659330368;0.2349932938814163;0.0354325100779533;0.0;5.0;p13.txt;4.0;1.0;0.0
Data(x=[46, 1], edge_index=[2, 56], edge_attr=[56, 3], y=4.0, custom_label=0.23529412, min_label=0, max_label=17, instance_name='p13.txt');0.2352941185235977;0.2349932938814163;0.0720171704888343;0.0;4.0;p13.txt;4.0;1.0;0.0
Data(x=[46, 1], edge_index=[2, 56], edge_attr=[56, 3], y=3.0, custom_label=0.1764706, min_label=0, max_label=17, instance_name='p13.txt');0.1764705926179886;0.2349932938814163;0.0720171853899955;0.0;3.0;p13.txt;4.0;1.0;0.0
Data(x=[46, 1], edge_index=[2, 56], edge_attr=[56, 3], y=2.0, custom_label=0.11764706, min_label=0, max_label=17, instance_name='p13.txt');0.1176470592617988;0.2349932938814163;0.0648019164800643;0.0;2.0;p13.txt;4.0;1.0;0.0
Data(x=[46, 1], edge_index=[2, 56], edge_attr=[56, 3], y=1.0, custom_label=0.05882353, min_label=0, max_label=17, instance_name='p13.txt');0.0588235296308994;0.2349932938814163;0.0720171853899955;0.0;1.0;p13.txt;4.0;1.0;0.0
Data(x=[47, 1], edge_index=[2, 58], edge_attr=[58, 3], y=0.0, custom_label=0.0, min_label=0, max_label=17, instance_name='p13.txt');0.0;0.2349932938814163;1.0637710147420876e-05;0.0;0.0;p13.txt;4.0;0.0;0.0
Data(x=[45, 1], edge_index=[2, 56], edge_attr=[56, 3], y=7.0, custom_label=0.4117647, min_label=0, max_label=17, instance_name='p13.txt');0.4117647111415863;0.2349932938814163;0.247836172580719;0.0;7.0;p13.txt;4.0;4.0;0.0
Data(x=[45, 1], edge_index=[2, 56], edge_attr=[56, 3], y=6.0, custom_label=0.3529412, min_label=0, max_label=17, instance_name='p13.txt');0.3529411852359772;0.2349932938814163;0.2478362023830413;0.0;6.0;p13.txt;4.0;4.0;0.0
Data(x=[45, 1], edge_index=[2, 56], edge_attr=[56, 3], y=5.0, custom_label=0.29411766, min_label=0, max_label=17, instance_name='p13.txt');0.294117659330368;0.2349932938814163;0.247836172580719;0.0;5.0;p13.txt;4.0;4.0;0.0
Data(x=[46, 1], edge_index=[2, 58], edge_attr=[58, 3], y=4.0, custom_label=0.23529412, min_label=0, max_label=17, instance_name='p13.txt');0.2352941185235977;0.2349932938814163;0.0057251411490142;0.0;4.0;p13.txt;4.0;0.0;0.0
Data(x=[45, 1], edge_index=[2, 56], edge_attr=[56, 3], y=3.0, custom_label=0.1764706, min_label=0, max_label=17, instance_name='p13.txt');0.1764705926179886;0.2349932938814163;0.0289503466337919;0.0;3.0;p13.txt;4.0;0.0;0.0
Data(x=[45, 1], edge_index=[2, 56], edge_attr=[56, 3], y=2.0, custom_label=0.11764706, min_label=0, max_label=17, instance_name='p13.txt');0.1176470592617988;0.2349932938814163;0.0243466421961784;4.0150612790057494e-07;2.0;p13.txt;4.0;0.0;0.0
Data(x=[45, 1], edge_index=[2, 56], edge_attr=[56, 3], y=1.0, custom_label=0.05882353, min_label=0, max_label=17, instance_name='p13.txt');0.0588235296308994;0.2349932938814163;0.0289503335952758;0.0;1.0;p13.txt;4.0;0.0;0.0
Data(x=[46, 1], edge_index=[2, 58], edge_attr=[58, 3], y=0.0, custom_label=0.0, min_label=0, max_label=17, instance_name='p13.txt');0.0;0.2349932938814163;8.935331834436511e-07;0.0;0.0;p13.txt;4.0;0.0;0.0
Data(x=[41, 1], edge_index=[2, 54], edge_attr=[54, 3], y=0.0, custom_label=0.0, min_label=0, max_label=17, instance_name='p13.txt');0.0;0.2349932938814163;1.085260919353459e-05;0.0;0.0;p13.txt;4.0;0.0;0.0
Data(x=[41, 1], edge_index=[2, 52], edge_attr=[52, 3], y=0.0, custom_label=0.0, min_label=0, max_label=17, instance_name='p13.txt');0.0;0.2349932938814163;2.0672116079367697e-05;0.0;0.0;p13.txt;4.0;0.0;0.0
Data(x=[50, 1], edge_index=[2, 62], edge_attr=[62, 3], y=17.0, custom_label=1.0, min_label=0, max_label=17, instance_name='p13.txt');1.0;0.2349932938814163;0.2046782374382019;4.0150612790057494e-07;17.0;p13.txt;4.0;3.0;0.0
Data(x=[49, 1], edge_index=[2, 60], edge_attr=[60, 3], y=16.0, custom_label=0.9411765, min_label=0, max_label=17, instance_name='p13.txt');0.9411764740943908;0.2349932938814163;0.234222412109375;4.0150612790057494e-07;16.0;p13.txt;4.0;4.0;0.0
Data(x=[49, 1], edge_index=[2, 60], edge_attr=[60, 3], y=15.0, custom_label=0.88235295, min_label=0, max_label=17, instance_name='p13.txt');0.8823529481887817;0.2349932938814163;0.2342223823070526;4.0150612790057494e-07;15.0;p13.txt;4.0;4.0;0.0
Data(x=[48, 1], edge_index=[2, 58], edge_attr=[58, 3], y=14.0, custom_label=0.8235294, min_label=0, max_label=17, instance_name='p13.txt');0.8235294222831726;0.2349932938814163;0.2652708888053894;4.0150612790057494e-07;14.0;p13.txt;4.0;5.0;0.0
Data(x=[48, 1], edge_index=[2, 58], edge_attr=[58, 3], y=13.0, custom_label=0.7647059, min_label=0, max_label=17, instance_name='p13.txt');0.7647058963775635;0.2349932938814163;0.265270859003067;4.0150612790057494e-07;13.0;p13.txt;4.0;5.0;0.0
Data(x=[48, 1], edge_index=[2, 58], edge_attr=[58, 3], y=12.0, custom_label=0.7058824, min_label=0, max_label=17, instance_name='p13.txt');0.7058823704719543;0.2349932938814163;0.2529997825622558;4.0150612790057494e-07;12.0;p13.txt;4.0;4.0;0.0
Data(x=[48, 1], edge_index=[2, 58], edge_attr=[58, 3], y=11.0, custom_label=0.64705884, min_label=0, max_label=17, instance_name='p13.txt');0.6470588445663452;0.2349932938814163;0.265270859003067;4.0150612790057494e-07;11.0;p13.txt;4.0;5.0;0.0
Data(x=[48, 1], edge_index=[2, 58], edge_attr=[58, 3], y=10.0, custom_label=0.5882353, min_label=0, max_label=17, instance_name='p13.txt');0.5882353186607361;0.2349932938814163;0.2652708888053894;4.0150612790057494e-07;10.0;p13.txt;4.0;5.0;0.0
Data(x=[48, 1], edge_index=[2, 58], edge_attr=[58, 3], y=9.0, custom_label=0.5294118, min_label=0, max_label=17, instance_name='p13.txt');0.529411792755127;0.2349932938814163;0.2268417030572891;4.0150612790057494e-07;9.0;p13.txt;4.0;4.0;0.0
Data(x=[48, 1], edge_index=[2, 58], edge_attr=[58, 3], y=8.0, custom_label=0.47058824, min_label=0, max_label=17, instance_name='p13.txt');0.4705882370471954;0.2349932938814163;0.265270859003067;4.0150612790057494e-07;8.0;p13.txt;4.0;5.0;0.0
Data(x=[48, 1], edge_index=[2, 58], edge_attr=[58, 3], y=7.0, custom_label=0.4117647, min_label=0, max_label=17, instance_name='p13.txt');0.4117647111415863;0.2349932938814163;0.265270859003067;4.0150612790057494e-07;7.0;p13.txt;4.0;5.0;0.0
Data(x=[49, 1], edge_index=[2, 60], edge_attr=[60, 3], y=6.0, custom_label=0.3529412, min_label=0, max_label=17, instance_name='p13.txt');0.3529411852359772;0.2349932938814163;0.0680695548653602;4.0150612790057494e-07;6.0;p13.txt;4.0;1.0;0.0
Data(x=[49, 1], edge_index=[2, 60], edge_attr=[60, 3], y=5.0, custom_label=0.29411766, min_label=0, max_label=17, instance_name='p13.txt');0.294117659330368;0.2349932938814163;0.0316871590912342;4.0150612790057494e-07;5.0;p13.txt;4.0;1.0;0.0
Data(x=[49, 1], edge_index=[2, 60], edge_attr=[60, 3], y=4.0, custom_label=0.23529412, min_label=0, max_label=17, instance_name='p13.txt');0.2352941185235977;0.2349932938814163;0.0680695548653602;4.0150612790057494e-07;4.0;p13.txt;4.0;1.0;0.0
Data(x=[49, 1], edge_index=[2, 60], edge_attr=[60, 3], y=3.0, custom_label=0.1764706, min_label=0, max_label=17, instance_name='p13.txt');0.1764705926179886;0.2349932938814163;0.0680695697665214;4.0150612790057494e-07;3.0;p13.txt;4.0;1.0;0.0
Data(x=[49, 1], edge_index=[2, 60], edge_attr=[60, 3], y=2.0, custom_label=0.11764706, min_label=0, max_label=17, instance_name='p13.txt');0.1176470592617988;0.2349932938814163;0.0613033547997474;4.0150612790057494e-07;2.0;p13.txt;4.0;1.0;0.0
Data(x=[49, 1], edge_index=[2, 60], edge_attr=[60, 3], y=1.0, custom_label=0.05882353, min_label=0, max_label=17, instance_name='p13.txt');0.0588235296308994;0.2349932938814163;0.0316871590912342;4.0150612790057494e-07;1.0;p13.txt;4.0;1.0;0.0
Data(x=[50, 1], edge_index=[2, 62], edge_attr=[62, 3], y=0.0, custom_label=0.0, min_label=0, max_label=17, instance_name='p13.txt');0.0;0.2349932938814163;1.3986853446112946e-05;4.0150612790057494e-07;0.0;p13.txt;4.0;0.0;0.0
Data(x=[64, 1], edge_index=[2, 68], edge_attr=[68, 3], y=83.0, custom_label=1.0, min_label=0, max_label=83, instance_name='p14.txt');1.0;0.2349932938814163;0.7391905188560486;4.0150612790057494e-07;83.0;p14.txt;20.0;61.0;0.0
Data(x=[64, 1], edge_index=[2, 68], edge_attr=[68, 3], y=82.0, custom_label=0.9879518, min_label=0, max_label=83, instance_name='p14.txt');0.9879518151283264;0.2349932938814163;0.7391905188560486;4.0150612790057494e-07;82.0;p14.txt;20.0;61.0;0.0
Data(x=[64, 1], edge_index=[2, 68], edge_attr=[68, 3], y=81.0, custom_label=0.97590363, min_label=0, max_label=83, instance_name='p14.txt');0.9759036302566528;0.2349932938814163;0.7391905188560486;4.0150612790057494e-07;81.0;p14.txt;20.0;61.0;0.0
Data(x=[64, 1], edge_index=[2, 68], edge_attr=[68, 3], y=80.0, custom_label=0.96385545, min_label=0, max_label=83, instance_name='p14.txt');0.9638554453849792;0.2349932938814163;0.7391905188560486;4.0150612790057494e-07;80.0;p14.txt;20.0;61.0;0.0
Data(x=[64, 1], edge_index=[2, 68], edge_attr=[68, 3], y=79.0, custom_label=0.9518072, min_label=0, max_label=83, instance_name='p14.txt');0.9518072009086608;0.2349932938814163;0.7391905188560486;4.0150612790057494e-07;79.0;p14.txt;20.0;61.0;0.0
Data(x=[64, 1], edge_index=[2, 68], edge_attr=[68, 3], y=78.0, custom_label=0.939759, min_label=0, max_label=83, instance_name='p14.txt');0.9397590160369872;0.2349932938814163;0.7391905188560486;4.0150612790057494e-07;78.0;p14.txt;20.0;61.0;0.0
Data(x=[64, 1], edge_index=[2, 68], edge_attr=[68, 3], y=77.0, custom_label=0.92771083, min_label=0, max_label=83, instance_name='p14.txt');0.9277108311653136;0.2349932938814163;0.7391905188560486;4.0150612790057494e-07;77.0;p14.txt;20.0;61.0;0.0
Data(x=[64, 1], edge_index=[2, 68], edge_attr=[68, 3], y=76.0, custom_label=0.91566265, min_label=0, max_label=83, instance_name='p14.txt');0.91566264629364;0.2349932938814163;0.7391905188560486;4.0150612790057494e-07;76.0;p14.txt;20.0;61.0;0.0
Data(x=[64, 1], edge_index=[2, 68], edge_attr=[68, 3], y=75.0, custom_label=0.90361446, min_label=0, max_label=83, instance_name='p14.txt');0.9036144614219666;0.2349932938814163;0.7391905188560486;4.0150612790057494e-07;75.0;p14.txt;20.0;61.0;0.0
Data(x=[64, 1], edge_index=[2, 68], edge_attr=[68, 3], y=74.0, custom_label=0.8915663, min_label=0, max_label=83, instance_name='p14.txt');0.891566276550293;0.2349932938814163;0.7391905188560486;4.0150612790057494e-07;74.0;p14.txt;20.0;61.0;0.0
Data(x=[64, 1], edge_index=[2, 68], edge_attr=[68, 3], y=73.0, custom_label=0.8795181, min_label=0, max_label=83, instance_name='p14.txt');0.8795180916786194;0.2349932938814163;0.7391905188560486;4.0150612790057494e-07;73.0;p14.txt;20.0;61.0;0.0
Data(x=[64, 1], edge_index=[2, 68], edge_attr=[68, 3], y=72.0, custom_label=0.8674699, min_label=0, max_label=83, instance_name='p14.txt');0.8674699068069458;0.2349932938814163;0.7391905188560486;4.0150612790057494e-07;72.0;p14.txt;20.0;61.0;0.0
Data(x=[64, 1], edge_index=[2, 68], edge_attr=[68, 3], y=71.0, custom_label=0.85542166, min_label=0, max_label=83, instance_name='p14.txt');0.8554216623306274;0.2349932938814163;0.7391905188560486;4.0150612790057494e-07;71.0;p14.txt;20.0;61.0;0.0
Data(x=[64, 1], edge_index=[2, 68], edge_attr=[68, 3], y=70.0, custom_label=0.8433735, min_label=0, max_label=83, instance_name='p14.txt');0.8433734774589539;0.2349932938814163;0.7391905188560486;4.0150612790057494e-07;70.0;p14.txt;20.0;61.0;0.0
Data(x=[64, 1], edge_index=[2, 68], edge_attr=[68, 3], y=69.0, custom_label=0.8313253, min_label=0, max_label=83, instance_name='p14.txt');0.8313252925872803;0.2349932938814163;0.7391905188560486;4.0150612790057494e-07;69.0;p14.txt;20.0;61.0;0.0
Data(x=[64, 1], edge_index=[2, 68], edge_attr=[68, 3], y=68.0, custom_label=0.8192771, min_label=0, max_label=83, instance_name='p14.txt');0.8192771077156067;0.2349932938814163;0.7391905188560486;4.0150612790057494e-07;68.0;p14.txt;20.0;61.0;0.0
Data(x=[64, 1], edge_index=[2, 68], edge_attr=[68, 3], y=67.0, custom_label=0.8072289, min_label=0, max_label=83, instance_name='p14.txt');0.8072289228439331;0.2349932938814163;0.7391905188560486;4.0150612790057494e-07;67.0;p14.txt;20.0;61.0;0.0
Data(x=[64, 1], edge_index=[2, 68], edge_attr=[68, 3], y=66.0, custom_label=0.79518074, min_label=0, max_label=83, instance_name='p14.txt');0.7951807379722595;0.2349932938814163;0.7391905188560486;4.0150612790057494e-07;66.0;p14.txt;20.0;61.0;0.0
Data(x=[64, 1], edge_index=[2, 68], edge_attr=[68, 3], y=65.0, custom_label=0.78313255, min_label=0, max_label=83, instance_name='p14.txt');0.7831325531005859;0.2349932938814163;0.7391905188560486;4.0150612790057494e-07;65.0;p14.txt;20.0;61.0;0.0
Data(x=[64, 1], edge_index=[2, 68], edge_attr=[68, 3], y=64.0, custom_label=0.7710843, min_label=0, max_label=83, instance_name='p14.txt');0.7710843086242676;0.2349932938814163;0.7391905188560486;4.0150612790057494e-07;64.0;p14.txt;20.0;61.0;0.0
Data(x=[64, 1], edge_index=[2, 68], edge_attr=[68, 3], y=63.0, custom_label=0.7590361, min_label=0, max_label=83, instance_name='p14.txt');0.759036123752594;0.2349932938814163;0.7391905188560486;4.0150612790057494e-07;63.0;p14.txt;20.0;61.0;0.0
Data(x=[64, 1], edge_index=[2, 68], edge_attr=[68, 3], y=62.0, custom_label=0.74698794, min_label=0, max_label=83, instance_name='p14.txt');0.7469879388809204;0.2349932938814163;0.7391905188560486;4.0150612790057494e-07;62.0;p14.txt;20.0;61.0;0.0
Data(x=[64, 1], edge_index=[2, 68], edge_attr=[68, 3], y=61.0, custom_label=0.73493975, min_label=0, max_label=83, instance_name='p14.txt');0.7349397540092468;0.2349932938814163;0.7391905188560486;4.0150612790057494e-07;61.0;p14.txt;20.0;61.0;0.0
Data(x=[64, 1], edge_index=[2, 68], edge_attr=[68, 3], y=60.0, custom_label=0.72289157, min_label=0, max_label=83, instance_name='p14.txt');0.7228915691375732;0.2349932938814163;0.7391905188560486;4.0150612790057494e-07;60.0;p14.txt;20.0;61.0;0.0
Data(x=[64, 1], edge_index=[2, 68], edge_attr=[68, 3], y=59.0, custom_label=0.7108434, min_label=0, max_label=83, instance_name='p14.txt');0.7108433842658997;0.2349932938814163;0.7391905188560486;4.0150612790057494e-07;59.0;p14.txt;20.0;61.0;0.0
Data(x=[64, 1], edge_index=[2, 68], edge_attr=[68, 3], y=58.0, custom_label=0.6987952, min_label=0, max_label=83, instance_name='p14.txt');0.6987951993942261;0.2349932938814163;0.7391905188560486;4.0150612790057494e-07;58.0;p14.txt;20.0;61.0;0.0
Data(x=[64, 1], edge_index=[2, 68], edge_attr=[68, 3], y=57.0, custom_label=0.686747, min_label=0, max_label=83, instance_name='p14.txt');0.6867470145225525;0.2349932938814163;0.7391905188560486;4.0150612790057494e-07;57.0;p14.txt;20.0;61.0;0.0
Data(x=[64, 1], edge_index=[2, 68], edge_attr=[68, 3], y=56.0, custom_label=0.67469877, min_label=0, max_label=83, instance_name='p14.txt');0.6746987700462341;0.2349932938814163;0.7391905188560486;4.0150612790057494e-07;56.0;p14.txt;20.0;61.0;0.0
Data(x=[64, 1], edge_index=[2, 68], edge_attr=[68, 3], y=55.0, custom_label=0.6626506, min_label=0, max_label=83, instance_name='p14.txt');0.6626505851745605;0.2349932938814163;0.7391905188560486;4.0150612790057494e-07;55.0;p14.txt;20.0;61.0;0.0
Data(x=[64, 1], edge_index=[2, 68], edge_attr=[68, 3], y=54.0, custom_label=0.6506024, min_label=0, max_label=83, instance_name='p14.txt');0.650602400302887;0.2349932938814163;0.7391905188560486;4.0150612790057494e-07;54.0;p14.txt;20.0;61.0;0.0
Data(x=[64, 1], edge_index=[2, 68], edge_attr=[68, 3], y=53.0, custom_label=0.6385542, min_label=0, max_label=83, instance_name='p14.txt');0.6385542154312134;0.2349932938814163;0.7391905188560486;4.0150612790057494e-07;53.0;p14.txt;20.0;61.0;0.0
Data(x=[64, 1], edge_index=[2, 68], edge_attr=[68, 3], y=52.0, custom_label=0.62650603, min_label=0, max_label=83, instance_name='p14.txt');0.6265060305595398;0.2349932938814163;0.7391905188560486;4.0150612790057494e-07;52.0;p14.txt;20.0;61.0;0.0
Data(x=[64, 1], edge_index=[2, 68], edge_attr=[68, 3], y=51.0, custom_label=0.61445785, min_label=0, max_label=83, instance_name='p14.txt');0.6144578456878662;0.2349932938814163;0.7391905188560486;4.0150612790057494e-07;51.0;p14.txt;20.0;61.0;0.0
Data(x=[64, 1], edge_index=[2, 68], edge_attr=[68, 3], y=50.0, custom_label=0.60240966, min_label=0, max_label=83, instance_name='p14.txt');0.6024096608161926;0.2349932938814163;0.7391905188560486;4.0150612790057494e-07;50.0;p14.txt;20.0;61.0;0.0
Data(x=[64, 1], edge_index=[2, 68], edge_attr=[68, 3], y=49.0, custom_label=0.5903614, min_label=0, max_label=83, instance_name='p14.txt');0.5903614163398743;0.2349932938814163;0.7391905188560486;4.0150612790057494e-07;49.0;p14.txt;20.0;61.0;0.0
Data(x=[65, 1], edge_index=[2, 70], edge_attr=[70, 3], y=48.0, custom_label=0.57831323, min_label=0, max_label=83, instance_name='p14.txt');0.5783132314682007;0.2349932938814163;0.3410481810569763;4.0150612790057494e-07;48.0;p14.txt;20.0;28.0;0.0
Data(x=[65, 1], edge_index=[2, 70], edge_attr=[70, 3], y=47.0, custom_label=0.56626505, min_label=0, max_label=83, instance_name='p14.txt');0.5662650465965271;0.2349932938814163;0.3410481810569763;4.0150612790057494e-07;47.0;p14.txt;20.0;28.0;0.0
Data(x=[65, 1], edge_index=[2, 70], edge_attr=[70, 3], y=46.0, custom_label=0.55421686, min_label=0, max_label=83, instance_name='p14.txt');0.5542168617248535;0.2349932938814163;0.3410481810569763;4.0150612790057494e-07;46.0;p14.txt;20.0;28.0;0.0
Data(x=[65, 1], edge_index=[2, 70], edge_attr=[70, 3], y=45.0, custom_label=0.5421687, min_label=0, max_label=83, instance_name='p14.txt');0.5421686768531799;0.2349932938814163;0.3410481810569763;4.0150612790057494e-07;45.0;p14.txt;20.0;28.0;0.0
Data(x=[65, 1], edge_index=[2, 70], edge_attr=[70, 3], y=44.0, custom_label=0.5301205, min_label=0, max_label=83, instance_name='p14.txt');0.5301204919815063;0.2349932938814163;0.3410481810569763;4.0150612790057494e-07;44.0;p14.txt;20.0;28.0;0.0
Data(x=[65, 1], edge_index=[2, 70], edge_attr=[70, 3], y=43.0, custom_label=0.5180723, min_label=0, max_label=83, instance_name='p14.txt');0.5180723071098328;0.2349932938814163;0.3410481810569763;4.0150612790057494e-07;43.0;p14.txt;20.0;28.0;0.0
Data(x=[65, 1], edge_index=[2, 70], edge_attr=[70, 3], y=42.0, custom_label=0.5060241, min_label=0, max_label=83, instance_name='p14.txt');0.5060241222381592;0.2349932938814163;0.3410481810569763;4.0150612790057494e-07;42.0;p14.txt;20.0;28.0;0.0
Data(x=[65, 1], edge_index=[2, 70], edge_attr=[70, 3], y=41.0, custom_label=0.4939759, min_label=0, max_label=83, instance_name='p14.txt');0.4939759075641632;0.2349932938814163;0.3410481810569763;4.0150612790057494e-07;41.0;p14.txt;20.0;28.0;0.0
Data(x=[65, 1], edge_index=[2, 70], edge_attr=[70, 3], y=40.0, custom_label=0.48192772, min_label=0, max_label=83, instance_name='p14.txt');0.4819277226924896;0.2349932938814163;0.3410481810569763;4.0150612790057494e-07;40.0;p14.txt;20.0;28.0;0.0
Data(x=[65, 1], edge_index=[2, 70], edge_attr=[70, 3], y=39.0, custom_label=0.4698795, min_label=0, max_label=83, instance_name='p14.txt');0.4698795080184936;0.2349932938814163;0.3410481810569763;4.0150612790057494e-07;39.0;p14.txt;20.0;28.0;0.0
Data(x=[65, 1], edge_index=[2, 70], edge_attr=[70, 3], y=38.0, custom_label=0.45783132, min_label=0, max_label=83, instance_name='p14.txt');0.45783132314682;0.2349932938814163;0.3410481810569763;4.0150612790057494e-07;38.0;p14.txt;20.0;28.0;0.0
Data(x=[65, 1], edge_index=[2, 70], edge_attr=[70, 3], y=37.0, custom_label=0.44578314, min_label=0, max_label=83, instance_name='p14.txt');0.4457831382751465;0.2349932938814163;0.3410481810569763;4.0150612790057494e-07;37.0;p14.txt;20.0;28.0;0.0
Data(x=[65, 1], edge_index=[2, 70], edge_attr=[70, 3], y=36.0, custom_label=0.43373495, min_label=0, max_label=83, instance_name='p14.txt');0.4337349534034729;0.2349932938814163;0.3410481810569763;4.0150612790057494e-07;36.0;p14.txt;20.0;28.0;0.0
Data(x=[65, 1], edge_index=[2, 70], edge_attr=[70, 3], y=35.0, custom_label=0.42168674, min_label=0, max_label=83, instance_name='p14.txt');0.4216867387294769;0.2349932938814163;0.3410481810569763;4.0150612790057494e-07;35.0;p14.txt;20.0;28.0;0.0
Data(x=[65, 1], edge_index=[2, 70], edge_attr=[70, 3], y=34.0, custom_label=0.40963855, min_label=0, max_label=83, instance_name='p14.txt');0.4096385538578033;0.2349932938814163;0.3410481810569763;4.0150612790057494e-07;34.0;p14.txt;20.0;28.0;0.0
Data(x=[65, 1], edge_index=[2, 70], edge_attr=[70, 3], y=33.0, custom_label=0.39759037, min_label=0, max_label=83, instance_name='p14.txt');0.3975903689861297;0.2349932938814163;0.3410481810569763;4.0150612790057494e-07;33.0;p14.txt;20.0;28.0;0.0
Data(x=[65, 1], edge_index=[2, 70], edge_attr=[70, 3], y=32.0, custom_label=0.38554215, min_label=0, max_label=83, instance_name='p14.txt');0.3855421543121338;0.2349932938814163;0.3410481810569763;4.0150612790057494e-07;32.0;p14.txt;20.0;28.0;0.0
Data(x=[65, 1], edge_index=[2, 70], edge_attr=[70, 3], y=31.0, custom_label=0.37349397, min_label=0, max_label=83, instance_name='p14.txt');0.3734939694404602;0.2349932938814163;0.3410481810569763;4.0150612790057494e-07;31.0;p14.txt;20.0;28.0;0.0
Data(x=[65, 1], edge_index=[2, 70], edge_attr=[70, 3], y=30.0, custom_label=0.36144578, min_label=0, max_label=83, instance_name='p14.txt');0.3614457845687866;0.2349932938814163;0.3410481810569763;4.0150612790057494e-07;30.0;p14.txt;20.0;28.0;0.0
Data(x=[65, 1], edge_index=[2, 70], edge_attr=[70, 3], y=29.0, custom_label=0.3493976, min_label=0, max_label=83, instance_name='p14.txt');0.349397599697113;0.2349932938814163;0.3410481810569763;4.0150612790057494e-07;29.0;p14.txt;20.0;28.0;0.0
Data(x=[66, 1], edge_index=[2, 72], edge_attr=[72, 3], y=28.0, custom_label=0.33734939, min_label=0, max_label=83, instance_name='p14.txt');0.337349385023117;0.2349932938814163;0.1707294285297393;4.0150612790057494e-07;28.0;p14.txt;20.0;14.0;0.0
Data(x=[66, 1], edge_index=[2, 72], edge_attr=[72, 3], y=27.0, custom_label=0.3253012, min_label=0, max_label=83, instance_name='p14.txt');0.3253012001514435;0.2349932938814163;0.1707294285297393;4.0150612790057494e-07;27.0;p14.txt;20.0;14.0;0.0
Data(x=[66, 1], edge_index=[2, 72], edge_attr=[72, 3], y=26.0, custom_label=0.31325302, min_label=0, max_label=83, instance_name='p14.txt');0.3132530152797699;0.2349932938814163;0.1707294285297393;4.0150612790057494e-07;26.0;p14.txt;20.0;14.0;0.0
Data(x=[66, 1], edge_index=[2, 72], edge_attr=[72, 3], y=25.0, custom_label=0.30120483, min_label=0, max_label=83, instance_name='p14.txt');0.3012048304080963;0.2349932938814163;0.1707294285297393;4.0150612790057494e-07;25.0;p14.txt;20.0;14.0;0.0
Data(x=[66, 1], edge_index=[2, 72], edge_attr=[72, 3], y=24.0, custom_label=0.28915662, min_label=0, max_label=83, instance_name='p14.txt');0.2891566157341003;0.2349932938814163;0.1707294285297393;4.0150612790057494e-07;24.0;p14.txt;20.0;14.0;0.0
Data(x=[66, 1], edge_index=[2, 72], edge_attr=[72, 3], y=23.0, custom_label=0.27710843, min_label=0, max_label=83, instance_name='p14.txt');0.2771084308624267;0.2349932938814163;0.1707294285297393;4.0150612790057494e-07;23.0;p14.txt;20.0;14.0;0.0
Data(x=[66, 1], edge_index=[2, 72], edge_attr=[72, 3], y=22.0, custom_label=0.26506025, min_label=0, max_label=83, instance_name='p14.txt');0.2650602459907532;0.2349932938814163;0.1707294285297393;4.0150612790057494e-07;22.0;p14.txt;20.0;14.0;0.0
Data(x=[66, 1], edge_index=[2, 72], edge_attr=[72, 3], y=21.0, custom_label=0.25301206, min_label=0, max_label=83, instance_name='p14.txt');0.2530120611190796;0.2349932938814163;0.1707294285297393;4.0150612790057494e-07;21.0;p14.txt;20.0;14.0;0.0
Data(x=[66, 1], edge_index=[2, 72], edge_attr=[72, 3], y=20.0, custom_label=0.24096386, min_label=0, max_label=83, instance_name='p14.txt');0.2409638613462448;0.2349932938814163;0.1707294285297393;4.0150612790057494e-07;20.0;p14.txt;20.0;14.0;0.0
Data(x=[66, 1], edge_index=[2, 72], edge_attr=[72, 3], y=19.0, custom_label=0.22891566, min_label=0, max_label=83, instance_name='p14.txt');0.22891566157341;0.2349932938814163;0.1707294285297393;4.0150612790057494e-07;19.0;p14.txt;20.0;14.0;0.0
Data(x=[66, 1], edge_index=[2, 72], edge_attr=[72, 3], y=18.0, custom_label=0.21686748, min_label=0, max_label=83, instance_name='p14.txt');0.2168674767017364;0.2349932938814163;0.1707294285297393;4.0150612790057494e-07;18.0;p14.txt;20.0;14.0;0.0
Data(x=[66, 1], edge_index=[2, 72], edge_attr=[72, 3], y=17.0, custom_label=0.20481928, min_label=0, max_label=83, instance_name='p14.txt');0.2048192769289016;0.2349932938814163;0.1707294285297393;4.0150612790057494e-07;17.0;p14.txt;20.0;14.0;0.0
Data(x=[66, 1], edge_index=[2, 72], edge_attr=[72, 3], y=16.0, custom_label=0.19277108, min_label=0, max_label=83, instance_name='p14.txt');0.1927710771560669;0.2349932938814163;0.1707294285297393;4.0150612790057494e-07;16.0;p14.txt;20.0;14.0;0.0
Data(x=[66, 1], edge_index=[2, 72], edge_attr=[72, 3], y=15.0, custom_label=0.18072289, min_label=0, max_label=83, instance_name='p14.txt');0.1807228922843933;0.2349932938814163;0.1707294285297393;4.0150612790057494e-07;15.0;p14.txt;20.0;14.0;0.0
Data(x=[66, 1], edge_index=[2, 72], edge_attr=[72, 3], y=14.0, custom_label=0.16867469, min_label=0, max_label=83, instance_name='p14.txt');0.1686746925115585;0.2349932938814163;0.1707294285297393;4.0150612790057494e-07;14.0;p14.txt;20.0;14.0;0.0
Data(x=[66, 1], edge_index=[2, 72], edge_attr=[72, 3], y=13.0, custom_label=0.15662651, min_label=0, max_label=83, instance_name='p14.txt');0.1566265076398849;0.2349932938814163;0.1707294285297393;4.0150612790057494e-07;13.0;p14.txt;20.0;14.0;0.0
Data(x=[66, 1], edge_index=[2, 72], edge_attr=[72, 3], y=12.0, custom_label=0.14457831, min_label=0, max_label=83, instance_name='p14.txt');0.1445783078670501;0.2349932938814163;0.1707294285297393;4.0150612790057494e-07;12.0;p14.txt;20.0;14.0;0.0
Data(x=[66, 1], edge_index=[2, 72], edge_attr=[72, 3], y=11.0, custom_label=0.13253012, min_label=0, max_label=83, instance_name='p14.txt');0.1325301229953766;0.2349932938814163;0.1707294285297393;4.0150612790057494e-07;11.0;p14.txt;20.0;14.0;0.0
Data(x=[66, 1], edge_index=[2, 72], edge_attr=[72, 3], y=10.0, custom_label=0.12048193, min_label=0, max_label=83, instance_name='p14.txt');0.1204819306731224;0.2349932938814163;0.1707294285297393;4.0150612790057494e-07;10.0;p14.txt;20.0;14.0;0.0
Data(x=[66, 1], edge_index=[2, 72], edge_attr=[72, 3], y=9.0, custom_label=0.10843374, min_label=0, max_label=83, instance_name='p14.txt');0.1084337383508682;0.2349932938814163;0.1707294285297393;4.0150612790057494e-07;9.0;p14.txt;20.0;14.0;0.0
Data(x=[66, 1], edge_index=[2, 72], edge_attr=[72, 3], y=8.0, custom_label=0.09638554, min_label=0, max_label=83, instance_name='p14.txt');0.0963855385780334;0.2349932938814163;0.1707294285297393;4.0150612790057494e-07;8.0;p14.txt;20.0;14.0;0.0
Data(x=[66, 1], edge_index=[2, 72], edge_attr=[72, 3], y=7.0, custom_label=0.084337346, min_label=0, max_label=83, instance_name='p14.txt');0.0843373462557792;0.2349932938814163;0.1707294285297393;4.0150612790057494e-07;7.0;p14.txt;20.0;14.0;0.0
Data(x=[66, 1], edge_index=[2, 72], edge_attr=[72, 3], y=6.0, custom_label=0.072289154, min_label=0, max_label=83, instance_name='p14.txt');0.072289153933525;0.2349932938814163;0.1707294285297393;4.0150612790057494e-07;6.0;p14.txt;20.0;14.0;0.0
Data(x=[66, 1], edge_index=[2, 72], edge_attr=[72, 3], y=5.0, custom_label=0.060240965, min_label=0, max_label=83, instance_name='p14.txt');0.0602409653365612;0.2349932938814163;0.1707294285297393;4.0150612790057494e-07;5.0;p14.txt;20.0;14.0;0.0
Data(x=[66, 1], edge_index=[2, 72], edge_attr=[72, 3], y=4.0, custom_label=0.04819277, min_label=0, max_label=83, instance_name='p14.txt');0.0481927692890167;0.2349932938814163;0.1707294285297393;4.0150612790057494e-07;4.0;p14.txt;20.0;14.0;0.0
Data(x=[66, 1], edge_index=[2, 72], edge_attr=[72, 3], y=3.0, custom_label=0.036144577, min_label=0, max_label=83, instance_name='p14.txt');0.0361445769667625;0.2349932938814163;0.1707294285297393;4.0150612790057494e-07;3.0;p14.txt;20.0;14.0;0.0
Data(x=[66, 1], edge_index=[2, 72], edge_attr=[72, 3], y=2.0, custom_label=0.024096385, min_label=0, max_label=83, instance_name='p14.txt');0.0240963846445083;0.2349932938814163;0.1707294285297393;4.0150612790057494e-07;2.0;p14.txt;20.0;14.0;0.0
Data(x=[66, 1], edge_index=[2, 72], edge_attr=[72, 3], y=1.0, custom_label=0.012048192, min_label=0, max_label=83, instance_name='p14.txt');0.0120481923222541;0.2349932938814163;0.1707294285297393;4.0150612790057494e-07;1.0;p14.txt;20.0;14.0;0.0
Data(x=[67, 1], edge_index=[2, 74], edge_attr=[74, 3], y=0.0, custom_label=0.0, min_label=0, max_label=83, instance_name='p14.txt');0.0;0.2349932938814163;0.0096421586349606;4.0150612790057494e-07;0.0;p14.txt;20.0;1.0;0.0
Data(x=[47, 1], edge_index=[2, 56], edge_attr=[56, 3], y=0.0, custom_label=0.0, min_label=0, max_label=83, instance_name='p14.txt');0.0;0.2349932938814163;0.0019154013134539;0.0;0.0;p14.txt;20.0;0.0;0.0
Data(x=[43, 1], edge_index=[2, 52], edge_attr=[52, 3], y=0.0, custom_label=0.0, min_label=0, max_label=83, instance_name='p14.txt');0.0;0.2349932938814163;0.0013425472425296;0.0;0.0;p14.txt;20.0;0.0;0.0
Data(x=[35, 1], edge_index=[2, 44], edge_attr=[44, 3], y=0.0, custom_label=0.0, min_label=0, max_label=83, instance_name='p14.txt');0.0;0.2349932938814163;0.0005245915963314;0.0;0.0;p14.txt;20.0;0.0;0.0
Data(x=[46, 1], edge_index=[2, 54], edge_attr=[54, 3], y=0.0, custom_label=0.0, min_label=0, max_label=83, instance_name='p14.txt');0.0;0.2349932938814163;0.0023577485699206;0.0;0.0;p14.txt;20.0;0.0;0.0
Data(x=[41, 1], edge_index=[2, 50], edge_attr=[50, 3], y=0.0, custom_label=0.0, min_label=0, max_label=83, instance_name='p14.txt');0.0;0.2349932938814163;0.0010973806492984;0.0;0.0;p14.txt;20.0;0.0;0.0
Data(x=[47, 1], edge_index=[2, 56], edge_attr=[56, 3], y=0.0, custom_label=0.0, min_label=0, max_label=83, instance_name='p14.txt');0.0;0.2349932938814163;0.0003457571438048;0.0;0.0;p14.txt;20.0;0.0;0.0
Data(x=[40, 1], edge_index=[2, 50], edge_attr=[50, 3], y=0.0, custom_label=0.0, min_label=0, max_label=83, instance_name='p14.txt');0.0;0.2349932938814163;9.288808359997348e-05;4.0150612790057494e-07;0.0;p14.txt;20.0;0.0;0.0
Data(x=[35, 1], edge_index=[2, 46], edge_attr=[46, 3], y=0.0, custom_label=0.0, min_label=0, max_label=83, instance_name='p14.txt');0.0;0.2349932938814163;7.462538746949576e-07;4.0150612790057494e-07;0.0;p14.txt;20.0;0.0;0.0
Data(x=[43, 1], edge_index=[2, 52], edge_attr=[52, 3], y=0.0, custom_label=0.0, min_label=0, max_label=83, instance_name='p14.txt');0.0;0.2349932938814163;0.0002053369098575;0.0;0.0;p14.txt;20.0;0.0;0.0
Data(x=[44, 1], edge_index=[2, 54], edge_attr=[54, 3], y=0.0, custom_label=0.0, min_label=0, max_label=83, instance_name='p14.txt');0.0;0.2349932938814163;2.180594856326934e-05;4.0150612790057494e-07;0.0;p14.txt;20.0;0.0;0.0
Data(x=[46, 1], edge_index=[2, 54], edge_attr=[54, 3], y=0.0, custom_label=0.0, min_label=0, max_label=83, instance_name='p14.txt');0.0;0.2349932938814163;0.0023577485699206;4.0150612790057494e-07;0.0;p14.txt;20.0;0.0;0.0
Data(x=[37, 1], edge_index=[2, 44], edge_attr=[44, 3], y=0.0, custom_label=0.0, min_label=0, max_label=83, instance_name='p14.txt');0.0;0.2349932938814163;0.0014097072416916;4.0150612790057494e-07;0.0;p14.txt;20.0;0.0;0.0
Data(x=[41, 1], edge_index=[2, 50], edge_attr=[50, 3], y=0.0, custom_label=0.0, min_label=0, max_label=83, instance_name='p14.txt');0.0;0.2349932938814163;0.0001523156824987;4.0150612790057494e-07;0.0;p14.txt;20.0;0.0;0.0
Data(x=[52, 1], edge_index=[2, 62], edge_attr=[62, 3], y=0.0, custom_label=0.0, min_label=0, max_label=83, instance_name='p14.txt');0.0;0.2349932938814163;0.0004568370932247;0.0;0.0;p14.txt;20.0;0.0;0.0
Data(x=[43, 1], edge_index=[2, 52], edge_attr=[52, 3], y=0.0, custom_label=0.0, min_label=0, max_label=83, instance_name='p14.txt');0.0;0.2349932938814163;0.0002053369098575;0.0;0.0;p14.txt;20.0;0.0;0.0
Data(x=[41, 1], edge_index=[2, 50], edge_attr=[50, 3], y=0.0, custom_label=0.0, min_label=0, max_label=83, instance_name='p14.txt');0.0;0.2349932938814163;0.0010973800672218;0.0;0.0;p14.txt;20.0;0.0;0.0
Data(x=[57, 1], edge_index=[2, 68], edge_attr=[68, 3], y=0.0, custom_label=0.0, min_label=0, max_label=8, instance_name='p15.txt');0.0;0.2349932938814163;5.232097828411497e-05;4.0150612790057494e-07;0.0;p15.txt;2.0;0.0;0.0
Data(x=[51, 1], edge_index=[2, 64], edge_attr=[64, 3], y=0.0, custom_label=0.0, min_label=0, max_label=8, instance_name='p15.txt');0.0;0.2349932938814163;1.2761597645294389e-05;0.0;0.0;p15.txt;2.0;0.0;0.0
Data(x=[64, 1], edge_index=[2, 76], edge_attr=[76, 3], y=0.0, custom_label=0.0, min_label=0, max_label=8, instance_name='p15.txt');0.0;0.2349932938814163;9.610746201360598e-05;4.0150612790057494e-07;0.0;p15.txt;2.0;0.0;0.0
Data(x=[67, 1], edge_index=[2, 78], edge_attr=[78, 3], y=1.0, custom_label=0.125, min_label=0, max_label=8, instance_name='p15.txt');0.125;0.2349932938814163;0.0997210070490837;4.0150612790057494e-07;1.0;p15.txt;2.0;1.0;0.0
Data(x=[68, 1], edge_index=[2, 80], edge_attr=[80, 3], y=0.0, custom_label=0.0, min_label=0, max_label=8, instance_name='p15.txt');0.0;0.2349932938814163;0.000470377592137;4.0150612790057494e-07;0.0;p15.txt;2.0;0.0;0.0
Data(x=[58, 1], edge_index=[2, 68], edge_attr=[68, 3], y=0.0, custom_label=0.0, min_label=0, max_label=8, instance_name='p15.txt');0.0;0.2349932938814163;7.516637560911477e-05;4.0150612790057494e-07;0.0;p15.txt;2.0;0.0;0.0
Data(x=[65, 1], edge_index=[2, 78], edge_attr=[78, 3], y=0.0, custom_label=0.0, min_label=0, max_label=8, instance_name='p15.txt');0.0;0.2349932938814163;8.677591540617868e-05;0.0;0.0;p15.txt;2.0;0.0;0.0
Data(x=[53, 1], edge_index=[2, 66], edge_attr=[66, 3], y=0.0, custom_label=0.0, min_label=0, max_label=8, instance_name='p15.txt');0.0;0.2349932938814163;8.202938624890521e-05;4.0150612790057494e-07;0.0;p15.txt;2.0;0.0;0.0
Data(x=[58, 1], edge_index=[2, 70], edge_attr=[70, 3], y=0.0, custom_label=0.0, min_label=0, max_label=8, instance_name='p15.txt');0.0;0.2349932938814163;4.715367686003447e-05;4.0150612790057494e-07;0.0;p15.txt;2.0;0.0;0.0
Data(x=[69, 1], edge_index=[2, 82], edge_attr=[82, 3], y=0.0, custom_label=0.0, min_label=0, max_label=8, instance_name='p15.txt');0.0;0.2349932938814163;0.0001301453303312;4.0150612790057494e-07;0.0;p15.txt;2.0;0.0;0.0
Data(x=[60, 1], edge_index=[2, 72], edge_attr=[72, 3], y=3.0, custom_label=0.375, min_label=0, max_label=8, instance_name='p15.txt');0.375;0.2349932938814163;0.0379550941288471;4.0150612790057494e-07;3.0;p15.txt;2.0;0.0;0.0
Data(x=[59, 1], edge_index=[2, 70], edge_attr=[70, 3], y=2.0, custom_label=0.25, min_label=0, max_label=8, instance_name='p15.txt');0.25;0.2349932938814163;0.0666311085224151;4.0150612790057494e-07;2.0;p15.txt;2.0;1.0;0.0
Data(x=[59, 1], edge_index=[2, 70], edge_attr=[70, 3], y=1.0, custom_label=0.125, min_label=0, max_label=8, instance_name='p15.txt');0.125;0.2349932938814163;0.038292147219181;4.0150612790057494e-07;1.0;p15.txt;2.0;0.0;0.0
Data(x=[60, 1], edge_index=[2, 72], edge_attr=[72, 3], y=0.0, custom_label=0.0, min_label=0, max_label=8, instance_name='p15.txt');0.0;0.2349932938814163;6.0739264881704e-05;4.0150612790057494e-07;0.0;p15.txt;2.0;0.0;0.0
Data(x=[69, 1], edge_index=[2, 80], edge_attr=[80, 3], y=2.0, custom_label=0.25, min_label=0, max_label=8, instance_name='p15.txt');0.25;0.2349932938814163;0.0122383581474423;4.0150612790057494e-07;2.0;p15.txt;2.0;0.0;0.0
Data(x=[68, 1], edge_index=[2, 78], edge_attr=[78, 3], y=1.0, custom_label=0.125, min_label=0, max_label=8, instance_name='p15.txt');0.125;0.2349932938814163;0.0839183926582336;4.0150612790057494e-07;1.0;p15.txt;2.0;1.0;0.0
Data(x=[69, 1], edge_index=[2, 80], edge_attr=[80, 3], y=0.0, custom_label=0.0, min_label=0, max_label=8, instance_name='p15.txt');0.0;0.2349932938814163;0.0001945784752024;4.0150612790057494e-07;0.0;p15.txt;2.0;0.0;0.0
Data(x=[70, 1], edge_index=[2, 80], edge_attr=[80, 3], y=0.0, custom_label=0.0, min_label=0, max_label=8, instance_name='p15.txt');0.0;0.2349932938814163;0.0008126709144562;4.0150612790057494e-07;0.0;p15.txt;2.0;0.0;0.0
Data(x=[70, 1], edge_index=[2, 82], edge_attr=[82, 3], y=0.0, custom_label=0.0, min_label=0, max_label=8, instance_name='p15.txt');0.0;0.2349932938814163;4.802980765816756e-05;4.0150612790057494e-07;0.0;p15.txt;2.0;0.0;0.0
Data(x=[53, 1], edge_index=[2, 66], edge_attr=[66, 3], y=0.0, custom_label=0.0, min_label=0, max_label=8, instance_name='p15.txt');0.0;0.2349932938814163;1.784457708708942e-05;0.0;0.0;p15.txt;2.0;0.0;0.0
Data(x=[63, 1], edge_index=[2, 72], edge_attr=[72, 3], y=5.0, custom_label=0.625, min_label=0, max_label=8, instance_name='p15.txt');0.625;0.2349932938814163;0.1055292710661888;4.0150612790057494e-07;5.0;p15.txt;2.0;1.0;0.0
Data(x=[63, 1], edge_index=[2, 72], edge_attr=[72, 3], y=4.0, custom_label=0.5, min_label=0, max_label=8, instance_name='p15.txt');0.5;0.2349932938814163;0.1055292710661888;4.0150612790057494e-07;4.0;p15.txt;2.0;1.0;0.0
Data(x=[63, 1], edge_index=[2, 72], edge_attr=[72, 3], y=3.0, custom_label=0.375, min_label=0, max_label=8, instance_name='p15.txt');0.375;0.2349932938814163;0.1055292710661888;4.0150612790057494e-07;3.0;p15.txt;2.0;1.0;0.0
Data(x=[63, 1], edge_index=[2, 72], edge_attr=[72, 3], y=2.0, custom_label=0.25, min_label=0, max_label=8, instance_name='p15.txt');0.25;0.2349932938814163;0.1055292710661888;4.0150612790057494e-07;2.0;p15.txt;2.0;1.0;0.0
Data(x=[63, 1], edge_index=[2, 72], edge_attr=[72, 3], y=1.0, custom_label=0.125, min_label=0, max_label=8, instance_name='p15.txt');0.125;0.2349932938814163;0.1055292710661888;4.0150612790057494e-07;1.0;p15.txt;2.0;1.0;0.0
Data(x=[64, 1], edge_index=[2, 74], edge_attr=[74, 3], y=0.0, custom_label=0.0, min_label=0, max_label=8, instance_name='p15.txt');0.0;0.2349932938814163;0.0005155017133802;4.0150612790057494e-07;0.0;p15.txt;2.0;0.0;0.0
Data(x=[55, 1], edge_index=[2, 66], edge_attr=[66, 3], y=0.0, custom_label=0.0, min_label=0, max_label=8, instance_name='p15.txt');0.0;0.2349932938814163;0.0001721060107229;4.0150612790057494e-07;0.0;p15.txt;2.0;0.0;0.0
Data(x=[56, 1], edge_index=[2, 66], edge_attr=[66, 3], y=0.0, custom_label=0.0, min_label=0, max_label=8, instance_name='p15.txt');0.0;0.2349932938814163;0.0002451919717714;4.0150612790057494e-07;0.0;p15.txt;2.0;0.0;0.0
Data(x=[67, 1], edge_index=[2, 78], edge_attr=[78, 3], y=0.0, custom_label=0.0, min_label=0, max_label=8, instance_name='p15.txt');0.0;0.2349932938814163;0.0001375305146211;4.0150612790057494e-07;0.0;p15.txt;2.0;0.0;0.0
Data(x=[62, 1], edge_index=[2, 76], edge_attr=[76, 3], y=0.0, custom_label=0.0, min_label=0, max_label=8, instance_name='p15.txt');0.0;0.2349932938814163;7.105270015017595e-06;0.0;0.0;p15.txt;2.0;0.0;0.0
Data(x=[69, 1], edge_index=[2, 80], edge_attr=[80, 3], y=0.0, custom_label=0.0, min_label=0, max_label=8, instance_name='p15.txt');0.0;0.2349932938814163;0.0001945784752024;4.0150612790057494e-07;0.0;p15.txt;2.0;0.0;0.0
Data(x=[71, 1], edge_index=[2, 84], edge_attr=[84, 3], y=0.0, custom_label=0.0, min_label=0, max_label=8, instance_name='p15.txt');0.0;0.2349932938814163;0.0001569606538396;4.0150612790057494e-07;0.0;p15.txt;2.0;0.0;0.0
Data(x=[57, 1], edge_index=[2, 70], edge_attr=[70, 3], y=0.0, custom_label=0.0, min_label=0, max_label=8, instance_name='p15.txt');0.0;0.2349932938814163;3.2554562494624406e-05;0.0;0.0;p15.txt;2.0;0.0;0.0
Data(x=[55, 1], edge_index=[2, 66], edge_attr=[66, 3], y=0.0, custom_label=0.0, min_label=0, max_label=8, instance_name='p15.txt');0.0;0.2349932938814163;3.2741834729677066e-05;4.0150612790057494e-07;0.0;p15.txt;2.0;0.0;0.0
Data(x=[55, 1], edge_index=[2, 66], edge_attr=[66, 3], y=0.0, custom_label=0.0, min_label=0, max_label=8, instance_name='p15.txt');0.0;0.2349932938814163;0.0001721061853459;0.0;0.0;p15.txt;2.0;0.0;0.0
Data(x=[53, 1], edge_index=[2, 64], edge_attr=[64, 3], y=0.0, custom_label=0.0, min_label=0, max_label=8, instance_name='p15.txt');0.0;0.2349932938814163;3.0518674520862987e-06;4.0150612790057494e-07;0.0;p15.txt;2.0;0.0;0.0
Data(x=[53, 1], edge_index=[2, 64], edge_attr=[64, 3], y=0.0, custom_label=0.0, min_label=0, max_label=8, instance_name='p15.txt');0.0;0.2349932938814163;2.972539368784055e-05;0.0;0.0;p15.txt;2.0;0.0;0.0
Data(x=[54, 1], edge_index=[2, 64], edge_attr=[64, 3], y=0.0, custom_label=0.0, min_label=0, max_label=8, instance_name='p15.txt');0.0;0.2349932938814163;0.0001967303542187;4.0150612790057494e-07;0.0;p15.txt;2.0;0.0;0.0
Data(x=[76, 1], edge_index=[2, 88], edge_attr=[88, 3], y=5.0, custom_label=0.625, min_label=0, max_label=8, instance_name='p15.txt');0.625;0.2349932938814163;0.0762432962656021;4.0150612790057494e-07;5.0;p15.txt;2.0;1.0;0.0
Data(x=[76, 1], edge_index=[2, 88], edge_attr=[88, 3], y=4.0, custom_label=0.5, min_label=0, max_label=8, instance_name='p15.txt');0.5;0.2349932938814163;0.0762432813644409;4.0150612790057494e-07;4.0;p15.txt;2.0;1.0;0.0
Data(x=[76, 1], edge_index=[2, 88], edge_attr=[88, 3], y=3.0, custom_label=0.375, min_label=0, max_label=8, instance_name='p15.txt');0.375;0.2349932938814163;0.0762432962656021;4.0150612790057494e-07;3.0;p15.txt;2.0;1.0;0.0
Data(x=[76, 1], edge_index=[2, 88], edge_attr=[88, 3], y=2.0, custom_label=0.25, min_label=0, max_label=8, instance_name='p15.txt');0.25;0.2349932938814163;0.0436300858855247;4.0150612790057494e-07;2.0;p15.txt;2.0;0.0;0.0
Data(x=[76, 1], edge_index=[2, 88], edge_attr=[88, 3], y=1.0, custom_label=0.125, min_label=0, max_label=8, instance_name='p15.txt');0.125;0.2349932938814163;0.0436300784349441;4.0150612790057494e-07;1.0;p15.txt;2.0;0.0;0.0
Data(x=[77, 1], edge_index=[2, 90], edge_attr=[90, 3], y=0.0, custom_label=0.0, min_label=0, max_label=8, instance_name='p15.txt');0.0;0.2349932938814163;0.0002619362203404;4.0150612790057494e-07;0.0;p15.txt;2.0;0.0;0.0
Data(x=[60, 1], edge_index=[2, 70], edge_attr=[70, 3], y=0.0, custom_label=0.0, min_label=0, max_label=8, instance_name='p15.txt');0.0;0.2349932938814163;9.53363414737396e-05;0.0;0.0;p15.txt;2.0;0.0;0.0
Data(x=[72, 1], edge_index=[2, 84], edge_attr=[84, 3], y=0.0, custom_label=0.0, min_label=0, max_label=8, instance_name='p15.txt');0.0;0.2349932938814163;0.0006320673273876;4.0150612790057494e-07;0.0;p15.txt;2.0;0.0;0.0
Data(x=[59, 1], edge_index=[2, 70], edge_attr=[70, 3], y=0.0, custom_label=0.0, min_label=0, max_label=8, instance_name='p15.txt');0.0;0.2349932938814163;0.0002638033474795;4.0150612790057494e-07;0.0;p15.txt;2.0;0.0;0.0
Data(x=[61, 1], edge_index=[2, 74], edge_attr=[74, 3], y=0.0, custom_label=0.0, min_label=0, max_label=8, instance_name='p15.txt');0.0;0.2349932938814163;5.488685928867199e-05;4.0150612790057494e-07;0.0;p15.txt;2.0;0.0;0.0
Data(x=[49, 1], edge_index=[2, 62], edge_attr=[62, 3], y=0.0, custom_label=0.0, min_label=0, max_label=8, instance_name='p15.txt');0.0;0.2349932938814163;8.895151040633209e-06;0.0;0.0;p15.txt;2.0;0.0;0.0
Data(x=[58, 1], edge_index=[2, 70], edge_attr=[70, 3], y=0.0, custom_label=0.0, min_label=0, max_label=8, instance_name='p15.txt');0.0;0.2349932938814163;0.0001888298429548;0.0;0.0;p15.txt;2.0;0.0;0.0
Data(x=[53, 1], edge_index=[2, 64], edge_attr=[64, 3], y=0.0, custom_label=0.0, min_label=0, max_label=8, instance_name='p15.txt');0.0;0.2349932938814163;2.972542461066041e-05;0.0;0.0;p15.txt;2.0;0.0;0.0
Data(x=[54, 1], edge_index=[2, 64], edge_attr=[64, 3], y=1.0, custom_label=0.125, min_label=0, max_label=8, instance_name='p15.txt');0.125;0.2349932938814163;0.07594845443964;4.0150612790057494e-07;1.0;p15.txt;2.0;1.0;0.0
Data(x=[55, 1], edge_index=[2, 66], edge_attr=[66, 3], y=0.0, custom_label=0.0, min_label=0, max_label=8, instance_name='p15.txt');0.0;0.2349932938814163;3.984438080806285e-05;4.0150612790057494e-07;0.0;p15.txt;2.0;0.0;0.0
Data(x=[75, 1], edge_index=[2, 88], edge_attr=[88, 3], y=0.0, custom_label=0.0, min_label=0, max_label=8, instance_name='p15.txt');0.0;0.2349932938814163;0.0006452173693105;4.0150612790057494e-07;0.0;p15.txt;2.0;0.0;0.0
Data(x=[69, 1], edge_index=[2, 82], edge_attr=[82, 3], y=0.0, custom_label=0.0, min_label=0, max_label=8, instance_name='p15.txt');0.0;0.2349932938814163;0.0001301453303312;4.0150612790057494e-07;0.0;p15.txt;2.0;0.0;0.0
Data(x=[64, 1], edge_index=[2, 74], edge_attr=[74, 3], y=0.0, custom_label=0.0, min_label=0, max_label=8, instance_name='p15.txt');0.0;0.2349932938814163;0.0001473286101827;4.0150612790057494e-07;0.0;p15.txt;2.0;0.0;0.0
Data(x=[59, 1], edge_index=[2, 70], edge_attr=[70, 3], y=0.0, custom_label=0.0, min_label=0, max_label=8, instance_name='p15.txt');0.0;0.2349932938814163;0.0002638033474795;0.0;0.0;p15.txt;2.0;0.0;0.0
Data(x=[57, 1], edge_index=[2, 70], edge_attr=[70, 3], y=0.0, custom_label=0.0, min_label=0, max_label=8, instance_name='p15.txt');0.0;0.2349932938814163;3.2554562494624406e-05;4.0150612790057494e-07;0.0;p15.txt;2.0;0.0;0.0
Data(x=[59, 1], edge_index=[2, 70], edge_attr=[70, 3], y=2.0, custom_label=0.25, min_label=0, max_label=8, instance_name='p15.txt');0.25;0.2349932938814163;0.00838004052639;0.0;2.0;p15.txt;2.0;0.0;0.0
Data(x=[58, 1], edge_index=[2, 68], edge_attr=[68, 3], y=1.0, custom_label=0.125, min_label=0, max_label=8, instance_name='p15.txt');0.125;0.2349932938814163;0.0778360962867736;0.0;1.0;p15.txt;2.0;1.0;0.0
Data(x=[59, 1], edge_index=[2, 70], edge_attr=[70, 3], y=0.0, custom_label=0.0, min_label=0, max_label=8, instance_name='p15.txt');0.0;0.2349932938814163;6.744705024175346e-05;0.0;0.0;p15.txt;2.0;0.0;0.0
Data(x=[62, 1], edge_index=[2, 72], edge_attr=[72, 3], y=3.0, custom_label=0.375, min_label=0, max_label=8, instance_name='p15.txt');0.375;0.2349932938814163;0.051685906946659;4.0150612790057494e-07;3.0;p15.txt;2.0;0.0;0.0
Data(x=[61, 1], edge_index=[2, 70], edge_attr=[70, 3], y=2.0, custom_label=0.25, min_label=0, max_label=8, instance_name='p15.txt');0.25;0.2349932938814163;0.0854029953479766;4.0150612790057494e-07;2.0;p15.txt;2.0;1.0;0.0
Data(x=[61, 1], edge_index=[2, 70], edge_attr=[70, 3], y=1.0, custom_label=0.125, min_label=0, max_label=8, instance_name='p15.txt');0.125;0.2349932938814163;0.0854029953479766;4.0150612790057494e-07;1.0;p15.txt;2.0;1.0;0.0
Data(x=[62, 1], edge_index=[2, 72], edge_attr=[72, 3], y=0.0, custom_label=0.0, min_label=0, max_label=8, instance_name='p15.txt');0.0;0.2349932938814163;0.000119175419968;4.0150612790057494e-07;0.0;p15.txt;2.0;0.0;0.0
Data(x=[54, 1], edge_index=[2, 66], edge_attr=[66, 3], y=0.0, custom_label=0.0, min_label=0, max_label=8, instance_name='p15.txt');0.0;0.2349932938814163;2.686385232664179e-05;0.0;0.0;p15.txt;2.0;0.0;0.0
Data(x=[59, 1], edge_index=[2, 70], edge_attr=[70, 3], y=0.0, custom_label=0.0, min_label=0, max_label=8, instance_name='p15.txt');0.0;0.2349932938814163;3.4163196687586606e-05;4.0150612790057494e-07;0.0;p15.txt;2.0;0.0;0.0
Data(x=[49, 1], edge_index=[2, 60], edge_attr=[60, 3], y=0.0, custom_label=0.0, min_label=0, max_label=8, instance_name='p15.txt');0.0;0.2349932938814163;8.020852692425251e-05;4.0150612790057494e-07;0.0;p15.txt;2.0;0.0;0.0
Data(x=[70, 1], edge_index=[2, 80], edge_attr=[80, 3], y=0.0, custom_label=0.0, min_label=0, max_label=8, instance_name='p15.txt');0.0;0.2349932938814163;0.0002601906599011;4.0150612790057494e-07;0.0;p15.txt;2.0;0.0;0.0
Data(x=[58, 1], edge_index=[2, 70], edge_attr=[70, 3], y=1.0, custom_label=0.125, min_label=0, max_label=8, instance_name='p15.txt');0.125;0.2349932938814163;0.0219019427895545;4.0150612790057494e-07;1.0;p15.txt;2.0;0.0;0.0
Data(x=[58, 1], edge_index=[2, 70], edge_attr=[70, 3], y=0.0, custom_label=0.0, min_label=0, max_label=8, instance_name='p15.txt');0.0;0.2349932938814163;2.360550752200652e-05;4.0150612790057494e-07;0.0;p15.txt;2.0;0.0;0.0
Data(x=[59, 1], edge_index=[2, 72], edge_attr=[72, 3], y=0.0, custom_label=0.0, min_label=0, max_label=8, instance_name='p15.txt');0.0;0.2349932938814163;4.264669405529276e-05;0.0;0.0;p15.txt;2.0;0.0;0.0
Data(x=[67, 1], edge_index=[2, 78], edge_attr=[78, 3], y=0.0, custom_label=0.0, min_label=0, max_label=8, instance_name='p15.txt');0.0;0.2349932938814163;0.0005318527691997;4.0150612790057494e-07;0.0;p15.txt;2.0;0.0;0.0
Data(x=[77, 1], edge_index=[2, 88], edge_attr=[88, 3], y=0.0, custom_label=0.0, min_label=0, max_label=8, instance_name='p15.txt');0.0;0.2349932938814163;0.0010604726849123;4.0150612790057494e-07;0.0;p15.txt;2.0;0.0;0.0
Data(x=[60, 1], edge_index=[2, 72], edge_attr=[72, 3], y=4.0, custom_label=0.5, min_label=0, max_label=8, instance_name='p15.txt');0.5;0.2349932938814163;0.0379550941288471;0.0;4.0;p15.txt;2.0;0.0;0.0
Data(x=[59, 1], edge_index=[2, 70], edge_attr=[70, 3], y=3.0, custom_label=0.375, min_label=0, max_label=8, instance_name='p15.txt');0.375;0.2349932938814163;0.0726421773433685;0.0;3.0;p15.txt;2.0;1.0;0.0
Data(x=[59, 1], edge_index=[2, 70], edge_attr=[70, 3], y=2.0, custom_label=0.25, min_label=0, max_label=8, instance_name='p15.txt');0.25;0.2349932938814163;0.0726421922445297;0.0;2.0;p15.txt;2.0;1.0;0.0
Data(x=[59, 1], edge_index=[2, 70], edge_attr=[70, 3], y=1.0, custom_label=0.125, min_label=0, max_label=8, instance_name='p15.txt');0.125;0.2349932938814163;0.0726421922445297;0.0;1.0;p15.txt;2.0;1.0;0.0
Data(x=[60, 1], edge_index=[2, 72], edge_attr=[72, 3], y=0.0, custom_label=0.0, min_label=0, max_label=8, instance_name='p15.txt');0.0;0.2349932938814163;6.0739264881704e-05;0.0;0.0;p15.txt;2.0;0.0;0.0
Data(x=[68, 1], edge_index=[2, 78], edge_attr=[78, 3], y=0.0, custom_label=0.0, min_label=0, max_label=8, instance_name='p15.txt');0.0;0.2349932938814163;0.0007030898123048;4.0150612790057494e-07;0.0;p15.txt;2.0;0.0;0.0
Data(x=[75, 1], edge_index=[2, 86], edge_attr=[86, 3], y=0.0, custom_label=0.0, min_label=0, max_label=8, instance_name='p15.txt');0.0;0.2349932938814163;0.000323560758261;4.0150612790057494e-07;0.0;p15.txt;2.0;0.0;0.0
Data(x=[56, 1], edge_index=[2, 68], edge_attr=[68, 3], y=0.0, custom_label=0.0, min_label=0, max_label=8, instance_name='p15.txt');0.0;0.2349932938814163;3.595053203753196e-05;4.0150612790057494e-07;0.0;p15.txt;2.0;0.0;0.0
Data(x=[59, 1], edge_index=[2, 72], edge_attr=[72, 3], y=0.0, custom_label=0.0, min_label=0, max_label=8, instance_name='p15.txt');0.0;0.2349932938814163;4.264669405529276e-05;4.0150612790057494e-07;0.0;p15.txt;2.0;0.0;0.0
Data(x=[68, 1], edge_index=[2, 80], edge_attr=[80, 3], y=0.0, custom_label=0.0, min_label=0, max_label=8, instance_name='p15.txt');0.0;0.2349932938814163;0.0001443009969079;0.0;0.0;p15.txt;2.0;0.0;0.0
Data(x=[51, 1], edge_index=[2, 62], edge_attr=[62, 3], y=3.0, custom_label=0.375, min_label=0, max_label=8, instance_name='p15.txt');0.375;0.2349932938814163;0.0691383779048919;4.0150612790057494e-07;3.0;p15.txt;2.0;1.0;0.0
Data(x=[50, 1], edge_index=[2, 60], edge_attr=[60, 3], y=2.0, custom_label=0.25, min_label=0, max_label=8, instance_name='p15.txt');0.25;0.2349932938814163;0.1001444309949874;4.0150612790057494e-07;2.0;p15.txt;2.0;1.0;0.0
Data(x=[50, 1], edge_index=[2, 60], edge_attr=[60, 3], y=1.0, custom_label=0.125, min_label=0, max_label=8, instance_name='p15.txt');0.125;0.2349932938814163;0.1001444309949874;4.0150612790057494e-07;1.0;p15.txt;2.0;1.0;0.0
Data(x=[51, 1], edge_index=[2, 62], edge_attr=[62, 3], y=0.0, custom_label=0.0, min_label=0, max_label=8, instance_name='p15.txt');0.0;0.2349932938814163;0.0001054857784765;4.0150612790057494e-07;0.0;p15.txt;2.0;0.0;0.0
Data(x=[68, 1], edge_index=[2, 80], edge_attr=[80, 3], y=0.0, custom_label=0.0, min_label=0, max_label=8, instance_name='p15.txt');0.0;0.2349932938814163;0.000470377592137;4.0150612790057494e-07;0.0;p15.txt;2.0;0.0;0.0
Data(x=[73, 1], edge_index=[2, 84], edge_attr=[84, 3], y=0.0, custom_label=0.0, min_label=0, max_label=8, instance_name='p15.txt');0.0;0.2349932938814163;0.0002756594039965;0.0;0.0;p15.txt;2.0;0.0;0.0
Data(x=[56, 1], edge_index=[2, 68], edge_attr=[68, 3], y=0.0, custom_label=0.0, min_label=0, max_label=8, instance_name='p15.txt');0.0;0.2349932938814163;7.043511232041055e-06;4.0150612790057494e-07;0.0;p15.txt;2.0;0.0;0.0
Data(x=[72, 1], edge_index=[2, 84], edge_attr=[84, 3], y=3.0, custom_label=0.375, min_label=0, max_label=8, instance_name='p15.txt');0.375;0.2349932938814163;0.0455652624368667;4.0150612790057494e-07;3.0;p15.txt;2.0;0.0;0.0
Data(x=[71, 1], edge_index=[2, 82], edge_attr=[82, 3], y=2.0, custom_label=0.25, min_label=0, max_label=8, instance_name='p15.txt');0.25;0.2349932938814163;0.0793660655617713;4.0150612790057494e-07;2.0;p15.txt;2.0;1.0;0.0
Data(x=[71, 1], edge_index=[2, 82], edge_attr=[82, 3], y=1.0, custom_label=0.125, min_label=0, max_label=8, instance_name='p15.txt');0.125;0.2349932938814163;0.0793660655617713;4.0150612790057494e-07;1.0;p15.txt;2.0;1.0;0.0
Data(x=[72, 1], edge_index=[2, 84], edge_attr=[84, 3], y=0.0, custom_label=0.0, min_label=0, max_label=8, instance_name='p15.txt');0.0;0.2349932938814163;0.0002088255278067;4.0150612790057494e-07;0.0;p15.txt;2.0;0.0;0.0
Data(x=[57, 1], edge_index=[2, 70], edge_attr=[70, 3], y=0.0, custom_label=0.0, min_label=0, max_label=8, instance_name='p15.txt');0.0;0.2349932938814163;3.255452975281514e-05;0.0;0.0;p15.txt;2.0;0.0;0.0
Data(x=[74, 1], edge_index=[2, 86], edge_attr=[86, 3], y=0.0, custom_label=0.0, min_label=0, max_label=8, instance_name='p15.txt');0.0;0.2349932938814163;0.0002474979555699;4.0150612790057494e-07;0.0;p15.txt;2.0;0.0;0.0
Data(x=[66, 1], edge_index=[2, 78], edge_attr=[78, 3], y=0.0, custom_label=0.0, min_label=0, max_label=8, instance_name='p15.txt');0.0;0.2349932938814163;0.000118431802548;0.0;0.0;p15.txt;2.0;0.0;0.0
Data(x=[53, 1], edge_index=[2, 64], edge_attr=[64, 3], y=0.0, custom_label=0.0, min_label=0, max_label=8, instance_name='p15.txt');0.0;0.2349932938814163;0.0001359840825898;4.0150612790057494e-07;0.0;p15.txt;2.0;0.0;0.0
Data(x=[64, 1], edge_index=[2, 74], edge_attr=[74, 3], y=8.0, custom_label=1.0, min_label=0, max_label=8, instance_name='p15.txt');1.0;0.2349932938814163;0.2076347768306732;4.0150612790057494e-07;8.0;p15.txt;2.0;2.0;0.0
Data(x=[64, 1], edge_index=[2, 74], edge_attr=[74, 3], y=7.0, custom_label=0.875, min_label=0, max_label=8, instance_name='p15.txt');0.875;0.2349932938814163;0.2076347768306732;4.0150612790057494e-07;7.0;p15.txt;2.0;2.0;0.0
Data(x=[64, 1], edge_index=[2, 74], edge_attr=[74, 3], y=6.0, custom_label=0.75, min_label=0, max_label=8, instance_name='p15.txt');0.75;0.2349932938814163;0.2076347768306732;4.0150612790057494e-07;6.0;p15.txt;2.0;2.0;0.0
Data(x=[64, 1], edge_index=[2, 74], edge_attr=[74, 3], y=5.0, custom_label=0.625, min_label=0, max_label=8, instance_name='p15.txt');0.625;0.2349932938814163;0.2076347768306732;4.0150612790057494e-07;5.0;p15.txt;2.0;2.0;0.0
Data(x=[64, 1], edge_index=[2, 74], edge_attr=[74, 3], y=4.0, custom_label=0.5, min_label=0, max_label=8, instance_name='p15.txt');0.5;0.2349932938814163;0.199941486120224;4.0150612790057494e-07;4.0;p15.txt;2.0;2.0;0.0
Data(x=[64, 1], edge_index=[2, 74], edge_attr=[74, 3], y=3.0, custom_label=0.375, min_label=0, max_label=8, instance_name='p15.txt');0.375;0.2349932938814163;0.199941486120224;4.0150612790057494e-07;3.0;p15.txt;2.0;2.0;0.0
Data(x=[64, 1], edge_index=[2, 74], edge_attr=[74, 3], y=2.0, custom_label=0.25, min_label=0, max_label=8, instance_name='p15.txt');0.25;0.2349932938814163;0.2076347768306732;4.0150612790057494e-07;2.0;p15.txt;2.0;2.0;0.0
Data(x=[65, 1], edge_index=[2, 76], edge_attr=[76, 3], y=1.0, custom_label=0.125, min_label=0, max_label=8, instance_name='p15.txt');0.125;0.2349932938814163;0.0424148403108119;4.0150612790057494e-07;1.0;p15.txt;2.0;0.0;0.0
Data(x=[65, 1], edge_index=[2, 76], edge_attr=[76, 3], y=0.0, custom_label=0.0, min_label=0, max_label=8, instance_name='p15.txt');0.0;0.2349932938814163;0.0001118933214456;4.0150612790057494e-07;0.0;p15.txt;2.0;0.0;0.0
Data(x=[88, 1], edge_index=[2, 92], edge_attr=[92, 3], y=146.0, custom_label=1.0, min_label=0, max_label=146, instance_name='p16.txt');1.0;0.2349932938814163;0.6896288394927979;4.0150612790057494e-07;146.0;p16.txt;34.0;101.0;0.0
Data(x=[88, 1], edge_index=[2, 92], edge_attr=[92, 3], y=145.0, custom_label=0.9931507, min_label=0, max_label=146, instance_name='p16.txt');0.9931507110595704;0.2349932938814163;0.6896288394927979;4.0150612790057494e-07;145.0;p16.txt;34.0;101.0;0.0
Data(x=[88, 1], edge_index=[2, 92], edge_attr=[92, 3], y=144.0, custom_label=0.98630136, min_label=0, max_label=146, instance_name='p16.txt');0.9863013625144958;0.2349932938814163;0.6896288394927979;4.0150612790057494e-07;144.0;p16.txt;34.0;101.0;0.0
Data(x=[88, 1], edge_index=[2, 92], edge_attr=[92, 3], y=143.0, custom_label=0.9794521, min_label=0, max_label=146, instance_name='p16.txt');0.9794520735740662;0.2349932938814163;0.6896288394927979;4.0150612790057494e-07;143.0;p16.txt;34.0;101.0;0.0
Data(x=[88, 1], edge_index=[2, 92], edge_attr=[92, 3], y=142.0, custom_label=0.9726027, min_label=0, max_label=146, instance_name='p16.txt');0.9726027250289916;0.2349932938814163;0.6896288394927979;4.0150612790057494e-07;142.0;p16.txt;34.0;101.0;0.0
Data(x=[88, 1], edge_index=[2, 92], edge_attr=[92, 3], y=141.0, custom_label=0.96575344, min_label=0, max_label=146, instance_name='p16.txt');0.965753436088562;0.2349932938814163;0.6896288394927979;4.0150612790057494e-07;141.0;p16.txt;34.0;101.0;0.0
Data(x=[88, 1], edge_index=[2, 92], edge_attr=[92, 3], y=140.0, custom_label=0.9589041, min_label=0, max_label=146, instance_name='p16.txt');0.9589040875434875;0.2349932938814163;0.6896288394927979;4.0150612790057494e-07;140.0;p16.txt;34.0;101.0;0.0
Data(x=[88, 1], edge_index=[2, 92], edge_attr=[92, 3], y=139.0, custom_label=0.9520548, min_label=0, max_label=146, instance_name='p16.txt');0.952054798603058;0.2349932938814163;0.6896288394927979;4.0150612790057494e-07;139.0;p16.txt;34.0;101.0;0.0
Data(x=[88, 1], edge_index=[2, 92], edge_attr=[92, 3], y=138.0, custom_label=0.94520545, min_label=0, max_label=146, instance_name='p16.txt');0.9452054500579834;0.2349932938814163;0.6896288394927979;4.0150612790057494e-07;138.0;p16.txt;34.0;101.0;0.0
Data(x=[88, 1], edge_index=[2, 92], edge_attr=[92, 3], y=137.0, custom_label=0.93835616, min_label=0, max_label=146, instance_name='p16.txt');0.9383561611175536;0.2349932938814163;0.6896288394927979;4.0150612790057494e-07;137.0;p16.txt;34.0;101.0;0.0
Data(x=[88, 1], edge_index=[2, 92], edge_attr=[92, 3], y=136.0, custom_label=0.9315069, min_label=0, max_label=146, instance_name='p16.txt');0.931506872177124;0.2349932938814163;0.6896288394927979;4.0150612790057494e-07;136.0;p16.txt;34.0;101.0;0.0
Data(x=[88, 1], edge_index=[2, 92], edge_attr=[92, 3], y=135.0, custom_label=0.9246575, min_label=0, max_label=146, instance_name='p16.txt');0.9246575236320496;0.2349932938814163;0.6896288394927979;4.0150612790057494e-07;135.0;p16.txt;34.0;101.0;0.0
Data(x=[88, 1], edge_index=[2, 92], edge_attr=[92, 3], y=134.0, custom_label=0.91780823, min_label=0, max_label=146, instance_name='p16.txt');0.91780823469162;0.2349932938814163;0.6896288394927979;4.0150612790057494e-07;134.0;p16.txt;34.0;101.0;0.0
Data(x=[88, 1], edge_index=[2, 92], edge_attr=[92, 3], y=133.0, custom_label=0.9109589, min_label=0, max_label=146, instance_name='p16.txt');0.9109588861465454;0.2349932938814163;0.6896288394927979;4.0150612790057494e-07;133.0;p16.txt;34.0;101.0;0.0
Data(x=[88, 1], edge_index=[2, 92], edge_attr=[92, 3], y=132.0, custom_label=0.9041096, min_label=0, max_label=146, instance_name='p16.txt');0.9041095972061156;0.2349932938814163;0.6896288394927979;4.0150612790057494e-07;132.0;p16.txt;34.0;101.0;0.0
Data(x=[88, 1], edge_index=[2, 92], edge_attr=[92, 3], y=131.0, custom_label=0.89726025, min_label=0, max_label=146, instance_name='p16.txt');0.8972602486610413;0.2349932938814163;0.6896288394927979;4.0150612790057494e-07;131.0;p16.txt;34.0;101.0;0.0
Data(x=[88, 1], edge_index=[2, 92], edge_attr=[92, 3], y=130.0, custom_label=0.89041096, min_label=0, max_label=146, instance_name='p16.txt');0.8904109597206116;0.2349932938814163;0.6896288394927979;4.0150612790057494e-07;130.0;p16.txt;34.0;101.0;0.0
Data(x=[88, 1], edge_index=[2, 92], edge_attr=[92, 3], y=129.0, custom_label=0.8835617, min_label=0, max_label=146, instance_name='p16.txt');0.8835616707801819;0.2349932938814163;0.6896288394927979;4.0150612790057494e-07;129.0;p16.txt;34.0;101.0;0.0
Data(x=[88, 1], edge_index=[2, 92], edge_attr=[92, 3], y=128.0, custom_label=0.8767123, min_label=0, max_label=146, instance_name='p16.txt');0.8767123222351074;0.2349932938814163;0.6896288394927979;4.0150612790057494e-07;128.0;p16.txt;34.0;101.0;0.0
Data(x=[88, 1], edge_index=[2, 92], edge_attr=[92, 3], y=127.0, custom_label=0.86986303, min_label=0, max_label=146, instance_name='p16.txt');0.8698630332946777;0.2349932938814163;0.6896288394927979;4.0150612790057494e-07;127.0;p16.txt;34.0;101.0;0.0
Data(x=[88, 1], edge_index=[2, 92], edge_attr=[92, 3], y=126.0, custom_label=0.8630137, min_label=0, max_label=146, instance_name='p16.txt');0.8630136847496033;0.2349932938814163;0.6896288394927979;4.0150612790057494e-07;126.0;p16.txt;34.0;101.0;0.0
Data(x=[88, 1], edge_index=[2, 92], edge_attr=[92, 3], y=125.0, custom_label=0.8561644, min_label=0, max_label=146, instance_name='p16.txt');0.8561643958091736;0.2349932938814163;0.6896288394927979;4.0150612790057494e-07;125.0;p16.txt;34.0;101.0;0.0
Data(x=[89, 1], edge_index=[2, 94], edge_attr=[94, 3], y=124.0, custom_label=0.84931505, min_label=0, max_label=146, instance_name='p16.txt');0.8493150472640991;0.2349932938814163;0.3019530475139618;4.0150612790057494e-07;124.0;p16.txt;34.0;44.0;0.0
Data(x=[88, 1], edge_index=[2, 92], edge_attr=[92, 3], y=123.0, custom_label=0.84246576, min_label=0, max_label=146, instance_name='p16.txt');0.8424657583236694;0.2349932938814163;0.6896288394927979;4.0150612790057494e-07;123.0;p16.txt;34.0;101.0;0.0
Data(x=[88, 1], edge_index=[2, 92], edge_attr=[92, 3], y=122.0, custom_label=0.8356164, min_label=0, max_label=146, instance_name='p16.txt');0.835616409778595;0.2349932938814163;0.6896288394927979;4.0150612790057494e-07;122.0;p16.txt;34.0;101.0;0.0
Data(x=[88, 1], edge_index=[2, 92], edge_attr=[92, 3], y=121.0, custom_label=0.8287671, min_label=0, max_label=146, instance_name='p16.txt');0.8287671208381653;0.2349932938814163;0.6896288394927979;4.0150612790057494e-07;121.0;p16.txt;34.0;101.0;0.0
Data(x=[88, 1], edge_index=[2, 92], edge_attr=[92, 3], y=120.0, custom_label=0.82191783, min_label=0, max_label=146, instance_name='p16.txt');0.8219178318977356;0.2349932938814163;0.6896288394927979;4.0150612790057494e-07;120.0;p16.txt;34.0;101.0;0.0
Data(x=[88, 1], edge_index=[2, 92], edge_attr=[92, 3], y=119.0, custom_label=0.8150685, min_label=0, max_label=146, instance_name='p16.txt');0.8150684833526611;0.2349932938814163;0.6896288394927979;4.0150612790057494e-07;119.0;p16.txt;34.0;101.0;0.0
Data(x=[88, 1], edge_index=[2, 92], edge_attr=[92, 3], y=118.0, custom_label=0.8082192, min_label=0, max_label=146, instance_name='p16.txt');0.8082191944122314;0.2349932938814163;0.6896288394927979;4.0150612790057494e-07;118.0;p16.txt;34.0;101.0;0.0
Data(x=[88, 1], edge_index=[2, 92], edge_attr=[92, 3], y=117.0, custom_label=0.80136985, min_label=0, max_label=146, instance_name='p16.txt');0.801369845867157;0.2349932938814163;0.6896288394927979;4.0150612790057494e-07;117.0;p16.txt;34.0;101.0;0.0
Data(x=[88, 1], edge_index=[2, 92], edge_attr=[92, 3], y=116.0, custom_label=0.79452056, min_label=0, max_label=146, instance_name='p16.txt');0.7945205569267273;0.2349932938814163;0.6896288394927979;4.0150612790057494e-07;116.0;p16.txt;34.0;101.0;0.0
Data(x=[88, 1], edge_index=[2, 92], edge_attr=[92, 3], y=115.0, custom_label=0.7876712, min_label=0, max_label=146, instance_name='p16.txt');0.7876712083816528;0.2349932938814163;0.6896288394927979;4.0150612790057494e-07;115.0;p16.txt;34.0;101.0;0.0
Data(x=[88, 1], edge_index=[2, 92], edge_attr=[92, 3], y=114.0, custom_label=0.7808219, min_label=0, max_label=146, instance_name='p16.txt');0.7808219194412231;0.2349932938814163;0.6896288394927979;4.0150612790057494e-07;114.0;p16.txt;34.0;101.0;0.0
Data(x=[88, 1], edge_index=[2, 92], edge_attr=[92, 3], y=113.0, custom_label=0.77397263, min_label=0, max_label=146, instance_name='p16.txt');0.7739726305007935;0.2349932938814163;0.6896288394927979;4.0150612790057494e-07;113.0;p16.txt;34.0;101.0;0.0
Data(x=[88, 1], edge_index=[2, 92], edge_attr=[92, 3], y=112.0, custom_label=0.7671233, min_label=0, max_label=146, instance_name='p16.txt');0.767123281955719;0.2349932938814163;0.6896288394927979;4.0150612790057494e-07;112.0;p16.txt;34.0;101.0;0.0
Data(x=[88, 1], edge_index=[2, 92], edge_attr=[92, 3], y=111.0, custom_label=0.760274, min_label=0, max_label=146, instance_name='p16.txt');0.7602739930152893;0.2349932938814163;0.6896288394927979;4.0150612790057494e-07;111.0;p16.txt;34.0;101.0;0.0
Data(x=[88, 1], edge_index=[2, 92], edge_attr=[92, 3], y=110.0, custom_label=0.75342464, min_label=0, max_label=146, instance_name='p16.txt');0.7534246444702148;0.2349932938814163;0.6896288394927979;4.0150612790057494e-07;110.0;p16.txt;34.0;101.0;0.0
Data(x=[88, 1], edge_index=[2, 92], edge_attr=[92, 3], y=109.0, custom_label=0.74657536, min_label=0, max_label=146, instance_name='p16.txt');0.7465753555297852;0.2349932938814163;0.6896288394927979;4.0150612790057494e-07;109.0;p16.txt;34.0;101.0;0.0
Data(x=[88, 1], edge_index=[2, 92], edge_attr=[92, 3], y=108.0, custom_label=0.739726, min_label=0, max_label=146, instance_name='p16.txt');0.7397260069847107;0.2349932938814163;0.6896288394927979;4.0150612790057494e-07;108.0;p16.txt;34.0;101.0;0.0
Data(x=[88, 1], edge_index=[2, 92], edge_attr=[92, 3], y=107.0, custom_label=0.7328767, min_label=0, max_label=146, instance_name='p16.txt');0.732876718044281;0.2349932938814163;0.6896288394927979;4.0150612790057494e-07;107.0;p16.txt;34.0;101.0;0.0
Data(x=[88, 1], edge_index=[2, 92], edge_attr=[92, 3], y=106.0, custom_label=0.72602737, min_label=0, max_label=146, instance_name='p16.txt');0.7260273694992065;0.2349932938814163;0.6896288394927979;4.0150612790057494e-07;106.0;p16.txt;34.0;101.0;0.0
Data(x=[88, 1], edge_index=[2, 92], edge_attr=[92, 3], y=105.0, custom_label=0.7191781, min_label=0, max_label=146, instance_name='p16.txt');0.7191780805587769;0.2349932938814163;0.6896288394927979;4.0150612790057494e-07;105.0;p16.txt;34.0;101.0;0.0
Data(x=[88, 1], edge_index=[2, 92], edge_attr=[92, 3], y=104.0, custom_label=0.7123288, min_label=0, max_label=146, instance_name='p16.txt');0.7123287916183472;0.2349932938814163;0.6896288394927979;4.0150612790057494e-07;104.0;p16.txt;34.0;101.0;0.0
Data(x=[88, 1], edge_index=[2, 92], edge_attr=[92, 3], y=103.0, custom_label=0.70547944, min_label=0, max_label=146, instance_name='p16.txt');0.7054794430732727;0.2349932938814163;0.6896288394927979;4.0150612790057494e-07;103.0;p16.txt;34.0;101.0;0.0
Data(x=[88, 1], edge_index=[2, 92], edge_attr=[92, 3], y=102.0, custom_label=0.69863015, min_label=0, max_label=146, instance_name='p16.txt');0.698630154132843;0.2349932938814163;0.6896288394927979;4.0150612790057494e-07;102.0;p16.txt;34.0;101.0;0.0
Data(x=[88, 1], edge_index=[2, 92], edge_attr=[92, 3], y=101.0, custom_label=0.6917808, min_label=0, max_label=146, instance_name='p16.txt');0.6917808055877686;0.2349932938814163;0.6896288394927979;4.0150612790057494e-07;101.0;p16.txt;34.0;101.0;0.0
Data(x=[88, 1], edge_index=[2, 92], edge_attr=[92, 3], y=100.0, custom_label=0.6849315, min_label=0, max_label=146, instance_name='p16.txt');0.6849315166473389;0.2349932938814163;0.6896288394927979;4.0150612790057494e-07;100.0;p16.txt;34.0;101.0;0.0
Data(x=[88, 1], edge_index=[2, 92], edge_attr=[92, 3], y=99.0, custom_label=0.67808217, min_label=0, max_label=146, instance_name='p16.txt');0.6780821681022644;0.2349932938814163;0.6896288394927979;4.0150612790057494e-07;99.0;p16.txt;34.0;101.0;0.0
Data(x=[88, 1], edge_index=[2, 92], edge_attr=[92, 3], y=98.0, custom_label=0.6712329, min_label=0, max_label=146, instance_name='p16.txt');0.6712328791618347;0.2349932938814163;0.6896288394927979;4.0150612790057494e-07;98.0;p16.txt;34.0;101.0;0.0
Data(x=[88, 1], edge_index=[2, 92], edge_attr=[92, 3], y=97.0, custom_label=0.6643836, min_label=0, max_label=146, instance_name='p16.txt');0.664383590221405;0.2349932938814163;0.6896288394927979;4.0150612790057494e-07;97.0;p16.txt;34.0;101.0;0.0
Data(x=[88, 1], edge_index=[2, 92], edge_attr=[92, 3], y=96.0, custom_label=0.65753424, min_label=0, max_label=146, instance_name='p16.txt');0.6575342416763306;0.2349932938814163;0.6896288394927979;4.0150612790057494e-07;96.0;p16.txt;34.0;101.0;0.0
Data(x=[88, 1], edge_index=[2, 92], edge_attr=[92, 3], y=95.0, custom_label=0.65068495, min_label=0, max_label=146, instance_name='p16.txt');0.6506849527359009;0.2349932938814163;0.6896288394927979;4.0150612790057494e-07;95.0;p16.txt;34.0;101.0;0.0
Data(x=[88, 1], edge_index=[2, 92], edge_attr=[92, 3], y=94.0, custom_label=0.6438356, min_label=0, max_label=146, instance_name='p16.txt');0.6438356041908264;0.2349932938814163;0.6896288394927979;4.0150612790057494e-07;94.0;p16.txt;34.0;101.0;0.0
Data(x=[88, 1], edge_index=[2, 92], edge_attr=[92, 3], y=93.0, custom_label=0.6369863, min_label=0, max_label=146, instance_name='p16.txt');0.6369863152503967;0.2349932938814163;0.6896288394927979;4.0150612790057494e-07;93.0;p16.txt;34.0;101.0;0.0
Data(x=[88, 1], edge_index=[2, 92], edge_attr=[92, 3], y=92.0, custom_label=0.63013697, min_label=0, max_label=146, instance_name='p16.txt');0.6301369667053223;0.2349932938814163;0.6896288394927979;4.0150612790057494e-07;92.0;p16.txt;34.0;101.0;0.0
Data(x=[88, 1], edge_index=[2, 92], edge_attr=[92, 3], y=91.0, custom_label=0.6232877, min_label=0, max_label=146, instance_name='p16.txt');0.6232876777648926;0.2349932938814163;0.6896288394927979;4.0150612790057494e-07;91.0;p16.txt;34.0;101.0;0.0
Data(x=[88, 1], edge_index=[2, 92], edge_attr=[92, 3], y=90.0, custom_label=0.6164383, min_label=0, max_label=146, instance_name='p16.txt');0.6164383292198181;0.2349932938814163;0.6896288394927979;4.0150612790057494e-07;90.0;p16.txt;34.0;101.0;0.0
Data(x=[88, 1], edge_index=[2, 92], edge_attr=[92, 3], y=89.0, custom_label=0.60958904, min_label=0, max_label=146, instance_name='p16.txt');0.6095890402793884;0.2349932938814163;0.6896288394927979;4.0150612790057494e-07;89.0;p16.txt;34.0;101.0;0.0
Data(x=[88, 1], edge_index=[2, 92], edge_attr=[92, 3], y=88.0, custom_label=0.60273975, min_label=0, max_label=146, instance_name='p16.txt');0.6027397513389587;0.2349932938814163;0.6896288394927979;4.0150612790057494e-07;88.0;p16.txt;34.0;101.0;0.0
Data(x=[88, 1], edge_index=[2, 92], edge_attr=[92, 3], y=87.0, custom_label=0.5958904, min_label=0, max_label=146, instance_name='p16.txt');0.5958904027938843;0.2349932938814163;0.6896288394927979;4.0150612790057494e-07;87.0;p16.txt;34.0;101.0;0.0
Data(x=[88, 1], edge_index=[2, 92], edge_attr=[92, 3], y=86.0, custom_label=0.5890411, min_label=0, max_label=146, instance_name='p16.txt');0.5890411138534546;0.2349932938814163;0.6896288394927979;4.0150612790057494e-07;86.0;p16.txt;34.0;101.0;0.0
Data(x=[88, 1], edge_index=[2, 92], edge_attr=[92, 3], y=85.0, custom_label=0.58219177, min_label=0, max_label=146, instance_name='p16.txt');0.5821917653083801;0.2349932938814163;0.6896288394927979;4.0150612790057494e-07;85.0;p16.txt;34.0;101.0;0.0
Data(x=[88, 1], edge_index=[2, 92], edge_attr=[92, 3], y=84.0, custom_label=0.5753425, min_label=0, max_label=146, instance_name='p16.txt');0.5753424763679504;0.2349932938814163;0.6896288394927979;4.0150612790057494e-07;84.0;p16.txt;34.0;101.0;0.0
Data(x=[88, 1], edge_index=[2, 92], edge_attr=[92, 3], y=83.0, custom_label=0.5684931, min_label=0, max_label=146, instance_name='p16.txt');0.568493127822876;0.2349932938814163;0.6896288394927979;4.0150612790057494e-07;83.0;p16.txt;34.0;101.0;0.0
Data(x=[88, 1], edge_index=[2, 92], edge_attr=[92, 3], y=82.0, custom_label=0.56164384, min_label=0, max_label=146, instance_name='p16.txt');0.5616438388824463;0.2349932938814163;0.6896288394927979;4.0150612790057494e-07;82.0;p16.txt;34.0;101.0;0.0
Data(x=[88, 1], edge_index=[2, 92], edge_attr=[92, 3], y=81.0, custom_label=0.55479455, min_label=0, max_label=146, instance_name='p16.txt');0.5547945499420166;0.2349932938814163;0.6896288394927979;4.0150612790057494e-07;81.0;p16.txt;34.0;101.0;0.0
Data(x=[88, 1], edge_index=[2, 92], edge_attr=[92, 3], y=80.0, custom_label=0.5479452, min_label=0, max_label=146, instance_name='p16.txt');0.5479452013969421;0.2349932938814163;0.6896288394927979;4.0150612790057494e-07;80.0;p16.txt;34.0;101.0;0.0
Data(x=[88, 1], edge_index=[2, 92], edge_attr=[92, 3], y=79.0, custom_label=0.5410959, min_label=0, max_label=146, instance_name='p16.txt');0.5410959124565125;0.2349932938814163;0.6896288394927979;4.0150612790057494e-07;79.0;p16.txt;34.0;101.0;0.0
Data(x=[88, 1], edge_index=[2, 92], edge_attr=[92, 3], y=78.0, custom_label=0.53424656, min_label=0, max_label=146, instance_name='p16.txt');0.534246563911438;0.2349932938814163;0.6896288394927979;4.0150612790057494e-07;78.0;p16.txt;34.0;101.0;0.0
Data(x=[88, 1], edge_index=[2, 92], edge_attr=[92, 3], y=77.0, custom_label=0.5273973, min_label=0, max_label=146, instance_name='p16.txt');0.5273972749710083;0.2349932938814163;0.6896288394927979;4.0150612790057494e-07;77.0;p16.txt;34.0;101.0;0.0
Data(x=[88, 1], edge_index=[2, 92], edge_attr=[92, 3], y=76.0, custom_label=0.5205479, min_label=0, max_label=146, instance_name='p16.txt');0.5205479264259338;0.2349932938814163;0.6896288394927979;4.0150612790057494e-07;76.0;p16.txt;34.0;101.0;0.0
Data(x=[88, 1], edge_index=[2, 92], edge_attr=[92, 3], y=75.0, custom_label=0.51369864, min_label=0, max_label=146, instance_name='p16.txt');0.5136986374855042;0.2349932938814163;0.6896288394927979;4.0150612790057494e-07;75.0;p16.txt;34.0;101.0;0.0
Data(x=[88, 1], edge_index=[2, 92], edge_attr=[92, 3], y=74.0, custom_label=0.5068493, min_label=0, max_label=146, instance_name='p16.txt');0.5068492889404297;0.2349932938814163;0.6896288394927979;4.0150612790057494e-07;74.0;p16.txt;34.0;101.0;0.0
Data(x=[88, 1], edge_index=[2, 92], edge_attr=[92, 3], y=73.0, custom_label=0.5, min_label=0, max_label=146, instance_name='p16.txt');0.5;0.2349932938814163;0.6896288394927979;4.0150612790057494e-07;73.0;p16.txt;34.0;101.0;0.0
Data(x=[89, 1], edge_index=[2, 94], edge_attr=[94, 3], y=72.0, custom_label=0.49315068, min_label=0, max_label=146, instance_name='p16.txt');0.4931506812572479;0.2349932938814163;0.3019530475139618;4.0150612790057494e-07;72.0;p16.txt;34.0;44.0;0.0
Data(x=[88, 1], edge_index=[2, 92], edge_attr=[92, 3], y=71.0, custom_label=0.48630136, min_label=0, max_label=146, instance_name='p16.txt');0.4863013625144958;0.2349932938814163;0.6896288394927979;4.0150612790057494e-07;71.0;p16.txt;34.0;101.0;0.0
Data(x=[88, 1], edge_index=[2, 92], edge_attr=[92, 3], y=70.0, custom_label=0.47945204, min_label=0, max_label=146, instance_name='p16.txt');0.4794520437717438;0.2349932938814163;0.6896288394927979;4.0150612790057494e-07;70.0;p16.txt;34.0;101.0;0.0
Data(x=[88, 1], edge_index=[2, 92], edge_attr=[92, 3], y=69.0, custom_label=0.47260273, min_label=0, max_label=146, instance_name='p16.txt');0.4726027250289917;0.2349932938814163;0.6896288394927979;4.0150612790057494e-07;69.0;p16.txt;34.0;101.0;0.0
Data(x=[88, 1], edge_index=[2, 92], edge_attr=[92, 3], y=68.0, custom_label=0.46575344, min_label=0, max_label=146, instance_name='p16.txt');0.465753436088562;0.2349932938814163;0.6896288394927979;4.0150612790057494e-07;68.0;p16.txt;34.0;101.0;0.0
Data(x=[88, 1], edge_index=[2, 92], edge_attr=[92, 3], y=67.0, custom_label=0.45890412, min_label=0, max_label=146, instance_name='p16.txt');0.4589041173458099;0.2349932938814163;0.6896288394927979;4.0150612790057494e-07;67.0;p16.txt;34.0;101.0;0.0
Data(x=[88, 1], edge_index=[2, 92], edge_attr=[92, 3], y=66.0, custom_label=0.4520548, min_label=0, max_label=146, instance_name='p16.txt');0.4520547986030578;0.2349932938814163;0.6896288394927979;4.0150612790057494e-07;66.0;p16.txt;34.0;101.0;0.0
Data(x=[88, 1], edge_index=[2, 92], edge_attr=[92, 3], y=65.0, custom_label=0.44520548, min_label=0, max_label=146, instance_name='p16.txt');0.4452054798603058;0.2349932938814163;0.6896288394927979;4.0150612790057494e-07;65.0;p16.txt;34.0;101.0;0.0
Data(x=[88, 1], edge_index=[2, 92], edge_attr=[92, 3], y=64.0, custom_label=0.43835616, min_label=0, max_label=146, instance_name='p16.txt');0.4383561611175537;0.2349932938814163;0.6896288394927979;4.0150612790057494e-07;64.0;p16.txt;34.0;101.0;0.0
Data(x=[88, 1], edge_index=[2, 92], edge_attr=[92, 3], y=63.0, custom_label=0.43150684, min_label=0, max_label=146, instance_name='p16.txt');0.4315068423748016;0.2349932938814163;0.6896288394927979;4.0150612790057494e-07;63.0;p16.txt;34.0;101.0;0.0
Data(x=[88, 1], edge_index=[2, 92], edge_attr=[92, 3], y=62.0, custom_label=0.42465752, min_label=0, max_label=146, instance_name='p16.txt');0.4246575236320495;0.2349932938814163;0.6896288394927979;4.0150612790057494e-07;62.0;p16.txt;34.0;101.0;0.0
Data(x=[88, 1], edge_index=[2, 92], edge_attr=[92, 3], y=61.0, custom_label=0.4178082, min_label=0, max_label=146, instance_name='p16.txt');0.4178082048892975;0.2349932938814163;0.6896288394927979;4.0150612790057494e-07;61.0;p16.txt;34.0;101.0;0.0
Data(x=[88, 1], edge_index=[2, 92], edge_attr=[92, 3], y=60.0, custom_label=0.41095892, min_label=0, max_label=146, instance_name='p16.txt');0.4109589159488678;0.2349932938814163;0.6896288394927979;4.0150612790057494e-07;60.0;p16.txt;34.0;101.0;0.0
Data(x=[88, 1], edge_index=[2, 92], edge_attr=[92, 3], y=59.0, custom_label=0.4041096, min_label=0, max_label=146, instance_name='p16.txt');0.4041095972061157;0.2349932938814163;0.6896288394927979;4.0150612790057494e-07;59.0;p16.txt;34.0;101.0;0.0
Data(x=[88, 1], edge_index=[2, 92], edge_attr=[92, 3], y=58.0, custom_label=0.39726028, min_label=0, max_label=146, instance_name='p16.txt');0.3972602784633636;0.2349932938814163;0.6896288394927979;4.0150612790057494e-07;58.0;p16.txt;34.0;101.0;0.0
Data(x=[88, 1], edge_index=[2, 92], edge_attr=[92, 3], y=57.0, custom_label=0.39041096, min_label=0, max_label=146, instance_name='p16.txt');0.3904109597206116;0.2349932938814163;0.6896288394927979;4.0150612790057494e-07;57.0;p16.txt;34.0;101.0;0.0
Data(x=[88, 1], edge_index=[2, 92], edge_attr=[92, 3], y=56.0, custom_label=0.38356164, min_label=0, max_label=146, instance_name='p16.txt');0.3835616409778595;0.2349932938814163;0.6896288394927979;4.0150612790057494e-07;56.0;p16.txt;34.0;101.0;0.0
Data(x=[88, 1], edge_index=[2, 92], edge_attr=[92, 3], y=55.0, custom_label=0.37671232, min_label=0, max_label=146, instance_name='p16.txt');0.3767123222351074;0.2349932938814163;0.6896288394927979;4.0150612790057494e-07;55.0;p16.txt;34.0;101.0;0.0
Data(x=[88, 1], edge_index=[2, 92], edge_attr=[92, 3], y=54.0, custom_label=0.369863, min_label=0, max_label=146, instance_name='p16.txt');0.3698630034923553;0.2349932938814163;0.6896288394927979;4.0150612790057494e-07;54.0;p16.txt;34.0;101.0;0.0
Data(x=[88, 1], edge_index=[2, 92], edge_attr=[92, 3], y=53.0, custom_label=0.36301368, min_label=0, max_label=146, instance_name='p16.txt');0.3630136847496032;0.2349932938814163;0.6896288394927979;4.0150612790057494e-07;53.0;p16.txt;34.0;101.0;0.0
Data(x=[88, 1], edge_index=[2, 92], edge_attr=[92, 3], y=52.0, custom_label=0.3561644, min_label=0, max_label=146, instance_name='p16.txt');0.3561643958091736;0.2349932938814163;0.6896288394927979;4.0150612790057494e-07;52.0;p16.txt;34.0;101.0;0.0
Data(x=[88, 1], edge_index=[2, 92], edge_attr=[92, 3], y=51.0, custom_label=0.34931508, min_label=0, max_label=146, instance_name='p16.txt');0.3493150770664215;0.2349932938814163;0.6896288394927979;4.0150612790057494e-07;51.0;p16.txt;34.0;101.0;0.0
Data(x=[88, 1], edge_index=[2, 92], edge_attr=[92, 3], y=50.0, custom_label=0.34246576, min_label=0, max_label=146, instance_name='p16.txt');0.3424657583236694;0.2349932938814163;0.6896288394927979;4.0150612790057494e-07;50.0;p16.txt;34.0;101.0;0.0
Data(x=[88, 1], edge_index=[2, 92], edge_attr=[92, 3], y=49.0, custom_label=0.33561644, min_label=0, max_label=146, instance_name='p16.txt');0.3356164395809173;0.2349932938814163;0.6896288394927979;4.0150612790057494e-07;49.0;p16.txt;34.0;101.0;0.0
Data(x=[89, 1], edge_index=[2, 94], edge_attr=[94, 3], y=48.0, custom_label=0.32876712, min_label=0, max_label=146, instance_name='p16.txt');0.3287671208381653;0.2349932938814163;0.3019530475139618;4.0150612790057494e-07;48.0;p16.txt;34.0;44.0;0.0
Data(x=[88, 1], edge_index=[2, 92], edge_attr=[92, 3], y=47.0, custom_label=0.3219178, min_label=0, max_label=146, instance_name='p16.txt');0.3219178020954132;0.2349932938814163;0.6896288394927979;4.0150612790057494e-07;47.0;p16.txt;34.0;101.0;0.0
Data(x=[88, 1], edge_index=[2, 92], edge_attr=[92, 3], y=46.0, custom_label=0.31506848, min_label=0, max_label=146, instance_name='p16.txt');0.3150684833526611;0.2349932938814163;0.6896288394927979;4.0150612790057494e-07;46.0;p16.txt;34.0;101.0;0.0
Data(x=[88, 1], edge_index=[2, 92], edge_attr=[92, 3], y=45.0, custom_label=0.30821916, min_label=0, max_label=146, instance_name='p16.txt');0.308219164609909;0.2349932938814163;0.6896288394927979;4.0150612790057494e-07;45.0;p16.txt;34.0;101.0;0.0
Data(x=[88, 1], edge_index=[2, 92], edge_attr=[92, 3], y=44.0, custom_label=0.30136988, min_label=0, max_label=146, instance_name='p16.txt');0.3013698756694793;0.2349932938814163;0.6896288394927979;4.0150612790057494e-07;44.0;p16.txt;34.0;101.0;0.0
Data(x=[88, 1], edge_index=[2, 92], edge_attr=[92, 3], y=43.0, custom_label=0.29452056, min_label=0, max_label=146, instance_name='p16.txt');0.2945205569267273;0.2349932938814163;0.6896288394927979;4.0150612790057494e-07;43.0;p16.txt;34.0;101.0;0.0
Data(x=[88, 1], edge_index=[2, 92], edge_attr=[92, 3], y=42.0, custom_label=0.28767124, min_label=0, max_label=146, instance_name='p16.txt');0.2876712381839752;0.2349932938814163;0.6896288394927979;4.0150612790057494e-07;42.0;p16.txt;34.0;101.0;0.0
Data(x=[88, 1], edge_index=[2, 92], edge_attr=[92, 3], y=41.0, custom_label=0.28082192, min_label=0, max_label=146, instance_name='p16.txt');0.2808219194412231;0.2349932938814163;0.6896288394927979;4.0150612790057494e-07;41.0;p16.txt;34.0;101.0;0.0
Data(x=[88, 1], edge_index=[2, 92], edge_attr=[92, 3], y=40.0, custom_label=0.2739726, min_label=0, max_label=146, instance_name='p16.txt');0.273972600698471;0.2349932938814163;0.6896288394927979;4.0150612790057494e-07;40.0;p16.txt;34.0;101.0;0.0
Data(x=[88, 1], edge_index=[2, 92], edge_attr=[92, 3], y=39.0, custom_label=0.26712328, min_label=0, max_label=146, instance_name='p16.txt');0.267123281955719;0.2349932938814163;0.6896288394927979;4.0150612790057494e-07;39.0;p16.txt;34.0;101.0;0.0
Data(x=[88, 1], edge_index=[2, 92], edge_attr=[92, 3], y=38.0, custom_label=0.26027396, min_label=0, max_label=146, instance_name='p16.txt');0.2602739632129669;0.2349932938814163;0.6896288394927979;4.0150612790057494e-07;38.0;p16.txt;34.0;101.0;0.0
Data(x=[88, 1], edge_index=[2, 92], edge_attr=[92, 3], y=37.0, custom_label=0.25342464, min_label=0, max_label=146, instance_name='p16.txt');0.2534246444702148;0.2349932938814163;0.6896288394927979;4.0150612790057494e-07;37.0;p16.txt;34.0;101.0;0.0
Data(x=[88, 1], edge_index=[2, 92], edge_attr=[92, 3], y=36.0, custom_label=0.24657534, min_label=0, max_label=146, instance_name='p16.txt');0.2465753406286239;0.2349932938814163;0.6896288394927979;4.0150612790057494e-07;36.0;p16.txt;34.0;101.0;0.0
Data(x=[88, 1], edge_index=[2, 92], edge_attr=[92, 3], y=35.0, custom_label=0.23972602, min_label=0, max_label=146, instance_name='p16.txt');0.2397260218858719;0.2349932938814163;0.6896288394927979;4.0150612790057494e-07;35.0;p16.txt;34.0;101.0;0.0
Data(x=[88, 1], edge_index=[2, 92], edge_attr=[92, 3], y=34.0, custom_label=0.23287672, min_label=0, max_label=146, instance_name='p16.txt');0.232876718044281;0.2349932938814163;0.6896288394927979;4.0150612790057494e-07;34.0;p16.txt;34.0;101.0;0.0
Data(x=[88, 1], edge_index=[2, 92], edge_attr=[92, 3], y=33.0, custom_label=0.2260274, min_label=0, max_label=146, instance_name='p16.txt');0.2260273993015289;0.2349932938814163;0.6896288394927979;4.0150612790057494e-07;33.0;p16.txt;34.0;101.0;0.0
Data(x=[88, 1], edge_index=[2, 92], edge_attr=[92, 3], y=32.0, custom_label=0.21917808, min_label=0, max_label=146, instance_name='p16.txt');0.2191780805587768;0.2349932938814163;0.6896288394927979;4.0150612790057494e-07;32.0;p16.txt;34.0;101.0;0.0
Data(x=[88, 1], edge_index=[2, 92], edge_attr=[92, 3], y=31.0, custom_label=0.21232876, min_label=0, max_label=146, instance_name='p16.txt');0.2123287618160247;0.2349932938814163;0.6896288394927979;4.0150612790057494e-07;31.0;p16.txt;34.0;101.0;0.0
Data(x=[89, 1], edge_index=[2, 94], edge_attr=[94, 3], y=30.0, custom_label=0.20547946, min_label=0, max_label=146, instance_name='p16.txt');0.2054794579744339;0.2349932938814163;0.3019530475139618;4.0150612790057494e-07;30.0;p16.txt;34.0;44.0;0.0
Data(x=[88, 1], edge_index=[2, 92], edge_attr=[92, 3], y=29.0, custom_label=0.19863014, min_label=0, max_label=146, instance_name='p16.txt');0.1986301392316818;0.2349932938814163;0.6896288394927979;4.0150612790057494e-07;29.0;p16.txt;34.0;101.0;0.0
Data(x=[88, 1], edge_index=[2, 92], edge_attr=[92, 3], y=28.0, custom_label=0.19178082, min_label=0, max_label=146, instance_name='p16.txt');0.1917808204889297;0.2349932938814163;0.6896288394927979;4.0150612790057494e-07;28.0;p16.txt;34.0;101.0;0.0
Data(x=[88, 1], edge_index=[2, 92], edge_attr=[92, 3], y=27.0, custom_label=0.1849315, min_label=0, max_label=146, instance_name='p16.txt');0.1849315017461776;0.2349932938814163;0.6896288394927979;4.0150612790057494e-07;27.0;p16.txt;34.0;101.0;0.0
Data(x=[89, 1], edge_index=[2, 94], edge_attr=[94, 3], y=26.0, custom_label=0.1780822, min_label=0, max_label=146, instance_name='p16.txt');0.1780821979045868;0.2349932938814163;0.3019530475139618;4.0150612790057494e-07;26.0;p16.txt;34.0;44.0;0.0
Data(x=[89, 1], edge_index=[2, 94], edge_attr=[94, 3], y=25.0, custom_label=0.17123288, min_label=0, max_label=146, instance_name='p16.txt');0.1712328791618347;0.2349932938814163;0.3019530475139618;4.0150612790057494e-07;25.0;p16.txt;34.0;44.0;0.0
Data(x=[89, 1], edge_index=[2, 94], edge_attr=[94, 3], y=24.0, custom_label=0.16438356, min_label=0, max_label=146, instance_name='p16.txt');0.1643835604190826;0.2349932938814163;0.3019530475139618;4.0150612790057494e-07;24.0;p16.txt;34.0;44.0;0.0
Data(x=[89, 1], edge_index=[2, 94], edge_attr=[94, 3], y=23.0, custom_label=0.15753424, min_label=0, max_label=146, instance_name='p16.txt');0.1575342416763305;0.2349932938814163;0.3019530475139618;4.0150612790057494e-07;23.0;p16.txt;34.0;44.0;0.0
Data(x=[89, 1], edge_index=[2, 94], edge_attr=[94, 3], y=22.0, custom_label=0.15068494, min_label=0, max_label=146, instance_name='p16.txt');0.1506849378347396;0.2349932938814163;0.3019530475139618;4.0150612790057494e-07;22.0;p16.txt;34.0;44.0;0.0
Data(x=[89, 1], edge_index=[2, 94], edge_attr=[94, 3], y=21.0, custom_label=0.14383562, min_label=0, max_label=146, instance_name='p16.txt');0.1438356190919876;0.2349932938814163;0.3019530475139618;4.0150612790057494e-07;21.0;p16.txt;34.0;44.0;0.0
Data(x=[89, 1], edge_index=[2, 94], edge_attr=[94, 3], y=20.0, custom_label=0.1369863, min_label=0, max_label=146, instance_name='p16.txt');0.1369863003492355;0.2349932938814163;0.3019530475139618;4.0150612790057494e-07;20.0;p16.txt;34.0;44.0;0.0
Data(x=[89, 1], edge_index=[2, 94], edge_attr=[94, 3], y=19.0, custom_label=0.13013698, min_label=0, max_label=146, instance_name='p16.txt');0.1301369816064834;0.2349932938814163;0.3019530475139618;4.0150612790057494e-07;19.0;p16.txt;34.0;44.0;0.0
Data(x=[89, 1], edge_index=[2, 94], edge_attr=[94, 3], y=18.0, custom_label=0.12328767, min_label=0, max_label=146, instance_name='p16.txt');0.1232876703143119;0.2349932938814163;0.3019530475139618;4.0150612790057494e-07;18.0;p16.txt;34.0;44.0;0.0
Data(x=[89, 1], edge_index=[2, 94], edge_attr=[94, 3], y=17.0, custom_label=0.11643836, min_label=0, max_label=146, instance_name='p16.txt');0.1164383590221405;0.2349932938814163;0.3019530475139618;4.0150612790057494e-07;17.0;p16.txt;34.0;44.0;0.0
Data(x=[89, 1], edge_index=[2, 94], edge_attr=[94, 3], y=16.0, custom_label=0.10958904, min_label=0, max_label=146, instance_name='p16.txt');0.1095890402793884;0.2349932938814163;0.3019530475139618;4.0150612790057494e-07;16.0;p16.txt;34.0;44.0;0.0
Data(x=[89, 1], edge_index=[2, 94], edge_attr=[94, 3], y=15.0, custom_label=0.10273973, min_label=0, max_label=146, instance_name='p16.txt');0.1027397289872169;0.2349932938814163;0.3019530475139618;4.0150612790057494e-07;15.0;p16.txt;34.0;44.0;0.0
Data(x=[89, 1], edge_index=[2, 94], edge_attr=[94, 3], y=14.0, custom_label=0.09589041, min_label=0, max_label=146, instance_name='p16.txt');0.0958904102444648;0.2349932938814163;0.3019530475139618;4.0150612790057494e-07;14.0;p16.txt;34.0;44.0;0.0
Data(x=[89, 1], edge_index=[2, 94], edge_attr=[94, 3], y=13.0, custom_label=0.0890411, min_label=0, max_label=146, instance_name='p16.txt');0.0890410989522934;0.2349932938814163;0.3019530475139618;4.0150612790057494e-07;13.0;p16.txt;34.0;44.0;0.0
Data(x=[89, 1], edge_index=[2, 94], edge_attr=[94, 3], y=12.0, custom_label=0.08219178, min_label=0, max_label=146, instance_name='p16.txt');0.0821917802095413;0.2349932938814163;0.3019530475139618;4.0150612790057494e-07;12.0;p16.txt;34.0;44.0;0.0
Data(x=[89, 1], edge_index=[2, 94], edge_attr=[94, 3], y=11.0, custom_label=0.07534247, min_label=0, max_label=146, instance_name='p16.txt');0.0753424689173698;0.2349932938814163;0.3019530475139618;4.0150612790057494e-07;11.0;p16.txt;34.0;44.0;0.0
Data(x=[89, 1], edge_index=[2, 94], edge_attr=[94, 3], y=10.0, custom_label=0.06849315, min_label=0, max_label=146, instance_name='p16.txt');0.0684931501746177;0.2349932938814163;0.3019530475139618;4.0150612790057494e-07;10.0;p16.txt;34.0;44.0;0.0
Data(x=[89, 1], edge_index=[2, 94], edge_attr=[94, 3], y=9.0, custom_label=0.061643835, min_label=0, max_label=146, instance_name='p16.txt');0.0616438351571559;0.2349932938814163;0.3019530475139618;4.0150612790057494e-07;9.0;p16.txt;34.0;44.0;0.0
Data(x=[89, 1], edge_index=[2, 94], edge_attr=[94, 3], y=8.0, custom_label=0.05479452, min_label=0, max_label=146, instance_name='p16.txt');0.0547945201396942;0.2349932938814163;0.3019530475139618;4.0150612790057494e-07;8.0;p16.txt;34.0;44.0;0.0
Data(x=[89, 1], edge_index=[2, 94], edge_attr=[94, 3], y=7.0, custom_label=0.047945205, min_label=0, max_label=146, instance_name='p16.txt');0.0479452051222324;0.2349932938814163;0.3019530475139618;4.0150612790057494e-07;7.0;p16.txt;34.0;44.0;0.0
Data(x=[89, 1], edge_index=[2, 94], edge_attr=[94, 3], y=6.0, custom_label=0.04109589, min_label=0, max_label=146, instance_name='p16.txt');0.0410958901047706;0.2349932938814163;0.3019530475139618;4.0150612790057494e-07;6.0;p16.txt;34.0;44.0;0.0
Data(x=[90, 1], edge_index=[2, 96], edge_attr=[96, 3], y=5.0, custom_label=0.034246575, min_label=0, max_label=146, instance_name='p16.txt');0.0342465750873088;0.2349932938814163;0.1766869276762008;4.0150612790057494e-07;5.0;p16.txt;34.0;26.0;0.0
Data(x=[90, 1], edge_index=[2, 96], edge_attr=[96, 3], y=4.0, custom_label=0.02739726, min_label=0, max_label=146, instance_name='p16.txt');0.0273972600698471;0.2349932938814163;0.1766869276762008;4.0150612790057494e-07;4.0;p16.txt;34.0;26.0;0.0
Data(x=[90, 1], edge_index=[2, 96], edge_attr=[96, 3], y=3.0, custom_label=0.020547945, min_label=0, max_label=146, instance_name='p16.txt');0.0205479450523853;0.2349932938814163;0.1766869276762008;4.0150612790057494e-07;3.0;p16.txt;34.0;26.0;0.0
Data(x=[90, 1], edge_index=[2, 96], edge_attr=[96, 3], y=2.0, custom_label=0.01369863, min_label=0, max_label=146, instance_name='p16.txt');0.0136986300349235;0.2349932938814163;0.1766869276762008;4.0150612790057494e-07;2.0;p16.txt;34.0;26.0;0.0
Data(x=[90, 1], edge_index=[2, 96], edge_attr=[96, 3], y=1.0, custom_label=0.006849315, min_label=0, max_label=146, instance_name='p16.txt');0.0068493150174617;0.2349932938814163;0.1766869276762008;4.0150612790057494e-07;1.0;p16.txt;34.0;26.0;0.0
Data(x=[91, 1], edge_index=[2, 98], edge_attr=[98, 3], y=0.0, custom_label=0.0, min_label=0, max_label=146, instance_name='p16.txt');0.0;0.2349932938814163;0.0194076281040906;4.0150612790057494e-07;0.0;p16.txt;34.0;3.0;0.0
Data(x=[78, 1], edge_index=[2, 82], edge_attr=[82, 3], y=92.0, custom_label=1.0, min_label=0, max_label=92, instance_name='p17.txt');1.0;0.2349932938814163;0.7078341245651245;4.0150612790057494e-07;92.0;p17.txt;22.0;65.0;0.0
Data(x=[78, 1], edge_index=[2, 82], edge_attr=[82, 3], y=91.0, custom_label=0.98913044, min_label=0, max_label=92, instance_name='p17.txt');0.989130437374115;0.2349932938814163;0.7078341245651245;4.0150612790057494e-07;91.0;p17.txt;22.0;65.0;0.0
Data(x=[78, 1], edge_index=[2, 82], edge_attr=[82, 3], y=90.0, custom_label=0.9782609, min_label=0, max_label=92, instance_name='p17.txt');0.97826087474823;0.2349932938814163;0.7078341245651245;4.0150612790057494e-07;90.0;p17.txt;22.0;65.0;0.0
Data(x=[78, 1], edge_index=[2, 82], edge_attr=[82, 3], y=89.0, custom_label=0.9673913, min_label=0, max_label=92, instance_name='p17.txt');0.967391312122345;0.2349932938814163;0.7078341245651245;4.0150612790057494e-07;89.0;p17.txt;22.0;65.0;0.0
Data(x=[78, 1], edge_index=[2, 82], edge_attr=[82, 3], y=88.0, custom_label=0.95652175, min_label=0, max_label=92, instance_name='p17.txt');0.95652174949646;0.2349932938814163;0.7078341245651245;4.0150612790057494e-07;88.0;p17.txt;22.0;65.0;0.0
Data(x=[78, 1], edge_index=[2, 82], edge_attr=[82, 3], y=87.0, custom_label=0.9456522, min_label=0, max_label=92, instance_name='p17.txt');0.945652186870575;0.2349932938814163;0.7078341245651245;4.0150612790057494e-07;87.0;p17.txt;22.0;65.0;0.0
Data(x=[78, 1], edge_index=[2, 82], edge_attr=[82, 3], y=86.0, custom_label=0.9347826, min_label=0, max_label=92, instance_name='p17.txt');0.93478262424469;0.2349932938814163;0.7078341245651245;4.0150612790057494e-07;86.0;p17.txt;22.0;65.0;0.0
Data(x=[78, 1], edge_index=[2, 82], edge_attr=[82, 3], y=85.0, custom_label=0.92391306, min_label=0, max_label=92, instance_name='p17.txt');0.9239130616188048;0.2349932938814163;0.7078341245651245;4.0150612790057494e-07;85.0;p17.txt;22.0;65.0;0.0
Data(x=[78, 1], edge_index=[2, 82], edge_attr=[82, 3], y=84.0, custom_label=0.9130435, min_label=0, max_label=92, instance_name='p17.txt');0.91304349899292;0.2349932938814163;0.7078341245651245;4.0150612790057494e-07;84.0;p17.txt;22.0;65.0;0.0
Data(x=[78, 1], edge_index=[2, 82], edge_attr=[82, 3], y=83.0, custom_label=0.90217394, min_label=0, max_label=92, instance_name='p17.txt');0.9021739363670348;0.2349932938814163;0.7078341245651245;4.0150612790057494e-07;83.0;p17.txt;22.0;65.0;0.0
Data(x=[78, 1], edge_index=[2, 82], edge_attr=[82, 3], y=82.0, custom_label=0.8913044, min_label=0, max_label=92, instance_name='p17.txt');0.8913043737411499;0.2349932938814163;0.7078341245651245;4.0150612790057494e-07;82.0;p17.txt;22.0;65.0;0.0
Data(x=[78, 1], edge_index=[2, 82], edge_attr=[82, 3], y=81.0, custom_label=0.8804348, min_label=0, max_label=92, instance_name='p17.txt');0.8804348111152649;0.2349932938814163;0.7078341245651245;4.0150612790057494e-07;81.0;p17.txt;22.0;65.0;0.0
Data(x=[78, 1], edge_index=[2, 82], edge_attr=[82, 3], y=80.0, custom_label=0.8695652, min_label=0, max_label=92, instance_name='p17.txt');0.8695651888847351;0.2349932938814163;0.7078341245651245;4.0150612790057494e-07;80.0;p17.txt;22.0;65.0;0.0
Data(x=[78, 1], edge_index=[2, 82], edge_attr=[82, 3], y=79.0, custom_label=0.8586956, min_label=0, max_label=92, instance_name='p17.txt');0.8586956262588501;0.2349932938814163;0.7078341245651245;4.0150612790057494e-07;79.0;p17.txt;22.0;65.0;0.0
Data(x=[78, 1], edge_index=[2, 82], edge_attr=[82, 3], y=78.0, custom_label=0.84782606, min_label=0, max_label=92, instance_name='p17.txt');0.8478260636329651;0.2349932938814163;0.7078341245651245;4.0150612790057494e-07;78.0;p17.txt;22.0;65.0;0.0
Data(x=[78, 1], edge_index=[2, 82], edge_attr=[82, 3], y=77.0, custom_label=0.8369565, min_label=0, max_label=92, instance_name='p17.txt');0.8369565010070801;0.2349932938814163;0.7078341245651245;4.0150612790057494e-07;77.0;p17.txt;22.0;65.0;0.0
Data(x=[78, 1], edge_index=[2, 82], edge_attr=[82, 3], y=76.0, custom_label=0.82608694, min_label=0, max_label=92, instance_name='p17.txt');0.8260869383811951;0.2349932938814163;0.7078341245651245;4.0150612790057494e-07;76.0;p17.txt;22.0;65.0;0.0
Data(x=[78, 1], edge_index=[2, 82], edge_attr=[82, 3], y=75.0, custom_label=0.8152174, min_label=0, max_label=92, instance_name='p17.txt');0.8152173757553101;0.2349932938814163;0.7078341245651245;4.0150612790057494e-07;75.0;p17.txt;22.0;65.0;0.0
Data(x=[78, 1], edge_index=[2, 82], edge_attr=[82, 3], y=74.0, custom_label=0.8043478, min_label=0, max_label=92, instance_name='p17.txt');0.804347813129425;0.2349932938814163;0.7078341245651245;4.0150612790057494e-07;74.0;p17.txt;22.0;65.0;0.0
Data(x=[78, 1], edge_index=[2, 82], edge_attr=[82, 3], y=73.0, custom_label=0.79347825, min_label=0, max_label=92, instance_name='p17.txt');0.79347825050354;0.2349932938814163;0.7078341245651245;4.0150612790057494e-07;73.0;p17.txt;22.0;65.0;0.0
Data(x=[78, 1], edge_index=[2, 82], edge_attr=[82, 3], y=72.0, custom_label=0.7826087, min_label=0, max_label=92, instance_name='p17.txt');0.782608687877655;0.2349932938814163;0.7078341245651245;4.0150612790057494e-07;72.0;p17.txt;22.0;65.0;0.0
Data(x=[78, 1], edge_index=[2, 82], edge_attr=[82, 3], y=71.0, custom_label=0.7717391, min_label=0, max_label=92, instance_name='p17.txt');0.77173912525177;0.2349932938814163;0.7078341245651245;4.0150612790057494e-07;71.0;p17.txt;22.0;65.0;0.0
Data(x=[78, 1], edge_index=[2, 82], edge_attr=[82, 3], y=70.0, custom_label=0.76086956, min_label=0, max_label=92, instance_name='p17.txt');0.760869562625885;0.2349932938814163;0.7078341245651245;4.0150612790057494e-07;70.0;p17.txt;22.0;65.0;0.0
Data(x=[78, 1], edge_index=[2, 82], edge_attr=[82, 3], y=69.0, custom_label=0.75, min_label=0, max_label=92, instance_name='p17.txt');0.75;0.2349932938814163;0.7078341245651245;4.0150612790057494e-07;69.0;p17.txt;22.0;65.0;0.0
Data(x=[79, 1], edge_index=[2, 84], edge_attr=[84, 3], y=68.0, custom_label=0.73913044, min_label=0, max_label=92, instance_name='p17.txt');0.739130437374115;0.2349932938814163;0.3154535591602325;4.0150612790057494e-07;68.0;p17.txt;22.0;29.0;0.0
Data(x=[78, 1], edge_index=[2, 82], edge_attr=[82, 3], y=67.0, custom_label=0.7282609, min_label=0, max_label=92, instance_name='p17.txt');0.72826087474823;0.2349932938814163;0.7078341245651245;4.0150612790057494e-07;67.0;p17.txt;22.0;65.0;0.0
Data(x=[78, 1], edge_index=[2, 82], edge_attr=[82, 3], y=66.0, custom_label=0.7173913, min_label=0, max_label=92, instance_name='p17.txt');0.717391312122345;0.2349932938814163;0.7078341245651245;4.0150612790057494e-07;66.0;p17.txt;22.0;65.0;0.0
Data(x=[78, 1], edge_index=[2, 82], edge_attr=[82, 3], y=65.0, custom_label=0.70652175, min_label=0, max_label=92, instance_name='p17.txt');0.70652174949646;0.2349932938814163;0.7078341245651245;4.0150612790057494e-07;65.0;p17.txt;22.0;65.0;0.0
Data(x=[78, 1], edge_index=[2, 82], edge_attr=[82, 3], y=64.0, custom_label=0.6956522, min_label=0, max_label=92, instance_name='p17.txt');0.695652186870575;0.2349932938814163;0.7078341245651245;4.0150612790057494e-07;64.0;p17.txt;22.0;65.0;0.0
Data(x=[78, 1], edge_index=[2, 82], edge_attr=[82, 3], y=63.0, custom_label=0.6847826, min_label=0, max_label=92, instance_name='p17.txt');0.6847826242446899;0.2349932938814163;0.7078341245651245;4.0150612790057494e-07;63.0;p17.txt;22.0;65.0;0.0
Data(x=[78, 1], edge_index=[2, 82], edge_attr=[82, 3], y=62.0, custom_label=0.67391306, min_label=0, max_label=92, instance_name='p17.txt');0.6739130616188049;0.2349932938814163;0.7078341245651245;4.0150612790057494e-07;62.0;p17.txt;22.0;65.0;0.0
Data(x=[78, 1], edge_index=[2, 82], edge_attr=[82, 3], y=61.0, custom_label=0.6630435, min_label=0, max_label=92, instance_name='p17.txt');0.6630434989929199;0.2349932938814163;0.7078341245651245;4.0150612790057494e-07;61.0;p17.txt;22.0;65.0;0.0
Data(x=[78, 1], edge_index=[2, 82], edge_attr=[82, 3], y=60.0, custom_label=0.65217394, min_label=0, max_label=92, instance_name='p17.txt');0.6521739363670349;0.2349932938814163;0.7078341245651245;4.0150612790057494e-07;60.0;p17.txt;22.0;65.0;0.0
Data(x=[78, 1], edge_index=[2, 82], edge_attr=[82, 3], y=59.0, custom_label=0.6413044, min_label=0, max_label=92, instance_name='p17.txt');0.6413043737411499;0.2349932938814163;0.7078341245651245;4.0150612790057494e-07;59.0;p17.txt;22.0;65.0;0.0
Data(x=[78, 1], edge_index=[2, 82], edge_attr=[82, 3], y=58.0, custom_label=0.6304348, min_label=0, max_label=92, instance_name='p17.txt');0.6304348111152649;0.2349932938814163;0.7078341245651245;4.0150612790057494e-07;58.0;p17.txt;22.0;65.0;0.0
Data(x=[78, 1], edge_index=[2, 82], edge_attr=[82, 3], y=57.0, custom_label=0.6195652, min_label=0, max_label=92, instance_name='p17.txt');0.6195651888847351;0.2349932938814163;0.7078341245651245;4.0150612790057494e-07;57.0;p17.txt;22.0;65.0;0.0
Data(x=[78, 1], edge_index=[2, 82], edge_attr=[82, 3], y=56.0, custom_label=0.6086956, min_label=0, max_label=92, instance_name='p17.txt');0.6086956262588501;0.2349932938814163;0.7078341245651245;4.0150612790057494e-07;56.0;p17.txt;22.0;65.0;0.0
Data(x=[78, 1], edge_index=[2, 82], edge_attr=[82, 3], y=55.0, custom_label=0.59782606, min_label=0, max_label=92, instance_name='p17.txt');0.5978260636329651;0.2349932938814163;0.7078341245651245;4.0150612790057494e-07;55.0;p17.txt;22.0;65.0;0.0
Data(x=[78, 1], edge_index=[2, 82], edge_attr=[82, 3], y=54.0, custom_label=0.5869565, min_label=0, max_label=92, instance_name='p17.txt');0.5869565010070801;0.2349932938814163;0.7078341245651245;4.0150612790057494e-07;54.0;p17.txt;22.0;65.0;0.0
Data(x=[78, 1], edge_index=[2, 82], edge_attr=[82, 3], y=53.0, custom_label=0.57608694, min_label=0, max_label=92, instance_name='p17.txt');0.5760869383811951;0.2349932938814163;0.7078341245651245;4.0150612790057494e-07;53.0;p17.txt;22.0;65.0;0.0
Data(x=[78, 1], edge_index=[2, 82], edge_attr=[82, 3], y=52.0, custom_label=0.5652174, min_label=0, max_label=92, instance_name='p17.txt');0.5652173757553101;0.2349932938814163;0.7078341245651245;4.0150612790057494e-07;52.0;p17.txt;22.0;65.0;0.0
Data(x=[78, 1], edge_index=[2, 82], edge_attr=[82, 3], y=51.0, custom_label=0.5543478, min_label=0, max_label=92, instance_name='p17.txt');0.554347813129425;0.2349932938814163;0.7078341245651245;4.0150612790057494e-07;51.0;p17.txt;22.0;65.0;0.0
Data(x=[78, 1], edge_index=[2, 82], edge_attr=[82, 3], y=50.0, custom_label=0.54347825, min_label=0, max_label=92, instance_name='p17.txt');0.54347825050354;0.2349932938814163;0.7078341245651245;4.0150612790057494e-07;50.0;p17.txt;22.0;65.0;0.0
Data(x=[78, 1], edge_index=[2, 82], edge_attr=[82, 3], y=49.0, custom_label=0.5326087, min_label=0, max_label=92, instance_name='p17.txt');0.532608687877655;0.2349932938814163;0.7078341245651245;4.0150612790057494e-07;49.0;p17.txt;22.0;65.0;0.0
Data(x=[78, 1], edge_index=[2, 82], edge_attr=[82, 3], y=48.0, custom_label=0.5217391, min_label=0, max_label=92, instance_name='p17.txt');0.52173912525177;0.2349932938814163;0.7078341245651245;4.0150612790057494e-07;48.0;p17.txt;22.0;65.0;0.0
Data(x=[78, 1], edge_index=[2, 82], edge_attr=[82, 3], y=47.0, custom_label=0.51086956, min_label=0, max_label=92, instance_name='p17.txt');0.510869562625885;0.2349932938814163;0.7078341245651245;4.0150612790057494e-07;47.0;p17.txt;22.0;65.0;0.0
Data(x=[78, 1], edge_index=[2, 82], edge_attr=[82, 3], y=46.0, custom_label=0.5, min_label=0, max_label=92, instance_name='p17.txt');0.5;0.2349932938814163;0.7078341245651245;4.0150612790057494e-07;46.0;p17.txt;22.0;65.0;0.0
Data(x=[78, 1], edge_index=[2, 82], edge_attr=[82, 3], y=45.0, custom_label=0.48913044, min_label=0, max_label=92, instance_name='p17.txt');0.489130437374115;0.2349932938814163;0.7078341245651245;4.0150612790057494e-07;45.0;p17.txt;22.0;65.0;0.0
Data(x=[78, 1], edge_index=[2, 82], edge_attr=[82, 3], y=44.0, custom_label=0.47826087, min_label=0, max_label=92, instance_name='p17.txt');0.47826087474823;0.2349932938814163;0.7078341245651245;4.0150612790057494e-07;44.0;p17.txt;22.0;65.0;0.0
Data(x=[78, 1], edge_index=[2, 82], edge_attr=[82, 3], y=43.0, custom_label=0.4673913, min_label=0, max_label=92, instance_name='p17.txt');0.4673913121223449;0.2349932938814163;0.7078341245651245;4.0150612790057494e-07;43.0;p17.txt;22.0;65.0;0.0
Data(x=[78, 1], edge_index=[2, 82], edge_attr=[82, 3], y=42.0, custom_label=0.45652175, min_label=0, max_label=92, instance_name='p17.txt');0.4565217494964599;0.2349932938814163;0.7078341245651245;4.0150612790057494e-07;42.0;p17.txt;22.0;65.0;0.0
Data(x=[78, 1], edge_index=[2, 82], edge_attr=[82, 3], y=41.0, custom_label=0.4456522, min_label=0, max_label=92, instance_name='p17.txt');0.4456521868705749;0.2349932938814163;0.7078341245651245;4.0150612790057494e-07;41.0;p17.txt;22.0;65.0;0.0
Data(x=[78, 1], edge_index=[2, 82], edge_attr=[82, 3], y=40.0, custom_label=0.4347826, min_label=0, max_label=92, instance_name='p17.txt');0.4347825944423675;0.2349932938814163;0.7078341245651245;4.0150612790057494e-07;40.0;p17.txt;22.0;65.0;0.0
Data(x=[78, 1], edge_index=[2, 82], edge_attr=[82, 3], y=39.0, custom_label=0.42391303, min_label=0, max_label=92, instance_name='p17.txt');0.4239130318164825;0.2349932938814163;0.7078341245651245;4.0150612790057494e-07;39.0;p17.txt;22.0;65.0;0.0
Data(x=[78, 1], edge_index=[2, 82], edge_attr=[82, 3], y=38.0, custom_label=0.41304347, min_label=0, max_label=92, instance_name='p17.txt');0.4130434691905975;0.2349932938814163;0.7078341245651245;4.0150612790057494e-07;38.0;p17.txt;22.0;65.0;0.0
Data(x=[78, 1], edge_index=[2, 82], edge_attr=[82, 3], y=37.0, custom_label=0.4021739, min_label=0, max_label=92, instance_name='p17.txt');0.4021739065647125;0.2349932938814163;0.7078341245651245;4.0150612790057494e-07;37.0;p17.txt;22.0;65.0;0.0
Data(x=[78, 1], edge_index=[2, 82], edge_attr=[82, 3], y=36.0, custom_label=0.39130434, min_label=0, max_label=92, instance_name='p17.txt');0.3913043439388275;0.2349932938814163;0.7078341245651245;4.0150612790057494e-07;36.0;p17.txt;22.0;65.0;0.0
Data(x=[78, 1], edge_index=[2, 82], edge_attr=[82, 3], y=35.0, custom_label=0.38043478, min_label=0, max_label=92, instance_name='p17.txt');0.3804347813129425;0.2349932938814163;0.7078341245651245;4.0150612790057494e-07;35.0;p17.txt;22.0;65.0;0.0
Data(x=[78, 1], edge_index=[2, 82], edge_attr=[82, 3], y=34.0, custom_label=0.36956522, min_label=0, max_label=92, instance_name='p17.txt');0.3695652186870575;0.2349932938814163;0.7078341245651245;4.0150612790057494e-07;34.0;p17.txt;22.0;65.0;0.0
Data(x=[78, 1], edge_index=[2, 82], edge_attr=[82, 3], y=33.0, custom_label=0.35869566, min_label=0, max_label=92, instance_name='p17.txt');0.3586956560611725;0.2349932938814163;0.7078341245651245;4.0150612790057494e-07;33.0;p17.txt;22.0;65.0;0.0
Data(x=[78, 1], edge_index=[2, 82], edge_attr=[82, 3], y=32.0, custom_label=0.3478261, min_label=0, max_label=92, instance_name='p17.txt');0.3478260934352875;0.2349932938814163;0.7078341245651245;4.0150612790057494e-07;32.0;p17.txt;22.0;65.0;0.0
Data(x=[78, 1], edge_index=[2, 82], edge_attr=[82, 3], y=31.0, custom_label=0.33695653, min_label=0, max_label=92, instance_name='p17.txt');0.3369565308094024;0.2349932938814163;0.7078341245651245;4.0150612790057494e-07;31.0;p17.txt;22.0;65.0;0.0
Data(x=[78, 1], edge_index=[2, 82], edge_attr=[82, 3], y=30.0, custom_label=0.32608697, min_label=0, max_label=92, instance_name='p17.txt');0.3260869681835174;0.2349932938814163;0.7078341245651245;4.0150612790057494e-07;30.0;p17.txt;22.0;65.0;0.0
Data(x=[78, 1], edge_index=[2, 82], edge_attr=[82, 3], y=29.0, custom_label=0.3152174, min_label=0, max_label=92, instance_name='p17.txt');0.3152174055576324;0.2349932938814163;0.7078341245651245;4.0150612790057494e-07;29.0;p17.txt;22.0;65.0;0.0
Data(x=[78, 1], edge_index=[2, 82], edge_attr=[82, 3], y=28.0, custom_label=0.3043478, min_label=0, max_label=92, instance_name='p17.txt');0.304347813129425;0.2349932938814163;0.7078341245651245;4.0150612790057494e-07;28.0;p17.txt;22.0;65.0;0.0
Data(x=[79, 1], edge_index=[2, 84], edge_attr=[84, 3], y=27.0, custom_label=0.29347825, min_label=0, max_label=92, instance_name='p17.txt');0.29347825050354;0.2349932938814163;0.3154535889625549;4.0150612790057494e-07;27.0;p17.txt;22.0;29.0;0.0
Data(x=[79, 1], edge_index=[2, 84], edge_attr=[84, 3], y=26.0, custom_label=0.2826087, min_label=0, max_label=92, instance_name='p17.txt');0.282608687877655;0.2349932938814163;0.3154535889625549;4.0150612790057494e-07;26.0;p17.txt;22.0;29.0;0.0
Data(x=[79, 1], edge_index=[2, 84], edge_attr=[84, 3], y=25.0, custom_label=0.27173913, min_label=0, max_label=92, instance_name='p17.txt');0.27173912525177;0.2349932938814163;0.3154535889625549;4.0150612790057494e-07;25.0;p17.txt;22.0;29.0;0.0
Data(x=[79, 1], edge_index=[2, 84], edge_attr=[84, 3], y=24.0, custom_label=0.26086956, min_label=0, max_label=92, instance_name='p17.txt');0.260869562625885;0.2349932938814163;0.3154535889625549;4.0150612790057494e-07;24.0;p17.txt;22.0;29.0;0.0
Data(x=[79, 1], edge_index=[2, 84], edge_attr=[84, 3], y=23.0, custom_label=0.25, min_label=0, max_label=92, instance_name='p17.txt');0.25;0.2349932938814163;0.3154535889625549;4.0150612790057494e-07;23.0;p17.txt;22.0;29.0;0.0
Data(x=[80, 1], edge_index=[2, 86], edge_attr=[86, 3], y=22.0, custom_label=0.23913044, min_label=0, max_label=92, instance_name='p17.txt');0.239130437374115;0.2349932938814163;0.1746270060539245;4.0150612790057494e-07;22.0;p17.txt;22.0;16.0;0.0
Data(x=[79, 1], edge_index=[2, 84], edge_attr=[84, 3], y=21.0, custom_label=0.22826087, min_label=0, max_label=92, instance_name='p17.txt');0.2282608747482299;0.2349932938814163;0.3154535889625549;4.0150612790057494e-07;21.0;p17.txt;22.0;29.0;0.0
Data(x=[79, 1], edge_index=[2, 84], edge_attr=[84, 3], y=20.0, custom_label=0.2173913, min_label=0, max_label=92, instance_name='p17.txt');0.2173912972211837;0.2349932938814163;0.3154535889625549;4.0150612790057494e-07;20.0;p17.txt;22.0;29.0;0.0
Data(x=[79, 1], edge_index=[2, 84], edge_attr=[84, 3], y=19.0, custom_label=0.20652173, min_label=0, max_label=92, instance_name='p17.txt');0.2065217345952987;0.2349932938814163;0.3154535889625549;4.0150612790057494e-07;19.0;p17.txt;22.0;29.0;0.0
Data(x=[79, 1], edge_index=[2, 84], edge_attr=[84, 3], y=18.0, custom_label=0.19565217, min_label=0, max_label=92, instance_name='p17.txt');0.1956521719694137;0.2349932938814163;0.3154535889625549;4.0150612790057494e-07;18.0;p17.txt;22.0;29.0;0.0
Data(x=[79, 1], edge_index=[2, 84], edge_attr=[84, 3], y=17.0, custom_label=0.18478261, min_label=0, max_label=92, instance_name='p17.txt');0.1847826093435287;0.2349932938814163;0.3154535889625549;4.0150612790057494e-07;17.0;p17.txt;22.0;29.0;0.0
Data(x=[79, 1], edge_index=[2, 84], edge_attr=[84, 3], y=16.0, custom_label=0.17391305, min_label=0, max_label=92, instance_name='p17.txt');0.1739130467176437;0.2349932938814163;0.3154535889625549;4.0150612790057494e-07;16.0;p17.txt;22.0;29.0;0.0
Data(x=[79, 1], edge_index=[2, 84], edge_attr=[84, 3], y=15.0, custom_label=0.16304348, min_label=0, max_label=92, instance_name='p17.txt');0.1630434840917587;0.2349932938814163;0.3154535889625549;4.0150612790057494e-07;15.0;p17.txt;22.0;29.0;0.0
Data(x=[80, 1], edge_index=[2, 86], edge_attr=[86, 3], y=14.0, custom_label=0.1521739, min_label=0, max_label=92, instance_name='p17.txt');0.1521739065647125;0.2349932938814163;0.1746269613504409;4.0150612790057494e-07;14.0;p17.txt;22.0;16.0;0.0
Data(x=[79, 1], edge_index=[2, 84], edge_attr=[84, 3], y=13.0, custom_label=0.14130434, min_label=0, max_label=92, instance_name='p17.txt');0.1413043439388275;0.2349932938814163;0.3154535889625549;4.0150612790057494e-07;13.0;p17.txt;22.0;29.0;0.0
Data(x=[80, 1], edge_index=[2, 86], edge_attr=[86, 3], y=12.0, custom_label=0.13043478, min_label=0, max_label=92, instance_name='p17.txt');0.1304347813129425;0.2349932938814163;0.1746270060539245;4.0150612790057494e-07;12.0;p17.txt;22.0;16.0;0.0
Data(x=[80, 1], edge_index=[2, 86], edge_attr=[86, 3], y=11.0, custom_label=0.11956522, min_label=0, max_label=92, instance_name='p17.txt');0.1195652186870575;0.2349932938814163;0.1746269613504409;4.0150612790057494e-07;11.0;p17.txt;22.0;16.0;0.0
Data(x=[80, 1], edge_index=[2, 86], edge_attr=[86, 3], y=10.0, custom_label=0.10869565, min_label=0, max_label=92, instance_name='p17.txt');0.1086956486105918;0.2349932938814163;0.1746269613504409;4.0150612790057494e-07;10.0;p17.txt;22.0;16.0;0.0
Data(x=[80, 1], edge_index=[2, 86], edge_attr=[86, 3], y=9.0, custom_label=0.097826086, min_label=0, max_label=92, instance_name='p17.txt');0.0978260859847068;0.2349932938814163;0.1746269613504409;4.0150612790057494e-07;9.0;p17.txt;22.0;16.0;0.0
Data(x=[80, 1], edge_index=[2, 86], edge_attr=[86, 3], y=8.0, custom_label=0.08695652, min_label=0, max_label=92, instance_name='p17.txt');0.0869565233588218;0.2349932938814163;0.1746269613504409;4.0150612790057494e-07;8.0;p17.txt;22.0;16.0;0.0
Data(x=[80, 1], edge_index=[2, 86], edge_attr=[86, 3], y=7.0, custom_label=0.07608695, min_label=0, max_label=92, instance_name='p17.txt');0.0760869532823562;0.2349932938814163;0.1746269613504409;4.0150612790057494e-07;7.0;p17.txt;22.0;16.0;0.0
Data(x=[80, 1], edge_index=[2, 86], edge_attr=[86, 3], y=6.0, custom_label=0.06521739, min_label=0, max_label=92, instance_name='p17.txt');0.0652173906564712;0.2349932938814163;0.1746269613504409;4.0150612790057494e-07;6.0;p17.txt;22.0;16.0;0.0
Data(x=[80, 1], edge_index=[2, 86], edge_attr=[86, 3], y=5.0, custom_label=0.054347824, min_label=0, max_label=92, instance_name='p17.txt');0.0543478243052959;0.2349932938814163;0.1746269613504409;4.0150612790057494e-07;5.0;p17.txt;22.0;16.0;0.0
Data(x=[80, 1], edge_index=[2, 86], edge_attr=[86, 3], y=4.0, custom_label=0.04347826, min_label=0, max_label=92, instance_name='p17.txt');0.0434782616794109;0.2349932938814163;0.1746269613504409;4.0150612790057494e-07;4.0;p17.txt;22.0;16.0;0.0
Data(x=[80, 1], edge_index=[2, 86], edge_attr=[86, 3], y=3.0, custom_label=0.032608695, min_label=0, max_label=92, instance_name='p17.txt');0.0326086953282356;0.2349932938814163;0.1746269613504409;4.0150612790057494e-07;3.0;p17.txt;22.0;16.0;0.0
Data(x=[80, 1], edge_index=[2, 86], edge_attr=[86, 3], y=2.0, custom_label=0.02173913, min_label=0, max_label=92, instance_name='p17.txt');0.0217391308397054;0.2349932938814163;0.1746269613504409;4.0150612790057494e-07;2.0;p17.txt;22.0;16.0;0.0
Data(x=[80, 1], edge_index=[2, 86], edge_attr=[86, 3], y=1.0, custom_label=0.010869565, min_label=0, max_label=92, instance_name='p17.txt');0.0108695654198527;0.2349932938814163;0.1746269613504409;4.0150612790057494e-07;1.0;p17.txt;22.0;16.0;0.0
Data(x=[81, 1], edge_index=[2, 88], edge_attr=[88, 3], y=0.0, custom_label=0.0, min_label=0, max_label=92, instance_name='p17.txt');0.0;0.2349932938814163;0.0152484569698572;4.0150612790057494e-07;0.0;p17.txt;22.0;1.0;0.0
Data(x=[42, 1], edge_index=[2, 50], edge_attr=[50, 3], y=0.0, custom_label=0.0, min_label=0, max_label=92, instance_name='p17.txt');0.0;0.2349932938814163;0.0016710930503904;4.0150612790057494e-07;0.0;p17.txt;22.0;0.0;0.0
Data(x=[41, 1], edge_index=[2, 50], edge_attr=[50, 3], y=0.0, custom_label=0.0, min_label=0, max_label=92, instance_name='p17.txt');0.0;0.2349932938814163;0.0010973796015605;0.0;0.0;p17.txt;22.0;0.0;0.0
Data(x=[50, 1], edge_index=[2, 60], edge_attr=[60, 3], y=0.0, custom_label=0.0, min_label=0, max_label=92, instance_name='p17.txt');0.0;0.2349932938814163;0.0003692358732223;0.0;0.0;p17.txt;22.0;0.0;0.0
Data(x=[48, 1], edge_index=[2, 58], edge_attr=[58, 3], y=0.0, custom_label=0.0, min_label=0, max_label=92, instance_name='p17.txt');0.0;0.2349932938814163;2.3766784579493105e-05;0.0;0.0;p17.txt;22.0;0.0;0.0
Data(x=[54, 1], edge_index=[2, 64], edge_attr=[64, 3], y=0.0, custom_label=0.0, min_label=0, max_label=92, instance_name='p17.txt');0.0;0.2349932938814163;0.0024648283142596;0.0;0.0;p17.txt;22.0;0.0;0.0
Data(x=[58, 1], edge_index=[2, 66], edge_attr=[66, 3], y=0.0, custom_label=0.0, min_label=0, max_label=92, instance_name='p17.txt');0.0;0.2349932938814163;0.0010870529804378;4.0150612790057494e-07;0.0;p17.txt;22.0;0.0;0.0
Data(x=[43, 1], edge_index=[2, 52], edge_attr=[52, 3], y=0.0, custom_label=0.0, min_label=0, max_label=92, instance_name='p17.txt');0.0;0.2349932938814163;0.0002053369098575;4.0150612790057494e-07;0.0;p17.txt;22.0;0.0;0.0
Data(x=[89, 1], edge_index=[2, 94], edge_attr=[94, 3], y=197.0, custom_label=1.0, min_label=0, max_label=197, instance_name='p18.txt');1.0;0.2349932938814163;0.7225127220153809;4.0150612790057494e-07;197.0;p18.txt;46.0;142.0;0.0
Data(x=[89, 1], edge_index=[2, 94], edge_attr=[94, 3], y=196.0, custom_label=0.99492383, min_label=0, max_label=197, instance_name='p18.txt');0.9949238300323486;0.2349932938814163;0.7225127220153809;4.0150612790057494e-07;196.0;p18.txt;46.0;142.0;0.0
Data(x=[89, 1], edge_index=[2, 94], edge_attr=[94, 3], y=195.0, custom_label=0.9898477, min_label=0, max_label=197, instance_name='p18.txt');0.989847719669342;0.2349932938814163;0.7225127220153809;4.0150612790057494e-07;195.0;p18.txt;46.0;142.0;0.0
Data(x=[89, 1], edge_index=[2, 94], edge_attr=[94, 3], y=194.0, custom_label=0.98477155, min_label=0, max_label=197, instance_name='p18.txt');0.9847715497016908;0.2349932938814163;0.7225127220153809;4.0150612790057494e-07;194.0;p18.txt;46.0;142.0;0.0
Data(x=[89, 1], edge_index=[2, 94], edge_attr=[94, 3], y=193.0, custom_label=0.97969544, min_label=0, max_label=197, instance_name='p18.txt');0.979695439338684;0.2349932938814163;0.7225127220153809;4.0150612790057494e-07;193.0;p18.txt;46.0;142.0;0.0
Data(x=[89, 1], edge_index=[2, 94], edge_attr=[94, 3], y=192.0, custom_label=0.97461927, min_label=0, max_label=197, instance_name='p18.txt');0.9746192693710328;0.2349932938814163;0.7225127220153809;4.0150612790057494e-07;192.0;p18.txt;46.0;142.0;0.0
Data(x=[89, 1], edge_index=[2, 94], edge_attr=[94, 3], y=191.0, custom_label=0.96954316, min_label=0, max_label=197, instance_name='p18.txt');0.969543159008026;0.2349932938814163;0.7225127220153809;4.0150612790057494e-07;191.0;p18.txt;46.0;142.0;0.0
Data(x=[89, 1], edge_index=[2, 94], edge_attr=[94, 3], y=190.0, custom_label=0.964467, min_label=0, max_label=197, instance_name='p18.txt');0.9644669890403748;0.2349932938814163;0.7225127220153809;4.0150612790057494e-07;190.0;p18.txt;46.0;142.0;0.0
Data(x=[89, 1], edge_index=[2, 94], edge_attr=[94, 3], y=189.0, custom_label=0.9593909, min_label=0, max_label=197, instance_name='p18.txt');0.9593908786773682;0.2349932938814163;0.7225127220153809;4.0150612790057494e-07;189.0;p18.txt;46.0;142.0;0.0
Data(x=[89, 1], edge_index=[2, 94], edge_attr=[94, 3], y=188.0, custom_label=0.9543147, min_label=0, max_label=197, instance_name='p18.txt');0.9543147087097168;0.2349932938814163;0.7225127220153809;4.0150612790057494e-07;188.0;p18.txt;46.0;142.0;0.0
Data(x=[89, 1], edge_index=[2, 94], edge_attr=[94, 3], y=187.0, custom_label=0.9492386, min_label=0, max_label=197, instance_name='p18.txt');0.9492385983467102;0.2349932938814163;0.7225127220153809;4.0150612790057494e-07;187.0;p18.txt;46.0;142.0;0.0
Data(x=[89, 1], edge_index=[2, 94], edge_attr=[94, 3], y=186.0, custom_label=0.9441624, min_label=0, max_label=197, instance_name='p18.txt');0.9441624283790588;0.2349932938814163;0.7225127220153809;4.0150612790057494e-07;186.0;p18.txt;46.0;142.0;0.0
Data(x=[89, 1], edge_index=[2, 94], edge_attr=[94, 3], y=185.0, custom_label=0.9390863, min_label=0, max_label=197, instance_name='p18.txt');0.9390863180160522;0.2349932938814163;0.7225127220153809;4.0150612790057494e-07;185.0;p18.txt;46.0;142.0;0.0
Data(x=[89, 1], edge_index=[2, 94], edge_attr=[94, 3], y=184.0, custom_label=0.93401015, min_label=0, max_label=197, instance_name='p18.txt');0.9340101480484008;0.2349932938814163;0.7225127220153809;4.0150612790057494e-07;184.0;p18.txt;46.0;142.0;0.0
Data(x=[89, 1], edge_index=[2, 94], edge_attr=[94, 3], y=183.0, custom_label=0.92893404, min_label=0, max_label=197, instance_name='p18.txt');0.9289340376853944;0.2349932938814163;0.7225127220153809;4.0150612790057494e-07;183.0;p18.txt;46.0;142.0;0.0
Data(x=[89, 1], edge_index=[2, 94], edge_attr=[94, 3], y=182.0, custom_label=0.92385787, min_label=0, max_label=197, instance_name='p18.txt');0.9238578677177428;0.2349932938814163;0.7225127220153809;4.0150612790057494e-07;182.0;p18.txt;46.0;142.0;0.0
Data(x=[89, 1], edge_index=[2, 94], edge_attr=[94, 3], y=181.0, custom_label=0.9187817, min_label=0, max_label=197, instance_name='p18.txt');0.9187816977500916;0.2349932938814163;0.7225127220153809;4.0150612790057494e-07;181.0;p18.txt;46.0;142.0;0.0
Data(x=[89, 1], edge_index=[2, 94], edge_attr=[94, 3], y=180.0, custom_label=0.9137056, min_label=0, max_label=197, instance_name='p18.txt');0.913705587387085;0.2349932938814163;0.7225127220153809;4.0150612790057494e-07;180.0;p18.txt;46.0;142.0;0.0
Data(x=[89, 1], edge_index=[2, 94], edge_attr=[94, 3], y=179.0, custom_label=0.9086294, min_label=0, max_label=197, instance_name='p18.txt');0.9086294174194336;0.2349932938814163;0.7225127220153809;4.0150612790057494e-07;179.0;p18.txt;46.0;142.0;0.0
Data(x=[89, 1], edge_index=[2, 94], edge_attr=[94, 3], y=178.0, custom_label=0.9035533, min_label=0, max_label=197, instance_name='p18.txt');0.903553307056427;0.2349932938814163;0.7225127220153809;4.0150612790057494e-07;178.0;p18.txt;46.0;142.0;0.0
Data(x=[89, 1], edge_index=[2, 94], edge_attr=[94, 3], y=177.0, custom_label=0.89847714, min_label=0, max_label=197, instance_name='p18.txt');0.8984771370887756;0.2349932938814163;0.7225127220153809;4.0150612790057494e-07;177.0;p18.txt;46.0;142.0;0.0
Data(x=[89, 1], edge_index=[2, 94], edge_attr=[94, 3], y=176.0, custom_label=0.893401, min_label=0, max_label=197, instance_name='p18.txt');0.893401026725769;0.2349932938814163;0.7225127220153809;4.0150612790057494e-07;176.0;p18.txt;46.0;142.0;0.0
Data(x=[89, 1], edge_index=[2, 94], edge_attr=[94, 3], y=175.0, custom_label=0.88832486, min_label=0, max_label=197, instance_name='p18.txt');0.8883248567581177;0.2349932938814163;0.7225127220153809;4.0150612790057494e-07;175.0;p18.txt;46.0;142.0;0.0
Data(x=[89, 1], edge_index=[2, 94], edge_attr=[94, 3], y=174.0, custom_label=0.88324875, min_label=0, max_label=197, instance_name='p18.txt');0.8832487463951111;0.2349932938814163;0.7225127220153809;4.0150612790057494e-07;174.0;p18.txt;46.0;142.0;0.0
Data(x=[89, 1], edge_index=[2, 94], edge_attr=[94, 3], y=173.0, custom_label=0.8781726, min_label=0, max_label=197, instance_name='p18.txt');0.8781725764274597;0.2349932938814163;0.7225127220153809;4.0150612790057494e-07;173.0;p18.txt;46.0;142.0;0.0
Data(x=[89, 1], edge_index=[2, 94], edge_attr=[94, 3], y=172.0, custom_label=0.87309647, min_label=0, max_label=197, instance_name='p18.txt');0.8730964660644531;0.2349932938814163;0.7225127220153809;4.0150612790057494e-07;172.0;p18.txt;46.0;142.0;0.0
Data(x=[89, 1], edge_index=[2, 94], edge_attr=[94, 3], y=171.0, custom_label=0.8680203, min_label=0, max_label=197, instance_name='p18.txt');0.8680202960968018;0.2349932938814163;0.7225127220153809;4.0150612790057494e-07;171.0;p18.txt;46.0;142.0;0.0
Data(x=[89, 1], edge_index=[2, 94], edge_attr=[94, 3], y=170.0, custom_label=0.8629442, min_label=0, max_label=197, instance_name='p18.txt');0.8629441857337952;0.2349932938814163;0.7225127220153809;4.0150612790057494e-07;170.0;p18.txt;46.0;142.0;0.0
Data(x=[89, 1], edge_index=[2, 94], edge_attr=[94, 3], y=169.0, custom_label=0.857868, min_label=0, max_label=197, instance_name='p18.txt');0.8578680157661438;0.2349932938814163;0.7225127220153809;4.0150612790057494e-07;169.0;p18.txt;46.0;142.0;0.0
Data(x=[89, 1], edge_index=[2, 94], edge_attr=[94, 3], y=168.0, custom_label=0.8527919, min_label=0, max_label=197, instance_name='p18.txt');0.8527919054031372;0.2349932938814163;0.7225127220153809;4.0150612790057494e-07;168.0;p18.txt;46.0;142.0;0.0
Data(x=[89, 1], edge_index=[2, 94], edge_attr=[94, 3], y=167.0, custom_label=0.84771574, min_label=0, max_label=197, instance_name='p18.txt');0.8477157354354858;0.2349932938814163;0.7225127220153809;4.0150612790057494e-07;167.0;p18.txt;46.0;142.0;0.0
Data(x=[89, 1], edge_index=[2, 94], edge_attr=[94, 3], y=166.0, custom_label=0.84263957, min_label=0, max_label=197, instance_name='p18.txt');0.8426395654678345;0.2349932938814163;0.7225127220153809;4.0150612790057494e-07;166.0;p18.txt;46.0;142.0;0.0
Data(x=[89, 1], edge_index=[2, 94], edge_attr=[94, 3], y=165.0, custom_label=0.83756346, min_label=0, max_label=197, instance_name='p18.txt');0.8375634551048279;0.2349932938814163;0.7225127220153809;4.0150612790057494e-07;165.0;p18.txt;46.0;142.0;0.0
Data(x=[89, 1], edge_index=[2, 94], edge_attr=[94, 3], y=164.0, custom_label=0.8324873, min_label=0, max_label=197, instance_name='p18.txt');0.8324872851371765;0.2349932938814163;0.7225127220153809;4.0150612790057494e-07;164.0;p18.txt;46.0;142.0;0.0
Data(x=[89, 1], edge_index=[2, 94], edge_attr=[94, 3], y=163.0, custom_label=0.8274112, min_label=0, max_label=197, instance_name='p18.txt');0.8274111747741699;0.2349932938814163;0.7225127220153809;4.0150612790057494e-07;163.0;p18.txt;46.0;142.0;0.0
Data(x=[89, 1], edge_index=[2, 94], edge_attr=[94, 3], y=162.0, custom_label=0.822335, min_label=0, max_label=197, instance_name='p18.txt');0.8223350048065186;0.2349932938814163;0.7225127220153809;4.0150612790057494e-07;162.0;p18.txt;46.0;142.0;0.0
Data(x=[89, 1], edge_index=[2, 94], edge_attr=[94, 3], y=161.0, custom_label=0.8172589, min_label=0, max_label=197, instance_name='p18.txt');0.817258894443512;0.2349932938814163;0.7225127220153809;4.0150612790057494e-07;161.0;p18.txt;46.0;142.0;0.0
Data(x=[89, 1], edge_index=[2, 94], edge_attr=[94, 3], y=160.0, custom_label=0.8121827, min_label=0, max_label=197, instance_name='p18.txt');0.8121827244758606;0.2349932938814163;0.7225127220153809;4.0150612790057494e-07;160.0;p18.txt;46.0;142.0;0.0
Data(x=[89, 1], edge_index=[2, 94], edge_attr=[94, 3], y=159.0, custom_label=0.8071066, min_label=0, max_label=197, instance_name='p18.txt');0.807106614112854;0.2349932938814163;0.7225127220153809;4.0150612790057494e-07;159.0;p18.txt;46.0;142.0;0.0
Data(x=[89, 1], edge_index=[2, 94], edge_attr=[94, 3], y=158.0, custom_label=0.80203044, min_label=0, max_label=197, instance_name='p18.txt');0.8020304441452026;0.2349932938814163;0.7225127220153809;4.0150612790057494e-07;158.0;p18.txt;46.0;142.0;0.0
Data(x=[89, 1], edge_index=[2, 94], edge_attr=[94, 3], y=157.0, custom_label=0.79695433, min_label=0, max_label=197, instance_name='p18.txt');0.796954333782196;0.2349932938814163;0.7225127220153809;4.0150612790057494e-07;157.0;p18.txt;46.0;142.0;0.0
Data(x=[89, 1], edge_index=[2, 94], edge_attr=[94, 3], y=156.0, custom_label=0.79187816, min_label=0, max_label=197, instance_name='p18.txt');0.7918781638145447;0.2349932938814163;0.7225127220153809;4.0150612790057494e-07;156.0;p18.txt;46.0;142.0;0.0
Data(x=[89, 1], edge_index=[2, 94], edge_attr=[94, 3], y=155.0, custom_label=0.78680205, min_label=0, max_label=197, instance_name='p18.txt');0.7868020534515381;0.2349932938814163;0.7225127220153809;4.0150612790057494e-07;155.0;p18.txt;46.0;142.0;0.0
Data(x=[89, 1], edge_index=[2, 94], edge_attr=[94, 3], y=154.0, custom_label=0.7817259, min_label=0, max_label=197, instance_name='p18.txt');0.7817258834838867;0.2349932938814163;0.7225127220153809;4.0150612790057494e-07;154.0;p18.txt;46.0;142.0;0.0
Data(x=[89, 1], edge_index=[2, 94], edge_attr=[94, 3], y=153.0, custom_label=0.7766498, min_label=0, max_label=197, instance_name='p18.txt');0.7766497731208801;0.2349932938814163;0.7225127220153809;4.0150612790057494e-07;153.0;p18.txt;46.0;142.0;0.0
Data(x=[89, 1], edge_index=[2, 94], edge_attr=[94, 3], y=152.0, custom_label=0.7715736, min_label=0, max_label=197, instance_name='p18.txt');0.7715736031532288;0.2349932938814163;0.7225127220153809;4.0150612790057494e-07;152.0;p18.txt;46.0;142.0;0.0
Data(x=[89, 1], edge_index=[2, 94], edge_attr=[94, 3], y=151.0, custom_label=0.76649743, min_label=0, max_label=197, instance_name='p18.txt');0.7664974331855774;0.2349932938814163;0.7225127220153809;4.0150612790057494e-07;151.0;p18.txt;46.0;142.0;0.0
Data(x=[89, 1], edge_index=[2, 94], edge_attr=[94, 3], y=150.0, custom_label=0.7614213, min_label=0, max_label=197, instance_name='p18.txt');0.7614213228225708;0.2349932938814163;0.7225127220153809;4.0150612790057494e-07;150.0;p18.txt;46.0;142.0;0.0
Data(x=[89, 1], edge_index=[2, 94], edge_attr=[94, 3], y=149.0, custom_label=0.75634515, min_label=0, max_label=197, instance_name='p18.txt');0.7563451528549194;0.2349932938814163;0.7225127220153809;4.0150612790057494e-07;149.0;p18.txt;46.0;142.0;0.0
Data(x=[89, 1], edge_index=[2, 94], edge_attr=[94, 3], y=148.0, custom_label=0.75126904, min_label=0, max_label=197, instance_name='p18.txt');0.7512690424919128;0.2349932938814163;0.7225127220153809;4.0150612790057494e-07;148.0;p18.txt;46.0;142.0;0.0
Data(x=[89, 1], edge_index=[2, 94], edge_attr=[94, 3], y=147.0, custom_label=0.7461929, min_label=0, max_label=197, instance_name='p18.txt');0.7461928725242615;0.2349932938814163;0.7225127220153809;4.0150612790057494e-07;147.0;p18.txt;46.0;142.0;0.0
Data(x=[89, 1], edge_index=[2, 94], edge_attr=[94, 3], y=146.0, custom_label=0.74111676, min_label=0, max_label=197, instance_name='p18.txt');0.7411167621612549;0.2349932938814163;0.7225127220153809;4.0150612790057494e-07;146.0;p18.txt;46.0;142.0;0.0
Data(x=[89, 1], edge_index=[2, 94], edge_attr=[94, 3], y=145.0, custom_label=0.7360406, min_label=0, max_label=197, instance_name='p18.txt');0.7360405921936035;0.2349932938814163;0.7225127220153809;4.0150612790057494e-07;145.0;p18.txt;46.0;142.0;0.0
Data(x=[89, 1], edge_index=[2, 94], edge_attr=[94, 3], y=144.0, custom_label=0.7309645, min_label=0, max_label=197, instance_name='p18.txt');0.7309644818305969;0.2349932938814163;0.7225127220153809;4.0150612790057494e-07;144.0;p18.txt;46.0;142.0;0.0
Data(x=[89, 1], edge_index=[2, 94], edge_attr=[94, 3], y=143.0, custom_label=0.7258883, min_label=0, max_label=197, instance_name='p18.txt');0.7258883118629456;0.2349932938814163;0.7225127220153809;4.0150612790057494e-07;143.0;p18.txt;46.0;142.0;0.0
Data(x=[89, 1], edge_index=[2, 94], edge_attr=[94, 3], y=142.0, custom_label=0.7208122, min_label=0, max_label=197, instance_name='p18.txt');0.720812201499939;0.2349932938814163;0.7225127220153809;4.0150612790057494e-07;142.0;p18.txt;46.0;142.0;0.0
Data(x=[89, 1], edge_index=[2, 94], edge_attr=[94, 3], y=141.0, custom_label=0.71573603, min_label=0, max_label=197, instance_name='p18.txt');0.7157360315322876;0.2349932938814163;0.7225127220153809;4.0150612790057494e-07;141.0;p18.txt;46.0;142.0;0.0
Data(x=[89, 1], edge_index=[2, 94], edge_attr=[94, 3], y=140.0, custom_label=0.7106599, min_label=0, max_label=197, instance_name='p18.txt');0.710659921169281;0.2349932938814163;0.7225127220153809;4.0150612790057494e-07;140.0;p18.txt;46.0;142.0;0.0
Data(x=[89, 1], edge_index=[2, 94], edge_attr=[94, 3], y=139.0, custom_label=0.70558375, min_label=0, max_label=197, instance_name='p18.txt');0.7055837512016296;0.2349932938814163;0.7225127220153809;4.0150612790057494e-07;139.0;p18.txt;46.0;142.0;0.0
Data(x=[89, 1], edge_index=[2, 94], edge_attr=[94, 3], y=138.0, custom_label=0.70050764, min_label=0, max_label=197, instance_name='p18.txt');0.700507640838623;0.2349932938814163;0.7225127220153809;4.0150612790057494e-07;138.0;p18.txt;46.0;142.0;0.0
Data(x=[89, 1], edge_index=[2, 94], edge_attr=[94, 3], y=137.0, custom_label=0.6954315, min_label=0, max_label=197, instance_name='p18.txt');0.6954314708709717;0.2349932938814163;0.7225127220153809;4.0150612790057494e-07;137.0;p18.txt;46.0;142.0;0.0
Data(x=[89, 1], edge_index=[2, 94], edge_attr=[94, 3], y=136.0, custom_label=0.6903553, min_label=0, max_label=197, instance_name='p18.txt');0.6903553009033203;0.2349932938814163;0.7225127220153809;4.0150612790057494e-07;136.0;p18.txt;46.0;142.0;0.0
Data(x=[89, 1], edge_index=[2, 94], edge_attr=[94, 3], y=135.0, custom_label=0.6852792, min_label=0, max_label=197, instance_name='p18.txt');0.6852791905403137;0.2349932938814163;0.7225127220153809;4.0150612790057494e-07;135.0;p18.txt;46.0;142.0;0.0
Data(x=[89, 1], edge_index=[2, 94], edge_attr=[94, 3], y=134.0, custom_label=0.680203, min_label=0, max_label=197, instance_name='p18.txt');0.6802030205726624;0.2349932938814163;0.7225127220153809;4.0150612790057494e-07;134.0;p18.txt;46.0;142.0;0.0
Data(x=[89, 1], edge_index=[2, 94], edge_attr=[94, 3], y=133.0, custom_label=0.6751269, min_label=0, max_label=197, instance_name='p18.txt');0.6751269102096558;0.2349932938814163;0.7225127220153809;4.0150612790057494e-07;133.0;p18.txt;46.0;142.0;0.0
Data(x=[89, 1], edge_index=[2, 94], edge_attr=[94, 3], y=132.0, custom_label=0.67005074, min_label=0, max_label=197, instance_name='p18.txt');0.6700507402420044;0.2349932938814163;0.7225127220153809;4.0150612790057494e-07;132.0;p18.txt;46.0;142.0;0.0
Data(x=[89, 1], edge_index=[2, 94], edge_attr=[94, 3], y=131.0, custom_label=0.66497463, min_label=0, max_label=197, instance_name='p18.txt');0.6649746298789978;0.2349932938814163;0.7225127220153809;4.0150612790057494e-07;131.0;p18.txt;46.0;142.0;0.0
Data(x=[89, 1], edge_index=[2, 94], edge_attr=[94, 3], y=130.0, custom_label=0.65989846, min_label=0, max_label=197, instance_name='p18.txt');0.6598984599113464;0.2349932938814163;0.7225127220153809;4.0150612790057494e-07;130.0;p18.txt;46.0;142.0;0.0
Data(x=[89, 1], edge_index=[2, 94], edge_attr=[94, 3], y=129.0, custom_label=0.65482235, min_label=0, max_label=197, instance_name='p18.txt');0.6548223495483398;0.2349932938814163;0.7225127220153809;4.0150612790057494e-07;129.0;p18.txt;46.0;142.0;0.0
Data(x=[89, 1], edge_index=[2, 94], edge_attr=[94, 3], y=128.0, custom_label=0.6497462, min_label=0, max_label=197, instance_name='p18.txt');0.6497461795806885;0.2349932938814163;0.7225127220153809;4.0150612790057494e-07;128.0;p18.txt;46.0;142.0;0.0
Data(x=[89, 1], edge_index=[2, 94], edge_attr=[94, 3], y=127.0, custom_label=0.64467007, min_label=0, max_label=197, instance_name='p18.txt');0.6446700692176819;0.2349932938814163;0.7225127220153809;4.0150612790057494e-07;127.0;p18.txt;46.0;142.0;0.0
Data(x=[89, 1], edge_index=[2, 94], edge_attr=[94, 3], y=126.0, custom_label=0.6395939, min_label=0, max_label=197, instance_name='p18.txt');0.6395938992500305;0.2349932938814163;0.7225127220153809;4.0150612790057494e-07;126.0;p18.txt;46.0;142.0;0.0
Data(x=[89, 1], edge_index=[2, 94], edge_attr=[94, 3], y=125.0, custom_label=0.6345178, min_label=0, max_label=197, instance_name='p18.txt');0.6345177888870239;0.2349932938814163;0.7225127220153809;4.0150612790057494e-07;125.0;p18.txt;46.0;142.0;0.0
Data(x=[89, 1], edge_index=[2, 94], edge_attr=[94, 3], y=124.0, custom_label=0.6294416, min_label=0, max_label=197, instance_name='p18.txt');0.6294416189193726;0.2349932938814163;0.7225127220153809;4.0150612790057494e-07;124.0;p18.txt;46.0;142.0;0.0
Data(x=[89, 1], edge_index=[2, 94], edge_attr=[94, 3], y=123.0, custom_label=0.6243655, min_label=0, max_label=197, instance_name='p18.txt');0.624365508556366;0.2349932938814163;0.7225127220153809;4.0150612790057494e-07;123.0;p18.txt;46.0;142.0;0.0
Data(x=[89, 1], edge_index=[2, 94], edge_attr=[94, 3], y=122.0, custom_label=0.61928934, min_label=0, max_label=197, instance_name='p18.txt');0.6192893385887146;0.2349932938814163;0.7225127220153809;4.0150612790057494e-07;122.0;p18.txt;46.0;142.0;0.0
Data(x=[89, 1], edge_index=[2, 94], edge_attr=[94, 3], y=121.0, custom_label=0.61421317, min_label=0, max_label=197, instance_name='p18.txt');0.6142131686210632;0.2349932938814163;0.7225127220153809;4.0150612790057494e-07;121.0;p18.txt;46.0;142.0;0.0
Data(x=[89, 1], edge_index=[2, 94], edge_attr=[94, 3], y=120.0, custom_label=0.60913706, min_label=0, max_label=197, instance_name='p18.txt');0.6091370582580566;0.2349932938814163;0.7225127220153809;4.0150612790057494e-07;120.0;p18.txt;46.0;142.0;0.0
Data(x=[89, 1], edge_index=[2, 94], edge_attr=[94, 3], y=119.0, custom_label=0.6040609, min_label=0, max_label=197, instance_name='p18.txt');0.6040608882904053;0.2349932938814163;0.7225127220153809;4.0150612790057494e-07;119.0;p18.txt;46.0;142.0;0.0
Data(x=[89, 1], edge_index=[2, 94], edge_attr=[94, 3], y=118.0, custom_label=0.5989848, min_label=0, max_label=197, instance_name='p18.txt');0.5989847779273987;0.2349932938814163;0.7225127220153809;4.0150612790057494e-07;118.0;p18.txt;46.0;142.0;0.0
Data(x=[89, 1], edge_index=[2, 94], edge_attr=[94, 3], y=117.0, custom_label=0.5939086, min_label=0, max_label=197, instance_name='p18.txt');0.5939086079597473;0.2349932938814163;0.7225127220153809;4.0150612790057494e-07;117.0;p18.txt;46.0;142.0;0.0
Data(x=[89, 1], edge_index=[2, 94], edge_attr=[94, 3], y=116.0, custom_label=0.5888325, min_label=0, max_label=197, instance_name='p18.txt');0.5888324975967407;0.2349932938814163;0.7225127220153809;4.0150612790057494e-07;116.0;p18.txt;46.0;142.0;0.0
Data(x=[89, 1], edge_index=[2, 94], edge_attr=[94, 3], y=115.0, custom_label=0.5837563, min_label=0, max_label=197, instance_name='p18.txt');0.5837563276290894;0.2349932938814163;0.7225127220153809;4.0150612790057494e-07;115.0;p18.txt;46.0;142.0;0.0
Data(x=[89, 1], edge_index=[2, 94], edge_attr=[94, 3], y=114.0, custom_label=0.5786802, min_label=0, max_label=197, instance_name='p18.txt');0.5786802172660828;0.2349932938814163;0.7225127220153809;4.0150612790057494e-07;114.0;p18.txt;46.0;142.0;0.0
Data(x=[89, 1], edge_index=[2, 94], edge_attr=[94, 3], y=113.0, custom_label=0.57360405, min_label=0, max_label=197, instance_name='p18.txt');0.5736040472984314;0.2349932938814163;0.7225127220153809;4.0150612790057494e-07;113.0;p18.txt;46.0;142.0;0.0
Data(x=[89, 1], edge_index=[2, 94], edge_attr=[94, 3], y=112.0, custom_label=0.56852794, min_label=0, max_label=197, instance_name='p18.txt');0.5685279369354248;0.2349932938814163;0.7225127220153809;4.0150612790057494e-07;112.0;p18.txt;46.0;142.0;0.0
Data(x=[89, 1], edge_index=[2, 94], edge_attr=[94, 3], y=111.0, custom_label=0.56345177, min_label=0, max_label=197, instance_name='p18.txt');0.5634517669677734;0.2349932938814163;0.7225127220153809;4.0150612790057494e-07;111.0;p18.txt;46.0;142.0;0.0
Data(x=[89, 1], edge_index=[2, 94], edge_attr=[94, 3], y=110.0, custom_label=0.55837566, min_label=0, max_label=197, instance_name='p18.txt');0.5583756566047668;0.2349932938814163;0.7225127220153809;4.0150612790057494e-07;110.0;p18.txt;46.0;142.0;0.0
Data(x=[89, 1], edge_index=[2, 94], edge_attr=[94, 3], y=109.0, custom_label=0.5532995, min_label=0, max_label=197, instance_name='p18.txt');0.5532994866371155;0.2349932938814163;0.7225127220153809;4.0150612790057494e-07;109.0;p18.txt;46.0;142.0;0.0
Data(x=[89, 1], edge_index=[2, 94], edge_attr=[94, 3], y=108.0, custom_label=0.5482234, min_label=0, max_label=197, instance_name='p18.txt');0.5482233762741089;0.2349932938814163;0.7225127220153809;4.0150612790057494e-07;108.0;p18.txt;46.0;142.0;0.0
Data(x=[89, 1], edge_index=[2, 94], edge_attr=[94, 3], y=107.0, custom_label=0.5431472, min_label=0, max_label=197, instance_name='p18.txt');0.5431472063064575;0.2349932938814163;0.7225127220153809;4.0150612790057494e-07;107.0;p18.txt;46.0;142.0;0.0
Data(x=[90, 1], edge_index=[2, 96], edge_attr=[96, 3], y=106.0, custom_label=0.53807104, min_label=0, max_label=197, instance_name='p18.txt');0.5380710363388062;0.2349932938814163;0.3612672686576843;4.0150612790057494e-07;106.0;p18.txt;46.0;71.0;0.0
Data(x=[89, 1], edge_index=[2, 94], edge_attr=[94, 3], y=105.0, custom_label=0.5329949, min_label=0, max_label=197, instance_name='p18.txt');0.5329949259757996;0.2349932938814163;0.7225127220153809;4.0150612790057494e-07;105.0;p18.txt;46.0;142.0;0.0
Data(x=[89, 1], edge_index=[2, 94], edge_attr=[94, 3], y=104.0, custom_label=0.52791876, min_label=0, max_label=197, instance_name='p18.txt');0.5279187560081482;0.2349932938814163;0.7225127220153809;4.0150612790057494e-07;104.0;p18.txt;46.0;142.0;0.0
Data(x=[89, 1], edge_index=[2, 94], edge_attr=[94, 3], y=103.0, custom_label=0.52284265, min_label=0, max_label=197, instance_name='p18.txt');0.5228426456451416;0.2349932938814163;0.7225127220153809;4.0150612790057494e-07;103.0;p18.txt;46.0;142.0;0.0
Data(x=[89, 1], edge_index=[2, 94], edge_attr=[94, 3], y=102.0, custom_label=0.5177665, min_label=0, max_label=197, instance_name='p18.txt');0.5177664756774902;0.2349932938814163;0.7225127220153809;4.0150612790057494e-07;102.0;p18.txt;46.0;142.0;0.0
Data(x=[89, 1], edge_index=[2, 94], edge_attr=[94, 3], y=101.0, custom_label=0.51269037, min_label=0, max_label=197, instance_name='p18.txt');0.5126903653144836;0.2349932938814163;0.7225127220153809;4.0150612790057494e-07;101.0;p18.txt;46.0;142.0;0.0
Data(x=[90, 1], edge_index=[2, 96], edge_attr=[96, 3], y=100.0, custom_label=0.5076142, min_label=0, max_label=197, instance_name='p18.txt');0.5076141953468323;0.2349932938814163;0.3612672686576843;4.0150612790057494e-07;100.0;p18.txt;46.0;71.0;0.0
Data(x=[90, 1], edge_index=[2, 96], edge_attr=[96, 3], y=99.0, custom_label=0.5025381, min_label=0, max_label=197, instance_name='p18.txt');0.5025380849838257;0.2349932938814163;0.3612672686576843;4.0150612790057494e-07;99.0;p18.txt;46.0;71.0;0.0
Data(x=[90, 1], edge_index=[2, 96], edge_attr=[96, 3], y=98.0, custom_label=0.49746192, min_label=0, max_label=197, instance_name='p18.txt');0.4974619150161743;0.2349932938814163;0.3612672686576843;4.0150612790057494e-07;98.0;p18.txt;46.0;71.0;0.0
Data(x=[90, 1], edge_index=[2, 96], edge_attr=[96, 3], y=97.0, custom_label=0.49238577, min_label=0, max_label=197, instance_name='p18.txt');0.4923857748508453;0.2349932938814163;0.3612672686576843;4.0150612790057494e-07;97.0;p18.txt;46.0;71.0;0.0
Data(x=[90, 1], edge_index=[2, 96], edge_attr=[96, 3], y=96.0, custom_label=0.48730963, min_label=0, max_label=197, instance_name='p18.txt');0.4873096346855163;0.2349932938814163;0.3612672686576843;4.0150612790057494e-07;96.0;p18.txt;46.0;71.0;0.0
Data(x=[90, 1], edge_index=[2, 96], edge_attr=[96, 3], y=95.0, custom_label=0.4822335, min_label=0, max_label=197, instance_name='p18.txt');0.4822334945201874;0.2349932938814163;0.3612672686576843;4.0150612790057494e-07;95.0;p18.txt;46.0;71.0;0.0
Data(x=[90, 1], edge_index=[2, 96], edge_attr=[96, 3], y=94.0, custom_label=0.47715735, min_label=0, max_label=197, instance_name='p18.txt');0.4771573543548584;0.2349932938814163;0.3612672686576843;4.0150612790057494e-07;94.0;p18.txt;46.0;71.0;0.0
Data(x=[90, 1], edge_index=[2, 96], edge_attr=[96, 3], y=93.0, custom_label=0.4720812, min_label=0, max_label=197, instance_name='p18.txt');0.4720812141895294;0.2349932938814163;0.3612672686576843;4.0150612790057494e-07;93.0;p18.txt;46.0;71.0;0.0
Data(x=[90, 1], edge_index=[2, 96], edge_attr=[96, 3], y=92.0, custom_label=0.46700507, min_label=0, max_label=197, instance_name='p18.txt');0.4670050740242004;0.2349932938814163;0.3612672686576843;4.0150612790057494e-07;92.0;p18.txt;46.0;71.0;0.0
Data(x=[90, 1], edge_index=[2, 96], edge_attr=[96, 3], y=91.0, custom_label=0.46192893, min_label=0, max_label=197, instance_name='p18.txt');0.4619289338588714;0.2349932938814163;0.3612672686576843;4.0150612790057494e-07;91.0;p18.txt;46.0;71.0;0.0
Data(x=[90, 1], edge_index=[2, 96], edge_attr=[96, 3], y=90.0, custom_label=0.4568528, min_label=0, max_label=197, instance_name='p18.txt');0.4568527936935425;0.2349932938814163;0.3612672686576843;4.0150612790057494e-07;90.0;p18.txt;46.0;71.0;0.0
Data(x=[90, 1], edge_index=[2, 96], edge_attr=[96, 3], y=89.0, custom_label=0.45177665, min_label=0, max_label=197, instance_name='p18.txt');0.4517766535282135;0.2349932938814163;0.3612672686576843;4.0150612790057494e-07;89.0;p18.txt;46.0;71.0;0.0
Data(x=[90, 1], edge_index=[2, 96], edge_attr=[96, 3], y=88.0, custom_label=0.4467005, min_label=0, max_label=197, instance_name='p18.txt');0.4467005133628845;0.2349932938814163;0.3612672686576843;4.0150612790057494e-07;88.0;p18.txt;46.0;71.0;0.0
Data(x=[90, 1], edge_index=[2, 96], edge_attr=[96, 3], y=87.0, custom_label=0.44162437, min_label=0, max_label=197, instance_name='p18.txt');0.4416243731975555;0.2349932938814163;0.3612672686576843;4.0150612790057494e-07;87.0;p18.txt;46.0;71.0;0.0
Data(x=[90, 1], edge_index=[2, 96], edge_attr=[96, 3], y=86.0, custom_label=0.43654823, min_label=0, max_label=197, instance_name='p18.txt');0.4365482330322265;0.2349932938814163;0.3612672686576843;4.0150612790057494e-07;86.0;p18.txt;46.0;71.0;0.0
Data(x=[90, 1], edge_index=[2, 96], edge_attr=[96, 3], y=85.0, custom_label=0.4314721, min_label=0, max_label=197, instance_name='p18.txt');0.4314720928668976;0.2349932938814163;0.3612672686576843;4.0150612790057494e-07;85.0;p18.txt;46.0;71.0;0.0
Data(x=[90, 1], edge_index=[2, 96], edge_attr=[96, 3], y=84.0, custom_label=0.42639595, min_label=0, max_label=197, instance_name='p18.txt');0.4263959527015686;0.2349932938814163;0.3612672686576843;4.0150612790057494e-07;84.0;p18.txt;46.0;71.0;0.0
Data(x=[90, 1], edge_index=[2, 96], edge_attr=[96, 3], y=83.0, custom_label=0.42131978, min_label=0, max_label=197, instance_name='p18.txt');0.4213197827339172;0.2349932938814163;0.3612672686576843;4.0150612790057494e-07;83.0;p18.txt;46.0;71.0;0.0
Data(x=[90, 1], edge_index=[2, 96], edge_attr=[96, 3], y=82.0, custom_label=0.41624364, min_label=0, max_label=197, instance_name='p18.txt');0.4162436425685882;0.2349932938814163;0.3612672686576843;4.0150612790057494e-07;82.0;p18.txt;46.0;71.0;0.0
Data(x=[90, 1], edge_index=[2, 96], edge_attr=[96, 3], y=81.0, custom_label=0.4111675, min_label=0, max_label=197, instance_name='p18.txt');0.4111675024032593;0.2349932938814163;0.3612672686576843;4.0150612790057494e-07;81.0;p18.txt;46.0;71.0;0.0
Data(x=[90, 1], edge_index=[2, 96], edge_attr=[96, 3], y=80.0, custom_label=0.40609136, min_label=0, max_label=197, instance_name='p18.txt');0.4060913622379303;0.2349932938814163;0.3612672686576843;4.0150612790057494e-07;80.0;p18.txt;46.0;71.0;0.0
Data(x=[90, 1], edge_index=[2, 96], edge_attr=[96, 3], y=79.0, custom_label=0.40101522, min_label=0, max_label=197, instance_name='p18.txt');0.4010152220726013;0.2349932938814163;0.3612672686576843;4.0150612790057494e-07;79.0;p18.txt;46.0;71.0;0.0
Data(x=[90, 1], edge_index=[2, 96], edge_attr=[96, 3], y=78.0, custom_label=0.39593908, min_label=0, max_label=197, instance_name='p18.txt');0.3959390819072723;0.2349932938814163;0.3612672686576843;4.0150612790057494e-07;78.0;p18.txt;46.0;71.0;0.0
Data(x=[90, 1], edge_index=[2, 96], edge_attr=[96, 3], y=77.0, custom_label=0.39086294, min_label=0, max_label=197, instance_name='p18.txt');0.3908629417419433;0.2349932938814163;0.3612672686576843;4.0150612790057494e-07;77.0;p18.txt;46.0;71.0;0.0
Data(x=[90, 1], edge_index=[2, 96], edge_attr=[96, 3], y=76.0, custom_label=0.3857868, min_label=0, max_label=197, instance_name='p18.txt');0.3857868015766144;0.2349932938814163;0.3612672686576843;4.0150612790057494e-07;76.0;p18.txt;46.0;71.0;0.0
Data(x=[90, 1], edge_index=[2, 96], edge_attr=[96, 3], y=75.0, custom_label=0.38071066, min_label=0, max_label=197, instance_name='p18.txt');0.3807106614112854;0.2349932938814163;0.3612672686576843;4.0150612790057494e-07;75.0;p18.txt;46.0;71.0;0.0
Data(x=[90, 1], edge_index=[2, 96], edge_attr=[96, 3], y=74.0, custom_label=0.37563452, min_label=0, max_label=197, instance_name='p18.txt');0.3756345212459564;0.2349932938814163;0.3612672686576843;4.0150612790057494e-07;74.0;p18.txt;46.0;71.0;0.0
Data(x=[90, 1], edge_index=[2, 96], edge_attr=[96, 3], y=73.0, custom_label=0.37055838, min_label=0, max_label=197, instance_name='p18.txt');0.3705583810806274;0.2349932938814163;0.3612672686576843;4.0150612790057494e-07;73.0;p18.txt;46.0;71.0;0.0
Data(x=[90, 1], edge_index=[2, 96], edge_attr=[96, 3], y=72.0, custom_label=0.36548224, min_label=0, max_label=197, instance_name='p18.txt');0.3654822409152984;0.2349932938814163;0.3612672686576843;4.0150612790057494e-07;72.0;p18.txt;46.0;71.0;0.0
Data(x=[90, 1], edge_index=[2, 96], edge_attr=[96, 3], y=71.0, custom_label=0.3604061, min_label=0, max_label=197, instance_name='p18.txt');0.3604061007499695;0.2349932938814163;0.3612672686576843;4.0150612790057494e-07;71.0;p18.txt;46.0;71.0;0.0
Data(x=[91, 1], edge_index=[2, 98], edge_attr=[98, 3], y=70.0, custom_label=0.35532996, min_label=0, max_label=197, instance_name='p18.txt');0.3553299605846405;0.2349932938814163;0.228569358587265;4.0150612790057494e-07;70.0;p18.txt;46.0;45.0;0.0
Data(x=[90, 1], edge_index=[2, 96], edge_attr=[96, 3], y=69.0, custom_label=0.35025382, min_label=0, max_label=197, instance_name='p18.txt');0.3502538204193115;0.2349932938814163;0.3612672686576843;4.0150612790057494e-07;69.0;p18.txt;46.0;71.0;0.0
Data(x=[90, 1], edge_index=[2, 96], edge_attr=[96, 3], y=68.0, custom_label=0.34517765, min_label=0, max_label=197, instance_name='p18.txt');0.3451776504516601;0.2349932938814163;0.3612672686576843;4.0150612790057494e-07;68.0;p18.txt;46.0;71.0;0.0
Data(x=[90, 1], edge_index=[2, 96], edge_attr=[96, 3], y=67.0, custom_label=0.3401015, min_label=0, max_label=197, instance_name='p18.txt');0.3401015102863312;0.2349932938814163;0.3612672686576843;4.0150612790057494e-07;67.0;p18.txt;46.0;71.0;0.0
Data(x=[90, 1], edge_index=[2, 96], edge_attr=[96, 3], y=66.0, custom_label=0.33502537, min_label=0, max_label=197, instance_name='p18.txt');0.3350253701210022;0.2349932938814163;0.3612672686576843;4.0150612790057494e-07;66.0;p18.txt;46.0;71.0;0.0
Data(x=[90, 1], edge_index=[2, 96], edge_attr=[96, 3], y=65.0, custom_label=0.32994923, min_label=0, max_label=197, instance_name='p18.txt');0.3299492299556732;0.2349932938814163;0.3612672686576843;4.0150612790057494e-07;65.0;p18.txt;46.0;71.0;0.0
Data(x=[90, 1], edge_index=[2, 96], edge_attr=[96, 3], y=64.0, custom_label=0.3248731, min_label=0, max_label=197, instance_name='p18.txt');0.3248730897903442;0.2349932938814163;0.3612672686576843;4.0150612790057494e-07;64.0;p18.txt;46.0;71.0;0.0
Data(x=[90, 1], edge_index=[2, 96], edge_attr=[96, 3], y=63.0, custom_label=0.31979695, min_label=0, max_label=197, instance_name='p18.txt');0.3197969496250152;0.2349932938814163;0.3612672686576843;4.0150612790057494e-07;63.0;p18.txt;46.0;71.0;0.0
Data(x=[90, 1], edge_index=[2, 96], edge_attr=[96, 3], y=62.0, custom_label=0.3147208, min_label=0, max_label=197, instance_name='p18.txt');0.3147208094596863;0.2349932938814163;0.3612672686576843;4.0150612790057494e-07;62.0;p18.txt;46.0;71.0;0.0
Data(x=[90, 1], edge_index=[2, 96], edge_attr=[96, 3], y=61.0, custom_label=0.30964467, min_label=0, max_label=197, instance_name='p18.txt');0.3096446692943573;0.2349932938814163;0.3612672686576843;4.0150612790057494e-07;61.0;p18.txt;46.0;71.0;0.0
Data(x=[90, 1], edge_index=[2, 96], edge_attr=[96, 3], y=60.0, custom_label=0.30456853, min_label=0, max_label=197, instance_name='p18.txt');0.3045685291290283;0.2349932938814163;0.3612672686576843;4.0150612790057494e-07;60.0;p18.txt;46.0;71.0;0.0
Data(x=[90, 1], edge_index=[2, 96], edge_attr=[96, 3], y=59.0, custom_label=0.2994924, min_label=0, max_label=197, instance_name='p18.txt');0.2994923889636993;0.2349932938814163;0.3612672686576843;4.0150612790057494e-07;59.0;p18.txt;46.0;71.0;0.0
Data(x=[90, 1], edge_index=[2, 96], edge_attr=[96, 3], y=58.0, custom_label=0.29441625, min_label=0, max_label=197, instance_name='p18.txt');0.2944162487983703;0.2349932938814163;0.3612672686576843;4.0150612790057494e-07;58.0;p18.txt;46.0;71.0;0.0
Data(x=[90, 1], edge_index=[2, 96], edge_attr=[96, 3], y=57.0, custom_label=0.2893401, min_label=0, max_label=197, instance_name='p18.txt');0.2893401086330414;0.2349932938814163;0.3612672686576843;4.0150612790057494e-07;57.0;p18.txt;46.0;71.0;0.0
Data(x=[90, 1], edge_index=[2, 96], edge_attr=[96, 3], y=56.0, custom_label=0.28426397, min_label=0, max_label=197, instance_name='p18.txt');0.2842639684677124;0.2349932938814163;0.3612672686576843;4.0150612790057494e-07;56.0;p18.txt;46.0;71.0;0.0
Data(x=[90, 1], edge_index=[2, 96], edge_attr=[96, 3], y=55.0, custom_label=0.27918783, min_label=0, max_label=197, instance_name='p18.txt');0.2791878283023834;0.2349932938814163;0.3612672686576843;4.0150612790057494e-07;55.0;p18.txt;46.0;71.0;0.0
Data(x=[91, 1], edge_index=[2, 98], edge_attr=[98, 3], y=54.0, custom_label=0.2741117, min_label=0, max_label=197, instance_name='p18.txt');0.2741116881370544;0.2349932938814163;0.228569358587265;4.0150612790057494e-07;54.0;p18.txt;46.0;45.0;0.0
Data(x=[92, 1], edge_index=[2, 100], edge_attr=[100, 3], y=53.0, custom_label=0.26903552, min_label=0, max_label=197, instance_name='p18.txt');0.2690355181694031;0.2349932938814163;0.1264302879571914;4.0150612790057494e-07;53.0;p18.txt;46.0;25.0;0.0
Data(x=[92, 1], edge_index=[2, 100], edge_attr=[100, 3], y=52.0, custom_label=0.26395938, min_label=0, max_label=197, instance_name='p18.txt');0.2639593780040741;0.2349932938814163;0.1264302879571914;4.0150612790057494e-07;52.0;p18.txt;46.0;25.0;0.0
Data(x=[92, 1], edge_index=[2, 100], edge_attr=[100, 3], y=51.0, custom_label=0.25888324, min_label=0, max_label=197, instance_name='p18.txt');0.2588832378387451;0.2349932938814163;0.1264302879571914;4.0150612790057494e-07;51.0;p18.txt;46.0;25.0;0.0
Data(x=[92, 1], edge_index=[2, 100], edge_attr=[100, 3], y=50.0, custom_label=0.2538071, min_label=0, max_label=197, instance_name='p18.txt');0.2538070976734161;0.2349932938814163;0.1264302879571914;4.0150612790057494e-07;50.0;p18.txt;46.0;25.0;0.0
Data(x=[92, 1], edge_index=[2, 100], edge_attr=[100, 3], y=49.0, custom_label=0.24873096, min_label=0, max_label=197, instance_name='p18.txt');0.2487309575080871;0.2349932938814163;0.1264302879571914;4.0150612790057494e-07;49.0;p18.txt;46.0;25.0;0.0
Data(x=[92, 1], edge_index=[2, 100], edge_attr=[100, 3], y=48.0, custom_label=0.24365482, min_label=0, max_label=197, instance_name='p18.txt');0.2436548173427581;0.2349932938814163;0.1264302879571914;4.0150612790057494e-07;48.0;p18.txt;46.0;25.0;0.0
Data(x=[92, 1], edge_index=[2, 100], edge_attr=[100, 3], y=47.0, custom_label=0.23857868, min_label=0, max_label=197, instance_name='p18.txt');0.2385786771774292;0.2349932938814163;0.1264302879571914;4.0150612790057494e-07;47.0;p18.txt;46.0;25.0;0.0
Data(x=[92, 1], edge_index=[2, 100], edge_attr=[100, 3], y=46.0, custom_label=0.23350254, min_label=0, max_label=197, instance_name='p18.txt');0.2335025370121002;0.2349932938814163;0.1264302879571914;4.0150612790057494e-07;46.0;p18.txt;46.0;25.0;0.0
Data(x=[92, 1], edge_index=[2, 100], edge_attr=[100, 3], y=45.0, custom_label=0.2284264, min_label=0, max_label=197, instance_name='p18.txt');0.2284263968467712;0.2349932938814163;0.1264302879571914;4.0150612790057494e-07;45.0;p18.txt;46.0;25.0;0.0
Data(x=[92, 1], edge_index=[2, 100], edge_attr=[100, 3], y=44.0, custom_label=0.22335026, min_label=0, max_label=197, instance_name='p18.txt');0.2233502566814422;0.2349932938814163;0.1264302879571914;4.0150612790057494e-07;44.0;p18.txt;46.0;25.0;0.0
Data(x=[92, 1], edge_index=[2, 100], edge_attr=[100, 3], y=43.0, custom_label=0.21827412, min_label=0, max_label=197, instance_name='p18.txt');0.2182741165161132;0.2349932938814163;0.1264302879571914;4.0150612790057494e-07;43.0;p18.txt;46.0;25.0;0.0
Data(x=[92, 1], edge_index=[2, 100], edge_attr=[100, 3], y=42.0, custom_label=0.21319798, min_label=0, max_label=197, instance_name='p18.txt');0.2131979763507843;0.2349932938814163;0.1264302879571914;4.0150612790057494e-07;42.0;p18.txt;46.0;25.0;0.0
Data(x=[92, 1], edge_index=[2, 100], edge_attr=[100, 3], y=41.0, custom_label=0.20812182, min_label=0, max_label=197, instance_name='p18.txt');0.2081218212842941;0.2349932938814163;0.1264302879571914;4.0150612790057494e-07;41.0;p18.txt;46.0;25.0;0.0
Data(x=[92, 1], edge_index=[2, 100], edge_attr=[100, 3], y=40.0, custom_label=0.20304568, min_label=0, max_label=197, instance_name='p18.txt');0.2030456811189651;0.2349932938814163;0.1264302879571914;4.0150612790057494e-07;40.0;p18.txt;46.0;25.0;0.0
Data(x=[92, 1], edge_index=[2, 100], edge_attr=[100, 3], y=39.0, custom_label=0.19796954, min_label=0, max_label=197, instance_name='p18.txt');0.1979695409536361;0.2349932938814163;0.1264302879571914;4.0150612790057494e-07;39.0;p18.txt;46.0;25.0;0.0
Data(x=[92, 1], edge_index=[2, 100], edge_attr=[100, 3], y=38.0, custom_label=0.1928934, min_label=0, max_label=197, instance_name='p18.txt');0.1928934007883072;0.2349932938814163;0.1264302879571914;4.0150612790057494e-07;38.0;p18.txt;46.0;25.0;0.0
Data(x=[92, 1], edge_index=[2, 100], edge_attr=[100, 3], y=37.0, custom_label=0.18781726, min_label=0, max_label=197, instance_name='p18.txt');0.1878172606229782;0.2349932938814163;0.1264302879571914;4.0150612790057494e-07;37.0;p18.txt;46.0;25.0;0.0
Data(x=[92, 1], edge_index=[2, 100], edge_attr=[100, 3], y=36.0, custom_label=0.18274112, min_label=0, max_label=197, instance_name='p18.txt');0.1827411204576492;0.2349932938814163;0.1264302879571914;4.0150612790057494e-07;36.0;p18.txt;46.0;25.0;0.0
Data(x=[92, 1], edge_index=[2, 100], edge_attr=[100, 3], y=35.0, custom_label=0.17766498, min_label=0, max_label=197, instance_name='p18.txt');0.1776649802923202;0.2349932938814163;0.1264302879571914;4.0150612790057494e-07;35.0;p18.txt;46.0;25.0;0.0
Data(x=[92, 1], edge_index=[2, 100], edge_attr=[100, 3], y=34.0, custom_label=0.17258883, min_label=0, max_label=197, instance_name='p18.txt');0.17258882522583;0.2349932938814163;0.1264302879571914;4.0150612790057494e-07;34.0;p18.txt;46.0;25.0;0.0
Data(x=[92, 1], edge_index=[2, 100], edge_attr=[100, 3], y=33.0, custom_label=0.16751269, min_label=0, max_label=197, instance_name='p18.txt');0.1675126850605011;0.2349932938814163;0.1264302879571914;4.0150612790057494e-07;33.0;p18.txt;46.0;25.0;0.0
Data(x=[92, 1], edge_index=[2, 100], edge_attr=[100, 3], y=32.0, custom_label=0.16243654, min_label=0, max_label=197, instance_name='p18.txt');0.1624365448951721;0.2349932938814163;0.1264302879571914;4.0150612790057494e-07;32.0;p18.txt;46.0;25.0;0.0
Data(x=[92, 1], edge_index=[2, 100], edge_attr=[100, 3], y=31.0, custom_label=0.1573604, min_label=0, max_label=197, instance_name='p18.txt');0.1573604047298431;0.2349932938814163;0.1264302879571914;4.0150612790057494e-07;31.0;p18.txt;46.0;25.0;0.0
Data(x=[92, 1], edge_index=[2, 100], edge_attr=[100, 3], y=30.0, custom_label=0.15228426, min_label=0, max_label=197, instance_name='p18.txt');0.1522842645645141;0.2349932938814163;0.1264302879571914;4.0150612790057494e-07;30.0;p18.txt;46.0;25.0;0.0
Data(x=[92, 1], edge_index=[2, 100], edge_attr=[100, 3], y=29.0, custom_label=0.14720812, min_label=0, max_label=197, instance_name='p18.txt');0.1472081243991851;0.2349932938814163;0.1264302879571914;4.0150612790057494e-07;29.0;p18.txt;46.0;25.0;0.0
Data(x=[92, 1], edge_index=[2, 100], edge_attr=[100, 3], y=28.0, custom_label=0.14213198, min_label=0, max_label=197, instance_name='p18.txt');0.1421319842338562;0.2349932938814163;0.1264302879571914;4.0150612790057494e-07;28.0;p18.txt;46.0;25.0;0.0
Data(x=[92, 1], edge_index=[2, 100], edge_attr=[100, 3], y=27.0, custom_label=0.13705584, min_label=0, max_label=197, instance_name='p18.txt');0.1370558440685272;0.2349932938814163;0.1264302879571914;4.0150612790057494e-07;27.0;p18.txt;46.0;25.0;0.0
Data(x=[92, 1], edge_index=[2, 100], edge_attr=[100, 3], y=26.0, custom_label=0.13197969, min_label=0, max_label=197, instance_name='p18.txt');0.131979689002037;0.2349932938814163;0.1264302879571914;4.0150612790057494e-07;26.0;p18.txt;46.0;25.0;0.0
Data(x=[92, 1], edge_index=[2, 100], edge_attr=[100, 3], y=25.0, custom_label=0.12690355, min_label=0, max_label=197, instance_name='p18.txt');0.126903548836708;0.2349932938814163;0.1264302879571914;4.0150612790057494e-07;25.0;p18.txt;46.0;25.0;0.0
Data(x=[92, 1], edge_index=[2, 100], edge_attr=[100, 3], y=24.0, custom_label=0.12182741, min_label=0, max_label=197, instance_name='p18.txt');0.121827408671379;0.2349932938814163;0.1264302879571914;4.0150612790057494e-07;24.0;p18.txt;46.0;25.0;0.0
Data(x=[92, 1], edge_index=[2, 100], edge_attr=[100, 3], y=23.0, custom_label=0.11675127, min_label=0, max_label=197, instance_name='p18.txt');0.1167512685060501;0.2349932938814163;0.1264302879571914;4.0150612790057494e-07;23.0;p18.txt;46.0;25.0;0.0
Data(x=[92, 1], edge_index=[2, 100], edge_attr=[100, 3], y=22.0, custom_label=0.11167513, min_label=0, max_label=197, instance_name='p18.txt');0.1116751283407211;0.2349932938814163;0.1264302879571914;4.0150612790057494e-07;22.0;p18.txt;46.0;25.0;0.0
Data(x=[92, 1], edge_index=[2, 100], edge_attr=[100, 3], y=21.0, custom_label=0.10659899, min_label=0, max_label=197, instance_name='p18.txt');0.1065989881753921;0.2349932938814163;0.1264302879571914;4.0150612790057494e-07;21.0;p18.txt;46.0;25.0;0.0
Data(x=[92, 1], edge_index=[2, 100], edge_attr=[100, 3], y=20.0, custom_label=0.10152284, min_label=0, max_label=197, instance_name='p18.txt');0.1015228405594825;0.2349932938814163;0.1264302879571914;4.0150612790057494e-07;20.0;p18.txt;46.0;25.0;0.0
Data(x=[92, 1], edge_index=[2, 100], edge_attr=[100, 3], y=19.0, custom_label=0.0964467, min_label=0, max_label=197, instance_name='p18.txt');0.0964467003941536;0.2349932938814163;0.1264302879571914;4.0150612790057494e-07;19.0;p18.txt;46.0;25.0;0.0
Data(x=[92, 1], edge_index=[2, 100], edge_attr=[100, 3], y=18.0, custom_label=0.09137056, min_label=0, max_label=197, instance_name='p18.txt');0.0913705602288246;0.2349932938814163;0.1264302879571914;4.0150612790057494e-07;18.0;p18.txt;46.0;25.0;0.0
Data(x=[91, 1], edge_index=[2, 98], edge_attr=[98, 3], y=17.0, custom_label=0.08629441, min_label=0, max_label=197, instance_name='p18.txt');0.086294412612915;0.2349932938814163;0.228569358587265;4.0150612790057494e-07;17.0;p18.txt;46.0;45.0;0.0
Data(x=[91, 1], edge_index=[2, 98], edge_attr=[98, 3], y=16.0, custom_label=0.08121827, min_label=0, max_label=197, instance_name='p18.txt');0.081218272447586;0.2349932938814163;0.228569358587265;4.0150612790057494e-07;16.0;p18.txt;46.0;45.0;0.0
Data(x=[91, 1], edge_index=[2, 98], edge_attr=[98, 3], y=15.0, custom_label=0.07614213, min_label=0, max_label=197, instance_name='p18.txt');0.076142132282257;0.2349932938814163;0.228569358587265;4.0150612790057494e-07;15.0;p18.txt;46.0;45.0;0.0
Data(x=[91, 1], edge_index=[2, 98], edge_attr=[98, 3], y=14.0, custom_label=0.07106599, min_label=0, max_label=197, instance_name='p18.txt');0.0710659921169281;0.2349932938814163;0.228569358587265;4.0150612790057494e-07;14.0;p18.txt;46.0;45.0;0.0
Data(x=[91, 1], edge_index=[2, 98], edge_attr=[98, 3], y=13.0, custom_label=0.065989845, min_label=0, max_label=197, instance_name='p18.txt');0.0659898445010185;0.2349932938814163;0.228569358587265;4.0150612790057494e-07;13.0;p18.txt;46.0;45.0;0.0
Data(x=[91, 1], edge_index=[2, 98], edge_attr=[98, 3], y=12.0, custom_label=0.060913704, min_label=0, max_label=197, instance_name='p18.txt');0.0609137043356895;0.2349932938814163;0.228569358587265;4.0150612790057494e-07;12.0;p18.txt;46.0;45.0;0.0
Data(x=[91, 1], edge_index=[2, 98], edge_attr=[98, 3], y=11.0, custom_label=0.055837564, min_label=0, max_label=197, instance_name='p18.txt');0.0558375641703605;0.2349932938814163;0.228569358587265;4.0150612790057494e-07;11.0;p18.txt;46.0;45.0;0.0
Data(x=[91, 1], edge_index=[2, 98], edge_attr=[98, 3], y=10.0, custom_label=0.05076142, min_label=0, max_label=197, instance_name='p18.txt');0.0507614202797412;0.2349932938814163;0.228569358587265;4.0150612790057494e-07;10.0;p18.txt;46.0;45.0;0.0
Data(x=[91, 1], edge_index=[2, 98], edge_attr=[98, 3], y=9.0, custom_label=0.04568528, min_label=0, max_label=197, instance_name='p18.txt');0.0456852801144123;0.2349932938814163;0.228569358587265;4.0150612790057494e-07;9.0;p18.txt;46.0;45.0;0.0
Data(x=[91, 1], edge_index=[2, 98], edge_attr=[98, 3], y=8.0, custom_label=0.040609136, min_label=0, max_label=197, instance_name='p18.txt');0.040609136223793;0.2349932938814163;0.228569358587265;4.0150612790057494e-07;8.0;p18.txt;46.0;45.0;0.0
Data(x=[91, 1], edge_index=[2, 98], edge_attr=[98, 3], y=7.0, custom_label=0.035532996, min_label=0, max_label=197, instance_name='p18.txt');0.035532996058464;0.2349932938814163;0.228569358587265;4.0150612790057494e-07;7.0;p18.txt;46.0;45.0;0.0
Data(x=[91, 1], edge_index=[2, 98], edge_attr=[98, 3], y=6.0, custom_label=0.030456852, min_label=0, max_label=197, instance_name='p18.txt');0.0304568521678447;0.2349932938814163;0.228569358587265;4.0150612790057494e-07;6.0;p18.txt;46.0;45.0;0.0
Data(x=[91, 1], edge_index=[2, 98], edge_attr=[98, 3], y=5.0, custom_label=0.02538071, min_label=0, max_label=197, instance_name='p18.txt');0.0253807101398706;0.2349932938814163;0.228569358587265;4.0150612790057494e-07;5.0;p18.txt;46.0;45.0;0.0
Data(x=[91, 1], edge_index=[2, 98], edge_attr=[98, 3], y=4.0, custom_label=0.020304568, min_label=0, max_label=197, instance_name='p18.txt');0.0203045681118965;0.2349932938814163;0.228569358587265;4.0150612790057494e-07;4.0;p18.txt;46.0;45.0;0.0
Data(x=[92, 1], edge_index=[2, 100], edge_attr=[100, 3], y=3.0, custom_label=0.015228426, min_label=0, max_label=197, instance_name='p18.txt');0.0152284260839223;0.2349932938814163;0.1264302879571914;4.0150612790057494e-07;3.0;p18.txt;46.0;25.0;0.0
Data(x=[92, 1], edge_index=[2, 100], edge_attr=[100, 3], y=2.0, custom_label=0.010152284, min_label=0, max_label=197, instance_name='p18.txt');0.0101522840559482;0.2349932938814163;0.1264302879571914;4.0150612790057494e-07;2.0;p18.txt;46.0;25.0;0.0
Data(x=[92, 1], edge_index=[2, 100], edge_attr=[100, 3], y=1.0, custom_label=0.005076142, min_label=0, max_label=197, instance_name='p18.txt');0.0050761420279741;0.2349932938814163;0.1264302879571914;4.0150612790057494e-07;1.0;p18.txt;46.0;25.0;0.0
Data(x=[93, 1], edge_index=[2, 102], edge_attr=[102, 3], y=0.0, custom_label=0.0, min_label=0, max_label=197, instance_name='p18.txt');0.0;0.2349932938814163;0.0032892299350351;4.0150612790057494e-07;0.0;p18.txt;46.0;1.0;0.0
Data(x=[46, 1], edge_index=[2, 60], edge_attr=[60, 3], y=0.0, custom_label=0.0, min_label=0, max_label=8, instance_name='p19.txt');0.0;0.2349932938814163;3.6586468468158273e-06;0.0;0.0;p19.txt;2.0;0.0;0.0
Data(x=[41, 1], edge_index=[2, 54], edge_attr=[54, 3], y=0.0, custom_label=0.0, min_label=0, max_label=8, instance_name='p19.txt');0.0;0.2349932938814163;1.085260919353459e-05;4.0150612790057494e-07;0.0;p19.txt;2.0;0.0;0.0
Data(x=[53, 1], edge_index=[2, 64], edge_attr=[64, 3], y=0.0, custom_label=0.0, min_label=0, max_label=8, instance_name='p19.txt');0.0;0.2349932938814163;2.972539368784055e-05;0.0;0.0;p19.txt;2.0;0.0;0.0
Data(x=[48, 1], edge_index=[2, 60], edge_attr=[60, 3], y=0.0, custom_label=0.0, min_label=0, max_label=8, instance_name='p19.txt');0.0;0.2349932938814163;9.70937526290072e-06;0.0;0.0;p19.txt;2.0;0.0;0.0
Data(x=[43, 1], edge_index=[2, 54], edge_attr=[54, 3], y=0.0, custom_label=0.0, min_label=0, max_label=8, instance_name='p19.txt');0.0;0.2349932938814163;3.564082135198987e-06;0.0;0.0;p19.txt;2.0;0.0;0.0
Data(x=[47, 1], edge_index=[2, 58], edge_attr=[58, 3], y=0.0, custom_label=0.0, min_label=0, max_label=8, instance_name='p19.txt');0.0;0.2349932938814163;5.9655143559211865e-05;0.0;0.0;p19.txt;2.0;0.0;0.0
Data(x=[52, 1], edge_index=[2, 64], edge_attr=[64, 3], y=0.0, custom_label=0.0, min_label=0, max_label=8, instance_name='p19.txt');0.0;0.2349932938814163;1.9628887457656677e-05;0.0;0.0;p19.txt;2.0;0.0;0.0
Data(x=[41, 1], edge_index=[2, 54], edge_attr=[54, 3], y=0.0, custom_label=0.0, min_label=0, max_label=8, instance_name='p19.txt');0.0;0.2349932938814163;7.663977186211923e-08;0.0;0.0;p19.txt;2.0;0.0;0.0
Data(x=[50, 1], edge_index=[2, 62], edge_attr=[62, 3], y=0.0, custom_label=0.0, min_label=0, max_label=8, instance_name='p19.txt');0.0;0.2349932938814163;1.1090272522551461e-07;4.0150612790057494e-07;0.0;p19.txt;2.0;0.0;0.0
Data(x=[58, 1], edge_index=[2, 70], edge_attr=[70, 3], y=0.0, custom_label=0.0, min_label=0, max_label=8, instance_name='p19.txt');0.0;0.2349932938814163;0.0001888296683318;4.0150612790057494e-07;0.0;p19.txt;2.0;0.0;0.0
Data(x=[48, 1], edge_index=[2, 58], edge_attr=[58, 3], y=6.0, custom_label=0.75, min_label=0, max_label=8, instance_name='p19.txt');0.75;0.2349932938814163;0.2268417030572891;4.0150612790057494e-07;6.0;p19.txt;2.0;2.0;0.0
Data(x=[48, 1], edge_index=[2, 58], edge_attr=[58, 3], y=5.0, custom_label=0.625, min_label=0, max_label=8, instance_name='p19.txt');0.625;0.2349932938814163;0.2021384388208389;4.0150612790057494e-07;5.0;p19.txt;2.0;2.0;0.0
Data(x=[49, 1], edge_index=[2, 60], edge_attr=[60, 3], y=4.0, custom_label=0.5, min_label=0, max_label=8, instance_name='p19.txt');0.5;0.2349932938814163;0.0368569195270538;0.0;4.0;p19.txt;2.0;0.0;0.0
Data(x=[48, 1], edge_index=[2, 58], edge_attr=[58, 3], y=3.0, custom_label=0.375, min_label=0, max_label=8, instance_name='p19.txt');0.375;0.2349932938814163;0.0365162752568721;0.0;3.0;p19.txt;2.0;0.0;0.0
Data(x=[48, 1], edge_index=[2, 58], edge_attr=[58, 3], y=2.0, custom_label=0.25, min_label=0, max_label=8, instance_name='p19.txt');0.25;0.2349932938814163;0.0660603269934654;0.0;2.0;p19.txt;2.0;1.0;0.0
Data(x=[48, 1], edge_index=[2, 58], edge_attr=[58, 3], y=1.0, custom_label=0.125, min_label=0, max_label=8, instance_name='p19.txt');0.125;0.2349932938814163;0.0729438737034797;0.0;1.0;p19.txt;2.0;1.0;0.0
Data(x=[49, 1], edge_index=[2, 60], edge_attr=[60, 3], y=0.0, custom_label=0.0, min_label=0, max_label=8, instance_name='p19.txt');0.0;0.2349932938814163;2.3904285626485944e-06;0.0;0.0;p19.txt;2.0;0.0;0.0
Data(x=[57, 1], edge_index=[2, 68], edge_attr=[68, 3], y=0.0, custom_label=0.0, min_label=0, max_label=8, instance_name='p19.txt');0.0;0.2349932938814163;0.0002146813058061;4.0150612790057494e-07;0.0;p19.txt;2.0;0.0;0.0
Data(x=[58, 1], edge_index=[2, 68], edge_attr=[68, 3], y=0.0, custom_label=0.0, min_label=0, max_label=8, instance_name='p19.txt');0.0;0.2349932938814163;0.000300983141642;0.0;0.0;p19.txt;2.0;0.0;0.0
Data(x=[41, 1], edge_index=[2, 54], edge_attr=[54, 3], y=0.0, custom_label=0.0, min_label=0, max_label=8, instance_name='p19.txt');0.0;0.2349932938814163;1.4872814517730149e-06;4.0150612790057494e-07;0.0;p19.txt;2.0;0.0;0.0
Data(x=[36, 1], edge_index=[2, 46], edge_attr=[46, 3], y=0.0, custom_label=0.0, min_label=0, max_label=8, instance_name='p19.txt');0.0;0.2349932938814163;9.503509318165015e-06;0.0;0.0;p19.txt;2.0;0.0;0.0
Data(x=[45, 1], edge_index=[2, 56], edge_attr=[56, 3], y=0.0, custom_label=0.0, min_label=0, max_label=8, instance_name='p19.txt');0.0;0.2349932938814163;4.855936026615382e-07;4.0150612790057494e-07;0.0;p19.txt;2.0;0.0;0.0
Data(x=[49, 1], edge_index=[2, 62], edge_attr=[62, 3], y=0.0, custom_label=0.0, min_label=0, max_label=8, instance_name='p19.txt');0.0;0.2349932938814163;7.550152645308117e-07;0.0;0.0;p19.txt;2.0;0.0;0.0
Data(x=[52, 1], edge_index=[2, 64], edge_attr=[64, 3], y=0.0, custom_label=0.0, min_label=0, max_label=8, instance_name='p19.txt');0.0;0.2349932938814163;9.277494973503052e-05;0.0;0.0;p19.txt;2.0;0.0;0.0
Data(x=[48, 1], edge_index=[2, 58], edge_attr=[58, 3], y=0.0, custom_label=0.0, min_label=0, max_label=8, instance_name='p19.txt');0.0;0.2349932938814163;9.158372995443642e-05;0.0;0.0;p19.txt;2.0;0.0;0.0
Data(x=[51, 1], edge_index=[2, 62], edge_attr=[62, 3], y=0.0, custom_label=0.0, min_label=0, max_label=8, instance_name='p19.txt');0.0;0.2349932938814163;2.167241655115504e-05;0.0;0.0;p19.txt;2.0;0.0;0.0
Data(x=[59, 1], edge_index=[2, 70], edge_attr=[70, 3], y=0.0, custom_label=0.0, min_label=0, max_label=8, instance_name='p19.txt');0.0;0.2349932938814163;5.616696216748096e-05;4.0150612790057494e-07;0.0;p19.txt;2.0;0.0;0.0
Data(x=[56, 1], edge_index=[2, 66], edge_attr=[66, 3], y=0.0, custom_label=0.0, min_label=0, max_label=8, instance_name='p19.txt');0.0;0.2349932938814163;5.827053610119037e-05;4.0150612790057494e-07;0.0;p19.txt;2.0;0.0;0.0
Data(x=[64, 1], edge_index=[2, 78], edge_attr=[78, 3], y=0.0, custom_label=0.0, min_label=0, max_label=8, instance_name='p19.txt');0.0;0.2349932938814163;9.557496923662256e-06;4.0150612790057494e-07;0.0;p19.txt;2.0;0.0;0.0
Data(x=[57, 1], edge_index=[2, 70], edge_attr=[70, 3], y=0.0, custom_label=0.0, min_label=0, max_label=8, instance_name='p19.txt');0.0;0.2349932938814163;3.255452975281514e-05;0.0;0.0;p19.txt;2.0;0.0;0.0
Data(x=[45, 1], edge_index=[2, 54], edge_attr=[54, 3], y=0.0, custom_label=0.0, min_label=0, max_label=8, instance_name='p19.txt');0.0;0.2349932938814163;7.811580144334584e-05;4.0150612790057494e-07;0.0;p19.txt;2.0;0.0;0.0
Data(x=[50, 1], edge_index=[2, 60], edge_attr=[60, 3], y=0.0, custom_label=0.0, min_label=0, max_label=8, instance_name='p19.txt');0.0;0.2349932938814163;0.0001205553489853;4.0150612790057494e-07;0.0;p19.txt;2.0;0.0;0.0
Data(x=[42, 1], edge_index=[2, 54], edge_attr=[54, 3], y=0.0, custom_label=0.0, min_label=0, max_label=8, instance_name='p19.txt');0.0;0.2349932938814163;2.650392161740456e-06;4.0150612790057494e-07;0.0;p19.txt;2.0;0.0;0.0
Data(x=[44, 1], edge_index=[2, 56], edge_attr=[56, 3], y=0.0, custom_label=0.0, min_label=0, max_label=8, instance_name='p19.txt');0.0;0.2349932938814163;4.130095021537272e-07;0.0;0.0;p19.txt;2.0;0.0;0.0
Data(x=[43, 1], edge_index=[2, 54], edge_attr=[54, 3], y=0.0, custom_label=0.0, min_label=0, max_label=8, instance_name='p19.txt');0.0;0.2349932938814163;2.756031847184204e-07;4.0150612790057494e-07;0.0;p19.txt;2.0;0.0;0.0
Data(x=[44, 1], edge_index=[2, 54], edge_attr=[54, 3], y=2.0, custom_label=0.25, min_label=0, max_label=8, instance_name='p19.txt');0.25;0.2349932938814163;0.0222863350063562;0.0;2.0;p19.txt;2.0;0.0;0.0
Data(x=[43, 1], edge_index=[2, 52], edge_attr=[52, 3], y=1.0, custom_label=0.125, min_label=0, max_label=8, instance_name='p19.txt');0.125;0.2349932938814163;0.1027174219489097;0.0;1.0;p19.txt;2.0;1.0;0.0
Data(x=[44, 1], edge_index=[2, 54], edge_attr=[54, 3], y=0.0, custom_label=0.0, min_label=0, max_label=8, instance_name='p19.txt');0.0;0.2349932938814163;4.924222594127059e-05;0.0;0.0;p19.txt;2.0;0.0;0.0
Data(x=[52, 1], edge_index=[2, 64], edge_attr=[64, 3], y=0.0, custom_label=0.0, min_label=0, max_label=8, instance_name='p19.txt');0.0;0.2349932938814163;9.277494973503052e-05;0.0;0.0;p19.txt;2.0;0.0;0.0
Data(x=[56, 1], edge_index=[2, 68], edge_attr=[68, 3], y=0.0, custom_label=0.0, min_label=0, max_label=8, instance_name='p19.txt');0.0;0.2349932938814163;3.595053203753196e-05;4.0150612790057494e-07;0.0;p19.txt;2.0;0.0;0.0
Data(x=[49, 1], edge_index=[2, 60], edge_attr=[60, 3], y=0.0, custom_label=0.0, min_label=0, max_label=8, instance_name='p19.txt');0.0;0.2349932938814163;8.020852692425251e-05;0.0;0.0;p19.txt;2.0;0.0;0.0
Data(x=[50, 1], edge_index=[2, 62], edge_attr=[62, 3], y=0.0, custom_label=0.0, min_label=0, max_label=8, instance_name='p19.txt');0.0;0.2349932938814163;1.3986880730954e-05;0.0;0.0;p19.txt;2.0;0.0;0.0
Data(x=[49, 1], edge_index=[2, 60], edge_attr=[60, 3], y=0.0, custom_label=0.0, min_label=0, max_label=8, instance_name='p19.txt');0.0;0.2349932938814163;8.020852692425251e-05;4.0150612790057494e-07;0.0;p19.txt;2.0;0.0;0.0
Data(x=[55, 1], edge_index=[2, 66], edge_attr=[66, 3], y=0.0, custom_label=0.0, min_label=0, max_label=8, instance_name='p19.txt');0.0;0.2349932938814163;0.0001721061853459;4.0150612790057494e-07;0.0;p19.txt;2.0;0.0;0.0
Data(x=[51, 1], edge_index=[2, 64], edge_attr=[64, 3], y=0.0, custom_label=0.0, min_label=0, max_label=8, instance_name='p19.txt');0.0;0.2349932938814163;1.2761597645294389e-05;0.0;0.0;p19.txt;2.0;0.0;0.0
Data(x=[49, 1], edge_index=[2, 58], edge_attr=[58, 3], y=0.0, custom_label=0.0, min_label=0, max_label=8, instance_name='p19.txt');0.0;0.2349932938814163;0.000138530289405;4.0150612790057494e-07;0.0;p19.txt;2.0;0.0;0.0
Data(x=[54, 1], edge_index=[2, 66], edge_attr=[66, 3], y=0.0, custom_label=0.0, min_label=0, max_label=8, instance_name='p19.txt');0.0;0.2349932938814163;0.0001196049706777;4.0150612790057494e-07;0.0;p19.txt;2.0;0.0;0.0
Data(x=[57, 1], edge_index=[2, 70], edge_attr=[70, 3], y=0.0, custom_label=0.0, min_label=0, max_label=8, instance_name='p19.txt');0.0;0.2349932938814163;3.255452975281514e-05;0.0;0.0;p19.txt;2.0;0.0;0.0
Data(x=[48, 1], edge_index=[2, 60], edge_attr=[60, 3], y=0.0, custom_label=0.0, min_label=0, max_label=8, instance_name='p19.txt');0.0;0.2349932938814163;9.70937526290072e-06;0.0;0.0;p19.txt;2.0;0.0;0.0
Data(x=[44, 1], edge_index=[2, 54], edge_attr=[54, 3], y=0.0, custom_label=0.0, min_label=0, max_label=8, instance_name='p19.txt');0.0;0.2349932938814163;4.924227323499508e-05;0.0;0.0;p19.txt;2.0;0.0;0.0
Data(x=[57, 1], edge_index=[2, 70], edge_attr=[70, 3], y=0.0, custom_label=0.0, min_label=0, max_label=8, instance_name='p19.txt');0.0;0.2349932938814163;3.919685241271509e-06;4.0150612790057494e-07;0.0;p19.txt;2.0;0.0;0.0
Data(x=[36, 1], edge_index=[2, 48], edge_attr=[48, 3], y=0.0, custom_label=0.0, min_label=0, max_label=8, instance_name='p19.txt');0.0;0.2349932938814163;3.6264470537616944e-08;0.0;0.0;p19.txt;2.0;0.0;0.0
Data(x=[53, 1], edge_index=[2, 66], edge_attr=[66, 3], y=0.0, custom_label=0.0, min_label=0, max_label=8, instance_name='p19.txt');0.0;0.2349932938814163;1.7844611647888087e-05;0.0;0.0;p19.txt;2.0;0.0;0.0
Data(x=[52, 1], edge_index=[2, 64], edge_attr=[64, 3], y=0.0, custom_label=0.0, min_label=0, max_label=8, instance_name='p19.txt');0.0;0.2349932938814163;9.277512435801329e-05;0.0;0.0;p19.txt;2.0;0.0;0.0
Data(x=[52, 1], edge_index=[2, 64], edge_attr=[64, 3], y=0.0, custom_label=0.0, min_label=0, max_label=8, instance_name='p19.txt');0.0;0.2349932938814163;9.277494973503052e-05;0.0;0.0;p19.txt;2.0;0.0;0.0
Data(x=[35, 1], edge_index=[2, 44], edge_attr=[44, 3], y=0.0, custom_label=0.0, min_label=0, max_label=8, instance_name='p19.txt');0.0;0.2349932938814163;1.0710370588640217e-05;4.0150612790057494e-07;0.0;p19.txt;2.0;0.0;0.0
Data(x=[39, 1], edge_index=[2, 50], edge_attr=[50, 3], y=0.0, custom_label=0.0, min_label=0, max_label=8, instance_name='p19.txt');0.0;0.2349932938814163;1.2013455830128805e-07;4.0150612790057494e-07;0.0;p19.txt;2.0;0.0;0.0
Data(x=[47, 1], edge_index=[2, 58], edge_attr=[58, 3], y=0.0, custom_label=0.0, min_label=0, max_label=8, instance_name='p19.txt');0.0;0.2349932938814163;1.0637710147420876e-05;0.0;0.0;p19.txt;2.0;0.0;0.0
Data(x=[44, 1], edge_index=[2, 54], edge_attr=[54, 3], y=0.0, custom_label=0.0, min_label=0, max_label=8, instance_name='p19.txt');0.0;0.2349932938814163;4.924227323499508e-05;0.0;0.0;p19.txt;2.0;0.0;0.0
Data(x=[47, 1], edge_index=[2, 58], edge_attr=[58, 3], y=0.0, custom_label=0.0, min_label=0, max_label=8, instance_name='p19.txt');0.0;0.2349932938814163;5.965502714389004e-05;0.0;0.0;p19.txt;2.0;0.0;0.0
Data(x=[56, 1], edge_index=[2, 68], edge_attr=[68, 3], y=0.0, custom_label=0.0, min_label=0, max_label=8, instance_name='p19.txt');0.0;0.2349932938814163;3.595053203753196e-05;0.0;0.0;p19.txt;2.0;0.0;0.0
Data(x=[53, 1], edge_index=[2, 64], edge_attr=[64, 3], y=0.0, custom_label=0.0, min_label=0, max_label=8, instance_name='p19.txt');0.0;0.2349932938814163;0.0001359840825898;4.0150612790057494e-07;0.0;p19.txt;2.0;0.0;0.0
Data(x=[47, 1], edge_index=[2, 58], edge_attr=[58, 3], y=0.0, custom_label=0.0, min_label=0, max_label=8, instance_name='p19.txt');0.0;0.2349932938814163;5.965502714389004e-05;4.0150612790057494e-07;0.0;p19.txt;2.0;0.0;0.0
Data(x=[44, 1], edge_index=[2, 58], edge_attr=[58, 3], y=0.0, custom_label=0.0, min_label=0, max_label=8, instance_name='p19.txt');0.0;0.2349932938814163;1.4635894274306338e-07;0.0;0.0;p19.txt;2.0;0.0;0.0
Data(x=[46, 1], edge_index=[2, 56], edge_attr=[56, 3], y=0.0, custom_label=0.0, min_label=0, max_label=8, instance_name='p19.txt');0.0;0.2349932938814163;6.806448072893545e-05;0.0;0.0;p19.txt;2.0;0.0;0.0
Data(x=[55, 1], edge_index=[2, 66], edge_attr=[66, 3], y=0.0, custom_label=0.0, min_label=0, max_label=8, instance_name='p19.txt');0.0;0.2349932938814163;0.0001721060107229;0.0;0.0;p19.txt;2.0;0.0;0.0
Data(x=[57, 1], edge_index=[2, 68], edge_attr=[68, 3], y=0.0, custom_label=0.0, min_label=0, max_label=8, instance_name='p19.txt');0.0;0.2349932938814163;5.232102921581827e-05;4.0150612790057494e-07;0.0;p19.txt;2.0;0.0;0.0
Data(x=[47, 1], edge_index=[2, 58], edge_attr=[58, 3], y=0.0, custom_label=0.0, min_label=0, max_label=8, instance_name='p19.txt');0.0;0.2349932938814163;1.0637730156304316e-05;0.0;0.0;p19.txt;2.0;0.0;0.0
Data(x=[46, 1], edge_index=[2, 58], edge_attr=[58, 3], y=0.0, custom_label=0.0, min_label=0, max_label=8, instance_name='p19.txt');0.0;0.2349932938814163;4.714040926501184e-07;0.0;0.0;p19.txt;2.0;0.0;0.0
Data(x=[45, 1], edge_index=[2, 56], edge_attr=[56, 3], y=0.0, custom_label=0.0, min_label=0, max_label=8, instance_name='p19.txt');0.0;0.2349932938814163;7.122773240553215e-06;0.0;0.0;p19.txt;2.0;0.0;0.0
Data(x=[46, 1], edge_index=[2, 58], edge_attr=[58, 3], y=0.0, custom_label=0.0, min_label=0, max_label=8, instance_name='p19.txt');0.0;0.2349932938814163;6.5321278270857874e-06;0.0;0.0;p19.txt;2.0;0.0;0.0
Data(x=[53, 1], edge_index=[2, 64], edge_attr=[64, 3], y=0.0, custom_label=0.0, min_label=0, max_label=8, instance_name='p19.txt');0.0;0.2349932938814163;0.0001359839370707;0.0;0.0;p19.txt;2.0;0.0;0.0
Data(x=[45, 1], edge_index=[2, 56], edge_attr=[56, 3], y=0.0, custom_label=0.0, min_label=0, max_label=8, instance_name='p19.txt');0.0;0.2349932938814163;7.122773240553215e-06;0.0;0.0;p19.txt;2.0;0.0;0.0
Data(x=[48, 1], edge_index=[2, 60], edge_attr=[60, 3], y=0.0, custom_label=0.0, min_label=0, max_label=8, instance_name='p19.txt');0.0;0.2349932938814163;9.70937526290072e-06;4.0150612790057494e-07;0.0;p19.txt;2.0;0.0;0.0
Data(x=[43, 1], edge_index=[2, 54], edge_attr=[54, 3], y=0.0, custom_label=0.0, min_label=0, max_label=8, instance_name='p19.txt');0.0;0.2349932938814163;3.0381663236767054e-05;4.0150612790057494e-07;0.0;p19.txt;2.0;0.0;0.0
Data(x=[39, 1], edge_index=[2, 50], edge_attr=[50, 3], y=0.0, custom_label=0.0, min_label=0, max_label=8, instance_name='p19.txt');0.0;0.2349932938814163;1.6799156128399773e-06;0.0;0.0;p19.txt;2.0;0.0;0.0
Data(x=[62, 1], edge_index=[2, 72], edge_attr=[72, 3], y=8.0, custom_label=1.0, min_label=0, max_label=8, instance_name='p19.txt');1.0;0.2349932938814163;0.0802699774503707;4.0150612790057494e-07;8.0;p19.txt;2.0;1.0;0.0
Data(x=[61, 1], edge_index=[2, 70], edge_attr=[70, 3], y=7.0, custom_label=0.875, min_label=0, max_label=8, instance_name='p19.txt');0.875;0.2349932938814163;0.1046827509999275;4.0150612790057494e-07;7.0;p19.txt;2.0;1.0;0.0
Data(x=[61, 1], edge_index=[2, 70], edge_attr=[70, 3], y=6.0, custom_label=0.75, min_label=0, max_label=8, instance_name='p19.txt');0.75;0.2349932938814163;0.1046827509999275;4.0150612790057494e-07;6.0;p19.txt;2.0;1.0;0.0
Data(x=[61, 1], edge_index=[2, 70], edge_attr=[70, 3], y=5.0, custom_label=0.625, min_label=0, max_label=8, instance_name='p19.txt');0.625;0.2349932938814163;0.1046827509999275;4.0150612790057494e-07;5.0;p19.txt;2.0;1.0;0.0
Data(x=[61, 1], edge_index=[2, 70], edge_attr=[70, 3], y=4.0, custom_label=0.5, min_label=0, max_label=8, instance_name='p19.txt');0.5;0.2349932938814163;0.1046827509999275;4.0150612790057494e-07;4.0;p19.txt;2.0;1.0;0.0
Data(x=[61, 1], edge_index=[2, 70], edge_attr=[70, 3], y=3.0, custom_label=0.375, min_label=0, max_label=8, instance_name='p19.txt');0.375;0.2349932938814163;0.1046827509999275;4.0150612790057494e-07;3.0;p19.txt;2.0;1.0;0.0
Data(x=[61, 1], edge_index=[2, 70], edge_attr=[70, 3], y=2.0, custom_label=0.25, min_label=0, max_label=8, instance_name='p19.txt');0.25;0.2349932938814163;0.1046827509999275;4.0150612790057494e-07;2.0;p19.txt;2.0;1.0;0.0
Data(x=[61, 1], edge_index=[2, 70], edge_attr=[70, 3], y=1.0, custom_label=0.125, min_label=0, max_label=8, instance_name='p19.txt');0.125;0.2349932938814163;0.1046827509999275;4.0150612790057494e-07;1.0;p19.txt;2.0;1.0;0.0
Data(x=[62, 1], edge_index=[2, 72], edge_attr=[72, 3], y=0.0, custom_label=0.0, min_label=0, max_label=8, instance_name='p19.txt');0.0;0.2349932938814163;0.0004358789592515;4.0150612790057494e-07;0.0;p19.txt;2.0;0.0;0.0
Data(x=[47, 1], edge_index=[2, 58], edge_attr=[58, 3], y=0.0, custom_label=0.0, min_label=0, max_label=8, instance_name='p19.txt');0.0;0.2349932938814163;5.9655143559211865e-05;0.0;0.0;p19.txt;2.0;0.0;0.0
Data(x=[61, 1], edge_index=[2, 72], edge_attr=[72, 3], y=0.0, custom_label=0.0, min_label=0, max_label=8, instance_name='p19.txt');0.0;0.2349932938814163;0.0003198109625373;4.0150612790057494e-07;0.0;p19.txt;2.0;0.0;0.0
Data(x=[48, 1], edge_index=[2, 58], edge_attr=[58, 3], y=0.0, custom_label=0.0, min_label=0, max_label=8, instance_name='p19.txt');0.0;0.2349932938814163;1.3592141840490513e-05;4.0150612790057494e-07;0.0;p19.txt;2.0;0.0;0.0
Data(x=[41, 1], edge_index=[2, 52], edge_attr=[52, 3], y=0.0, custom_label=0.0, min_label=0, max_label=8, instance_name='p19.txt');0.0;0.2349932938814163;2.177079068133025e-06;0.0;0.0;p19.txt;2.0;0.0;0.0
Data(x=[48, 1], edge_index=[2, 60], edge_attr=[60, 3], y=0.0, custom_label=0.0, min_label=0, max_label=8, instance_name='p19.txt');0.0;0.2349932938814163;1.446819737793703e-06;4.0150612790057494e-07;0.0;p19.txt;2.0;0.0;0.0
Data(x=[50, 1], edge_index=[2, 62], edge_attr=[62, 3], y=0.0, custom_label=0.0, min_label=0, max_label=8, instance_name='p19.txt');0.0;0.2349932938814163;7.062491931719705e-05;4.0150612790057494e-07;0.0;p19.txt;2.0;0.0;0.0
Data(x=[50, 1], edge_index=[2, 60], edge_attr=[60, 3], y=0.0, custom_label=0.0, min_label=0, max_label=8, instance_name='p19.txt');0.0;0.2349932938814163;0.0001205553489853;4.0150612790057494e-07;0.0;p19.txt;2.0;0.0;0.0
Data(x=[60, 1], edge_index=[2, 72], edge_attr=[72, 3], y=6.0, custom_label=0.75, min_label=0, max_label=8, instance_name='p19.txt');0.75;0.2349932938814163;0.0069401105865836;0.0;6.0;p19.txt;2.0;0.0;0.0
Data(x=[59, 1], edge_index=[2, 70], edge_attr=[70, 3], y=5.0, custom_label=0.625, min_label=0, max_label=8, instance_name='p19.txt');0.625;0.2349932938814163;0.0270391535013914;0.0;5.0;p19.txt;2.0;0.0;0.0
Data(x=[59, 1], edge_index=[2, 70], edge_attr=[70, 3], y=4.0, custom_label=0.5, min_label=0, max_label=8, instance_name='p19.txt');0.5;0.2349932938814163;0.0270391535013914;0.0;4.0;p19.txt;2.0;0.0;0.0
Data(x=[59, 1], edge_index=[2, 70], edge_attr=[70, 3], y=3.0, custom_label=0.375, min_label=0, max_label=8, instance_name='p19.txt');0.375;0.2349932938814163;0.0270391535013914;0.0;3.0;p19.txt;2.0;0.0;0.0
Data(x=[59, 1], edge_index=[2, 70], edge_attr=[70, 3], y=2.0, custom_label=0.25, min_label=0, max_label=8, instance_name='p19.txt');0.25;0.2349932938814163;0.0338375195860862;0.0;2.0;p19.txt;2.0;0.0;0.0
Data(x=[59, 1], edge_index=[2, 70], edge_attr=[70, 3], y=1.0, custom_label=0.125, min_label=0, max_label=8, instance_name='p19.txt');0.125;0.2349932938814163;0.0270391535013914;0.0;1.0;p19.txt;2.0;0.0;0.0
Data(x=[60, 1], edge_index=[2, 72], edge_attr=[72, 3], y=0.0, custom_label=0.0, min_label=0, max_label=8, instance_name='p19.txt');0.0;0.2349932938814163;8.131057256832719e-06;0.0;0.0;p19.txt;2.0;0.0;0.0
Data(x=[43, 1], edge_index=[2, 54], edge_attr=[54, 3], y=4.0, custom_label=0.5, min_label=0, max_label=8, instance_name='p19.txt');0.5;0.2349932938814163;0.0324735715985298;4.0150612790057494e-07;4.0;p19.txt;2.0;0.0;0.0
Data(x=[42, 1], edge_index=[2, 52], edge_attr=[52, 3], y=3.0, custom_label=0.375, min_label=0, max_label=8, instance_name='p19.txt');0.375;0.2349932938814163;0.070058025419712;4.0150612790057494e-07;3.0;p19.txt;2.0;1.0;0.0
Data(x=[41, 1], edge_index=[2, 50], edge_attr=[50, 3], y=2.0, custom_label=0.25, min_label=0, max_label=8, instance_name='p19.txt');0.25;0.2349932938814163;0.1027111709117889;4.0150612790057494e-07;2.0;p19.txt;2.0;1.0;0.0
Data(x=[41, 1], edge_index=[2, 50], edge_attr=[50, 3], y=1.0, custom_label=0.125, min_label=0, max_label=8, instance_name='p19.txt');0.125;0.2349932938814163;0.1027111709117889;4.0150612790057494e-07;1.0;p19.txt;2.0;1.0;0.0
Data(x=[42, 1], edge_index=[2, 52], edge_attr=[52, 3], y=0.0, custom_label=0.0, min_label=0, max_label=8, instance_name='p19.txt');0.0;0.2349932938814163;3.4543347283033654e-05;4.0150612790057494e-07;0.0;p19.txt;2.0;0.0;0.0
Data(x=[436, 1], edge_index=[2, 438], edge_attr=[438, 3], y=429.0, custom_label=1.0, min_label=0, max_label=429, instance_name='p20.txt');1.0;0.2349932938814163;0.5194661617279053;4.0150612790057494e-07;429.0;p20.txt;101.0;223.0;0.0
Data(x=[436, 1], edge_index=[2, 438], edge_attr=[438, 3], y=428.0, custom_label=0.997669, min_label=0, max_label=429, instance_name='p20.txt');0.997668981552124;0.2349932938814163;0.5194661617279053;4.0150612790057494e-07;428.0;p20.txt;101.0;223.0;0.0
Data(x=[436, 1], edge_index=[2, 438], edge_attr=[438, 3], y=427.0, custom_label=0.995338, min_label=0, max_label=429, instance_name='p20.txt');0.9953380227088928;0.2349932938814163;0.5194661617279053;4.0150612790057494e-07;427.0;p20.txt;101.0;223.0;0.0
Data(x=[436, 1], edge_index=[2, 438], edge_attr=[438, 3], y=426.0, custom_label=0.993007, min_label=0, max_label=429, instance_name='p20.txt');0.9930070042610168;0.2349932938814163;0.5194661617279053;4.0150612790057494e-07;426.0;p20.txt;101.0;223.0;0.0
Data(x=[436, 1], edge_index=[2, 438], edge_attr=[438, 3], y=425.0, custom_label=0.990676, min_label=0, max_label=429, instance_name='p20.txt');0.9906759858131408;0.2349932938814163;0.5194661617279053;4.0150612790057494e-07;425.0;p20.txt;101.0;223.0;0.0
Data(x=[436, 1], edge_index=[2, 438], edge_attr=[438, 3], y=424.0, custom_label=0.98834497, min_label=0, max_label=429, instance_name='p20.txt');0.9883449673652648;0.2349932938814163;0.5194661617279053;4.0150612790057494e-07;424.0;p20.txt;101.0;223.0;0.0
Data(x=[436, 1], edge_index=[2, 438], edge_attr=[438, 3], y=423.0, custom_label=0.986014, min_label=0, max_label=429, instance_name='p20.txt');0.9860140085220336;0.2349932938814163;0.5194661617279053;4.0150612790057494e-07;423.0;p20.txt;101.0;223.0;0.0
Data(x=[436, 1], edge_index=[2, 438], edge_attr=[438, 3], y=422.0, custom_label=0.983683, min_label=0, max_label=429, instance_name='p20.txt');0.9836829900741576;0.2349932938814163;0.5194661617279053;4.0150612790057494e-07;422.0;p20.txt;101.0;223.0;0.0
Data(x=[436, 1], edge_index=[2, 438], edge_attr=[438, 3], y=421.0, custom_label=0.981352, min_label=0, max_label=429, instance_name='p20.txt');0.9813519716262816;0.2349932938814163;0.5194661617279053;4.0150612790057494e-07;421.0;p20.txt;101.0;223.0;0.0
Data(x=[436, 1], edge_index=[2, 438], edge_attr=[438, 3], y=420.0, custom_label=0.97902095, min_label=0, max_label=429, instance_name='p20.txt');0.9790209531784058;0.2349932938814163;0.5194661617279053;4.0150612790057494e-07;420.0;p20.txt;101.0;223.0;0.0
Data(x=[436, 1], edge_index=[2, 438], edge_attr=[438, 3], y=419.0, custom_label=0.97669, min_label=0, max_label=429, instance_name='p20.txt');0.9766899943351746;0.2349932938814163;0.5194661617279053;4.0150612790057494e-07;419.0;p20.txt;101.0;223.0;0.0
Data(x=[436, 1], edge_index=[2, 438], edge_attr=[438, 3], y=418.0, custom_label=0.974359, min_label=0, max_label=429, instance_name='p20.txt');0.9743589758872986;0.2349932938814163;0.5194661617279053;4.0150612790057494e-07;418.0;p20.txt;101.0;223.0;0.0
Data(x=[436, 1], edge_index=[2, 438], edge_attr=[438, 3], y=417.0, custom_label=0.97202796, min_label=0, max_label=429, instance_name='p20.txt');0.9720279574394226;0.2349932938814163;0.5194661617279053;4.0150612790057494e-07;417.0;p20.txt;101.0;223.0;0.0
Data(x=[436, 1], edge_index=[2, 438], edge_attr=[438, 3], y=416.0, custom_label=0.969697, min_label=0, max_label=429, instance_name='p20.txt');0.9696969985961914;0.2349932938814163;0.5194661617279053;4.0150612790057494e-07;416.0;p20.txt;101.0;223.0;0.0
Data(x=[436, 1], edge_index=[2, 438], edge_attr=[438, 3], y=415.0, custom_label=0.967366, min_label=0, max_label=429, instance_name='p20.txt');0.9673659801483154;0.2349932938814163;0.5194661617279053;4.0150612790057494e-07;415.0;p20.txt;101.0;223.0;0.0
Data(x=[436, 1], edge_index=[2, 438], edge_attr=[438, 3], y=414.0, custom_label=0.96503496, min_label=0, max_label=429, instance_name='p20.txt');0.9650349617004396;0.2349932938814163;0.5194661617279053;4.0150612790057494e-07;414.0;p20.txt;101.0;223.0;0.0
Data(x=[436, 1], edge_index=[2, 438], edge_attr=[438, 3], y=413.0, custom_label=0.96270394, min_label=0, max_label=429, instance_name='p20.txt');0.9627039432525636;0.2349932938814163;0.5194661617279053;4.0150612790057494e-07;413.0;p20.txt;101.0;223.0;0.0
Data(x=[436, 1], edge_index=[2, 438], edge_attr=[438, 3], y=412.0, custom_label=0.960373, min_label=0, max_label=429, instance_name='p20.txt');0.9603729844093324;0.2349932938814163;0.5194661617279053;4.0150612790057494e-07;412.0;p20.txt;101.0;223.0;0.0
Data(x=[436, 1], edge_index=[2, 438], edge_attr=[438, 3], y=411.0, custom_label=0.95804197, min_label=0, max_label=429, instance_name='p20.txt');0.9580419659614564;0.2349932938814163;0.5194661617279053;4.0150612790057494e-07;411.0;p20.txt;101.0;223.0;0.0
Data(x=[436, 1], edge_index=[2, 438], edge_attr=[438, 3], y=410.0, custom_label=0.95571095, min_label=0, max_label=429, instance_name='p20.txt');0.9557109475135804;0.2349932938814163;0.5194661617279053;4.0150612790057494e-07;410.0;p20.txt;101.0;223.0;0.0
Data(x=[436, 1], edge_index=[2, 438], edge_attr=[438, 3], y=409.0, custom_label=0.9533799, min_label=0, max_label=429, instance_name='p20.txt');0.9533799290657043;0.2349932938814163;0.5194661617279053;4.0150612790057494e-07;409.0;p20.txt;101.0;223.0;0.0
Data(x=[436, 1], edge_index=[2, 438], edge_attr=[438, 3], y=408.0, custom_label=0.951049, min_label=0, max_label=429, instance_name='p20.txt');0.9510489702224731;0.2349932938814163;0.5194661617279053;4.0150612790057494e-07;408.0;p20.txt;101.0;223.0;0.0
Data(x=[436, 1], edge_index=[2, 438], edge_attr=[438, 3], y=407.0, custom_label=0.94871795, min_label=0, max_label=429, instance_name='p20.txt');0.9487179517745972;0.2349932938814163;0.5194661617279053;4.0150612790057494e-07;407.0;p20.txt;101.0;223.0;0.0
Data(x=[436, 1], edge_index=[2, 438], edge_attr=[438, 3], y=406.0, custom_label=0.94638693, min_label=0, max_label=429, instance_name='p20.txt');0.9463869333267212;0.2349932938814163;0.5194661617279053;4.0150612790057494e-07;406.0;p20.txt;101.0;223.0;0.0
Data(x=[436, 1], edge_index=[2, 438], edge_attr=[438, 3], y=405.0, custom_label=0.9440559, min_label=0, max_label=429, instance_name='p20.txt');0.9440559148788452;0.2349932938814163;0.5194661617279053;4.0150612790057494e-07;405.0;p20.txt;101.0;223.0;0.0
Data(x=[436, 1], edge_index=[2, 438], edge_attr=[438, 3], y=404.0, custom_label=0.94172496, min_label=0, max_label=429, instance_name='p20.txt');0.941724956035614;0.2349932938814163;0.5194661617279053;4.0150612790057494e-07;404.0;p20.txt;101.0;223.0;0.0
Data(x=[436, 1], edge_index=[2, 438], edge_attr=[438, 3], y=403.0, custom_label=0.93939394, min_label=0, max_label=429, instance_name='p20.txt');0.939393937587738;0.2349932938814163;0.5194661617279053;4.0150612790057494e-07;403.0;p20.txt;101.0;223.0;0.0
Data(x=[436, 1], edge_index=[2, 438], edge_attr=[438, 3], y=402.0, custom_label=0.9370629, min_label=0, max_label=429, instance_name='p20.txt');0.937062919139862;0.2349932938814163;0.5194661617279053;4.0150612790057494e-07;402.0;p20.txt;101.0;223.0;0.0
Data(x=[436, 1], edge_index=[2, 438], edge_attr=[438, 3], y=401.0, custom_label=0.93473196, min_label=0, max_label=429, instance_name='p20.txt');0.9347319602966307;0.2349932938814163;0.5194661617279053;4.0150612790057494e-07;401.0;p20.txt;101.0;223.0;0.0
Data(x=[436, 1], edge_index=[2, 438], edge_attr=[438, 3], y=400.0, custom_label=0.93240094, min_label=0, max_label=429, instance_name='p20.txt');0.9324009418487548;0.2349932938814163;0.5194661617279053;4.0150612790057494e-07;400.0;p20.txt;101.0;223.0;0.0
Data(x=[436, 1], edge_index=[2, 438], edge_attr=[438, 3], y=399.0, custom_label=0.9300699, min_label=0, max_label=429, instance_name='p20.txt');0.9300699234008788;0.2349932938814163;0.5194661617279053;4.0150612790057494e-07;399.0;p20.txt;101.0;223.0;0.0
Data(x=[436, 1], edge_index=[2, 438], edge_attr=[438, 3], y=398.0, custom_label=0.9277389, min_label=0, max_label=429, instance_name='p20.txt');0.9277389049530028;0.2349932938814163;0.5194661617279053;4.0150612790057494e-07;398.0;p20.txt;101.0;223.0;0.0
Data(x=[436, 1], edge_index=[2, 438], edge_attr=[438, 3], y=397.0, custom_label=0.92540795, min_label=0, max_label=429, instance_name='p20.txt');0.9254079461097716;0.2349932938814163;0.5194661617279053;4.0150612790057494e-07;397.0;p20.txt;101.0;223.0;0.0
Data(x=[436, 1], edge_index=[2, 438], edge_attr=[438, 3], y=396.0, custom_label=0.9230769, min_label=0, max_label=429, instance_name='p20.txt');0.9230769276618958;0.2349932938814163;0.5194661617279053;4.0150612790057494e-07;396.0;p20.txt;101.0;223.0;0.0
Data(x=[436, 1], edge_index=[2, 438], edge_attr=[438, 3], y=395.0, custom_label=0.9207459, min_label=0, max_label=429, instance_name='p20.txt');0.9207459092140198;0.2349932938814163;0.5194661617279053;4.0150612790057494e-07;395.0;p20.txt;101.0;223.0;0.0
Data(x=[436, 1], edge_index=[2, 438], edge_attr=[438, 3], y=394.0, custom_label=0.9184149, min_label=0, max_label=429, instance_name='p20.txt');0.9184148907661438;0.2349932938814163;0.5194661617279053;4.0150612790057494e-07;394.0;p20.txt;101.0;223.0;0.0
Data(x=[436, 1], edge_index=[2, 438], edge_attr=[438, 3], y=393.0, custom_label=0.91608393, min_label=0, max_label=429, instance_name='p20.txt');0.9160839319229126;0.2349932938814163;0.5194661617279053;4.0150612790057494e-07;393.0;p20.txt;101.0;223.0;0.0
Data(x=[436, 1], edge_index=[2, 438], edge_attr=[438, 3], y=392.0, custom_label=0.9137529, min_label=0, max_label=429, instance_name='p20.txt');0.9137529134750366;0.2349932938814163;0.5194661617279053;4.0150612790057494e-07;392.0;p20.txt;101.0;223.0;0.0
Data(x=[436, 1], edge_index=[2, 438], edge_attr=[438, 3], y=391.0, custom_label=0.9114219, min_label=0, max_label=429, instance_name='p20.txt');0.9114218950271606;0.2349932938814163;0.5194661617279053;4.0150612790057494e-07;391.0;p20.txt;101.0;223.0;0.0
Data(x=[436, 1], edge_index=[2, 438], edge_attr=[438, 3], y=390.0, custom_label=0.90909094, min_label=0, max_label=429, instance_name='p20.txt');0.9090909361839294;0.2349932938814163;0.5194661617279053;4.0150612790057494e-07;390.0;p20.txt;101.0;223.0;0.0
Data(x=[436, 1], edge_index=[2, 438], edge_attr=[438, 3], y=389.0, custom_label=0.9067599, min_label=0, max_label=429, instance_name='p20.txt');0.9067599177360536;0.2349932938814163;0.5194661617279053;4.0150612790057494e-07;389.0;p20.txt;101.0;223.0;0.0
Data(x=[436, 1], edge_index=[2, 438], edge_attr=[438, 3], y=388.0, custom_label=0.9044289, min_label=0, max_label=429, instance_name='p20.txt');0.9044288992881776;0.2349932938814163;0.5194661617279053;4.0150612790057494e-07;388.0;p20.txt;101.0;223.0;0.0
Data(x=[436, 1], edge_index=[2, 438], edge_attr=[438, 3], y=387.0, custom_label=0.9020979, min_label=0, max_label=429, instance_name='p20.txt');0.9020978808403016;0.2349932938814163;0.5194661617279053;4.0150612790057494e-07;387.0;p20.txt;101.0;223.0;0.0
Data(x=[436, 1], edge_index=[2, 438], edge_attr=[438, 3], y=386.0, custom_label=0.8997669, min_label=0, max_label=429, instance_name='p20.txt');0.8997669219970703;0.2349932938814163;0.5194661617279053;4.0150612790057494e-07;386.0;p20.txt;101.0;223.0;0.0
Data(x=[436, 1], edge_index=[2, 438], edge_attr=[438, 3], y=385.0, custom_label=0.8974359, min_label=0, max_label=429, instance_name='p20.txt');0.8974359035491943;0.2349932938814163;0.5194661617279053;4.0150612790057494e-07;385.0;p20.txt;101.0;223.0;0.0
Data(x=[436, 1], edge_index=[2, 438], edge_attr=[438, 3], y=384.0, custom_label=0.8951049, min_label=0, max_label=429, instance_name='p20.txt');0.8951048851013184;0.2349932938814163;0.5194661617279053;4.0150612790057494e-07;384.0;p20.txt;101.0;223.0;0.0
Data(x=[436, 1], edge_index=[2, 438], edge_attr=[438, 3], y=383.0, custom_label=0.89277387, min_label=0, max_label=429, instance_name='p20.txt');0.8927738666534424;0.2349932938814163;0.5194661617279053;4.0150612790057494e-07;383.0;p20.txt;101.0;223.0;0.0
Data(x=[436, 1], edge_index=[2, 438], edge_attr=[438, 3], y=382.0, custom_label=0.8904429, min_label=0, max_label=429, instance_name='p20.txt');0.8904429078102112;0.2349932938814163;0.5194661617279053;4.0150612790057494e-07;382.0;p20.txt;101.0;223.0;0.0
Data(x=[436, 1], edge_index=[2, 438], edge_attr=[438, 3], y=381.0, custom_label=0.8881119, min_label=0, max_label=429, instance_name='p20.txt');0.8881118893623352;0.2349932938814163;0.5194661617279053;4.0150612790057494e-07;381.0;p20.txt;101.0;223.0;0.0
Data(x=[436, 1], edge_index=[2, 438], edge_attr=[438, 3], y=380.0, custom_label=0.8857809, min_label=0, max_label=429, instance_name='p20.txt');0.8857808709144592;0.2349932938814163;0.5194661617279053;4.0150612790057494e-07;380.0;p20.txt;101.0;223.0;0.0
Data(x=[436, 1], edge_index=[2, 438], edge_attr=[438, 3], y=379.0, custom_label=0.8834499, min_label=0, max_label=429, instance_name='p20.txt');0.883449912071228;0.2349932938814163;0.5194661617279053;4.0150612790057494e-07;379.0;p20.txt;101.0;223.0;0.0
Data(x=[436, 1], edge_index=[2, 438], edge_attr=[438, 3], y=378.0, custom_label=0.8811189, min_label=0, max_label=429, instance_name='p20.txt');0.881118893623352;0.2349932938814163;0.5194661617279053;4.0150612790057494e-07;378.0;p20.txt;101.0;223.0;0.0
Data(x=[436, 1], edge_index=[2, 438], edge_attr=[438, 3], y=377.0, custom_label=0.8787879, min_label=0, max_label=429, instance_name='p20.txt');0.8787878751754761;0.2349932938814163;0.5194661617279053;4.0150612790057494e-07;377.0;p20.txt;101.0;223.0;0.0
Data(x=[436, 1], edge_index=[2, 438], edge_attr=[438, 3], y=376.0, custom_label=0.87645686, min_label=0, max_label=429, instance_name='p20.txt');0.8764568567276001;0.2349932938814163;0.5194661617279053;4.0150612790057494e-07;376.0;p20.txt;101.0;223.0;0.0
Data(x=[436, 1], edge_index=[2, 438], edge_attr=[438, 3], y=375.0, custom_label=0.8741259, min_label=0, max_label=429, instance_name='p20.txt');0.8741258978843689;0.2349932938814163;0.5194661617279053;4.0150612790057494e-07;375.0;p20.txt;101.0;223.0;0.0
Data(x=[436, 1], edge_index=[2, 438], edge_attr=[438, 3], y=374.0, custom_label=0.8717949, min_label=0, max_label=429, instance_name='p20.txt');0.8717948794364929;0.2349932938814163;0.5194661617279053;4.0150612790057494e-07;374.0;p20.txt;101.0;223.0;0.0
Data(x=[436, 1], edge_index=[2, 438], edge_attr=[438, 3], y=373.0, custom_label=0.86946386, min_label=0, max_label=429, instance_name='p20.txt');0.8694638609886169;0.2349932938814163;0.5194661617279053;4.0150612790057494e-07;373.0;p20.txt;101.0;223.0;0.0
Data(x=[436, 1], edge_index=[2, 438], edge_attr=[438, 3], y=372.0, custom_label=0.86713284, min_label=0, max_label=429, instance_name='p20.txt');0.867132842540741;0.2349932938814163;0.5194661617279053;4.0150612790057494e-07;372.0;p20.txt;101.0;223.0;0.0
Data(x=[436, 1], edge_index=[2, 438], edge_attr=[438, 3], y=371.0, custom_label=0.8648019, min_label=0, max_label=429, instance_name='p20.txt');0.8648018836975098;0.2349932938814163;0.5194661617279053;4.0150612790057494e-07;371.0;p20.txt;101.0;223.0;0.0
Data(x=[436, 1], edge_index=[2, 438], edge_attr=[438, 3], y=370.0, custom_label=0.86247087, min_label=0, max_label=429, instance_name='p20.txt');0.8624708652496338;0.2349932938814163;0.5194661617279053;4.0150612790057494e-07;370.0;p20.txt;101.0;223.0;0.0
Data(x=[436, 1], edge_index=[2, 438], edge_attr=[438, 3], y=369.0, custom_label=0.86013985, min_label=0, max_label=429, instance_name='p20.txt');0.8601398468017578;0.2349932938814163;0.5194661617279053;4.0150612790057494e-07;369.0;p20.txt;101.0;223.0;0.0
Data(x=[436, 1], edge_index=[2, 438], edge_attr=[438, 3], y=368.0, custom_label=0.8578088, min_label=0, max_label=429, instance_name='p20.txt');0.8578088283538818;0.2349932938814163;0.5194661617279053;4.0150612790057494e-07;368.0;p20.txt;101.0;223.0;0.0
Data(x=[436, 1], edge_index=[2, 438], edge_attr=[438, 3], y=367.0, custom_label=0.85547787, min_label=0, max_label=429, instance_name='p20.txt');0.8554778695106506;0.2349932938814163;0.5194661617279053;4.0150612790057494e-07;367.0;p20.txt;101.0;223.0;0.0
Data(x=[436, 1], edge_index=[2, 438], edge_attr=[438, 3], y=366.0, custom_label=0.85314685, min_label=0, max_label=429, instance_name='p20.txt');0.8531468510627747;0.2349932938814163;0.5194661617279053;4.0150612790057494e-07;366.0;p20.txt;101.0;223.0;0.0
Data(x=[436, 1], edge_index=[2, 438], edge_attr=[438, 3], y=365.0, custom_label=0.85081583, min_label=0, max_label=429, instance_name='p20.txt');0.8508158326148987;0.2349932938814163;0.5194661617279053;4.0150612790057494e-07;365.0;p20.txt;101.0;223.0;0.0
Data(x=[436, 1], edge_index=[2, 438], edge_attr=[438, 3], y=364.0, custom_label=0.8484849, min_label=0, max_label=429, instance_name='p20.txt');0.8484848737716675;0.2349932938814163;0.5194661617279053;4.0150612790057494e-07;364.0;p20.txt;101.0;223.0;0.0
Data(x=[436, 1], edge_index=[2, 438], edge_attr=[438, 3], y=363.0, custom_label=0.84615386, min_label=0, max_label=429, instance_name='p20.txt');0.8461538553237915;0.2349932938814163;0.5194661617279053;4.0150612790057494e-07;363.0;p20.txt;101.0;223.0;0.0
Data(x=[436, 1], edge_index=[2, 438], edge_attr=[438, 3], y=362.0, custom_label=0.84382284, min_label=0, max_label=429, instance_name='p20.txt');0.8438228368759155;0.2349932938814163;0.5194661617279053;4.0150612790057494e-07;362.0;p20.txt;101.0;223.0;0.0
Data(x=[436, 1], edge_index=[2, 438], edge_attr=[438, 3], y=361.0, custom_label=0.8414918, min_label=0, max_label=429, instance_name='p20.txt');0.8414918184280396;0.2349932938814163;0.5194661617279053;4.0150612790057494e-07;361.0;p20.txt;101.0;223.0;0.0
Data(x=[436, 1], edge_index=[2, 438], edge_attr=[438, 3], y=360.0, custom_label=0.83916086, min_label=0, max_label=429, instance_name='p20.txt');0.8391608595848083;0.2349932938814163;0.5194661617279053;4.0150612790057494e-07;360.0;p20.txt;101.0;223.0;0.0
Data(x=[436, 1], edge_index=[2, 438], edge_attr=[438, 3], y=359.0, custom_label=0.83682984, min_label=0, max_label=429, instance_name='p20.txt');0.8368298411369324;0.2349932938814163;0.5194661617279053;4.0150612790057494e-07;359.0;p20.txt;101.0;223.0;0.0
Data(x=[436, 1], edge_index=[2, 438], edge_attr=[438, 3], y=358.0, custom_label=0.8344988, min_label=0, max_label=429, instance_name='p20.txt');0.8344988226890564;0.2349932938814163;0.5194661617279053;4.0150612790057494e-07;358.0;p20.txt;101.0;223.0;0.0
Data(x=[436, 1], edge_index=[2, 438], edge_attr=[438, 3], y=357.0, custom_label=0.8321678, min_label=0, max_label=429, instance_name='p20.txt');0.8321678042411804;0.2349932938814163;0.5194661617279053;4.0150612790057494e-07;357.0;p20.txt;101.0;223.0;0.0
Data(x=[436, 1], edge_index=[2, 438], edge_attr=[438, 3], y=356.0, custom_label=0.82983685, min_label=0, max_label=429, instance_name='p20.txt');0.8298368453979492;0.2349932938814163;0.5194661617279053;4.0150612790057494e-07;356.0;p20.txt;101.0;223.0;0.0
Data(x=[436, 1], edge_index=[2, 438], edge_attr=[438, 3], y=355.0, custom_label=0.8275058, min_label=0, max_label=429, instance_name='p20.txt');0.8275058269500732;0.2349932938814163;0.5194661617279053;4.0150612790057494e-07;355.0;p20.txt;101.0;223.0;0.0
Data(x=[436, 1], edge_index=[2, 438], edge_attr=[438, 3], y=354.0, custom_label=0.8251748, min_label=0, max_label=429, instance_name='p20.txt');0.8251748085021973;0.2349932938814163;0.5194661617279053;4.0150612790057494e-07;354.0;p20.txt;101.0;223.0;0.0
Data(x=[436, 1], edge_index=[2, 438], edge_attr=[438, 3], y=353.0, custom_label=0.82284385, min_label=0, max_label=429, instance_name='p20.txt');0.8228438496589661;0.2349932938814163;0.5194661617279053;4.0150612790057494e-07;353.0;p20.txt;101.0;223.0;0.0
Data(x=[436, 1], edge_index=[2, 438], edge_attr=[438, 3], y=352.0, custom_label=0.82051283, min_label=0, max_label=429, instance_name='p20.txt');0.8205128312110901;0.2349932938814163;0.5194661617279053;4.0150612790057494e-07;352.0;p20.txt;101.0;223.0;0.0
Data(x=[436, 1], edge_index=[2, 438], edge_attr=[438, 3], y=351.0, custom_label=0.8181818, min_label=0, max_label=429, instance_name='p20.txt');0.8181818127632141;0.2349932938814163;0.5194661617279053;4.0150612790057494e-07;351.0;p20.txt;101.0;223.0;0.0
Data(x=[436, 1], edge_index=[2, 438], edge_attr=[438, 3], y=350.0, custom_label=0.8158508, min_label=0, max_label=429, instance_name='p20.txt');0.8158507943153381;0.2349932938814163;0.5194661617279053;4.0150612790057494e-07;350.0;p20.txt;101.0;223.0;0.0
Data(x=[436, 1], edge_index=[2, 438], edge_attr=[438, 3], y=349.0, custom_label=0.81351984, min_label=0, max_label=429, instance_name='p20.txt');0.8135198354721069;0.2349932938814163;0.5194661617279053;4.0150612790057494e-07;349.0;p20.txt;101.0;223.0;0.0
Data(x=[436, 1], edge_index=[2, 438], edge_attr=[438, 3], y=348.0, custom_label=0.8111888, min_label=0, max_label=429, instance_name='p20.txt');0.811188817024231;0.2349932938814163;0.5194661617279053;4.0150612790057494e-07;348.0;p20.txt;101.0;223.0;0.0
Data(x=[436, 1], edge_index=[2, 438], edge_attr=[438, 3], y=347.0, custom_label=0.8088578, min_label=0, max_label=429, instance_name='p20.txt');0.808857798576355;0.2349932938814163;0.5194661617279053;4.0150612790057494e-07;347.0;p20.txt;101.0;223.0;0.0
Data(x=[436, 1], edge_index=[2, 438], edge_attr=[438, 3], y=346.0, custom_label=0.8065268, min_label=0, max_label=429, instance_name='p20.txt');0.806526780128479;0.2349932938814163;0.5194661617279053;4.0150612790057494e-07;346.0;p20.txt;101.0;223.0;0.0
Data(x=[436, 1], edge_index=[2, 438], edge_attr=[438, 3], y=345.0, custom_label=0.8041958, min_label=0, max_label=429, instance_name='p20.txt');0.8041958212852478;0.2349932938814163;0.5194661617279053;4.0150612790057494e-07;345.0;p20.txt;101.0;223.0;0.0
Data(x=[436, 1], edge_index=[2, 438], edge_attr=[438, 3], y=344.0, custom_label=0.8018648, min_label=0, max_label=429, instance_name='p20.txt');0.8018648028373718;0.2349932938814163;0.5194661617279053;4.0150612790057494e-07;344.0;p20.txt;101.0;223.0;0.0
Data(x=[436, 1], edge_index=[2, 438], edge_attr=[438, 3], y=343.0, custom_label=0.7995338, min_label=0, max_label=429, instance_name='p20.txt');0.7995337843894958;0.2349932938814163;0.5194661617279053;4.0150612790057494e-07;343.0;p20.txt;101.0;223.0;0.0
Data(x=[436, 1], edge_index=[2, 438], edge_attr=[438, 3], y=342.0, custom_label=0.7972028, min_label=0, max_label=429, instance_name='p20.txt');0.7972028255462646;0.2349932938814163;0.5194661617279053;4.0150612790057494e-07;342.0;p20.txt;101.0;223.0;0.0
Data(x=[436, 1], edge_index=[2, 438], edge_attr=[438, 3], y=341.0, custom_label=0.7948718, min_label=0, max_label=429, instance_name='p20.txt');0.7948718070983887;0.2349932938814163;0.5194661617279053;4.0150612790057494e-07;341.0;p20.txt;101.0;223.0;0.0
Data(x=[436, 1], edge_index=[2, 438], edge_attr=[438, 3], y=340.0, custom_label=0.7925408, min_label=0, max_label=429, instance_name='p20.txt');0.7925407886505127;0.2349932938814163;0.5194661617279053;4.0150612790057494e-07;340.0;p20.txt;101.0;223.0;0.0
Data(x=[436, 1], edge_index=[2, 438], edge_attr=[438, 3], y=339.0, custom_label=0.7902098, min_label=0, max_label=429, instance_name='p20.txt');0.7902097702026367;0.2349932938814163;0.5194661617279053;4.0150612790057494e-07;339.0;p20.txt;101.0;223.0;0.0
Data(x=[436, 1], edge_index=[2, 438], edge_attr=[438, 3], y=338.0, custom_label=0.7878788, min_label=0, max_label=429, instance_name='p20.txt');0.7878788113594055;0.2349932938814163;0.5194661617279053;4.0150612790057494e-07;338.0;p20.txt;101.0;223.0;0.0
Data(x=[436, 1], edge_index=[2, 438], edge_attr=[438, 3], y=337.0, custom_label=0.7855478, min_label=0, max_label=429, instance_name='p20.txt');0.7855477929115295;0.2349932938814163;0.5194661617279053;4.0150612790057494e-07;337.0;p20.txt;101.0;223.0;0.0
Data(x=[436, 1], edge_index=[2, 438], edge_attr=[438, 3], y=336.0, custom_label=0.7832168, min_label=0, max_label=429, instance_name='p20.txt');0.7832167744636536;0.2349932938814163;0.5194661617279053;4.0150612790057494e-07;336.0;p20.txt;101.0;223.0;0.0
Data(x=[436, 1], edge_index=[2, 438], edge_attr=[438, 3], y=335.0, custom_label=0.78088576, min_label=0, max_label=429, instance_name='p20.txt');0.7808857560157776;0.2349932938814163;0.5194661617279053;4.0150612790057494e-07;335.0;p20.txt;101.0;223.0;0.0
Data(x=[436, 1], edge_index=[2, 438], edge_attr=[438, 3], y=334.0, custom_label=0.7785548, min_label=0, max_label=429, instance_name='p20.txt');0.7785547971725464;0.2349932938814163;0.5194661617279053;4.0150612790057494e-07;334.0;p20.txt;101.0;223.0;0.0
Data(x=[436, 1], edge_index=[2, 438], edge_attr=[438, 3], y=333.0, custom_label=0.7762238, min_label=0, max_label=429, instance_name='p20.txt');0.7762237787246704;0.2349932938814163;0.5194661617279053;4.0150612790057494e-07;333.0;p20.txt;101.0;223.0;0.0
Data(x=[436, 1], edge_index=[2, 438], edge_attr=[438, 3], y=332.0, custom_label=0.77389276, min_label=0, max_label=429, instance_name='p20.txt');0.7738927602767944;0.2349932938814163;0.5194661617279053;4.0150612790057494e-07;332.0;p20.txt;101.0;223.0;0.0
Data(x=[436, 1], edge_index=[2, 438], edge_attr=[438, 3], y=331.0, custom_label=0.77156174, min_label=0, max_label=429, instance_name='p20.txt');0.7715617418289185;0.2349932938814163;0.5194661617279053;4.0150612790057494e-07;331.0;p20.txt;101.0;223.0;0.0
Data(x=[436, 1], edge_index=[2, 438], edge_attr=[438, 3], y=330.0, custom_label=0.7692308, min_label=0, max_label=429, instance_name='p20.txt');0.7692307829856873;0.2349932938814163;0.5194661617279053;4.0150612790057494e-07;330.0;p20.txt;101.0;223.0;0.0
Data(x=[436, 1], edge_index=[2, 438], edge_attr=[438, 3], y=329.0, custom_label=0.76689976, min_label=0, max_label=429, instance_name='p20.txt');0.7668997645378113;0.2349932938814163;0.5194661617279053;4.0150612790057494e-07;329.0;p20.txt;101.0;223.0;0.0
Data(x=[436, 1], edge_index=[2, 438], edge_attr=[438, 3], y=328.0, custom_label=0.76456875, min_label=0, max_label=429, instance_name='p20.txt');0.7645687460899353;0.2349932938814163;0.5194661617279053;4.0150612790057494e-07;328.0;p20.txt;101.0;223.0;0.0
Data(x=[436, 1], edge_index=[2, 438], edge_attr=[438, 3], y=327.0, custom_label=0.7622378, min_label=0, max_label=429, instance_name='p20.txt');0.7622377872467041;0.2349932938814163;0.5194661617279053;4.0150612790057494e-07;327.0;p20.txt;101.0;223.0;0.0
Data(x=[436, 1], edge_index=[2, 438], edge_attr=[438, 3], y=326.0, custom_label=0.75990677, min_label=0, max_label=429, instance_name='p20.txt');0.7599067687988281;0.2349932938814163;0.5194661617279053;4.0150612790057494e-07;326.0;p20.txt;101.0;223.0;0.0
Data(x=[436, 1], edge_index=[2, 438], edge_attr=[438, 3], y=325.0, custom_label=0.75757575, min_label=0, max_label=429, instance_name='p20.txt');0.7575757503509521;0.2349932938814163;0.5194661617279053;4.0150612790057494e-07;325.0;p20.txt;101.0;223.0;0.0
Data(x=[436, 1], edge_index=[2, 438], edge_attr=[438, 3], y=324.0, custom_label=0.75524473, min_label=0, max_label=429, instance_name='p20.txt');0.7552447319030762;0.2349932938814163;0.5194661617279053;4.0150612790057494e-07;324.0;p20.txt;101.0;223.0;0.0
Data(x=[436, 1], edge_index=[2, 438], edge_attr=[438, 3], y=323.0, custom_label=0.7529138, min_label=0, max_label=429, instance_name='p20.txt');0.752913773059845;0.2349932938814163;0.5194661617279053;4.0150612790057494e-07;323.0;p20.txt;101.0;223.0;0.0
Data(x=[436, 1], edge_index=[2, 438], edge_attr=[438, 3], y=322.0, custom_label=0.75058275, min_label=0, max_label=429, instance_name='p20.txt');0.750582754611969;0.2349932938814163;0.5194661617279053;4.0150612790057494e-07;322.0;p20.txt;101.0;223.0;0.0
Data(x=[436, 1], edge_index=[2, 438], edge_attr=[438, 3], y=321.0, custom_label=0.74825174, min_label=0, max_label=429, instance_name='p20.txt');0.748251736164093;0.2349932938814163;0.5194661617279053;4.0150612790057494e-07;321.0;p20.txt;101.0;223.0;0.0
Data(x=[436, 1], edge_index=[2, 438], edge_attr=[438, 3], y=320.0, custom_label=0.7459207, min_label=0, max_label=429, instance_name='p20.txt');0.745920717716217;0.2349932938814163;0.5194661617279053;4.0150612790057494e-07;320.0;p20.txt;101.0;223.0;0.0
Data(x=[436, 1], edge_index=[2, 438], edge_attr=[438, 3], y=319.0, custom_label=0.74358976, min_label=0, max_label=429, instance_name='p20.txt');0.7435897588729858;0.2349932938814163;0.5194661617279053;4.0150612790057494e-07;319.0;p20.txt;101.0;223.0;0.0
Data(x=[436, 1], edge_index=[2, 438], edge_attr=[438, 3], y=318.0, custom_label=0.74125874, min_label=0, max_label=429, instance_name='p20.txt');0.7412587404251099;0.2349932938814163;0.5194661617279053;4.0150612790057494e-07;318.0;p20.txt;101.0;223.0;0.0
Data(x=[436, 1], edge_index=[2, 438], edge_attr=[438, 3], y=317.0, custom_label=0.7389277, min_label=0, max_label=429, instance_name='p20.txt');0.7389277219772339;0.2349932938814163;0.5194661617279053;4.0150612790057494e-07;317.0;p20.txt;101.0;223.0;0.0
Data(x=[436, 1], edge_index=[2, 438], edge_attr=[438, 3], y=316.0, custom_label=0.73659676, min_label=0, max_label=429, instance_name='p20.txt');0.7365967631340027;0.2349932938814163;0.5194661617279053;4.0150612790057494e-07;316.0;p20.txt;101.0;223.0;0.0
Data(x=[436, 1], edge_index=[2, 438], edge_attr=[438, 3], y=315.0, custom_label=0.73426574, min_label=0, max_label=429, instance_name='p20.txt');0.7342657446861267;0.2349932938814163;0.5194661617279053;4.0150612790057494e-07;315.0;p20.txt;101.0;223.0;0.0
Data(x=[436, 1], edge_index=[2, 438], edge_attr=[438, 3], y=314.0, custom_label=0.7319347, min_label=0, max_label=429, instance_name='p20.txt');0.7319347262382507;0.2349932938814163;0.5194661617279053;4.0150612790057494e-07;314.0;p20.txt;101.0;223.0;0.0
Data(x=[436, 1], edge_index=[2, 438], edge_attr=[438, 3], y=313.0, custom_label=0.7296037, min_label=0, max_label=429, instance_name='p20.txt');0.7296037077903748;0.2349932938814163;0.5194661617279053;4.0150612790057494e-07;313.0;p20.txt;101.0;223.0;0.0
Data(x=[436, 1], edge_index=[2, 438], edge_attr=[438, 3], y=312.0, custom_label=0.72727275, min_label=0, max_label=429, instance_name='p20.txt');0.7272727489471436;0.2349932938814163;0.5194661617279053;4.0150612790057494e-07;312.0;p20.txt;101.0;223.0;0.0
Data(x=[436, 1], edge_index=[2, 438], edge_attr=[438, 3], y=311.0, custom_label=0.72494173, min_label=0, max_label=429, instance_name='p20.txt');0.7249417304992676;0.2349932938814163;0.5194661617279053;4.0150612790057494e-07;311.0;p20.txt;101.0;223.0;0.0
Data(x=[436, 1], edge_index=[2, 438], edge_attr=[438, 3], y=310.0, custom_label=0.7226107, min_label=0, max_label=429, instance_name='p20.txt');0.7226107120513916;0.2349932938814163;0.5194661617279053;4.0150612790057494e-07;310.0;p20.txt;101.0;223.0;0.0
Data(x=[436, 1], edge_index=[2, 438], edge_attr=[438, 3], y=309.0, custom_label=0.7202797, min_label=0, max_label=429, instance_name='p20.txt');0.7202796936035156;0.2349932938814163;0.5194661617279053;4.0150612790057494e-07;309.0;p20.txt;101.0;223.0;0.0
Data(x=[436, 1], edge_index=[2, 438], edge_attr=[438, 3], y=308.0, custom_label=0.71794873, min_label=0, max_label=429, instance_name='p20.txt');0.7179487347602844;0.2349932938814163;0.5194661617279053;4.0150612790057494e-07;308.0;p20.txt;101.0;223.0;0.0
Data(x=[436, 1], edge_index=[2, 438], edge_attr=[438, 3], y=307.0, custom_label=0.7156177, min_label=0, max_label=429, instance_name='p20.txt');0.7156177163124084;0.2349932938814163;0.5194661617279053;4.0150612790057494e-07;307.0;p20.txt;101.0;223.0;0.0
Data(x=[436, 1], edge_index=[2, 438], edge_attr=[438, 3], y=306.0, custom_label=0.7132867, min_label=0, max_label=429, instance_name='p20.txt');0.7132866978645325;0.2349932938814163;0.5194661617279053;4.0150612790057494e-07;306.0;p20.txt;101.0;223.0;0.0
Data(x=[436, 1], edge_index=[2, 438], edge_attr=[438, 3], y=305.0, custom_label=0.71095574, min_label=0, max_label=429, instance_name='p20.txt');0.7109557390213013;0.2349932938814163;0.5194661617279053;4.0150612790057494e-07;305.0;p20.txt;101.0;223.0;0.0
Data(x=[436, 1], edge_index=[2, 438], edge_attr=[438, 3], y=304.0, custom_label=0.7086247, min_label=0, max_label=429, instance_name='p20.txt');0.7086247205734253;0.2349932938814163;0.5194661617279053;4.0150612790057494e-07;304.0;p20.txt;101.0;223.0;0.0
Data(x=[436, 1], edge_index=[2, 438], edge_attr=[438, 3], y=303.0, custom_label=0.7062937, min_label=0, max_label=429, instance_name='p20.txt');0.7062937021255493;0.2349932938814163;0.5194661617279053;4.0150612790057494e-07;303.0;p20.txt;101.0;223.0;0.0
Data(x=[436, 1], edge_index=[2, 438], edge_attr=[438, 3], y=302.0, custom_label=0.7039627, min_label=0, max_label=429, instance_name='p20.txt');0.7039626836776733;0.2349932938814163;0.5194661617279053;4.0150612790057494e-07;302.0;p20.txt;101.0;223.0;0.0
Data(x=[436, 1], edge_index=[2, 438], edge_attr=[438, 3], y=301.0, custom_label=0.7016317, min_label=0, max_label=429, instance_name='p20.txt');0.7016317248344421;0.2349932938814163;0.5194661617279053;4.0150612790057494e-07;301.0;p20.txt;101.0;223.0;0.0
Data(x=[436, 1], edge_index=[2, 438], edge_attr=[438, 3], y=300.0, custom_label=0.6993007, min_label=0, max_label=429, instance_name='p20.txt');0.6993007063865662;0.2349932938814163;0.5194661617279053;4.0150612790057494e-07;300.0;p20.txt;101.0;223.0;0.0
Data(x=[436, 1], edge_index=[2, 438], edge_attr=[438, 3], y=299.0, custom_label=0.6969697, min_label=0, max_label=429, instance_name='p20.txt');0.6969696879386902;0.2349932938814163;0.5194661617279053;4.0150612790057494e-07;299.0;p20.txt;101.0;223.0;0.0
Data(x=[436, 1], edge_index=[2, 438], edge_attr=[438, 3], y=298.0, custom_label=0.69463867, min_label=0, max_label=429, instance_name='p20.txt');0.6946386694908142;0.2349932938814163;0.5194661617279053;4.0150612790057494e-07;298.0;p20.txt;101.0;223.0;0.0
Data(x=[436, 1], edge_index=[2, 438], edge_attr=[438, 3], y=297.0, custom_label=0.6923077, min_label=0, max_label=429, instance_name='p20.txt');0.692307710647583;0.2349932938814163;0.5194661617279053;4.0150612790057494e-07;297.0;p20.txt;101.0;223.0;0.0
Data(x=[436, 1], edge_index=[2, 438], edge_attr=[438, 3], y=296.0, custom_label=0.6899767, min_label=0, max_label=429, instance_name='p20.txt');0.689976692199707;0.2349932938814163;0.5194661617279053;4.0150612790057494e-07;296.0;p20.txt;101.0;223.0;0.0
Data(x=[436, 1], edge_index=[2, 438], edge_attr=[438, 3], y=295.0, custom_label=0.6876457, min_label=0, max_label=429, instance_name='p20.txt');0.687645673751831;0.2349932938814163;0.5194661617279053;4.0150612790057494e-07;295.0;p20.txt;101.0;223.0;0.0
Data(x=[436, 1], edge_index=[2, 438], edge_attr=[438, 3], y=294.0, custom_label=0.6853147, min_label=0, max_label=429, instance_name='p20.txt');0.6853147149085999;0.2349932938814163;0.5194661617279053;4.0150612790057494e-07;294.0;p20.txt;101.0;223.0;0.0
Data(x=[436, 1], edge_index=[2, 438], edge_attr=[438, 3], y=293.0, custom_label=0.6829837, min_label=0, max_label=429, instance_name='p20.txt');0.6829836964607239;0.2349932938814163;0.5194661617279053;4.0150612790057494e-07;293.0;p20.txt;101.0;223.0;0.0
Data(x=[436, 1], edge_index=[2, 438], edge_attr=[438, 3], y=292.0, custom_label=0.6806527, min_label=0, max_label=429, instance_name='p20.txt');0.6806526780128479;0.2349932938814163;0.5194661617279053;4.0150612790057494e-07;292.0;p20.txt;101.0;223.0;0.0
Data(x=[436, 1], edge_index=[2, 438], edge_attr=[438, 3], y=291.0, custom_label=0.67832166, min_label=0, max_label=429, instance_name='p20.txt');0.6783216595649719;0.2349932938814163;0.5194661617279053;4.0150612790057494e-07;291.0;p20.txt;101.0;223.0;0.0
Data(x=[436, 1], edge_index=[2, 438], edge_attr=[438, 3], y=290.0, custom_label=0.6759907, min_label=0, max_label=429, instance_name='p20.txt');0.6759907007217407;0.2349932938814163;0.5194661617279053;4.0150612790057494e-07;290.0;p20.txt;101.0;223.0;0.0
Data(x=[436, 1], edge_index=[2, 438], edge_attr=[438, 3], y=289.0, custom_label=0.6736597, min_label=0, max_label=429, instance_name='p20.txt');0.6736596822738647;0.2349932938814163;0.5194661617279053;4.0150612790057494e-07;289.0;p20.txt;101.0;223.0;0.0
Data(x=[436, 1], edge_index=[2, 438], edge_attr=[438, 3], y=288.0, custom_label=0.67132866, min_label=0, max_label=429, instance_name='p20.txt');0.6713286638259888;0.2349932938814163;0.5194661617279053;4.0150612790057494e-07;288.0;p20.txt;101.0;223.0;0.0
Data(x=[436, 1], edge_index=[2, 438], edge_attr=[438, 3], y=287.0, custom_label=0.66899765, min_label=0, max_label=429, instance_name='p20.txt');0.6689976453781128;0.2349932938814163;0.5194661617279053;4.0150612790057494e-07;287.0;p20.txt;101.0;223.0;0.0
Data(x=[436, 1], edge_index=[2, 438], edge_attr=[438, 3], y=286.0, custom_label=0.6666667, min_label=0, max_label=429, instance_name='p20.txt');0.6666666865348816;0.2349932938814163;0.5194661617279053;4.0150612790057494e-07;286.0;p20.txt;101.0;223.0;0.0
Data(x=[436, 1], edge_index=[2, 438], edge_attr=[438, 3], y=285.0, custom_label=0.66433567, min_label=0, max_label=429, instance_name='p20.txt');0.6643356680870056;0.2349932938814163;0.5194661617279053;4.0150612790057494e-07;285.0;p20.txt;101.0;223.0;0.0
Data(x=[436, 1], edge_index=[2, 438], edge_attr=[438, 3], y=284.0, custom_label=0.66200465, min_label=0, max_label=429, instance_name='p20.txt');0.6620046496391296;0.2349932938814163;0.5194661617279053;4.0150612790057494e-07;284.0;p20.txt;101.0;223.0;0.0
Data(x=[436, 1], edge_index=[2, 438], edge_attr=[438, 3], y=283.0, custom_label=0.65967363, min_label=0, max_label=429, instance_name='p20.txt');0.6596736311912537;0.2349932938814163;0.5194661617279053;4.0150612790057494e-07;283.0;p20.txt;101.0;223.0;0.0
Data(x=[436, 1], edge_index=[2, 438], edge_attr=[438, 3], y=282.0, custom_label=0.6573427, min_label=0, max_label=429, instance_name='p20.txt');0.6573426723480225;0.2349932938814163;0.5194661617279053;4.0150612790057494e-07;282.0;p20.txt;101.0;223.0;0.0
Data(x=[436, 1], edge_index=[2, 438], edge_attr=[438, 3], y=281.0, custom_label=0.65501165, min_label=0, max_label=429, instance_name='p20.txt');0.6550116539001465;0.2349932938814163;0.5194661617279053;4.0150612790057494e-07;281.0;p20.txt;101.0;223.0;0.0
Data(x=[436, 1], edge_index=[2, 438], edge_attr=[438, 3], y=280.0, custom_label=0.65268064, min_label=0, max_label=429, instance_name='p20.txt');0.6526806354522705;0.2349932938814163;0.5194661617279053;4.0150612790057494e-07;280.0;p20.txt;101.0;223.0;0.0
Data(x=[436, 1], edge_index=[2, 438], edge_attr=[438, 3], y=279.0, custom_label=0.6503497, min_label=0, max_label=429, instance_name='p20.txt');0.6503496766090393;0.2349932938814163;0.5194661617279053;4.0150612790057494e-07;279.0;p20.txt;101.0;223.0;0.0
Data(x=[436, 1], edge_index=[2, 438], edge_attr=[438, 3], y=278.0, custom_label=0.64801866, min_label=0, max_label=429, instance_name='p20.txt');0.6480186581611633;0.2349932938814163;0.5194661617279053;4.0150612790057494e-07;278.0;p20.txt;101.0;223.0;0.0
Data(x=[436, 1], edge_index=[2, 438], edge_attr=[438, 3], y=277.0, custom_label=0.64568764, min_label=0, max_label=429, instance_name='p20.txt');0.6456876397132874;0.2349932938814163;0.5194661617279053;4.0150612790057494e-07;277.0;p20.txt;101.0;223.0;0.0
Data(x=[436, 1], edge_index=[2, 438], edge_attr=[438, 3], y=276.0, custom_label=0.6433566, min_label=0, max_label=429, instance_name='p20.txt');0.6433566212654114;0.2349932938814163;0.5194661617279053;4.0150612790057494e-07;276.0;p20.txt;101.0;223.0;0.0
Data(x=[436, 1], edge_index=[2, 438], edge_attr=[438, 3], y=275.0, custom_label=0.64102566, min_label=0, max_label=429, instance_name='p20.txt');0.6410256624221802;0.2349932938814163;0.5194661617279053;4.0150612790057494e-07;275.0;p20.txt;101.0;223.0;0.0
Data(x=[436, 1], edge_index=[2, 438], edge_attr=[438, 3], y=274.0, custom_label=0.63869464, min_label=0, max_label=429, instance_name='p20.txt');0.6386946439743042;0.2349932938814163;0.5194661617279053;4.0150612790057494e-07;274.0;p20.txt;101.0;223.0;0.0
Data(x=[436, 1], edge_index=[2, 438], edge_attr=[438, 3], y=273.0, custom_label=0.6363636, min_label=0, max_label=429, instance_name='p20.txt');0.6363636255264282;0.2349932938814163;0.5194661617279053;4.0150612790057494e-07;273.0;p20.txt;101.0;223.0;0.0
Data(x=[436, 1], edge_index=[2, 438], edge_attr=[438, 3], y=272.0, custom_label=0.6340326, min_label=0, max_label=429, instance_name='p20.txt');0.6340326070785522;0.2349932938814163;0.5194661617279053;4.0150612790057494e-07;272.0;p20.txt;101.0;223.0;0.0
Data(x=[436, 1], edge_index=[2, 438], edge_attr=[438, 3], y=271.0, custom_label=0.63170165, min_label=0, max_label=429, instance_name='p20.txt');0.631701648235321;0.2349932938814163;0.5194661617279053;4.0150612790057494e-07;271.0;p20.txt;101.0;223.0;0.0
Data(x=[436, 1], edge_index=[2, 438], edge_attr=[438, 3], y=270.0, custom_label=0.6293706, min_label=0, max_label=429, instance_name='p20.txt');0.6293706297874451;0.2349932938814163;0.5194661617279053;4.0150612790057494e-07;270.0;p20.txt;101.0;223.0;0.0
Data(x=[436, 1], edge_index=[2, 438], edge_attr=[438, 3], y=269.0, custom_label=0.6270396, min_label=0, max_label=429, instance_name='p20.txt');0.6270396113395691;0.2349932938814163;0.5194661617279053;4.0150612790057494e-07;269.0;p20.txt;101.0;223.0;0.0
Data(x=[436, 1], edge_index=[2, 438], edge_attr=[438, 3], y=268.0, custom_label=0.62470865, min_label=0, max_label=429, instance_name='p20.txt');0.6247086524963379;0.2349932938814163;0.5194661617279053;4.0150612790057494e-07;268.0;p20.txt;101.0;223.0;0.0
Data(x=[436, 1], edge_index=[2, 438], edge_attr=[438, 3], y=267.0, custom_label=0.62237763, min_label=0, max_label=429, instance_name='p20.txt');0.6223776340484619;0.2349932938814163;0.5194661617279053;4.0150612790057494e-07;267.0;p20.txt;101.0;223.0;0.0
Data(x=[436, 1], edge_index=[2, 438], edge_attr=[438, 3], y=266.0, custom_label=0.6200466, min_label=0, max_label=429, instance_name='p20.txt');0.6200466156005859;0.2349932938814163;0.5194661617279053;4.0150612790057494e-07;266.0;p20.txt;101.0;223.0;0.0
Data(x=[436, 1], edge_index=[2, 438], edge_attr=[438, 3], y=265.0, custom_label=0.6177156, min_label=0, max_label=429, instance_name='p20.txt');0.61771559715271;0.2349932938814163;0.5194661617279053;4.0150612790057494e-07;265.0;p20.txt;101.0;223.0;0.0
Data(x=[436, 1], edge_index=[2, 438], edge_attr=[438, 3], y=264.0, custom_label=0.61538464, min_label=0, max_label=429, instance_name='p20.txt');0.6153846383094788;0.2349932938814163;0.5194661617279053;4.0150612790057494e-07;264.0;p20.txt;101.0;223.0;0.0
Data(x=[436, 1], edge_index=[2, 438], edge_attr=[438, 3], y=263.0, custom_label=0.6130536, min_label=0, max_label=429, instance_name='p20.txt');0.6130536198616028;0.2349932938814163;0.5194661617279053;4.0150612790057494e-07;263.0;p20.txt;101.0;223.0;0.0
Data(x=[436, 1], edge_index=[2, 438], edge_attr=[438, 3], y=262.0, custom_label=0.6107226, min_label=0, max_label=429, instance_name='p20.txt');0.6107226014137268;0.2349932938814163;0.5194661617279053;4.0150612790057494e-07;262.0;p20.txt;101.0;223.0;0.0
Data(x=[436, 1], edge_index=[2, 438], edge_attr=[438, 3], y=261.0, custom_label=0.6083916, min_label=0, max_label=429, instance_name='p20.txt');0.6083915829658508;0.2349932938814163;0.5194661617279053;4.0150612790057494e-07;261.0;p20.txt;101.0;223.0;0.0
Data(x=[436, 1], edge_index=[2, 438], edge_attr=[438, 3], y=260.0, custom_label=0.6060606, min_label=0, max_label=429, instance_name='p20.txt');0.6060606241226196;0.2349932938814163;0.5194661617279053;4.0150612790057494e-07;260.0;p20.txt;101.0;223.0;0.0
Data(x=[436, 1], edge_index=[2, 438], edge_attr=[438, 3], y=259.0, custom_label=0.6037296, min_label=0, max_label=429, instance_name='p20.txt');0.6037296056747437;0.2349932938814163;0.5194661617279053;4.0150612790057494e-07;259.0;p20.txt;101.0;223.0;0.0
Data(x=[436, 1], edge_index=[2, 438], edge_attr=[438, 3], y=258.0, custom_label=0.6013986, min_label=0, max_label=429, instance_name='p20.txt');0.6013985872268677;0.2349932938814163;0.5194661617279053;4.0150612790057494e-07;258.0;p20.txt;101.0;223.0;0.0
Data(x=[436, 1], edge_index=[2, 438], edge_attr=[438, 3], y=257.0, custom_label=0.5990676, min_label=0, max_label=429, instance_name='p20.txt');0.5990676283836365;0.2349932938814163;0.5194661617279053;4.0150612790057494e-07;257.0;p20.txt;101.0;223.0;0.0
Data(x=[436, 1], edge_index=[2, 438], edge_attr=[438, 3], y=256.0, custom_label=0.5967366, min_label=0, max_label=429, instance_name='p20.txt');0.5967366099357605;0.2349932938814163;0.5194661617279053;4.0150612790057494e-07;256.0;p20.txt;101.0;223.0;0.0
Data(x=[436, 1], edge_index=[2, 438], edge_attr=[438, 3], y=255.0, custom_label=0.5944056, min_label=0, max_label=429, instance_name='p20.txt');0.5944055914878845;0.2349932938814163;0.5194661617279053;4.0150612790057494e-07;255.0;p20.txt;101.0;223.0;0.0
Data(x=[436, 1], edge_index=[2, 438], edge_attr=[438, 3], y=254.0, custom_label=0.5920746, min_label=0, max_label=429, instance_name='p20.txt');0.5920745730400085;0.2349932938814163;0.5194661617279053;4.0150612790057494e-07;254.0;p20.txt;101.0;223.0;0.0
Data(x=[436, 1], edge_index=[2, 438], edge_attr=[438, 3], y=253.0, custom_label=0.5897436, min_label=0, max_label=429, instance_name='p20.txt');0.5897436141967773;0.2349932938814163;0.5194661617279053;4.0150612790057494e-07;253.0;p20.txt;101.0;223.0;0.0
Data(x=[436, 1], edge_index=[2, 438], edge_attr=[438, 3], y=252.0, custom_label=0.5874126, min_label=0, max_label=429, instance_name='p20.txt');0.5874125957489014;0.2349932938814163;0.5194661617279053;4.0150612790057494e-07;252.0;p20.txt;101.0;223.0;0.0
Data(x=[436, 1], edge_index=[2, 438], edge_attr=[438, 3], y=251.0, custom_label=0.5850816, min_label=0, max_label=429, instance_name='p20.txt');0.5850815773010254;0.2349932938814163;0.5194661617279053;4.0150612790057494e-07;251.0;p20.txt;101.0;223.0;0.0
Data(x=[436, 1], edge_index=[2, 438], edge_attr=[438, 3], y=250.0, custom_label=0.58275056, min_label=0, max_label=429, instance_name='p20.txt');0.5827505588531494;0.2349932938814163;0.5194661617279053;4.0150612790057494e-07;250.0;p20.txt;101.0;223.0;0.0
Data(x=[436, 1], edge_index=[2, 438], edge_attr=[438, 3], y=249.0, custom_label=0.5804196, min_label=0, max_label=429, instance_name='p20.txt');0.5804196000099182;0.2349932938814163;0.5194661617279053;4.0150612790057494e-07;249.0;p20.txt;101.0;223.0;0.0
Data(x=[436, 1], edge_index=[2, 438], edge_attr=[438, 3], y=248.0, custom_label=0.5780886, min_label=0, max_label=429, instance_name='p20.txt');0.5780885815620422;0.2349932938814163;0.5194661617279053;4.0150612790057494e-07;248.0;p20.txt;101.0;223.0;0.0
Data(x=[436, 1], edge_index=[2, 438], edge_attr=[438, 3], y=247.0, custom_label=0.57575756, min_label=0, max_label=429, instance_name='p20.txt');0.5757575631141663;0.2349932938814163;0.5194661617279053;4.0150612790057494e-07;247.0;p20.txt;101.0;223.0;0.0
Data(x=[436, 1], edge_index=[2, 438], edge_attr=[438, 3], y=246.0, custom_label=0.57342654, min_label=0, max_label=429, instance_name='p20.txt');0.5734265446662903;0.2349932938814163;0.5194661617279053;4.0150612790057494e-07;246.0;p20.txt;101.0;223.0;0.0
Data(x=[436, 1], edge_index=[2, 438], edge_attr=[438, 3], y=245.0, custom_label=0.5710956, min_label=0, max_label=429, instance_name='p20.txt');0.5710955858230591;0.2349932938814163;0.5194661617279053;4.0150612790057494e-07;245.0;p20.txt;101.0;223.0;0.0
Data(x=[436, 1], edge_index=[2, 438], edge_attr=[438, 3], y=244.0, custom_label=0.56876457, min_label=0, max_label=429, instance_name='p20.txt');0.5687645673751831;0.2349932938814163;0.5194661617279053;4.0150612790057494e-07;244.0;p20.txt;101.0;223.0;0.0
Data(x=[436, 1], edge_index=[2, 438], edge_attr=[438, 3], y=243.0, custom_label=0.56643355, min_label=0, max_label=429, instance_name='p20.txt');0.5664335489273071;0.2349932938814163;0.5194661617279053;4.0150612790057494e-07;243.0;p20.txt;101.0;223.0;0.0
Data(x=[436, 1], edge_index=[2, 438], edge_attr=[438, 3], y=242.0, custom_label=0.5641026, min_label=0, max_label=429, instance_name='p20.txt');0.5641025900840759;0.2349932938814163;0.5194661617279053;4.0150612790057494e-07;242.0;p20.txt;101.0;223.0;0.0
Data(x=[436, 1], edge_index=[2, 438], edge_attr=[438, 3], y=241.0, custom_label=0.5617716, min_label=0, max_label=429, instance_name='p20.txt');0.5617715716362;0.2349932938814163;0.5194661617279053;4.0150612790057494e-07;241.0;p20.txt;101.0;223.0;0.0
Data(x=[436, 1], edge_index=[2, 438], edge_attr=[438, 3], y=240.0, custom_label=0.55944055, min_label=0, max_label=429, instance_name='p20.txt');0.559440553188324;0.2349932938814163;0.5194661617279053;4.0150612790057494e-07;240.0;p20.txt;101.0;223.0;0.0
Data(x=[436, 1], edge_index=[2, 438], edge_attr=[438, 3], y=239.0, custom_label=0.55710953, min_label=0, max_label=429, instance_name='p20.txt');0.557109534740448;0.2349932938814163;0.5194661617279053;4.0150612790057494e-07;239.0;p20.txt;101.0;223.0;0.0
Data(x=[436, 1], edge_index=[2, 438], edge_attr=[438, 3], y=238.0, custom_label=0.5547786, min_label=0, max_label=429, instance_name='p20.txt');0.5547785758972168;0.2349932938814163;0.5194661617279053;4.0150612790057494e-07;238.0;p20.txt;101.0;223.0;0.0
Data(x=[436, 1], edge_index=[2, 438], edge_attr=[438, 3], y=237.0, custom_label=0.55244756, min_label=0, max_label=429, instance_name='p20.txt');0.5524475574493408;0.2349932938814163;0.5194661617279053;4.0150612790057494e-07;237.0;p20.txt;101.0;223.0;0.0
Data(x=[436, 1], edge_index=[2, 438], edge_attr=[438, 3], y=236.0, custom_label=0.55011654, min_label=0, max_label=429, instance_name='p20.txt');0.5501165390014648;0.2349932938814163;0.5194661617279053;4.0150612790057494e-07;236.0;p20.txt;101.0;223.0;0.0
Data(x=[436, 1], edge_index=[2, 438], edge_attr=[438, 3], y=235.0, custom_label=0.5477855, min_label=0, max_label=429, instance_name='p20.txt');0.5477855205535889;0.2349932938814163;0.5194661617279053;4.0150612790057494e-07;235.0;p20.txt;101.0;223.0;0.0
Data(x=[436, 1], edge_index=[2, 438], edge_attr=[438, 3], y=234.0, custom_label=0.54545456, min_label=0, max_label=429, instance_name='p20.txt');0.5454545617103577;0.2349932938814163;0.5194661617279053;4.0150612790057494e-07;234.0;p20.txt;101.0;223.0;0.0
Data(x=[436, 1], edge_index=[2, 438], edge_attr=[438, 3], y=233.0, custom_label=0.54312354, min_label=0, max_label=429, instance_name='p20.txt');0.5431235432624817;0.2349932938814163;0.5194661617279053;4.0150612790057494e-07;233.0;p20.txt;101.0;223.0;0.0
Data(x=[436, 1], edge_index=[2, 438], edge_attr=[438, 3], y=232.0, custom_label=0.5407925, min_label=0, max_label=429, instance_name='p20.txt');0.5407925248146057;0.2349932938814163;0.5194661617279053;4.0150612790057494e-07;232.0;p20.txt;101.0;223.0;0.0
Data(x=[436, 1], edge_index=[2, 438], edge_attr=[438, 3], y=231.0, custom_label=0.53846157, min_label=0, max_label=429, instance_name='p20.txt');0.5384615659713745;0.2349932938814163;0.5194661617279053;4.0150612790057494e-07;231.0;p20.txt;101.0;223.0;0.0
Data(x=[436, 1], edge_index=[2, 438], edge_attr=[438, 3], y=230.0, custom_label=0.53613055, min_label=0, max_label=429, instance_name='p20.txt');0.5361305475234985;0.2349932938814163;0.5194661617279053;4.0150612790057494e-07;230.0;p20.txt;101.0;223.0;0.0
Data(x=[436, 1], edge_index=[2, 438], edge_attr=[438, 3], y=229.0, custom_label=0.5337995, min_label=0, max_label=429, instance_name='p20.txt');0.5337995290756226;0.2349932938814163;0.5194661617279053;4.0150612790057494e-07;229.0;p20.txt;101.0;223.0;0.0
Data(x=[436, 1], edge_index=[2, 438], edge_attr=[438, 3], y=228.0, custom_label=0.5314685, min_label=0, max_label=429, instance_name='p20.txt');0.5314685106277466;0.2349932938814163;0.5194661617279053;4.0150612790057494e-07;228.0;p20.txt;101.0;223.0;0.0
Data(x=[436, 1], edge_index=[2, 438], edge_attr=[438, 3], y=227.0, custom_label=0.52913755, min_label=0, max_label=429, instance_name='p20.txt');0.5291375517845154;0.2349932938814163;0.5194661617279053;4.0150612790057494e-07;227.0;p20.txt;101.0;223.0;0.0
Data(x=[436, 1], edge_index=[2, 438], edge_attr=[438, 3], y=226.0, custom_label=0.52680653, min_label=0, max_label=429, instance_name='p20.txt');0.5268065333366394;0.2349932938814163;0.5194661617279053;4.0150612790057494e-07;226.0;p20.txt;101.0;223.0;0.0
Data(x=[436, 1], edge_index=[2, 438], edge_attr=[438, 3], y=225.0, custom_label=0.5244755, min_label=0, max_label=429, instance_name='p20.txt');0.5244755148887634;0.2349932938814163;0.5194661617279053;4.0150612790057494e-07;225.0;p20.txt;101.0;223.0;0.0
Data(x=[436, 1], edge_index=[2, 438], edge_attr=[438, 3], y=224.0, custom_label=0.5221445, min_label=0, max_label=429, instance_name='p20.txt');0.5221444964408875;0.2349932938814163;0.5194661617279053;4.0150612790057494e-07;224.0;p20.txt;101.0;223.0;0.0
Data(x=[436, 1], edge_index=[2, 438], edge_attr=[438, 3], y=223.0, custom_label=0.51981354, min_label=0, max_label=429, instance_name='p20.txt');0.5198135375976562;0.2349932938814163;0.5194661617279053;4.0150612790057494e-07;223.0;p20.txt;101.0;223.0;0.0
Data(x=[436, 1], edge_index=[2, 438], edge_attr=[438, 3], y=222.0, custom_label=0.5174825, min_label=0, max_label=429, instance_name='p20.txt');0.5174825191497803;0.2349932938814163;0.5194661617279053;4.0150612790057494e-07;222.0;p20.txt;101.0;223.0;0.0
Data(x=[436, 1], edge_index=[2, 438], edge_attr=[438, 3], y=221.0, custom_label=0.5151515, min_label=0, max_label=429, instance_name='p20.txt');0.5151515007019043;0.2349932938814163;0.5194661617279053;4.0150612790057494e-07;221.0;p20.txt;101.0;223.0;0.0
Data(x=[436, 1], edge_index=[2, 438], edge_attr=[438, 3], y=220.0, custom_label=0.51282054, min_label=0, max_label=429, instance_name='p20.txt');0.5128205418586731;0.2349932938814163;0.5194661617279053;4.0150612790057494e-07;220.0;p20.txt;101.0;223.0;0.0
Data(x=[436, 1], edge_index=[2, 438], edge_attr=[438, 3], y=219.0, custom_label=0.5104895, min_label=0, max_label=429, instance_name='p20.txt');0.5104895234107971;0.2349932938814163;0.5194661617279053;4.0150612790057494e-07;219.0;p20.txt;101.0;223.0;0.0
Data(x=[436, 1], edge_index=[2, 438], edge_attr=[438, 3], y=218.0, custom_label=0.5081585, min_label=0, max_label=429, instance_name='p20.txt');0.5081585049629211;0.2349932938814163;0.5194661617279053;4.0150612790057494e-07;218.0;p20.txt;101.0;223.0;0.0
Data(x=[436, 1], edge_index=[2, 438], edge_attr=[438, 3], y=217.0, custom_label=0.5058275, min_label=0, max_label=429, instance_name='p20.txt');0.5058274865150452;0.2349932938814163;0.5194661617279053;4.0150612790057494e-07;217.0;p20.txt;101.0;223.0;0.0
Data(x=[436, 1], edge_index=[2, 438], edge_attr=[438, 3], y=216.0, custom_label=0.5034965, min_label=0, max_label=429, instance_name='p20.txt');0.503496527671814;0.2349932938814163;0.5194661617279053;4.0150612790057494e-07;216.0;p20.txt;101.0;223.0;0.0
Data(x=[436, 1], edge_index=[2, 438], edge_attr=[438, 3], y=215.0, custom_label=0.5011655, min_label=0, max_label=429, instance_name='p20.txt');0.501165509223938;0.2349932938814163;0.5194661617279053;4.0150612790057494e-07;215.0;p20.txt;101.0;223.0;0.0
Data(x=[436, 1], edge_index=[2, 438], edge_attr=[438, 3], y=214.0, custom_label=0.4988345, min_label=0, max_label=429, instance_name='p20.txt');0.498834490776062;0.2349932938814163;0.5194661617279053;4.0150612790057494e-07;214.0;p20.txt;101.0;223.0;0.0
Data(x=[436, 1], edge_index=[2, 438], edge_attr=[438, 3], y=213.0, custom_label=0.4965035, min_label=0, max_label=429, instance_name='p20.txt');0.4965035021305084;0.2349932938814163;0.5194661617279053;4.0150612790057494e-07;213.0;p20.txt;101.0;223.0;0.0
Data(x=[436, 1], edge_index=[2, 438], edge_attr=[438, 3], y=212.0, custom_label=0.49417248, min_label=0, max_label=429, instance_name='p20.txt');0.4941724836826324;0.2349932938814163;0.5194661617279053;4.0150612790057494e-07;212.0;p20.txt;101.0;223.0;0.0
Data(x=[436, 1], edge_index=[2, 438], edge_attr=[438, 3], y=211.0, custom_label=0.4918415, min_label=0, max_label=429, instance_name='p20.txt');0.4918414950370788;0.2349932938814163;0.5194661617279053;4.0150612790057494e-07;211.0;p20.txt;101.0;223.0;0.0
Data(x=[436, 1], edge_index=[2, 438], edge_attr=[438, 3], y=210.0, custom_label=0.48951048, min_label=0, max_label=429, instance_name='p20.txt');0.4895104765892029;0.2349932938814163;0.5194661617279053;4.0150612790057494e-07;210.0;p20.txt;101.0;223.0;0.0
Data(x=[436, 1], edge_index=[2, 438], edge_attr=[438, 3], y=209.0, custom_label=0.4871795, min_label=0, max_label=429, instance_name='p20.txt');0.4871794879436493;0.2349932938814163;0.5194661617279053;4.0150612790057494e-07;209.0;p20.txt;101.0;223.0;0.0
Data(x=[436, 1], edge_index=[2, 438], edge_attr=[438, 3], y=208.0, custom_label=0.4848485, min_label=0, max_label=429, instance_name='p20.txt');0.4848484992980957;0.2349932938814163;0.5194661617279053;4.0150612790057494e-07;208.0;p20.txt;101.0;223.0;0.0
Data(x=[436, 1], edge_index=[2, 438], edge_attr=[438, 3], y=207.0, custom_label=0.48251748, min_label=0, max_label=429, instance_name='p20.txt');0.4825174808502197;0.2349932938814163;0.5194661617279053;4.0150612790057494e-07;207.0;p20.txt;101.0;223.0;0.0
Data(x=[436, 1], edge_index=[2, 438], edge_attr=[438, 3], y=206.0, custom_label=0.4801865, min_label=0, max_label=429, instance_name='p20.txt');0.4801864922046661;0.2349932938814163;0.5194661617279053;4.0150612790057494e-07;206.0;p20.txt;101.0;223.0;0.0
Data(x=[436, 1], edge_index=[2, 438], edge_attr=[438, 3], y=205.0, custom_label=0.47785547, min_label=0, max_label=429, instance_name='p20.txt');0.4778554737567901;0.2349932938814163;0.5194661617279053;4.0150612790057494e-07;205.0;p20.txt;101.0;223.0;0.0
Data(x=[436, 1], edge_index=[2, 438], edge_attr=[438, 3], y=204.0, custom_label=0.4755245, min_label=0, max_label=429, instance_name='p20.txt');0.4755244851112366;0.2349932938814163;0.5194661617279053;4.0150612790057494e-07;204.0;p20.txt;101.0;223.0;0.0
Data(x=[436, 1], edge_index=[2, 438], edge_attr=[438, 3], y=203.0, custom_label=0.47319347, min_label=0, max_label=429, instance_name='p20.txt');0.4731934666633606;0.2349932938814163;0.5194661617279053;4.0150612790057494e-07;203.0;p20.txt;101.0;223.0;0.0
Data(x=[436, 1], edge_index=[2, 438], edge_attr=[438, 3], y=202.0, custom_label=0.47086248, min_label=0, max_label=429, instance_name='p20.txt');0.470862478017807;0.2349932938814163;0.5194661617279053;4.0150612790057494e-07;202.0;p20.txt;101.0;223.0;0.0
Data(x=[436, 1], edge_index=[2, 438], edge_attr=[438, 3], y=201.0, custom_label=0.46853146, min_label=0, max_label=429, instance_name='p20.txt');0.468531459569931;0.2349932938814163;0.5194661617279053;4.0150612790057494e-07;201.0;p20.txt;101.0;223.0;0.0
Data(x=[436, 1], edge_index=[2, 438], edge_attr=[438, 3], y=200.0, custom_label=0.46620047, min_label=0, max_label=429, instance_name='p20.txt');0.4662004709243774;0.2349932938814163;0.5194661617279053;4.0150612790057494e-07;200.0;p20.txt;101.0;223.0;0.0
Data(x=[436, 1], edge_index=[2, 438], edge_attr=[438, 3], y=199.0, custom_label=0.46386945, min_label=0, max_label=429, instance_name='p20.txt');0.4638694524765014;0.2349932938814163;0.5194661617279053;4.0150612790057494e-07;199.0;p20.txt;101.0;223.0;0.0
Data(x=[436, 1], edge_index=[2, 438], edge_attr=[438, 3], y=198.0, custom_label=0.46153846, min_label=0, max_label=429, instance_name='p20.txt');0.4615384638309479;0.2349932938814163;0.5194661617279053;4.0150612790057494e-07;198.0;p20.txt;101.0;223.0;0.0
Data(x=[436, 1], edge_index=[2, 438], edge_attr=[438, 3], y=197.0, custom_label=0.45920745, min_label=0, max_label=429, instance_name='p20.txt');0.4592074453830719;0.2349932938814163;0.5194661617279053;4.0150612790057494e-07;197.0;p20.txt;101.0;223.0;0.0
Data(x=[436, 1], edge_index=[2, 438], edge_attr=[438, 3], y=196.0, custom_label=0.45687646, min_label=0, max_label=429, instance_name='p20.txt');0.4568764567375183;0.2349932938814163;0.5194661617279053;4.0150612790057494e-07;196.0;p20.txt;101.0;223.0;0.0
Data(x=[436, 1], edge_index=[2, 438], edge_attr=[438, 3], y=195.0, custom_label=0.45454547, min_label=0, max_label=429, instance_name='p20.txt');0.4545454680919647;0.2349932938814163;0.5194661617279053;4.0150612790057494e-07;195.0;p20.txt;101.0;223.0;0.0
Data(x=[436, 1], edge_index=[2, 438], edge_attr=[438, 3], y=194.0, custom_label=0.45221445, min_label=0, max_label=429, instance_name='p20.txt');0.4522144496440887;0.2349932938814163;0.5194661617279053;4.0150612790057494e-07;194.0;p20.txt;101.0;223.0;0.0
Data(x=[436, 1], edge_index=[2, 438], edge_attr=[438, 3], y=193.0, custom_label=0.44988346, min_label=0, max_label=429, instance_name='p20.txt');0.4498834609985351;0.2349932938814163;0.5194661617279053;4.0150612790057494e-07;193.0;p20.txt;101.0;223.0;0.0
Data(x=[436, 1], edge_index=[2, 438], edge_attr=[438, 3], y=192.0, custom_label=0.44755244, min_label=0, max_label=429, instance_name='p20.txt');0.4475524425506592;0.2349932938814163;0.5194661617279053;4.0150612790057494e-07;192.0;p20.txt;101.0;223.0;0.0
Data(x=[436, 1], edge_index=[2, 438], edge_attr=[438, 3], y=191.0, custom_label=0.44522145, min_label=0, max_label=429, instance_name='p20.txt');0.4452214539051056;0.2349932938814163;0.5194661617279053;4.0150612790057494e-07;191.0;p20.txt;101.0;223.0;0.0
Data(x=[436, 1], edge_index=[2, 438], edge_attr=[438, 3], y=190.0, custom_label=0.44289044, min_label=0, max_label=429, instance_name='p20.txt');0.4428904354572296;0.2349932938814163;0.5194661617279053;4.0150612790057494e-07;190.0;p20.txt;101.0;223.0;0.0
Data(x=[436, 1], edge_index=[2, 438], edge_attr=[438, 3], y=189.0, custom_label=0.44055945, min_label=0, max_label=429, instance_name='p20.txt');0.440559446811676;0.2349932938814163;0.5194661617279053;4.0150612790057494e-07;189.0;p20.txt;101.0;223.0;0.0
Data(x=[436, 1], edge_index=[2, 438], edge_attr=[438, 3], y=188.0, custom_label=0.43822843, min_label=0, max_label=429, instance_name='p20.txt');0.4382284283638;0.2349932938814163;0.5194661617279053;4.0150612790057494e-07;188.0;p20.txt;101.0;223.0;0.0
Data(x=[436, 1], edge_index=[2, 438], edge_attr=[438, 3], y=187.0, custom_label=0.43589744, min_label=0, max_label=429, instance_name='p20.txt');0.4358974397182464;0.2349932938814163;0.5194661617279053;4.0150612790057494e-07;187.0;p20.txt;101.0;223.0;0.0
Data(x=[436, 1], edge_index=[2, 438], edge_attr=[438, 3], y=186.0, custom_label=0.43356642, min_label=0, max_label=429, instance_name='p20.txt');0.4335664212703705;0.2349932938814163;0.5194661617279053;4.0150612790057494e-07;186.0;p20.txt;101.0;223.0;0.0
Data(x=[436, 1], edge_index=[2, 438], edge_attr=[438, 3], y=185.0, custom_label=0.43123543, min_label=0, max_label=429, instance_name='p20.txt');0.4312354326248169;0.2349932938814163;0.5194661617279053;4.0150612790057494e-07;185.0;p20.txt;101.0;223.0;0.0
Data(x=[436, 1], edge_index=[2, 438], edge_attr=[438, 3], y=184.0, custom_label=0.4289044, min_label=0, max_label=429, instance_name='p20.txt');0.4289044141769409;0.2349932938814163;0.5194661617279053;4.0150612790057494e-07;184.0;p20.txt;101.0;223.0;0.0
Data(x=[436, 1], edge_index=[2, 438], edge_attr=[438, 3], y=183.0, custom_label=0.42657343, min_label=0, max_label=429, instance_name='p20.txt');0.4265734255313873;0.2349932938814163;0.5194661617279053;4.0150612790057494e-07;183.0;p20.txt;101.0;223.0;0.0
Data(x=[436, 1], edge_index=[2, 438], edge_attr=[438, 3], y=182.0, custom_label=0.42424244, min_label=0, max_label=429, instance_name='p20.txt');0.4242424368858337;0.2349932938814163;0.5194661617279053;4.0150612790057494e-07;182.0;p20.txt;101.0;223.0;0.0
Data(x=[436, 1], edge_index=[2, 438], edge_attr=[438, 3], y=181.0, custom_label=0.42191142, min_label=0, max_label=429, instance_name='p20.txt');0.4219114184379577;0.2349932938814163;0.5194661617279053;4.0150612790057494e-07;181.0;p20.txt;101.0;223.0;0.0
Data(x=[436, 1], edge_index=[2, 438], edge_attr=[438, 3], y=180.0, custom_label=0.41958043, min_label=0, max_label=429, instance_name='p20.txt');0.4195804297924042;0.2349932938814163;0.5194661617279053;4.0150612790057494e-07;180.0;p20.txt;101.0;223.0;0.0
Data(x=[436, 1], edge_index=[2, 438], edge_attr=[438, 3], y=179.0, custom_label=0.4172494, min_label=0, max_label=429, instance_name='p20.txt');0.4172494113445282;0.2349932938814163;0.5194661617279053;4.0150612790057494e-07;179.0;p20.txt;101.0;223.0;0.0
Data(x=[436, 1], edge_index=[2, 438], edge_attr=[438, 3], y=178.0, custom_label=0.41491842, min_label=0, max_label=429, instance_name='p20.txt');0.4149184226989746;0.2349932938814163;0.5194661617279053;4.0150612790057494e-07;178.0;p20.txt;101.0;223.0;0.0
Data(x=[436, 1], edge_index=[2, 438], edge_attr=[438, 3], y=177.0, custom_label=0.4125874, min_label=0, max_label=429, instance_name='p20.txt');0.4125874042510986;0.2349932938814163;0.5194661617279053;4.0150612790057494e-07;177.0;p20.txt;101.0;223.0;0.0
Data(x=[436, 1], edge_index=[2, 438], edge_attr=[438, 3], y=176.0, custom_label=0.41025642, min_label=0, max_label=429, instance_name='p20.txt');0.410256415605545;0.2349932938814163;0.5194661617279053;4.0150612790057494e-07;176.0;p20.txt;101.0;223.0;0.0
Data(x=[436, 1], edge_index=[2, 438], edge_attr=[438, 3], y=175.0, custom_label=0.4079254, min_label=0, max_label=429, instance_name='p20.txt');0.407925397157669;0.2349932938814163;0.5194661617279053;4.0150612790057494e-07;175.0;p20.txt;101.0;223.0;0.0
Data(x=[436, 1], edge_index=[2, 438], edge_attr=[438, 3], y=174.0, custom_label=0.4055944, min_label=0, max_label=429, instance_name='p20.txt');0.4055944085121155;0.2349932938814163;0.5194661617279053;4.0150612790057494e-07;174.0;p20.txt;101.0;223.0;0.0
Data(x=[436, 1], edge_index=[2, 438], edge_attr=[438, 3], y=173.0, custom_label=0.4032634, min_label=0, max_label=429, instance_name='p20.txt');0.4032633900642395;0.2349932938814163;0.5194661617279053;4.0150612790057494e-07;173.0;p20.txt;101.0;223.0;0.0
Data(x=[436, 1], edge_index=[2, 438], edge_attr=[438, 3], y=172.0, custom_label=0.4009324, min_label=0, max_label=429, instance_name='p20.txt');0.4009324014186859;0.2349932938814163;0.5194661617279053;4.0150612790057494e-07;172.0;p20.txt;101.0;223.0;0.0
Data(x=[436, 1], edge_index=[2, 438], edge_attr=[438, 3], y=171.0, custom_label=0.3986014, min_label=0, max_label=429, instance_name='p20.txt');0.3986014127731323;0.2349932938814163;0.5194661617279053;4.0150612790057494e-07;171.0;p20.txt;101.0;223.0;0.0
Data(x=[436, 1], edge_index=[2, 438], edge_attr=[438, 3], y=170.0, custom_label=0.3962704, min_label=0, max_label=429, instance_name='p20.txt');0.3962703943252563;0.2349932938814163;0.5194661617279053;4.0150612790057494e-07;170.0;p20.txt;101.0;223.0;0.0
Data(x=[436, 1], edge_index=[2, 438], edge_attr=[438, 3], y=169.0, custom_label=0.3939394, min_label=0, max_label=429, instance_name='p20.txt');0.3939394056797027;0.2349932938814163;0.5194661617279053;4.0150612790057494e-07;169.0;p20.txt;101.0;223.0;0.0
Data(x=[436, 1], edge_index=[2, 438], edge_attr=[438, 3], y=168.0, custom_label=0.3916084, min_label=0, max_label=429, instance_name='p20.txt');0.3916083872318268;0.2349932938814163;0.5194661617279053;4.0150612790057494e-07;168.0;p20.txt;101.0;223.0;0.0
Data(x=[436, 1], edge_index=[2, 438], edge_attr=[438, 3], y=167.0, custom_label=0.3892774, min_label=0, max_label=429, instance_name='p20.txt');0.3892773985862732;0.2349932938814163;0.5194661617279053;4.0150612790057494e-07;167.0;p20.txt;101.0;223.0;0.0
Data(x=[436, 1], edge_index=[2, 438], edge_attr=[438, 3], y=166.0, custom_label=0.38694638, min_label=0, max_label=429, instance_name='p20.txt');0.3869463801383972;0.2349932938814163;0.5194661617279053;4.0150612790057494e-07;166.0;p20.txt;101.0;223.0;0.0
Data(x=[436, 1], edge_index=[2, 438], edge_attr=[438, 3], y=165.0, custom_label=0.3846154, min_label=0, max_label=429, instance_name='p20.txt');0.3846153914928436;0.2349932938814163;0.5194661617279053;4.0150612790057494e-07;165.0;p20.txt;101.0;223.0;0.0
Data(x=[436, 1], edge_index=[2, 438], edge_attr=[438, 3], y=164.0, custom_label=0.38228437, min_label=0, max_label=429, instance_name='p20.txt');0.3822843730449676;0.2349932938814163;0.5194661617279053;4.0150612790057494e-07;164.0;p20.txt;101.0;223.0;0.0
Data(x=[436, 1], edge_index=[2, 438], edge_attr=[438, 3], y=163.0, custom_label=0.37995338, min_label=0, max_label=429, instance_name='p20.txt');0.379953384399414;0.2349932938814163;0.5194661617279053;4.0150612790057494e-07;163.0;p20.txt;101.0;223.0;0.0
Data(x=[436, 1], edge_index=[2, 438], edge_attr=[438, 3], y=162.0, custom_label=0.37762237, min_label=0, max_label=429, instance_name='p20.txt');0.3776223659515381;0.2349932938814163;0.5194661617279053;4.0150612790057494e-07;162.0;p20.txt;101.0;223.0;0.0
Data(x=[436, 1], edge_index=[2, 438], edge_attr=[438, 3], y=161.0, custom_label=0.37529138, min_label=0, max_label=429, instance_name='p20.txt');0.3752913773059845;0.2349932938814163;0.5194661617279053;4.0150612790057494e-07;161.0;p20.txt;101.0;223.0;0.0
Data(x=[436, 1], edge_index=[2, 438], edge_attr=[438, 3], y=160.0, custom_label=0.37296036, min_label=0, max_label=429, instance_name='p20.txt');0.3729603588581085;0.2349932938814163;0.5194661617279053;4.0150612790057494e-07;160.0;p20.txt;101.0;223.0;0.0
Data(x=[436, 1], edge_index=[2, 438], edge_attr=[438, 3], y=159.0, custom_label=0.37062937, min_label=0, max_label=429, instance_name='p20.txt');0.3706293702125549;0.2349932938814163;0.5194661617279053;4.0150612790057494e-07;159.0;p20.txt;101.0;223.0;0.0
Data(x=[436, 1], edge_index=[2, 438], edge_attr=[438, 3], y=158.0, custom_label=0.36829838, min_label=0, max_label=429, instance_name='p20.txt');0.3682983815670013;0.2349932938814163;0.5194661617279053;4.0150612790057494e-07;158.0;p20.txt;101.0;223.0;0.0
Data(x=[436, 1], edge_index=[2, 438], edge_attr=[438, 3], y=157.0, custom_label=0.36596736, min_label=0, max_label=429, instance_name='p20.txt');0.3659673631191253;0.2349932938814163;0.5194661617279053;4.0150612790057494e-07;157.0;p20.txt;101.0;223.0;0.0
Data(x=[436, 1], edge_index=[2, 438], edge_attr=[438, 3], y=156.0, custom_label=0.36363637, min_label=0, max_label=429, instance_name='p20.txt');0.3636363744735718;0.2349932938814163;0.5194661617279053;4.0150612790057494e-07;156.0;p20.txt;101.0;223.0;0.0
Data(x=[436, 1], edge_index=[2, 438], edge_attr=[438, 3], y=155.0, custom_label=0.36130536, min_label=0, max_label=429, instance_name='p20.txt');0.3613053560256958;0.2349932938814163;0.5194661617279053;4.0150612790057494e-07;155.0;p20.txt;101.0;223.0;0.0
Data(x=[436, 1], edge_index=[2, 438], edge_attr=[438, 3], y=154.0, custom_label=0.35897437, min_label=0, max_label=429, instance_name='p20.txt');0.3589743673801422;0.2349932938814163;0.5194661617279053;4.0150612790057494e-07;154.0;p20.txt;101.0;223.0;0.0
Data(x=[436, 1], edge_index=[2, 438], edge_attr=[438, 3], y=153.0, custom_label=0.35664335, min_label=0, max_label=429, instance_name='p20.txt');0.3566433489322662;0.2349932938814163;0.5194661617279053;4.0150612790057494e-07;153.0;p20.txt;101.0;223.0;0.0
Data(x=[436, 1], edge_index=[2, 438], edge_attr=[438, 3], y=152.0, custom_label=0.35431236, min_label=0, max_label=429, instance_name='p20.txt');0.3543123602867126;0.2349932938814163;0.5194661617279053;4.0150612790057494e-07;152.0;p20.txt;101.0;223.0;0.0
Data(x=[436, 1], edge_index=[2, 438], edge_attr=[438, 3], y=151.0, custom_label=0.35198134, min_label=0, max_label=429, instance_name='p20.txt');0.3519813418388366;0.2349932938814163;0.5194661617279053;4.0150612790057494e-07;151.0;p20.txt;101.0;223.0;0.0
Data(x=[436, 1], edge_index=[2, 438], edge_attr=[438, 3], y=150.0, custom_label=0.34965035, min_label=0, max_label=429, instance_name='p20.txt');0.3496503531932831;0.2349932938814163;0.5194661617279053;4.0150612790057494e-07;150.0;p20.txt;101.0;223.0;0.0
Data(x=[436, 1], edge_index=[2, 438], edge_attr=[438, 3], y=149.0, custom_label=0.34731933, min_label=0, max_label=429, instance_name='p20.txt');0.3473193347454071;0.2349932938814163;0.5194661617279053;4.0150612790057494e-07;149.0;p20.txt;101.0;223.0;0.0
Data(x=[436, 1], edge_index=[2, 438], edge_attr=[438, 3], y=148.0, custom_label=0.34498835, min_label=0, max_label=429, instance_name='p20.txt');0.3449883460998535;0.2349932938814163;0.5194661617279053;4.0150612790057494e-07;148.0;p20.txt;101.0;223.0;0.0
Data(x=[436, 1], edge_index=[2, 438], edge_attr=[438, 3], y=147.0, custom_label=0.34265736, min_label=0, max_label=429, instance_name='p20.txt');0.3426573574542999;0.2349932938814163;0.5194661617279053;4.0150612790057494e-07;147.0;p20.txt;101.0;223.0;0.0
Data(x=[436, 1], edge_index=[2, 438], edge_attr=[438, 3], y=146.0, custom_label=0.34032634, min_label=0, max_label=429, instance_name='p20.txt');0.3403263390064239;0.2349932938814163;0.5194661617279053;4.0150612790057494e-07;146.0;p20.txt;101.0;223.0;0.0
Data(x=[436, 1], edge_index=[2, 438], edge_attr=[438, 3], y=145.0, custom_label=0.33799535, min_label=0, max_label=429, instance_name='p20.txt');0.3379953503608703;0.2349932938814163;0.5194661617279053;4.0150612790057494e-07;145.0;p20.txt;101.0;223.0;0.0
Data(x=[436, 1], edge_index=[2, 438], edge_attr=[438, 3], y=144.0, custom_label=0.33566433, min_label=0, max_label=429, instance_name='p20.txt');0.3356643319129944;0.2349932938814163;0.5194661617279053;4.0150612790057494e-07;144.0;p20.txt;101.0;223.0;0.0
Data(x=[436, 1], edge_index=[2, 438], edge_attr=[438, 3], y=143.0, custom_label=0.33333334, min_label=0, max_label=429, instance_name='p20.txt');0.3333333432674408;0.2349932938814163;0.5194661617279053;4.0150612790057494e-07;143.0;p20.txt;101.0;223.0;0.0
Data(x=[436, 1], edge_index=[2, 438], edge_attr=[438, 3], y=142.0, custom_label=0.33100232, min_label=0, max_label=429, instance_name='p20.txt');0.3310023248195648;0.2349932938814163;0.5194661617279053;4.0150612790057494e-07;142.0;p20.txt;101.0;223.0;0.0
Data(x=[436, 1], edge_index=[2, 438], edge_attr=[438, 3], y=141.0, custom_label=0.32867134, min_label=0, max_label=429, instance_name='p20.txt');0.3286713361740112;0.2349932938814163;0.5194661617279053;4.0150612790057494e-07;141.0;p20.txt;101.0;223.0;0.0
Data(x=[436, 1], edge_index=[2, 438], edge_attr=[438, 3], y=140.0, custom_label=0.32634032, min_label=0, max_label=429, instance_name='p20.txt');0.3263403177261352;0.2349932938814163;0.5194661617279053;4.0150612790057494e-07;140.0;p20.txt;101.0;223.0;0.0
Data(x=[436, 1], edge_index=[2, 438], edge_attr=[438, 3], y=139.0, custom_label=0.32400933, min_label=0, max_label=429, instance_name='p20.txt');0.3240093290805816;0.2349932938814163;0.5194661617279053;4.0150612790057494e-07;139.0;p20.txt;101.0;223.0;0.0
Data(x=[436, 1], edge_index=[2, 438], edge_attr=[438, 3], y=138.0, custom_label=0.3216783, min_label=0, max_label=429, instance_name='p20.txt');0.3216783106327057;0.2349932938814163;0.5194661617279053;4.0150612790057494e-07;138.0;p20.txt;101.0;223.0;0.0
Data(x=[436, 1], edge_index=[2, 438], edge_attr=[438, 3], y=137.0, custom_label=0.31934732, min_label=0, max_label=429, instance_name='p20.txt');0.3193473219871521;0.2349932938814163;0.5194661617279053;4.0150612790057494e-07;137.0;p20.txt;101.0;223.0;0.0
Data(x=[436, 1], edge_index=[2, 438], edge_attr=[438, 3], y=136.0, custom_label=0.3170163, min_label=0, max_label=429, instance_name='p20.txt');0.3170163035392761;0.2349932938814163;0.5194661617279053;4.0150612790057494e-07;136.0;p20.txt;101.0;223.0;0.0
Data(x=[436, 1], edge_index=[2, 438], edge_attr=[438, 3], y=135.0, custom_label=0.3146853, min_label=0, max_label=429, instance_name='p20.txt');0.3146853148937225;0.2349932938814163;0.5194661617279053;4.0150612790057494e-07;135.0;p20.txt;101.0;223.0;0.0
Data(x=[436, 1], edge_index=[2, 438], edge_attr=[438, 3], y=134.0, custom_label=0.31235433, min_label=0, max_label=429, instance_name='p20.txt');0.3123543262481689;0.2349932938814163;0.5194661617279053;4.0150612790057494e-07;134.0;p20.txt;101.0;223.0;0.0
Data(x=[436, 1], edge_index=[2, 438], edge_attr=[438, 3], y=133.0, custom_label=0.3100233, min_label=0, max_label=429, instance_name='p20.txt');0.3100233078002929;0.2349932938814163;0.5194661617279053;4.0150612790057494e-07;133.0;p20.txt;101.0;223.0;0.0
Data(x=[436, 1], edge_index=[2, 438], edge_attr=[438, 3], y=132.0, custom_label=0.30769232, min_label=0, max_label=429, instance_name='p20.txt');0.3076923191547394;0.2349932938814163;0.5194661617279053;4.0150612790057494e-07;132.0;p20.txt;101.0;223.0;0.0
Data(x=[436, 1], edge_index=[2, 438], edge_attr=[438, 3], y=131.0, custom_label=0.3053613, min_label=0, max_label=429, instance_name='p20.txt');0.3053613007068634;0.2349932938814163;0.5194661617279053;4.0150612790057494e-07;131.0;p20.txt;101.0;223.0;0.0
Data(x=[436, 1], edge_index=[2, 438], edge_attr=[438, 3], y=130.0, custom_label=0.3030303, min_label=0, max_label=429, instance_name='p20.txt');0.3030303120613098;0.2349932938814163;0.5194661617279053;4.0150612790057494e-07;130.0;p20.txt;101.0;223.0;0.0
Data(x=[436, 1], edge_index=[2, 438], edge_attr=[438, 3], y=129.0, custom_label=0.3006993, min_label=0, max_label=429, instance_name='p20.txt');0.3006992936134338;0.2349932938814163;0.5194661617279053;4.0150612790057494e-07;129.0;p20.txt;101.0;223.0;0.0
Data(x=[436, 1], edge_index=[2, 438], edge_attr=[438, 3], y=128.0, custom_label=0.2983683, min_label=0, max_label=429, instance_name='p20.txt');0.2983683049678802;0.2349932938814163;0.5194661617279053;4.0150612790057494e-07;128.0;p20.txt;101.0;223.0;0.0
Data(x=[436, 1], edge_index=[2, 438], edge_attr=[438, 3], y=127.0, custom_label=0.2960373, min_label=0, max_label=429, instance_name='p20.txt');0.2960372865200043;0.2349932938814163;0.5194661617279053;4.0150612790057494e-07;127.0;p20.txt;101.0;223.0;0.0
Data(x=[436, 1], edge_index=[2, 438], edge_attr=[438, 3], y=126.0, custom_label=0.2937063, min_label=0, max_label=429, instance_name='p20.txt');0.2937062978744507;0.2349932938814163;0.5194661617279053;4.0150612790057494e-07;126.0;p20.txt;101.0;223.0;0.0
Data(x=[436, 1], edge_index=[2, 438], edge_attr=[438, 3], y=125.0, custom_label=0.29137528, min_label=0, max_label=429, instance_name='p20.txt');0.2913752794265747;0.2349932938814163;0.5194661617279053;4.0150612790057494e-07;125.0;p20.txt;101.0;223.0;0.0
Data(x=[436, 1], edge_index=[2, 438], edge_attr=[438, 3], y=124.0, custom_label=0.2890443, min_label=0, max_label=429, instance_name='p20.txt');0.2890442907810211;0.2349932938814163;0.5194661617279053;4.0150612790057494e-07;124.0;p20.txt;101.0;223.0;0.0
Data(x=[436, 1], edge_index=[2, 438], edge_attr=[438, 3], y=123.0, custom_label=0.28671327, min_label=0, max_label=429, instance_name='p20.txt');0.2867132723331451;0.2349932938814163;0.5194661617279053;4.0150612790057494e-07;123.0;p20.txt;101.0;223.0;0.0
Data(x=[436, 1], edge_index=[2, 438], edge_attr=[438, 3], y=122.0, custom_label=0.28438228, min_label=0, max_label=429, instance_name='p20.txt');0.2843822836875915;0.2349932938814163;0.5194661617279053;4.0150612790057494e-07;122.0;p20.txt;101.0;223.0;0.0
Data(x=[436, 1], edge_index=[2, 438], edge_attr=[438, 3], y=121.0, custom_label=0.2820513, min_label=0, max_label=429, instance_name='p20.txt');0.2820512950420379;0.2349932938814163;0.5194661617279053;4.0150612790057494e-07;121.0;p20.txt;101.0;223.0;0.0
Data(x=[436, 1], edge_index=[2, 438], edge_attr=[438, 3], y=120.0, custom_label=0.27972028, min_label=0, max_label=429, instance_name='p20.txt');0.279720276594162;0.2349932938814163;0.5194661617279053;4.0150612790057494e-07;120.0;p20.txt;101.0;223.0;0.0
Data(x=[436, 1], edge_index=[2, 438], edge_attr=[438, 3], y=119.0, custom_label=0.2773893, min_label=0, max_label=429, instance_name='p20.txt');0.2773892879486084;0.2349932938814163;0.5194661617279053;4.0150612790057494e-07;119.0;p20.txt;101.0;223.0;0.0
Data(x=[436, 1], edge_index=[2, 438], edge_attr=[438, 3], y=118.0, custom_label=0.27505827, min_label=0, max_label=429, instance_name='p20.txt');0.2750582695007324;0.2349932938814163;0.5194661617279053;4.0150612790057494e-07;118.0;p20.txt;101.0;223.0;0.0
Data(x=[436, 1], edge_index=[2, 438], edge_attr=[438, 3], y=117.0, custom_label=0.27272728, min_label=0, max_label=429, instance_name='p20.txt');0.2727272808551788;0.2349932938814163;0.5194661617279053;4.0150612790057494e-07;117.0;p20.txt;101.0;223.0;0.0
Data(x=[436, 1], edge_index=[2, 438], edge_attr=[438, 3], y=116.0, custom_label=0.27039626, min_label=0, max_label=429, instance_name='p20.txt');0.2703962624073028;0.2349932938814163;0.5194661617279053;4.0150612790057494e-07;116.0;p20.txt;101.0;223.0;0.0
Data(x=[436, 1], edge_index=[2, 438], edge_attr=[438, 3], y=115.0, custom_label=0.26806527, min_label=0, max_label=429, instance_name='p20.txt');0.2680652737617492;0.2349932938814163;0.5194661617279053;4.0150612790057494e-07;115.0;p20.txt;101.0;223.0;0.0
Data(x=[436, 1], edge_index=[2, 438], edge_attr=[438, 3], y=114.0, custom_label=0.26573426, min_label=0, max_label=429, instance_name='p20.txt');0.2657342553138733;0.2349932938814163;0.5194661617279053;4.0150612790057494e-07;114.0;p20.txt;101.0;223.0;0.0
Data(x=[436, 1], edge_index=[2, 438], edge_attr=[438, 3], y=113.0, custom_label=0.26340327, min_label=0, max_label=429, instance_name='p20.txt');0.2634032666683197;0.2349932938814163;0.5194661617279053;4.0150612790057494e-07;113.0;p20.txt;101.0;223.0;0.0
Data(x=[436, 1], edge_index=[2, 438], edge_attr=[438, 3], y=112.0, custom_label=0.26107225, min_label=0, max_label=429, instance_name='p20.txt');0.2610722482204437;0.2349932938814163;0.5194661617279053;4.0150612790057494e-07;112.0;p20.txt;101.0;223.0;0.0
Data(x=[436, 1], edge_index=[2, 438], edge_attr=[438, 3], y=111.0, custom_label=0.25874126, min_label=0, max_label=429, instance_name='p20.txt');0.2587412595748901;0.2349932938814163;0.5194661617279053;4.0150612790057494e-07;111.0;p20.txt;101.0;223.0;0.0
Data(x=[436, 1], edge_index=[2, 438], edge_attr=[438, 3], y=110.0, custom_label=0.25641027, min_label=0, max_label=429, instance_name='p20.txt');0.2564102709293365;0.2349932938814163;0.5194661617279053;4.0150612790057494e-07;110.0;p20.txt;101.0;223.0;0.0
Data(x=[436, 1], edge_index=[2, 438], edge_attr=[438, 3], y=109.0, custom_label=0.25407925, min_label=0, max_label=429, instance_name='p20.txt');0.2540792524814605;0.2349932938814163;0.5194661617279053;4.0150612790057494e-07;109.0;p20.txt;101.0;223.0;0.0
Data(x=[436, 1], edge_index=[2, 438], edge_attr=[438, 3], y=108.0, custom_label=0.25174826, min_label=0, max_label=429, instance_name='p20.txt');0.251748263835907;0.2349932938814163;0.5194661617279053;4.0150612790057494e-07;108.0;p20.txt;101.0;223.0;0.0
Data(x=[436, 1], edge_index=[2, 438], edge_attr=[438, 3], y=107.0, custom_label=0.24941725, min_label=0, max_label=429, instance_name='p20.txt');0.249417245388031;0.2349932938814163;0.5194661617279053;4.0150612790057494e-07;107.0;p20.txt;101.0;223.0;0.0
Data(x=[436, 1], edge_index=[2, 438], edge_attr=[438, 3], y=106.0, custom_label=0.24708624, min_label=0, max_label=429, instance_name='p20.txt');0.2470862418413162;0.2349932938814163;0.5194661617279053;4.0150612790057494e-07;106.0;p20.txt;101.0;223.0;0.0
Data(x=[436, 1], edge_index=[2, 438], edge_attr=[438, 3], y=105.0, custom_label=0.24475524, min_label=0, max_label=429, instance_name='p20.txt');0.2447552382946014;0.2349932938814163;0.5194661617279053;4.0150612790057494e-07;105.0;p20.txt;101.0;223.0;0.0
Data(x=[436, 1], edge_index=[2, 438], edge_attr=[438, 3], y=104.0, custom_label=0.24242425, min_label=0, max_label=429, instance_name='p20.txt');0.2424242496490478;0.2349932938814163;0.5194661617279053;4.0150612790057494e-07;104.0;p20.txt;101.0;223.0;0.0
Data(x=[436, 1], edge_index=[2, 438], edge_attr=[438, 3], y=103.0, custom_label=0.24009325, min_label=0, max_label=429, instance_name='p20.txt');0.240093246102333;0.2349932938814163;0.5194661617279053;4.0150612790057494e-07;103.0;p20.txt;101.0;223.0;0.0
Data(x=[436, 1], edge_index=[2, 438], edge_attr=[438, 3], y=102.0, custom_label=0.23776224, min_label=0, max_label=429, instance_name='p20.txt');0.2377622425556183;0.2349932938814163;0.5194661617279053;4.0150612790057494e-07;102.0;p20.txt;101.0;223.0;0.0
Data(x=[436, 1], edge_index=[2, 438], edge_attr=[438, 3], y=101.0, custom_label=0.23543124, min_label=0, max_label=429, instance_name='p20.txt');0.2354312390089035;0.2349932938814163;0.5194661617279053;4.0150612790057494e-07;101.0;p20.txt;101.0;223.0;0.0
Data(x=[436, 1], edge_index=[2, 438], edge_attr=[438, 3], y=100.0, custom_label=0.23310024, min_label=0, max_label=429, instance_name='p20.txt');0.2331002354621887;0.2349932938814163;0.5194661617279053;4.0150612790057494e-07;100.0;p20.txt;101.0;223.0;0.0
Data(x=[436, 1], edge_index=[2, 438], edge_attr=[438, 3], y=99.0, custom_label=0.23076923, min_label=0, max_label=429, instance_name='p20.txt');0.2307692319154739;0.2349932938814163;0.5194661617279053;4.0150612790057494e-07;99.0;p20.txt;101.0;223.0;0.0
Data(x=[436, 1], edge_index=[2, 438], edge_attr=[438, 3], y=98.0, custom_label=0.22843823, min_label=0, max_label=429, instance_name='p20.txt');0.2284382283687591;0.2349932938814163;0.5194661617279053;4.0150612790057494e-07;98.0;p20.txt;101.0;223.0;0.0
Data(x=[436, 1], edge_index=[2, 438], edge_attr=[438, 3], y=97.0, custom_label=0.22610722, min_label=0, max_label=429, instance_name='p20.txt');0.2261072248220443;0.2349932938814163;0.5194661617279053;4.0150612790057494e-07;97.0;p20.txt;101.0;223.0;0.0
Data(x=[436, 1], edge_index=[2, 438], edge_attr=[438, 3], y=96.0, custom_label=0.22377622, min_label=0, max_label=429, instance_name='p20.txt');0.2237762212753296;0.2349932938814163;0.5194661617279053;4.0150612790057494e-07;96.0;p20.txt;101.0;223.0;0.0
Data(x=[436, 1], edge_index=[2, 438], edge_attr=[438, 3], y=95.0, custom_label=0.22144522, min_label=0, max_label=429, instance_name='p20.txt');0.2214452177286148;0.2349932938814163;0.5194661617279053;4.0150612790057494e-07;95.0;p20.txt;101.0;223.0;0.0
Data(x=[436, 1], edge_index=[2, 438], edge_attr=[438, 3], y=94.0, custom_label=0.21911421, min_label=0, max_label=429, instance_name='p20.txt');0.2191142141819;0.2349932938814163;0.5194661617279053;4.0150612790057494e-07;94.0;p20.txt;101.0;223.0;0.0
Data(x=[436, 1], edge_index=[2, 438], edge_attr=[438, 3], y=93.0, custom_label=0.21678321, min_label=0, max_label=429, instance_name='p20.txt');0.2167832106351852;0.2349932938814163;0.5194661617279053;4.0150612790057494e-07;93.0;p20.txt;101.0;223.0;0.0
Data(x=[436, 1], edge_index=[2, 438], edge_attr=[438, 3], y=92.0, custom_label=0.2144522, min_label=0, max_label=429, instance_name='p20.txt');0.2144522070884704;0.2349932938814163;0.5194661617279053;4.0150612790057494e-07;92.0;p20.txt;101.0;223.0;0.0
Data(x=[436, 1], edge_index=[2, 438], edge_attr=[438, 3], y=91.0, custom_label=0.21212122, min_label=0, max_label=429, instance_name='p20.txt');0.2121212184429168;0.2349932938814163;0.5194661617279053;4.0150612790057494e-07;91.0;p20.txt;101.0;223.0;0.0
Data(x=[436, 1], edge_index=[2, 438], edge_attr=[438, 3], y=90.0, custom_label=0.20979021, min_label=0, max_label=429, instance_name='p20.txt');0.2097902148962021;0.2349932938814163;0.5194661617279053;4.0150612790057494e-07;90.0;p20.txt;101.0;223.0;0.0
Data(x=[436, 1], edge_index=[2, 438], edge_attr=[438, 3], y=89.0, custom_label=0.20745921, min_label=0, max_label=429, instance_name='p20.txt');0.2074592113494873;0.2349932938814163;0.5194661617279053;4.0150612790057494e-07;89.0;p20.txt;101.0;223.0;0.0
Data(x=[436, 1], edge_index=[2, 438], edge_attr=[438, 3], y=88.0, custom_label=0.20512821, min_label=0, max_label=429, instance_name='p20.txt');0.2051282078027725;0.2349932938814163;0.5194661617279053;4.0150612790057494e-07;88.0;p20.txt;101.0;223.0;0.0
Data(x=[436, 1], edge_index=[2, 438], edge_attr=[438, 3], y=87.0, custom_label=0.2027972, min_label=0, max_label=429, instance_name='p20.txt');0.2027972042560577;0.2349932938814163;0.5194661617279053;4.0150612790057494e-07;87.0;p20.txt;101.0;223.0;0.0
Data(x=[436, 1], edge_index=[2, 438], edge_attr=[438, 3], y=86.0, custom_label=0.2004662, min_label=0, max_label=429, instance_name='p20.txt');0.2004662007093429;0.2349932938814163;0.5194661617279053;4.0150612790057494e-07;86.0;p20.txt;101.0;223.0;0.0
Data(x=[436, 1], edge_index=[2, 438], edge_attr=[438, 3], y=85.0, custom_label=0.1981352, min_label=0, max_label=429, instance_name='p20.txt');0.1981351971626281;0.2349932938814163;0.5194661617279053;4.0150612790057494e-07;85.0;p20.txt;101.0;223.0;0.0
Data(x=[436, 1], edge_index=[2, 438], edge_attr=[438, 3], y=84.0, custom_label=0.1958042, min_label=0, max_label=429, instance_name='p20.txt');0.1958041936159134;0.2349932938814163;0.5194661617279053;4.0150612790057494e-07;84.0;p20.txt;101.0;223.0;0.0
Data(x=[436, 1], edge_index=[2, 438], edge_attr=[438, 3], y=83.0, custom_label=0.19347319, min_label=0, max_label=429, instance_name='p20.txt');0.1934731900691986;0.2349932938814163;0.5194661617279053;4.0150612790057494e-07;83.0;p20.txt;101.0;223.0;0.0
Data(x=[436, 1], edge_index=[2, 438], edge_attr=[438, 3], y=82.0, custom_label=0.19114219, min_label=0, max_label=429, instance_name='p20.txt');0.1911421865224838;0.2349932938814163;0.5194661617279053;4.0150612790057494e-07;82.0;p20.txt;101.0;223.0;0.0
Data(x=[436, 1], edge_index=[2, 438], edge_attr=[438, 3], y=81.0, custom_label=0.18881118, min_label=0, max_label=429, instance_name='p20.txt');0.188811182975769;0.2349932938814163;0.5194661617279053;4.0150612790057494e-07;81.0;p20.txt;101.0;223.0;0.0
Data(x=[436, 1], edge_index=[2, 438], edge_attr=[438, 3], y=80.0, custom_label=0.18648018, min_label=0, max_label=429, instance_name='p20.txt');0.1864801794290542;0.2349932938814163;0.5194661617279053;4.0150612790057494e-07;80.0;p20.txt;101.0;223.0;0.0
Data(x=[436, 1], edge_index=[2, 438], edge_attr=[438, 3], y=79.0, custom_label=0.18414919, min_label=0, max_label=429, instance_name='p20.txt');0.1841491907835006;0.2349932938814163;0.5194661617279053;4.0150612790057494e-07;79.0;p20.txt;101.0;223.0;0.0
Data(x=[436, 1], edge_index=[2, 438], edge_attr=[438, 3], y=78.0, custom_label=0.18181819, min_label=0, max_label=429, instance_name='p20.txt');0.1818181872367859;0.2349932938814163;0.5194661617279053;4.0150612790057494e-07;78.0;p20.txt;101.0;223.0;0.0
Data(x=[436, 1], edge_index=[2, 438], edge_attr=[438, 3], y=77.0, custom_label=0.17948718, min_label=0, max_label=429, instance_name='p20.txt');0.1794871836900711;0.2349932938814163;0.5194661617279053;4.0150612790057494e-07;77.0;p20.txt;101.0;223.0;0.0
Data(x=[436, 1], edge_index=[2, 438], edge_attr=[438, 3], y=76.0, custom_label=0.17715618, min_label=0, max_label=429, instance_name='p20.txt');0.1771561801433563;0.2349932938814163;0.5194661617279053;4.0150612790057494e-07;76.0;p20.txt;101.0;223.0;0.0
Data(x=[436, 1], edge_index=[2, 438], edge_attr=[438, 3], y=75.0, custom_label=0.17482518, min_label=0, max_label=429, instance_name='p20.txt');0.1748251765966415;0.2349932938814163;0.5194661617279053;4.0150612790057494e-07;75.0;p20.txt;101.0;223.0;0.0
Data(x=[436, 1], edge_index=[2, 438], edge_attr=[438, 3], y=74.0, custom_label=0.17249417, min_label=0, max_label=429, instance_name='p20.txt');0.1724941730499267;0.2349932938814163;0.5194661617279053;4.0150612790057494e-07;74.0;p20.txt;101.0;223.0;0.0
Data(x=[436, 1], edge_index=[2, 438], edge_attr=[438, 3], y=73.0, custom_label=0.17016317, min_label=0, max_label=429, instance_name='p20.txt');0.1701631695032119;0.2349932938814163;0.5194661617279053;4.0150612790057494e-07;73.0;p20.txt;101.0;223.0;0.0
Data(x=[436, 1], edge_index=[2, 438], edge_attr=[438, 3], y=72.0, custom_label=0.16783217, min_label=0, max_label=429, instance_name='p20.txt');0.1678321659564972;0.2349932938814163;0.5194661617279053;4.0150612790057494e-07;72.0;p20.txt;101.0;223.0;0.0
Data(x=[436, 1], edge_index=[2, 438], edge_attr=[438, 3], y=71.0, custom_label=0.16550116, min_label=0, max_label=429, instance_name='p20.txt');0.1655011624097824;0.2349932938814163;0.5194661617279053;4.0150612790057494e-07;71.0;p20.txt;101.0;223.0;0.0
Data(x=[436, 1], edge_index=[2, 438], edge_attr=[438, 3], y=70.0, custom_label=0.16317016, min_label=0, max_label=429, instance_name='p20.txt');0.1631701588630676;0.2349932938814163;0.5194661617279053;4.0150612790057494e-07;70.0;p20.txt;101.0;223.0;0.0
Data(x=[436, 1], edge_index=[2, 438], edge_attr=[438, 3], y=69.0, custom_label=0.16083916, min_label=0, max_label=429, instance_name='p20.txt');0.1608391553163528;0.2349932938814163;0.5194661617279053;4.0150612790057494e-07;69.0;p20.txt;101.0;223.0;0.0
Data(x=[436, 1], edge_index=[2, 438], edge_attr=[438, 3], y=68.0, custom_label=0.15850815, min_label=0, max_label=429, instance_name='p20.txt');0.158508151769638;0.2349932938814163;0.5194661617279053;4.0150612790057494e-07;68.0;p20.txt;101.0;223.0;0.0
Data(x=[436, 1], edge_index=[2, 438], edge_attr=[438, 3], y=67.0, custom_label=0.15617716, min_label=0, max_label=429, instance_name='p20.txt');0.1561771631240844;0.2349932938814163;0.5194661617279053;4.0150612790057494e-07;67.0;p20.txt;101.0;223.0;0.0
Data(x=[436, 1], edge_index=[2, 438], edge_attr=[438, 3], y=66.0, custom_label=0.15384616, min_label=0, max_label=429, instance_name='p20.txt');0.1538461595773697;0.2349932938814163;0.5194661617279053;4.0150612790057494e-07;66.0;p20.txt;101.0;223.0;0.0
Data(x=[436, 1], edge_index=[2, 438], edge_attr=[438, 3], y=65.0, custom_label=0.15151516, min_label=0, max_label=429, instance_name='p20.txt');0.1515151560306549;0.2349932938814163;0.5194661617279053;4.0150612790057494e-07;65.0;p20.txt;101.0;223.0;0.0
Data(x=[436, 1], edge_index=[2, 438], edge_attr=[438, 3], y=64.0, custom_label=0.14918415, min_label=0, max_label=429, instance_name='p20.txt');0.1491841524839401;0.2349932938814163;0.5194661617279053;4.0150612790057494e-07;64.0;p20.txt;101.0;223.0;0.0
Data(x=[436, 1], edge_index=[2, 438], edge_attr=[438, 3], y=63.0, custom_label=0.14685315, min_label=0, max_label=429, instance_name='p20.txt');0.1468531489372253;0.2349932938814163;0.5194661617279053;4.0150612790057494e-07;63.0;p20.txt;101.0;223.0;0.0
Data(x=[436, 1], edge_index=[2, 438], edge_attr=[438, 3], y=62.0, custom_label=0.14452215, min_label=0, max_label=429, instance_name='p20.txt');0.1445221453905105;0.2349932938814163;0.5194661617279053;4.0150612790057494e-07;62.0;p20.txt;101.0;223.0;0.0
Data(x=[436, 1], edge_index=[2, 438], edge_attr=[438, 3], y=61.0, custom_label=0.14219114, min_label=0, max_label=429, instance_name='p20.txt');0.1421911418437957;0.2349932938814163;0.5194661617279053;4.0150612790057494e-07;61.0;p20.txt;101.0;223.0;0.0
Data(x=[436, 1], edge_index=[2, 438], edge_attr=[438, 3], y=60.0, custom_label=0.13986014, min_label=0, max_label=429, instance_name='p20.txt');0.139860138297081;0.2349932938814163;0.5194661617279053;4.0150612790057494e-07;60.0;p20.txt;101.0;223.0;0.0
Data(x=[436, 1], edge_index=[2, 438], edge_attr=[438, 3], y=59.0, custom_label=0.13752913, min_label=0, max_label=429, instance_name='p20.txt');0.1375291347503662;0.2349932938814163;0.5194661617279053;4.0150612790057494e-07;59.0;p20.txt;101.0;223.0;0.0
Data(x=[436, 1], edge_index=[2, 438], edge_attr=[438, 3], y=58.0, custom_label=0.13519813, min_label=0, max_label=429, instance_name='p20.txt');0.1351981312036514;0.2349932938814163;0.5194661617279053;4.0150612790057494e-07;58.0;p20.txt;101.0;223.0;0.0
Data(x=[436, 1], edge_index=[2, 438], edge_attr=[438, 3], y=57.0, custom_label=0.13286713, min_label=0, max_label=429, instance_name='p20.txt');0.1328671276569366;0.2349932938814163;0.5194661617279053;4.0150612790057494e-07;57.0;p20.txt;101.0;223.0;0.0
Data(x=[436, 1], edge_index=[2, 438], edge_attr=[438, 3], y=56.0, custom_label=0.13053612, min_label=0, max_label=429, instance_name='p20.txt');0.1305361241102218;0.2349932938814163;0.5194661617279053;4.0150612790057494e-07;56.0;p20.txt;101.0;223.0;0.0
Data(x=[436, 1], edge_index=[2, 438], edge_attr=[438, 3], y=55.0, custom_label=0.12820514, min_label=0, max_label=429, instance_name='p20.txt');0.1282051354646682;0.2349932938814163;0.5194661617279053;4.0150612790057494e-07;55.0;p20.txt;101.0;223.0;0.0
Data(x=[436, 1], edge_index=[2, 438], edge_attr=[438, 3], y=54.0, custom_label=0.12587413, min_label=0, max_label=429, instance_name='p20.txt');0.1258741319179535;0.2349932938814163;0.5194661617279053;4.0150612790057494e-07;54.0;p20.txt;101.0;223.0;0.0
Data(x=[436, 1], edge_index=[2, 438], edge_attr=[438, 3], y=53.0, custom_label=0.12354312, min_label=0, max_label=429, instance_name='p20.txt');0.1235431209206581;0.2349932938814163;0.5194661617279053;4.0150612790057494e-07;53.0;p20.txt;101.0;223.0;0.0
Data(x=[436, 1], edge_index=[2, 438], edge_attr=[438, 3], y=52.0, custom_label=0.121212125, min_label=0, max_label=429, instance_name='p20.txt');0.1212121248245239;0.2349932938814163;0.5194661617279053;4.0150612790057494e-07;52.0;p20.txt;101.0;223.0;0.0
Data(x=[436, 1], edge_index=[2, 438], edge_attr=[438, 3], y=51.0, custom_label=0.11888112, min_label=0, max_label=429, instance_name='p20.txt');0.1188811212778091;0.2349932938814163;0.5194661617279053;4.0150612790057494e-07;51.0;p20.txt;101.0;223.0;0.0
Data(x=[436, 1], edge_index=[2, 438], edge_attr=[438, 3], y=50.0, custom_label=0.11655012, min_label=0, max_label=429, instance_name='p20.txt');0.1165501177310943;0.2349932938814163;0.5194661617279053;4.0150612790057494e-07;50.0;p20.txt;101.0;223.0;0.0
Data(x=[436, 1], edge_index=[2, 438], edge_attr=[438, 3], y=49.0, custom_label=0.114219114, min_label=0, max_label=429, instance_name='p20.txt');0.1142191141843795;0.2349932938814163;0.5194661617279053;4.0150612790057494e-07;49.0;p20.txt;101.0;223.0;0.0
Data(x=[436, 1], edge_index=[2, 438], edge_attr=[438, 3], y=48.0, custom_label=0.11188811, min_label=0, max_label=429, instance_name='p20.txt');0.1118881106376648;0.2349932938814163;0.5194661617279053;4.0150612790057494e-07;48.0;p20.txt;101.0;223.0;0.0
Data(x=[436, 1], edge_index=[2, 438], edge_attr=[438, 3], y=47.0, custom_label=0.10955711, min_label=0, max_label=429, instance_name='p20.txt');0.10955710709095;0.2349932938814163;0.5194661617279053;4.0150612790057494e-07;47.0;p20.txt;101.0;223.0;0.0
Data(x=[436, 1], edge_index=[2, 438], edge_attr=[438, 3], y=46.0, custom_label=0.1072261, min_label=0, max_label=429, instance_name='p20.txt');0.1072261035442352;0.2349932938814163;0.5194661617279053;4.0150612790057494e-07;46.0;p20.txt;101.0;223.0;0.0
Data(x=[436, 1], edge_index=[2, 438], edge_attr=[438, 3], y=45.0, custom_label=0.10489511, min_label=0, max_label=429, instance_name='p20.txt');0.104895107448101;0.2349932938814163;0.5194661617279053;4.0150612790057494e-07;45.0;p20.txt;101.0;223.0;0.0
Data(x=[436, 1], edge_index=[2, 438], edge_attr=[438, 3], y=44.0, custom_label=0.102564104, min_label=0, max_label=429, instance_name='p20.txt');0.1025641039013862;0.2349932938814163;0.5194661617279053;4.0150612790057494e-07;44.0;p20.txt;101.0;223.0;0.0
Data(x=[436, 1], edge_index=[2, 438], edge_attr=[438, 3], y=43.0, custom_label=0.1002331, min_label=0, max_label=429, instance_name='p20.txt');0.1002331003546714;0.2349932938814163;0.5194661617279053;4.0150612790057494e-07;43.0;p20.txt;101.0;223.0;0.0
Data(x=[436, 1], edge_index=[2, 438], edge_attr=[438, 3], y=42.0, custom_label=0.0979021, min_label=0, max_label=429, instance_name='p20.txt');0.0979020968079567;0.2349932938814163;0.5194661617279053;4.0150612790057494e-07;42.0;p20.txt;101.0;223.0;0.0
Data(x=[436, 1], edge_index=[2, 438], edge_attr=[438, 3], y=41.0, custom_label=0.09557109, min_label=0, max_label=429, instance_name='p20.txt');0.0955710932612419;0.2349932938814163;0.5194661617279053;4.0150612790057494e-07;41.0;p20.txt;101.0;223.0;0.0
Data(x=[436, 1], edge_index=[2, 438], edge_attr=[438, 3], y=40.0, custom_label=0.09324009, min_label=0, max_label=429, instance_name='p20.txt');0.0932400897145271;0.2349932938814163;0.5194661617279053;4.0150612790057494e-07;40.0;p20.txt;101.0;223.0;0.0
Data(x=[436, 1], edge_index=[2, 438], edge_attr=[438, 3], y=39.0, custom_label=0.09090909, min_label=0, max_label=429, instance_name='p20.txt');0.0909090936183929;0.2349932938814163;0.5194661617279053;4.0150612790057494e-07;39.0;p20.txt;101.0;223.0;0.0
Data(x=[436, 1], edge_index=[2, 438], edge_attr=[438, 3], y=38.0, custom_label=0.08857809, min_label=0, max_label=429, instance_name='p20.txt');0.0885780900716781;0.2349932938814163;0.5194661617279053;4.0150612790057494e-07;38.0;p20.txt;101.0;223.0;0.0
Data(x=[436, 1], edge_index=[2, 438], edge_attr=[438, 3], y=37.0, custom_label=0.08624709, min_label=0, max_label=429, instance_name='p20.txt');0.0862470865249633;0.2349932938814163;0.5194661617279053;4.0150612790057494e-07;37.0;p20.txt;101.0;223.0;0.0
Data(x=[436, 1], edge_index=[2, 438], edge_attr=[438, 3], y=36.0, custom_label=0.08391608, min_label=0, max_label=429, instance_name='p20.txt');0.0839160829782486;0.2349932938814163;0.5194661617279053;4.0150612790057494e-07;36.0;p20.txt;101.0;223.0;0.0
Data(x=[436, 1], edge_index=[2, 438], edge_attr=[438, 3], y=35.0, custom_label=0.08158508, min_label=0, max_label=429, instance_name='p20.txt');0.0815850794315338;0.2349932938814163;0.5194661617279053;4.0150612790057494e-07;35.0;p20.txt;101.0;223.0;0.0
Data(x=[436, 1], edge_index=[2, 438], edge_attr=[438, 3], y=34.0, custom_label=0.079254076, min_label=0, max_label=429, instance_name='p20.txt');0.079254075884819;0.2349932938814163;0.5194661617279053;4.0150612790057494e-07;34.0;p20.txt;101.0;223.0;0.0
Data(x=[436, 1], edge_index=[2, 438], edge_attr=[438, 3], y=33.0, custom_label=0.07692308, min_label=0, max_label=429, instance_name='p20.txt');0.0769230797886848;0.2349932938814163;0.5194661617279053;4.0150612790057494e-07;33.0;p20.txt;101.0;223.0;0.0
Data(x=[436, 1], edge_index=[2, 438], edge_attr=[438, 3], y=32.0, custom_label=0.074592076, min_label=0, max_label=429, instance_name='p20.txt');0.07459207624197;0.2349932938814163;0.5194661617279053;4.0150612790057494e-07;32.0;p20.txt;101.0;223.0;0.0
Data(x=[436, 1], edge_index=[2, 438], edge_attr=[438, 3], y=31.0, custom_label=0.07226107, min_label=0, max_label=429, instance_name='p20.txt');0.0722610726952552;0.2349932938814163;0.5194661617279053;4.0150612790057494e-07;31.0;p20.txt;101.0;223.0;0.0
Data(x=[436, 1], edge_index=[2, 438], edge_attr=[438, 3], y=30.0, custom_label=0.06993007, min_label=0, max_label=429, instance_name='p20.txt');0.0699300691485405;0.2349932938814163;0.5194661617279053;4.0150612790057494e-07;30.0;p20.txt;101.0;223.0;0.0
Data(x=[436, 1], edge_index=[2, 438], edge_attr=[438, 3], y=29.0, custom_label=0.067599066, min_label=0, max_label=429, instance_name='p20.txt');0.0675990656018257;0.2349932938814163;0.5194661617279053;4.0150612790057494e-07;29.0;p20.txt;101.0;223.0;0.0
Data(x=[436, 1], edge_index=[2, 438], edge_attr=[438, 3], y=28.0, custom_label=0.06526806, min_label=0, max_label=429, instance_name='p20.txt');0.0652680620551109;0.2349932938814163;0.5194661617279053;4.0150612790057494e-07;28.0;p20.txt;101.0;223.0;0.0
Data(x=[436, 1], edge_index=[2, 438], edge_attr=[438, 3], y=27.0, custom_label=0.062937066, min_label=0, max_label=429, instance_name='p20.txt');0.0629370659589767;0.2349932938814163;0.5194661617279053;4.0150612790057494e-07;27.0;p20.txt;101.0;223.0;0.0
Data(x=[436, 1], edge_index=[2, 438], edge_attr=[438, 3], y=26.0, custom_label=0.060606062, min_label=0, max_label=429, instance_name='p20.txt');0.0606060624122619;0.2349932938814163;0.5194661617279053;4.0150612790057494e-07;26.0;p20.txt;101.0;223.0;0.0
Data(x=[436, 1], edge_index=[2, 438], edge_attr=[438, 3], y=25.0, custom_label=0.05827506, min_label=0, max_label=429, instance_name='p20.txt');0.0582750588655471;0.2349932938814163;0.5194661617279053;4.0150612790057494e-07;25.0;p20.txt;101.0;223.0;0.0
Data(x=[436, 1], edge_index=[2, 438], edge_attr=[438, 3], y=24.0, custom_label=0.055944055, min_label=0, max_label=429, instance_name='p20.txt');0.0559440553188324;0.2349932938814163;0.5194661617279053;4.0150612790057494e-07;24.0;p20.txt;101.0;223.0;0.0
Data(x=[436, 1], edge_index=[2, 438], edge_attr=[438, 3], y=23.0, custom_label=0.05361305, min_label=0, max_label=429, instance_name='p20.txt');0.0536130517721176;0.2349932938814163;0.5194661617279053;4.0150612790057494e-07;23.0;p20.txt;101.0;223.0;0.0
Data(x=[436, 1], edge_index=[2, 438], edge_attr=[438, 3], y=22.0, custom_label=0.051282052, min_label=0, max_label=429, instance_name='p20.txt');0.0512820519506931;0.2349932938814163;0.5194661617279053;4.0150612790057494e-07;22.0;p20.txt;101.0;223.0;0.0
Data(x=[436, 1], edge_index=[2, 438], edge_attr=[438, 3], y=21.0, custom_label=0.04895105, min_label=0, max_label=429, instance_name='p20.txt');0.0489510484039783;0.2349932938814163;0.5194661617279053;4.0150612790057494e-07;21.0;p20.txt;101.0;223.0;0.0
Data(x=[436, 1], edge_index=[2, 438], edge_attr=[438, 3], y=20.0, custom_label=0.046620045, min_label=0, max_label=429, instance_name='p20.txt');0.0466200448572635;0.2349932938814163;0.5194661617279053;4.0150612790057494e-07;20.0;p20.txt;101.0;223.0;0.0
Data(x=[436, 1], edge_index=[2, 438], edge_attr=[438, 3], y=19.0, custom_label=0.044289045, min_label=0, max_label=429, instance_name='p20.txt');0.044289045035839;0.2349932938814163;0.5194661617279053;4.0150612790057494e-07;19.0;p20.txt;101.0;223.0;0.0
Data(x=[436, 1], edge_index=[2, 438], edge_attr=[438, 3], y=18.0, custom_label=0.04195804, min_label=0, max_label=429, instance_name='p20.txt');0.0419580414891243;0.2349932938814163;0.5194661617279053;4.0150612790057494e-07;18.0;p20.txt;101.0;223.0;0.0
Data(x=[436, 1], edge_index=[2, 438], edge_attr=[438, 3], y=17.0, custom_label=0.039627038, min_label=0, max_label=429, instance_name='p20.txt');0.0396270379424095;0.2349932938814163;0.5194661617279053;4.0150612790057494e-07;17.0;p20.txt;101.0;223.0;0.0
Data(x=[436, 1], edge_index=[2, 438], edge_attr=[438, 3], y=16.0, custom_label=0.037296038, min_label=0, max_label=429, instance_name='p20.txt');0.037296038120985;0.2349932938814163;0.5194661617279053;4.0150612790057494e-07;16.0;p20.txt;101.0;223.0;0.0
Data(x=[436, 1], edge_index=[2, 438], edge_attr=[438, 3], y=15.0, custom_label=0.034965035, min_label=0, max_label=429, instance_name='p20.txt');0.0349650345742702;0.2349932938814163;0.5194661617279053;4.0150612790057494e-07;15.0;p20.txt;101.0;223.0;0.0
Data(x=[436, 1], edge_index=[2, 438], edge_attr=[438, 3], y=14.0, custom_label=0.03263403, min_label=0, max_label=429, instance_name='p20.txt');0.0326340310275554;0.2349932938814163;0.5194661617279053;4.0150612790057494e-07;14.0;p20.txt;101.0;223.0;0.0
Data(x=[436, 1], edge_index=[2, 438], edge_attr=[438, 3], y=13.0, custom_label=0.030303031, min_label=0, max_label=429, instance_name='p20.txt');0.0303030312061309;0.2349932938814163;0.5194661617279053;4.0150612790057494e-07;13.0;p20.txt;101.0;223.0;0.0
Data(x=[436, 1], edge_index=[2, 438], edge_attr=[438, 3], y=12.0, custom_label=0.027972028, min_label=0, max_label=429, instance_name='p20.txt');0.0279720276594162;0.2349932938814163;0.5194661617279053;4.0150612790057494e-07;12.0;p20.txt;101.0;223.0;0.0
Data(x=[436, 1], edge_index=[2, 438], edge_attr=[438, 3], y=11.0, custom_label=0.025641026, min_label=0, max_label=429, instance_name='p20.txt');0.0256410259753465;0.2349932938814163;0.5194661617279053;4.0150612790057494e-07;11.0;p20.txt;101.0;223.0;0.0
Data(x=[436, 1], edge_index=[2, 438], edge_attr=[438, 3], y=10.0, custom_label=0.023310022, min_label=0, max_label=429, instance_name='p20.txt');0.0233100224286317;0.2349932938814163;0.5194661617279053;4.0150612790057494e-07;10.0;p20.txt;101.0;223.0;0.0
Data(x=[436, 1], edge_index=[2, 438], edge_attr=[438, 3], y=9.0, custom_label=0.02097902, min_label=0, max_label=429, instance_name='p20.txt');0.0209790207445621;0.2349932938814163;0.5194661617279053;4.0150612790057494e-07;9.0;p20.txt;101.0;223.0;0.0
Data(x=[436, 1], edge_index=[2, 438], edge_attr=[438, 3], y=8.0, custom_label=0.018648019, min_label=0, max_label=429, instance_name='p20.txt');0.0186480190604925;0.2349932938814163;0.5194661617279053;4.0150612790057494e-07;8.0;p20.txt;101.0;223.0;0.0
Data(x=[436, 1], edge_index=[2, 438], edge_attr=[438, 3], y=7.0, custom_label=0.016317016, min_label=0, max_label=429, instance_name='p20.txt');0.0163170155137777;0.2349932938814163;0.5194661617279053;4.0150612790057494e-07;7.0;p20.txt;101.0;223.0;0.0
Data(x=[436, 1], edge_index=[2, 438], edge_attr=[438, 3], y=6.0, custom_label=0.013986014, min_label=0, max_label=429, instance_name='p20.txt');0.0139860138297081;0.2349932938814163;0.5194661617279053;4.0150612790057494e-07;6.0;p20.txt;101.0;223.0;0.0
Data(x=[436, 1], edge_index=[2, 438], edge_attr=[438, 3], y=5.0, custom_label=0.011655011, min_label=0, max_label=429, instance_name='p20.txt');0.0116550112143158;0.2349932938814163;0.5194661617279053;4.0150612790057494e-07;5.0;p20.txt;101.0;223.0;0.0
Data(x=[436, 1], edge_index=[2, 438], edge_attr=[438, 3], y=4.0, custom_label=0.0093240095, min_label=0, max_label=429, instance_name='p20.txt');0.0093240095302462;0.2349932938814163;0.5194661617279053;4.0150612790057494e-07;4.0;p20.txt;101.0;223.0;0.0
Data(x=[436, 1], edge_index=[2, 438], edge_attr=[438, 3], y=3.0, custom_label=0.006993007, min_label=0, max_label=429, instance_name='p20.txt');0.006993006914854;0.2349932938814163;0.5194661617279053;4.0150612790057494e-07;3.0;p20.txt;101.0;223.0;0.0
Data(x=[436, 1], edge_index=[2, 438], edge_attr=[438, 3], y=2.0, custom_label=0.0046620048, min_label=0, max_label=429, instance_name='p20.txt');0.0046620047651231;0.2349932938814163;0.5194661617279053;4.0150612790057494e-07;2.0;p20.txt;101.0;223.0;0.0
Data(x=[436, 1], edge_index=[2, 438], edge_attr=[438, 3], y=1.0, custom_label=0.0023310024, min_label=0, max_label=429, instance_name='p20.txt');0.0023310023825615;0.2349932938814163;0.5194661617279053;4.0150612790057494e-07;1.0;p20.txt;101.0;223.0;0.0
Data(x=[437, 1], edge_index=[2, 440], edge_attr=[440, 3], y=0.0, custom_label=0.0, min_label=0, max_label=429, instance_name='p20.txt');0.0;0.2349932938814163;0.3359570801258087;4.0150612790057494e-07;0.0;p20.txt;101.0;144.0;0.0
Data(x=[94, 1], edge_index=[2, 116], edge_attr=[116, 3], y=38.0, custom_label=1.0, min_label=0, max_label=38, instance_name='p21.txt');1.0;0.2349932938814163;3.281180397607386e-06;4.0150612790057494e-07;38.0;p21.txt;9.0;0.0;0.0
Data(x=[94, 1], edge_index=[2, 116], edge_attr=[116, 3], y=37.0, custom_label=0.9736842, min_label=0, max_label=38, instance_name='p21.txt');0.9736841917037964;0.2349932938814163;3.281180397607386e-06;4.0150612790057494e-07;37.0;p21.txt;9.0;0.0;0.0
Data(x=[94, 1], edge_index=[2, 116], edge_attr=[116, 3], y=36.0, custom_label=0.94736844, min_label=0, max_label=38, instance_name='p21.txt');0.9473684430122375;0.2349932938814163;3.281180397607386e-06;4.0150612790057494e-07;36.0;p21.txt;9.0;0.0;0.0
Data(x=[94, 1], edge_index=[2, 116], edge_attr=[116, 3], y=35.0, custom_label=0.92105263, min_label=0, max_label=38, instance_name='p21.txt');0.921052634716034;0.2349932938814163;3.281180397607386e-06;4.0150612790057494e-07;35.0;p21.txt;9.0;0.0;0.0
Data(x=[93, 1], edge_index=[2, 114], edge_attr=[114, 3], y=34.0, custom_label=0.8947368, min_label=0, max_label=38, instance_name='p21.txt');0.8947368264198303;0.2349932938814163;0.0006445776089094;4.0150612790057494e-07;34.0;p21.txt;9.0;0.0;0.0
Data(x=[93, 1], edge_index=[2, 114], edge_attr=[114, 3], y=33.0, custom_label=0.8684211, min_label=0, max_label=38, instance_name='p21.txt');0.8684210777282715;0.2349932938814163;0.0006445766775868;4.0150612790057494e-07;33.0;p21.txt;9.0;0.0;0.0
Data(x=[93, 1], edge_index=[2, 114], edge_attr=[114, 3], y=32.0, custom_label=0.84210527, min_label=0, max_label=38, instance_name='p21.txt');0.8421052694320679;0.2349932938814163;0.0006445770268328;4.0150612790057494e-07;32.0;p21.txt;9.0;0.0;0.0
Data(x=[93, 1], edge_index=[2, 114], edge_attr=[114, 3], y=31.0, custom_label=0.81578946, min_label=0, max_label=38, instance_name='p21.txt');0.8157894611358643;0.2349932938814163;0.0006445776089094;4.0150612790057494e-07;31.0;p21.txt;9.0;0.0;0.0
Data(x=[93, 1], edge_index=[2, 114], edge_attr=[114, 3], y=30.0, custom_label=0.7894737, min_label=0, max_label=38, instance_name='p21.txt');0.7894737124443054;0.2349932938814163;0.0006445776089094;4.0150612790057494e-07;30.0;p21.txt;9.0;0.0;0.0
Data(x=[93, 1], edge_index=[2, 114], edge_attr=[114, 3], y=29.0, custom_label=0.7631579, min_label=0, max_label=38, instance_name='p21.txt');0.7631579041481018;0.2349932938814163;0.0006445776089094;4.0150612790057494e-07;29.0;p21.txt;9.0;0.0;0.0
Data(x=[93, 1], edge_index=[2, 114], edge_attr=[114, 3], y=28.0, custom_label=0.7368421, min_label=0, max_label=38, instance_name='p21.txt');0.7368420958518982;0.2349932938814163;0.0006445770268328;4.0150612790057494e-07;28.0;p21.txt;9.0;0.0;0.0
Data(x=[93, 1], edge_index=[2, 114], edge_attr=[114, 3], y=27.0, custom_label=0.7105263, min_label=0, max_label=38, instance_name='p21.txt');0.7105262875556946;0.2349932938814163;0.0006445770268328;4.0150612790057494e-07;27.0;p21.txt;9.0;0.0;0.0
Data(x=[93, 1], edge_index=[2, 114], edge_attr=[114, 3], y=26.0, custom_label=0.68421054, min_label=0, max_label=38, instance_name='p21.txt');0.6842105388641357;0.2349932938814163;0.0006445776089094;4.0150612790057494e-07;26.0;p21.txt;9.0;0.0;0.0
Data(x=[93, 1], edge_index=[2, 114], edge_attr=[114, 3], y=25.0, custom_label=0.65789473, min_label=0, max_label=38, instance_name='p21.txt');0.6578947305679321;0.2349932938814163;0.0006445776089094;4.0150612790057494e-07;25.0;p21.txt;9.0;0.0;0.0
Data(x=[93, 1], edge_index=[2, 114], edge_attr=[114, 3], y=24.0, custom_label=0.6315789, min_label=0, max_label=38, instance_name='p21.txt');0.6315789222717285;0.2349932938814163;0.0006445776089094;4.0150612790057494e-07;24.0;p21.txt;9.0;0.0;0.0
Data(x=[93, 1], edge_index=[2, 114], edge_attr=[114, 3], y=23.0, custom_label=0.6052632, min_label=0, max_label=38, instance_name='p21.txt');0.6052631735801697;0.2349932938814163;0.0006445776089094;4.0150612790057494e-07;23.0;p21.txt;9.0;0.0;0.0
Data(x=[92, 1], edge_index=[2, 112], edge_attr=[112, 3], y=22.0, custom_label=0.57894737, min_label=0, max_label=38, instance_name='p21.txt');0.5789473652839661;0.2349932938814163;0.0362610109150409;4.0150612790057494e-07;22.0;p21.txt;9.0;1.0;0.0
Data(x=[92, 1], edge_index=[2, 112], edge_attr=[112, 3], y=21.0, custom_label=0.55263156, min_label=0, max_label=38, instance_name='p21.txt');0.5526315569877625;0.2349932938814163;0.0362609960138797;4.0150612790057494e-07;21.0;p21.txt;9.0;1.0;0.0
Data(x=[93, 1], edge_index=[2, 114], edge_attr=[114, 3], y=20.0, custom_label=0.5263158, min_label=0, max_label=38, instance_name='p21.txt');0.5263158082962036;0.2349932938814163;0.0006445776089094;4.0150612790057494e-07;20.0;p21.txt;9.0;0.0;0.0
Data(x=[93, 1], edge_index=[2, 114], edge_attr=[114, 3], y=19.0, custom_label=0.5, min_label=0, max_label=38, instance_name='p21.txt');0.5;0.2349932938814163;0.0006445776089094;4.0150612790057494e-07;19.0;p21.txt;9.0;0.0;0.0
Data(x=[93, 1], edge_index=[2, 114], edge_attr=[114, 3], y=18.0, custom_label=0.47368422, min_label=0, max_label=38, instance_name='p21.txt');0.4736842215061188;0.2349932938814163;0.0006445766775868;4.0150612790057494e-07;18.0;p21.txt;9.0;0.0;0.0
Data(x=[93, 1], edge_index=[2, 114], edge_attr=[114, 3], y=17.0, custom_label=0.4473684, min_label=0, max_label=38, instance_name='p21.txt');0.4473684132099151;0.2349932938814163;0.0006445778999477;4.0150612790057494e-07;17.0;p21.txt;9.0;0.0;0.0
Data(x=[93, 1], edge_index=[2, 114], edge_attr=[114, 3], y=16.0, custom_label=0.42105263, min_label=0, max_label=38, instance_name='p21.txt');0.4210526347160339;0.2349932938814163;0.0006445778999477;4.0150612790057494e-07;16.0;p21.txt;9.0;0.0;0.0
Data(x=[93, 1], edge_index=[2, 114], edge_attr=[114, 3], y=15.0, custom_label=0.39473686, min_label=0, max_label=38, instance_name='p21.txt');0.3947368562221527;0.2349932938814163;0.0006445778999477;4.0150612790057494e-07;15.0;p21.txt;9.0;0.0;0.0
Data(x=[93, 1], edge_index=[2, 114], edge_attr=[114, 3], y=14.0, custom_label=0.36842105, min_label=0, max_label=38, instance_name='p21.txt');0.3684210479259491;0.2349932938814163;0.0006445778999477;4.0150612790057494e-07;14.0;p21.txt;9.0;0.0;0.0
Data(x=[93, 1], edge_index=[2, 114], edge_attr=[114, 3], y=13.0, custom_label=0.34210527, min_label=0, max_label=38, instance_name='p21.txt');0.3421052694320678;0.2349932938814163;0.0006445778999477;4.0150612790057494e-07;13.0;p21.txt;9.0;0.0;0.0
Data(x=[93, 1], edge_index=[2, 114], edge_attr=[114, 3], y=12.0, custom_label=0.31578946, min_label=0, max_label=38, instance_name='p21.txt');0.3157894611358642;0.2349932938814163;0.0006445778999477;4.0150612790057494e-07;12.0;p21.txt;9.0;0.0;0.0
Data(x=[92, 1], edge_index=[2, 112], edge_attr=[112, 3], y=11.0, custom_label=0.28947368, min_label=0, max_label=38, instance_name='p21.txt');0.289473682641983;0.2349932938814163;0.0362610183656215;4.0150612790057494e-07;11.0;p21.txt;9.0;1.0;0.0
Data(x=[92, 1], edge_index=[2, 112], edge_attr=[112, 3], y=10.0, custom_label=0.2631579, min_label=0, max_label=38, instance_name='p21.txt');0.2631579041481018;0.2349932938814163;0.0362610109150409;4.0150612790057494e-07;10.0;p21.txt;9.0;1.0;0.0
Data(x=[93, 1], edge_index=[2, 114], edge_attr=[114, 3], y=9.0, custom_label=0.23684211, min_label=0, max_label=38, instance_name='p21.txt');0.2368421107530594;0.2349932938814163;0.0006445770268328;4.0150612790057494e-07;9.0;p21.txt;9.0;0.0;0.0
Data(x=[93, 1], edge_index=[2, 114], edge_attr=[114, 3], y=8.0, custom_label=0.21052632, min_label=0, max_label=38, instance_name='p21.txt');0.2105263173580169;0.2349932938814163;0.0006445776089094;4.0150612790057494e-07;8.0;p21.txt;9.0;0.0;0.0
Data(x=[94, 1], edge_index=[2, 116], edge_attr=[116, 3], y=7.0, custom_label=0.18421052, min_label=0, max_label=38, instance_name='p21.txt');0.1842105239629745;0.2349932938814163;3.2811740311444737e-06;4.0150612790057494e-07;7.0;p21.txt;9.0;0.0;0.0
Data(x=[94, 1], edge_index=[2, 116], edge_attr=[116, 3], y=6.0, custom_label=0.15789473, min_label=0, max_label=38, instance_name='p21.txt');0.1578947305679321;0.2349932938814163;3.28117721437593e-06;4.0150612790057494e-07;6.0;p21.txt;9.0;0.0;0.0
Data(x=[94, 1], edge_index=[2, 116], edge_attr=[116, 3], y=5.0, custom_label=0.13157895, min_label=0, max_label=38, instance_name='p21.txt');0.1315789520740509;0.2349932938814163;3.281180397607386e-06;4.0150612790057494e-07;5.0;p21.txt;9.0;0.0;0.0
Data(x=[94, 1], edge_index=[2, 116], edge_attr=[116, 3], y=4.0, custom_label=0.10526316, min_label=0, max_label=38, instance_name='p21.txt');0.1052631586790084;0.2349932938814163;3.28117721437593e-06;4.0150612790057494e-07;4.0;p21.txt;9.0;0.0;0.0
Data(x=[94, 1], edge_index=[2, 116], edge_attr=[116, 3], y=3.0, custom_label=0.078947365, min_label=0, max_label=38, instance_name='p21.txt');0.078947365283966;0.2349932938814163;3.28117721437593e-06;4.0150612790057494e-07;3.0;p21.txt;9.0;0.0;0.0
Data(x=[94, 1], edge_index=[2, 116], edge_attr=[116, 3], y=2.0, custom_label=0.05263158, min_label=0, max_label=38, instance_name='p21.txt');0.0526315793395042;0.2349932938814163;3.28117721437593e-06;4.0150612790057494e-07;2.0;p21.txt;9.0;0.0;0.0
Data(x=[94, 1], edge_index=[2, 116], edge_attr=[116, 3], y=1.0, custom_label=0.02631579, min_label=0, max_label=38, instance_name='p21.txt');0.0263157896697521;0.2349932938814163;3.28117721437593e-06;4.0150612790057494e-07;1.0;p21.txt;9.0;0.0;0.0
Data(x=[95, 1], edge_index=[2, 118], edge_attr=[118, 3], y=0.0, custom_label=0.0, min_label=0, max_label=38, instance_name='p21.txt');0.0;0.2349932938814163;1.8783785193932093e-08;4.0150612790057494e-07;0.0;p21.txt;9.0;0.0;0.0
Data(x=[74, 1], edge_index=[2, 104], edge_attr=[104, 3], y=6.0, custom_label=0.15789473, min_label=0, max_label=38, instance_name='p21.txt');0.1578947305679321;0.2349932938814163;5.181079743010741e-08;0.0;6.0;p21.txt;9.0;0.0;0.0
Data(x=[74, 1], edge_index=[2, 104], edge_attr=[104, 3], y=5.0, custom_label=0.13157895, min_label=0, max_label=38, instance_name='p21.txt');0.1315789520740509;0.2349932938814163;5.181079743010741e-08;0.0;5.0;p21.txt;9.0;0.0;0.0
Data(x=[74, 1], edge_index=[2, 104], edge_attr=[104, 3], y=4.0, custom_label=0.10526316, min_label=0, max_label=38, instance_name='p21.txt');0.1052631586790084;0.2349932938814163;1.4672336234866634e-08;0.0;4.0;p21.txt;9.0;0.0;0.0
Data(x=[74, 1], edge_index=[2, 104], edge_attr=[104, 3], y=3.0, custom_label=0.078947365, min_label=0, max_label=38, instance_name='p21.txt');0.078947365283966;0.2349932938814163;5.181079743010741e-08;0.0;3.0;p21.txt;9.0;0.0;0.0
Data(x=[74, 1], edge_index=[2, 104], edge_attr=[104, 3], y=2.0, custom_label=0.05263158, min_label=0, max_label=38, instance_name='p21.txt');0.0526315793395042;0.2349932938814163;5.181079743010741e-08;0.0;2.0;p21.txt;9.0;0.0;0.0
Data(x=[74, 1], edge_index=[2, 104], edge_attr=[104, 3], y=1.0, custom_label=0.02631579, min_label=0, max_label=38, instance_name='p21.txt');0.0263157896697521;0.2349932938814163;5.181079743010741e-08;0.0;1.0;p21.txt;9.0;0.0;0.0
Data(x=[75, 1], edge_index=[2, 106], edge_attr=[106, 3], y=0.0, custom_label=0.0, min_label=0, max_label=38, instance_name='p21.txt');0.0;0.2349932938814163;2.2138501101776065e-11;0.0;0.0;p21.txt;9.0;0.0;0.0
Data(x=[74, 1], edge_index=[2, 98], edge_attr=[98, 3], y=30.0, custom_label=0.7894737, min_label=0, max_label=38, instance_name='p21.txt');0.7894737124443054;0.2349932938814163;0.4032243192195892;4.0150612790057494e-07;30.0;p21.txt;9.0;15.0;0.0
Data(x=[74, 1], edge_index=[2, 98], edge_attr=[98, 3], y=29.0, custom_label=0.7631579, min_label=0, max_label=38, instance_name='p21.txt');0.7631579041481018;0.2349932938814163;0.2787247002124786;4.0150612790057494e-07;29.0;p21.txt;9.0;11.0;0.0
Data(x=[73, 1], edge_index=[2, 96], edge_attr=[96, 3], y=28.0, custom_label=0.7368421, min_label=0, max_label=38, instance_name='p21.txt');0.7368420958518982;0.2349932938814163;0.2968097329139709;4.0150612790057494e-07;28.0;p21.txt;9.0;11.0;0.0
Data(x=[73, 1], edge_index=[2, 96], edge_attr=[96, 3], y=27.0, custom_label=0.7105263, min_label=0, max_label=38, instance_name='p21.txt');0.7105262875556946;0.2349932938814163;0.2968097627162933;4.0150612790057494e-07;27.0;p21.txt;9.0;11.0;0.0
Data(x=[73, 1], edge_index=[2, 96], edge_attr=[96, 3], y=26.0, custom_label=0.68421054, min_label=0, max_label=38, instance_name='p21.txt');0.6842105388641357;0.2349932938814163;0.2968097329139709;4.0150612790057494e-07;26.0;p21.txt;9.0;11.0;0.0
Data(x=[74, 1], edge_index=[2, 98], edge_attr=[98, 3], y=25.0, custom_label=0.65789473, min_label=0, max_label=38, instance_name='p21.txt');0.6578947305679321;0.2349932938814163;0.1339170634746551;4.0150612790057494e-07;25.0;p21.txt;9.0;5.0;0.0
Data(x=[74, 1], edge_index=[2, 98], edge_attr=[98, 3], y=24.0, custom_label=0.6315789, min_label=0, max_label=38, instance_name='p21.txt');0.6315789222717285;0.2349932938814163;0.1339170634746551;4.0150612790057494e-07;24.0;p21.txt;9.0;5.0;0.0
Data(x=[75, 1], edge_index=[2, 100], edge_attr=[100, 3], y=23.0, custom_label=0.6052632, min_label=0, max_label=38, instance_name='p21.txt');0.6052631735801697;0.2349932938814163;0.0285101365298032;4.0150612790057494e-07;23.0;p21.txt;9.0;1.0;0.0
Data(x=[75, 1], edge_index=[2, 100], edge_attr=[100, 3], y=22.0, custom_label=0.57894737, min_label=0, max_label=38, instance_name='p21.txt');0.5789473652839661;0.2349932938814163;0.0310671776533126;4.0150612790057494e-07;22.0;p21.txt;9.0;1.0;0.0
Data(x=[75, 1], edge_index=[2, 100], edge_attr=[100, 3], y=21.0, custom_label=0.55263156, min_label=0, max_label=38, instance_name='p21.txt');0.5526315569877625;0.2349932938814163;0.0163769721984863;4.0150612790057494e-07;21.0;p21.txt;9.0;1.0;0.0
Data(x=[74, 1], edge_index=[2, 98], edge_attr=[98, 3], y=20.0, custom_label=0.5263158, min_label=0, max_label=38, instance_name='p21.txt');0.5263158082962036;0.2349932938814163;0.1400119662284851;4.0150612790057494e-07;20.0;p21.txt;9.0;5.0;0.0
Data(x=[74, 1], edge_index=[2, 98], edge_attr=[98, 3], y=19.0, custom_label=0.5, min_label=0, max_label=38, instance_name='p21.txt');0.5;0.2349932938814163;0.1610013395547866;4.0150612790057494e-07;19.0;p21.txt;9.0;6.0;0.0
Data(x=[74, 1], edge_index=[2, 98], edge_attr=[98, 3], y=18.0, custom_label=0.47368422, min_label=0, max_label=38, instance_name='p21.txt');0.4736842215061188;0.2349932938814163;0.1610013097524643;0.0;18.0;p21.txt;9.0;6.0;0.0
Data(x=[74, 1], edge_index=[2, 98], edge_attr=[98, 3], y=17.0, custom_label=0.4473684, min_label=0, max_label=38, instance_name='p21.txt');0.4473684132099151;0.2349932938814163;0.1610013097524643;0.0;17.0;p21.txt;9.0;6.0;0.0
Data(x=[74, 1], edge_index=[2, 98], edge_attr=[98, 3], y=16.0, custom_label=0.42105263, min_label=0, max_label=38, instance_name='p21.txt');0.4210526347160339;0.2349932938814163;0.1610013097524643;0.0;16.0;p21.txt;9.0;6.0;0.0
Data(x=[75, 1], edge_index=[2, 100], edge_attr=[100, 3], y=15.0, custom_label=0.39473686, min_label=0, max_label=38, instance_name='p21.txt');0.3947368562221527;0.2349932938814163;0.0310671776533126;4.0150612790057494e-07;15.0;p21.txt;9.0;1.0;0.0
Data(x=[75, 1], edge_index=[2, 100], edge_attr=[100, 3], y=14.0, custom_label=0.36842105, min_label=0, max_label=38, instance_name='p21.txt');0.3684210479259491;0.2349932938814163;0.0310671776533126;0.0;14.0;p21.txt;9.0;1.0;0.0
Data(x=[75, 1], edge_index=[2, 100], edge_attr=[100, 3], y=13.0, custom_label=0.34210527, min_label=0, max_label=38, instance_name='p21.txt');0.3421052694320678;0.2349932938814163;0.0310671776533126;4.0150612790057494e-07;13.0;p21.txt;9.0;1.0;0.0
Data(x=[75, 1], edge_index=[2, 100], edge_attr=[100, 3], y=12.0, custom_label=0.31578946, min_label=0, max_label=38, instance_name='p21.txt');0.3157894611358642;0.2349932938814163;0.0310671776533126;4.0150612790057494e-07;12.0;p21.txt;9.0;1.0;0.0
Data(x=[75, 1], edge_index=[2, 100], edge_attr=[100, 3], y=11.0, custom_label=0.28947368, min_label=0, max_label=38, instance_name='p21.txt');0.289473682641983;0.2349932938814163;0.0310671776533126;4.0150612790057494e-07;11.0;p21.txt;9.0;1.0;0.0
Data(x=[75, 1], edge_index=[2, 100], edge_attr=[100, 3], y=10.0, custom_label=0.2631579, min_label=0, max_label=38, instance_name='p21.txt');0.2631579041481018;0.2349932938814163;0.0469138510525226;4.0150612790057494e-07;10.0;p21.txt;9.0;2.0;0.0
Data(x=[75, 1], edge_index=[2, 100], edge_attr=[100, 3], y=9.0, custom_label=0.23684211, min_label=0, max_label=38, instance_name='p21.txt');0.2368421107530594;0.2349932938814163;0.0310671776533126;4.0150612790057494e-07;9.0;p21.txt;9.0;1.0;0.0
Data(x=[75, 1], edge_index=[2, 100], edge_attr=[100, 3], y=8.0, custom_label=0.21052632, min_label=0, max_label=38, instance_name='p21.txt');0.2105263173580169;0.2349932938814163;0.0310671627521514;4.0150612790057494e-07;8.0;p21.txt;9.0;1.0;0.0
Data(x=[75, 1], edge_index=[2, 100], edge_attr=[100, 3], y=7.0, custom_label=0.18421052, min_label=0, max_label=38, instance_name='p21.txt');0.1842105239629745;0.2349932938814163;0.0310671776533126;4.0150612790057494e-07;7.0;p21.txt;9.0;1.0;0.0
Data(x=[75, 1], edge_index=[2, 100], edge_attr=[100, 3], y=6.0, custom_label=0.15789473, min_label=0, max_label=38, instance_name='p21.txt');0.1578947305679321;0.2349932938814163;0.0310671776533126;4.0150612790057494e-07;6.0;p21.txt;9.0;1.0;0.0
Data(x=[74, 1], edge_index=[2, 98], edge_attr=[98, 3], y=5.0, custom_label=0.13157895, min_label=0, max_label=38, instance_name='p21.txt');0.1315789520740509;0.2349932938814163;0.0682297050952911;4.0150612790057494e-07;5.0;p21.txt;9.0;3.0;0.0
Data(x=[75, 1], edge_index=[2, 100], edge_attr=[100, 3], y=4.0, custom_label=0.10526316, min_label=0, max_label=38, instance_name='p21.txt');0.1052631586790084;0.2349932938814163;0.0006291221361607;4.0150612790057494e-07;4.0;p21.txt;9.0;0.0;0.0
Data(x=[76, 1], edge_index=[2, 102], edge_attr=[102, 3], y=3.0, custom_label=0.078947365, min_label=0, max_label=38, instance_name='p21.txt');0.078947365283966;0.2349932938814163;9.370694442623062e-07;4.0150612790057494e-07;3.0;p21.txt;9.0;0.0;0.0
Data(x=[75, 1], edge_index=[2, 100], edge_attr=[100, 3], y=2.0, custom_label=0.05263158, min_label=0, max_label=38, instance_name='p21.txt');0.0526315793395042;0.2349932938814163;2.858419975382276e-06;4.0150612790057494e-07;2.0;p21.txt;9.0;0.0;0.0
Data(x=[76, 1], edge_index=[2, 102], edge_attr=[102, 3], y=1.0, custom_label=0.02631579, min_label=0, max_label=38, instance_name='p21.txt');0.0263157896697521;0.2349932938814163;4.453038826568445e-09;4.0150612790057494e-07;1.0;p21.txt;9.0;0.0;0.0
Data(x=[77, 1], edge_index=[2, 104], edge_attr=[104, 3], y=0.0, custom_label=0.0, min_label=0, max_label=38, instance_name='p21.txt');0.0;0.2349932938814163;8.130237802439488e-12;4.0150612790057494e-07;0.0;p21.txt;9.0;0.0;0.0
Data(x=[75, 1], edge_index=[2, 104], edge_attr=[104, 3], y=7.0, custom_label=0.18421052, min_label=0, max_label=38, instance_name='p21.txt');0.1842105239629745;0.2349932938814163;1.0014819963544142e-05;0.0;7.0;p21.txt;9.0;0.0;0.0
Data(x=[75, 1], edge_index=[2, 104], edge_attr=[104, 3], y=6.0, custom_label=0.15789473, min_label=0, max_label=38, instance_name='p21.txt');0.1578947305679321;0.2349932938814163;2.8734684747178108e-06;0.0;6.0;p21.txt;9.0;0.0;0.0
Data(x=[75, 1], edge_index=[2, 104], edge_attr=[104, 3], y=5.0, custom_label=0.13157895, min_label=0, max_label=38, instance_name='p21.txt');0.1315789520740509;0.2349932938814163;2.873465973607381e-06;0.0;5.0;p21.txt;9.0;0.0;0.0
Data(x=[76, 1], edge_index=[2, 106], edge_attr=[106, 3], y=4.0, custom_label=0.10526316, min_label=0, max_label=38, instance_name='p21.txt');0.1052631586790084;0.2349932938814163;4.405535047879994e-09;0.0;4.0;p21.txt;9.0;0.0;0.0
Data(x=[76, 1], edge_index=[2, 106], edge_attr=[106, 3], y=3.0, custom_label=0.078947365, min_label=0, max_label=38, instance_name='p21.txt');0.078947365283966;0.2349932938814163;1.503190905083329e-09;0.0;3.0;p21.txt;9.0;0.0;0.0
Data(x=[75, 1], edge_index=[2, 104], edge_attr=[104, 3], y=2.0, custom_label=0.05263158, min_label=0, max_label=38, instance_name='p21.txt');0.0526315793395042;0.2349932938814163;1.2210207289697903e-09;0.0;2.0;p21.txt;9.0;0.0;0.0
Data(x=[75, 1], edge_index=[2, 104], edge_attr=[104, 3], y=1.0, custom_label=0.02631579, min_label=0, max_label=38, instance_name='p21.txt');0.0263157896697521;0.2349932938814163;4.205098047549427e-09;0.0;1.0;p21.txt;9.0;0.0;0.0
Data(x=[76, 1], edge_index=[2, 106], edge_attr=[106, 3], y=0.0, custom_label=0.0, min_label=0, max_label=38, instance_name='p21.txt');0.0;0.2349932938814163;7.057236305757497e-12;0.0;0.0;p21.txt;9.0;0.0;0.0
Data(x=[76, 1], edge_index=[2, 104], edge_attr=[104, 3], y=15.0, custom_label=0.39473686, min_label=0, max_label=38, instance_name='p21.txt');0.3947368562221527;0.2349932938814163;1.3002056221012026e-05;4.0150612790057494e-07;15.0;p21.txt;9.0;0.0;0.0
Data(x=[75, 1], edge_index=[2, 102], edge_attr=[102, 3], y=14.0, custom_label=0.36842105, min_label=0, max_label=38, instance_name='p21.txt');0.3684210479259491;0.2349932938814163;4.127902866457589e-05;4.0150612790057494e-07;14.0;p21.txt;9.0;0.0;0.0
Data(x=[76, 1], edge_index=[2, 104], edge_attr=[104, 3], y=13.0, custom_label=0.34210527, min_label=0, max_label=38, instance_name='p21.txt');0.3421052694320678;0.2349932938814163;6.14194419767955e-08;4.0150612790057494e-07;13.0;p21.txt;9.0;0.0;0.0
Data(x=[75, 1], edge_index=[2, 102], edge_attr=[102, 3], y=12.0, custom_label=0.31578946, min_label=0, max_label=38, instance_name='p21.txt');0.3157894611358642;0.2349932938814163;9.214714964400628e-07;4.0150612790057494e-07;12.0;p21.txt;9.0;0.0;0.0
Data(x=[75, 1], edge_index=[2, 102], edge_attr=[102, 3], y=11.0, custom_label=0.28947368, min_label=0, max_label=38, instance_name='p21.txt');0.289473682641983;0.2349932938814163;2.664891951553728e-07;4.0150612790057494e-07;11.0;p21.txt;9.0;0.0;0.0
Data(x=[75, 1], edge_index=[2, 102], edge_attr=[102, 3], y=10.0, custom_label=0.2631579, min_label=0, max_label=38, instance_name='p21.txt');0.2631579041481018;0.2349932938814163;9.2147064378878e-07;4.0150612790057494e-07;10.0;p21.txt;9.0;0.0;0.0
Data(x=[75, 1], edge_index=[2, 102], edge_attr=[102, 3], y=9.0, custom_label=0.23684211, min_label=0, max_label=38, instance_name='p21.txt');0.2368421107530594;0.2349932938814163;9.2147064378878e-07;4.0150612790057494e-07;9.0;p21.txt;9.0;0.0;0.0
Data(x=[75, 1], edge_index=[2, 102], edge_attr=[102, 3], y=8.0, custom_label=0.21052632, min_label=0, max_label=38, instance_name='p21.txt');0.2105263173580169;0.2349932938814163;1.7332781681034248e-06;4.0150612790057494e-07;8.0;p21.txt;9.0;0.0;0.0
Data(x=[75, 1], edge_index=[2, 102], edge_attr=[102, 3], y=7.0, custom_label=0.18421052, min_label=0, max_label=38, instance_name='p21.txt');0.1842105239629745;0.2349932938814163;9.214714964400628e-07;4.0150612790057494e-07;7.0;p21.txt;9.0;0.0;0.0
Data(x=[76, 1], edge_index=[2, 104], edge_attr=[104, 3], y=6.0, custom_label=0.15789473, min_label=0, max_label=38, instance_name='p21.txt');0.1578947305679321;0.2349932938814163;1.4496246425466095e-09;4.0150612790057494e-07;6.0;p21.txt;9.0;0.0;0.0
Data(x=[75, 1], edge_index=[2, 102], edge_attr=[102, 3], y=5.0, custom_label=0.13157895, min_label=0, max_label=38, instance_name='p21.txt');0.1315789520740509;0.2349932938814163;2.063892523551658e-08;4.0150612790057494e-07;5.0;p21.txt;9.0;0.0;0.0
Data(x=[75, 1], edge_index=[2, 102], edge_attr=[102, 3], y=4.0, custom_label=0.10526316, min_label=0, max_label=38, instance_name='p21.txt');0.1052631586790084;0.2349932938814163;5.982717432573281e-09;4.0150612790057494e-07;4.0;p21.txt;9.0;0.0;0.0
Data(x=[74, 1], edge_index=[2, 100], edge_attr=[100, 3], y=3.0, custom_label=0.078947365, min_label=0, max_label=38, instance_name='p21.txt');0.078947365283966;0.2349932938814163;1.4036652373761171e-06;4.0150612790057494e-07;3.0;p21.txt;9.0;0.0;0.0
Data(x=[74, 1], edge_index=[2, 100], edge_attr=[100, 3], y=2.0, custom_label=0.05263158, min_label=0, max_label=38, instance_name='p21.txt');0.0526315793395042;0.2349932938814163;1.6406456193607255e-09;4.0150612790057494e-07;2.0;p21.txt;9.0;0.0;0.0
Data(x=[74, 1], edge_index=[2, 100], edge_attr=[100, 3], y=1.0, custom_label=0.02631579, min_label=0, max_label=38, instance_name='p21.txt');0.0263157896697521;0.2349932938814163;1.6406456193607255e-09;4.0150612790057494e-07;1.0;p21.txt;9.0;0.0;0.0
Data(x=[75, 1], edge_index=[2, 102], edge_attr=[102, 3], y=0.0, custom_label=0.0, min_label=0, max_label=38, instance_name='p21.txt');0.0;0.2349932938814163;2.5631721137925334e-12;4.0150612790057494e-07;0.0;p21.txt;9.0;0.0;0.0
Data(x=[54, 1], edge_index=[2, 64], edge_attr=[64, 3], y=0.0, custom_label=0.0, min_label=0, max_label=5, instance_name='p22.txt');0.0;0.2349932938814163;0.0001967301795957;4.0150612790057494e-07;0.0;p22.txt;1.0;0.0;0.0
Data(x=[55, 1], edge_index=[2, 64], edge_attr=[64, 3], y=0.0, custom_label=0.0, min_label=0, max_label=5, instance_name='p22.txt');0.0;0.2349932938814163;0.0002813945466186;4.0150612790057494e-07;0.0;p22.txt;1.0;0.0;0.0
Data(x=[54, 1], edge_index=[2, 66], edge_attr=[66, 3], y=0.0, custom_label=0.0, min_label=0, max_label=5, instance_name='p22.txt');0.0;0.2349932938814163;0.000119605087093;0.0;0.0;p22.txt;1.0;0.0;0.0
Data(x=[67, 1], edge_index=[2, 80], edge_attr=[80, 3], y=0.0, custom_label=0.0, min_label=0, max_label=5, instance_name='p22.txt');0.0;0.2349932938814163;0.0001068942874553;0.0;0.0;p22.txt;1.0;0.0;0.0
Data(x=[53, 1], edge_index=[2, 66], edge_attr=[66, 3], y=0.0, custom_label=0.0, min_label=0, max_label=5, instance_name='p22.txt');0.0;0.2349932938814163;3.1874710657575638e-06;0.0;0.0;p22.txt;1.0;0.0;0.0
Data(x=[56, 1], edge_index=[2, 68], edge_attr=[68, 3], y=0.0, custom_label=0.0, min_label=0, max_label=5, instance_name='p22.txt');0.0;0.2349932938814163;0.0001514204632258;4.0150612790057494e-07;0.0;p22.txt;1.0;0.0;0.0
Data(x=[53, 1], edge_index=[2, 64], edge_attr=[64, 3], y=0.0, custom_label=0.0, min_label=0, max_label=5, instance_name='p22.txt');0.0;0.2349932938814163;0.0001359840825898;4.0150612790057494e-07;0.0;p22.txt;1.0;0.0;0.0
Data(x=[54, 1], edge_index=[2, 66], edge_attr=[66, 3], y=0.0, custom_label=0.0, min_label=0, max_label=5, instance_name='p22.txt');0.0;0.2349932938814163;2.1995003407937475e-05;0.0;0.0;p22.txt;1.0;0.0;0.0
Data(x=[56, 1], edge_index=[2, 68], edge_attr=[68, 3], y=0.0, custom_label=0.0, min_label=0, max_label=5, instance_name='p22.txt');0.0;0.2349932938814163;3.595053203753196e-05;0.0;0.0;p22.txt;1.0;0.0;0.0
Data(x=[61, 1], edge_index=[2, 74], edge_attr=[74, 3], y=0.0, custom_label=0.0, min_label=0, max_label=5, instance_name='p22.txt');0.0;0.2349932938814163;5.488685928867199e-05;4.0150612790057494e-07;0.0;p22.txt;1.0;0.0;0.0
Data(x=[49, 1], edge_index=[2, 60], edge_attr=[60, 3], y=0.0, custom_label=0.0, min_label=0, max_label=5, instance_name='p22.txt');0.0;0.2349932938814163;1.2353149941191076e-05;4.0150612790057494e-07;0.0;p22.txt;1.0;0.0;0.0
Data(x=[61, 1], edge_index=[2, 72], edge_attr=[72, 3], y=0.0, custom_label=0.0, min_label=0, max_label=5, instance_name='p22.txt');0.0;0.2349932938814163;0.0003198109625373;4.0150612790057494e-07;0.0;p22.txt;1.0;0.0;0.0
Data(x=[57, 1], edge_index=[2, 68], edge_attr=[68, 3], y=0.0, custom_label=0.0, min_label=0, max_label=5, instance_name='p22.txt');0.0;0.2349932938814163;5.232092735241167e-05;0.0;0.0;p22.txt;1.0;0.0;0.0
Data(x=[46, 1], edge_index=[2, 58], edge_attr=[58, 3], y=0.0, custom_label=0.0, min_label=0, max_label=5, instance_name='p22.txt');0.0;0.2349932938814163;8.935322739489493e-07;4.0150612790057494e-07;0.0;p22.txt;1.0;0.0;0.0
Data(x=[56, 1], edge_index=[2, 68], edge_attr=[68, 3], y=0.0, custom_label=0.0, min_label=0, max_label=5, instance_name='p22.txt');0.0;0.2349932938814163;3.595056477934122e-05;4.0150612790057494e-07;0.0;p22.txt;1.0;0.0;0.0
Data(x=[49, 1], edge_index=[2, 60], edge_attr=[60, 3], y=0.0, custom_label=0.0, min_label=0, max_label=5, instance_name='p22.txt');0.0;0.2349932938814163;1.5398700270452537e-05;0.0;0.0;p22.txt;1.0;0.0;0.0
Data(x=[71, 1], edge_index=[2, 82], edge_attr=[82, 3], y=0.0, custom_label=0.0, min_label=0, max_label=5, instance_name='p22.txt');0.0;0.2349932938814163;0.0002327371912542;4.0150612790057494e-07;0.0;p22.txt;1.0;0.0;0.0
Data(x=[50, 1], edge_index=[2, 62], edge_attr=[62, 3], y=0.0, custom_label=0.0, min_label=0, max_label=5, instance_name='p22.txt');0.0;0.2349932938814163;2.253615321023972e-06;4.0150612790057494e-07;0.0;p22.txt;1.0;0.0;0.0
Data(x=[50, 1], edge_index=[2, 60], edge_attr=[60, 3], y=0.0, custom_label=0.0, min_label=0, max_label=5, instance_name='p22.txt');0.0;0.2349932938814163;0.0001205553489853;4.0150612790057494e-07;0.0;p22.txt;1.0;0.0;0.0
Data(x=[47, 1], edge_index=[2, 58], edge_attr=[58, 3], y=0.0, custom_label=0.0, min_label=0, max_label=5, instance_name='p22.txt');0.0;0.2349932938814163;5.965508898952976e-05;0.0;0.0;p22.txt;1.0;0.0;0.0
Data(x=[58, 1], edge_index=[2, 68], edge_attr=[68, 3], y=0.0, custom_label=0.0, min_label=0, max_label=5, instance_name='p22.txt');0.0;0.2349932938814163;0.000300983141642;0.0;0.0;p22.txt;1.0;0.0;0.0
Data(x=[60, 1], edge_index=[2, 72], edge_attr=[72, 3], y=0.0, custom_label=0.0, min_label=0, max_label=5, instance_name='p22.txt');0.0;0.2349932938814163;6.0739264881704e-05;0.0;0.0;p22.txt;1.0;0.0;0.0
Data(x=[56, 1], edge_index=[2, 68], edge_attr=[68, 3], y=0.0, custom_label=0.0, min_label=0, max_label=5, instance_name='p22.txt');0.0;0.2349932938814163;0.0001514204632258;4.0150612790057494e-07;0.0;p22.txt;1.0;0.0;0.0
Data(x=[53, 1], edge_index=[2, 66], edge_attr=[66, 3], y=0.0, custom_label=0.0, min_label=0, max_label=5, instance_name='p22.txt');0.0;0.2349932938814163;1.7844611647888087e-05;4.0150612790057494e-07;0.0;p22.txt;1.0;0.0;0.0
Data(x=[59, 1], edge_index=[2, 72], edge_attr=[72, 3], y=0.0, custom_label=0.0, min_label=0, max_label=5, instance_name='p22.txt');0.0;0.2349932938814163;0.0001668146287556;0.0;0.0;p22.txt;1.0;0.0;0.0
Data(x=[55, 1], edge_index=[2, 68], edge_attr=[68, 3], y=0.0, custom_label=0.0, min_label=0, max_label=5, instance_name='p22.txt');0.0;0.2349932938814163;2.436726026644465e-05;0.0;0.0;p22.txt;1.0;0.0;0.0
Data(x=[58, 1], edge_index=[2, 70], edge_attr=[70, 3], y=2.0, custom_label=0.4, min_label=0, max_label=5, instance_name='p22.txt');0.4000000059604645;0.2349932938814163;0.0607890002429485;4.0150612790057494e-07;2.0;p22.txt;1.0;0.0;0.0
Data(x=[58, 1], edge_index=[2, 70], edge_attr=[70, 3], y=1.0, custom_label=0.2, min_label=0, max_label=5, instance_name='p22.txt');0.2000000029802322;0.2349932938814163;0.0666072964668273;4.0150612790057494e-07;1.0;p22.txt;1.0;0.0;0.0
Data(x=[59, 1], edge_index=[2, 72], edge_attr=[72, 3], y=0.0, custom_label=0.0, min_label=0, max_label=5, instance_name='p22.txt');0.0;0.2349932938814163;4.264669405529276e-05;4.0150612790057494e-07;0.0;p22.txt;1.0;0.0;0.0
Data(x=[47, 1], edge_index=[2, 58], edge_attr=[58, 3], y=0.0, custom_label=0.0, min_label=0, max_label=5, instance_name='p22.txt');0.0;0.2349932938814163;8.445965249848086e-06;0.0;0.0;p22.txt;1.0;0.0;0.0
Data(x=[66, 1], edge_index=[2, 78], edge_attr=[78, 3], y=0.0, custom_label=0.0, min_label=0, max_label=5, instance_name='p22.txt');0.0;0.2349932938814163;0.000118431802548;4.0150612790057494e-07;0.0;p22.txt;1.0;0.0;0.0
Data(x=[59, 1], edge_index=[2, 70], edge_attr=[70, 3], y=0.0, custom_label=0.0, min_label=0, max_label=5, instance_name='p22.txt');0.0;0.2349932938814163;3.4163196687586606e-05;4.0150612790057494e-07;0.0;p22.txt;1.0;0.0;0.0
Data(x=[60, 1], edge_index=[2, 70], edge_attr=[70, 3], y=0.0, custom_label=0.0, min_label=0, max_label=5, instance_name='p22.txt');0.0;0.2349932938814163;0.0003644489916041;4.0150612790057494e-07;0.0;p22.txt;1.0;0.0;0.0
Data(x=[55, 1], edge_index=[2, 66], edge_attr=[66, 3], y=0.0, custom_label=0.0, min_label=0, max_label=5, instance_name='p22.txt');0.0;0.2349932938814163;3.984434079029597e-05;0.0;0.0;p22.txt;1.0;0.0;0.0
Data(x=[54, 1], edge_index=[2, 66], edge_attr=[66, 3], y=0.0, custom_label=0.0, min_label=0, max_label=5, instance_name='p22.txt');0.0;0.2349932938814163;2.686382686079014e-05;0.0;0.0;p22.txt;1.0;0.0;0.0
Data(x=[52, 1], edge_index=[2, 64], edge_attr=[64, 3], y=0.0, custom_label=0.0, min_label=0, max_label=5, instance_name='p22.txt');0.0;0.2349932938814163;1.962886926776264e-05;0.0;0.0;p22.txt;1.0;0.0;0.0
Data(x=[42, 1], edge_index=[2, 52], edge_attr=[52, 3], y=0.0, custom_label=0.0, min_label=0, max_label=5, instance_name='p22.txt');0.0;0.2349932938814163;3.454338002484292e-05;0.0;0.0;p22.txt;1.0;0.0;0.0
Data(x=[70, 1], edge_index=[2, 82], edge_attr=[82, 3], y=0.0, custom_label=0.0, min_label=0, max_label=5, instance_name='p22.txt');0.0;0.2349932938814163;0.0001501152582932;4.0150612790057494e-07;0.0;p22.txt;1.0;0.0;0.0
Data(x=[50, 1], edge_index=[2, 62], edge_attr=[62, 3], y=0.0, custom_label=0.0, min_label=0, max_label=5, instance_name='p22.txt');0.0;0.2349932938814163;1.3986867998028174e-05;4.0150612790057494e-07;0.0;p22.txt;1.0;0.0;0.0
Data(x=[49, 1], edge_index=[2, 60], edge_attr=[60, 3], y=0.0, custom_label=0.0, min_label=0, max_label=5, instance_name='p22.txt');0.0;0.2349932938814163;8.020852692425251e-05;0.0;0.0;p22.txt;1.0;0.0;0.0
Data(x=[62, 1], edge_index=[2, 72], edge_attr=[72, 3], y=0.0, custom_label=0.0, min_label=0, max_label=5, instance_name='p22.txt');0.0;0.2349932938814163;0.0004358787264209;0.0;0.0;p22.txt;1.0;0.0;0.0
Data(x=[52, 1], edge_index=[2, 64], edge_attr=[64, 3], y=0.0, custom_label=0.0, min_label=0, max_label=5, instance_name='p22.txt');0.0;0.2349932938814163;1.928053734445712e-06;0.0;0.0;p22.txt;1.0;0.0;0.0
Data(x=[62, 1], edge_index=[2, 72], edge_attr=[72, 3], y=0.0, custom_label=0.0, min_label=0, max_label=5, instance_name='p22.txt');0.0;0.2349932938814163;0.0004358785517979;4.0150612790057494e-07;0.0;p22.txt;1.0;0.0;0.0
Data(x=[59, 1], edge_index=[2, 72], edge_attr=[72, 3], y=0.0, custom_label=0.0, min_label=0, max_label=5, instance_name='p22.txt');0.0;0.2349932938814163;4.264669405529276e-05;4.0150612790057494e-07;0.0;p22.txt;1.0;0.0;0.0
Data(x=[53, 1], edge_index=[2, 64], edge_attr=[64, 3], y=0.0, custom_label=0.0, min_label=0, max_label=5, instance_name='p22.txt');0.0;0.2349932938814163;2.972539368784055e-05;4.0150612790057494e-07;0.0;p22.txt;1.0;0.0;0.0
Data(x=[55, 1], edge_index=[2, 66], edge_attr=[66, 3], y=0.0, custom_label=0.0, min_label=0, max_label=5, instance_name='p22.txt');0.0;0.2349932938814163;0.0001721060107229;4.0150612790057494e-07;0.0;p22.txt;1.0;0.0;0.0
Data(x=[43, 1], edge_index=[2, 54], edge_attr=[54, 3], y=0.0, custom_label=0.0, min_label=0, max_label=5, instance_name='p22.txt');0.0;0.2349932938814163;3.564082135198987e-06;4.0150612790057494e-07;0.0;p22.txt;1.0;0.0;0.0
Data(x=[53, 1], edge_index=[2, 64], edge_attr=[64, 3], y=0.0, custom_label=0.0, min_label=0, max_label=5, instance_name='p22.txt');0.0;0.2349932938814163;0.0001359839370707;4.0150612790057494e-07;0.0;p22.txt;1.0;0.0;0.0
Data(x=[58, 1], edge_index=[2, 70], edge_attr=[70, 3], y=0.0, custom_label=0.0, min_label=0, max_label=5, instance_name='p22.txt');0.0;0.2349932938814163;4.715363320428878e-05;0.0;0.0;p22.txt;1.0;0.0;0.0
Data(x=[57, 1], edge_index=[2, 66], edge_attr=[66, 3], y=1.0, custom_label=0.2, min_label=0, max_label=5, instance_name='p22.txt');0.2000000029802322;0.2349932938814163;0.0828301534056663;4.0150612790057494e-07;1.0;p22.txt;1.0;0.0;0.0
Data(x=[57, 1], edge_index=[2, 66], edge_attr=[66, 3], y=0.0, custom_label=0.0, min_label=0, max_label=5, instance_name='p22.txt');0.0;0.2349932938814163;0.0003449937503319;4.0150612790057494e-07;0.0;p22.txt;1.0;0.0;0.0
Data(x=[45, 1], edge_index=[2, 58], edge_attr=[58, 3], y=0.0, custom_label=0.0, min_label=0, max_label=5, instance_name='p22.txt');0.0;0.2349932938814163;3.934857431886485e-06;0.0;0.0;p22.txt;1.0;0.0;0.0
Data(x=[49, 1], edge_index=[2, 60], edge_attr=[60, 3], y=0.0, custom_label=0.0, min_label=0, max_label=5, instance_name='p22.txt');0.0;0.2349932938814163;1.5398700270452537e-05;4.0150612790057494e-07;0.0;p22.txt;1.0;0.0;0.0
Data(x=[55, 1], edge_index=[2, 68], edge_attr=[68, 3], y=0.0, custom_label=0.0, min_label=0, max_label=5, instance_name='p22.txt');0.0;0.2349932938814163;2.0023566321469843e-05;0.0;0.0;p22.txt;1.0;0.0;0.0
Data(x=[57, 1], edge_index=[2, 68], edge_attr=[68, 3], y=0.0, custom_label=0.0, min_label=0, max_label=5, instance_name='p22.txt');0.0;0.2349932938814163;0.0002146813058061;4.0150612790057494e-07;0.0;p22.txt;1.0;0.0;0.0
Data(x=[50, 1], edge_index=[2, 64], edge_attr=[64, 3], y=0.0, custom_label=0.0, min_label=0, max_label=5, instance_name='p22.txt');0.0;0.2349932938814163;7.282318961188139e-07;0.0;0.0;p22.txt;1.0;0.0;0.0
Data(x=[64, 1], edge_index=[2, 74], edge_attr=[74, 3], y=0.0, custom_label=0.0, min_label=0, max_label=5, instance_name='p22.txt');0.0;0.2349932938814163;0.0005155015387572;4.0150612790057494e-07;0.0;p22.txt;1.0;0.0;0.0
Data(x=[52, 1], edge_index=[2, 64], edge_attr=[64, 3], y=0.0, custom_label=0.0, min_label=0, max_label=5, instance_name='p22.txt');0.0;0.2349932938814163;1.9628887457656677e-05;0.0;0.0;p22.txt;1.0;0.0;0.0
Data(x=[51, 1], edge_index=[2, 64], edge_attr=[64, 3], y=0.0, custom_label=0.0, min_label=0, max_label=5, instance_name='p22.txt');0.0;0.2349932938814163;1.2761597645294389e-05;0.0;0.0;p22.txt;1.0;0.0;0.0
Data(x=[55, 1], edge_index=[2, 68], edge_attr=[68, 3], y=0.0, custom_label=0.0, min_label=0, max_label=5, instance_name='p22.txt');0.0;0.2349932938814163;4.633841399481753e-06;0.0;0.0;p22.txt;1.0;0.0;0.0
Data(x=[59, 1], edge_index=[2, 72], edge_attr=[72, 3], y=0.0, custom_label=0.0, min_label=0, max_label=5, instance_name='p22.txt');0.0;0.2349932938814163;0.0001668146287556;0.0;0.0;p22.txt;1.0;0.0;0.0
Data(x=[51, 1], edge_index=[2, 64], edge_attr=[64, 3], y=2.0, custom_label=0.4, min_label=0, max_label=5, instance_name='p22.txt');0.4000000059604645;0.2349932938814163;0.0033604837954044;4.0150612790057494e-07;2.0;p22.txt;1.0;0.0;0.0
Data(x=[50, 1], edge_index=[2, 62], edge_attr=[62, 3], y=1.0, custom_label=0.2, min_label=0, max_label=5, instance_name='p22.txt');0.2000000029802322;0.2349932938814163;0.0175136756151914;4.0150612790057494e-07;1.0;p22.txt;1.0;0.0;0.0
Data(x=[51, 1], edge_index=[2, 64], edge_attr=[64, 3], y=0.0, custom_label=0.0, min_label=0, max_label=5, instance_name='p22.txt');0.0;0.2349932938814163;1.1963007864324029e-06;4.0150612790057494e-07;0.0;p22.txt;1.0;0.0;0.0
Data(x=[54, 1], edge_index=[2, 66], edge_attr=[66, 3], y=0.0, custom_label=0.0, min_label=0, max_label=5, instance_name='p22.txt');0.0;0.2349932938814163;0.000119605087093;0.0;0.0;p22.txt;1.0;0.0;0.0
Data(x=[55, 1], edge_index=[2, 68], edge_attr=[68, 3], y=0.0, custom_label=0.0, min_label=0, max_label=5, instance_name='p22.txt');0.0;0.2349932938814163;2.4367280275328085e-05;4.0150612790057494e-07;0.0;p22.txt;1.0;0.0;0.0
Data(x=[50, 1], edge_index=[2, 62], edge_attr=[62, 3], y=0.0, custom_label=0.0, min_label=0, max_label=5, instance_name='p22.txt');0.0;0.2349932938814163;1.3986880730954e-05;0.0;0.0;p22.txt;1.0;0.0;0.0
Data(x=[54, 1], edge_index=[2, 66], edge_attr=[66, 3], y=0.0, custom_label=0.0, min_label=0, max_label=5, instance_name='p22.txt');0.0;0.2349932938814163;0.0001196049706777;0.0;0.0;p22.txt;1.0;0.0;0.0
Data(x=[58, 1], edge_index=[2, 70], edge_attr=[70, 3], y=0.0, custom_label=0.0, min_label=0, max_label=5, instance_name='p22.txt');0.0;0.2349932938814163;9.772460543899795e-06;0.0;0.0;p22.txt;1.0;0.0;0.0
Data(x=[62, 1], edge_index=[2, 74], edge_attr=[74, 3], y=0.0, custom_label=0.0, min_label=0, max_label=5, instance_name='p22.txt');0.0;0.2349932938814163;7.697135879425332e-05;0.0;0.0;p22.txt;1.0;0.0;0.0
Data(x=[58, 1], edge_index=[2, 68], edge_attr=[68, 3], y=0.0, custom_label=0.0, min_label=0, max_label=5, instance_name='p22.txt');0.0;0.2349932938814163;7.516637560911477e-05;4.0150612790057494e-07;0.0;p22.txt;1.0;0.0;0.0
Data(x=[54, 1], edge_index=[2, 64], edge_attr=[64, 3], y=0.0, custom_label=0.0, min_label=0, max_label=5, instance_name='p22.txt');0.0;0.2349932938814163;0.0001967303542187;4.0150612790057494e-07;0.0;p22.txt;1.0;0.0;0.0
Data(x=[56, 1], edge_index=[2, 68], edge_attr=[68, 3], y=0.0, custom_label=0.0, min_label=0, max_label=5, instance_name='p22.txt');0.0;0.2349932938814163;3.595053203753196e-05;0.0;0.0;p22.txt;1.0;0.0;0.0
Data(x=[56, 1], edge_index=[2, 68], edge_attr=[68, 3], y=0.0, custom_label=0.0, min_label=0, max_label=5, instance_name='p22.txt');0.0;0.2349932938814163;3.595053203753196e-05;0.0;0.0;p22.txt;1.0;0.0;0.0
Data(x=[46, 1], edge_index=[2, 58], edge_attr=[58, 3], y=0.0, custom_label=0.0, min_label=0, max_label=5, instance_name='p22.txt');0.0;0.2349932938814163;6.532121915370226e-06;4.0150612790057494e-07;0.0;p22.txt;1.0;0.0;0.0
Data(x=[52, 1], edge_index=[2, 64], edge_attr=[64, 3], y=0.0, custom_label=0.0, min_label=0, max_label=5, instance_name='p22.txt');0.0;0.2349932938814163;9.277494973503052e-05;4.0150612790057494e-07;0.0;p22.txt;1.0;0.0;0.0
Data(x=[55, 1], edge_index=[2, 68], edge_attr=[68, 3], y=0.0, custom_label=0.0, min_label=0, max_label=5, instance_name='p22.txt');0.0;0.2349932938814163;1.1746506061172113e-05;0.0;0.0;p22.txt;1.0;0.0;0.0
Data(x=[50, 1], edge_index=[2, 62], edge_attr=[62, 3], y=0.0, custom_label=0.0, min_label=0, max_label=5, instance_name='p22.txt');0.0;0.2349932938814163;1.3986880730954e-05;4.0150612790057494e-07;0.0;p22.txt;1.0;0.0;0.0
Data(x=[57, 1], edge_index=[2, 70], edge_attr=[70, 3], y=0.0, custom_label=0.0, min_label=0, max_label=5, instance_name='p22.txt');0.0;0.2349932938814163;3.919688879250316e-06;4.0150612790057494e-07;0.0;p22.txt;1.0;0.0;0.0
Data(x=[56, 1], edge_index=[2, 68], edge_attr=[68, 3], y=0.0, custom_label=0.0, min_label=0, max_label=5, instance_name='p22.txt');0.0;0.2349932938814163;7.043505320325494e-06;4.0150612790057494e-07;0.0;p22.txt;1.0;0.0;0.0
Data(x=[65, 1], edge_index=[2, 76], edge_attr=[76, 3], y=0.0, custom_label=0.0, min_label=0, max_label=5, instance_name='p22.txt');0.0;0.2349932938814163;0.0004535967018455;0.0;0.0;p22.txt;1.0;0.0;0.0
Data(x=[56, 1], edge_index=[2, 64], edge_attr=[64, 3], y=5.0, custom_label=1.0, min_label=0, max_label=5, instance_name='p22.txt');1.0;0.2349932938814163;0.1058855652809143;4.0150612790057494e-07;5.0;p22.txt;1.0;1.0;0.0
Data(x=[56, 1], edge_index=[2, 64], edge_attr=[64, 3], y=4.0, custom_label=0.8, min_label=0, max_label=5, instance_name='p22.txt');0.800000011920929;0.2349932938814163;0.1058855652809143;4.0150612790057494e-07;4.0;p22.txt;1.0;1.0;0.0
Data(x=[56, 1], edge_index=[2, 64], edge_attr=[64, 3], y=3.0, custom_label=0.6, min_label=0, max_label=5, instance_name='p22.txt');0.6000000238418579;0.2349932938814163;0.1058855652809143;4.0150612790057494e-07;3.0;p22.txt;1.0;1.0;0.0
Data(x=[56, 1], edge_index=[2, 64], edge_attr=[64, 3], y=2.0, custom_label=0.4, min_label=0, max_label=5, instance_name='p22.txt');0.4000000059604645;0.2349932938814163;0.1058855652809143;4.0150612790057494e-07;2.0;p22.txt;1.0;1.0;0.0
Data(x=[56, 1], edge_index=[2, 64], edge_attr=[64, 3], y=1.0, custom_label=0.2, min_label=0, max_label=5, instance_name='p22.txt');0.2000000029802322;0.2349932938814163;0.1058855652809143;4.0150612790057494e-07;1.0;p22.txt;1.0;1.0;0.0
Data(x=[57, 1], edge_index=[2, 66], edge_attr=[66, 3], y=0.0, custom_label=0.0, min_label=0, max_label=5, instance_name='p22.txt');0.0;0.2349932938814163;0.0003449937503319;4.0150612790057494e-07;0.0;p22.txt;1.0;0.0;0.0
Data(x=[53, 1], edge_index=[2, 66], edge_attr=[66, 3], y=0.0, custom_label=0.0, min_label=0, max_label=5, instance_name='p22.txt');0.0;0.2349932938814163;1.7844595276983455e-05;0.0;0.0;p22.txt;1.0;0.0;0.0
Data(x=[59, 1], edge_index=[2, 72], edge_attr=[72, 3], y=0.0, custom_label=0.0, min_label=0, max_label=5, instance_name='p22.txt');0.0;0.2349932938814163;4.264669405529276e-05;0.0;0.0;p22.txt;1.0;0.0;0.0
Data(x=[65, 1], edge_index=[2, 76], edge_attr=[76, 3], y=0.0, custom_label=0.0, min_label=0, max_label=5, instance_name='p22.txt');0.0;0.2349932938814163;0.0004535967018455;4.0150612790057494e-07;0.0;p22.txt;1.0;0.0;0.0
Data(x=[52, 1], edge_index=[2, 64], edge_attr=[64, 3], y=0.0, custom_label=0.0, min_label=0, max_label=5, instance_name='p22.txt');0.0;0.2349932938814163;1.9628887457656677e-05;0.0;0.0;p22.txt;1.0;0.0;0.0
Data(x=[50, 1], edge_index=[2, 60], edge_attr=[60, 3], y=0.0, custom_label=0.0, min_label=0, max_label=5, instance_name='p22.txt');0.0;0.2349932938814163;0.0001205553489853;0.0;0.0;p22.txt;1.0;0.0;0.0
Data(x=[56, 1], edge_index=[2, 68], edge_attr=[68, 3], y=0.0, custom_label=0.0, min_label=0, max_label=5, instance_name='p22.txt');0.0;0.2349932938814163;7.04349804436788e-06;0.0;0.0;p22.txt;1.0;0.0;0.0
Data(x=[57, 1], edge_index=[2, 70], edge_attr=[70, 3], y=0.0, custom_label=0.0, min_label=0, max_label=5, instance_name='p22.txt');0.0;0.2349932938814163;3.255452975281514e-05;4.0150612790057494e-07;0.0;p22.txt;1.0;0.0;0.0
Data(x=[50, 1], edge_index=[2, 62], edge_attr=[62, 3], y=0.0, custom_label=0.0, min_label=0, max_label=5, instance_name='p22.txt');0.0;0.2349932938814163;7.062491931719705e-05;0.0;0.0;p22.txt;1.0;0.0;0.0
Data(x=[57, 1], edge_index=[2, 68], edge_attr=[68, 3], y=0.0, custom_label=0.0, min_label=0, max_label=5, instance_name='p22.txt');0.0;0.2349932938814163;0.0002146813058061;0.0;0.0;p22.txt;1.0;0.0;0.0
Data(x=[62, 1], edge_index=[2, 74], edge_attr=[74, 3], y=0.0, custom_label=0.0, min_label=0, max_label=5, instance_name='p22.txt');0.0;0.2349932938814163;1.489193891757168e-05;0.0;0.0;p22.txt;1.0;0.0;0.0
Data(x=[48, 1], edge_index=[2, 60], edge_attr=[60, 3], y=0.0, custom_label=0.0, min_label=0, max_label=5, instance_name='p22.txt');0.0;0.2349932938814163;9.70937526290072e-06;0.0;0.0;p22.txt;1.0;0.0;0.0
Data(x=[53, 1], edge_index=[2, 64], edge_attr=[64, 3], y=0.0, custom_label=0.0, min_label=0, max_label=5, instance_name='p22.txt');0.0;0.2349932938814163;0.0001359840825898;4.0150612790057494e-07;0.0;p22.txt;1.0;0.0;0.0
Data(x=[61, 1], edge_index=[2, 72], edge_attr=[72, 3], y=3.0, custom_label=0.6, min_label=0, max_label=5, instance_name='p22.txt');0.6000000238418579;0.2349932938814163;0.0446890965104103;0.0;3.0;p22.txt;1.0;0.0;0.0
Data(x=[60, 1], edge_index=[2, 70], edge_attr=[70, 3], y=2.0, custom_label=0.4, min_label=0, max_label=5, instance_name='p22.txt');0.4000000059604645;0.2349932938814163;0.0789784491062164;0.0;2.0;p22.txt;1.0;0.0;0.0
Data(x=[60, 1], edge_index=[2, 70], edge_attr=[70, 3], y=1.0, custom_label=0.2, min_label=0, max_label=5, instance_name='p22.txt');0.2000000029802322;0.2349932938814163;0.0789784491062164;0.0;1.0;p22.txt;1.0;0.0;0.0
Data(x=[61, 1], edge_index=[2, 72], edge_attr=[72, 3], y=0.0, custom_label=0.0, min_label=0, max_label=5, instance_name='p22.txt');0.0;0.2349932938814163;8.550967322662473e-05;0.0;0.0;p22.txt;1.0;0.0;0.0
Data(x=[54, 1], edge_index=[2, 60], edge_attr=[60, 3], y=77.0, custom_label=1.0, min_label=0, max_label=77, instance_name='p23.txt');1.0;0.2349932938814163;0.8288834691047668;4.0150612790057494e-07;77.0;p23.txt;18.0;64.0;0.0
Data(x=[54, 1], edge_index=[2, 60], edge_attr=[60, 3], y=76.0, custom_label=0.987013, min_label=0, max_label=77, instance_name='p23.txt');0.9870129823684692;0.2349932938814163;0.8288834691047668;4.0150612790057494e-07;76.0;p23.txt;18.0;64.0;0.0
Data(x=[54, 1], edge_index=[2, 60], edge_attr=[60, 3], y=75.0, custom_label=0.97402596, min_label=0, max_label=77, instance_name='p23.txt');0.9740259647369384;0.2349932938814163;0.8288834691047668;4.0150612790057494e-07;75.0;p23.txt;18.0;64.0;0.0
Data(x=[54, 1], edge_index=[2, 60], edge_attr=[60, 3], y=74.0, custom_label=0.96103895, min_label=0, max_label=77, instance_name='p23.txt');0.9610389471054076;0.2349932938814163;0.8288834691047668;4.0150612790057494e-07;74.0;p23.txt;18.0;64.0;0.0
Data(x=[54, 1], edge_index=[2, 60], edge_attr=[60, 3], y=73.0, custom_label=0.9480519, min_label=0, max_label=77, instance_name='p23.txt');0.948051929473877;0.2349932938814163;0.8288834691047668;4.0150612790057494e-07;73.0;p23.txt;18.0;64.0;0.0
Data(x=[54, 1], edge_index=[2, 60], edge_attr=[60, 3], y=72.0, custom_label=0.9350649, min_label=0, max_label=77, instance_name='p23.txt');0.9350649118423462;0.2349932938814163;0.8288834691047668;4.0150612790057494e-07;72.0;p23.txt;18.0;64.0;0.0
Data(x=[54, 1], edge_index=[2, 60], edge_attr=[60, 3], y=71.0, custom_label=0.9220779, min_label=0, max_label=77, instance_name='p23.txt');0.9220778942108154;0.2349932938814163;0.8288834691047668;4.0150612790057494e-07;71.0;p23.txt;18.0;64.0;0.0
Data(x=[54, 1], edge_index=[2, 60], edge_attr=[60, 3], y=70.0, custom_label=0.90909094, min_label=0, max_label=77, instance_name='p23.txt');0.9090909361839294;0.2349932938814163;0.8288834691047668;4.0150612790057494e-07;70.0;p23.txt;18.0;64.0;0.0
Data(x=[54, 1], edge_index=[2, 60], edge_attr=[60, 3], y=69.0, custom_label=0.8961039, min_label=0, max_label=77, instance_name='p23.txt');0.8961039185523987;0.2349932938814163;0.8288834691047668;4.0150612790057494e-07;69.0;p23.txt;18.0;64.0;0.0
Data(x=[54, 1], edge_index=[2, 60], edge_attr=[60, 3], y=68.0, custom_label=0.8831169, min_label=0, max_label=77, instance_name='p23.txt');0.8831169009208679;0.2349932938814163;0.8288834691047668;4.0150612790057494e-07;68.0;p23.txt;18.0;64.0;0.0
Data(x=[54, 1], edge_index=[2, 60], edge_attr=[60, 3], y=67.0, custom_label=0.8701299, min_label=0, max_label=77, instance_name='p23.txt');0.8701298832893372;0.2349932938814163;0.8288834691047668;4.0150612790057494e-07;67.0;p23.txt;18.0;64.0;0.0
Data(x=[55, 1], edge_index=[2, 62], edge_attr=[62, 3], y=66.0, custom_label=0.85714287, min_label=0, max_label=77, instance_name='p23.txt');0.8571428656578064;0.2349932938814163;0.5925708413124084;4.0150612790057494e-07;66.0;p23.txt;18.0;46.0;0.0
Data(x=[55, 1], edge_index=[2, 62], edge_attr=[62, 3], y=65.0, custom_label=0.84415585, min_label=0, max_label=77, instance_name='p23.txt');0.8441558480262756;0.2349932938814163;0.5925708413124084;4.0150612790057494e-07;65.0;p23.txt;18.0;46.0;0.0
Data(x=[55, 1], edge_index=[2, 62], edge_attr=[62, 3], y=64.0, custom_label=0.83116883, min_label=0, max_label=77, instance_name='p23.txt');0.8311688303947449;0.2349932938814163;0.5925708413124084;4.0150612790057494e-07;64.0;p23.txt;18.0;46.0;0.0
Data(x=[55, 1], edge_index=[2, 62], edge_attr=[62, 3], y=63.0, custom_label=0.8181818, min_label=0, max_label=77, instance_name='p23.txt');0.8181818127632141;0.2349932938814163;0.5925708413124084;4.0150612790057494e-07;63.0;p23.txt;18.0;46.0;0.0
Data(x=[55, 1], edge_index=[2, 62], edge_attr=[62, 3], y=62.0, custom_label=0.8051948, min_label=0, max_label=77, instance_name='p23.txt');0.8051947951316833;0.2349932938814163;0.5925708413124084;4.0150612790057494e-07;62.0;p23.txt;18.0;46.0;0.0
Data(x=[55, 1], edge_index=[2, 62], edge_attr=[62, 3], y=61.0, custom_label=0.7922078, min_label=0, max_label=77, instance_name='p23.txt');0.7922077775001526;0.2349932938814163;0.5925708413124084;4.0150612790057494e-07;61.0;p23.txt;18.0;46.0;0.0
Data(x=[55, 1], edge_index=[2, 62], edge_attr=[62, 3], y=60.0, custom_label=0.77922076, min_label=0, max_label=77, instance_name='p23.txt');0.7792207598686218;0.2349932938814163;0.5925708413124084;4.0150612790057494e-07;60.0;p23.txt;18.0;46.0;0.0
Data(x=[55, 1], edge_index=[2, 62], edge_attr=[62, 3], y=59.0, custom_label=0.76623374, min_label=0, max_label=77, instance_name='p23.txt');0.7662337422370911;0.2349932938814163;0.5925708413124084;4.0150612790057494e-07;59.0;p23.txt;18.0;46.0;0.0
Data(x=[55, 1], edge_index=[2, 62], edge_attr=[62, 3], y=58.0, custom_label=0.7532467, min_label=0, max_label=77, instance_name='p23.txt');0.7532467246055603;0.2349932938814163;0.5925708413124084;4.0150612790057494e-07;58.0;p23.txt;18.0;46.0;0.0
Data(x=[55, 1], edge_index=[2, 62], edge_attr=[62, 3], y=57.0, custom_label=0.74025977, min_label=0, max_label=77, instance_name='p23.txt');0.7402597665786743;0.2349932938814163;0.5925708413124084;4.0150612790057494e-07;57.0;p23.txt;18.0;46.0;0.0
Data(x=[55, 1], edge_index=[2, 62], edge_attr=[62, 3], y=56.0, custom_label=0.72727275, min_label=0, max_label=77, instance_name='p23.txt');0.7272727489471436;0.2349932938814163;0.5925708413124084;4.0150612790057494e-07;56.0;p23.txt;18.0;46.0;0.0
Data(x=[55, 1], edge_index=[2, 62], edge_attr=[62, 3], y=55.0, custom_label=0.71428573, min_label=0, max_label=77, instance_name='p23.txt');0.7142857313156128;0.2349932938814163;0.5925708413124084;4.0150612790057494e-07;55.0;p23.txt;18.0;46.0;0.0
Data(x=[55, 1], edge_index=[2, 62], edge_attr=[62, 3], y=54.0, custom_label=0.7012987, min_label=0, max_label=77, instance_name='p23.txt');0.701298713684082;0.2349932938814163;0.5925708413124084;4.0150612790057494e-07;54.0;p23.txt;18.0;46.0;0.0
Data(x=[56, 1], edge_index=[2, 64], edge_attr=[64, 3], y=53.0, custom_label=0.6883117, min_label=0, max_label=77, instance_name='p23.txt');0.6883116960525513;0.2349932938814163;0.3779908120632171;4.0150612790057494e-07;53.0;p23.txt;18.0;29.0;0.0
Data(x=[56, 1], edge_index=[2, 64], edge_attr=[64, 3], y=52.0, custom_label=0.6753247, min_label=0, max_label=77, instance_name='p23.txt');0.6753246784210205;0.2349932938814163;0.3779908120632171;4.0150612790057494e-07;52.0;p23.txt;18.0;29.0;0.0
Data(x=[56, 1], edge_index=[2, 64], edge_attr=[64, 3], y=51.0, custom_label=0.66233766, min_label=0, max_label=77, instance_name='p23.txt');0.6623376607894897;0.2349932938814163;0.3779908120632171;4.0150612790057494e-07;51.0;p23.txt;18.0;29.0;0.0
Data(x=[56, 1], edge_index=[2, 64], edge_attr=[64, 3], y=50.0, custom_label=0.64935064, min_label=0, max_label=77, instance_name='p23.txt');0.649350643157959;0.2349932938814163;0.3779908120632171;4.0150612790057494e-07;50.0;p23.txt;18.0;29.0;0.0
Data(x=[56, 1], edge_index=[2, 64], edge_attr=[64, 3], y=49.0, custom_label=0.6363636, min_label=0, max_label=77, instance_name='p23.txt');0.6363636255264282;0.2349932938814163;0.3779908120632171;4.0150612790057494e-07;49.0;p23.txt;18.0;29.0;0.0
Data(x=[56, 1], edge_index=[2, 64], edge_attr=[64, 3], y=48.0, custom_label=0.6233766, min_label=0, max_label=77, instance_name='p23.txt');0.6233766078948975;0.2349932938814163;0.3779908120632171;4.0150612790057494e-07;48.0;p23.txt;18.0;29.0;0.0
Data(x=[56, 1], edge_index=[2, 64], edge_attr=[64, 3], y=47.0, custom_label=0.6103896, min_label=0, max_label=77, instance_name='p23.txt');0.6103895902633667;0.2349932938814163;0.3779908120632171;4.0150612790057494e-07;47.0;p23.txt;18.0;29.0;0.0
Data(x=[56, 1], edge_index=[2, 64], edge_attr=[64, 3], y=46.0, custom_label=0.5974026, min_label=0, max_label=77, instance_name='p23.txt');0.5974025726318359;0.2349932938814163;0.3779908120632171;4.0150612790057494e-07;46.0;p23.txt;18.0;29.0;0.0
Data(x=[56, 1], edge_index=[2, 64], edge_attr=[64, 3], y=45.0, custom_label=0.58441556, min_label=0, max_label=77, instance_name='p23.txt');0.5844155550003052;0.2349932938814163;0.3779908120632171;4.0150612790057494e-07;45.0;p23.txt;18.0;29.0;0.0
Data(x=[57, 1], edge_index=[2, 66], edge_attr=[66, 3], y=44.0, custom_label=0.5714286, min_label=0, max_label=77, instance_name='p23.txt');0.5714285969734192;0.2349932938814163;0.1910448670387268;4.0150612790057494e-07;44.0;p23.txt;18.0;15.0;0.0
Data(x=[57, 1], edge_index=[2, 66], edge_attr=[66, 3], y=43.0, custom_label=0.5584416, min_label=0, max_label=77, instance_name='p23.txt');0.5584415793418884;0.2349932938814163;0.1910448968410492;4.0150612790057494e-07;43.0;p23.txt;18.0;15.0;0.0
Data(x=[57, 1], edge_index=[2, 66], edge_attr=[66, 3], y=42.0, custom_label=0.54545456, min_label=0, max_label=77, instance_name='p23.txt');0.5454545617103577;0.2349932938814163;0.1910448968410492;4.0150612790057494e-07;42.0;p23.txt;18.0;15.0;0.0
Data(x=[57, 1], edge_index=[2, 66], edge_attr=[66, 3], y=41.0, custom_label=0.53246754, min_label=0, max_label=77, instance_name='p23.txt');0.5324675440788269;0.2349932938814163;0.1910448670387268;4.0150612790057494e-07;41.0;p23.txt;18.0;15.0;0.0
Data(x=[57, 1], edge_index=[2, 66], edge_attr=[66, 3], y=40.0, custom_label=0.5194805, min_label=0, max_label=77, instance_name='p23.txt');0.5194805264472961;0.2349932938814163;0.1910448968410492;4.0150612790057494e-07;40.0;p23.txt;18.0;15.0;0.0
Data(x=[57, 1], edge_index=[2, 66], edge_attr=[66, 3], y=39.0, custom_label=0.5064935, min_label=0, max_label=77, instance_name='p23.txt');0.5064935088157654;0.2349932938814163;0.1910448968410492;4.0150612790057494e-07;39.0;p23.txt;18.0;15.0;0.0
Data(x=[57, 1], edge_index=[2, 66], edge_attr=[66, 3], y=38.0, custom_label=0.4935065, min_label=0, max_label=77, instance_name='p23.txt');0.4935064911842346;0.2349932938814163;0.1910448968410492;4.0150612790057494e-07;38.0;p23.txt;18.0;15.0;0.0
Data(x=[57, 1], edge_index=[2, 66], edge_attr=[66, 3], y=37.0, custom_label=0.48051947, min_label=0, max_label=77, instance_name='p23.txt');0.4805194735527038;0.2349932938814163;0.1910448968410492;4.0150612790057494e-07;37.0;p23.txt;18.0;15.0;0.0
Data(x=[57, 1], edge_index=[2, 66], edge_attr=[66, 3], y=36.0, custom_label=0.46753246, min_label=0, max_label=77, instance_name='p23.txt');0.4675324559211731;0.2349932938814163;0.1910448968410492;4.0150612790057494e-07;36.0;p23.txt;18.0;15.0;0.0
Data(x=[57, 1], edge_index=[2, 66], edge_attr=[66, 3], y=35.0, custom_label=0.45454547, min_label=0, max_label=77, instance_name='p23.txt');0.4545454680919647;0.2349932938814163;0.1910448968410492;4.0150612790057494e-07;35.0;p23.txt;18.0;15.0;0.0
Data(x=[57, 1], edge_index=[2, 66], edge_attr=[66, 3], y=34.0, custom_label=0.44155845, min_label=0, max_label=77, instance_name='p23.txt');0.4415584504604339;0.2349932938814163;0.1910448968410492;4.0150612790057494e-07;34.0;p23.txt;18.0;15.0;0.0
Data(x=[57, 1], edge_index=[2, 66], edge_attr=[66, 3], y=33.0, custom_label=0.42857143, min_label=0, max_label=77, instance_name='p23.txt');0.4285714328289032;0.2349932938814163;0.1910448968410492;4.0150612790057494e-07;33.0;p23.txt;18.0;15.0;0.0
Data(x=[57, 1], edge_index=[2, 66], edge_attr=[66, 3], y=32.0, custom_label=0.41558442, min_label=0, max_label=77, instance_name='p23.txt');0.4155844151973724;0.2349932938814163;0.1910448968410492;4.0150612790057494e-07;32.0;p23.txt;18.0;15.0;0.0
Data(x=[57, 1], edge_index=[2, 66], edge_attr=[66, 3], y=31.0, custom_label=0.4025974, min_label=0, max_label=77, instance_name='p23.txt');0.4025973975658417;0.2349932938814163;0.1910448968410492;4.0150612790057494e-07;31.0;p23.txt;18.0;15.0;0.0
Data(x=[57, 1], edge_index=[2, 66], edge_attr=[66, 3], y=30.0, custom_label=0.38961038, min_label=0, max_label=77, instance_name='p23.txt');0.3896103799343109;0.2349932938814163;0.1910448968410492;4.0150612790057494e-07;30.0;p23.txt;18.0;15.0;0.0
Data(x=[57, 1], edge_index=[2, 66], edge_attr=[66, 3], y=29.0, custom_label=0.37662336, min_label=0, max_label=77, instance_name='p23.txt');0.3766233623027801;0.2349932938814163;0.1910448968410492;4.0150612790057494e-07;29.0;p23.txt;18.0;15.0;0.0
Data(x=[57, 1], edge_index=[2, 66], edge_attr=[66, 3], y=28.0, custom_label=0.36363637, min_label=0, max_label=77, instance_name='p23.txt');0.3636363744735718;0.2349932938814163;0.1910448968410492;4.0150612790057494e-07;28.0;p23.txt;18.0;15.0;0.0
Data(x=[57, 1], edge_index=[2, 66], edge_attr=[66, 3], y=27.0, custom_label=0.35064936, min_label=0, max_label=77, instance_name='p23.txt');0.350649356842041;0.2349932938814163;0.1910448670387268;4.0150612790057494e-07;27.0;p23.txt;18.0;15.0;0.0
Data(x=[57, 1], edge_index=[2, 66], edge_attr=[66, 3], y=26.0, custom_label=0.33766234, min_label=0, max_label=77, instance_name='p23.txt');0.3376623392105102;0.2349932938814163;0.1910448670387268;4.0150612790057494e-07;26.0;p23.txt;18.0;15.0;0.0
Data(x=[58, 1], edge_index=[2, 68], edge_attr=[68, 3], y=25.0, custom_label=0.32467532, min_label=0, max_label=77, instance_name='p23.txt');0.3246753215789795;0.2349932938814163;0.0438726916909217;4.0150612790057494e-07;25.0;p23.txt;18.0;3.0;0.0
Data(x=[58, 1], edge_index=[2, 68], edge_attr=[68, 3], y=24.0, custom_label=0.3116883, min_label=0, max_label=77, instance_name='p23.txt');0.3116883039474487;0.2349932938814163;0.0438726916909217;4.0150612790057494e-07;24.0;p23.txt;18.0;3.0;0.0
Data(x=[58, 1], edge_index=[2, 68], edge_attr=[68, 3], y=23.0, custom_label=0.2987013, min_label=0, max_label=77, instance_name='p23.txt');0.2987012863159179;0.2349932938814163;0.0438726916909217;4.0150612790057494e-07;23.0;p23.txt;18.0;3.0;0.0
Data(x=[58, 1], edge_index=[2, 68], edge_attr=[68, 3], y=22.0, custom_label=0.2857143, min_label=0, max_label=77, instance_name='p23.txt');0.2857142984867096;0.2349932938814163;0.0438726916909217;4.0150612790057494e-07;22.0;p23.txt;18.0;3.0;0.0
Data(x=[58, 1], edge_index=[2, 68], edge_attr=[68, 3], y=21.0, custom_label=0.27272728, min_label=0, max_label=77, instance_name='p23.txt');0.2727272808551788;0.2349932938814163;0.0438726916909217;4.0150612790057494e-07;21.0;p23.txt;18.0;3.0;0.0
Data(x=[58, 1], edge_index=[2, 68], edge_attr=[68, 3], y=20.0, custom_label=0.25974026, min_label=0, max_label=77, instance_name='p23.txt');0.259740263223648;0.2349932938814163;0.0438726805150508;4.0150612790057494e-07;20.0;p23.txt;18.0;3.0;0.0
Data(x=[58, 1], edge_index=[2, 68], edge_attr=[68, 3], y=19.0, custom_label=0.24675325, min_label=0, max_label=77, instance_name='p23.txt');0.2467532455921173;0.2349932938814163;0.0438726805150508;4.0150612790057494e-07;19.0;p23.txt;18.0;3.0;0.0
Data(x=[58, 1], edge_index=[2, 68], edge_attr=[68, 3], y=18.0, custom_label=0.23376623, min_label=0, max_label=77, instance_name='p23.txt');0.2337662279605865;0.2349932938814163;0.0438726805150508;4.0150612790057494e-07;18.0;p23.txt;18.0;3.0;0.0
Data(x=[58, 1], edge_index=[2, 68], edge_attr=[68, 3], y=17.0, custom_label=0.22077923, min_label=0, max_label=77, instance_name='p23.txt');0.2207792252302169;0.2349932938814163;0.0438726916909217;4.0150612790057494e-07;17.0;p23.txt;18.0;3.0;0.0
Data(x=[58, 1], edge_index=[2, 68], edge_attr=[68, 3], y=16.0, custom_label=0.20779221, min_label=0, max_label=77, instance_name='p23.txt');0.2077922075986862;0.2349932938814163;0.0438726916909217;4.0150612790057494e-07;16.0;p23.txt;18.0;3.0;0.0
Data(x=[58, 1], edge_index=[2, 68], edge_attr=[68, 3], y=15.0, custom_label=0.19480519, min_label=0, max_label=77, instance_name='p23.txt');0.1948051899671554;0.2349932938814163;0.0438726916909217;4.0150612790057494e-07;15.0;p23.txt;18.0;3.0;0.0
Data(x=[58, 1], edge_index=[2, 68], edge_attr=[68, 3], y=14.0, custom_label=0.18181819, min_label=0, max_label=77, instance_name='p23.txt');0.1818181872367859;0.2349932938814163;0.0438726916909217;4.0150612790057494e-07;14.0;p23.txt;18.0;3.0;0.0
Data(x=[58, 1], edge_index=[2, 68], edge_attr=[68, 3], y=13.0, custom_label=0.16883117, min_label=0, max_label=77, instance_name='p23.txt');0.1688311696052551;0.2349932938814163;0.0438726916909217;4.0150612790057494e-07;13.0;p23.txt;18.0;3.0;0.0
Data(x=[58, 1], edge_index=[2, 68], edge_attr=[68, 3], y=12.0, custom_label=0.15584415, min_label=0, max_label=77, instance_name='p23.txt');0.1558441519737243;0.2349932938814163;0.0438726916909217;4.0150612790057494e-07;12.0;p23.txt;18.0;3.0;0.0
Data(x=[58, 1], edge_index=[2, 68], edge_attr=[68, 3], y=11.0, custom_label=0.14285715, min_label=0, max_label=77, instance_name='p23.txt');0.1428571492433548;0.2349932938814163;0.0438726916909217;4.0150612790057494e-07;11.0;p23.txt;18.0;3.0;0.0
Data(x=[58, 1], edge_index=[2, 68], edge_attr=[68, 3], y=10.0, custom_label=0.12987013, min_label=0, max_label=77, instance_name='p23.txt');0.129870131611824;0.2349932938814163;0.0438726916909217;4.0150612790057494e-07;10.0;p23.txt;18.0;3.0;0.0
Data(x=[58, 1], edge_index=[2, 68], edge_attr=[68, 3], y=9.0, custom_label=0.116883114, min_label=0, max_label=77, instance_name='p23.txt');0.1168831139802932;0.2349932938814163;0.0438726916909217;4.0150612790057494e-07;9.0;p23.txt;18.0;3.0;0.0
Data(x=[58, 1], edge_index=[2, 68], edge_attr=[68, 3], y=8.0, custom_label=0.103896104, min_label=0, max_label=77, instance_name='p23.txt');0.1038961037993431;0.2349932938814163;0.0438726916909217;4.0150612790057494e-07;8.0;p23.txt;18.0;3.0;0.0
Data(x=[58, 1], edge_index=[2, 68], edge_attr=[68, 3], y=7.0, custom_label=0.09090909, min_label=0, max_label=77, instance_name='p23.txt');0.0909090936183929;0.2349932938814163;0.0438726916909217;4.0150612790057494e-07;7.0;p23.txt;18.0;3.0;0.0
Data(x=[58, 1], edge_index=[2, 68], edge_attr=[68, 3], y=6.0, custom_label=0.077922076, min_label=0, max_label=77, instance_name='p23.txt');0.0779220759868621;0.2349932938814163;0.0438726916909217;4.0150612790057494e-07;6.0;p23.txt;18.0;3.0;0.0
Data(x=[58, 1], edge_index=[2, 68], edge_attr=[68, 3], y=5.0, custom_label=0.064935066, min_label=0, max_label=77, instance_name='p23.txt');0.064935065805912;0.2349932938814163;0.0438726916909217;4.0150612790057494e-07;5.0;p23.txt;18.0;3.0;0.0
Data(x=[58, 1], edge_index=[2, 68], edge_attr=[68, 3], y=4.0, custom_label=0.051948052, min_label=0, max_label=77, instance_name='p23.txt');0.0519480518996715;0.2349932938814163;0.0438726916909217;4.0150612790057494e-07;4.0;p23.txt;18.0;3.0;0.0
Data(x=[58, 1], edge_index=[2, 68], edge_attr=[68, 3], y=3.0, custom_label=0.038961038, min_label=0, max_label=77, instance_name='p23.txt');0.038961037993431;0.2349932938814163;0.0438726916909217;4.0150612790057494e-07;3.0;p23.txt;18.0;3.0;0.0
Data(x=[58, 1], edge_index=[2, 68], edge_attr=[68, 3], y=2.0, custom_label=0.025974026, min_label=0, max_label=77, instance_name='p23.txt');0.0259740259498357;0.2349932938814163;0.0438726916909217;4.0150612790057494e-07;2.0;p23.txt;18.0;3.0;0.0
Data(x=[58, 1], edge_index=[2, 68], edge_attr=[68, 3], y=1.0, custom_label=0.012987013, min_label=0, max_label=77, instance_name='p23.txt');0.0129870129749178;0.2349932938814163;0.0438726916909217;4.0150612790057494e-07;1.0;p23.txt;18.0;3.0;0.0
Data(x=[59, 1], edge_index=[2, 70], edge_attr=[70, 3], y=0.0, custom_label=0.0, min_label=0, max_label=77, instance_name='p23.txt');0.0;0.2349932938814163;2.6038029318442568e-05;4.0150612790057494e-07;0.0;p23.txt;18.0;0.0;0.0
Data(x=[46, 1], edge_index=[2, 60], edge_attr=[60, 3], y=3.0, custom_label=0.038961038, min_label=0, max_label=77, instance_name='p23.txt');0.038961037993431;0.2349932938814163;0.006363486405462;0.0;3.0;p23.txt;18.0;0.0;0.0
Data(x=[45, 1], edge_index=[2, 58], edge_attr=[58, 3], y=2.0, custom_label=0.025974026, min_label=0, max_label=77, instance_name='p23.txt');0.0259740259498357;0.2349932938814163;0.0245852172374725;0.0;2.0;p23.txt;18.0;2.0;0.0
Data(x=[45, 1], edge_index=[2, 58], edge_attr=[58, 3], y=1.0, custom_label=0.012987013, min_label=0, max_label=77, instance_name='p23.txt');0.0129870129749178;0.2349932938814163;0.0062236748635768;0.0;1.0;p23.txt;18.0;0.0;0.0
Data(x=[46, 1], edge_index=[2, 60], edge_attr=[60, 3], y=0.0, custom_label=0.0, min_label=0, max_label=77, instance_name='p23.txt');0.0;0.2349932938814163;1.1065810667787446e-06;0.0;0.0;p23.txt;18.0;0.0;0.0
Data(x=[46, 1], edge_index=[2, 60], edge_attr=[60, 3], y=0.0, custom_label=0.0, min_label=0, max_label=77, instance_name='p23.txt');0.0;0.2349932938814163;1.106578906728828e-06;0.0;0.0;p23.txt;18.0;0.0;0.0
Data(x=[49, 1], edge_index=[2, 64], edge_attr=[64, 3], y=0.0, custom_label=0.0, min_label=0, max_label=77, instance_name='p23.txt');0.0;0.2349932938814163;1.6747552535889554e-06;0.0;0.0;p23.txt;18.0;0.0;0.0
Data(x=[45, 1], edge_index=[2, 58], edge_attr=[58, 3], y=0.0, custom_label=0.0, min_label=0, max_label=77, instance_name='p23.txt');0.0;0.2349932938814163;1.157932047135546e-06;0.0;0.0;p23.txt;18.0;0.0;0.0
Data(x=[41, 1], edge_index=[2, 54], edge_attr=[54, 3], y=4.0, custom_label=0.051948052, min_label=0, max_label=77, instance_name='p23.txt');0.0519480518996715;0.2349932938814163;0.1645600497722625;0.0;4.0;p23.txt;18.0;13.0;0.0
Data(x=[42, 1], edge_index=[2, 56], edge_attr=[56, 3], y=3.0, custom_label=0.038961038, min_label=0, max_label=77, instance_name='p23.txt');0.038961037993431;0.2349932938814163;0.0008733344147913;0.0;3.0;p23.txt;18.0;0.0;0.0
Data(x=[41, 1], edge_index=[2, 54], edge_attr=[54, 3], y=2.0, custom_label=0.025974026, min_label=0, max_label=77, instance_name='p23.txt');0.0259740259498357;0.2349932938814163;0.0048705502413213;0.0;2.0;p23.txt;18.0;0.0;0.0
Data(x=[41, 1], edge_index=[2, 54], edge_attr=[54, 3], y=1.0, custom_label=0.012987013, min_label=0, max_label=77, instance_name='p23.txt');0.0129870129749178;0.2349932938814163;0.0061924294568598;0.0;1.0;p23.txt;18.0;0.0;0.0
Data(x=[42, 1], edge_index=[2, 56], edge_attr=[56, 3], y=0.0, custom_label=0.0, min_label=0, max_label=77, instance_name='p23.txt');0.0;0.2349932938814163;5.4794231374444287e-08;0.0;0.0;p23.txt;18.0;0.0;0.0
Data(x=[40, 1], edge_index=[2, 54], edge_attr=[54, 3], y=0.0, custom_label=0.0, min_label=0, max_label=77, instance_name='p23.txt');0.0;0.2349932938814163;2.0798503896912734e-07;0.0;0.0;p23.txt;18.0;0.0;0.0
Data(x=[43, 1], edge_index=[2, 56], edge_attr=[56, 3], y=0.0, custom_label=0.0, min_label=0, max_label=77, instance_name='p23.txt');0.0;0.2349932938814163;6.904611495883728e-07;0.0;0.0;p23.txt;18.0;0.0;0.0
Data(x=[45, 1], edge_index=[2, 60], edge_attr=[60, 3], y=0.0, custom_label=0.0, min_label=0, max_label=77, instance_name='p23.txt');0.0;0.2349932938814163;4.295438316148648e-08;0.0;0.0;p23.txt;18.0;0.0;0.0
Data(x=[41, 1], edge_index=[2, 54], edge_attr=[54, 3], y=0.0, custom_label=0.0, min_label=0, max_label=77, instance_name='p23.txt');0.0;0.2349932938814163;3.917122342045332e-07;4.0150612790057494e-07;0.0;p23.txt;18.0;0.0;0.0
Data(x=[53, 1], edge_index=[2, 64], edge_attr=[64, 3], y=13.0, custom_label=0.16883117, min_label=0, max_label=77, instance_name='p23.txt');0.1688311696052551;0.2349932938814163;0.1738421618938446;0.0;13.0;p23.txt;18.0;13.0;0.0
Data(x=[53, 1], edge_index=[2, 64], edge_attr=[64, 3], y=12.0, custom_label=0.15584415, min_label=0, max_label=77, instance_name='p23.txt');0.1558441519737243;0.2349932938814163;0.1738421618938446;0.0;12.0;p23.txt;18.0;13.0;0.0
Data(x=[53, 1], edge_index=[2, 64], edge_attr=[64, 3], y=11.0, custom_label=0.14285715, min_label=0, max_label=77, instance_name='p23.txt');0.1428571492433548;0.2349932938814163;0.173842191696167;0.0;11.0;p23.txt;18.0;13.0;0.0
Data(x=[53, 1], edge_index=[2, 64], edge_attr=[64, 3], y=10.0, custom_label=0.12987013, min_label=0, max_label=77, instance_name='p23.txt');0.129870131611824;0.2349932938814163;0.173842191696167;0.0;10.0;p23.txt;18.0;13.0;0.0
Data(x=[53, 1], edge_index=[2, 64], edge_attr=[64, 3], y=9.0, custom_label=0.116883114, min_label=0, max_label=77, instance_name='p23.txt');0.1168831139802932;0.2349932938814163;0.173842191696167;0.0;9.0;p23.txt;18.0;13.0;0.0
Data(x=[53, 1], edge_index=[2, 64], edge_attr=[64, 3], y=8.0, custom_label=0.103896104, min_label=0, max_label=77, instance_name='p23.txt');0.1038961037993431;0.2349932938814163;0.1738421618938446;0.0;8.0;p23.txt;18.0;13.0;0.0
Data(x=[54, 1], edge_index=[2, 66], edge_attr=[66, 3], y=7.0, custom_label=0.09090909, min_label=0, max_label=77, instance_name='p23.txt');0.0909090936183929;0.2349932938814163;0.0139561304822564;0.0;7.0;p23.txt;18.0;1.0;0.0
Data(x=[54, 1], edge_index=[2, 66], edge_attr=[66, 3], y=6.0, custom_label=0.077922076, min_label=0, max_label=77, instance_name='p23.txt');0.0779220759868621;0.2349932938814163;0.0117558129131793;0.0;6.0;p23.txt;18.0;1.0;0.0
Data(x=[54, 1], edge_index=[2, 66], edge_attr=[66, 3], y=5.0, custom_label=0.064935066, min_label=0, max_label=77, instance_name='p23.txt');0.064935065805912;0.2349932938814163;0.0139561304822564;0.0;5.0;p23.txt;18.0;1.0;0.0
Data(x=[54, 1], edge_index=[2, 66], edge_attr=[66, 3], y=4.0, custom_label=0.051948052, min_label=0, max_label=77, instance_name='p23.txt');0.0519480518996715;0.2349932938814163;0.0139561304822564;0.0;4.0;p23.txt;18.0;1.0;0.0
Data(x=[53, 1], edge_index=[2, 64], edge_attr=[64, 3], y=3.0, custom_label=0.038961038, min_label=0, max_label=77, instance_name='p23.txt');0.038961037993431;0.2349932938814163;0.0371938534080982;0.0;3.0;p23.txt;18.0;3.0;0.0
Data(x=[53, 1], edge_index=[2, 64], edge_attr=[64, 3], y=2.0, custom_label=0.025974026, min_label=0, max_label=77, instance_name='p23.txt');0.0259740259498357;0.2349932938814163;0.0371938534080982;0.0;2.0;p23.txt;18.0;3.0;0.0
Data(x=[53, 1], edge_index=[2, 64], edge_attr=[64, 3], y=1.0, custom_label=0.012987013, min_label=0, max_label=77, instance_name='p23.txt');0.0129870129749178;0.2349932938814163;0.0371938459575176;0.0;1.0;p23.txt;18.0;3.0;0.0
Data(x=[54, 1], edge_index=[2, 66], edge_attr=[66, 3], y=0.0, custom_label=0.0, min_label=0, max_label=77, instance_name='p23.txt');0.0;0.2349932938814163;9.56207441049628e-06;0.0;0.0;p23.txt;18.0;0.0;0.0
Data(x=[59, 1], edge_index=[2, 76], edge_attr=[76, 3], y=0.0, custom_label=0.0, min_label=0, max_label=7, instance_name='p24.txt');0.0;0.2349932938814163;2.7794651913382044e-08;0.0;0.0;p24.txt;2.0;0.0;0.0
Data(x=[53, 1], edge_index=[2, 68], edge_attr=[68, 3], y=0.0, custom_label=0.0, min_label=0, max_label=7, instance_name='p24.txt');0.0;0.2349932938814163;8.190767744054028e-07;0.0;0.0;p24.txt;2.0;0.0;0.0
Data(x=[50, 1], edge_index=[2, 66], edge_attr=[66, 3], y=0.0, custom_label=0.0, min_label=0, max_label=7, instance_name='p24.txt');0.0;0.2349932938814163;3.139552120501321e-07;0.0;0.0;p24.txt;2.0;0.0;0.0
Data(x=[53, 1], edge_index=[2, 68], edge_attr=[68, 3], y=0.0, custom_label=0.0, min_label=0, max_label=7, instance_name='p24.txt');0.0;0.2349932938814163;8.190760354409576e-07;0.0;0.0;p24.txt;2.0;0.0;0.0
Data(x=[57, 1], edge_index=[2, 74], edge_attr=[74, 3], y=0.0, custom_label=0.0, min_label=0, max_label=7, instance_name='p24.txt');0.0;0.2349932938814163;1.6398454150134967e-08;0.0;0.0;p24.txt;2.0;0.0;0.0
Data(x=[46, 1], edge_index=[2, 60], edge_attr=[60, 3], y=0.0, custom_label=0.0, min_label=0, max_label=7, instance_name='p24.txt');0.0;0.2349932938814163;1.1065810667787446e-06;0.0;0.0;p24.txt;2.0;0.0;0.0
Data(x=[64, 1], edge_index=[2, 78], edge_attr=[78, 3], y=0.0, custom_label=0.0, min_label=0, max_label=7, instance_name='p24.txt');0.0;0.2349932938814163;2.619241422507912e-05;4.0150612790057494e-07;0.0;p24.txt;2.0;0.0;0.0
Data(x=[53, 1], edge_index=[2, 68], edge_attr=[68, 3], y=0.0, custom_label=0.0, min_label=0, max_label=7, instance_name='p24.txt');0.0;0.2349932938814163;8.190767744054028e-07;0.0;0.0;p24.txt;2.0;0.0;0.0
Data(x=[52, 1], edge_index=[2, 64], edge_attr=[64, 3], y=0.0, custom_label=0.0, min_label=0, max_label=7, instance_name='p24.txt');0.0;0.2349932938814163;6.7422943175188266e-06;4.0150612790057494e-07;0.0;p24.txt;2.0;0.0;0.0
Data(x=[53, 1], edge_index=[2, 68], edge_attr=[68, 3], y=0.0, custom_label=0.0, min_label=0, max_label=7, instance_name='p24.txt');0.0;0.2349932938814163;8.190767744054028e-07;0.0;0.0;p24.txt;2.0;0.0;0.0
Data(x=[55, 1], edge_index=[2, 70], edge_attr=[70, 3], y=0.0, custom_label=0.0, min_label=0, max_label=7, instance_name='p24.txt');0.0;0.2349932938814163;1.37951445822182e-07;0.0;0.0;p24.txt;2.0;0.0;0.0
Data(x=[56, 1], edge_index=[2, 68], edge_attr=[68, 3], y=3.0, custom_label=0.42857143, min_label=0, max_label=7, instance_name='p24.txt');0.4285714328289032;0.2349932938814163;0.0029213712550699;4.0150612790057494e-07;3.0;p24.txt;2.0;0.0;0.0
Data(x=[56, 1], edge_index=[2, 68], edge_attr=[68, 3], y=2.0, custom_label=0.2857143, min_label=0, max_label=7, instance_name='p24.txt');0.2857142984867096;0.2349932938814163;0.0034968159161508;4.0150612790057494e-07;2.0;p24.txt;2.0;0.0;0.0
Data(x=[56, 1], edge_index=[2, 68], edge_attr=[68, 3], y=1.0, custom_label=0.14285715, min_label=0, max_label=7, instance_name='p24.txt');0.1428571492433548;0.2349932938814163;0.0034968177787959;4.0150612790057494e-07;1.0;p24.txt;2.0;0.0;0.0
Data(x=[56, 1], edge_index=[2, 68], edge_attr=[68, 3], y=0.0, custom_label=0.0, min_label=0, max_label=7, instance_name='p24.txt');0.0;0.2349932938814163;2.584151388873579e-06;4.0150612790057494e-07;0.0;p24.txt;2.0;0.0;0.0
Data(x=[51, 1], edge_index=[2, 64], edge_attr=[64, 3], y=0.0, custom_label=0.0, min_label=0, max_label=7, instance_name='p24.txt');0.0;0.2349932938814163;3.992879840097885e-07;0.0;0.0;p24.txt;2.0;0.0;0.0
Data(x=[48, 1], edge_index=[2, 62], edge_attr=[62, 3], y=0.0, custom_label=0.0, min_label=0, max_label=7, instance_name='p24.txt');0.0;0.2349932938814163;4.757973215419042e-08;0.0;0.0;p24.txt;2.0;0.0;0.0
Data(x=[53, 1], edge_index=[2, 66], edge_attr=[66, 3], y=0.0, custom_label=0.0, min_label=0, max_label=7, instance_name='p24.txt');0.0;0.2349932938814163;6.265578122111037e-06;0.0;0.0;p24.txt;2.0;0.0;0.0
Data(x=[65, 1], edge_index=[2, 82], edge_attr=[82, 3], y=0.0, custom_label=0.0, min_label=0, max_label=7, instance_name='p24.txt');0.0;0.2349932938814163;4.614019417203963e-06;4.0150612790057494e-07;0.0;p24.txt;2.0;0.0;0.0
Data(x=[62, 1], edge_index=[2, 76], edge_attr=[76, 3], y=1.0, custom_label=0.14285715, min_label=0, max_label=7, instance_name='p24.txt');0.1428571492433548;0.2349932938814163;0.0122671891003847;4.0150612790057494e-07;1.0;p24.txt;2.0;0.0;0.0
Data(x=[63, 1], edge_index=[2, 78], edge_attr=[78, 3], y=0.0, custom_label=0.0, min_label=0, max_label=7, instance_name='p24.txt');0.0;0.2349932938814163;5.173163572180783e-06;4.0150612790057494e-07;0.0;p24.txt;2.0;0.0;0.0
Data(x=[39, 1], edge_index=[2, 54], edge_attr=[54, 3], y=0.0, custom_label=0.0, min_label=0, max_label=7, instance_name='p24.txt');0.0;0.2349932938814163;9.838128534056524e-09;0.0;0.0;p24.txt;2.0;0.0;0.0
Data(x=[51, 1], edge_index=[2, 64], edge_attr=[64, 3], y=0.0, custom_label=0.0, min_label=0, max_label=7, instance_name='p24.txt');0.0;0.2349932938814163;4.315605565352598e-06;4.0150612790057494e-07;0.0;p24.txt;2.0;0.0;0.0
Data(x=[60, 1], edge_index=[2, 72], edge_attr=[72, 3], y=0.0, custom_label=0.0, min_label=0, max_label=7, instance_name='p24.txt');0.0;0.2349932938814163;2.3823335141059943e-05;0.0;0.0;p24.txt;2.0;0.0;0.0
Data(x=[59, 1], edge_index=[2, 72], edge_attr=[72, 3], y=2.0, custom_label=0.2857143, min_label=0, max_label=7, instance_name='p24.txt');0.2857142984867096;0.2349932938814163;0.0005206993664614;4.0150612790057494e-07;2.0;p24.txt;2.0;0.0;0.0
Data(x=[58, 1], edge_index=[2, 70], edge_attr=[70, 3], y=1.0, custom_label=0.14285715, min_label=0, max_label=7, instance_name='p24.txt');0.1428571492433548;0.2349932938814163;0.0157870966941118;4.0150612790057494e-07;1.0;p24.txt;2.0;0.0;0.0
Data(x=[59, 1], edge_index=[2, 72], edge_attr=[72, 3], y=0.0, custom_label=0.0, min_label=0, max_label=7, instance_name='p24.txt');0.0;0.2349932938814163;8.937794291341561e-07;4.0150612790057494e-07;0.0;p24.txt;2.0;0.0;0.0
Data(x=[58, 1], edge_index=[2, 72], edge_attr=[72, 3], y=0.0, custom_label=0.0, min_label=0, max_label=7, instance_name='p24.txt');0.0;0.2349932938814163;1.1302220627840144e-05;0.0;0.0;p24.txt;2.0;0.0;0.0
Data(x=[61, 1], edge_index=[2, 74], edge_attr=[74, 3], y=3.0, custom_label=0.42857143, min_label=0, max_label=7, instance_name='p24.txt');0.4285714328289032;0.2349932938814163;0.0043935729190707;0.0;3.0;p24.txt;2.0;0.0;0.0
Data(x=[60, 1], edge_index=[2, 72], edge_attr=[72, 3], y=2.0, custom_label=0.2857143, min_label=0, max_label=7, instance_name='p24.txt');0.2857142984867096;0.2349932938814163;0.0166859943419694;0.0;2.0;p24.txt;2.0;0.0;0.0
Data(x=[60, 1], edge_index=[2, 72], edge_attr=[72, 3], y=1.0, custom_label=0.14285715, min_label=0, max_label=7, instance_name='p24.txt');0.1428571492433548;0.2349932938814163;0.0166860036551952;0.0;1.0;p24.txt;2.0;0.0;0.0
Data(x=[61, 1], edge_index=[2, 74], edge_attr=[74, 3], y=0.0, custom_label=0.0, min_label=0, max_label=7, instance_name='p24.txt');0.0;0.2349932938814163;5.843739472766174e-06;0.0;0.0;p24.txt;2.0;0.0;0.0
Data(x=[58, 1], edge_index=[2, 74], edge_attr=[74, 3], y=3.0, custom_label=0.42857143, min_label=0, max_label=7, instance_name='p24.txt');0.4285714328289032;0.2349932938814163;0.0002377125347265;0.0;3.0;p24.txt;2.0;0.0;0.0
Data(x=[57, 1], edge_index=[2, 72], edge_attr=[72, 3], y=2.0, custom_label=0.2857143, min_label=0, max_label=7, instance_name='p24.txt');0.2857142984867096;0.2349932938814163;0.0015486062038689;0.0;2.0;p24.txt;2.0;0.0;0.0
Data(x=[57, 1], edge_index=[2, 72], edge_attr=[72, 3], y=1.0, custom_label=0.14285715, min_label=0, max_label=7, instance_name='p24.txt');0.1428571492433548;0.2349932938814163;0.00022382978932;4.0150612790057494e-07;1.0;p24.txt;2.0;0.0;0.0
Data(x=[58, 1], edge_index=[2, 74], edge_attr=[74, 3], y=0.0, custom_label=0.0, min_label=0, max_label=7, instance_name='p24.txt');0.0;0.2349932938814163;2.18851496924799e-07;0.0;0.0;p24.txt;2.0;0.0;0.0
Data(x=[53, 1], edge_index=[2, 68], edge_attr=[68, 3], y=0.0, custom_label=0.0, min_label=0, max_label=7, instance_name='p24.txt');0.0;0.2349932938814163;1.4708651185912912e-08;4.0150612790057494e-07;0.0;p24.txt;2.0;0.0;0.0
Data(x=[53, 1], edge_index=[2, 66], edge_attr=[66, 3], y=0.0, custom_label=0.0, min_label=0, max_label=7, instance_name='p24.txt');0.0;0.2349932938814163;1.357467112939048e-06;4.0150612790057494e-07;0.0;p24.txt;2.0;0.0;0.0
Data(x=[58, 1], edge_index=[2, 72], edge_attr=[72, 3], y=3.0, custom_label=0.42857143, min_label=0, max_label=7, instance_name='p24.txt');0.4285714328289032;0.2349932938814163;0.0056885601952672;0.0;3.0;p24.txt;2.0;0.0;0.0
Data(x=[58, 1], edge_index=[2, 72], edge_attr=[72, 3], y=2.0, custom_label=0.2857143, min_label=0, max_label=7, instance_name='p24.txt');0.2857142984867096;0.2349932938814163;0.0056885601952672;0.0;2.0;p24.txt;2.0;0.0;0.0
Data(x=[58, 1], edge_index=[2, 72], edge_attr=[72, 3], y=1.0, custom_label=0.14285715, min_label=0, max_label=7, instance_name='p24.txt');0.1428571492433548;0.2349932938814163;0.0056885601952672;0.0;1.0;p24.txt;2.0;0.0;0.0
Data(x=[59, 1], edge_index=[2, 74], edge_attr=[74, 3], y=0.0, custom_label=0.0, min_label=0, max_label=7, instance_name='p24.txt');0.0;0.2349932938814163;1.3477899756253464e-06;0.0;0.0;p24.txt;2.0;0.0;0.0
Data(x=[54, 1], edge_index=[2, 66], edge_attr=[66, 3], y=0.0, custom_label=0.0, min_label=0, max_label=7, instance_name='p24.txt');0.0;0.2349932938814163;9.56207441049628e-06;4.0150612790057494e-07;0.0;p24.txt;2.0;0.0;0.0
Data(x=[65, 1], edge_index=[2, 80], edge_attr=[80, 3], y=0.0, custom_label=0.0, min_label=0, max_label=7, instance_name='p24.txt');0.0;0.2349932938814163;2.414351183688268e-05;4.0150612790057494e-07;0.0;p24.txt;2.0;0.0;0.0
Data(x=[53, 1], edge_index=[2, 66], edge_attr=[66, 3], y=0.0, custom_label=0.0, min_label=0, max_label=7, instance_name='p24.txt');0.0;0.2349932938814163;6.265578122111037e-06;0.0;0.0;p24.txt;2.0;0.0;0.0
Data(x=[49, 1], edge_index=[2, 62], edge_attr=[62, 3], y=1.0, custom_label=0.14285715, min_label=0, max_label=7, instance_name='p24.txt');0.1428571492433548;0.2349932938814163;0.0093341749161481;4.0150612790057494e-07;1.0;p24.txt;2.0;0.0;0.0
Data(x=[49, 1], edge_index=[2, 62], edge_attr=[62, 3], y=0.0, custom_label=0.0, min_label=0, max_label=7, instance_name='p24.txt');0.0;0.2349932938814163;2.8833894702984253e-06;4.0150612790057494e-07;0.0;p24.txt;2.0;0.0;0.0
Data(x=[53, 1], edge_index=[2, 66], edge_attr=[66, 3], y=0.0, custom_label=0.0, min_label=0, max_label=7, instance_name='p24.txt');0.0;0.2349932938814163;6.265572210395476e-06;0.0;0.0;p24.txt;2.0;0.0;0.0
Data(x=[46, 1], edge_index=[2, 58], edge_attr=[58, 3], y=0.0, custom_label=0.0, min_label=0, max_label=7, instance_name='p24.txt');0.0;0.2349932938814163;1.9697033621923765e-06;4.0150612790057494e-07;0.0;p24.txt;2.0;0.0;0.0
Data(x=[47, 1], edge_index=[2, 60], edge_attr=[60, 3], y=7.0, custom_label=1.0, min_label=0, max_label=7, instance_name='p24.txt');1.0;0.2349932938814163;0.0893298834562301;4.0150612790057494e-07;7.0;p24.txt;2.0;1.0;0.0
Data(x=[46, 1], edge_index=[2, 58], edge_attr=[58, 3], y=6.0, custom_label=0.85714287, min_label=0, max_label=7, instance_name='p24.txt');0.8571428656578064;0.2349932938814163;0.1385102570056915;4.0150612790057494e-07;6.0;p24.txt;2.0;1.0;0.0
Data(x=[46, 1], edge_index=[2, 58], edge_attr=[58, 3], y=5.0, custom_label=0.71428573, min_label=0, max_label=7, instance_name='p24.txt');0.7142857313156128;0.2349932938814163;0.1178386956453323;4.0150612790057494e-07;5.0;p24.txt;2.0;1.0;0.0
Data(x=[47, 1], edge_index=[2, 60], edge_attr=[60, 3], y=4.0, custom_label=0.5714286, min_label=0, max_label=7, instance_name='p24.txt');0.5714285969734192;0.2349932938814163;0.0001406813244102;4.0150612790057494e-07;4.0;p24.txt;2.0;0.0;0.0
Data(x=[46, 1], edge_index=[2, 58], edge_attr=[58, 3], y=3.0, custom_label=0.42857143, min_label=0, max_label=7, instance_name='p24.txt');0.4285714328289032;0.2349932938814163;0.0103578185662627;4.0150612790057494e-07;3.0;p24.txt;2.0;0.0;0.0
Data(x=[46, 1], edge_index=[2, 58], edge_attr=[58, 3], y=2.0, custom_label=0.2857143, min_label=0, max_label=7, instance_name='p24.txt');0.2857142984867096;0.2349932938814163;0.0084006981924176;4.0150612790057494e-07;2.0;p24.txt;2.0;0.0;0.0
Data(x=[46, 1], edge_index=[2, 58], edge_attr=[58, 3], y=1.0, custom_label=0.14285715, min_label=0, max_label=7, instance_name='p24.txt');0.1428571492433548;0.2349932938814163;0.0103578185662627;4.0150612790057494e-07;1.0;p24.txt;2.0;0.0;0.0
Data(x=[47, 1], edge_index=[2, 60], edge_attr=[60, 3], y=0.0, custom_label=0.0, min_label=0, max_label=7, instance_name='p24.txt');0.0;0.2349932938814163;3.308168743387796e-07;4.0150612790057494e-07;0.0;p24.txt;2.0;0.0;0.0
Data(x=[50, 1], edge_index=[2, 64], edge_attr=[64, 3], y=0.0, custom_label=0.0, min_label=0, max_label=7, instance_name='p24.txt');0.0;0.2349932938814163;5.348946388039622e-07;4.0150612790057494e-07;0.0;p24.txt;2.0;0.0;0.0
Data(x=[61, 1], edge_index=[2, 76], edge_attr=[76, 3], y=2.0, custom_label=0.2857143, min_label=0, max_label=7, instance_name='p24.txt');0.2857142984867096;0.2349932938814163;0.0028843318577855;4.0150612790057494e-07;2.0;p24.txt;2.0;0.0;0.0
Data(x=[60, 1], edge_index=[2, 74], edge_attr=[74, 3], y=1.0, custom_label=0.14285715, min_label=0, max_label=7, instance_name='p24.txt');0.1428571492433548;0.2349932938814163;0.0114968614652752;4.0150612790057494e-07;1.0;p24.txt;2.0;0.0;0.0
Data(x=[61, 1], edge_index=[2, 76], edge_attr=[76, 3], y=0.0, custom_label=0.0, min_label=0, max_label=7, instance_name='p24.txt');0.0;0.2349932938814163;3.750866881091497e-06;4.0150612790057494e-07;0.0;p24.txt;2.0;0.0;0.0
Data(x=[48, 1], edge_index=[2, 62], edge_attr=[62, 3], y=0.0, custom_label=0.0, min_label=0, max_label=7, instance_name='p24.txt');0.0;0.2349932938814163;3.248613325013139e-07;0.0;0.0;p24.txt;2.0;0.0;0.0
Data(x=[54, 1], edge_index=[2, 70], edge_attr=[70, 3], y=0.0, custom_label=0.0, min_label=0, max_label=7, instance_name='p24.txt');0.0;0.2349932938814163;7.925398222141666e-07;0.0;0.0;p24.txt;2.0;0.0;0.0
Data(x=[57, 1], edge_index=[2, 70], edge_attr=[70, 3], y=0.0, custom_label=0.0, min_label=0, max_label=7, instance_name='p24.txt');0.0;0.2349932938814163;1.2217292351124344e-05;0.0;0.0;p24.txt;2.0;0.0;0.0
Data(x=[49, 1], edge_index=[2, 62], edge_attr=[62, 3], y=0.0, custom_label=0.0, min_label=0, max_label=7, instance_name='p24.txt');0.0;0.2349932938814163;5.498629320754844e-07;4.0150612790057494e-07;0.0;p24.txt;2.0;0.0;0.0
Data(x=[53, 1], edge_index=[2, 70], edge_attr=[70, 3], y=0.0, custom_label=0.0, min_label=0, max_label=7, instance_name='p24.txt');0.0;0.2349932938814163;4.954757173436519e-07;0.0;0.0;p24.txt;2.0;0.0;0.0
Data(x=[61, 1], edge_index=[2, 76], edge_attr=[76, 3], y=0.0, custom_label=0.0, min_label=0, max_label=7, instance_name='p24.txt');0.0;0.2349932938814163;1.9426718154136324e-06;4.0150612790057494e-07;0.0;p24.txt;2.0;0.0;0.0
Data(x=[54, 1], edge_index=[2, 70], edge_attr=[70, 3], y=0.0, custom_label=0.0, min_label=0, max_label=7, instance_name='p24.txt');0.0;0.2349932938814163;7.925398222141666e-07;4.0150612790057494e-07;0.0;p24.txt;2.0;0.0;0.0
Data(x=[61, 1], edge_index=[2, 74], edge_attr=[74, 3], y=0.0, custom_label=0.0, min_label=0, max_label=7, instance_name='p24.txt');0.0;0.2349932938814163;2.187993959523737e-05;4.0150612790057494e-07;0.0;p24.txt;2.0;0.0;0.0
Data(x=[59, 1], edge_index=[2, 74], edge_attr=[74, 3], y=0.0, custom_label=0.0, min_label=0, max_label=7, instance_name='p24.txt');0.0;0.2349932938814163;1.0489471605978906e-05;0.0;0.0;p24.txt;2.0;0.0;0.0
Data(x=[49, 1], edge_index=[2, 62], edge_attr=[62, 3], y=0.0, custom_label=0.0, min_label=0, max_label=7, instance_name='p24.txt');0.0;0.2349932938814163;2.8833894702984253e-06;0.0;0.0;p24.txt;2.0;0.0;0.0
Data(x=[54, 1], edge_index=[2, 68], edge_attr=[68, 3], y=0.0, custom_label=0.0, min_label=0, max_label=7, instance_name='p24.txt');0.0;0.2349932938814163;5.838403467350872e-06;4.0150612790057494e-07;0.0;p24.txt;2.0;0.0;0.0
Data(x=[63, 1], edge_index=[2, 78], edge_attr=[78, 3], y=0.0, custom_label=0.0, min_label=0, max_label=7, instance_name='p24.txt');0.0;0.2349932938814163;5.1731590247072745e-06;0.0;0.0;p24.txt;2.0;0.0;0.0
Data(x=[59, 1], edge_index=[2, 72], edge_attr=[72, 3], y=0.0, custom_label=0.0, min_label=0, max_label=7, instance_name='p24.txt');0.0;0.2349932938814163;7.440183367179998e-07;4.0150612790057494e-07;0.0;p24.txt;2.0;0.0;0.0
Data(x=[61, 1], edge_index=[2, 74], edge_attr=[74, 3], y=2.0, custom_label=0.2857143, min_label=0, max_label=7, instance_name='p24.txt');0.2857142984867096;0.2349932938814163;0.0143336206674575;4.0150612790057494e-07;2.0;p24.txt;2.0;0.0;0.0
Data(x=[60, 1], edge_index=[2, 72], edge_attr=[72, 3], y=1.0, custom_label=0.14285715, min_label=0, max_label=7, instance_name='p24.txt');0.1428571492433548;0.2349932938814163;0.0375712215900421;4.0150612790057494e-07;1.0;p24.txt;2.0;0.0;0.0
Data(x=[61, 1], edge_index=[2, 74], edge_attr=[74, 3], y=0.0, custom_label=0.0, min_label=0, max_label=7, instance_name='p24.txt');0.0;0.2349932938814163;2.187993959523737e-05;4.0150612790057494e-07;0.0;p24.txt;2.0;0.0;0.0
Data(x=[57, 1], edge_index=[2, 72], edge_attr=[72, 3], y=3.0, custom_label=0.42857143, min_label=0, max_label=7, instance_name='p24.txt');0.4285714328289032;0.2349932938814163;0.0022799225989729;0.0;3.0;p24.txt;2.0;0.0;0.0
Data(x=[56, 1], edge_index=[2, 70], edge_attr=[70, 3], y=2.0, custom_label=0.2857143, min_label=0, max_label=7, instance_name='p24.txt');0.2857142984867096;0.2349932938814163;0.0099577903747558;0.0;2.0;p24.txt;2.0;0.0;0.0
Data(x=[56, 1], edge_index=[2, 70], edge_attr=[70, 3], y=1.0, custom_label=0.14285715, min_label=0, max_label=7, instance_name='p24.txt');0.1428571492433548;0.2349932938814163;0.002225425094366;0.0;1.0;p24.txt;2.0;0.0;0.0
Data(x=[57, 1], edge_index=[2, 72], edge_attr=[72, 3], y=0.0, custom_label=0.0, min_label=0, max_label=7, instance_name='p24.txt');0.0;0.2349932938814163;1.845911356213037e-06;0.0;0.0;p24.txt;2.0;0.0;0.0
Data(x=[57, 1], edge_index=[2, 70], edge_attr=[70, 3], y=1.0, custom_label=0.14285715, min_label=0, max_label=7, instance_name='p24.txt');0.1428571492433548;0.2349932938814163;0.0318161509931087;4.0150612790057494e-07;1.0;p24.txt;2.0;0.0;0.0
Data(x=[58, 1], edge_index=[2, 72], edge_attr=[72, 3], y=0.0, custom_label=0.0, min_label=0, max_label=7, instance_name='p24.txt');0.0;0.2349932938814163;1.1302220627840144e-05;4.0150612790057494e-07;0.0;p24.txt;2.0;0.0;0.0
Data(x=[55, 1], edge_index=[2, 68], edge_attr=[68, 3], y=2.0, custom_label=0.2857143, min_label=0, max_label=7, instance_name='p24.txt');0.2857142984867096;0.2349932938814163;0.0026332377456128;4.0150612790057494e-07;2.0;p24.txt;2.0;0.0;0.0
Data(x=[55, 1], edge_index=[2, 68], edge_attr=[68, 3], y=1.0, custom_label=0.14285715, min_label=0, max_label=7, instance_name='p24.txt');0.1428571492433548;0.2349932938814163;0.0026332365814596;4.0150612790057494e-07;1.0;p24.txt;2.0;0.0;0.0
Data(x=[56, 1], edge_index=[2, 70], edge_attr=[70, 3], y=0.0, custom_label=0.0, min_label=0, max_label=7, instance_name='p24.txt');0.0;0.2349932938814163;3.776404469135741e-07;4.0150612790057494e-07;0.0;p24.txt;2.0;0.0;0.0
Data(x=[41, 1], edge_index=[2, 54], edge_attr=[54, 3], y=0.0, custom_label=0.0, min_label=0, max_label=7, instance_name='p24.txt');0.0;0.2349932938814163;4.090075123031056e-08;4.0150612790057494e-07;0.0;p24.txt;2.0;0.0;0.0
Data(x=[50, 1], edge_index=[2, 64], edge_attr=[64, 3], y=4.0, custom_label=0.5714286, min_label=0, max_label=7, instance_name='p24.txt');0.5714285969734192;0.2349932938814163;0.0017855247715488;0.0;4.0;p24.txt;2.0;0.0;0.0
Data(x=[49, 1], edge_index=[2, 62], edge_attr=[62, 3], y=3.0, custom_label=0.42857143, min_label=0, max_label=7, instance_name='p24.txt');0.4285714328289032;0.2349932938814163;0.0093341702595353;4.0150612790057494e-07;3.0;p24.txt;2.0;0.0;0.0
Data(x=[49, 1], edge_index=[2, 62], edge_attr=[62, 3], y=2.0, custom_label=0.2857143, min_label=0, max_label=7, instance_name='p24.txt');0.2857142984867096;0.2349932938814163;0.0076406374573707;4.0150612790057494e-07;2.0;p24.txt;2.0;0.0;0.0
Data(x=[49, 1], edge_index=[2, 62], edge_attr=[62, 3], y=1.0, custom_label=0.14285715, min_label=0, max_label=7, instance_name='p24.txt');0.1428571492433548;0.2349932938814163;0.0093341702595353;4.0150612790057494e-07;1.0;p24.txt;2.0;0.0;0.0
Data(x=[50, 1], edge_index=[2, 64], edge_attr=[64, 3], y=0.0, custom_label=0.0, min_label=0, max_label=7, instance_name='p24.txt');0.0;0.2349932938814163;5.348951503947319e-07;4.0150612790057494e-07;0.0;p24.txt;2.0;0.0;0.0
Data(x=[53, 1], edge_index=[2, 70], edge_attr=[70, 3], y=0.0, custom_label=0.0, min_label=0, max_label=7, instance_name='p24.txt');0.0;0.2349932938814163;4.954762289344217e-07;4.0150612790057494e-07;0.0;p24.txt;2.0;0.0;0.0
Data(x=[46, 1], edge_index=[2, 60], edge_attr=[60, 3], y=0.0, custom_label=0.0, min_label=0, max_label=7, instance_name='p24.txt');0.0;0.2349932938814163;2.5376969858825763e-08;4.0150612790057494e-07;0.0;p24.txt;2.0;0.0;0.0
Data(x=[53, 1], edge_index=[2, 68], edge_attr=[68, 3], y=0.0, custom_label=0.0, min_label=0, max_label=7, instance_name='p24.txt');0.0;0.2349932938814163;1.447339741389442e-07;4.0150612790057494e-07;0.0;p24.txt;2.0;0.0;0.0
Data(x=[55, 1], edge_index=[2, 68], edge_attr=[68, 3], y=0.0, custom_label=0.0, min_label=0, max_label=7, instance_name='p24.txt');0.0;0.2349932938814163;8.85330155142583e-06;4.0150612790057494e-07;0.0;p24.txt;2.0;0.0;0.0
Data(x=[57, 1], edge_index=[2, 72], edge_attr=[72, 3], y=0.0, custom_label=0.0, min_label=0, max_label=7, instance_name='p24.txt');0.0;0.2349932938814163;4.4186233338905374e-08;0.0;0.0;p24.txt;2.0;0.0;0.0
Data(x=[55, 1], edge_index=[2, 70], edge_attr=[70, 3], y=0.0, custom_label=0.0, min_label=0, max_label=7, instance_name='p24.txt');0.0;0.2349932938814163;1.0228015980828786e-06;4.0150612790057494e-07;0.0;p24.txt;2.0;0.0;0.0
Data(x=[57, 1], edge_index=[2, 72], edge_attr=[72, 3], y=0.0, custom_label=0.0, min_label=0, max_label=7, instance_name='p24.txt');0.0;0.2349932938814163;1.524792082818749e-06;0.0;0.0;p24.txt;2.0;0.0;0.0
Data(x=[47, 1], edge_index=[2, 60], edge_attr=[60, 3], y=0.0, custom_label=0.0, min_label=0, max_label=7, instance_name='p24.txt');0.0;0.2349932938814163;3.3081624906117213e-07;0.0;0.0;p24.txt;2.0;0.0;0.0
Data(x=[47, 1], edge_index=[2, 60], edge_attr=[60, 3], y=0.0, custom_label=0.0, min_label=0, max_label=8, instance_name='p25.txt');0.0;0.2349932938814163;1.4026960570845406e-07;0.0;0.0;p25.txt;2.0;0.0;0.0
Data(x=[49, 1], edge_index=[2, 64], edge_attr=[64, 3], y=0.0, custom_label=0.0, min_label=0, max_label=8, instance_name='p25.txt');0.0;0.2349932938814163;2.6640174510816905e-08;0.0;0.0;p25.txt;2.0;0.0;0.0
Data(x=[51, 1], edge_index=[2, 66], edge_attr=[66, 3], y=0.0, custom_label=0.0, min_label=0, max_label=8, instance_name='p25.txt');0.0;0.2349932938814163;5.208963216318807e-07;4.0150612790057494e-07;0.0;p25.txt;2.0;0.0;0.0
Data(x=[54, 1], edge_index=[2, 68], edge_attr=[68, 3], y=0.0, custom_label=0.0, min_label=0, max_label=8, instance_name='p25.txt');0.0;0.2349932938814163;1.3002796777072945e-06;0.0;0.0;p25.txt;2.0;0.0;0.0
Data(x=[47, 1], edge_index=[2, 62], edge_attr=[62, 3], y=0.0, custom_label=0.0, min_label=0, max_label=8, instance_name='p25.txt');0.0;0.2349932938814163;1.4845761597825913e-07;0.0;0.0;p25.txt;2.0;0.0;0.0
Data(x=[49, 1], edge_index=[2, 64], edge_attr=[64, 3], y=0.0, custom_label=0.0, min_label=0, max_label=8, instance_name='p25.txt');0.0;0.2349932938814163;2.54961094015016e-07;0.0;0.0;p25.txt;2.0;0.0;0.0
Data(x=[50, 1], edge_index=[2, 64], edge_attr=[64, 3], y=0.0, custom_label=0.0, min_label=0, max_label=8, instance_name='p25.txt');0.0;0.2349932938814163;5.348946388039622e-07;0.0;0.0;p25.txt;2.0;0.0;0.0
Data(x=[56, 1], edge_index=[2, 72], edge_attr=[72, 3], y=0.0, custom_label=0.0, min_label=0, max_label=8, instance_name='p25.txt');0.0;0.2349932938814163;5.107943252369296e-06;0.0;0.0;p25.txt;2.0;0.0;0.0
Data(x=[54, 1], edge_index=[2, 68], edge_attr=[68, 3], y=0.0, custom_label=0.0, min_label=0, max_label=8, instance_name='p25.txt');0.0;0.2349932938814163;5.838403467350872e-06;4.0150612790057494e-07;0.0;p25.txt;2.0;0.0;0.0
Data(x=[51, 1], edge_index=[2, 66], edge_attr=[66, 3], y=0.0, custom_label=0.0, min_label=0, max_label=8, instance_name='p25.txt');0.0;0.2349932938814163;5.208963216318807e-07;0.0;0.0;p25.txt;2.0;0.0;0.0
Data(x=[46, 1], edge_index=[2, 62], edge_attr=[62, 3], y=0.0, custom_label=0.0, min_label=0, max_label=8, instance_name='p25.txt');0.0;0.2349932938814163;1.0587581300569583e-07;0.0;0.0;p25.txt;2.0;0.0;0.0
Data(x=[50, 1], edge_index=[2, 64], edge_attr=[64, 3], y=3.0, custom_label=0.375, min_label=0, max_label=8, instance_name='p25.txt');0.375;0.2349932938814163;0.0017855247715488;0.0;3.0;p25.txt;2.0;0.0;0.0
Data(x=[49, 1], edge_index=[2, 62], edge_attr=[62, 3], y=2.0, custom_label=0.25, min_label=0, max_label=8, instance_name='p25.txt');0.25;0.2349932938814163;0.0093341702595353;0.0;2.0;p25.txt;2.0;0.0;0.0
Data(x=[49, 1], edge_index=[2, 62], edge_attr=[62, 3], y=1.0, custom_label=0.125, min_label=0, max_label=8, instance_name='p25.txt');0.125;0.2349932938814163;0.0093341702595353;0.0;1.0;p25.txt;2.0;0.0;0.0
Data(x=[50, 1], edge_index=[2, 64], edge_attr=[64, 3], y=0.0, custom_label=0.0, min_label=0, max_label=8, instance_name='p25.txt');0.0;0.2349932938814163;5.348946388039622e-07;0.0;0.0;p25.txt;2.0;0.0;0.0
Data(x=[62, 1], edge_index=[2, 76], edge_attr=[76, 3], y=0.0, custom_label=0.0, min_label=0, max_label=8, instance_name='p25.txt');0.0;0.2349932938814163;2.0150782802375037e-05;0.0;0.0;p25.txt;2.0;0.0;0.0
Data(x=[58, 1], edge_index=[2, 72], edge_attr=[72, 3], y=0.0, custom_label=0.0, min_label=0, max_label=8, instance_name='p25.txt');0.0;0.2349932938814163;3.491005031719397e-07;4.0150612790057494e-07;0.0;p25.txt;2.0;0.0;0.0
Data(x=[48, 1], edge_index=[2, 62], edge_attr=[62, 3], y=0.0, custom_label=0.0, min_label=0, max_label=8, instance_name='p25.txt');0.0;0.2349932938814163;2.5779204548825877e-08;0.0;0.0;p25.txt;2.0;0.0;0.0
Data(x=[49, 1], edge_index=[2, 64], edge_attr=[64, 3], y=0.0, custom_label=0.0, min_label=0, max_label=8, instance_name='p25.txt');0.0;0.2349932938814163;4.8543153496893865e-08;0.0;0.0;p25.txt;2.0;0.0;0.0
Data(x=[55, 1], edge_index=[2, 70], edge_attr=[70, 3], y=0.0, custom_label=0.0, min_label=0, max_label=8, instance_name='p25.txt');0.0;0.2349932938814163;1.24745088214695e-06;0.0;0.0;p25.txt;2.0;0.0;0.0
Data(x=[61, 1], edge_index=[2, 76], edge_attr=[76, 3], y=0.0, custom_label=0.0, min_label=0, max_label=8, instance_name='p25.txt');0.0;0.2349932938814163;1.4097077837504912e-05;4.0150612790057494e-07;0.0;p25.txt;2.0;0.0;0.0
Data(x=[44, 1], edge_index=[2, 56], edge_attr=[56, 3], y=0.0, custom_label=0.0, min_label=0, max_label=8, instance_name='p25.txt');0.0;0.2349932938814163;1.2141690604039468e-06;4.0150612790057494e-07;0.0;p25.txt;2.0;0.0;0.0
Data(x=[61, 1], edge_index=[2, 74], edge_attr=[74, 3], y=8.0, custom_label=1.0, min_label=0, max_label=8, instance_name='p25.txt');1.0;0.2349932938814163;0.002311861841008;4.0150612790057494e-07;8.0;p25.txt;2.0;0.0;0.0
Data(x=[61, 1], edge_index=[2, 74], edge_attr=[74, 3], y=7.0, custom_label=0.875, min_label=0, max_label=8, instance_name='p25.txt');0.875;0.2349932938814163;0.002311861841008;4.0150612790057494e-07;7.0;p25.txt;2.0;0.0;0.0
Data(x=[61, 1], edge_index=[2, 74], edge_attr=[74, 3], y=6.0, custom_label=0.75, min_label=0, max_label=8, instance_name='p25.txt');0.75;0.2349932938814163;0.002311861841008;4.0150612790057494e-07;6.0;p25.txt;2.0;0.0;0.0
Data(x=[61, 1], edge_index=[2, 74], edge_attr=[74, 3], y=5.0, custom_label=0.625, min_label=0, max_label=8, instance_name='p25.txt');0.625;0.2349932938814163;0.002311861841008;4.0150612790057494e-07;5.0;p25.txt;2.0;0.0;0.0
Data(x=[61, 1], edge_index=[2, 74], edge_attr=[74, 3], y=4.0, custom_label=0.5, min_label=0, max_label=8, instance_name='p25.txt');0.5;0.2349932938814163;0.002311861841008;4.0150612790057494e-07;4.0;p25.txt;2.0;0.0;0.0
Data(x=[61, 1], edge_index=[2, 74], edge_attr=[74, 3], y=3.0, custom_label=0.375, min_label=0, max_label=8, instance_name='p25.txt');0.375;0.2349932938814163;0.002311861841008;4.0150612790057494e-07;3.0;p25.txt;2.0;0.0;0.0
Data(x=[61, 1], edge_index=[2, 74], edge_attr=[74, 3], y=2.0, custom_label=0.25, min_label=0, max_label=8, instance_name='p25.txt');0.25;0.2349932938814163;0.002311861841008;4.0150612790057494e-07;2.0;p25.txt;2.0;0.0;0.0
Data(x=[61, 1], edge_index=[2, 74], edge_attr=[74, 3], y=1.0, custom_label=0.125, min_label=0, max_label=8, instance_name='p25.txt');0.125;0.2349932938814163;0.002311861841008;4.0150612790057494e-07;1.0;p25.txt;2.0;0.0;0.0
Data(x=[62, 1], edge_index=[2, 76], edge_attr=[76, 3], y=0.0, custom_label=0.0, min_label=0, max_label=8, instance_name='p25.txt');0.0;0.2349932938814163;2.8619305680877005e-07;4.0150612790057494e-07;0.0;p25.txt;2.0;0.0;0.0
Data(x=[59, 1], edge_index=[2, 72], edge_attr=[72, 3], y=0.0, custom_label=0.0, min_label=0, max_label=8, instance_name='p25.txt');0.0;0.2349932938814163;1.6512010915903375e-05;4.0150612790057494e-07;0.0;p25.txt;2.0;0.0;0.0
Data(x=[52, 1], edge_index=[2, 66], edge_attr=[66, 3], y=0.0, custom_label=0.0, min_label=0, max_label=8, instance_name='p25.txt');0.0;0.2349932938814163;4.03932517656358e-06;0.0;0.0;p25.txt;2.0;0.0;0.0
Data(x=[53, 1], edge_index=[2, 66], edge_attr=[66, 3], y=0.0, custom_label=0.0, min_label=0, max_label=8, instance_name='p25.txt');0.0;0.2349932938814163;6.35353273992223e-07;4.0150612790057494e-07;0.0;p25.txt;2.0;0.0;0.0
Data(x=[52, 1], edge_index=[2, 66], edge_attr=[66, 3], y=0.0, custom_label=0.0, min_label=0, max_label=8, instance_name='p25.txt');0.0;0.2349932938814163;3.909255212874996e-07;0.0;0.0;p25.txt;2.0;0.0;0.0
Data(x=[47, 1], edge_index=[2, 62], edge_attr=[62, 3], y=0.0, custom_label=0.0, min_label=0, max_label=8, instance_name='p25.txt');0.0;0.2349932938814163;1.0595505273158778e-06;0.0;0.0;p25.txt;2.0;0.0;0.0
Data(x=[51, 1], edge_index=[2, 66], edge_attr=[66, 3], y=0.0, custom_label=0.0, min_label=0, max_label=8, instance_name='p25.txt');0.0;0.2349932938814163;4.8090019078017576e-08;0.0;0.0;p25.txt;2.0;0.0;0.0
Data(x=[55, 1], edge_index=[2, 66], edge_attr=[66, 3], y=3.0, custom_label=0.375, min_label=0, max_label=8, instance_name='p25.txt');0.375;0.2349932938814163;0.0148001536726951;4.0150612790057494e-07;3.0;p25.txt;2.0;0.0;0.0
Data(x=[55, 1], edge_index=[2, 66], edge_attr=[66, 3], y=2.0, custom_label=0.25, min_label=0, max_label=8, instance_name='p25.txt');0.25;0.2349932938814163;0.0148001536726951;4.0150612790057494e-07;2.0;p25.txt;2.0;0.0;0.0
Data(x=[55, 1], edge_index=[2, 66], edge_attr=[66, 3], y=1.0, custom_label=0.125, min_label=0, max_label=8, instance_name='p25.txt');0.125;0.2349932938814163;0.0148001536726951;4.0150612790057494e-07;1.0;p25.txt;2.0;0.0;0.0
Data(x=[56, 1], edge_index=[2, 68], edge_attr=[68, 3], y=0.0, custom_label=0.0, min_label=0, max_label=8, instance_name='p25.txt');0.0;0.2349932938814163;2.5841563910944387e-06;4.0150612790057494e-07;0.0;p25.txt;2.0;0.0;0.0
Data(x=[57, 1], edge_index=[2, 70], edge_attr=[70, 3], y=0.0, custom_label=0.0, min_label=0, max_label=8, instance_name='p25.txt');0.0;0.2349932938814163;1.2217292351124344e-05;0.0;0.0;p25.txt;2.0;0.0;0.0
Data(x=[61, 1], edge_index=[2, 76], edge_attr=[76, 3], y=5.0, custom_label=0.625, min_label=0, max_label=8, instance_name='p25.txt');0.625;0.2349932938814163;0.0028843318577855;0.0;5.0;p25.txt;2.0;0.0;0.0
Data(x=[60, 1], edge_index=[2, 74], edge_attr=[74, 3], y=4.0, custom_label=0.5, min_label=0, max_label=8, instance_name='p25.txt');0.5;0.2349932938814163;0.009727437980473;0.0;4.0;p25.txt;2.0;0.0;0.0
Data(x=[59, 1], edge_index=[2, 72], edge_attr=[72, 3], y=3.0, custom_label=0.375, min_label=0, max_label=8, instance_name='p25.txt');0.375;0.2349932938814163;0.1625374257564544;0.0;3.0;p25.txt;2.0;1.0;0.0
Data(x=[60, 1], edge_index=[2, 74], edge_attr=[74, 3], y=2.0, custom_label=0.25, min_label=0, max_label=8, instance_name='p25.txt');0.25;0.2349932938814163;0.0114968549460172;0.0;2.0;p25.txt;2.0;0.0;0.0
Data(x=[60, 1], edge_index=[2, 74], edge_attr=[74, 3], y=1.0, custom_label=0.125, min_label=0, max_label=8, instance_name='p25.txt');0.125;0.2349932938814163;0.0114968614652752;0.0;1.0;p25.txt;2.0;0.0;0.0
Data(x=[61, 1], edge_index=[2, 76], edge_attr=[76, 3], y=0.0, custom_label=0.0, min_label=0, max_label=8, instance_name='p25.txt');0.0;0.2349932938814163;3.750866881091497e-06;0.0;0.0;p25.txt;2.0;0.0;0.0
Data(x=[50, 1], edge_index=[2, 66], edge_attr=[66, 3], y=0.0, custom_label=0.0, min_label=0, max_label=8, instance_name='p25.txt');0.0;0.2349932938814163;2.432192891532736e-09;0.0;0.0;p25.txt;2.0;0.0;0.0
Data(x=[58, 1], edge_index=[2, 72], edge_attr=[72, 3], y=0.0, custom_label=0.0, min_label=0, max_label=8, instance_name='p25.txt');0.0;0.2349932938814163;1.1302220627840144e-05;0.0;0.0;p25.txt;2.0;0.0;0.0
Data(x=[47, 1], edge_index=[2, 62], edge_attr=[62, 3], y=0.0, custom_label=0.0, min_label=0, max_label=8, instance_name='p25.txt');0.0;0.2349932938814163;1.0595485946396366e-06;0.0;0.0;p25.txt;2.0;0.0;0.0
Data(x=[53, 1], edge_index=[2, 66], edge_attr=[66, 3], y=0.0, custom_label=0.0, min_label=0, max_label=8, instance_name='p25.txt');0.0;0.2349932938814163;6.265572210395476e-06;4.0150612790057494e-07;0.0;p25.txt;2.0;0.0;0.0
Data(x=[56, 1], edge_index=[2, 70], edge_attr=[70, 3], y=0.0, custom_label=0.0, min_label=0, max_label=8, instance_name='p25.txt');0.0;0.2349932938814163;1.934726924446295e-06;4.0150612790057494e-07;0.0;p25.txt;2.0;0.0;0.0
Data(x=[49, 1], edge_index=[2, 64], edge_attr=[64, 3], y=0.0, custom_label=0.0, min_label=0, max_label=8, instance_name='p25.txt');0.0;0.2349932938814163;3.1925043231240124e-07;0.0;0.0;p25.txt;2.0;0.0;0.0
Data(x=[65, 1], edge_index=[2, 78], edge_attr=[78, 3], y=7.0, custom_label=0.875, min_label=0, max_label=8, instance_name='p25.txt');0.875;0.2349932938814163;0.0160228926688432;0.0;7.0;p25.txt;2.0;0.0;0.0
Data(x=[65, 1], edge_index=[2, 78], edge_attr=[78, 3], y=6.0, custom_label=0.75, min_label=0, max_label=8, instance_name='p25.txt');0.75;0.2349932938814163;0.0160228926688432;0.0;6.0;p25.txt;2.0;0.0;0.0
Data(x=[65, 1], edge_index=[2, 78], edge_attr=[78, 3], y=5.0, custom_label=0.625, min_label=0, max_label=8, instance_name='p25.txt');0.625;0.2349932938814163;0.0160228926688432;0.0;5.0;p25.txt;2.0;0.0;0.0
Data(x=[65, 1], edge_index=[2, 78], edge_attr=[78, 3], y=4.0, custom_label=0.5, min_label=0, max_label=8, instance_name='p25.txt');0.5;0.2349932938814163;0.0160228926688432;0.0;4.0;p25.txt;2.0;0.0;0.0
Data(x=[65, 1], edge_index=[2, 78], edge_attr=[78, 3], y=3.0, custom_label=0.375, min_label=0, max_label=8, instance_name='p25.txt');0.375;0.2349932938814163;0.0160228833556175;0.0;3.0;p25.txt;2.0;0.0;0.0
Data(x=[65, 1], edge_index=[2, 78], edge_attr=[78, 3], y=2.0, custom_label=0.25, min_label=0, max_label=8, instance_name='p25.txt');0.25;0.2349932938814163;0.0138767641037702;0.0;2.0;p25.txt;2.0;0.0;0.0
Data(x=[65, 1], edge_index=[2, 78], edge_attr=[78, 3], y=1.0, custom_label=0.125, min_label=0, max_label=8, instance_name='p25.txt');0.125;0.2349932938814163;0.0160228982567787;0.0;1.0;p25.txt;2.0;0.0;0.0
Data(x=[66, 1], edge_index=[2, 80], edge_attr=[80, 3], y=0.0, custom_label=0.0, min_label=0, max_label=8, instance_name='p25.txt');0.0;0.2349932938814163;9.91545311990194e-06;0.0;0.0;p25.txt;2.0;0.0;0.0
Data(x=[43, 1], edge_index=[2, 56], edge_attr=[56, 3], y=0.0, custom_label=0.0, min_label=0, max_label=8, instance_name='p25.txt');0.0;0.2349932938814163;6.904604674673465e-07;0.0;0.0;p25.txt;2.0;0.0;0.0
Data(x=[46, 1], edge_index=[2, 60], edge_attr=[60, 3], y=0.0, custom_label=0.0, min_label=0, max_label=8, instance_name='p25.txt');0.0;0.2349932938814163;1.1065810667787446e-06;0.0;0.0;p25.txt;2.0;0.0;0.0
Data(x=[58, 1], edge_index=[2, 70], edge_attr=[70, 3], y=0.0, custom_label=0.0, min_label=0, max_label=8, instance_name='p25.txt');0.0;0.2349932938814163;1.7943688362720422e-05;4.0150612790057494e-07;0.0;p25.txt;2.0;0.0;0.0
Data(x=[60, 1], edge_index=[2, 76], edge_attr=[76, 3], y=0.0, custom_label=0.0, min_label=0, max_label=8, instance_name='p25.txt');0.0;0.2349932938814163;2.112429228873225e-06;0.0;0.0;p25.txt;2.0;0.0;0.0
Data(x=[53, 1], edge_index=[2, 66], edge_attr=[66, 3], y=6.0, custom_label=0.75, min_label=0, max_label=8, instance_name='p25.txt');0.75;0.2349932938814163;0.0109551744535565;0.0;6.0;p25.txt;2.0;0.0;0.0
Data(x=[52, 1], edge_index=[2, 64], edge_attr=[64, 3], y=5.0, custom_label=0.625, min_label=0, max_label=8, instance_name='p25.txt');0.625;0.2349932938814163;0.0329633466899395;0.0;5.0;p25.txt;2.0;0.0;0.0
Data(x=[52, 1], edge_index=[2, 64], edge_attr=[64, 3], y=4.0, custom_label=0.5, min_label=0, max_label=8, instance_name='p25.txt');0.5;0.2349932938814163;0.0329633578658103;0.0;4.0;p25.txt;2.0;0.0;0.0
Data(x=[52, 1], edge_index=[2, 64], edge_attr=[64, 3], y=3.0, custom_label=0.375, min_label=0, max_label=8, instance_name='p25.txt');0.375;0.2349932938814163;0.0329633466899395;0.0;3.0;p25.txt;2.0;0.0;0.0
Data(x=[52, 1], edge_index=[2, 64], edge_attr=[64, 3], y=2.0, custom_label=0.25, min_label=0, max_label=8, instance_name='p25.txt');0.25;0.2349932938814163;0.0329633578658103;0.0;2.0;p25.txt;2.0;0.0;0.0
Data(x=[52, 1], edge_index=[2, 64], edge_attr=[64, 3], y=1.0, custom_label=0.125, min_label=0, max_label=8, instance_name='p25.txt');0.125;0.2349932938814163;0.0108992019668221;0.0;1.0;p25.txt;2.0;0.0;0.0
Data(x=[53, 1], edge_index=[2, 66], edge_attr=[66, 3], y=0.0, custom_label=0.0, min_label=0, max_label=8, instance_name='p25.txt');0.0;0.2349932938814163;1.105077103602525e-06;0.0;0.0;p25.txt;2.0;0.0;0.0
Data(x=[55, 1], edge_index=[2, 70], edge_attr=[70, 3], y=0.0, custom_label=0.0, min_label=0, max_label=8, instance_name='p25.txt');0.0;0.2349932938814163;1.24745088214695e-06;0.0;0.0;p25.txt;2.0;0.0;0.0
Data(x=[51, 1], edge_index=[2, 64], edge_attr=[64, 3], y=0.0, custom_label=0.0, min_label=0, max_label=8, instance_name='p25.txt');0.0;0.2349932938814163;4.315605565352598e-06;4.0150612790057494e-07;0.0;p25.txt;2.0;0.0;0.0
Data(x=[54, 1], edge_index=[2, 68], edge_attr=[68, 3], y=0.0, custom_label=0.0, min_label=0, max_label=8, instance_name='p25.txt');0.0;0.2349932938814163;6.171648010422359e-07;4.0150612790057494e-07;0.0;p25.txt;2.0;0.0;0.0
Data(x=[63, 1], edge_index=[2, 78], edge_attr=[78, 3], y=0.0, custom_label=0.0, min_label=0, max_label=8, instance_name='p25.txt');0.0;0.2349932938814163;1.2119859320591786e-06;0.0;0.0;p25.txt;2.0;0.0;0.0
Data(x=[57, 1], edge_index=[2, 72], edge_attr=[72, 3], y=0.0, custom_label=0.0, min_label=0, max_label=8, instance_name='p25.txt');0.0;0.2349932938814163;1.524792082818749e-06;0.0;0.0;p25.txt;2.0;0.0;0.0
Data(x=[56, 1], edge_index=[2, 72], edge_attr=[72, 3], y=2.0, custom_label=0.25, min_label=0, max_label=8, instance_name='p25.txt');0.25;0.2349932938814163;0.0001926232507685;4.0150612790057494e-07;2.0;p25.txt;2.0;0.0;0.0
Data(x=[55, 1], edge_index=[2, 70], edge_attr=[70, 3], y=1.0, custom_label=0.125, min_label=0, max_label=8, instance_name='p25.txt');0.125;0.2349932938814163;0.0009616370080038;0.0;1.0;p25.txt;2.0;0.0;0.0
Data(x=[56, 1], edge_index=[2, 72], edge_attr=[72, 3], y=0.0, custom_label=0.0, min_label=0, max_label=8, instance_name='p25.txt');0.0;0.2349932938814163;1.3769042084277316e-07;4.0150612790057494e-07;0.0;p25.txt;2.0;0.0;0.0
Data(x=[43, 1], edge_index=[2, 58], edge_attr=[58, 3], y=0.0, custom_label=0.0, min_label=0, max_label=8, instance_name='p25.txt');0.0;0.2349932938814163;5.599347474571915e-08;0.0;0.0;p25.txt;2.0;0.0;0.0
Data(x=[58, 1], edge_index=[2, 72], edge_attr=[72, 3], y=0.0, custom_label=0.0, min_label=0, max_label=8, instance_name='p25.txt');0.0;0.2349932938814163;2.804775022013928e-06;0.0;0.0;p25.txt;2.0;0.0;0.0
Data(x=[54, 1], edge_index=[2, 68], edge_attr=[68, 3], y=1.0, custom_label=0.125, min_label=0, max_label=8, instance_name='p25.txt');0.125;0.2349932938814163;0.0264173503965139;0.0;1.0;p25.txt;2.0;0.0;0.0
Data(x=[55, 1], edge_index=[2, 70], edge_attr=[70, 3], y=0.0, custom_label=0.0, min_label=0, max_label=8, instance_name='p25.txt');0.0;0.2349932938814163;5.454347956401762e-06;0.0;0.0;p25.txt;2.0;0.0;0.0
Data(x=[55, 1], edge_index=[2, 70], edge_attr=[70, 3], y=0.0, custom_label=0.0, min_label=0, max_label=8, instance_name='p25.txt');0.0;0.2349932938814163;1.24745088214695e-06;4.0150612790057494e-07;0.0;p25.txt;2.0;0.0;0.0
Data(x=[55, 1], edge_index=[2, 68], edge_attr=[68, 3], y=6.0, custom_label=0.75, min_label=0, max_label=8, instance_name='p25.txt');0.75;0.2349932938814163;0.0099128978326916;4.0150612790057494e-07;6.0;p25.txt;2.0;0.0;0.0
Data(x=[55, 1], edge_index=[2, 68], edge_attr=[68, 3], y=5.0, custom_label=0.625, min_label=0, max_label=8, instance_name='p25.txt');0.625;0.2349932938814163;0.0099128875881433;4.0150612790057494e-07;5.0;p25.txt;2.0;0.0;0.0
Data(x=[55, 1], edge_index=[2, 68], edge_attr=[68, 3], y=4.0, custom_label=0.5, min_label=0, max_label=8, instance_name='p25.txt');0.5;0.2349932938814163;0.0099128978326916;4.0150612790057494e-07;4.0;p25.txt;2.0;0.0;0.0
Data(x=[55, 1], edge_index=[2, 68], edge_attr=[68, 3], y=3.0, custom_label=0.375, min_label=0, max_label=8, instance_name='p25.txt');0.375;0.2349932938814163;0.0099128875881433;4.0150612790057494e-07;3.0;p25.txt;2.0;0.0;0.0
Data(x=[55, 1], edge_index=[2, 68], edge_attr=[68, 3], y=2.0, custom_label=0.25, min_label=0, max_label=8, instance_name='p25.txt');0.25;0.2349932938814163;0.0099128978326916;4.0150612790057494e-07;2.0;p25.txt;2.0;0.0;0.0
Data(x=[55, 1], edge_index=[2, 68], edge_attr=[68, 3], y=1.0, custom_label=0.125, min_label=0, max_label=8, instance_name='p25.txt');0.125;0.2349932938814163;0.0099128978326916;4.0150612790057494e-07;1.0;p25.txt;2.0;0.0;0.0
Data(x=[56, 1], edge_index=[2, 70], edge_attr=[70, 3], y=0.0, custom_label=0.0, min_label=0, max_label=8, instance_name='p25.txt');0.0;0.2349932938814163;8.219617484428454e-06;4.0150612790057494e-07;0.0;p25.txt;2.0;0.0;0.0
Data(x=[65, 1], edge_index=[2, 80], edge_attr=[80, 3], y=1.0, custom_label=0.125, min_label=0, max_label=8, instance_name='p25.txt');0.125;0.2349932938814163;0.0035516854841262;0.0;1.0;p25.txt;2.0;0.0;0.0
Data(x=[65, 1], edge_index=[2, 80], edge_attr=[80, 3], y=0.0, custom_label=0.0, min_label=0, max_label=8, instance_name='p25.txt');0.0;0.2349932938814163;1.7139803958343691e-06;0.0;0.0;p25.txt;2.0;0.0;0.0
Data(x=[57, 1], edge_index=[2, 68], edge_attr=[68, 3], y=5.0, custom_label=0.625, min_label=0, max_label=8, instance_name='p25.txt');0.625;0.2349932938814163;0.187481552362442;4.0150612790057494e-07;5.0;p25.txt;2.0;1.0;0.0
Data(x=[58, 1], edge_index=[2, 70], edge_attr=[70, 3], y=4.0, custom_label=0.5, min_label=0, max_label=8, instance_name='p25.txt');0.5;0.2349932938814163;0.0364455766975879;4.0150612790057494e-07;4.0;p25.txt;2.0;0.0;0.0
Data(x=[57, 1], edge_index=[2, 68], edge_attr=[68, 3], y=3.0, custom_label=0.375, min_label=0, max_label=8, instance_name='p25.txt');0.375;0.2349932938814163;0.187481552362442;4.0150612790057494e-07;3.0;p25.txt;2.0;1.0;0.0
Data(x=[58, 1], edge_index=[2, 70], edge_attr=[70, 3], y=2.0, custom_label=0.25, min_label=0, max_label=8, instance_name='p25.txt');0.25;0.2349932938814163;0.0364455766975879;4.0150612790057494e-07;2.0;p25.txt;2.0;0.0;0.0
Data(x=[58, 1], edge_index=[2, 70], edge_attr=[70, 3], y=1.0, custom_label=0.125, min_label=0, max_label=8, instance_name='p25.txt');0.125;0.2349932938814163;0.0364455766975879;4.0150612790057494e-07;1.0;p25.txt;2.0;0.0;0.0
Data(x=[59, 1], edge_index=[2, 72], edge_attr=[72, 3], y=0.0, custom_label=0.0, min_label=0, max_label=8, instance_name='p25.txt');0.0;0.2349932938814163;1.6511996363988146e-05;4.0150612790057494e-07;0.0;p25.txt;2.0;0.0;0.0
Data(x=[59, 1], edge_index=[2, 74], edge_attr=[74, 3], y=0.0, custom_label=0.0, min_label=0, max_label=6, instance_name='p26.txt');0.0;0.2349932938814163;2.660971176737803e-06;4.0150612790057494e-07;0.0;p26.txt;1.0;0.0;0.0
Data(x=[54, 1], edge_index=[2, 66], edge_attr=[66, 3], y=0.0, custom_label=0.0, min_label=0, max_label=6, instance_name='p26.txt');0.0;0.2349932938814163;9.56207441049628e-06;4.0150612790057494e-07;0.0;p26.txt;1.0;0.0;0.0
Data(x=[52, 1], edge_index=[2, 66], edge_attr=[66, 3], y=0.0, custom_label=0.0, min_label=0, max_label=6, instance_name='p26.txt');0.0;0.2349932938814163;8.475751656078501e-07;4.0150612790057494e-07;0.0;p26.txt;1.0;0.0;0.0
Data(x=[47, 1], edge_index=[2, 62], edge_attr=[62, 3], y=0.0, custom_label=0.0, min_label=0, max_label=6, instance_name='p26.txt');0.0;0.2349932938814163;1.8767946130537894e-07;0.0;0.0;p26.txt;1.0;0.0;0.0
Data(x=[58, 1], edge_index=[2, 72], edge_attr=[72, 3], y=0.0, custom_label=0.0, min_label=0, max_label=6, instance_name='p26.txt');0.0;0.2349932938814163;1.1302230632281862e-05;4.0150612790057494e-07;0.0;p26.txt;1.0;0.0;0.0
Data(x=[48, 1], edge_index=[2, 60], edge_attr=[60, 3], y=2.0, custom_label=0.33333334, min_label=0, max_label=6, instance_name='p26.txt');0.3333333432674408;0.2349932938814163;0.0092137213796377;0.0;2.0;p26.txt;1.0;0.0;0.0
Data(x=[48, 1], edge_index=[2, 60], edge_attr=[60, 3], y=1.0, custom_label=0.16666667, min_label=0, max_label=6, instance_name='p26.txt');0.1666666716337204;0.2349932938814163;0.0112484376877546;0.0;1.0;p26.txt;1.0;0.0;0.0
Data(x=[49, 1], edge_index=[2, 62], edge_attr=[62, 3], y=0.0, custom_label=0.0, min_label=0, max_label=6, instance_name='p26.txt');0.0;0.2349932938814163;5.498629320754844e-07;0.0;0.0;p26.txt;1.0;0.0;0.0
Data(x=[49, 1], edge_index=[2, 62], edge_attr=[62, 3], y=0.0, custom_label=0.0, min_label=0, max_label=6, instance_name='p26.txt');0.0;0.2349932938814163;2.883391971408855e-06;0.0;0.0;p26.txt;1.0;0.0;0.0
Data(x=[60, 1], edge_index=[2, 74], edge_attr=[74, 3], y=0.0, custom_label=0.0, min_label=0, max_label=6, instance_name='p26.txt');0.0;0.2349932938814163;8.648494258522987e-07;0.0;0.0;p26.txt;1.0;0.0;0.0
Data(x=[51, 1], edge_index=[2, 64], edge_attr=[64, 3], y=0.0, custom_label=0.0, min_label=0, max_label=6, instance_name='p26.txt');0.0;0.2349932938814163;4.315605565352598e-06;4.0150612790057494e-07;0.0;p26.txt;1.0;0.0;0.0
Data(x=[54, 1], edge_index=[2, 70], edge_attr=[70, 3], y=0.0, custom_label=0.0, min_label=0, max_label=6, instance_name='p26.txt');0.0;0.2349932938814163;3.5648026823764667e-06;0.0;0.0;p26.txt;1.0;0.0;0.0
Data(x=[58, 1], edge_index=[2, 72], edge_attr=[72, 3], y=0.0, custom_label=0.0, min_label=0, max_label=6, instance_name='p26.txt');0.0;0.2349932938814163;2.804775022013928e-06;0.0;0.0;p26.txt;1.0;0.0;0.0
Data(x=[51, 1], edge_index=[2, 64], edge_attr=[64, 3], y=0.0, custom_label=0.0, min_label=0, max_label=6, instance_name='p26.txt');0.0;0.2349932938814163;8.789414209786628e-07;4.0150612790057494e-07;0.0;p26.txt;1.0;0.0;0.0
Data(x=[54, 1], edge_index=[2, 66], edge_attr=[66, 3], y=0.0, custom_label=0.0, min_label=0, max_label=6, instance_name='p26.txt');0.0;0.2349932938814163;1.7515767467557453e-06;4.0150612790057494e-07;0.0;p26.txt;1.0;0.0;0.0
Data(x=[54, 1], edge_index=[2, 68], edge_attr=[68, 3], y=0.0, custom_label=0.0, min_label=0, max_label=6, instance_name='p26.txt');0.0;0.2349932938814163;1.3002796777072945e-06;0.0;0.0;p26.txt;1.0;0.0;0.0
Data(x=[65, 1], edge_index=[2, 80], edge_attr=[80, 3], y=0.0, custom_label=0.0, min_label=0, max_label=6, instance_name='p26.txt');0.0;0.2349932938814163;6.995013336563716e-06;0.0;0.0;p26.txt;1.0;0.0;0.0
Data(x=[64, 1], edge_index=[2, 78], edge_attr=[78, 3], y=0.0, custom_label=0.0, min_label=0, max_label=6, instance_name='p26.txt');0.0;0.2349932938814163;2.619241422507912e-05;4.0150612790057494e-07;0.0;p26.txt;1.0;0.0;0.0
Data(x=[57, 1], edge_index=[2, 70], edge_attr=[70, 3], y=0.0, custom_label=0.0, min_label=0, max_label=6, instance_name='p26.txt');0.0;0.2349932938814163;2.961822019642568e-06;0.0;0.0;p26.txt;1.0;0.0;0.0
Data(x=[50, 1], edge_index=[2, 64], edge_attr=[64, 3], y=0.0, custom_label=0.0, min_label=0, max_label=6, instance_name='p26.txt');0.0;0.2349932938814163;2.387825759342377e-07;0.0;0.0;p26.txt;1.0;0.0;0.0
Data(x=[55, 1], edge_index=[2, 70], edge_attr=[70, 3], y=0.0, custom_label=0.0, min_label=0, max_label=6, instance_name='p26.txt');0.0;0.2349932938814163;5.454342954180902e-06;0.0;0.0;p26.txt;1.0;0.0;0.0
Data(x=[50, 1], edge_index=[2, 64], edge_attr=[64, 3], y=0.0, custom_label=0.0, min_label=0, max_label=6, instance_name='p26.txt');0.0;0.2349932938814163;5.348946388039622e-07;4.0150612790057494e-07;0.0;p26.txt;1.0;0.0;0.0
Data(x=[53, 1], edge_index=[2, 68], edge_attr=[68, 3], y=2.0, custom_label=0.33333334, min_label=0, max_label=6, instance_name='p26.txt');0.3333333432674408;0.2349932938814163;0.007105169352144;0.0;2.0;p26.txt;1.0;0.0;0.0
Data(x=[52, 1], edge_index=[2, 66], edge_attr=[66, 3], y=1.0, custom_label=0.16666667, min_label=0, max_label=6, instance_name='p26.txt');0.1666666716337204;0.2349932938814163;0.0252775233238935;0.0;1.0;p26.txt;1.0;0.0;0.0
Data(x=[53, 1], edge_index=[2, 68], edge_attr=[68, 3], y=0.0, custom_label=0.0, min_label=0, max_label=6, instance_name='p26.txt');0.0;0.2349932938814163;3.790180016949307e-06;0.0;0.0;p26.txt;1.0;0.0;0.0
Data(x=[57, 1], edge_index=[2, 72], edge_attr=[72, 3], y=0.0, custom_label=0.0, min_label=0, max_label=6, instance_name='p26.txt');0.0;0.2349932938814163;7.651220585103147e-06;0.0;0.0;p26.txt;1.0;0.0;0.0
Data(x=[53, 1], edge_index=[2, 66], edge_attr=[66, 3], y=3.0, custom_label=0.5, min_label=0, max_label=6, instance_name='p26.txt');0.5;0.2349932938814163;0.0109551632776856;0.0;3.0;p26.txt;1.0;0.0;0.0
Data(x=[53, 1], edge_index=[2, 66], edge_attr=[66, 3], y=2.0, custom_label=0.33333334, min_label=0, max_label=6, instance_name='p26.txt');0.3333333432674408;0.2349932938814163;0.0091358441859483;0.0;2.0;p26.txt;1.0;0.0;0.0
Data(x=[53, 1], edge_index=[2, 66], edge_attr=[66, 3], y=1.0, custom_label=0.16666667, min_label=0, max_label=6, instance_name='p26.txt');0.1666666716337204;0.2349932938814163;0.00230721430853;4.0150612790057494e-07;1.0;p26.txt;1.0;0.0;0.0
Data(x=[54, 1], edge_index=[2, 68], edge_attr=[68, 3], y=0.0, custom_label=0.0, min_label=0, max_label=6, instance_name='p26.txt');0.0;0.2349932938814163;1.3002796777072945e-06;0.0;0.0;p26.txt;1.0;0.0;0.0
Data(x=[48, 1], edge_index=[2, 62], edge_attr=[62, 3], y=0.0, custom_label=0.0, min_label=0, max_label=6, instance_name='p26.txt');0.0;0.2349932938814163;3.248610482842196e-07;0.0;0.0;p26.txt;1.0;0.0;0.0
Data(x=[60, 1], edge_index=[2, 76], edge_attr=[76, 3], y=0.0, custom_label=0.0, min_label=0, max_label=6, instance_name='p26.txt');0.0;0.2349932938814163;5.506832394530647e-07;0.0;0.0;p26.txt;1.0;0.0;0.0
Data(x=[59, 1], edge_index=[2, 74], edge_attr=[74, 3], y=0.0, custom_label=0.0, min_label=0, max_label=6, instance_name='p26.txt');0.0;0.2349932938814163;5.647679586218146e-07;0.0;0.0;p26.txt;1.0;0.0;0.0
Data(x=[47, 1], edge_index=[2, 60], edge_attr=[60, 3], y=0.0, custom_label=0.0, min_label=0, max_label=6, instance_name='p26.txt');0.0;0.2349932938814163;3.3081656169997586e-07;4.0150612790057494e-07;0.0;p26.txt;1.0;0.0;0.0
Data(x=[60, 1], edge_index=[2, 72], edge_attr=[72, 3], y=0.0, custom_label=0.0, min_label=0, max_label=6, instance_name='p26.txt');0.0;0.2349932938814163;2.3823309675208293e-05;4.0150612790057494e-07;0.0;p26.txt;1.0;0.0;0.0
Data(x=[54, 1], edge_index=[2, 68], edge_attr=[68, 3], y=0.0, custom_label=0.0, min_label=0, max_label=6, instance_name='p26.txt');0.0;0.2349932938814163;1.3002796777072945e-06;0.0;0.0;p26.txt;1.0;0.0;0.0
Data(x=[45, 1], edge_index=[2, 58], edge_attr=[58, 3], y=0.0, custom_label=0.0, min_label=0, max_label=6, instance_name='p26.txt');0.0;0.2349932938814163;1.1579330703170854e-06;0.0;0.0;p26.txt;1.0;0.0;0.0
Data(x=[44, 1], edge_index=[2, 58], edge_attr=[58, 3], y=0.0, custom_label=0.0, min_label=0, max_label=6, instance_name='p26.txt');0.0;0.2349932938814163;1.0459103094717649e-07;0.0;0.0;p26.txt;1.0;0.0;0.0
Data(x=[55, 1], edge_index=[2, 70], edge_attr=[70, 3], y=0.0, custom_label=0.0, min_label=0, max_label=6, instance_name='p26.txt');0.0;0.2349932938814163;1.24745088214695e-06;4.0150612790057494e-07;0.0;p26.txt;1.0;0.0;0.0
Data(x=[52, 1], edge_index=[2, 66], edge_attr=[66, 3], y=0.0, custom_label=0.0, min_label=0, max_label=6, instance_name='p26.txt');0.0;0.2349932938814163;3.909259191914316e-07;0.0;0.0;p26.txt;1.0;0.0;0.0
Data(x=[61, 1], edge_index=[2, 74], edge_attr=[74, 3], y=0.0, custom_label=0.0, min_label=0, max_label=6, instance_name='p26.txt');0.0;0.2349932938814163;2.187991776736453e-05;0.0;0.0;p26.txt;1.0;0.0;0.0
Data(x=[50, 1], edge_index=[2, 64], edge_attr=[64, 3], y=0.0, custom_label=0.0, min_label=0, max_label=6, instance_name='p26.txt');0.0;0.2349932938814163;5.348946388039622e-07;0.0;0.0;p26.txt;1.0;0.0;0.0
Data(x=[56, 1], edge_index=[2, 68], edge_attr=[68, 3], y=0.0, custom_label=0.0, min_label=0, max_label=6, instance_name='p26.txt');0.0;0.2349932938814163;1.3244619367469568e-05;0.0;0.0;p26.txt;1.0;0.0;0.0
Data(x=[46, 1], edge_index=[2, 60], edge_attr=[60, 3], y=0.0, custom_label=0.0, min_label=0, max_label=6, instance_name='p26.txt');0.0;0.2349932938814163;1.3392300601822173e-08;4.0150612790057494e-07;0.0;p26.txt;1.0;0.0;0.0
Data(x=[37, 1], edge_index=[2, 52], edge_attr=[52, 3], y=0.0, custom_label=0.0, min_label=0, max_label=6, instance_name='p26.txt');0.0;0.2349932938814163;5.644758438450026e-09;0.0;0.0;p26.txt;1.0;0.0;0.0
Data(x=[54, 1], edge_index=[2, 68], edge_attr=[68, 3], y=0.0, custom_label=0.0, min_label=0, max_label=6, instance_name='p26.txt');0.0;0.2349932938814163;5.838409379066434e-06;4.0150612790057494e-07;0.0;p26.txt;1.0;0.0;0.0
Data(x=[49, 1], edge_index=[2, 62], edge_attr=[62, 3], y=0.0, custom_label=0.0, min_label=0, max_label=6, instance_name='p26.txt');0.0;0.2349932938814163;2.883391971408855e-06;0.0;0.0;p26.txt;1.0;0.0;0.0
Data(x=[62, 1], edge_index=[2, 78], edge_attr=[78, 3], y=0.0, custom_label=0.0, min_label=0, max_label=6, instance_name='p26.txt');0.0;0.2349932938814163;1.8587448948892416e-06;0.0;0.0;p26.txt;1.0;0.0;0.0
Data(x=[53, 1], edge_index=[2, 68], edge_attr=[68, 3], y=0.0, custom_label=0.0, min_label=0, max_label=6, instance_name='p26.txt');0.0;0.2349932938814163;8.190767744054028e-07;0.0;0.0;p26.txt;1.0;0.0;0.0
Data(x=[59, 1], edge_index=[2, 74], edge_attr=[74, 3], y=0.0, custom_label=0.0, min_label=0, max_label=6, instance_name='p26.txt');0.0;0.2349932938814163;3.430352535360726e-07;4.0150612790057494e-07;0.0;p26.txt;1.0;0.0;0.0
Data(x=[55, 1], edge_index=[2, 70], edge_attr=[70, 3], y=0.0, custom_label=0.0, min_label=0, max_label=6, instance_name='p26.txt');0.0;0.2349932938814163;1.2474521327021648e-06;0.0;0.0;p26.txt;1.0;0.0;0.0
Data(x=[60, 1], edge_index=[2, 76], edge_attr=[76, 3], y=0.0, custom_label=0.0, min_label=0, max_label=6, instance_name='p26.txt');0.0;0.2349932938814163;2.530269512135419e-06;4.0150612790057494e-07;0.0;p26.txt;1.0;0.0;0.0
Data(x=[49, 1], edge_index=[2, 62], edge_attr=[62, 3], y=4.0, custom_label=0.6666667, min_label=0, max_label=6, instance_name='p26.txt');0.6666666865348816;0.2349932938814163;0.0021213323343545;4.0150612790057494e-07;4.0;p26.txt;1.0;0.0;0.0
Data(x=[48, 1], edge_index=[2, 60], edge_attr=[60, 3], y=3.0, custom_label=0.5, min_label=0, max_label=6, instance_name='p26.txt');0.5;0.2349932938814163;0.0112484423443675;4.0150612790057494e-07;3.0;p26.txt;1.0;0.0;0.0
Data(x=[48, 1], edge_index=[2, 60], edge_attr=[60, 3], y=2.0, custom_label=0.33333334, min_label=0, max_label=6, instance_name='p26.txt');0.3333333432674408;0.2349932938814163;0.0092137129977345;4.0150612790057494e-07;2.0;p26.txt;1.0;0.0;0.0
Data(x=[48, 1], edge_index=[2, 60], edge_attr=[60, 3], y=1.0, custom_label=0.16666667, min_label=0, max_label=6, instance_name='p26.txt');0.1666666716337204;0.2349932938814163;0.0020496002398431;4.0150612790057494e-07;1.0;p26.txt;1.0;0.0;0.0
Data(x=[49, 1], edge_index=[2, 62], edge_attr=[62, 3], y=0.0, custom_label=0.0, min_label=0, max_label=6, instance_name='p26.txt');0.0;0.2349932938814163;5.498629320754844e-07;4.0150612790057494e-07;0.0;p26.txt;1.0;0.0;0.0
Data(x=[54, 1], edge_index=[2, 68], edge_attr=[68, 3], y=6.0, custom_label=1.0, min_label=0, max_label=6, instance_name='p26.txt');1.0;0.2349932938814163;0.000119605087093;4.0150612790057494e-07;6.0;p26.txt;1.0;0.0;0.0
Data(x=[54, 1], edge_index=[2, 68], edge_attr=[68, 3], y=5.0, custom_label=0.8333333, min_label=0, max_label=6, instance_name='p26.txt');0.8333333134651184;0.2349932938814163;0.000119605087093;4.0150612790057494e-07;5.0;p26.txt;1.0;0.0;0.0
Data(x=[54, 1], edge_index=[2, 68], edge_attr=[68, 3], y=4.0, custom_label=0.6666667, min_label=0, max_label=6, instance_name='p26.txt');0.6666666865348816;0.2349932938814163;0.000119605087093;4.0150612790057494e-07;4.0;p26.txt;1.0;0.0;0.0
Data(x=[54, 1], edge_index=[2, 68], edge_attr=[68, 3], y=3.0, custom_label=0.5, min_label=0, max_label=6, instance_name='p26.txt');0.5;0.2349932938814163;0.000289373769192;4.0150612790057494e-07;3.0;p26.txt;1.0;0.0;0.0
Data(x=[54, 1], edge_index=[2, 68], edge_attr=[68, 3], y=2.0, custom_label=0.33333334, min_label=0, max_label=6, instance_name='p26.txt');0.3333333432674408;0.2349932938814163;0.000119605087093;4.0150612790057494e-07;2.0;p26.txt;1.0;0.0;0.0
Data(x=[54, 1], edge_index=[2, 68], edge_attr=[68, 3], y=1.0, custom_label=0.16666667, min_label=0, max_label=6, instance_name='p26.txt');0.1666666716337204;0.2349932938814163;0.000119605087093;4.0150612790057494e-07;1.0;p26.txt;1.0;0.0;0.0
Data(x=[54, 1], edge_index=[2, 68], edge_attr=[68, 3], y=0.0, custom_label=0.0, min_label=0, max_label=6, instance_name='p26.txt');0.0;0.2349932938814163;6.171648010422359e-07;4.0150612790057494e-07;0.0;p26.txt;1.0;0.0;0.0
Data(x=[62, 1], edge_index=[2, 76], edge_attr=[76, 3], y=0.0, custom_label=0.0, min_label=0, max_label=6, instance_name='p26.txt');0.0;0.2349932938814163;2.0150821001152508e-05;0.0;0.0;p26.txt;1.0;0.0;0.0
Data(x=[52, 1], edge_index=[2, 64], edge_attr=[64, 3], y=0.0, custom_label=0.0, min_label=0, max_label=6, instance_name='p26.txt');0.0;0.2349932938814163;6.7422943175188266e-06;4.0150612790057494e-07;0.0;p26.txt;1.0;0.0;0.0
Data(x=[56, 1], edge_index=[2, 72], edge_attr=[72, 3], y=0.0, custom_label=0.0, min_label=0, max_label=6, instance_name='p26.txt');0.0;0.2349932938814163;1.581626563051941e-08;4.0150612790057494e-07;0.0;p26.txt;1.0;0.0;0.0
Data(x=[54, 1], edge_index=[2, 66], edge_attr=[66, 3], y=2.0, custom_label=0.33333334, min_label=0, max_label=6, instance_name='p26.txt');0.3333333432674408;0.2349932938814163;0.0139561304822564;0.0;2.0;p26.txt;1.0;0.0;0.0
Data(x=[53, 1], edge_index=[2, 64], edge_attr=[64, 3], y=1.0, custom_label=0.16666667, min_label=0, max_label=6, instance_name='p26.txt');0.1666666716337204;0.2349932938814163;0.0371938645839691;0.0;1.0;p26.txt;1.0;0.0;0.0
Data(x=[54, 1], edge_index=[2, 66], edge_attr=[66, 3], y=0.0, custom_label=0.0, min_label=0, max_label=6, instance_name='p26.txt');0.0;0.2349932938814163;1.7515767467557453e-06;4.0150612790057494e-07;0.0;p26.txt;1.0;0.0;0.0
Data(x=[47, 1], edge_index=[2, 60], edge_attr=[60, 3], y=0.0, custom_label=0.0, min_label=0, max_label=6, instance_name='p26.txt');0.0;0.2349932938814163;2.4931411601869516e-08;4.0150612790057494e-07;0.0;p26.txt;1.0;0.0;0.0
Data(x=[58, 1], edge_index=[2, 72], edge_attr=[72, 3], y=0.0, custom_label=0.0, min_label=0, max_label=6, instance_name='p26.txt');0.0;0.2349932938814163;2.804775022013928e-06;0.0;0.0;p26.txt;1.0;0.0;0.0
Data(x=[49, 1], edge_index=[2, 64], edge_attr=[64, 3], y=0.0, custom_label=0.0, min_label=0, max_label=6, instance_name='p26.txt');0.0;0.2349932938814163;1.4019003913290362e-07;0.0;0.0;p26.txt;1.0;0.0;0.0
Data(x=[64, 1], edge_index=[2, 78], edge_attr=[78, 3], y=6.0, custom_label=1.0, min_label=0, max_label=6, instance_name='p26.txt');1.0;0.2349932938814163;0.0022240406833589;0.0;6.0;p26.txt;1.0;0.0;0.0
Data(x=[64, 1], edge_index=[2, 78], edge_attr=[78, 3], y=5.0, custom_label=0.8333333, min_label=0, max_label=6, instance_name='p26.txt');0.8333333134651184;0.2349932938814163;0.0022240406833589;0.0;5.0;p26.txt;1.0;0.0;0.0
Data(x=[64, 1], edge_index=[2, 78], edge_attr=[78, 3], y=4.0, custom_label=0.6666667, min_label=0, max_label=6, instance_name='p26.txt');0.6666666865348816;0.2349932938814163;0.0005342572694644;0.0;4.0;p26.txt;1.0;0.0;0.0
Data(x=[64, 1], edge_index=[2, 78], edge_attr=[78, 3], y=3.0, custom_label=0.5, min_label=0, max_label=6, instance_name='p26.txt');0.5;0.2349932938814163;0.0022240395192056;0.0;3.0;p26.txt;1.0;0.0;0.0
Data(x=[64, 1], edge_index=[2, 78], edge_attr=[78, 3], y=2.0, custom_label=0.33333334, min_label=0, max_label=6, instance_name='p26.txt');0.3333333432674408;0.2349932938814163;0.001876238384284;0.0;2.0;p26.txt;1.0;0.0;0.0
Data(x=[64, 1], edge_index=[2, 78], edge_attr=[78, 3], y=1.0, custom_label=0.16666667, min_label=0, max_label=6, instance_name='p26.txt');0.1666666716337204;0.2349932938814163;0.0022240395192056;0.0;1.0;p26.txt;1.0;0.0;0.0
Data(x=[65, 1], edge_index=[2, 80], edge_attr=[80, 3], y=0.0, custom_label=0.0, min_label=0, max_label=6, instance_name='p26.txt');0.0;0.2349932938814163;1.0900902225330356e-06;0.0;0.0;p26.txt;1.0;0.0;0.0
Data(x=[62, 1], edge_index=[2, 78], edge_attr=[78, 3], y=0.0, custom_label=0.0, min_label=0, max_label=6, instance_name='p26.txt');0.0;0.2349932938814163;8.123532779791276e-07;0.0;0.0;p26.txt;1.0;0.0;0.0
Data(x=[55, 1], edge_index=[2, 68], edge_attr=[68, 3], y=0.0, custom_label=0.0, min_label=0, max_label=6, instance_name='p26.txt');0.0;0.2349932938814163;2.0318639144534245e-06;0.0;0.0;p26.txt;1.0;0.0;0.0
Data(x=[65, 1], edge_index=[2, 80], edge_attr=[80, 3], y=0.0, custom_label=0.0, min_label=0, max_label=6, instance_name='p26.txt');0.0;0.2349932938814163;6.995020157773979e-06;4.0150612790057494e-07;0.0;p26.txt;1.0;0.0;0.0
Data(x=[59, 1], edge_index=[2, 72], edge_attr=[72, 3], y=0.0, custom_label=0.0, min_label=0, max_label=6, instance_name='p26.txt');0.0;0.2349932938814163;1.6511996363988146e-05;0.0;0.0;p26.txt;1.0;0.0;0.0
Data(x=[54, 1], edge_index=[2, 68], edge_attr=[68, 3], y=0.0, custom_label=0.0, min_label=0, max_label=6, instance_name='p26.txt');0.0;0.2349932938814163;1.3002796777072945e-06;4.0150612790057494e-07;0.0;p26.txt;1.0;0.0;0.0
Data(x=[51, 1], edge_index=[2, 64], edge_attr=[64, 3], y=0.0, custom_label=0.0, min_label=0, max_label=6, instance_name='p26.txt');0.0;0.2349932938814163;7.095194973771868e-07;4.0150612790057494e-07;0.0;p26.txt;1.0;0.0;0.0
Data(x=[56, 1], edge_index=[2, 70], edge_attr=[70, 3], y=0.0, custom_label=0.0, min_label=0, max_label=6, instance_name='p26.txt');0.0;0.2349932938814163;8.219617484428454e-06;0.0;0.0;p26.txt;1.0;0.0;0.0
Data(x=[58, 1], edge_index=[2, 72], edge_attr=[72, 3], y=0.0, custom_label=0.0, min_label=0, max_label=6, instance_name='p26.txt');0.0;0.2349932938814163;1.1302220627840144e-05;4.0150612790057494e-07;0.0;p26.txt;1.0;0.0;0.0
Data(x=[46, 1], edge_index=[2, 60], edge_attr=[60, 3], y=0.0, custom_label=0.0, min_label=0, max_label=6, instance_name='p26.txt');0.0;0.2349932938814163;1.3392352116170514e-08;4.0150612790057494e-07;0.0;p26.txt;1.0;0.0;0.0
Data(x=[39, 1], edge_index=[2, 52], edge_attr=[52, 3], y=0.0, custom_label=0.0, min_label=0, max_label=6, instance_name='p26.txt');0.0;0.2349932938814163;2.098623355095697e-07;0.0;0.0;p26.txt;1.0;0.0;0.0
Data(x=[48, 1], edge_index=[2, 62], edge_attr=[62, 3], y=0.0, custom_label=0.0, min_label=0, max_label=6, instance_name='p26.txt');0.0;0.2349932938814163;3.248610482842196e-07;4.0150612790057494e-07;0.0;p26.txt;1.0;0.0;0.0
Data(x=[59, 1], edge_index=[2, 72], edge_attr=[72, 3], y=3.0, custom_label=0.5, min_label=0, max_label=6, instance_name='p26.txt');0.5;0.2349932938814163;0.0134917125105857;0.0;3.0;p26.txt;1.0;0.0;0.0
Data(x=[59, 1], edge_index=[2, 72], edge_attr=[72, 3], y=2.0, custom_label=0.33333334, min_label=0, max_label=6, instance_name='p26.txt');0.3333333432674408;0.2349932938814163;0.0134917125105857;0.0;2.0;p26.txt;1.0;0.0;0.0
Data(x=[59, 1], edge_index=[2, 72], edge_attr=[72, 3], y=1.0, custom_label=0.16666667, min_label=0, max_label=6, instance_name='p26.txt');0.1666666716337204;0.2349932938814163;0.0134917125105857;0.0;1.0;p26.txt;1.0;0.0;0.0
Data(x=[60, 1], edge_index=[2, 74], edge_attr=[74, 3], y=0.0, custom_label=0.0, min_label=0, max_label=6, instance_name='p26.txt');0.0;0.2349932938814163;3.96928680856945e-06;0.0;0.0;p26.txt;1.0;0.0;0.0
Data(x=[57, 1], edge_index=[2, 72], edge_attr=[72, 3], y=0.0, custom_label=0.0, min_label=0, max_label=6, instance_name='p26.txt');0.0;0.2349932938814163;1.8459130615156027e-06;0.0;0.0;p26.txt;1.0;0.0;0.0
Data(x=[52, 1], edge_index=[2, 66], edge_attr=[66, 3], y=0.0, custom_label=0.0, min_label=0, max_label=6, instance_name='p26.txt');0.0;0.2349932938814163;8.475767572235782e-07;4.0150612790057494e-07;0.0;p26.txt;1.0;0.0;0.0
Data(x=[65, 1], edge_index=[2, 80], edge_attr=[80, 3], y=0.0, custom_label=0.0, min_label=0, max_label=6, instance_name='p26.txt');0.0;0.2349932938814163;1.7139803958343691e-06;0.0;0.0;p26.txt;1.0;0.0;0.0
Data(x=[67, 1], edge_index=[2, 82], edge_attr=[82, 3], y=0.0, custom_label=0.0, min_label=0, max_label=6, instance_name='p26.txt');0.0;0.2349932938814163;1.5305657825592789e-06;4.0150612790057494e-07;0.0;p26.txt;1.0;0.0;0.0
Data(x=[59, 1], edge_index=[2, 70], edge_attr=[70, 3], y=6.0, custom_label=1.0, min_label=0, max_label=6, instance_name='p26.txt');1.0;0.2349932938814163;0.0406085066497325;4.0150612790057494e-07;6.0;p26.txt;1.0;0.0;0.0
Data(x=[59, 1], edge_index=[2, 70], edge_attr=[70, 3], y=5.0, custom_label=0.8333333, min_label=0, max_label=6, instance_name='p26.txt');0.8333333134651184;0.2349932938814163;0.0406085215508937;4.0150612790057494e-07;5.0;p26.txt;1.0;0.0;0.0
Data(x=[59, 1], edge_index=[2, 70], edge_attr=[70, 3], y=4.0, custom_label=0.6666667, min_label=0, max_label=6, instance_name='p26.txt');0.6666666865348816;0.2349932938814163;0.0406085066497325;4.0150612790057494e-07;4.0;p26.txt;1.0;0.0;0.0
Data(x=[59, 1], edge_index=[2, 70], edge_attr=[70, 3], y=3.0, custom_label=0.5, min_label=0, max_label=6, instance_name='p26.txt');0.5;0.2349932938814163;0.0406085215508937;4.0150612790057494e-07;3.0;p26.txt;1.0;0.0;0.0
Data(x=[59, 1], edge_index=[2, 70], edge_attr=[70, 3], y=2.0, custom_label=0.33333334, min_label=0, max_label=6, instance_name='p26.txt');0.3333333432674408;0.2349932938814163;0.0406085215508937;4.0150612790057494e-07;2.0;p26.txt;1.0;0.0;0.0
Data(x=[59, 1], edge_index=[2, 70], edge_attr=[70, 3], y=1.0, custom_label=0.16666667, min_label=0, max_label=6, instance_name='p26.txt');0.1666666716337204;0.2349932938814163;0.0406085215508937;4.0150612790057494e-07;1.0;p26.txt;1.0;0.0;0.0
Data(x=[60, 1], edge_index=[2, 72], edge_attr=[72, 3], y=0.0, custom_label=0.0, min_label=0, max_label=6, instance_name='p26.txt');0.0;0.2349932938814163;2.3823335141059943e-05;4.0150612790057494e-07;0.0;p26.txt;1.0;0.0;0.0
Data(x=[66, 1], edge_index=[2, 88], edge_attr=[88, 3], y=0.0, custom_label=0.0, min_label=0, max_label=13, instance_name='p27.txt');0.0;0.2349932938814163;1.2387779690925527e-10;0.0;0.0;p27.txt;3.0;0.0;0.0
Data(x=[64, 1], edge_index=[2, 84], edge_attr=[84, 3], y=0.0, custom_label=0.0, min_label=0, max_label=13, instance_name='p27.txt');0.0;0.2349932938814163;2.4947537369257592e-08;0.0;0.0;p27.txt;3.0;0.0;0.0
Data(x=[66, 1], edge_index=[2, 86], edge_attr=[86, 3], y=0.0, custom_label=0.0, min_label=0, max_label=13, instance_name='p27.txt');0.0;0.2349932938814163;3.9350897651502243e-08;0.0;0.0;p27.txt;3.0;0.0;0.0
Data(x=[56, 1], edge_index=[2, 76], edge_attr=[76, 3], y=0.0, custom_label=0.0, min_label=0, max_label=13, instance_name='p27.txt');0.0;0.2349932938814163;1.5229456806764574e-08;0.0;0.0;p27.txt;3.0;0.0;0.0
Data(x=[65, 1], edge_index=[2, 82], edge_attr=[82, 3], y=1.0, custom_label=0.07692308, min_label=0, max_label=13, instance_name='p27.txt');0.0769230797886848;0.2349932938814163;0.0001245757594006;4.0150612790057494e-07;1.0;p27.txt;3.0;0.0;0.0
Data(x=[65, 1], edge_index=[2, 82], edge_attr=[82, 3], y=0.0, custom_label=0.0, min_label=0, max_label=13, instance_name='p27.txt');0.0;0.2349932938814163;2.407687702543626e-07;4.0150612790057494e-07;0.0;p27.txt;3.0;0.0;0.0
Data(x=[57, 1], edge_index=[2, 76], edge_attr=[76, 3], y=0.0, custom_label=0.0, min_label=0, max_label=13, instance_name='p27.txt');0.0;0.2349932938814163;4.97208452188147e-09;0.0;0.0;p27.txt;3.0;0.0;0.0
Data(x=[64, 1], edge_index=[2, 84], edge_attr=[84, 3], y=0.0, custom_label=0.0, min_label=0, max_label=13, instance_name='p27.txt');0.0;0.2349932938814163;4.410646958774578e-09;0.0;0.0;p27.txt;3.0;0.0;0.0
Data(x=[62, 1], edge_index=[2, 82], edge_attr=[82, 3], y=0.0, custom_label=0.0, min_label=0, max_label=13, instance_name='p27.txt');0.0;0.2349932938814163;1.835118013104875e-08;0.0;0.0;p27.txt;3.0;0.0;0.0
Data(x=[61, 1], edge_index=[2, 82], edge_attr=[82, 3], y=4.0, custom_label=0.30769232, min_label=0, max_label=13, instance_name='p27.txt');0.3076923191547394;0.2349932938814163;1.6627589616291519e-07;0.0;4.0;p27.txt;3.0;0.0;0.0
Data(x=[60, 1], edge_index=[2, 80], edge_attr=[80, 3], y=3.0, custom_label=0.23076923, min_label=0, max_label=13, instance_name='p27.txt');0.2307692319154739;0.2349932938814163;8.754947202760377e-07;0.0;3.0;p27.txt;3.0;0.0;0.0
Data(x=[60, 1], edge_index=[2, 80], edge_attr=[80, 3], y=2.0, custom_label=0.15384616, min_label=0, max_label=13, instance_name='p27.txt');0.1538461595773697;0.2349932938814163;6.454669687627757e-07;0.0;2.0;p27.txt;3.0;0.0;0.0
Data(x=[60, 1], edge_index=[2, 80], edge_attr=[80, 3], y=1.0, custom_label=0.07692308, min_label=0, max_label=13, instance_name='p27.txt');0.0769230797886848;0.2349932938814163;6.454657750509796e-07;0.0;1.0;p27.txt;3.0;0.0;0.0
Data(x=[60, 1], edge_index=[2, 80], edge_attr=[80, 3], y=0.0, custom_label=0.0, min_label=0, max_label=13, instance_name='p27.txt');0.0;0.2349932938814163;5.608719710892274e-09;0.0;0.0;p27.txt;3.0;0.0;0.0
Data(x=[63, 1], edge_index=[2, 82], edge_attr=[82, 3], y=0.0, custom_label=0.0, min_label=0, max_label=13, instance_name='p27.txt');0.0;0.2349932938814163;1.523050308094298e-08;0.0;0.0;p27.txt;3.0;0.0;0.0
Data(x=[61, 1], edge_index=[2, 80], edge_attr=[80, 3], y=0.0, custom_label=0.0, min_label=0, max_label=13, instance_name='p27.txt');0.0;0.2349932938814163;1.4817480575857191e-08;4.0150612790057494e-07;0.0;p27.txt;3.0;0.0;0.0
Data(x=[60, 1], edge_index=[2, 78], edge_attr=[78, 3], y=0.0, custom_label=0.0, min_label=0, max_label=13, instance_name='p27.txt');0.0;0.2349932938814163;8.74927863492303e-09;0.0;0.0;p27.txt;3.0;0.0;0.0
Data(x=[59, 1], edge_index=[2, 78], edge_attr=[78, 3], y=1.0, custom_label=0.07692308, min_label=0, max_label=13, instance_name='p27.txt');0.0769230797886848;0.2349932938814163;5.213518306845799e-06;0.0;1.0;p27.txt;3.0;0.0;0.0
Data(x=[60, 1], edge_index=[2, 80], edge_attr=[80, 3], y=0.0, custom_label=0.0, min_label=0, max_label=13, instance_name='p27.txt');0.0;0.2349932938814163;3.0968250186447216e-10;0.0;0.0;p27.txt;3.0;0.0;0.0
Data(x=[63, 1], edge_index=[2, 80], edge_attr=[80, 3], y=0.0, custom_label=0.0, min_label=0, max_label=13, instance_name='p27.txt');0.0;0.2349932938814163;3.7131680841184795e-08;4.0150612790057494e-07;0.0;p27.txt;3.0;0.0;0.0
Data(x=[57, 1], edge_index=[2, 78], edge_attr=[78, 3], y=0.0, custom_label=0.0, min_label=0, max_label=13, instance_name='p27.txt');0.0;0.2349932938814163;4.4377662655747935e-10;0.0;0.0;p27.txt;3.0;0.0;0.0
Data(x=[56, 1], edge_index=[2, 72], edge_attr=[72, 3], y=13.0, custom_label=1.0, min_label=0, max_label=13, instance_name='p27.txt');1.0;0.2349932938814163;0.2801861464977264;4.0150612790057494e-07;13.0;p27.txt;3.0;4.0;0.0
Data(x=[56, 1], edge_index=[2, 72], edge_attr=[72, 3], y=12.0, custom_label=0.9230769, min_label=0, max_label=13, instance_name='p27.txt');0.9230769276618958;0.2349932938814163;0.2801861464977264;4.0150612790057494e-07;12.0;p27.txt;3.0;4.0;0.0
Data(x=[56, 1], edge_index=[2, 72], edge_attr=[72, 3], y=11.0, custom_label=0.84615386, min_label=0, max_label=13, instance_name='p27.txt');0.8461538553237915;0.2349932938814163;0.2801861464977264;4.0150612790057494e-07;11.0;p27.txt;3.0;4.0;0.0
Data(x=[56, 1], edge_index=[2, 72], edge_attr=[72, 3], y=10.0, custom_label=0.7692308, min_label=0, max_label=13, instance_name='p27.txt');0.7692307829856873;0.2349932938814163;0.2499557882547378;4.0150612790057494e-07;10.0;p27.txt;3.0;3.0;0.0
Data(x=[57, 1], edge_index=[2, 74], edge_attr=[74, 3], y=9.0, custom_label=0.6923077, min_label=0, max_label=13, instance_name='p27.txt');0.692307710647583;0.2349932938814163;0.1084223613142967;4.0150612790057494e-07;9.0;p27.txt;3.0;1.0;0.0
Data(x=[57, 1], edge_index=[2, 74], edge_attr=[74, 3], y=8.0, custom_label=0.61538464, min_label=0, max_label=13, instance_name='p27.txt');0.6153846383094788;0.2349932938814163;0.1153026446700096;4.0150612790057494e-07;8.0;p27.txt;3.0;1.0;0.0
Data(x=[57, 1], edge_index=[2, 74], edge_attr=[74, 3], y=7.0, custom_label=0.53846157, min_label=0, max_label=13, instance_name='p27.txt');0.5384615659713745;0.2349932938814163;0.1151232570409774;4.0150612790057494e-07;7.0;p27.txt;3.0;1.0;0.0
Data(x=[58, 1], edge_index=[2, 76], edge_attr=[76, 3], y=6.0, custom_label=0.46153846, min_label=0, max_label=13, instance_name='p27.txt');0.4615384638309479;0.2349932938814163;0.001234361086972;4.0150612790057494e-07;6.0;p27.txt;3.0;0.0;0.0
Data(x=[58, 1], edge_index=[2, 76], edge_attr=[76, 3], y=5.0, custom_label=0.3846154, min_label=0, max_label=13, instance_name='p27.txt');0.3846153914928436;0.2349932938814163;0.0044515063054859;4.0150612790057494e-07;5.0;p27.txt;3.0;0.0;0.0
Data(x=[58, 1], edge_index=[2, 76], edge_attr=[76, 3], y=4.0, custom_label=0.30769232, min_label=0, max_label=13, instance_name='p27.txt');0.3076923191547394;0.2349932938814163;0.001234361086972;4.0150612790057494e-07;4.0;p27.txt;3.0;0.0;0.0
Data(x=[59, 1], edge_index=[2, 78], edge_attr=[78, 3], y=3.0, custom_label=0.23076923, min_label=0, max_label=13, instance_name='p27.txt');0.2307692319154739;0.2349932938814163;2.7495869403537654e-07;4.0150612790057494e-07;3.0;p27.txt;3.0;0.0;0.0
Data(x=[58, 1], edge_index=[2, 76], edge_attr=[76, 3], y=2.0, custom_label=0.15384616, min_label=0, max_label=13, instance_name='p27.txt');0.1538461595773697;0.2349932938814163;1.5464453326785588e-06;4.0150612790057494e-07;2.0;p27.txt;3.0;0.0;0.0
Data(x=[58, 1], edge_index=[2, 76], edge_attr=[76, 3], y=1.0, custom_label=0.07692308, min_label=0, max_label=13, instance_name='p27.txt');0.0769230797886848;0.2349932938814163;1.12821157927101e-06;4.0150612790057494e-07;1.0;p27.txt;3.0;0.0;0.0
Data(x=[59, 1], edge_index=[2, 78], edge_attr=[78, 3], y=0.0, custom_label=0.0, min_label=0, max_label=13, instance_name='p27.txt');0.0;0.2349932938814163;2.7976948535624047e-10;4.0150612790057494e-07;0.0;p27.txt;3.0;0.0;0.0
Data(x=[51, 1], edge_index=[2, 70], edge_attr=[70, 3], y=0.0, custom_label=0.0, min_label=0, max_label=13, instance_name='p27.txt');0.0;0.2349932938814163;1.8533645104734653e-11;4.0150612790057494e-07;0.0;p27.txt;3.0;0.0;0.0
Data(x=[66, 1], edge_index=[2, 84], edge_attr=[84, 3], y=3.0, custom_label=0.23076923, min_label=0, max_label=13, instance_name='p27.txt');0.2307692319154739;0.2349932938814163;0.000112432266178;0.0;3.0;p27.txt;3.0;0.0;0.0
Data(x=[66, 1], edge_index=[2, 84], edge_attr=[84, 3], y=2.0, custom_label=0.15384616, min_label=0, max_label=13, instance_name='p27.txt');0.1538461595773697;0.2349932938814163;9.500979649601504e-05;0.0;2.0;p27.txt;3.0;0.0;0.0
Data(x=[66, 1], edge_index=[2, 84], edge_attr=[84, 3], y=1.0, custom_label=0.07692308, min_label=0, max_label=13, instance_name='p27.txt');0.0769230797886848;0.2349932938814163;0.000112432266178;0.0;1.0;p27.txt;3.0;0.0;0.0
Data(x=[67, 1], edge_index=[2, 86], edge_attr=[86, 3], y=0.0, custom_label=0.0, min_label=0, max_label=13, instance_name='p27.txt');0.0;0.2349932938814163;7.039289329213716e-08;0.0;0.0;p27.txt;3.0;0.0;0.0
Data(x=[61, 1], edge_index=[2, 82], edge_attr=[82, 3], y=2.0, custom_label=0.15384616, min_label=0, max_label=13, instance_name='p27.txt');0.1538461595773697;0.2349932938814163;1.2190222378194449e-06;4.0150612790057494e-07;2.0;p27.txt;3.0;0.0;0.0
Data(x=[60, 1], edge_index=[2, 80], edge_attr=[80, 3], y=1.0, custom_label=0.07692308, min_label=0, max_label=13, instance_name='p27.txt');0.0769230797886848;0.2349932938814163;3.777322854148224e-05;4.0150612790057494e-07;1.0;p27.txt;3.0;0.0;0.0
Data(x=[61, 1], edge_index=[2, 82], edge_attr=[82, 3], y=0.0, custom_label=0.0, min_label=0, max_label=13, instance_name='p27.txt');0.0;0.2349932938814163;2.5086905885984834e-09;4.0150612790057494e-07;0.0;p27.txt;3.0;0.0;0.0
Data(x=[62, 1], edge_index=[2, 80], edge_attr=[80, 3], y=0.0, custom_label=0.0, min_label=0, max_label=13, instance_name='p27.txt');0.0;0.2349932938814163;1.0471739386730405e-07;4.0150612790057494e-07;0.0;p27.txt;3.0;0.0;0.0
Data(x=[65, 1], edge_index=[2, 84], edge_attr=[84, 3], y=0.0, custom_label=0.0, min_label=0, max_label=13, instance_name='p27.txt');0.0;0.2349932938814163;7.033139404200028e-09;0.0;0.0;p27.txt;3.0;0.0;0.0
Data(x=[61, 1], edge_index=[2, 78], edge_attr=[78, 3], y=0.0, custom_label=0.0, min_label=0, max_label=13, instance_name='p27.txt');0.0;0.2349932938814163;2.293961287591628e-08;4.0150612790057494e-07;0.0;p27.txt;3.0;0.0;0.0
Data(x=[69, 1], edge_index=[2, 90], edge_attr=[90, 3], y=0.0, custom_label=0.0, min_label=0, max_label=13, instance_name='p27.txt');0.0;0.2349932938814163;7.175580662988068e-08;0.0;0.0;p27.txt;3.0;0.0;0.0
Data(x=[52, 1], edge_index=[2, 70], edge_attr=[70, 3], y=0.0, custom_label=0.0, min_label=0, max_label=13, instance_name='p27.txt');0.0;0.2349932938814163;2.6948671072446473e-10;0.0;0.0;p27.txt;3.0;0.0;0.0
Data(x=[70, 1], edge_index=[2, 88], edge_attr=[88, 3], y=2.0, custom_label=0.15384616, min_label=0, max_label=13, instance_name='p27.txt');0.1538461595773697;0.2349932938814163;9.062721801456064e-06;0.0;2.0;p27.txt;3.0;0.0;0.0
Data(x=[69, 1], edge_index=[2, 86], edge_attr=[86, 3], y=1.0, custom_label=0.07692308, min_label=0, max_label=13, instance_name='p27.txt');0.0769230797886848;0.2349932938814163;0.000181294279173;0.0;1.0;p27.txt;3.0;0.0;0.0
Data(x=[70, 1], edge_index=[2, 88], edge_attr=[88, 3], y=0.0, custom_label=0.0, min_label=0, max_label=13, instance_name='p27.txt');0.0;0.2349932938814163;1.5569534639325866e-07;0.0;0.0;p27.txt;3.0;0.0;0.0
Data(x=[70, 1], edge_index=[2, 90], edge_attr=[90, 3], y=0.0, custom_label=0.0, min_label=0, max_label=13, instance_name='p27.txt');0.0;0.2349932938814163;3.3860644066407986e-07;0.0;0.0;p27.txt;3.0;0.0;0.0
Data(x=[54, 1], edge_index=[2, 72], edge_attr=[72, 3], y=0.0, custom_label=0.0, min_label=0, max_label=13, instance_name='p27.txt');0.0;0.2349932938814163;1.4650768376256451e-09;0.0;0.0;p27.txt;3.0;0.0;0.0
Data(x=[61, 1], edge_index=[2, 80], edge_attr=[80, 3], y=3.0, custom_label=0.23076923, min_label=0, max_label=13, instance_name='p27.txt');0.2307692319154739;0.2349932938814163;1.1559951417439152e-05;4.0150612790057494e-07;3.0;p27.txt;3.0;0.0;0.0
Data(x=[60, 1], edge_index=[2, 78], edge_attr=[78, 3], y=2.0, custom_label=0.15384616, min_label=0, max_label=13, instance_name='p27.txt');0.1538461595773697;0.2349932938814163;1.0343930625822397e-05;4.0150612790057494e-07;2.0;p27.txt;3.0;0.0;0.0
Data(x=[60, 1], edge_index=[2, 78], edge_attr=[78, 3], y=1.0, custom_label=0.07692308, min_label=0, max_label=13, instance_name='p27.txt');0.0769230797886848;0.2349932938814163;4.851291669183411e-05;4.0150612790057494e-07;1.0;p27.txt;3.0;0.0;0.0
Data(x=[61, 1], edge_index=[2, 80], edge_attr=[80, 3], y=0.0, custom_label=0.0, min_label=0, max_label=13, instance_name='p27.txt');0.0;0.2349932938814163;1.4817480575857191e-08;4.0150612790057494e-07;0.0;p27.txt;3.0;0.0;0.0
Data(x=[62, 1], edge_index=[2, 82], edge_attr=[82, 3], y=0.0, custom_label=0.0, min_label=0, max_label=13, instance_name='p27.txt');0.0;0.2349932938814163;6.815014330641135e-08;0.0;0.0;p27.txt;3.0;0.0;0.0
Data(x=[64, 1], edge_index=[2, 84], edge_attr=[84, 3], y=0.0, custom_label=0.0, min_label=0, max_label=13, instance_name='p27.txt');0.0;0.2349932938814163;6.9825745185880805e-09;0.0;0.0;p27.txt;3.0;0.0;0.0
Data(x=[58, 1], edge_index=[2, 72], edge_attr=[72, 3], y=0.0, custom_label=0.0, min_label=0, max_label=12, instance_name='p28.txt');0.0;0.2349932938814163;1.1302230632281862e-05;0.0;0.0;p28.txt;3.0;0.0;0.0
Data(x=[67, 1], edge_index=[2, 82], edge_attr=[82, 3], y=0.0, custom_label=0.0, min_label=0, max_label=12, instance_name='p28.txt');0.0;0.2349932938814163;9.289632544096094e-06;4.0150612790057494e-07;0.0;p28.txt;3.0;0.0;0.0
Data(x=[55, 1], edge_index=[2, 70], edge_attr=[70, 3], y=0.0, custom_label=0.0, min_label=0, max_label=12, instance_name='p28.txt');0.0;0.2349932938814163;1.022802621264418e-06;0.0;0.0;p28.txt;3.0;0.0;0.0
Data(x=[56, 1], edge_index=[2, 70], edge_attr=[70, 3], y=0.0, custom_label=0.0, min_label=0, max_label=12, instance_name='p28.txt');0.0;0.2349932938814163;1.5942890740916482e-06;4.0150612790057494e-07;0.0;p28.txt;3.0;0.0;0.0
Data(x=[54, 1], edge_index=[2, 68], edge_attr=[68, 3], y=0.0, custom_label=0.0, min_label=0, max_label=12, instance_name='p28.txt');0.0;0.2349932938814163;5.838409379066434e-06;0.0;0.0;p28.txt;3.0;0.0;0.0
Data(x=[59, 1], edge_index=[2, 72], edge_attr=[72, 3], y=4.0, custom_label=0.33333334, min_label=0, max_label=12, instance_name='p28.txt');0.3333333432674408;0.2349932938814163;0.0134917125105857;0.0;4.0;p28.txt;3.0;0.0;0.0
Data(x=[59, 1], edge_index=[2, 72], edge_attr=[72, 3], y=3.0, custom_label=0.25, min_label=0, max_label=12, instance_name='p28.txt');0.25;0.2349932938814163;0.0134917125105857;0.0;3.0;p28.txt;3.0;0.0;0.0
Data(x=[59, 1], edge_index=[2, 72], edge_attr=[72, 3], y=2.0, custom_label=0.16666667, min_label=0, max_label=12, instance_name='p28.txt');0.1666666716337204;0.2349932938814163;0.0134917125105857;0.0;2.0;p28.txt;3.0;0.0;0.0
Data(x=[59, 1], edge_index=[2, 72], edge_attr=[72, 3], y=1.0, custom_label=0.083333336, min_label=0, max_label=12, instance_name='p28.txt');0.0833333358168602;0.2349932938814163;0.0134917125105857;0.0;1.0;p28.txt;3.0;0.0;0.0
Data(x=[60, 1], edge_index=[2, 74], edge_attr=[74, 3], y=0.0, custom_label=0.0, min_label=0, max_label=12, instance_name='p28.txt');0.0;0.2349932938814163;3.969290446548257e-06;0.0;0.0;p28.txt;3.0;0.0;0.0
Data(x=[62, 1], edge_index=[2, 74], edge_attr=[74, 3], y=0.0, custom_label=0.0, min_label=0, max_label=12, instance_name='p28.txt');0.0;0.2349932938814163;3.1115621823119e-05;4.0150612790057494e-07;0.0;p28.txt;3.0;0.0;0.0
Data(x=[64, 1], edge_index=[2, 78], edge_attr=[78, 3], y=0.0, custom_label=0.0, min_label=0, max_label=12, instance_name='p28.txt');0.0;0.2349932938814163;6.2919725678511895e-06;0.0;0.0;p28.txt;3.0;0.0;0.0
Data(x=[67, 1], edge_index=[2, 80], edge_attr=[80, 3], y=0.0, custom_label=0.0, min_label=0, max_label=12, instance_name='p28.txt');0.0;0.2349932938814163;1.3909530935052317e-05;4.0150612790057494e-07;0.0;p28.txt;3.0;0.0;0.0
Data(x=[66, 1], edge_index=[2, 80], edge_attr=[80, 3], y=0.0, custom_label=0.0, min_label=0, max_label=12, instance_name='p28.txt');0.0;0.2349932938814163;8.4189377957955e-06;0.0;0.0;p28.txt;3.0;0.0;0.0
Data(x=[63, 1], edge_index=[2, 78], edge_attr=[78, 3], y=0.0, custom_label=0.0, min_label=0, max_label=12, instance_name='p28.txt');0.0;0.2349932938814163;5.173163572180783e-06;0.0;0.0;p28.txt;3.0;0.0;0.0
Data(x=[64, 1], edge_index=[2, 76], edge_attr=[76, 3], y=2.0, custom_label=0.16666667, min_label=0, max_label=12, instance_name='p28.txt');0.1666666716337204;0.2349932938814163;0.0184904523193836;0.0;2.0;p28.txt;3.0;0.0;0.0
Data(x=[63, 1], edge_index=[2, 74], edge_attr=[74, 3], y=1.0, custom_label=0.083333336, min_label=0, max_label=12, instance_name='p28.txt');0.0833333358168602;0.2349932938814163;0.018567195162177;4.0150612790057494e-07;1.0;p28.txt;3.0;0.0;0.0
Data(x=[64, 1], edge_index=[2, 76], edge_attr=[76, 3], y=0.0, custom_label=0.0, min_label=0, max_label=12, instance_name='p28.txt');0.0;0.2349932938814163;3.996722443844192e-05;0.0;0.0;p28.txt;3.0;0.0;0.0
Data(x=[74, 1], edge_index=[2, 88], edge_attr=[88, 3], y=0.0, custom_label=0.0, min_label=0, max_label=12, instance_name='p28.txt');0.0;0.2349932938814163;7.767359420540743e-06;4.0150612790057494e-07;0.0;p28.txt;3.0;0.0;0.0
Data(x=[70, 1], edge_index=[2, 84], edge_attr=[84, 3], y=0.0, custom_label=0.0, min_label=0, max_label=12, instance_name='p28.txt');0.0;0.2349932938814163;5.282094934955239e-05;4.0150612790057494e-07;0.0;p28.txt;3.0;0.0;0.0
Data(x=[51, 1], edge_index=[2, 64], edge_attr=[64, 3], y=0.0, custom_label=0.0, min_label=0, max_label=12, instance_name='p28.txt');0.0;0.2349932938814163;8.789405683273799e-07;0.0;0.0;p28.txt;3.0;0.0;0.0
Data(x=[67, 1], edge_index=[2, 82], edge_attr=[82, 3], y=0.0, custom_label=0.0, min_label=0, max_label=12, instance_name='p28.txt');0.0;0.2349932938814163;5.103346666146536e-06;4.0150612790057494e-07;0.0;p28.txt;3.0;0.0;0.0
Data(x=[65, 1], edge_index=[2, 80], edge_attr=[80, 3], y=0.0, custom_label=0.0, min_label=0, max_label=12, instance_name='p28.txt');0.0;0.2349932938814163;5.924341166974045e-06;0.0;0.0;p28.txt;3.0;0.0;0.0
Data(x=[56, 1], edge_index=[2, 72], edge_attr=[72, 3], y=0.0, custom_label=0.0, min_label=0, max_label=12, instance_name='p28.txt');0.0;0.2349932938814163;1.3769042084277316e-07;4.0150612790057494e-07;0.0;p28.txt;3.0;0.0;0.0
Data(x=[55, 1], edge_index=[2, 68], edge_attr=[68, 3], y=0.0, custom_label=0.0, min_label=0, max_label=12, instance_name='p28.txt');0.0;0.2349932938814163;8.85330155142583e-06;4.0150612790057494e-07;0.0;p28.txt;3.0;0.0;0.0
Data(x=[66, 1], edge_index=[2, 80], edge_attr=[80, 3], y=0.0, custom_label=0.0, min_label=0, max_label=12, instance_name='p28.txt');0.0;0.2349932938814163;3.356403249199502e-05;0.0;0.0;p28.txt;3.0;0.0;0.0
Data(x=[54, 1], edge_index=[2, 70], edge_attr=[70, 3], y=0.0, custom_label=0.0, min_label=0, max_label=12, instance_name='p28.txt');0.0;0.2349932938814163;7.925398222141666e-07;0.0;0.0;p28.txt;3.0;0.0;0.0
Data(x=[65, 1], edge_index=[2, 80], edge_attr=[80, 3], y=12.0, custom_label=1.0, min_label=0, max_label=12, instance_name='p28.txt');1.0;0.2349932938814163;0.0111111672595143;4.0150612790057494e-07;12.0;p28.txt;3.0;0.0;0.0
Data(x=[65, 1], edge_index=[2, 80], edge_attr=[80, 3], y=11.0, custom_label=0.9166667, min_label=0, max_label=12, instance_name='p28.txt');0.9166666865348816;0.2349932938814163;0.0111111672595143;4.0150612790057494e-07;11.0;p28.txt;3.0;0.0;0.0
Data(x=[65, 1], edge_index=[2, 80], edge_attr=[80, 3], y=10.0, custom_label=0.8333333, min_label=0, max_label=12, instance_name='p28.txt');0.8333333134651184;0.2349932938814163;0.0111111616715788;4.0150612790057494e-07;10.0;p28.txt;3.0;0.0;0.0
Data(x=[65, 1], edge_index=[2, 80], edge_attr=[80, 3], y=9.0, custom_label=0.75, min_label=0, max_label=12, instance_name='p28.txt');0.75;0.2349932938814163;0.0095077138394117;4.0150612790057494e-07;9.0;p28.txt;3.0;0.0;0.0
Data(x=[65, 1], edge_index=[2, 80], edge_attr=[80, 3], y=8.0, custom_label=0.6666667, min_label=0, max_label=12, instance_name='p28.txt');0.6666666865348816;0.2349932938814163;0.0111111793667078;4.0150612790057494e-07;8.0;p28.txt;3.0;0.0;0.0
Data(x=[65, 1], edge_index=[2, 80], edge_attr=[80, 3], y=7.0, custom_label=0.5833333, min_label=0, max_label=12, instance_name='p28.txt');0.5833333134651184;0.2349932938814163;0.0111111793667078;4.0150612790057494e-07;7.0;p28.txt;3.0;0.0;0.0
Data(x=[64, 1], edge_index=[2, 78], edge_attr=[78, 3], y=6.0, custom_label=0.5, min_label=0, max_label=12, instance_name='p28.txt');0.5;0.2349932938814163;0.0318899564445018;4.0150612790057494e-07;6.0;p28.txt;3.0;0.0;0.0
Data(x=[64, 1], edge_index=[2, 78], edge_attr=[78, 3], y=5.0, custom_label=0.41666666, min_label=0, max_label=12, instance_name='p28.txt');0.4166666567325592;0.2349932938814163;0.0318899564445018;4.0150612790057494e-07;5.0;p28.txt;3.0;0.0;0.0
Data(x=[64, 1], edge_index=[2, 78], edge_attr=[78, 3], y=4.0, custom_label=0.33333334, min_label=0, max_label=12, instance_name='p28.txt');0.3333333432674408;0.2349932938814163;0.0318899489939212;4.0150612790057494e-07;4.0;p28.txt;3.0;0.0;0.0
Data(x=[64, 1], edge_index=[2, 78], edge_attr=[78, 3], y=3.0, custom_label=0.25, min_label=0, max_label=12, instance_name='p28.txt');0.25;0.2349932938814163;0.0318899638950824;4.0150612790057494e-07;3.0;p28.txt;3.0;0.0;0.0
Data(x=[64, 1], edge_index=[2, 78], edge_attr=[78, 3], y=2.0, custom_label=0.16666667, min_label=0, max_label=12, instance_name='p28.txt');0.1666666716337204;0.2349932938814163;0.0111289219930768;4.0150612790057494e-07;2.0;p28.txt;3.0;0.0;0.0
Data(x=[64, 1], edge_index=[2, 78], edge_attr=[78, 3], y=1.0, custom_label=0.083333336, min_label=0, max_label=12, instance_name='p28.txt');0.0833333358168602;0.2349932938814163;0.0318899564445018;4.0150612790057494e-07;1.0;p28.txt;3.0;0.0;0.0
Data(x=[65, 1], edge_index=[2, 80], edge_attr=[80, 3], y=0.0, custom_label=0.0, min_label=0, max_label=12, instance_name='p28.txt');0.0;0.2349932938814163;2.414349000900984e-05;4.0150612790057494e-07;0.0;p28.txt;3.0;0.0;0.0
Data(x=[73, 1], edge_index=[2, 88], edge_attr=[88, 3], y=0.0, custom_label=0.0, min_label=0, max_label=12, instance_name='p28.txt');0.0;0.2349932938814163;1.078763943951344e-06;4.0150612790057494e-07;0.0;p28.txt;3.0;0.0;0.0
Data(x=[68, 1], edge_index=[2, 84], edge_attr=[84, 3], y=0.0, custom_label=0.0, min_label=0, max_label=12, instance_name='p28.txt');0.0;0.2349932938814163;2.8477694286266345e-05;0.0;0.0;p28.txt;3.0;0.0;0.0
Data(x=[61, 1], edge_index=[2, 74], edge_attr=[74, 3], y=0.0, custom_label=0.0, min_label=0, max_label=12, instance_name='p28.txt');0.0;0.2349932938814163;2.187993959523737e-05;4.0150612790057494e-07;0.0;p28.txt;3.0;0.0;0.0
Data(x=[59, 1], edge_index=[2, 74], edge_attr=[74, 3], y=0.0, custom_label=0.0, min_label=0, max_label=12, instance_name='p28.txt');0.0;0.2349932938814163;2.660971176737803e-06;4.0150612790057494e-07;0.0;p28.txt;3.0;0.0;0.0
Data(x=[70, 1], edge_index=[2, 84], edge_attr=[84, 3], y=0.0, custom_label=0.0, min_label=0, max_label=12, instance_name='p28.txt');0.0;0.2349932938814163;5.282094934955239e-05;4.0150612790057494e-07;0.0;p28.txt;3.0;0.0;0.0
Data(x=[62, 1], edge_index=[2, 76], edge_attr=[76, 3], y=0.0, custom_label=0.0, min_label=0, max_label=12, instance_name='p28.txt');0.0;0.2349932938814163;5.492840500664897e-06;4.0150612790057494e-07;0.0;p28.txt;3.0;0.0;0.0
Data(x=[61, 1], edge_index=[2, 74], edge_attr=[74, 3], y=0.0, custom_label=0.0, min_label=0, max_label=12, instance_name='p28.txt');0.0;0.2349932938814163;2.187991776736453e-05;4.0150612790057494e-07;0.0;p28.txt;3.0;0.0;0.0
Data(x=[54, 1], edge_index=[2, 68], edge_attr=[68, 3], y=0.0, custom_label=0.0, min_label=0, max_label=12, instance_name='p28.txt');0.0;0.2349932938814163;2.3831709938804127e-07;4.0150612790057494e-07;0.0;p28.txt;3.0;0.0;0.0
Data(x=[74, 1], edge_index=[2, 88], edge_attr=[88, 3], y=0.0, custom_label=0.0, min_label=0, max_label=12, instance_name='p28.txt');0.0;0.2349932938814163;2.6677562345867045e-05;4.0150612790057494e-07;0.0;p28.txt;3.0;0.0;0.0
Data(x=[63, 1], edge_index=[2, 78], edge_attr=[78, 3], y=0.0, custom_label=0.0, min_label=0, max_label=12, instance_name='p28.txt');0.0;0.2349932938814163;5.173163572180783e-06;0.0;0.0;p28.txt;3.0;0.0;0.0
Data(x=[63, 1], edge_index=[2, 78], edge_attr=[78, 3], y=0.0, custom_label=0.0, min_label=0, max_label=12, instance_name='p28.txt');0.0;0.2349932938814163;1.8606868252391e-05;0.0;0.0;p28.txt;3.0;0.0;0.0
Data(x=[76, 1], edge_index=[2, 90], edge_attr=[90, 3], y=0.0, custom_label=0.0, min_label=0, max_label=12, instance_name='p28.txt');0.0;0.2349932938814163;9.535170102026314e-05;0.0;0.0;p28.txt;3.0;0.0;0.0
Data(x=[63, 1], edge_index=[2, 76], edge_attr=[76, 3], y=0.0, custom_label=0.0, min_label=0, max_label=12, instance_name='p28.txt');0.0;0.2349932938814163;4.202833679300966e-06;4.0150612790057494e-07;0.0;p28.txt;3.0;0.0;0.0
Data(x=[59, 1], edge_index=[2, 74], edge_attr=[74, 3], y=0.0, custom_label=0.0, min_label=0, max_label=12, instance_name='p28.txt');0.0;0.2349932938814163;3.430352535360726e-07;4.0150612790057494e-07;0.0;p28.txt;3.0;0.0;0.0
Data(x=[70, 1], edge_index=[2, 84], edge_attr=[84, 3], y=7.0, custom_label=0.5833333, min_label=0, max_label=12, instance_name='p28.txt');0.5833333134651184;0.2349932938814163;0.0030572656542062;4.0150612790057494e-07;7.0;p28.txt;3.0;0.0;0.0
Data(x=[69, 1], edge_index=[2, 82], edge_attr=[82, 3], y=6.0, custom_label=0.5, min_label=0, max_label=12, instance_name='p28.txt');0.5;0.2349932938814163;0.0154555337503552;4.0150612790057494e-07;6.0;p28.txt;3.0;0.0;0.0
Data(x=[69, 1], edge_index=[2, 82], edge_attr=[82, 3], y=5.0, custom_label=0.41666666, min_label=0, max_label=12, instance_name='p28.txt');0.4166666567325592;0.2349932938814163;0.0382834710180759;4.0150612790057494e-07;5.0;p28.txt;3.0;0.0;0.0
Data(x=[69, 1], edge_index=[2, 82], edge_attr=[82, 3], y=4.0, custom_label=0.33333334, min_label=0, max_label=12, instance_name='p28.txt');0.3333333432674408;0.2349932938814163;0.0382834821939468;4.0150612790057494e-07;4.0;p28.txt;3.0;0.0;0.0
Data(x=[69, 1], edge_index=[2, 82], edge_attr=[82, 3], y=3.0, custom_label=0.25, min_label=0, max_label=12, instance_name='p28.txt');0.25;0.2349932938814163;0.0154555337503552;4.0150612790057494e-07;3.0;p28.txt;3.0;0.0;0.0
Data(x=[69, 1], edge_index=[2, 82], edge_attr=[82, 3], y=2.0, custom_label=0.16666667, min_label=0, max_label=12, instance_name='p28.txt');0.1666666716337204;0.2349932938814163;0.0382834710180759;4.0150612790057494e-07;2.0;p28.txt;3.0;0.0;0.0
Data(x=[69, 1], edge_index=[2, 82], edge_attr=[82, 3], y=1.0, custom_label=0.083333336, min_label=0, max_label=12, instance_name='p28.txt');0.0833333358168602;0.2349932938814163;0.0382834710180759;4.0150612790057494e-07;1.0;p28.txt;3.0;0.0;0.0
Data(x=[70, 1], edge_index=[2, 84], edge_attr=[84, 3], y=0.0, custom_label=0.0, min_label=0, max_label=12, instance_name='p28.txt');0.0;0.2349932938814163;5.282094934955239e-05;4.0150612790057494e-07;0.0;p28.txt;3.0;0.0;0.0
Data(x=[64, 1], edge_index=[2, 78], edge_attr=[78, 3], y=0.0, custom_label=0.0, min_label=0, max_label=12, instance_name='p28.txt');0.0;0.2349932938814163;6.2919725678511895e-06;4.0150612790057494e-07;0.0;p28.txt;3.0;0.0;0.0
Data(x=[67, 1], edge_index=[2, 80], edge_attr=[80, 3], y=0.0, custom_label=0.0, min_label=0, max_label=12, instance_name='p28.txt');0.0;0.2349932938814163;4.623458517016843e-05;4.0150612790057494e-07;0.0;p28.txt;3.0;0.0;0.0
Data(x=[52, 1], edge_index=[2, 68], edge_attr=[68, 3], y=0.0, custom_label=0.0, min_label=0, max_label=12, instance_name='p28.txt');0.0;0.2349932938814163;5.0778265858753e-07;0.0;0.0;p28.txt;3.0;0.0;0.0
Data(x=[63, 1], edge_index=[2, 80], edge_attr=[80, 3], y=0.0, custom_label=0.0, min_label=0, max_label=12, instance_name='p28.txt');0.0;0.2349932938814163;3.367519639141392e-06;0.0;0.0;p28.txt;3.0;0.0;0.0
Data(x=[57, 1], edge_index=[2, 70], edge_attr=[70, 3], y=0.0, custom_label=0.0, min_label=0, max_label=12, instance_name='p28.txt');0.0;0.2349932938814163;1.2217292351124344e-05;4.0150612790057494e-07;0.0;p28.txt;3.0;0.0;0.0
Data(x=[72, 1], edge_index=[2, 86], edge_attr=[86, 3], y=0.0, custom_label=0.0, min_label=0, max_label=12, instance_name='p28.txt');0.0;0.2349932938814163;6.502270844066516e-05;4.0150612790057494e-07;0.0;p28.txt;3.0;0.0;0.0
Data(x=[50, 1], edge_index=[2, 64], edge_attr=[64, 3], y=0.0, custom_label=0.0, min_label=0, max_label=12, instance_name='p28.txt');0.0;0.2349932938814163;4.7186780705033016e-08;4.0150612790057494e-07;0.0;p28.txt;3.0;0.0;0.0
Data(x=[62, 1], edge_index=[2, 76], edge_attr=[76, 3], y=0.0, custom_label=0.0, min_label=0, max_label=12, instance_name='p28.txt');0.0;0.2349932938814163;2.875239488275838e-06;4.0150612790057494e-07;0.0;p28.txt;3.0;0.0;0.0
Data(x=[60, 1], edge_index=[2, 74], edge_attr=[74, 3], y=0.0, custom_label=0.0, min_label=0, max_label=12, instance_name='p28.txt');0.0;0.2349932938814163;1.5236729268508498e-05;4.0150612790057494e-07;0.0;p28.txt;3.0;0.0;0.0
Data(x=[57, 1], edge_index=[2, 72], edge_attr=[72, 3], y=0.0, custom_label=0.0, min_label=0, max_label=12, instance_name='p28.txt');0.0;0.2349932938814163;2.210413470038475e-07;4.0150612790057494e-07;0.0;p28.txt;3.0;0.0;0.0
Data(x=[61, 1], edge_index=[2, 74], edge_attr=[74, 3], y=0.0, custom_label=0.0, min_label=0, max_label=12, instance_name='p28.txt');0.0;0.2349932938814163;2.187993959523737e-05;0.0;0.0;p28.txt;3.0;0.0;0.0
Data(x=[58, 1], edge_index=[2, 70], edge_attr=[70, 3], y=0.0, custom_label=0.0, min_label=0, max_label=12, instance_name='p28.txt');0.0;0.2349932938814163;3.711586941790301e-06;4.0150612790057494e-07;0.0;p28.txt;3.0;0.0;0.0
Data(x=[57, 1], edge_index=[2, 70], edge_attr=[70, 3], y=0.0, custom_label=0.0, min_label=0, max_label=12, instance_name='p28.txt');0.0;0.2349932938814163;5.956036943643994e-07;0.0;0.0;p28.txt;3.0;0.0;0.0
Data(x=[61, 1], edge_index=[2, 74], edge_attr=[74, 3], y=0.0, custom_label=0.0, min_label=0, max_label=12, instance_name='p28.txt');0.0;0.2349932938814163;2.187993959523737e-05;0.0;0.0;p28.txt;3.0;0.0;0.0
Data(x=[56, 1], edge_index=[2, 70], edge_attr=[70, 3], y=0.0, custom_label=0.0, min_label=0, max_label=12, instance_name='p28.txt');0.0;0.2349932938814163;8.219617484428454e-06;4.0150612790057494e-07;0.0;p28.txt;3.0;0.0;0.0
Data(x=[65, 1], edge_index=[2, 78], edge_attr=[78, 3], y=4.0, custom_label=0.33333334, min_label=0, max_label=12, instance_name='p28.txt');0.3333333432674408;0.2349932938814163;0.0045369109138846;4.0150612790057494e-07;4.0;p28.txt;3.0;0.0;0.0
Data(x=[64, 1], edge_index=[2, 76], edge_attr=[76, 3], y=3.0, custom_label=0.25, min_label=0, max_label=12, instance_name='p28.txt');0.25;0.2349932938814163;0.0160558223724365;4.0150612790057494e-07;3.0;p28.txt;3.0;0.0;0.0
Data(x=[64, 1], edge_index=[2, 76], edge_attr=[76, 3], y=2.0, custom_label=0.16666667, min_label=0, max_label=12, instance_name='p28.txt');0.1666666716337204;0.2349932938814163;0.0160558223724365;4.0150612790057494e-07;2.0;p28.txt;3.0;0.0;0.0
Data(x=[64, 1], edge_index=[2, 76], edge_attr=[76, 3], y=1.0, custom_label=0.083333336, min_label=0, max_label=12, instance_name='p28.txt');0.0833333358168602;0.2349932938814163;0.0160558223724365;4.0150612790057494e-07;1.0;p28.txt;3.0;0.0;0.0
Data(x=[65, 1], edge_index=[2, 78], edge_attr=[78, 3], y=0.0, custom_label=0.0, min_label=0, max_label=12, instance_name='p28.txt');0.0;0.2349932938814163;8.98150847206125e-06;4.0150612790057494e-07;0.0;p28.txt;3.0;0.0;0.0
Data(x=[67, 1], edge_index=[2, 80], edge_attr=[80, 3], y=2.0, custom_label=0.16666667, min_label=0, max_label=12, instance_name='p28.txt');0.1666666716337204;0.2349932938814163;0.0009678666247054;0.0;2.0;p28.txt;3.0;0.0;0.0
Data(x=[66, 1], edge_index=[2, 78], edge_attr=[78, 3], y=1.0, custom_label=0.083333336, min_label=0, max_label=12, instance_name='p28.txt');0.0833333358168602;0.2349932938814163;0.0194020718336105;0.0;1.0;p28.txt;3.0;0.0;0.0
Data(x=[67, 1], edge_index=[2, 80], edge_attr=[80, 3], y=0.0, custom_label=0.0, min_label=0, max_label=12, instance_name='p28.txt');0.0;0.2349932938814163;1.3909544577472843e-05;0.0;0.0;p28.txt;3.0;0.0;0.0
Data(x=[65, 1], edge_index=[2, 80], edge_attr=[80, 3], y=0.0, custom_label=0.0, min_label=0, max_label=12, instance_name='p28.txt');0.0;0.2349932938814163;2.414351183688268e-05;0.0;0.0;p28.txt;3.0;0.0;0.0
Data(x=[56, 1], edge_index=[2, 72], edge_attr=[72, 3], y=0.0, custom_label=0.0, min_label=0, max_label=12, instance_name='p28.txt');0.0;0.2349932938814163;1.3769042084277316e-07;4.0150612790057494e-07;0.0;p28.txt;3.0;0.0;0.0
Data(x=[47, 1], edge_index=[2, 62], edge_attr=[62, 3], y=2.0, custom_label=0.16666667, min_label=0, max_label=12, instance_name='p28.txt');0.1666666716337204;0.2349932938814163;7.991353049874306e-05;0.0;2.0;p28.txt;3.0;0.0;0.0
Data(x=[46, 1], edge_index=[2, 60], edge_attr=[60, 3], y=1.0, custom_label=0.083333336, min_label=0, max_label=12, instance_name='p28.txt');0.0833333358168602;0.2349932938814163;0.0063634957186877;0.0;1.0;p28.txt;3.0;0.0;0.0
Data(x=[47, 1], edge_index=[2, 62], edge_attr=[62, 3], y=0.0, custom_label=0.0, min_label=0, max_label=12, instance_name='p28.txt');0.0;0.2349932938814163;1.8767946130537894e-07;0.0;0.0;p28.txt;3.0;0.0;0.0
Data(x=[59, 1], edge_index=[2, 74], edge_attr=[74, 3], y=2.0, custom_label=0.16666667, min_label=0, max_label=12, instance_name='p28.txt');0.1666666716337204;0.2349932938814163;4.264669405529276e-05;4.0150612790057494e-07;2.0;p28.txt;3.0;0.0;0.0
Data(x=[58, 1], edge_index=[2, 72], edge_attr=[72, 3], y=1.0, custom_label=0.083333336, min_label=0, max_label=12, instance_name='p28.txt');0.0833333358168602;0.2349932938814163;0.0015228883130475;4.0150612790057494e-07;1.0;p28.txt;3.0;0.0;0.0
Data(x=[59, 1], edge_index=[2, 74], edge_attr=[74, 3], y=0.0, custom_label=0.0, min_label=0, max_label=12, instance_name='p28.txt');0.0;0.2349932938814163;3.430356230182952e-07;4.0150612790057494e-07;0.0;p28.txt;3.0;0.0;0.0
Data(x=[60, 1], edge_index=[2, 76], edge_attr=[76, 3], y=0.0, custom_label=0.0, min_label=0, max_label=12, instance_name='p28.txt');0.0;0.2349932938814163;3.372702508386283e-07;4.0150612790057494e-07;0.0;p28.txt;3.0;0.0;0.0
Data(x=[61, 1], edge_index=[2, 74], edge_attr=[74, 3], y=0.0, custom_label=0.0, min_label=0, max_label=12, instance_name='p28.txt');0.0;0.2349932938814163;4.895664005744038e-06;4.0150612790057494e-07;0.0;p28.txt;3.0;0.0;0.0
Data(x=[48, 1], edge_index=[2, 60], edge_attr=[60, 3], y=0.0, custom_label=0.0, min_label=0, max_label=12, instance_name='p28.txt');0.0;0.2349932938814163;3.0717174013261683e-06;4.0150612790057494e-07;0.0;p28.txt;3.0;0.0;0.0
Data(x=[69, 1], edge_index=[2, 82], edge_attr=[82, 3], y=0.0, custom_label=0.0, min_label=0, max_label=12, instance_name='p28.txt');0.0;0.2349932938814163;5.765368405263871e-05;0.0;0.0;p28.txt;3.0;0.0;0.0
Data(x=[68, 1], edge_index=[2, 82], edge_attr=[82, 3], y=0.0, custom_label=0.0, min_label=0, max_label=12, instance_name='p28.txt');0.0;0.2349932938814163;1.1073570931330323e-05;4.0150612790057494e-07;0.0;p28.txt;3.0;0.0;0.0
Data(x=[66, 1], edge_index=[2, 82], edge_attr=[82, 3], y=0.0, custom_label=0.0, min_label=0, max_label=12, instance_name='p28.txt');0.0;0.2349932938814163;6.581752586498624e-06;0.0;0.0;p28.txt;3.0;0.0;0.0
Data(x=[66, 1], edge_index=[2, 80], edge_attr=[80, 3], y=5.0, custom_label=0.41666666, min_label=0, max_label=12, instance_name='p28.txt');0.4166666567325592;0.2349932938814163;0.0045640291646122;4.0150612790057494e-07;5.0;p28.txt;3.0;0.0;0.0
Data(x=[65, 1], edge_index=[2, 78], edge_attr=[78, 3], y=4.0, custom_label=0.33333334, min_label=0, max_label=12, instance_name='p28.txt');0.3333333432674408;0.2349932938814163;0.0160228926688432;4.0150612790057494e-07;4.0;p28.txt;3.0;0.0;0.0
Data(x=[65, 1], edge_index=[2, 78], edge_attr=[78, 3], y=3.0, custom_label=0.25, min_label=0, max_label=12, instance_name='p28.txt');0.25;0.2349932938814163;0.0045369085855782;4.0150612790057494e-07;3.0;p28.txt;3.0;0.0;0.0
Data(x=[65, 1], edge_index=[2, 78], edge_attr=[78, 3], y=2.0, custom_label=0.16666667, min_label=0, max_label=12, instance_name='p28.txt');0.1666666716337204;0.2349932938814163;0.0160228833556175;4.0150612790057494e-07;2.0;p28.txt;3.0;0.0;0.0
Data(x=[65, 1], edge_index=[2, 78], edge_attr=[78, 3], y=1.0, custom_label=0.083333336, min_label=0, max_label=12, instance_name='p28.txt');0.0833333358168602;0.2349932938814163;0.0138767641037702;4.0150612790057494e-07;1.0;p28.txt;3.0;0.0;0.0
Data(x=[66, 1], edge_index=[2, 80], edge_attr=[80, 3], y=0.0, custom_label=0.0, min_label=0, max_label=12, instance_name='p28.txt');0.0;0.2349932938814163;8.418928700848483e-06;4.0150612790057494e-07;0.0;p28.txt;3.0;0.0;0.0
Data(x=[92, 1], edge_index=[2, 122], edge_attr=[122, 3], y=16.0, custom_label=0.9411765, min_label=0, max_label=17, instance_name='p29.txt');0.9411764740943908;0.2349932938814163;9.247622801922262e-05;0.0;16.0;p29.txt;4.0;0.0;0.0
Data(x=[91, 1], edge_index=[2, 120], edge_attr=[120, 3], y=15.0, custom_label=0.88235295, min_label=0, max_label=17, instance_name='p29.txt');0.8823529481887817;0.2349932938814163;0.0008941570995375;0.0;15.0;p29.txt;4.0;0.0;0.0
Data(x=[91, 1], edge_index=[2, 120], edge_attr=[120, 3], y=14.0, custom_label=0.8235294, min_label=0, max_label=17, instance_name='p29.txt');0.8235294222831726;0.2349932938814163;0.0007965599070303;0.0;14.0;p29.txt;4.0;0.0;0.0
Data(x=[91, 1], edge_index=[2, 120], edge_attr=[120, 3], y=13.0, custom_label=0.7647059, min_label=0, max_label=17, instance_name='p29.txt');0.7647058963775635;0.2349932938814163;0.0007965606055222;0.0;13.0;p29.txt;4.0;0.0;0.0
Data(x=[92, 1], edge_index=[2, 122], edge_attr=[122, 3], y=12.0, custom_label=0.7058824, min_label=0, max_label=17, instance_name='p29.txt');0.7058823704719543;0.2349932938814163;1.5217094642139273e-06;0.0;12.0;p29.txt;4.0;0.0;0.0
Data(x=[92, 1], edge_index=[2, 122], edge_attr=[122, 3], y=11.0, custom_label=0.64705884, min_label=0, max_label=17, instance_name='p29.txt');0.6470588445663452;0.2349932938814163;1.5217094642139273e-06;0.0;11.0;p29.txt;4.0;0.0;0.0
Data(x=[92, 1], edge_index=[2, 122], edge_attr=[122, 3], y=10.0, custom_label=0.5882353, min_label=0, max_label=17, instance_name='p29.txt');0.5882353186607361;0.2349932938814163;1.8392775302800143e-08;0.0;10.0;p29.txt;4.0;0.0;0.0
Data(x=[92, 1], edge_index=[2, 122], edge_attr=[122, 3], y=9.0, custom_label=0.5294118, min_label=0, max_label=17, instance_name='p29.txt');0.529411792755127;0.2349932938814163;1.8392775302800143e-08;0.0;9.0;p29.txt;4.0;0.0;0.0
Data(x=[92, 1], edge_index=[2, 122], edge_attr=[122, 3], y=8.0, custom_label=0.47058824, min_label=0, max_label=17, instance_name='p29.txt');0.4705882370471954;0.2349932938814163;6.726036616555575e-09;0.0;8.0;p29.txt;4.0;0.0;0.0
Data(x=[92, 1], edge_index=[2, 122], edge_attr=[122, 3], y=7.0, custom_label=0.4117647, min_label=0, max_label=17, instance_name='p29.txt');0.4117647111415863;0.2349932938814163;1.8392775302800143e-08;0.0;7.0;p29.txt;4.0;0.0;0.0
Data(x=[92, 1], edge_index=[2, 122], edge_attr=[122, 3], y=6.0, custom_label=0.3529412, min_label=0, max_label=17, instance_name='p29.txt');0.3529411852359772;0.2349932938814163;6.726036616555575e-09;4.0150612790057494e-07;6.0;p29.txt;4.0;0.0;0.0
Data(x=[92, 1], edge_index=[2, 122], edge_attr=[122, 3], y=5.0, custom_label=0.29411766, min_label=0, max_label=17, instance_name='p29.txt');0.294117659330368;0.2349932938814163;1.8392775302800143e-08;0.0;5.0;p29.txt;4.0;0.0;0.0
Data(x=[92, 1], edge_index=[2, 122], edge_attr=[122, 3], y=4.0, custom_label=0.23529412, min_label=0, max_label=17, instance_name='p29.txt');0.2352941185235977;0.2349932938814163;1.8392775302800143e-08;0.0;4.0;p29.txt;4.0;0.0;0.0
Data(x=[92, 1], edge_index=[2, 122], edge_attr=[122, 3], y=3.0, custom_label=0.1764706, min_label=0, max_label=17, instance_name='p29.txt');0.1764705926179886;0.2349932938814163;1.8392775302800143e-08;0.0;3.0;p29.txt;4.0;0.0;0.0
Data(x=[92, 1], edge_index=[2, 122], edge_attr=[122, 3], y=2.0, custom_label=0.11764706, min_label=0, max_label=17, instance_name='p29.txt');0.1176470592617988;0.2349932938814163;1.8392775302800143e-08;0.0;2.0;p29.txt;4.0;0.0;0.0
Data(x=[92, 1], edge_index=[2, 122], edge_attr=[122, 3], y=1.0, custom_label=0.05882353, min_label=0, max_label=17, instance_name='p29.txt');0.0588235296308994;0.2349932938814163;9.256921451594737e-09;0.0;1.0;p29.txt;4.0;0.0;0.0
Data(x=[93, 1], edge_index=[2, 124], edge_attr=[124, 3], y=0.0, custom_label=0.0, min_label=0, max_label=17, instance_name='p29.txt');0.0;0.2349932938814163;9.796044531107384e-11;0.0;0.0;p29.txt;4.0;0.0;0.0
Data(x=[96, 1], edge_index=[2, 128], edge_attr=[128, 3], y=10.0, custom_label=0.5882353, min_label=0, max_label=17, instance_name='p29.txt');0.5882353186607361;0.2349932938814163;7.781837894071941e-07;0.0;10.0;p29.txt;4.0;0.0;0.0
Data(x=[96, 1], edge_index=[2, 128], edge_attr=[128, 3], y=9.0, custom_label=0.5294118, min_label=0, max_label=17, instance_name='p29.txt');0.529411792755127;0.2349932938814163;6.938030310266186e-07;0.0;9.0;p29.txt;4.0;0.0;0.0
Data(x=[96, 1], edge_index=[2, 128], edge_attr=[128, 3], y=8.0, custom_label=0.47058824, min_label=0, max_label=17, instance_name='p29.txt');0.4705882370471954;0.2349932938814163;7.781837894071941e-07;0.0;8.0;p29.txt;4.0;0.0;0.0
Data(x=[97, 1], edge_index=[2, 130], edge_attr=[130, 3], y=7.0, custom_label=0.4117647, min_label=0, max_label=17, instance_name='p29.txt');0.4117647111415863;0.2349932938814163;4.9937347590400805e-09;0.0;7.0;p29.txt;4.0;0.0;0.0
Data(x=[96, 1], edge_index=[2, 128], edge_attr=[128, 3], y=6.0, custom_label=0.3529412, min_label=0, max_label=17, instance_name='p29.txt');0.3529411852359772;0.2349932938814163;1.1294798873962009e-08;0.0;6.0;p29.txt;4.0;0.0;0.0
Data(x=[96, 1], edge_index=[2, 128], edge_attr=[128, 3], y=5.0, custom_label=0.29411766, min_label=0, max_label=17, instance_name='p29.txt');0.294117659330368;0.2349932938814163;1.1294798873962009e-08;0.0;5.0;p29.txt;4.0;0.0;0.0
Data(x=[96, 1], edge_index=[2, 128], edge_attr=[128, 3], y=4.0, custom_label=0.23529412, min_label=0, max_label=17, instance_name='p29.txt');0.2352941185235977;0.2349932938814163;4.300453326777642e-09;0.0;4.0;p29.txt;4.0;0.0;0.0
Data(x=[96, 1], edge_index=[2, 128], edge_attr=[128, 3], y=3.0, custom_label=0.1764706, min_label=0, max_label=17, instance_name='p29.txt');0.1764705926179886;0.2349932938814163;1.3673747467635168e-08;0.0;3.0;p29.txt;4.0;0.0;0.0
Data(x=[96, 1], edge_index=[2, 128], edge_attr=[128, 3], y=2.0, custom_label=0.11764706, min_label=0, max_label=17, instance_name='p29.txt');0.1176470592617988;0.2349932938814163;1.1294798873962009e-08;0.0;2.0;p29.txt;4.0;0.0;0.0
Data(x=[96, 1], edge_index=[2, 128], edge_attr=[128, 3], y=1.0, custom_label=0.05882353, min_label=0, max_label=17, instance_name='p29.txt');0.0588235296308994;0.2349932938814163;4.300453326777642e-09;0.0;1.0;p29.txt;4.0;0.0;0.0
Data(x=[96, 1], edge_index=[2, 128], edge_attr=[128, 3], y=0.0, custom_label=0.0, min_label=0, max_label=17, instance_name='p29.txt');0.0;0.2349932938814163;2.2042237479702462e-10;0.0;0.0;p29.txt;4.0;0.0;0.0
Data(x=[105, 1], edge_index=[2, 136], edge_attr=[136, 3], y=16.0, custom_label=0.9411765, min_label=0, max_label=17, instance_name='p29.txt');0.9411764740943908;0.2349932938814163;3.769743628367905e-08;0.0;16.0;p29.txt;4.0;0.0;0.0
Data(x=[105, 1], edge_index=[2, 136], edge_attr=[136, 3], y=15.0, custom_label=0.88235295, min_label=0, max_label=17, instance_name='p29.txt');0.8823529481887817;0.2349932938814163;3.769743628367905e-08;4.0150612790057494e-07;15.0;p29.txt;4.0;0.0;0.0
Data(x=[105, 1], edge_index=[2, 136], edge_attr=[136, 3], y=14.0, custom_label=0.8235294, min_label=0, max_label=17, instance_name='p29.txt');0.8235294222831726;0.2349932938814163;3.769743628367905e-08;4.0150612790057494e-07;14.0;p29.txt;4.0;0.0;0.0
Data(x=[105, 1], edge_index=[2, 136], edge_attr=[136, 3], y=13.0, custom_label=0.7647059, min_label=0, max_label=17, instance_name='p29.txt');0.7647058963775635;0.2349932938814163;3.769743628367905e-08;4.0150612790057494e-07;13.0;p29.txt;4.0;0.0;0.0
Data(x=[105, 1], edge_index=[2, 136], edge_attr=[136, 3], y=12.0, custom_label=0.7058824, min_label=0, max_label=17, instance_name='p29.txt');0.7058823704719543;0.2349932938814163;3.769743628367905e-08;4.0150612790057494e-07;12.0;p29.txt;4.0;0.0;0.0
Data(x=[105, 1], edge_index=[2, 136], edge_attr=[136, 3], y=11.0, custom_label=0.64705884, min_label=0, max_label=17, instance_name='p29.txt');0.6470588445663452;0.2349932938814163;3.396675296585272e-08;4.0150612790057494e-07;11.0;p29.txt;4.0;0.0;0.0
Data(x=[105, 1], edge_index=[2, 136], edge_attr=[136, 3], y=10.0, custom_label=0.5882353, min_label=0, max_label=17, instance_name='p29.txt');0.5882353186607361;0.2349932938814163;1.5673201403387793e-08;4.0150612790057494e-07;10.0;p29.txt;4.0;0.0;0.0
Data(x=[105, 1], edge_index=[2, 136], edge_attr=[136, 3], y=9.0, custom_label=0.5294118, min_label=0, max_label=17, instance_name='p29.txt');0.529411792755127;0.2349932938814163;6.540394892340373e-09;4.0150612790057494e-07;9.0;p29.txt;4.0;0.0;0.0
Data(x=[105, 1], edge_index=[2, 136], edge_attr=[136, 3], y=8.0, custom_label=0.47058824, min_label=0, max_label=17, instance_name='p29.txt');0.4705882370471954;0.2349932938814163;1.5673201403387793e-08;4.0150612790057494e-07;8.0;p29.txt;4.0;0.0;0.0
Data(x=[105, 1], edge_index=[2, 136], edge_attr=[136, 3], y=7.0, custom_label=0.4117647, min_label=0, max_label=17, instance_name='p29.txt');0.4117647111415863;0.2349932938814163;1.5673201403387793e-08;0.0;7.0;p29.txt;4.0;0.0;0.0
Data(x=[104, 1], edge_index=[2, 134], edge_attr=[134, 3], y=6.0, custom_label=0.3529412, min_label=0, max_label=17, instance_name='p29.txt');0.3529411852359772;0.2349932938814163;1.4969921267038444e-06;4.0150612790057494e-07;6.0;p29.txt;4.0;0.0;0.0
Data(x=[105, 1], edge_index=[2, 136], edge_attr=[136, 3], y=5.0, custom_label=0.29411766, min_label=0, max_label=17, instance_name='p29.txt');0.294117659330368;0.2349932938814163;1.4138507253846912e-08;4.0150612790057494e-07;5.0;p29.txt;4.0;0.0;0.0
Data(x=[105, 1], edge_index=[2, 136], edge_attr=[136, 3], y=4.0, custom_label=0.23529412, min_label=0, max_label=17, instance_name='p29.txt');0.2352941185235977;0.2349932938814163;1.5673201403387793e-08;4.0150612790057494e-07;4.0;p29.txt;4.0;0.0;0.0
Data(x=[105, 1], edge_index=[2, 136], edge_attr=[136, 3], y=3.0, custom_label=0.1764706, min_label=0, max_label=17, instance_name='p29.txt');0.1764705926179886;0.2349932938814163;1.5673201403387793e-08;4.0150612790057494e-07;3.0;p29.txt;4.0;0.0;0.0
Data(x=[104, 1], edge_index=[2, 134], edge_attr=[134, 3], y=2.0, custom_label=0.11764706, min_label=0, max_label=17, instance_name='p29.txt');0.1176470592617988;0.2349932938814163;3.3528348097888745e-08;4.0150612790057494e-07;2.0;p29.txt;4.0;0.0;0.0
Data(x=[104, 1], edge_index=[2, 134], edge_attr=[134, 3], y=1.0, custom_label=0.05882353, min_label=0, max_label=17, instance_name='p29.txt');0.0588235296308994;0.2349932938814163;1.3846229052205672e-08;4.0150612790057494e-07;1.0;p29.txt;4.0;0.0;0.0
Data(x=[105, 1], edge_index=[2, 136], edge_attr=[136, 3], y=0.0, custom_label=0.0, min_label=0, max_label=17, instance_name='p29.txt');0.0;0.2349932938814163;3.2714983499992906e-10;4.0150612790057494e-07;0.0;p29.txt;4.0;0.0;0.0
Data(x=[97, 1], edge_index=[2, 124], edge_attr=[124, 3], y=17.0, custom_label=1.0, min_label=0, max_label=17, instance_name='p29.txt');1.0;0.2349932938814163;0.1307812929153442;0.0;17.0;p29.txt;4.0;2.0;0.0
Data(x=[98, 1], edge_index=[2, 126], edge_attr=[126, 3], y=16.0, custom_label=0.9411765, min_label=0, max_label=17, instance_name='p29.txt');0.9411764740943908;0.2349932938814163;0.0265251901000738;0.0;16.0;p29.txt;4.0;0.0;0.0
Data(x=[97, 1], edge_index=[2, 124], edge_attr=[124, 3], y=15.0, custom_label=0.88235295, min_label=0, max_label=17, instance_name='p29.txt');0.8823529481887817;0.2349932938814163;0.0398291274905204;0.0;15.0;p29.txt;4.0;1.0;0.0
Data(x=[97, 1], edge_index=[2, 124], edge_attr=[124, 3], y=14.0, custom_label=0.8235294, min_label=0, max_label=17, instance_name='p29.txt');0.8235294222831726;0.2349932938814163;0.0398291461169719;0.0;14.0;p29.txt;4.0;1.0;0.0
Data(x=[97, 1], edge_index=[2, 124], edge_attr=[124, 3], y=13.0, custom_label=0.7647059, min_label=0, max_label=17, instance_name='p29.txt');0.7647058963775635;0.2349932938814163;0.0375254042446613;0.0;13.0;p29.txt;4.0;1.0;0.0
Data(x=[97, 1], edge_index=[2, 124], edge_attr=[124, 3], y=12.0, custom_label=0.7058824, min_label=0, max_label=17, instance_name='p29.txt');0.7058823704719543;0.2349932938814163;0.0398291461169719;0.0;12.0;p29.txt;4.0;1.0;0.0
Data(x=[97, 1], edge_index=[2, 124], edge_attr=[124, 3], y=11.0, custom_label=0.64705884, min_label=0, max_label=17, instance_name='p29.txt');0.6470588445663452;0.2349932938814163;0.0398291461169719;0.0;11.0;p29.txt;4.0;1.0;0.0
Data(x=[97, 1], edge_index=[2, 124], edge_attr=[124, 3], y=10.0, custom_label=0.5882353, min_label=0, max_label=17, instance_name='p29.txt');0.5882353186607361;0.2349932938814163;0.0019942426588386;0.0;10.0;p29.txt;4.0;0.0;0.0
Data(x=[97, 1], edge_index=[2, 124], edge_attr=[124, 3], y=9.0, custom_label=0.5294118, min_label=0, max_label=17, instance_name='p29.txt');0.529411792755127;0.2349932938814163;0.0019942426588386;0.0;9.0;p29.txt;4.0;0.0;0.0
Data(x=[98, 1], edge_index=[2, 126], edge_attr=[126, 3], y=8.0, custom_label=0.47058824, min_label=0, max_label=17, instance_name='p29.txt');0.4705882370471954;0.2349932938814163;1.3460157788358629e-05;0.0;8.0;p29.txt;4.0;0.0;0.0
Data(x=[98, 1], edge_index=[2, 126], edge_attr=[126, 3], y=7.0, custom_label=0.4117647, min_label=0, max_label=17, instance_name='p29.txt');0.4117647111415863;0.2349932938814163;1.3460170521284454e-05;0.0;7.0;p29.txt;4.0;0.0;0.0
Data(x=[99, 1], edge_index=[2, 128], edge_attr=[128, 3], y=6.0, custom_label=0.3529412, min_label=0, max_label=17, instance_name='p29.txt');0.3529411852359772;0.2349932938814163;3.6791039548234046e-08;0.0;6.0;p29.txt;4.0;0.0;0.0
Data(x=[99, 1], edge_index=[2, 128], edge_attr=[128, 3], y=5.0, custom_label=0.29411766, min_label=0, max_label=17, instance_name='p29.txt');0.294117659330368;0.2349932938814163;3.6791039548234046e-08;0.0;5.0;p29.txt;4.0;0.0;0.0
Data(x=[99, 1], edge_index=[2, 128], edge_attr=[128, 3], y=4.0, custom_label=0.23529412, min_label=0, max_label=17, instance_name='p29.txt');0.2352941185235977;0.2349932938814163;3.6791039548234046e-08;0.0;4.0;p29.txt;4.0;0.0;0.0
Data(x=[99, 1], edge_index=[2, 128], edge_attr=[128, 3], y=3.0, custom_label=0.1764706, min_label=0, max_label=17, instance_name='p29.txt');0.1764705926179886;0.2349932938814163;3.294538686304804e-08;0.0;3.0;p29.txt;4.0;0.0;0.0
Data(x=[99, 1], edge_index=[2, 128], edge_attr=[128, 3], y=2.0, custom_label=0.11764706, min_label=0, max_label=17, instance_name='p29.txt');0.1176470592617988;0.2349932938814163;3.6791039548234046e-08;0.0;2.0;p29.txt;4.0;0.0;0.0
Data(x=[99, 1], edge_index=[2, 128], edge_attr=[128, 3], y=1.0, custom_label=0.05882353, min_label=0, max_label=17, instance_name='p29.txt');0.0588235296308994;0.2349932938814163;3.6791039548234046e-08;0.0;1.0;p29.txt;4.0;0.0;0.0
Data(x=[99, 1], edge_index=[2, 128], edge_attr=[128, 3], y=0.0, custom_label=0.0, min_label=0, max_label=17, instance_name='p29.txt');0.0;0.2349932938814163;6.046024791928062e-10;0.0;0.0;p29.txt;4.0;0.0;0.0
Data(x=[101, 1], edge_index=[2, 134], edge_attr=[134, 3], y=4.0, custom_label=0.23529412, min_label=0, max_label=17, instance_name='p29.txt');0.2352941185235977;0.2349932938814163;2.1659287696706997e-09;0.0;4.0;p29.txt;4.0;0.0;0.0
Data(x=[100, 1], edge_index=[2, 132], edge_attr=[132, 3], y=3.0, custom_label=0.1764706, min_label=0, max_label=17, instance_name='p29.txt');0.1764705926179886;0.2349932938814163;6.287053988529577e-09;0.0;3.0;p29.txt;4.0;0.0;0.0
Data(x=[99, 1], edge_index=[2, 130], edge_attr=[130, 3], y=2.0, custom_label=0.11764706, min_label=0, max_label=17, instance_name='p29.txt');0.1176470592617988;0.2349932938814163;2.136542889275006e-06;0.0;2.0;p29.txt;4.0;0.0;0.0
Data(x=[100, 1], edge_index=[2, 132], edge_attr=[132, 3], y=1.0, custom_label=0.05882353, min_label=0, max_label=17, instance_name='p29.txt');0.0588235296308994;0.2349932938814163;1.5858919510947093e-08;0.0;1.0;p29.txt;4.0;0.0;0.0
Data(x=[101, 1], edge_index=[2, 134], edge_attr=[134, 3], y=0.0, custom_label=0.0, min_label=0, max_label=17, instance_name='p29.txt');0.0;0.2349932938814163;1.2875356336650157e-10;0.0;0.0;p29.txt;4.0;0.0;0.0
